version 1
nodes
  0 "SK_Tyranopode"                -1
  1 "ROOT_"                        -1
  2 "TYRANOPODE_"                   1
  3 "TYRANOPODE_BODY_01"            2
  4 "TYRANOPODE_BODY_02"            3
  5 "TYRANOPODE_BODY_03"            4
  6 "TYRANOPODE_BODY_04"            5
  7 "TYRANOPODE_BODY_05"            6
  8 "TYRANOPODE_JAW_R_L"            7
  9 "TYRANOPODE_JAW_R_R"            7
 10 "TYRANOPODE_JAW_M_L"            7
 11 "TYRANOPODE_JAW_M_R"            7
 12 "TYRANOPODE_JAW_F_L"            7
 13 "TYRANOPODE_JAW_F_R"            7
 14 "TYRANOPODE_TENTACLE_F_L_001"   2
 15 "TYRANOPODE_TENTACLE_F_L_002"  14
 16 "TYRANOPODE_TENTACLE_F_L_003"  15
 17 "TYRANOPODE_TENTACLE_F_L_004"  16
 18 "TYRANOPODE_TENTACLE_F_L_005"  17
 19 "TYRANOPODE_TENTACLE_F_L_006"  18
 20 "TYRANOPODE_TENTACLE_F_L_007"  19
 21 "TYRANOPODE_TENTACLE_F_L_008"  20
 22 "TYRANOPODE_TENTACLE_F_L_009"  21
 23 "TYRANOPODE_TENTACLE_F_L_010"  22
 24 "TYRANOPODE_TENTACLE_F_L_011"  23
 25 "TYRANOPODE_TENTACLE_F_L_012"  24
 26 "TYRANOPODE_TENTACLE_F_L_013"  25
 27 "TYRANOPODE_TENTACLE_F_R_001"   2
 28 "TYRANOPODE_TENTACLE_F_R_002"  27
 29 "TYRANOPODE_TENTACLE_F_R_003"  28
 30 "TYRANOPODE_TENTACLE_F_R_004"  29
 31 "TYRANOPODE_TENTACLE_F_R_005"  30
 32 "TYRANOPODE_TENTACLE_F_R_006"  31
 33 "TYRANOPODE_TENTACLE_F_R_007"  32
 34 "TYRANOPODE_TENTACLE_F_R_008"  33
 35 "TYRANOPODE_TENTACLE_F_R_009"  34
 36 "TYRANOPODE_TENTACLE_F_R_010"  35
 37 "TYRANOPODE_TENTACLE_F_R_011"  36
 38 "TYRANOPODE_TENTACLE_F_R_012"  37
 39 "TYRANOPODE_TENTACLE_F_R_013"  38
 40 "TYRANOPODE_TENTACLE_M_R_001"   2
 41 "TYRANOPODE_TENTACLE_M_R_002"  40
 42 "TYRANOPODE_TENTACLE_M_R_003"  41
 43 "TYRANOPODE_TENTACLE_M_R_004"  42
 44 "TYRANOPODE_TENTACLE_M_R_005"  43
 45 "TYRANOPODE_TENTACLE_M_R_006"  44
 46 "TYRANOPODE_TENTACLE_M_R_007"  45
 47 "TYRANOPODE_TENTACLE_M_R_008"  46
 48 "TYRANOPODE_TENTACLE_M_R_009"  47
 49 "TYRANOPODE_TENTACLE_M_R_010"  48
 50 "TYRANOPODE_TENTACLE_M_R_011"  49
 51 "TYRANOPODE_TENTACLE_M_R_012"  50
 52 "TYRANOPODE_TENTACLE_M_R_013"  51
 53 "TYRANOPODE_TENTACLE_R_R_001"   2
 54 "TYRANOPODE_TENTACLE_R_R_002"  53
 55 "TYRANOPODE_TENTACLE_R_R_003"  54
 56 "TYRANOPODE_TENTACLE_R_R_004"  55
 57 "TYRANOPODE_TENTACLE_R_R_005"  56
 58 "TYRANOPODE_TENTACLE_R_R_006"  57
 59 "TYRANOPODE_TENTACLE_R_R_007"  58
 60 "TYRANOPODE_TENTACLE_R_R_008"  59
 61 "TYRANOPODE_TENTACLE_R_R_009"  60
 62 "TYRANOPODE_TENTACLE_R_R_010"  61
 63 "TYRANOPODE_TENTACLE_R_R_011"  62
 64 "TYRANOPODE_TENTACLE_R_R_012"  63
 65 "TYRANOPODE_TENTACLE_R_R_013"  64
 66 "TYRANOPODE_TENTACLE_R_L_001"   2
 67 "TYRANOPODE_TENTACLE_R_L_002"  66
 68 "TYRANOPODE_TENTACLE_R_L_003"  67
 69 "TYRANOPODE_TENTACLE_R_L_004"  68
 70 "TYRANOPODE_TENTACLE_R_L_005"  69
 71 "TYRANOPODE_TENTACLE_R_L_006"  70
 72 "TYRANOPODE_TENTACLE_R_L_007"  71
 73 "TYRANOPODE_TENTACLE_R_L_008"  72
 74 "TYRANOPODE_TENTACLE_R_L_009"  73
 75 "TYRANOPODE_TENTACLE_R_L_010"  74
 76 "TYRANOPODE_TENTACLE_R_L_011"  75
 77 "TYRANOPODE_TENTACLE_R_L_012"  76
 78 "TYRANOPODE_TENTACLE_R_L_013"  77
 79 "TYRANOPODE_TENTACLE_M_L_001"   2
 80 "TYRANOPODE_TENTACLE_M_L_002"  79
 81 "TYRANOPODE_TENTACLE_M_L_003"  80
 82 "TYRANOPODE_TENTACLE_M_L_004"  81
 83 "TYRANOPODE_TENTACLE_M_L_005"  82
 84 "TYRANOPODE_TENTACLE_M_L_006"  83
 85 "TYRANOPODE_TENTACLE_M_L_007"  84
 86 "TYRANOPODE_TENTACLE_M_L_008"  85
 87 "TYRANOPODE_TENTACLE_M_L_009"  86
 88 "TYRANOPODE_TENTACLE_M_L_010"  87
 89 "TYRANOPODE_TENTACLE_M_L_011"  88
 90 "TYRANOPODE_TENTACLE_M_L_012"  89
 91 "TYRANOPODE_TENTACLE_M_L_013"  90
end
skeleton
time 0
  0    0.000000    0.000000    0.000000    0.000000   -0.000000    0.000000
  1    0.000000    0.000000    0.000000    0.000000   -0.000000    0.000000
  2   11.484669    0.000000   12.251022    0.785398   -1.398969    0.959932
  3   50.309208   -0.435478    0.000004   -0.000017   -0.199896    0.014098
  4   30.891541   -0.000012    0.000000    0.000017   -0.180274   -0.014098
  5   34.635597    0.000006    0.000000   -0.000000   -0.232594   -0.000000
  6   30.584282    0.000020    0.000004    0.000000   -0.470874    0.000000
  7   31.520172    0.000002    0.000008   -0.000000   -0.538269   -0.000001
  8   34.241188  -28.000025  -41.878006    0.979910   -0.457073    0.306696
  9   34.241127   23.441799  -41.878113   -0.979915   -0.457074   -0.306691
 10   35.246696  -52.543083    1.319122   -0.000000    0.000000    0.564623
 11   35.246536   52.726303    1.318909   -0.000000   -0.000000   -0.564620
 12   34.830025  -24.891928   45.588600   -0.977825    0.464116    0.295003
 13   34.885780   27.636580   43.767815    0.977821    0.464114   -0.295002
 14   29.239311  -51.573334   94.292961   -0.998758   -2.194755    0.350722
 15   42.375092   -0.000002    0.000008   -0.141078    0.356783   -0.002240
 16   42.546036    0.000036   -0.000004   -0.088441    0.315585    0.066414
 17   42.234451    0.000000    0.000010   -0.074464    0.180897   -0.043425
 18   42.464966    0.000013   -0.000004   -0.061171    0.149011    0.003011
 19   42.458038   -0.000057   -0.000008   -0.028399    0.028217   -0.066557
 20   42.267975    0.000061    0.000023    0.089062   -0.084691   -0.230146
 21   42.505890   -0.000008    0.000000    0.163049   -0.124763   -0.259739
 22   42.233124   -0.000015    0.000007   -0.015731    0.094397   -0.018594
 23   42.352325    0.000046    0.000006   -0.142914    0.203662    0.097816
 24   42.391724   -0.000031   -0.000015   -0.082138    0.092843    0.039550
 25   42.497528   -0.000008    0.000000   -0.064610    0.067699    0.034084
 26   42.272736    0.000076   -0.000031   -0.047064    0.044364    0.026103
 27   29.239315   55.382607   92.214943   -0.359382   -0.118223    2.384045
 28   42.375065    0.000000   -0.000008    0.534816   -0.005651   -0.664979
 29   42.546097   -0.000050    0.000023    0.744307   -0.392825   -0.772524
 30   42.234497    0.000046   -0.000015    0.128970   -0.288130   -0.147323
 31   42.465042   -0.000053   -0.000023    0.013962   -0.020372   -0.001742
 32   42.458130   -0.000015   -0.000038   -0.013508    0.128270    0.061853
 33   42.267914   -0.000038    0.000000   -0.119225    0.398925    0.235370
 34   42.506042    0.000038    0.000053   -0.222448    0.374781    0.285602
 35   42.233063   -0.000061    0.000031   -0.233271    0.284540    0.217050
 36   42.352219   -0.000107    0.000015   -0.180841    0.144011    0.199617
 37   42.391647    0.000061    0.000015   -0.095513    0.052580    0.130278
 38   42.497665    0.000000    0.000015   -0.080707    0.034422    0.125511
 39   42.272583    0.000122    0.000046   -0.076392    0.026558    0.138971
 40   29.239342  106.746620    1.740829   -0.166184    0.405605    2.153428
 41   42.375069   -0.000015   -0.000006    0.169602    0.030722   -0.465134
 42   42.546120    0.000008   -0.000002    0.167520   -0.056531   -0.745605
 43   42.234451    0.000000   -0.000005    0.001570   -0.038343   -0.038758
 44   42.465073   -0.000008   -0.000010   -0.027371    0.037264    0.449787
 45   42.458008   -0.000008   -0.000009   -0.044849    0.002099    0.286072
 46   42.267914   -0.000015   -0.000002   -0.105373   -0.018663    0.493834
 47   42.505905   -0.000015    0.000002   -0.092917   -0.051545    0.374735
 48   42.233139    0.000000   -0.000015    0.011236    0.011373   -0.050136
 49   42.352249    0.000031   -0.000008    0.068520    0.077288   -0.368720
 50   42.391693   -0.000031   -0.000002    0.052924    0.035280   -0.276210
 51   42.497681   -0.000023   -0.000027    0.034686    0.013739   -0.194748
 52   42.272644   -0.000017    0.000005    0.020087    0.004354   -0.125216
 53   29.239319   50.706909  -91.389076   -0.561580    0.875700    1.592500
 54   42.375107   -0.000013   -0.000008   -0.284374    0.253942   -0.589909
 55   42.546051    0.000034    0.000025   -0.256387    0.311228   -0.455871
 56   42.234528   -0.000038    0.000023   -0.047597    0.009750   -0.000996
 57   42.465027    0.000046    0.000000    0.000685   -0.366512    0.378965
 58   42.458099    0.000023    0.000000   -0.024035   -0.300365    0.370711
 59   42.267975   -0.000076    0.000008   -0.020737   -0.246845    0.256563
 60   42.505905    0.000092   -0.000031   -0.102577   -0.490945    0.570647
 61   42.233154   -0.000061   -0.000015   -0.025521   -0.250529    0.303869
 62   42.352257    0.000031   -0.000031    0.001231    0.009552   -0.086671
 63   42.391701    0.000092    0.000000   -0.123976    0.204583   -0.495040
 64   42.497559    0.000061   -0.000046   -0.175359    0.187622   -0.399777
 65   42.272705    0.000051    0.000000   -0.121795    0.130638   -0.208245
 66   29.239304  -56.044830  -91.389008   -0.552688    0.289998   -1.470772
 67   42.375092    0.000000   -0.000008    0.282989   -0.099337    0.316741
 68   42.546097   -0.000004    0.000046    0.133437   -0.002848    0.212177
 69   42.234451    0.000042   -0.000015    0.034474    0.012273    0.045976
 70   42.465057   -0.000031    0.000015    0.033017    0.004628    0.061458
 71   42.458099    0.000023    0.000019   -0.011161    0.016185   -0.055109
 72   42.267944   -0.000053    0.000023   -0.042922    0.029850   -0.107820
 73   42.505981    0.000053    0.000044   -0.045473    0.029929   -0.088813
 74   42.233093    0.000008    0.000023   -0.298011    0.075547   -0.486429
 75   42.352173   -0.000076   -0.000008   -0.318619    0.179951   -0.406624
 76   42.391815   -0.000031   -0.000046   -0.116658    0.129318   -0.147999
 77   42.497543   -0.000031    0.000061   -0.059332    0.085929   -0.078895
 78   42.272705    0.000000    0.000031   -0.030008    0.052008   -0.042547
 79   29.239304 -106.786255    1.740915    0.176133   -0.763084   -0.926764
 80   42.375069    0.000004    0.000008    0.416539    0.512320    0.524306
 81   42.546043    0.000000   -0.000008   -0.006289    0.056867   -0.026196
 82   42.234528   -0.000046    0.000004   -0.060707   -0.126613   -0.440057
 83   42.465088    0.000000   -0.000008   -0.088949   -0.106684   -0.587898
 84   42.458069    0.000031    0.000003   -0.058827   -0.018437   -0.405599
 85   42.267914    0.000000   -0.000000   -0.038150    0.010369   -0.709240
 86   42.505943    0.000000    0.000017    0.006790    0.008578   -0.171485
 87   42.233036   -0.000031   -0.000011   -0.010981   -0.017313    0.417223
 88   42.352264   -0.000061    0.000000    0.042979   -0.028167    0.597754
 89   42.391724    0.000000   -0.000003    0.029068    0.000302    0.185278
 90   42.497528    0.000008   -0.000013    0.019053    0.003246    0.105951
 91   42.272491    0.000005    0.000026    0.013466    0.003490    0.070447
time 1
  0    0.000000    0.000000    0.000000    0.000000   -0.000000    0.000000
  1    0.000000    0.000000    0.000000    0.000000   -0.000000    0.000000
  2   11.338345    0.000000   11.933270    0.785397   -1.401193    0.948296
  3   50.309204   -0.435478    0.000004   -0.000017   -0.199896    0.014098
  4   30.891541   -0.000011    0.000000   -0.001122   -0.181136   -0.013669
  5   34.635582    0.000006   -0.000002   -0.001137   -0.233443    0.000607
  6   30.584290    0.000017   -0.000004   -0.001204   -0.471692    0.001068
  7   31.520187    0.000002   -0.000008   -0.000949   -0.539069    0.001372
  8   34.241192  -28.000027  -41.877991    0.980081   -0.456414    0.306240
  9   34.241123   23.441797  -41.878082   -0.980086   -0.456415   -0.306235
 10   35.246700  -52.543072    1.319153   -0.000000    0.000000    0.563840
 11   35.246532   52.726307    1.318924   -0.000000   -0.000000   -0.563837
 12   34.830006  -24.891918   45.588608   -0.978001    0.463457    0.294544
 13   34.885769   27.636581   43.767830    0.977996    0.463456   -0.294543
 14   29.239319  -51.573349   94.292969   -1.068048   -2.154962    0.413381
 15   42.375076   -0.000002    0.000000   -0.131695    0.388604    0.013679
 16   42.546082    0.000034   -0.000008   -0.088572    0.316592    0.075893
 17   42.234467    0.000000   -0.000010   -0.066925    0.136075   -0.076212
 18   42.464981    0.000002    0.000008   -0.050510    0.115379   -0.026831
 19   42.458038   -0.000078    0.000000   -0.014234    0.011782   -0.092832
 20   42.267975    0.000031    0.000000    0.120231   -0.104909   -0.267728
 21   42.505951   -0.000031   -0.000008    0.153700   -0.110822   -0.240011
 22   42.233154   -0.000015    0.000006   -0.063463    0.153208    0.032115
 23   42.352295    0.000046    0.000004   -0.146609    0.191494    0.106738
 24   42.391754    0.000000    0.000046   -0.082054    0.085644    0.045229
 25   42.497528   -0.000008    0.000031   -0.064993    0.062398    0.039944
 26   42.272888    0.000061   -0.000031   -0.041520    0.035691    0.026312
 27   29.239334   55.382607   92.214951   -0.317849   -0.147914    2.351195
 28   42.375072    0.000008   -0.000008    0.553028   -0.037156   -0.679057
 29   42.546104   -0.000032    0.000015    0.694170   -0.423246   -0.731029
 30   42.234497    0.000053   -0.000004    0.111357   -0.261087   -0.129739
 31   42.465042   -0.000053   -0.000015    0.011439   -0.005060    0.003461
 32   42.458099    0.000000   -0.000031   -0.026770    0.186949    0.086284
 33   42.267883   -0.000061   -0.000008   -0.122617    0.362357    0.218424
 34   42.506012    0.000031    0.000004   -0.219826    0.366973    0.248957
 35   42.233063   -0.000061    0.000000   -0.263239    0.302011    0.253516
 36   42.352188   -0.000107    0.000046   -0.163928    0.114633    0.197581
 37   42.391647    0.000031   -0.000015   -0.090695    0.049105    0.134563
 38   42.497589    0.000061    0.000000   -0.091321    0.041490    0.156830
 39   42.272644    0.000122    0.000031   -0.079034    0.027541    0.167412
 40   29.239342  106.746643    1.740834   -0.154866    0.376556    2.145072
 41   42.375076    0.000000   -0.000006    0.148084    0.021335   -0.435003
 42   42.546127   -0.000008    0.000000    0.153816   -0.052107   -0.716671
 43   42.234421   -0.000015   -0.000002    0.003932   -0.040191   -0.070835
 44   42.465057   -0.000038   -0.000006   -0.024555    0.036076    0.438223
 45   42.458099    0.000023    0.000001   -0.039370    0.003504    0.271541
 46   42.267944    0.000000    0.000009   -0.090433   -0.012923    0.460225
 47   42.505920    0.000000    0.000013   -0.088319   -0.043368    0.379887
 48   42.233170    0.000031   -0.000011    0.009193    0.008447   -0.042449
 49   42.352203    0.000000    0.000011    0.064133    0.066225   -0.357920
 50   42.391693   -0.000015   -0.000011    0.048325    0.029346   -0.266546
 51   42.497620   -0.000008   -0.000011    0.031406    0.010971   -0.187700
 52   42.272675    0.000010    0.000012    0.018309    0.003196   -0.121868
 53   29.239326   50.706902  -91.389053   -0.542864    0.847301    1.601912
 54   42.375092   -0.000013    0.000000   -0.293020    0.250104   -0.581858
 55   42.546066    0.000027    0.000015   -0.262584    0.315691   -0.457458
 56   42.234528   -0.000023    0.000000   -0.046357    0.012945   -0.001360
 57   42.465027    0.000053    0.000031    0.004790   -0.364507    0.380544
 58   42.458054    0.000023    0.000031   -0.017053   -0.294300    0.370228
 59   42.268005   -0.000107   -0.000023   -0.015146   -0.241654    0.258775
 60   42.505859    0.000092    0.000000   -0.092672   -0.479090    0.578897
 61   42.233185   -0.000031   -0.000046   -0.022499   -0.241481    0.310181
 62   42.352257   -0.000061   -0.000015    0.000814    0.008006   -0.090679
 63   42.391701    0.000031   -0.000015   -0.128049    0.190949   -0.506597
 64   42.497589    0.000000   -0.000031   -0.176930    0.174088   -0.397820
 65   42.272705    0.000015    0.000031   -0.123711    0.124232   -0.208175
 66   29.239307  -56.044853  -91.389046   -0.574530    0.320658   -1.472971
 67   42.375092   -0.000004   -0.000008    0.262391   -0.100381    0.293067
 68   42.546097   -0.000006    0.000023    0.128684   -0.011576    0.199736
 69   42.234451    0.000027    0.000027    0.040290    0.001013    0.052303
 70   42.464951   -0.000015    0.000004    0.035543   -0.003588    0.061864
 71   42.458099   -0.000008    0.000027   -0.007102    0.013343   -0.046076
 72   42.267853   -0.000053    0.000008   -0.034764    0.029513   -0.087736
 73   42.505951    0.000069    0.000010   -0.039419    0.026870   -0.076946
 74   42.233093   -0.000023    0.000004   -0.257415    0.053305   -0.432206
 75   42.352173   -0.000031    0.000015   -0.311062    0.144670   -0.392726
 76   42.391785    0.000031   -0.000031   -0.140555    0.126531   -0.165785
 77   42.497589    0.000000    0.000031   -0.076055    0.090672   -0.090800
 78   42.272736    0.000031   -0.000031   -0.031067    0.045101   -0.038967
 79   29.239315 -106.786270    1.740902    0.163941   -0.722067   -0.876812
 80   42.375069   -0.000023   -0.000015    0.372450    0.493190    0.495479
 81   42.546005   -0.000046    0.000006   -0.007849    0.046851   -0.033862
 82   42.234528   -0.000015   -0.000008   -0.059130   -0.119645   -0.449178
 83   42.465057   -0.000008   -0.000003   -0.085678   -0.097511   -0.596360
 84   42.458099    0.000046    0.000000   -0.055502   -0.014493   -0.412914
 85   42.267929    0.000000    0.000000   -0.032853    0.014784   -0.719379
 86   42.505951   -0.000061    0.000029    0.007773    0.008270   -0.166958
 87   42.233036    0.000000    0.000000   -0.014061   -0.016569    0.412999
 88   42.352310    0.000031    0.000006    0.036313   -0.029744    0.610491
 89   42.391693   -0.000008   -0.000002    0.027382   -0.001166    0.190181
 90   42.497559    0.000015   -0.000014    0.017895    0.002282    0.107127
 91   42.272614    0.000015    0.000033    0.012664    0.002774    0.071000
time 2
  0    0.000000    0.000000    0.000000    0.000000   -0.000000    0.000000
  1    0.000000    0.000000    0.000000    0.000000   -0.000000    0.000000
  2   10.926599    0.000000   11.039134    0.785397   -1.407450    0.936661
  3   50.309212   -0.435478    0.000004   -0.000017   -0.199896    0.014098
  4   30.891544   -0.000011    0.000000   -0.004329   -0.183564   -0.012464
  5   34.635590    0.000006    0.000000   -0.004335   -0.235832    0.002317
  6   30.584274    0.000017    0.000000   -0.004593   -0.473995    0.004072
  7   31.520180   -0.000004    0.000000   -0.003617   -0.541320    0.005236
  8   34.241192  -28.000034  -41.878021    0.980563   -0.454560    0.304956
  9   34.241108   23.441799  -41.878098   -0.980568   -0.454561   -0.304951
 10   35.246693  -52.543095    1.319122   -0.000000    0.000000    0.561637
 11   35.246532   52.726311    1.318924   -0.000000   -0.000000   -0.561634
 12   34.830013  -24.891930   45.588608   -0.978494    0.461605    0.293252
 13   34.885761   27.636585   43.767815    0.978489    0.461604   -0.293252
 14   29.239323  -51.573360   94.292969   -1.162524   -2.102849    0.512398
 15   42.375061   -0.000002   -0.000008   -0.124158    0.412667    0.026236
 16   42.546082    0.000019    0.000008   -0.090586    0.300722    0.074587
 17   42.234497    0.000004    0.000006   -0.055919    0.092047   -0.112227
 18   42.464966    0.000002   -0.000008   -0.037777    0.084498   -0.058642
 19   42.458130   -0.000072    0.000015    0.001826   -0.004739   -0.119616
 20   42.267914    0.000031   -0.000015    0.154190   -0.128570   -0.303853
 21   42.505920   -0.000031   -0.000017    0.131855   -0.089060   -0.206831
 22   42.233215    0.000015   -0.000015   -0.110804    0.210820    0.080483
 23   42.352325    0.000046    0.000015   -0.140954    0.171851    0.105510
 24   42.391724   -0.000015    0.000031   -0.084162    0.081564    0.051980
 25   42.497559    0.000031    0.000031   -0.064725    0.057696    0.044150
 26   42.272949    0.000069   -0.000015   -0.036343    0.028769    0.025168
 27   29.239338   55.382652   92.214958   -0.216266   -0.200177    2.244431
 28   42.375069    0.000000    0.000000    0.580375   -0.101049   -0.670982
 29   42.546120   -0.000038    0.000031    0.588664   -0.463376   -0.627668
 30   42.234497    0.000069   -0.000004    0.082662   -0.209198   -0.097272
 31   42.465042   -0.000038    0.000000    0.002744    0.045231    0.019236
 32   42.458099    0.000000   -0.000008   -0.050923    0.264575    0.111197
 33   42.267914   -0.000053    0.000031   -0.098531    0.248432    0.126122
 34   42.506042    0.000053    0.000046   -0.288978    0.453143    0.275904
 35   42.233093   -0.000046    0.000046   -0.294909    0.270989    0.332681
 36   42.352264   -0.000092   -0.000031   -0.122493    0.069742    0.175742
 37   42.391693    0.000061   -0.000015   -0.105137    0.057164    0.190949
 38   42.497589    0.000000   -0.000008   -0.105020    0.046058    0.253879
 39   42.272636    0.000183    0.000000   -0.063788    0.014021    0.229852
 40   29.239349  106.746643    1.740833   -0.143953    0.344109    2.122382
 41   42.375053    0.000000    0.000001    0.115043    0.008483   -0.362485
 42   42.546104    0.000004    0.000002    0.134054   -0.042726   -0.627665
 43   42.234482   -0.000008   -0.000001    0.013382   -0.048715   -0.161513
 44   42.465073    0.000000   -0.000008   -0.022799    0.032106    0.402397
 45   42.458038   -0.000031   -0.000005   -0.031993    0.004182    0.239573
 46   42.267975   -0.000008    0.000004   -0.065433   -0.007518    0.371941
 47   42.505920    0.000015    0.000007   -0.081534   -0.031905    0.385356
 48   42.233185    0.000000   -0.000015    0.002604    0.001831   -0.011343
 49   42.352295    0.000000    0.000004    0.055105    0.049667   -0.318561
 50   42.391724    0.000015   -0.000004    0.041762    0.023012   -0.245792
 51   42.497589   -0.000015   -0.000009    0.026673    0.008425   -0.170177
 52   42.272766   -0.000004    0.000002    0.016372    0.002578   -0.115746
 53   29.239330   50.706921  -91.389030   -0.529492    0.823024    1.610593
 54   42.375076   -0.000015    0.000008   -0.295052    0.246408   -0.563414
 55   42.546066    0.000019    0.000038   -0.267294    0.321033   -0.458162
 56   42.234512   -0.000038    0.000000   -0.044733    0.014583   -0.000676
 57   42.464996    0.000031    0.000000    0.007719   -0.367130    0.384382
 58   42.458069    0.000015    0.000023   -0.010052   -0.282506    0.358349
 59   42.267975   -0.000076    0.000038   -0.009088   -0.238240    0.256898
 60   42.505844    0.000107    0.000031   -0.081350   -0.472667    0.584807
 61   42.233215   -0.000031   -0.000015   -0.015785   -0.229427    0.306111
 62   42.352287    0.000031    0.000000   -0.000604    0.010553   -0.105844
 63   42.391708    0.000061   -0.000031   -0.144300    0.182138   -0.530397
 64   42.497620    0.000046   -0.000015   -0.176517    0.157987   -0.378109
 65   42.272736   -0.000011    0.000015   -0.123938    0.116565   -0.200404
 66   29.239307  -56.044868  -91.389015   -0.609528    0.351109   -1.487439
 67   42.375107   -0.000004   -0.000010    0.226051   -0.082299    0.243132
 68   42.546112   -0.000004    0.000034    0.120893   -0.014598    0.178195
 69   42.234467    0.000021    0.000023    0.053934   -0.026270    0.065013
 70   42.465012   -0.000038   -0.000008    0.042269   -0.022758    0.061481
 71   42.458099    0.000031    0.000015    0.005725    0.003030   -0.018140
 72   42.267975   -0.000053    0.000004   -0.017803    0.023690   -0.046566
 73   42.506012    0.000069    0.000019   -0.020718    0.016092   -0.037971
 74   42.233124    0.000000    0.000023   -0.138529   -0.014127   -0.265678
 75   42.352173   -0.000038    0.000015   -0.220479    0.022092   -0.300660
 76   42.391785    0.000031   -0.000023   -0.180238    0.060510   -0.193591
 77   42.497559    0.000031    0.000031   -0.120048    0.059434   -0.114701
 78   42.272675    0.000031    0.000015   -0.029006    0.018523   -0.027319
 79   29.239315 -106.786293    1.740910    0.152000   -0.677316   -0.777115
 80   42.375076   -0.000004   -0.000008    0.304847    0.478855    0.428787
 81   42.546036   -0.000015    0.000004   -0.008712    0.037350   -0.040431
 82   42.234543   -0.000023   -0.000002   -0.054929   -0.110840   -0.445773
 83   42.465103    0.000015   -0.000008   -0.082482   -0.095926   -0.625324
 84   42.458069    0.000015   -0.000006   -0.053065   -0.012592   -0.427862
 85   42.267929    0.000015   -0.000015   -0.028150    0.017065   -0.734420
 86   42.505974   -0.000061    0.000011    0.009809    0.008686   -0.185566
 87   42.233089    0.000000   -0.000024   -0.017310   -0.013594    0.382259
 88   42.352325    0.000000   -0.000002    0.026909   -0.030885    0.648445
 89   42.391724    0.000023   -0.000016    0.027227   -0.002907    0.211861
 90   42.497559    0.000004   -0.000025    0.017140    0.001533    0.111874
 91   42.272552    0.000029    0.000025    0.012076    0.002254    0.073329
time 3
  0    0.000000    0.000000    0.000000    0.000000   -0.000000    0.000000
  1    0.000000    0.000000    0.000000    0.000000   -0.000000    0.000000
  2   10.290263    0.000000    9.657288    0.785397   -1.417120    0.925026
  3   50.309212   -0.435480    0.000003   -0.000017   -0.199896    0.014098
  4   30.891541   -0.000011    0.000000   -0.009284   -0.187317   -0.010601
  5   34.635590    0.000007    0.000004   -0.009279   -0.239524    0.004960
  6   30.584282    0.000019    0.000008   -0.009830   -0.477554    0.008714
  7   31.520187    0.000004    0.000008   -0.007741   -0.544798    0.011208
  8   34.241203  -28.000032  -41.877991    0.981309   -0.451695    0.302971
  9   34.241119   23.441807  -41.878082   -0.981314   -0.451696   -0.302966
 10   35.246696  -52.543083    1.319138   -0.000000   -0.000000    0.558233
 11   35.246552   52.726318    1.318939   -0.000000    0.000000   -0.558230
 12   34.830032  -24.891924   45.588600   -0.979257    0.458743    0.291257
 13   34.885780   27.636591   43.767830    0.979252    0.458742   -0.291256
 14   29.239313  -51.573341   94.292923   -1.300643   -2.044585    0.665532
 15   42.375061    0.000002   -0.000008   -0.120579    0.423864    0.033242
 16   42.546112    0.000048    0.000004   -0.092921    0.272268    0.065178
 17   42.234482    0.000011   -0.000015   -0.042021    0.050501   -0.148900
 18   42.464981    0.000011    0.000000   -0.022656    0.054834   -0.092297
 19   42.458130   -0.000061    0.000015    0.019335   -0.021694   -0.145659
 20   42.267944    0.000015   -0.000008    0.187975   -0.155388   -0.335750
 21   42.505951   -0.000031   -0.000023    0.099801   -0.058261   -0.164947
 22   42.233185    0.000015   -0.000008   -0.150959    0.260267    0.119789
 23   42.352234    0.000015    0.000004   -0.133706    0.154704    0.101788
 24   42.391785   -0.000046    0.000015   -0.085552    0.078171    0.057124
 25   42.497498    0.000008    0.000015   -0.064149    0.053882    0.047097
 26   42.272797    0.000034    0.000061   -0.031847    0.023508    0.023406
 27   29.239325   55.382622   92.214966   -0.046018   -0.267926    2.077240
 28   42.375072   -0.000004   -0.000015    0.560997   -0.186142   -0.603719
 29   42.546089   -0.000023    0.000015    0.455089   -0.478480   -0.490722
 30   42.234512    0.000061   -0.000015    0.056770   -0.141132   -0.066099
 31   42.465088   -0.000069    0.000008   -0.015620    0.148431    0.033803
 32   42.458084   -0.000015   -0.000004   -0.011633    0.118685    0.007911
 33   42.267914   -0.000061    0.000000   -0.121644    0.298057    0.116535
 34   42.505981    0.000061    0.000008   -0.416570    0.616691    0.463380
 35   42.233047   -0.000046    0.000000   -0.207512    0.138816    0.286674
 36   42.352219   -0.000122   -0.000015   -0.117160    0.066816    0.213078
 37   42.391693    0.000061    0.000008   -0.124057    0.074393    0.351652
 38   42.497650    0.000061   -0.000008   -0.060755    0.017256    0.322468
 39   42.272659    0.000122   -0.000031   -0.013290   -0.002275    0.228077
 40   29.239347  106.746643    1.740842   -0.133331    0.311215    2.088816
 41   42.375046   -0.000015    0.000002    0.083207   -0.001924   -0.283913
 42   42.546089    0.000000    0.000000    0.105584   -0.034610   -0.494065
 43   42.234467    0.000000   -0.000001    0.028433   -0.053536   -0.261007
 44   42.465073    0.000000   -0.000008   -0.020775    0.024129    0.333945
 45   42.458084    0.000004   -0.000003   -0.025601    0.005198    0.210234
 46   42.267914    0.000000   -0.000000   -0.040839   -0.004084    0.263105
 47   42.505890   -0.000015    0.000002   -0.065862   -0.019501    0.355338
 48   42.233154   -0.000031   -0.000010   -0.007753   -0.005132    0.043175
 49   42.352203   -0.000031    0.000008    0.041159    0.031148   -0.248525
 50   42.391663    0.000000   -0.000003    0.035025    0.017891   -0.222377
 51   42.497498   -0.000023   -0.000006    0.021370    0.006397   -0.146057
 52   42.272705    0.000001   -0.000010    0.014589    0.002410   -0.109277
 53   29.239340   50.706902  -91.389069   -0.520745    0.802247    1.618521
 54   42.375099   -0.000013   -0.000004   -0.291047    0.242394   -0.536014
 55   42.546051    0.000023    0.000015   -0.270490    0.326498   -0.457240
 56   42.234550   -0.000038   -0.000015   -0.042827    0.014918    0.000904
 57   42.465027    0.000000   -0.000015    0.010118   -0.372267    0.388508
 58   42.458069    0.000008   -0.000004   -0.003480   -0.265912    0.337090
 59   42.268005   -0.000099    0.000008   -0.002674   -0.236352    0.251477
 60   42.505966    0.000061    0.000015   -0.068386   -0.470534    0.588083
 61   42.233170   -0.000031    0.000000   -0.006523   -0.215612    0.293156
 62   42.352264   -0.000031    0.000031   -0.004088    0.016554   -0.133441
 63   42.391701    0.000092   -0.000031   -0.170849    0.175074   -0.558243
 64   42.497589    0.000031    0.000046   -0.173010    0.140786   -0.343647
 65   42.272736    0.000048    0.000061   -0.122437    0.108197   -0.186762
 66   29.239317  -56.044899  -91.389038   -0.650960    0.379927   -1.508897
 67   42.375061    0.000011   -0.000004    0.187433   -0.058236    0.188765
 68   42.546112    0.000002    0.000019    0.107526   -0.008263    0.149968
 69   42.234451    0.000042   -0.000011    0.067644   -0.057551    0.072156
 70   42.465012   -0.000038   -0.000004    0.049688   -0.046075    0.055780
 71   42.458130    0.000034   -0.000019    0.025321   -0.013125    0.015855
 72   42.267944   -0.000061    0.000015    0.005364    0.010727   -0.000051
 73   42.505951    0.000061   -0.000023    0.002730    0.004154    0.009265
 74   42.233154   -0.000015   -0.000004   -0.010978   -0.074263   -0.061531
 75   42.352142   -0.000008    0.000023   -0.010138   -0.084850   -0.074446
 76   42.391693   -0.000031   -0.000046   -0.005660   -0.057750   -0.050679
 77   42.497559    0.000046    0.000061   -0.007828   -0.046099   -0.041015
 78   42.272705    0.000000    0.000031   -0.002545   -0.015541   -0.014063
 79   29.239317 -106.786255    1.740895    0.140269   -0.626287   -0.670649
 80   42.375084   -0.000008   -0.000011    0.234605    0.455491    0.352848
 81   42.546043   -0.000031    0.000013   -0.008283    0.031195   -0.041838
 82   42.234558   -0.000031    0.000002   -0.048695   -0.099128   -0.427037
 83   42.464996   -0.000008   -0.000006   -0.078127   -0.098660   -0.665282
 84   42.458038    0.000000    0.000006   -0.050842   -0.012328   -0.443734
 85   42.267929    0.000000   -0.000007   -0.025084    0.016890   -0.744804
 86   42.505989    0.000000    0.000017    0.012225    0.009589   -0.222652
 87   42.233059   -0.000031   -0.000010   -0.018309   -0.009899    0.334955
 88   42.352348    0.000000   -0.000008    0.016100   -0.029595    0.685299
 89   42.391724   -0.000031   -0.000005    0.027764   -0.004947    0.248858
 90   42.497559   -0.000011   -0.000017    0.016545    0.000987    0.119068
 91   42.272644   -0.000000    0.000033    0.011578    0.001904    0.076888
time 4
  0    0.000000    0.000000    0.000000    0.000000   -0.000000    0.000000
  1    0.000000    0.000000    0.000000    0.000000   -0.000000    0.000000
  2    9.470173    0.000000    7.876403    0.785397   -1.429582    0.913390
  3   50.309216   -0.435479    0.000004   -0.000017   -0.199896    0.014098
  4   30.891533   -0.000010    0.000001   -0.015671   -0.192153   -0.008200
  5   34.635597    0.000011    0.000002   -0.015650   -0.244282    0.008367
  6   30.584282    0.000019    0.000004   -0.016579   -0.482140    0.014698
  7   31.520203    0.000003   -0.000008   -0.013056   -0.549281    0.018905
  8   34.241196  -28.000027  -41.878021    0.982270   -0.448002    0.300413
  9   34.241119   23.441805  -41.878113   -0.982274   -0.448003   -0.300408
 10   35.246704  -52.543091    1.319138   -0.000000    0.000000    0.553846
 11   35.246544   52.726318    1.318909   -0.000000    0.000000   -0.553843
 12   34.830017  -24.891922   45.588593   -0.980240    0.455055    0.288685
 13   34.885773   27.636587   43.767807    0.980235    0.455053   -0.288684
 14   29.239315  -51.573338   94.292946   -1.506508   -1.992145    0.894856
 15   42.375061    0.000011    0.000015   -0.121849    0.417943    0.033495
 16   42.546082    0.000025    0.000008   -0.094018    0.237426    0.052200
 17   42.234497    0.000000    0.000008   -0.026056    0.012038   -0.184216
 18   42.465027    0.000011    0.000031   -0.004733    0.024813   -0.128149
 19   42.458038   -0.000061    0.000004    0.037325   -0.039083   -0.169530
 20   42.267944    0.000015   -0.000019    0.218178   -0.184664   -0.361311
 21   42.505890    0.000031   -0.000015    0.063301   -0.020063   -0.121669
 22   42.233154    0.000000   -0.000038   -0.181951    0.300474    0.148562
 23   42.352234   -0.000031    0.000015   -0.127515    0.142329    0.098097
 24   42.391693   -0.000031    0.000015   -0.086610    0.075830    0.061063
 25   42.497437    0.000023    0.000000   -0.063559    0.051090    0.049172
 26   42.272736    0.000053   -0.000046   -0.028228    0.019662    0.021631
 27   29.239323   55.382629   92.214966    0.177999   -0.336644    1.875860
 28   42.375088    0.000004   -0.000015    0.473596   -0.258568   -0.477804
 29   42.546112   -0.000023    0.000011    0.318435   -0.448654   -0.340258
 30   42.234497    0.000069   -0.000011    0.042022   -0.066417   -0.057329
 31   42.465073   -0.000069    0.000008    0.004605    0.104785   -0.049014
 32   42.458099    0.000000   -0.000008    0.019392    0.037870   -0.035732
 33   42.267914   -0.000053    0.000008   -0.238386    0.526807    0.236063
 34   42.506012    0.000053    0.000000   -0.419966    0.566122    0.577450
 35   42.233032   -0.000031    0.000000   -0.148744    0.090359    0.258346
 36   42.352234   -0.000031    0.000031   -0.129690    0.092971    0.356771
 37   42.391663    0.000031   -0.000008   -0.065450    0.040313    0.410180
 38   42.497639    0.000031    0.000023   -0.003841    0.004093    0.261143
 39   42.272606    0.000153    0.000008    0.011022    0.001521    0.133058
 40   29.239349  106.746658    1.740845   -0.122881    0.279664    2.048215
 41   42.375076    0.000000    0.000004    0.058715   -0.008413   -0.219244
 42   42.546150    0.000000    0.000008    0.074822   -0.029140   -0.358949
 43   42.234482    0.000013   -0.000001    0.039481   -0.050138   -0.312954
 44   42.465057    0.000038   -0.000009   -0.016941    0.012744    0.236788
 45   42.458099    0.000004   -0.000007   -0.021269    0.006686    0.193049
 46   42.267944    0.000004    0.000000   -0.024240   -0.002574    0.175682
 47   42.505920    0.000000    0.000003   -0.042508   -0.010284    0.268523
 48   42.233154    0.000000   -0.000010   -0.016092   -0.007793    0.097528
 49   42.352295   -0.000015   -0.000008    0.024544    0.015104   -0.158229
 50   42.391693    0.000015   -0.000006    0.028383    0.013685   -0.196932
 51   42.497589    0.000023   -0.000010    0.016006    0.004733   -0.118248
 52   42.272705    0.000022   -0.000003    0.012671    0.002405   -0.101145
 53   29.239330   50.706879  -91.389069   -0.515755    0.784348    1.625802
 54   42.375092   -0.000017   -0.000011   -0.281745    0.237298   -0.501213
 55   42.546066    0.000011    0.000004   -0.271924    0.331078   -0.453683
 56   42.234528   -0.000038   -0.000015   -0.040761    0.014263    0.003082
 57   42.464996    0.000031    0.000008    0.012726   -0.377038    0.390139
 58   42.458038    0.000038   -0.000023    0.002242   -0.245650    0.308968
 59   42.267975   -0.000076   -0.000015    0.004041   -0.235556    0.242943
 60   42.505951    0.000046    0.000015   -0.053310   -0.471307    0.587934
 61   42.233192   -0.000092    0.000000    0.004134   -0.201159    0.272995
 62   42.352295    0.000031    0.000015   -0.011745    0.025745   -0.175800
 63   42.391754    0.000000    0.000000   -0.203574    0.166990   -0.577202
 64   42.497589    0.000038    0.000046   -0.165725    0.123601   -0.299950
 65   42.272766    0.000013   -0.000015   -0.119236    0.099411   -0.169409
 66   29.239311  -56.044868  -91.389046   -0.695423    0.406500   -1.534449
 67   42.375114    0.000004    0.000000    0.160135   -0.042875    0.148258
 68   42.546097   -0.000004   -0.000004    0.094859    0.001121    0.127454
 69   42.234467    0.000021    0.000004    0.071741   -0.074887    0.065746
 70   42.464981   -0.000029    0.000011    0.050755   -0.063612    0.038889
 71   42.458130    0.000000    0.000000    0.042323   -0.030114    0.036715
 72   42.267914   -0.000050    0.000008    0.031205   -0.010029    0.039864
 73   42.505981    0.000053    0.000015    0.019924   -0.004733    0.039846
 74   42.233124   -0.000015    0.000000    0.061421   -0.102910    0.078690
 75   42.352234   -0.000038    0.000038    0.068386   -0.096384    0.071355
 76   42.391815    0.000000   -0.000015    0.046335   -0.047957    0.046099
 77   42.497559    0.000031    0.000015    0.035497   -0.034740    0.036732
 78   42.272644   -0.000015    0.000046    0.026134   -0.023933    0.027198
 79   29.239315 -106.786285    1.740892    0.128691   -0.570681   -0.595524
 80   42.375084   -0.000008   -0.000008    0.181757    0.420908    0.298234
 81   42.546036    0.000008    0.000010   -0.007017    0.028228   -0.038541
 82   42.234512   -0.000015   -0.000011   -0.041638   -0.085717   -0.399151
 83   42.465088    0.000046   -0.000002   -0.071756   -0.101303   -0.703228
 84   42.458069    0.000046   -0.000002   -0.048157   -0.013052   -0.455228
 85   42.267929   -0.000046   -0.000001   -0.023664    0.014581   -0.745147
 86   42.505959    0.000000    0.000016    0.013693    0.010356   -0.265391
 87   42.233051   -0.000031   -0.000009   -0.016937   -0.007039    0.292693
 88   42.352303   -0.000061    0.000002    0.007989   -0.026050    0.702781
 89   42.391663   -0.000015   -0.000011    0.027514   -0.006430    0.286468
 90   42.497498    0.000008   -0.000021    0.015804    0.000717    0.126167
 91   42.272491    0.000003    0.000030    0.010994    0.001723    0.080427
time 5
  0    0.000000    0.000000    0.000000    0.000000   -0.000000    0.000000
  1    0.000000    0.000000    0.000000    0.000000   -0.000000    0.000000
  2    8.507161    0.000000    5.785158    0.785398   -1.444218    0.901754
  3   50.309216   -0.435480    0.000003   -0.000017   -0.199896    0.014098
  4   30.891544   -0.000010   -0.000001   -0.023170   -0.197832   -0.005380
  5   34.635597    0.000008   -0.000002   -0.023131   -0.249870    0.012367
  6   30.584290    0.000018   -0.000004   -0.024505   -0.487526    0.021723
  7   31.520180   -0.000002    0.000000   -0.019297   -0.554545    0.027943
  8   34.241180  -28.000038  -41.878006    0.983397   -0.443666    0.297410
  9   34.241112   23.441803  -41.878082   -0.983402   -0.443667   -0.297405
 10   35.246696  -52.543102    1.319138   -0.000000    0.000000    0.548695
 11   35.246529   52.726326    1.318939   -0.000000   -0.000000   -0.548692
 12   34.830009  -24.891926   45.588623   -0.981394    0.450723    0.285665
 13   34.885780   27.636593   43.767830    0.981389    0.450722   -0.285664
 14   29.239328  -51.573368   94.292992    1.351892   -1.177442   -1.934914
 15   42.375069    0.000006   -0.000008   -0.126876    0.393419    0.027675
 16   42.546082    0.000025    0.000010   -0.093252    0.202364    0.040187
 17   42.234451    0.000004   -0.000004   -0.009134   -0.022995   -0.216169
 18   42.465012    0.000004    0.000000    0.016543   -0.007181   -0.167075
 19   42.458099   -0.000084    0.000015    0.054650   -0.056821   -0.190214
 20   42.267975    0.000031    0.000011    0.241816   -0.215121   -0.379428
 21   42.505920   -0.000031   -0.000008    0.029635    0.020188   -0.084426
 22   42.233154    0.000061   -0.000031   -0.204230    0.333683    0.167640
 23   42.352264    0.000000    0.000008   -0.124215    0.135785    0.096184
 24   42.391663   -0.000031    0.000000   -0.087718    0.074795    0.064215
 25   42.497498    0.000046    0.000000   -0.061011    0.047514    0.048814
 26   42.272827    0.000057    0.000000   -0.020814    0.013574    0.015785
 27   29.239340   55.382626   92.214958    0.402062   -0.392866    1.681101
 28   42.375076    0.000008   -0.000015    0.361940   -0.285444   -0.346643
 29   42.546112   -0.000031    0.000021    0.215849   -0.384090   -0.219915
 30   42.234512    0.000061   -0.000015    0.039042   -0.018068   -0.073561
 31   42.465057   -0.000069    0.000008    0.043312    0.006964   -0.118465
 32   42.458099    0.000008    0.000038    0.006266    0.064372   -0.012529
 33   42.267944   -0.000061    0.000008   -0.318252    0.703579    0.367554
 34   42.505951    0.000023    0.000031   -0.368684    0.468903    0.623877
 35   42.233070   -0.000061    0.000000   -0.130153    0.093592    0.295124
 36   42.352219   -0.000061    0.000008   -0.092801    0.089683    0.403645
 37   42.391762    0.000122    0.000015   -0.020167    0.022255    0.291016
 38   42.497650   -0.000031    0.000008    0.005546    0.009378    0.177881
 39   42.272690    0.000153    0.000004    0.007382    0.004249    0.073645
 40   29.239355  106.746658    1.740838   -0.112490    0.250400    2.003794
 41   42.375061   -0.000015    0.000000    0.042216   -0.011942   -0.173769
 42   42.546112   -0.000008    0.000001    0.051136   -0.025684   -0.260772
 43   42.234467   -0.000002   -0.000002    0.039946   -0.043461   -0.303718
 44   42.465103    0.000015   -0.000009   -0.011491    0.002489    0.143846
 45   42.458038    0.000004   -0.000006   -0.018172    0.007641    0.181946
 46   42.267883    0.000000   -0.000002   -0.015229   -0.002043    0.122492
 47   42.505859    0.000000    0.000001   -0.023118   -0.005412    0.170834
 48   42.233215    0.000015   -0.000013   -0.016531   -0.006284    0.115504
 49   42.352295    0.000015    0.000004    0.011100    0.005593   -0.079130
 50   42.391724    0.000000   -0.000008    0.021425    0.009756   -0.165019
 51   42.497650    0.000008   -0.000012    0.011369    0.003419   -0.092261
 52   42.272644   -0.000004    0.000002    0.009666    0.002127   -0.083279
 53   29.239332   50.706902  -91.389107   -0.513574    0.768702    1.632633
 54   42.375099   -0.000004    0.000000   -0.268091    0.230313   -0.460766
 55   42.546066   -0.000004    0.000032   -0.271145    0.333542   -0.446264
 56   42.234528   -0.000023   -0.000008   -0.038693    0.013118    0.005358
 57   42.465027    0.000008   -0.000015    0.016268   -0.378271    0.386363
 58   42.458084    0.000031    0.000004    0.006786   -0.223066    0.276774
 59   42.268005   -0.000099    0.000000    0.010983   -0.235197    0.231559
 60   42.505859    0.000061   -0.000015   -0.035651   -0.473525    0.583277
 61   42.233208   -0.000061   -0.000015    0.015179   -0.187105    0.247212
 62   42.352318    0.000031    0.000000   -0.027085    0.037824   -0.235198
 63   42.391663    0.000031   -0.000031   -0.234355    0.156048   -0.571305
 64   42.497620    0.000076   -0.000015   -0.156171    0.107893   -0.255408
 65   42.272766    0.000027    0.000000   -0.114520    0.090343   -0.150412
 66   29.239325  -56.044868  -91.389069   -0.743400    0.430830   -1.564555
 67   42.375092    0.000004   -0.000004    0.153461   -0.047650    0.132784
 68   42.546097   -0.000004    0.000034    0.096725   -0.005067    0.128765
 69   42.234436    0.000026    0.000015    0.062223   -0.066430    0.047472
 70   42.465012   -0.000032    0.000023    0.037031   -0.061161    0.007159
 71   42.458099    0.000027    0.000000    0.044369   -0.037730    0.032379
 72   42.267914   -0.000065    0.000000    0.047766   -0.032170    0.055649
 73   42.506042    0.000042    0.000015    0.023965   -0.012750    0.040049
 74   42.233154   -0.000042   -0.000031    0.103071   -0.125002    0.150108
 75   42.352173   -0.000061    0.000015    0.091438   -0.091982    0.129362
 76   42.391846    0.000046   -0.000031    0.047729   -0.035746    0.065251
 77   42.497650    0.000031   -0.000015    0.032145   -0.022672    0.046738
 78   42.272675    0.000000   -0.000015    0.023664   -0.015762    0.035381
 79   29.239321 -106.786278    1.740909    0.117201   -0.513853   -0.581208
 80   42.375092   -0.000008   -0.000004    0.156520    0.379838    0.287307
 81   42.546066   -0.000008    0.000002   -0.005459    0.027371   -0.032397
 82   42.234497   -0.000008   -0.000013   -0.035445   -0.074093   -0.378779
 83   42.465057    0.000008   -0.000002   -0.063885   -0.098931   -0.725383
 84   42.458054    0.000031   -0.000005   -0.044125   -0.013555   -0.456322
 85   42.267929    0.000015    0.000000   -0.022829    0.011074   -0.734666
 86   42.505943    0.000031    0.000022    0.012846    0.010104   -0.292030
 87   42.233078   -0.000031   -0.000010   -0.014780   -0.005771    0.281761
 88   42.352303   -0.000061    0.000006    0.006899   -0.022481    0.704160
 89   42.391724    0.000031    0.000000    0.025222   -0.005628    0.291835
 90   42.497528    0.000015   -0.000016    0.014584    0.000835    0.128814
 91   42.272522    0.000031    0.000027    0.010123    0.001718    0.081873
time 6
  0    0.000000    0.000000    0.000000    0.000000   -0.000000    0.000000
  1    0.000000    0.000000    0.000000    0.000000   -0.000000    0.000000
  2    7.442066    0.000000    3.472227    0.785398   -1.460404    0.890119
  3   50.309223   -0.435479    0.000004   -0.000017   -0.199896    0.014098
  4   30.891544   -0.000011    0.000001   -0.031464   -0.204113   -0.002262
  5   34.635605    0.000007    0.000002   -0.031405   -0.256050    0.016790
  6   30.584305    0.000020   -0.000008   -0.033271   -0.493482    0.029494
  7   31.520195    0.000001    0.000000   -0.026199   -0.560366    0.037939
  8   34.241192  -28.000032  -41.878006    0.984645   -0.438870    0.294088
  9   34.241123   23.441803  -41.878098   -0.984650   -0.438871   -0.294083
 10   35.246716  -52.543091    1.319138   -0.000000   -0.000000    0.542997
 11   35.246540   52.726326    1.318909   -0.000000   -0.000000   -0.542994
 12   34.830021  -24.891928   45.588623   -0.982670    0.445932    0.282325
 13   34.885792   27.636589   43.767830    0.982666    0.445931   -0.282324
 14   29.239326  -51.573353   94.292984    1.035391   -1.163619   -1.588476
 15   42.375099    0.000006   -0.000008   -0.133065    0.352352    0.017984
 16   42.546082    0.000034    0.000015   -0.091007    0.171537    0.032355
 17   42.234467    0.000015   -0.000031    0.007133   -0.053649   -0.242053
 18   42.464981    0.000023    0.000004    0.041934   -0.042755   -0.210534
 19   42.458099   -0.000076   -0.000015    0.070529   -0.075108   -0.207681
 20   42.267914    0.000046    0.000011    0.256755   -0.244747   -0.389657
 21   42.505920    0.000046    0.000015    0.005233    0.054162   -0.058759
 22   42.233185    0.000000    0.000000   -0.219733    0.364534    0.179269
 23   42.352264    0.000015    0.000000   -0.124551    0.135268    0.096739
 24   42.391754   -0.000015    0.000015   -0.089236    0.075257    0.066979
 25   42.497498    0.000046    0.000000   -0.059733    0.045774    0.048887
 26   42.272766    0.000042   -0.000046   -0.019276    0.012288    0.014825
 27   29.239357   55.382626   92.214973    0.604773   -0.437116    1.499398
 28   42.375084    0.000004   -0.000008    0.269432   -0.270279   -0.250209
 29   42.546082   -0.000023    0.000034    0.152613   -0.300273   -0.145070
 30   42.234497    0.000061    0.000015    0.037470   -0.011072   -0.065924
 31   42.465057   -0.000076    0.000027    0.051002   -0.014336   -0.123333
 32   42.458069   -0.000008    0.000000    0.000658    0.076365   -0.002344
 33   42.267883   -0.000046    0.000015   -0.317973    0.921107    0.662666
 34   42.506027    0.000076    0.000000   -0.259253    0.319088    0.667426
 35   42.233109    0.000031    0.000015   -0.059366    0.068554    0.168903
 36   42.352249   -0.000092    0.000023   -0.045465    0.076960    0.191353
 37   42.391724    0.000122    0.000038   -0.023779    0.043660    0.180450
 38   42.497620    0.000092    0.000031   -0.009861    0.025562    0.119622
 39   42.272644    0.000092    0.000046   -0.000467    0.006354    0.031418
 40   29.239357  106.746666    1.740839   -0.102056    0.237032    1.932445
 41   42.375061   -0.000008   -0.000004    0.045883   -0.022338   -0.201918
 42   42.546112    0.000008    0.000000    0.046394   -0.039031   -0.271112
 43   42.234467   -0.000013   -0.000003    0.017998   -0.035363   -0.172453
 44   42.465042   -0.000008   -0.000004   -0.008046    0.009696    0.115686
 45   42.458069   -0.000008   -0.000001   -0.006332    0.002780    0.069045
 46   42.267883    0.000019    0.000003   -0.003316   -0.000238    0.032141
 47   42.505890   -0.000008    0.000007    0.005140    0.000589   -0.054957
 48   42.233124    0.000008   -0.000018   -0.035435   -0.001829    0.334383
 49   42.352173    0.000031    0.000000   -0.019859   -0.006393    0.157633
 50   42.391754    0.000000   -0.000010   -0.007966   -0.003629    0.060395
 51   42.497589    0.000015   -0.000010   -0.005103   -0.002609    0.038377
 52   42.272736    0.000000    0.000004   -0.003373   -0.001841    0.025184
 53   29.239342   50.706890  -91.389130   -0.513215    0.754681    1.639276
 54   42.375076    0.000000   -0.000008   -0.251224    0.220841   -0.416634
 55   42.546082    0.000011    0.000001   -0.267565    0.332498   -0.433687
 56   42.234528   -0.000031   -0.000015   -0.036870    0.012324    0.006934
 57   42.464996    0.000053    0.000015    0.021203   -0.373048    0.374901
 58   42.458115    0.000008    0.000008    0.009978   -0.199571    0.243234
 59   42.267944   -0.000076    0.000031    0.017981   -0.234398    0.217448
 60   42.505859    0.000107    0.000031   -0.015137   -0.475792    0.572941
 61   42.233177   -0.000061   -0.000031    0.025825   -0.174424    0.217124
 62   42.352257    0.000000    0.000031   -0.054627    0.051733   -0.310710
 63   42.391754    0.000031   -0.000031   -0.251393    0.141252   -0.527463
 64   42.497620    0.000053   -0.000046   -0.148456    0.095892   -0.218965
 65   42.272736   -0.000019    0.000031   -0.108686    0.081118   -0.131568
 66   29.239315  -56.044861  -91.389061   -0.792850    0.453158   -1.597277
 67   42.375114    0.000004   -0.000010    0.158283   -0.064585    0.131799
 68   42.546127    0.000000    0.000019    0.109893   -0.028101    0.146511
 69   42.234421    0.000046   -0.000004    0.050956   -0.045808    0.035078
 70   42.464996   -0.000032    0.000023    0.016840   -0.041065   -0.023940
 71   42.458099    0.000038   -0.000008    0.032279   -0.031241    0.011793
 72   42.267914   -0.000069    0.000023    0.041142   -0.042346    0.034397
 73   42.506012    0.000061    0.000015    0.004478   -0.012911    0.000337
 74   42.233154    0.000015    0.000008    0.133804   -0.159596    0.169824
 75   42.352203   -0.000008    0.000046    0.117656   -0.104748    0.156964
 76   42.391846   -0.000015    0.000046    0.054048   -0.036538    0.070552
 77   42.497528    0.000076    0.000046    0.035028   -0.021989    0.048812
 78   42.272736   -0.000031    0.000061    0.025104   -0.014754    0.036114
 79   29.239323 -106.786301    1.740900    0.105738   -0.458620   -0.657119
 80   42.375084    0.000008    0.000000    0.146619    0.335863    0.305386
 81   42.546051    0.000000    0.000006   -0.005591    0.026047   -0.037414
 82   42.234512   -0.000038   -0.000002   -0.033727   -0.072681   -0.415380
 83   42.465057    0.000008   -0.000003   -0.055491   -0.074976   -0.653709
 84   42.458038    0.000031   -0.000000   -0.032568   -0.009977   -0.356433
 85   42.267868    0.000000   -0.000001   -0.024108    0.002516   -0.450405
 86   42.505943   -0.000031    0.000015   -0.002240    0.003685   -0.126040
 87   42.233002   -0.000031   -0.000015    0.005197   -0.007880    0.254249
 88   42.352264   -0.000031   -0.000005    0.014135   -0.006578    0.264939
 89   42.391754    0.000015   -0.000010    0.008461   -0.001104    0.109441
 90   42.497559    0.000031   -0.000017    0.007106   -0.000127    0.080894
 91   42.272583    0.000015    0.000019    0.005861    0.000340    0.061665
time 7
  0    0.000000    0.000000    0.000000    0.000000   -0.000000    0.000000
  1    0.000000    0.000000    0.000000    0.000000   -0.000000    0.000000
  2    6.315717    0.000000    1.026284    0.785398   -1.477522    0.878484
  3   50.309212   -0.435479    0.000004   -0.000017   -0.199896    0.014098
  4   30.891541   -0.000011    0.000000   -0.040236   -0.210755    0.001035
  5   34.635590    0.000007    0.000002   -0.040156   -0.262585    0.021469
  6   30.584290    0.000018    0.000008   -0.042541   -0.499781    0.037711
  7   31.520187    0.000002   -0.000015   -0.033499   -0.566523    0.048510
  8   34.241184  -28.000031  -41.878021    0.985964   -0.433799    0.290575
  9   34.241123   23.441807  -41.878113   -0.985970   -0.433800   -0.290570
 10   35.246693  -52.543091    1.319122   -0.000000    0.000000    0.536972
 11   35.246532   52.726326    1.318924   -0.000000   -0.000000   -0.536969
 12   34.830021  -24.891926   45.588593   -0.984020    0.440866    0.278793
 13   34.885769   27.636597   43.767807    0.984016    0.440865   -0.278792
 14   29.239321  -51.573334   94.292923    0.762992   -1.106913   -1.288409
 15   42.375084   -0.000002   -0.000008   -0.137670    0.299643    0.006895
 16   42.546097    0.000027    0.000002   -0.088136    0.146974    0.029965
 17   42.234482    0.000023    0.000019    0.020519   -0.077985   -0.258147
 18   42.464981    0.000031    0.000019    0.072374   -0.083169   -0.260358
 19   42.458130   -0.000084    0.000011    0.084105   -0.093494   -0.221853
 20   42.267975    0.000046    0.000023    0.264033   -0.272969   -0.394380
 21   42.505951   -0.000031   -0.000015   -0.006554    0.073770   -0.046947
 22   42.233200   -0.000031   -0.000031   -0.230309    0.398063    0.185732
 23   42.352295    0.000031    0.000004   -0.128672    0.140878    0.099826
 24   42.391693   -0.000046    0.000015   -0.091489    0.077406    0.069717
 25   42.497589    0.000008   -0.000031   -0.059986    0.045879    0.049819
 26   42.272736    0.000065    0.000046   -0.018815    0.011961    0.014681
 27   29.239332   55.382610   92.214943    0.796725   -0.469740    1.314403
 28   42.375076    0.000000   -0.000008    0.191354   -0.221376   -0.175890
 29   42.546143   -0.000034    0.000008    0.113831   -0.214098   -0.103049
 30   42.234467    0.000061   -0.000011    0.031402   -0.012228   -0.034337
 31   42.465027   -0.000092    0.000011    0.041189   -0.004049   -0.093755
 32   42.458054   -0.000023    0.000008   -0.008072    0.094743    0.012246
 33   42.267853   -0.000038    0.000023    0.082805    1.062154    1.384716
 34   42.505997    0.000092    0.000031   -0.110020    0.125687    0.494365
 35   42.233055   -0.000031    0.000015   -0.009899    0.036780   -0.021824
 36   42.352188   -0.000092    0.000008    0.010861    0.068288   -0.117081
 37   42.391663    0.000031    0.000015   -0.001147    0.072437   -0.040333
 38   42.497650    0.000000   -0.000015   -0.003725    0.061071   -0.033883
 39   42.272659    0.000153   -0.000031    0.000622    0.014919   -0.008207
 40   29.239346  106.746620    1.740831   -0.091495    0.222626    1.838888
 41   42.375076   -0.000011   -0.000002    0.046970   -0.036557   -0.222027
 42   42.546082    0.000002   -0.000002    0.034224   -0.049767   -0.233904
 43   42.234497   -0.000013   -0.000003    0.007098   -0.020097   -0.090194
 44   42.465027   -0.000015   -0.000007   -0.002048    0.010681    0.033178
 45   42.458069    0.000000   -0.000007    0.000282    0.000398   -0.007807
 46   42.267914    0.000000    0.000001    0.006916   -0.000040   -0.108760
 47   42.505920    0.000015    0.000003    0.010015   -0.001421   -0.196458
 48   42.233124    0.000015   -0.000016   -0.071370    0.014019    0.956650
 49   42.352234   -0.000031   -0.000002   -0.018819   -0.009672    0.157768
 50   42.391632    0.000000   -0.000008   -0.008142   -0.005383    0.067590
 51   42.497589   -0.000031   -0.000015   -0.004911   -0.003595    0.040999
 52   42.272736   -0.000031   -0.000010   -0.003355   -0.002599    0.028077
 53   29.239336   50.706909  -91.389084   -0.513680    0.741654    1.646029
 54   42.375076   -0.000012    0.000004   -0.232401    0.208651   -0.370896
 55   42.546097    0.000019    0.000016   -0.260577    0.326523   -0.414812
 56   42.234528   -0.000046    0.000011   -0.035668    0.013176    0.006681
 57   42.464996    0.000046    0.000008    0.027407   -0.359324    0.354810
 58   42.458038    0.000038   -0.000019    0.011831   -0.176384    0.210636
 59   42.267914   -0.000084    0.000008    0.024698   -0.232020    0.200635
 60   42.505890    0.000099    0.000000    0.008190   -0.476785    0.555640
 61   42.233154   -0.000031    0.000000    0.035520   -0.164135    0.184166
 62   42.352257    0.000000   -0.000046   -0.093985    0.062704   -0.386110
 63   42.391708    0.000015    0.000000   -0.252717    0.125575   -0.459422
 64   42.497589    0.000082   -0.000015   -0.141653    0.085933   -0.189282
 65   42.272797    0.000008    0.000031   -0.102449    0.071989   -0.114547
 66   29.239309  -56.044842  -91.389008   -0.840648    0.473870   -1.629510
 67   42.375107    0.000008   -0.000002    0.162137   -0.079576    0.130481
 68   42.546127   -0.000008    0.000036    0.121860   -0.053899    0.160959
 69   42.234482    0.000030    0.000004    0.047375   -0.029827    0.038272
 70   42.465012   -0.000021    0.000008    0.001957   -0.016789   -0.042219
 71   42.458038    0.000013    0.000000    0.019125   -0.017242   -0.006590
 72   42.268005   -0.000069    0.000027    0.017281   -0.036495   -0.010227
 73   42.506012    0.000057    0.000023   -0.046969    0.009208   -0.080027
 74   42.233124    0.000015   -0.000008    0.144574   -0.196988    0.134268
 75   42.352173   -0.000019   -0.000015    0.165106   -0.147024    0.175115
 76   42.391754    0.000000    0.000000    0.070341   -0.047994    0.073367
 77   42.497498    0.000061    0.000015    0.045430   -0.028181    0.050481
 78   42.272675    0.000015    0.000031    0.032305   -0.018540    0.037122
 79   29.239315 -106.786232    1.740908    0.094249   -0.402226   -0.790900
 80   42.375099   -0.000008   -0.000004    0.127723    0.288844    0.305574
 81   42.546036    0.000008    0.000007   -0.006790    0.025030   -0.051668
 82   42.234558    0.000015    0.000000   -0.030155   -0.063522   -0.410520
 83   42.465088    0.000000   -0.000002   -0.039467   -0.041368   -0.443285
 84   42.458038    0.000038    0.000001   -0.019113   -0.007580   -0.204351
 85   42.267883    0.000031   -0.000001   -0.007835   -0.001591   -0.091314
 86   42.505890    0.000000    0.000020   -0.007540   -0.000921   -0.096640
 87   42.233093    0.000015   -0.000007   -0.009937   -0.000288   -0.148009
 88   42.352264    0.000000    0.000005   -0.010202    0.001595   -0.200523
 89   42.391724   -0.000031   -0.000004   -0.005293    0.002973   -0.165485
 90   42.497589    0.000000   -0.000017   -0.002145    0.003409   -0.148089
 91   42.272522    0.000031    0.000019   -0.000031    0.002199   -0.088104
time 8
  0    0.000000    0.000000    0.000000    0.000000   -0.000000    0.000000
  1    0.000000    0.000000    0.000000    0.000000   -0.000000    0.000000
  2    5.168952    0.000000   -1.463999    0.785396   -1.494950    0.866850
  3   50.309219   -0.435480    0.000003   -0.000017   -0.199896    0.014098
  4   30.891541   -0.000010    0.000000   -0.049166   -0.217517    0.004393
  5   34.635605    0.000008    0.000000   -0.049064   -0.269239    0.026232
  6   30.584305    0.000020   -0.000008   -0.051979   -0.506195    0.046078
  7   31.520195    0.000002    0.000008   -0.040930   -0.572791    0.059273
  8   34.241196  -28.000038  -41.878021    0.987308   -0.428635    0.286998
  9   34.241119   23.441811  -41.878098   -0.987313   -0.428636   -0.286993
 10   35.246712  -52.543091    1.319138   -0.000000    0.000000    0.530838
 11   35.246567   52.726334    1.318909   -0.000000   -0.000000   -0.530835
 12   34.830032  -24.891930   45.588608   -0.985395    0.435708    0.275196
 13   34.885796   27.636597   43.767822    0.985390    0.435707   -0.275196
 14   29.239323  -51.573357   94.292969    0.566904   -1.021881   -1.069548
 15   42.375053   -0.000002    0.000000   -0.138905    0.241499   -0.003854
 16   42.546082    0.000036    0.000008   -0.085375    0.128480    0.032362
 17   42.234512    0.000031   -0.000004    0.028513   -0.093347   -0.260264
 18   42.465012    0.000000    0.000004    0.108612   -0.128556   -0.318016
 19   42.458084   -0.000076    0.000023    0.095968   -0.112659   -0.234431
 20   42.267929    0.000000    0.000004    0.264379   -0.298233   -0.394672
 21   42.505920   -0.000031    0.000015   -0.004891    0.071756   -0.049301
 22   42.233170    0.000000    0.000000   -0.236201    0.437236    0.188203
 23   42.352295    0.000000    0.000013   -0.136773    0.153326    0.105483
 24   42.391632   -0.000061   -0.000008   -0.094755    0.081444    0.072737
 25   42.497528    0.000000    0.000000   -0.061907    0.047835    0.051863
 26   42.272827    0.000015   -0.000031   -0.019466    0.012567    0.015463
 27   29.239340   55.382641   92.214973    0.963583   -0.489364    1.139010
 28   42.375084   -0.000008    0.000004    0.134078   -0.158349   -0.125791
 29   42.546112   -0.000042    0.000023    0.091978   -0.146506   -0.086690
 30   42.234497    0.000031    0.000015    0.023611   -0.005075   -0.005916
 31   42.465073   -0.000046    0.000015    0.004406    0.053868   -0.004575
 32   42.458069   -0.000046    0.000008   -0.048653    0.176379    0.082112
 33   42.267853   -0.000015    0.000031    0.237891    0.953980    1.608887
 34   42.506027    0.000061    0.000031   -0.040046    0.066059    0.307000
 35   42.233070    0.000000    0.000046   -0.003925    0.016750   -0.065198
 36   42.352211   -0.000061    0.000038    0.062087    0.030259   -0.326275
 37   42.391708    0.000122    0.000031    0.129333    0.025546   -0.315778
 38   42.497650    0.000046    0.000000    0.188722   -0.011898   -0.279431
 39   42.272614    0.000175    0.000000    0.077419   -0.020168   -0.086182
 40   29.239374  106.746666    1.740847   -0.080746    0.206323    1.714714
 41   42.375069   -0.000008   -0.000002    0.042118   -0.055992   -0.214901
 42   42.546127    0.000010    0.000001    0.017713   -0.050948   -0.147224
 43   42.234512   -0.000004   -0.000002    0.005390   -0.005550   -0.089781
 44   42.465057    0.000027   -0.000005    0.004753    0.007510   -0.101177
 45   42.458099    0.000046   -0.000003    0.001114   -0.000114   -0.026396
 46   42.267883    0.000008    0.000003   -0.000687    0.000058    0.010588
 47   42.505951    0.000008    0.000004   -0.002602    0.000239    0.050439
 48   42.233154    0.000008   -0.000012   -0.061848    0.001521    0.786843
 49   42.352234   -0.000031    0.000002   -0.025109   -0.014213    0.237528
 50   42.391693   -0.000031   -0.000010   -0.010036   -0.008106    0.096714
 51   42.497559   -0.000031   -0.000011   -0.005912   -0.005451    0.058232
 52   42.272675   -0.000031    0.000000   -0.003856   -0.003834    0.038558
 53   29.239338   50.706905  -91.389099   -0.513981    0.728988    1.653217
 54   42.375084   -0.000010   -0.000011   -0.212876    0.193965   -0.325585
 55   42.546082   -0.000004    0.000010   -0.249739    0.314416   -0.388976
 56   42.234528   -0.000046    0.000008   -0.035634    0.017233    0.003315
 57   42.465012    0.000015    0.000004    0.034062   -0.336479    0.326861
 58   42.458099    0.000046    0.000023    0.012483   -0.154190    0.180484
 59   42.268036   -0.000076    0.000023    0.030596   -0.226813    0.181258
 60   42.505951    0.000099   -0.000031    0.033805   -0.475188    0.530082
 61   42.233185   -0.000031    0.000000    0.044022   -0.157293    0.150354
 62   42.352272   -0.000031    0.000015   -0.138682    0.067657   -0.443847
 63   42.391724    0.000061   -0.000031   -0.242955    0.110682   -0.387345
 64   42.497589    0.000047   -0.000046   -0.133367    0.075644   -0.163058
 65   42.272705    0.000000    0.000000   -0.096324    0.063115   -0.100087
 66   29.239321  -56.044880  -91.389069   -0.887334    0.493336   -1.661600
 67   42.375107    0.000000   -0.000009    0.165092   -0.092731    0.128898
 68   42.546143   -0.000011    0.000008    0.131461   -0.079430    0.170796
 69   42.234497    0.000010   -0.000008    0.050435   -0.022476    0.052386
 70   42.465012   -0.000027   -0.000008   -0.010262    0.010823   -0.054947
 71   42.458099    0.000015    0.000000    0.010558   -0.000596   -0.016142
 72   42.267853   -0.000065   -0.000038   -0.009918   -0.019182   -0.059013
 73   42.505951    0.000057    0.000008   -0.117133    0.053391   -0.181647
 74   42.233124    0.000031   -0.000055    0.092993   -0.187628    0.029372
 75   42.352112   -0.000023    0.000000    0.229042   -0.224727    0.166712
 76   42.391876    0.000011    0.000015    0.097134   -0.071195    0.069229
 77   42.497589    0.000053   -0.000015    0.064214   -0.041590    0.048745
 78   42.272766    0.000015   -0.000031    0.046280   -0.027241    0.036480
 79   29.239311 -106.786263    1.740895    0.082698   -0.342685   -0.937792
 80   42.375084    0.000000   -0.000008    0.088588    0.238761    0.249200
 81   42.546051   -0.000023    0.000001   -0.005535    0.027920   -0.045555
 82   42.234497    0.000023   -0.000010   -0.018167   -0.037662   -0.248740
 83   42.465103   -0.000015   -0.000006   -0.017903   -0.017171   -0.200096
 84   42.458099    0.000008   -0.000006   -0.020443   -0.013533   -0.236246
 85   42.267944    0.000023   -0.000010   -0.009831   -0.004190   -0.117575
 86   42.505951    0.000000    0.000012   -0.009471   -0.003128   -0.122316
 87   42.233032    0.000000   -0.000016   -0.015301   -0.003718   -0.234991
 88   42.352325    0.000031    0.000000   -0.014657   -0.000075   -0.334104
 89   42.391724    0.000092   -0.000007   -0.004617    0.003475   -0.242999
 90   42.497543    0.000061   -0.000014    0.000341    0.003409   -0.183900
 91   42.272522    0.000031    0.000021    0.001736    0.001868   -0.104152
time 9
  0    0.000000    0.000000    0.000000    0.000000   -0.000000    0.000000
  1    0.000000    0.000000    0.000000    0.000000   -0.000000    0.000000
  2    4.042603    0.000000   -3.909941    0.785396   -1.512064    0.855209
  3   50.309212   -0.435479    0.000004   -0.000017   -0.199896    0.014098
  4   30.891537   -0.000010   -0.000002   -0.057938   -0.224159    0.007690
  5   34.635597    0.000007   -0.000008   -0.057815   -0.275775    0.030910
  6   30.584290    0.000018   -0.000008   -0.061249   -0.512494    0.054295
  7   31.520187    0.000000    0.000015   -0.048230   -0.578948    0.069844
  8   34.241180  -28.000031  -41.878021    0.988627   -0.423564    0.283485
  9   34.241104   23.441811  -41.878113   -0.988632   -0.423565   -0.283480
 10   35.246696  -52.543091    1.319122   -0.000000    0.000000    0.524812
 11   35.246544   52.726322    1.318909   -0.000000   -0.000000   -0.524809
 12   34.830017  -24.891930   45.588608   -0.986745    0.430642    0.271664
 13   34.885765   27.636593   43.767807    0.986740    0.430640   -0.271663
 14   29.239319  -51.573364   94.292961    0.433289   -0.924663   -0.919513
 15   42.375061    0.000003   -0.000006   -0.136290    0.183926   -0.013424
 16   42.546066    0.000031   -0.000023   -0.083062    0.114422    0.037587
 17   42.234451    0.000015    0.000000    0.029240   -0.097345   -0.245301
 18   42.464981    0.000004    0.000000    0.150235   -0.176778   -0.383104
 19   42.458130   -0.000076    0.000000    0.108981   -0.135609   -0.249739
 20   42.267929    0.000000   -0.000008    0.256375   -0.316474   -0.388455
 21   42.505890    0.000000   -0.000015    0.008976    0.042589   -0.065056
 22   42.233185   -0.000061    0.000000   -0.235286    0.480595    0.186307
 23   42.352325    0.000015    0.000018   -0.149546    0.174609    0.114128
 24   42.391632   -0.000076    0.000000   -0.099261    0.087607    0.076295
 25   42.497467    0.000000    0.000015   -0.065586    0.051689    0.055180
 26   42.272858    0.000023    0.000015   -0.021223    0.014091    0.017200
 27   29.239330   55.382633   92.214943    1.093755   -0.499724    0.989976
 28   42.375061    0.000000    0.000008    0.097769   -0.099945   -0.096775
 29   42.546097   -0.000015    0.000015    0.087598   -0.113759   -0.097645
 30   42.234512    0.000061   -0.000011    0.014052    0.016408    0.016823
 31   42.465027   -0.000046    0.000000   -0.070844    0.223407    0.192824
 32   42.458069    0.000023   -0.000008   -0.123391    0.343273    0.345509
 33   42.267883   -0.000008    0.000000   -0.047439    0.632488    0.958474
 34   42.506050    0.000092   -0.000015   -0.036184    0.106583    0.312381
 35   42.233093   -0.000031    0.000015    0.004276    0.011940   -0.127130
 36   42.352230   -0.000092    0.000015    0.167226   -0.007410   -0.534619
 37   42.391754    0.000076    0.000015    0.295360   -0.059245   -0.440430
 38   42.497650    0.000034    0.000000    0.233976   -0.105675   -0.241000
 39   42.272644    0.000130    0.000008    0.050185   -0.032259   -0.043412
 40   29.239346  106.746620    1.740833   -0.069771    0.186327    1.560662
 41   42.375107    0.000002    0.000000    0.027984   -0.075647   -0.155769
 42   42.546112   -0.000004   -0.000001    0.007187   -0.042123   -0.076182
 43   42.234467   -0.000008   -0.000004    0.007248    0.003991   -0.163239
 44   42.465057   -0.000004   -0.000007    0.006843    0.004130   -0.194355
 45   42.458099   -0.000008   -0.000005   -0.001259    0.000206    0.033058
 46   42.267914   -0.000023    0.000002   -0.009539    0.001094    0.222433
 47   42.505920   -0.000023    0.000001   -0.010593   -0.000875    0.187130
 48   42.233154   -0.000023   -0.000012   -0.037084   -0.007157    0.489747
 49   42.352203    0.000031    0.000000   -0.033081   -0.018015    0.364403
 50   42.391693    0.000031   -0.000002   -0.014351   -0.013170    0.164459
 51   42.497681   -0.000031   -0.000015   -0.008244   -0.009373    0.100088
 52   42.272720   -0.000031    0.000004   -0.004922   -0.006376    0.062764
 53   29.239334   50.706924  -91.389076   -0.513159    0.716055    1.661165
 54   42.375053   -0.000017    0.000008   -0.193761    0.177416   -0.282493
 55   42.546066    0.000015    0.000013   -0.234974    0.295517   -0.356313
 56   42.234528   -0.000069    0.000011   -0.037423    0.025781   -0.004183
 57   42.465012    0.000023    0.000019    0.039915   -0.305413    0.293174
 58   42.458069    0.000034    0.000023    0.012077   -0.133020    0.153437
 59   42.267944   -0.000076    0.000015    0.034987   -0.217649    0.159761
 60   42.505859    0.000076    0.000000    0.060530   -0.469470    0.495143
 61   42.233170   -0.000061   -0.000015    0.051599   -0.155033    0.119038
 62   42.352249    0.000031   -0.000031   -0.180962    0.067056   -0.476220
 63   42.391754    0.000000   -0.000015   -0.225173    0.095365   -0.320618
 64   42.497650    0.000015    0.000015   -0.124473    0.065200   -0.141007
 65   42.272736   -0.000015    0.000015   -0.090469    0.054512   -0.088164
 66   29.239315  -56.044865  -91.389023   -0.933258    0.511885   -1.693730
 67   42.375092   -0.000004   -0.000006    0.167160   -0.104241    0.126777
 68   42.546143   -0.000008    0.000036    0.138191   -0.102035    0.176122
 69   42.234467    0.000019    0.000019    0.058227   -0.025225    0.072751
 70   42.465042   -0.000038   -0.000008   -0.021390    0.039180   -0.067035
 71   42.458069    0.000021   -0.000004    0.006289    0.016670   -0.017763
 72   42.267853   -0.000088    0.000008   -0.029675    0.003216   -0.096587
 73   42.505981    0.000072   -0.000011   -0.173262    0.098176   -0.272129
 74   42.233093   -0.000046    0.000025   -0.026831   -0.092264   -0.107585
 75   42.352081   -0.000061    0.000008    0.251739   -0.304983    0.108221
 76   42.391785   -0.000023    0.000046    0.121908   -0.103567    0.052063
 77   42.497620    0.000034    0.000000    0.081731   -0.059887    0.037002
 78   42.272797   -0.000011    0.000061    0.061826   -0.040023    0.029548
 79   29.239307 -106.786270    1.740908    0.071060   -0.281959   -1.072940
 80   42.375084    0.000000   -0.000004    0.033429    0.185570    0.113947
 81   42.546066    0.000011    0.000006    0.000292    0.034238    0.006033
 82   42.234512    0.000008   -0.000004    0.000536   -0.011173    0.011523
 83   42.465073    0.000008   -0.000002   -0.001018   -0.001698   -0.011563
 84   42.458038   -0.000053   -0.000001   -0.019091   -0.019276   -0.263928
 85   42.267914    0.000000   -0.000004   -0.016407   -0.011802   -0.228250
 86   42.505951    0.000015    0.000016   -0.011551   -0.005788   -0.169219
 87   42.233032    0.000015   -0.000008   -0.016916   -0.006621   -0.301264
 88   42.352234    0.000000    0.000003   -0.013791   -0.001622   -0.378380
 89   42.391754   -0.000061   -0.000005   -0.003566    0.002362   -0.245724
 90   42.497513   -0.000061   -0.000018    0.000389    0.002156   -0.166731
 91   42.272507    0.000031    0.000023    0.001246    0.001153   -0.093035
time 10
  0    0.000000    0.000000    0.000000    0.000000   -0.000000    0.000000
  1    0.000000    0.000000    0.000000    0.000000   -0.000000    0.000000
  2    2.977506    0.000000   -6.222873    0.785397   -1.528252    0.843576
  3   50.309204   -0.435479    0.000004   -0.000017   -0.199896    0.014098
  4   30.891533   -0.000011    0.000002   -0.066232   -0.230440    0.010809
  5   34.635597    0.000007    0.000002   -0.066089   -0.281955    0.035334
  6   30.584297    0.000019    0.000000   -0.070015   -0.518451    0.062066
  7   31.520195    0.000000   -0.000008   -0.055132   -0.584770    0.079840
  8   34.241196  -28.000032  -41.878006    0.989875   -0.418768    0.280163
  9   34.241119   23.441797  -41.878113   -0.989880   -0.418769   -0.280158
 10   35.246704  -52.543091    1.319138   -0.000000   -0.000000    0.519115
 11   35.246536   52.726303    1.318924   -0.000000   -0.000000   -0.519112
 12   34.830025  -24.891926   45.588608   -0.988021    0.425851    0.268324
 13   34.885780   27.636585   43.767822    0.988017    0.425850   -0.268323
 14   29.239315  -51.573349   94.292969    0.340011   -0.826528   -0.816572
 15   42.375076   -0.000003   -0.000006   -0.130404    0.131718   -0.021529
 16   42.546082    0.000044   -0.000008   -0.081153    0.102737    0.043289
 17   42.234467    0.000008    0.000011    0.022655   -0.089368   -0.213396
 18   42.464996    0.000015   -0.000004    0.194000   -0.222539   -0.451030
 19   42.458115   -0.000092    0.000008    0.127471   -0.166721   -0.273750
 20   42.268021   -0.000015   -0.000008    0.238948   -0.323295   -0.373494
 21   42.505936    0.000031    0.000015    0.031767   -0.014700   -0.092465
 22   42.233170    0.000015   -0.000031   -0.223824    0.520976    0.178680
 23   42.352295    0.000000    0.000023   -0.167949    0.208407    0.126362
 24   42.391693   -0.000046    0.000015   -0.105203    0.096202    0.080613
 25   42.497437    0.000008    0.000046   -0.070638    0.057142    0.059469
 26   42.272766    0.000023    0.000015   -0.029679    0.020896    0.025120
 27   29.239326   55.382629   92.214981    1.192201   -0.504100    0.869044
 28   42.375069   -0.000004   -0.000004    0.073525   -0.050955   -0.074480
 29   42.546066   -0.000015    0.000019    0.083708   -0.094848   -0.104745
 30   42.234451    0.000038    0.000000    0.011532    0.028432    0.021125
 31   42.465027   -0.000061   -0.000008   -0.100298    0.334901    0.308907
 32   42.458023    0.000031   -0.000004   -0.115093    0.391700    0.521589
 33   42.267914    0.000000    0.000000   -0.082297    0.341363    0.433308
 34   42.505997    0.000031    0.000031   -0.052922    0.255523    0.483797
 35   42.233086   -0.000031    0.000046   -0.003925    0.034586   -0.075903
 36   42.352242   -0.000092    0.000015    0.246574   -0.028488   -0.647131
 37   42.391724    0.000061    0.000031    0.367731   -0.107208   -0.464698
 38   42.497620    0.000057   -0.000015    0.216809   -0.128292   -0.202111
 39   42.272614    0.000160   -0.000015    0.046631   -0.036603   -0.037393
 40   29.239342  106.746620    1.740837   -0.058560    0.161490    1.408547
 41   42.375084    0.000006   -0.000004    0.020763   -0.082103   -0.131664
 42   42.546112   -0.000004   -0.000000    0.005289   -0.030965   -0.076336
 43   42.234467    0.000000   -0.000003    0.005579    0.007379   -0.189688
 44   42.465027   -0.000031   -0.000007    0.004024    0.001577   -0.154644
 45   42.458069   -0.000015   -0.000005   -0.003808    0.000535    0.137013
 46   42.267883   -0.000023   -0.000000   -0.014529    0.000025    0.353400
 47   42.505859   -0.000015    0.000005   -0.011634   -0.003024    0.210613
 48   42.233063   -0.000015   -0.000012   -0.019883   -0.007734    0.304672
 49   42.352234   -0.000061    0.000002   -0.031756   -0.018320    0.424339
 50   42.391632    0.000000   -0.000004   -0.019248   -0.019222    0.268727
 51   42.497620    0.000000   -0.000015   -0.010705   -0.015046    0.169564
 52   42.272659    0.000000    0.000000   -0.005678   -0.010106    0.102600
 53   29.239334   50.706902  -91.389107   -0.510271    0.702230    1.670205
 54   42.375076   -0.000008   -0.000004   -0.175883    0.159887   -0.242928
 55   42.546082    0.000042    0.000010   -0.216794    0.270132   -0.318058
 56   42.234497   -0.000046    0.000004   -0.041612    0.039038   -0.016020
 57   42.465012    0.000038    0.000027    0.043745   -0.268061    0.256308
 58   42.458069    0.000027    0.000011    0.010692   -0.112436    0.129521
 59   42.267975   -0.000061    0.000000    0.037206   -0.203867    0.136977
 60   42.505981    0.000114    0.000008    0.086330   -0.457693    0.450422
 61   42.233154   -0.000046   -0.000031    0.059355   -0.158537    0.095017
 62   42.352325   -0.000122   -0.000015   -0.213071    0.061765   -0.481931
 63   42.391724    0.000038    0.000000   -0.204497    0.079689   -0.265889
 64   42.497559    0.000027    0.000015   -0.115551    0.054774   -0.123128
 65   42.272675    0.000076    0.000015   -0.084927    0.046171   -0.078568
 66   29.239311  -56.044868  -91.389030   -0.978636    0.529822   -1.725949
 67   42.375099    0.000008   -0.000006    0.168112   -0.113813    0.123517
 68   42.546112    0.000011    0.000013    0.142371   -0.120801    0.178329
 69   42.234497    0.000028   -0.000031    0.068473   -0.036991    0.095284
 70   42.465057   -0.000034    0.000015   -0.032090    0.064732   -0.081422
 71   42.458099    0.000027    0.000011    0.003080    0.034707   -0.017691
 72   42.267883   -0.000072    0.000004   -0.037924    0.023032   -0.115026
 73   42.505951    0.000072   -0.000004   -0.198627    0.125925   -0.330421
 74   42.233154    0.000015    0.000004   -0.135694    0.041990   -0.218939
 75   42.352142   -0.000046    0.000000    0.197365   -0.329272    0.032828
 76   42.391785   -0.000046    0.000008    0.137590   -0.144033    0.035395
 77   42.497559    0.000015    0.000046    0.080712   -0.073923    0.019520
 78   42.272705   -0.000015    0.000000    0.064584   -0.050698    0.017899
 79   29.239311 -106.786263    1.740904    0.059334   -0.223347   -1.168486
 80   42.375114   -0.000011   -0.000002   -0.006718    0.132745   -0.031261
 81   42.546082    0.000000    0.000007    0.003656    0.036508    0.043350
 82   42.234528   -0.000004   -0.000002    0.013070    0.001866    0.217449
 83   42.465103   -0.000031    0.000001    0.008178    0.007095    0.121347
 84   42.458038   -0.000023    0.000003   -0.010392   -0.013210   -0.177524
 85   42.267944   -0.000015    0.000000   -0.018785   -0.021268   -0.343366
 86   42.505981    0.000000    0.000019   -0.011954   -0.008422   -0.208684
 87   42.233063    0.000031   -0.000010   -0.015883   -0.008972   -0.328641
 88   42.352325    0.000061    0.000002   -0.013574   -0.004190   -0.413807
 89   42.391678    0.000061   -0.000003   -0.003900    0.001004   -0.251548
 90   42.497467    0.000061   -0.000019   -0.000362    0.001249   -0.160509
 91   42.272537    0.000031    0.000021    0.000581    0.000742   -0.092111
time 11
  0    0.000000    0.000000    0.000000    0.000000   -0.000000    0.000000
  1    0.000000    0.000000    0.000000    0.000000   -0.000000    0.000000
  2    2.014496    0.000000   -8.314116    0.785397   -1.542886    0.831939
  3   50.309208   -0.435479    0.000004   -0.000017   -0.199896    0.014098
  4   30.891537   -0.000011    0.000000   -0.073732   -0.236119    0.013628
  5   34.635590    0.000007    0.000004   -0.073570   -0.287542    0.039334
  6   30.584282    0.000018    0.000004   -0.077940   -0.523836    0.069091
  7   31.520187    0.000002   -0.000008   -0.061373   -0.590034    0.088878
  8   34.241188  -28.000032  -41.877991    0.991003   -0.414432    0.277159
  9   34.241119   23.441811  -41.878098   -0.991008   -0.414433   -0.277154
 10   35.246696  -52.543098    1.319153   -0.000000   -0.000000    0.513963
 11   35.246544   52.726334    1.318924   -0.000000    0.000000   -0.513960
 12   34.830025  -24.891928   45.588600   -0.989175    0.421519    0.265304
 13   34.885788   27.636595   43.767822    0.989171    0.421518   -0.265303
 14   29.239319  -51.573357   94.292969    0.270916   -0.734257   -0.744195
 15   42.375069   -0.000015    0.000000   -0.122453    0.087957   -0.028079
 16   42.546097    0.000015    0.000000   -0.079374    0.091771    0.047564
 17   42.234512    0.000004   -0.000008    0.011269   -0.072173   -0.169844
 18   42.465057   -0.000008    0.000008    0.231771   -0.257570   -0.510088
 19   42.458145   -0.000076   -0.000015    0.155780   -0.208718   -0.312460
 20   42.267990    0.000046   -0.000008    0.215836   -0.319560   -0.352740
 21   42.505890    0.000000    0.000015    0.058332   -0.092805   -0.128150
 22   42.233208    0.000015   -0.000046   -0.198680    0.546065    0.163934
 23   42.352295    0.000031    0.000015   -0.192085    0.259716    0.142212
 24   42.391785    0.000000    0.000011   -0.112765    0.107648    0.085912
 25   42.497559    0.000053    0.000008   -0.074676    0.062126    0.062632
 26   42.272766    0.000038   -0.000015   -0.034019    0.024768    0.029079
 27   29.239330   55.382622   92.214966    1.267737   -0.505465    0.771194
 28   42.375061    0.000008   -0.000006    0.055956   -0.007452   -0.051801
 29   42.546097   -0.000031    0.000010    0.073062   -0.069786   -0.094495
 30   42.234467    0.000031    0.000000    0.010831    0.037277    0.021384
 31   42.465042   -0.000046    0.000000   -0.100523    0.348712    0.311455
 32   42.458069    0.000015    0.000015   -0.113240    0.409313    0.538833
 33   42.267883   -0.000031    0.000000   -0.075055    0.273015    0.323483
 34   42.506027    0.000031    0.000031   -0.065313    0.284780    0.468512
 35   42.233078   -0.000092    0.000031   -0.011639    0.050534   -0.036390
 36   42.352257   -0.000092    0.000015    0.260396   -0.033642   -0.637139
 37   42.391708    0.000046    0.000015    0.367565   -0.113126   -0.447039
 38   42.497681    0.000057   -0.000015    0.218971   -0.130641   -0.198408
 39   42.272614    0.000145   -0.000008    0.052829   -0.041810   -0.041140
 40   29.239346  106.746605    1.740834   -0.047124    0.133545    1.275245
 41   42.375069    0.000006   -0.000006    0.034688   -0.072404   -0.274716
 42   42.546112   -0.000011   -0.000001    0.003276   -0.021850   -0.075024
 43   42.234497    0.000019   -0.000003    0.000839    0.006343   -0.047659
 44   42.465042    0.000031   -0.000007    0.000621    0.000489   -0.029811
 45   42.458069    0.000015   -0.000004   -0.006850   -0.000085    0.251972
 46   42.267944    0.000031    0.000002   -0.014700   -0.002578    0.367179
 47   42.505951    0.000000    0.000003   -0.008840   -0.003910    0.183681
 48   42.233185    0.000000   -0.000014   -0.013071   -0.007293    0.246462
 49   42.352203   -0.000061   -0.000002   -0.027159   -0.018597    0.457864
 50   42.391647    0.000000   -0.000006   -0.020083   -0.023274    0.366451
 51   42.497635   -0.000031   -0.000011   -0.009733   -0.018294    0.228357
 52   42.272709   -0.000031    0.000004   -0.004081   -0.011314    0.128179
 53   29.239334   50.706909  -91.389107   -0.504401    0.686922    1.680650
 54   42.375107   -0.000012   -0.000004   -0.159519    0.142081   -0.207229
 55   42.546066    0.000036    0.000011   -0.196751    0.240233   -0.277209
 56   42.234512   -0.000038    0.000011   -0.048246    0.055377   -0.031015
 57   42.465042    0.000038    0.000000    0.044688   -0.226676    0.218390
 58   42.458069    0.000038    0.000004    0.008340   -0.091913    0.108451
 59   42.268005   -0.000076    0.000027    0.036878   -0.185611    0.114170
 60   42.505981    0.000069    0.000000    0.108293   -0.437611    0.396733
 61   42.233185   -0.000061    0.000015    0.069212   -0.168701    0.083193
 62   42.352249   -0.000031    0.000015   -0.230147    0.052185   -0.466155
 63   42.391815    0.000042    0.000031   -0.185339    0.064513   -0.225430
 64   42.497498    0.000031   -0.000015   -0.106906    0.044474   -0.109059
 65   42.272736    0.000000    0.000000   -0.079680    0.038075   -0.071033
 66   29.239323  -56.044876  -91.389053   -0.973230    0.551601   -1.706526
 67   42.375092    0.000000   -0.000011    0.173499   -0.128086    0.131231
 68   42.546127    0.000000    0.000025    0.148481   -0.141479    0.196460
 69   42.234436    0.000033    0.000000    0.060308   -0.028445    0.080262
 70   42.465012   -0.000042    0.000015   -0.059215    0.100288   -0.132322
 71   42.458099    0.000023   -0.000011   -0.013520    0.059524   -0.050764
 72   42.267944   -0.000065    0.000008   -0.044656    0.031673   -0.132736
 73   42.505951    0.000046    0.000019   -0.207599    0.148912   -0.345151
 74   42.233093    0.000031   -0.000038   -0.097063    0.000439   -0.185719
 75   42.352173    0.000000    0.000008    0.218320   -0.347899    0.052530
 76   42.391754    0.000015   -0.000008    0.131215   -0.135699    0.037142
 77   42.497559    0.000046   -0.000046    0.083269   -0.073839    0.024230
 78   42.272705    0.000046    0.000015    0.065809   -0.050309    0.021329
 79   29.239311 -106.786316    1.740909    0.047528   -0.168965   -1.223853
 80   42.375084    0.000002   -0.000004   -0.015670    0.090078   -0.092780
 81   42.546021    0.000004    0.000007    0.000700    0.032418    0.012177
 82   42.234497   -0.000008   -0.000001    0.012640    0.004137    0.266481
 83   42.465088   -0.000031    0.000004    0.010199    0.008455    0.193027
 84   42.458084    0.000023    0.000002   -0.004075   -0.005467   -0.088208
 85   42.267853   -0.000023   -0.000001   -0.012796   -0.017461   -0.307322
 86   42.505951    0.000015    0.000021   -0.009334   -0.008586   -0.204923
 87   42.233063    0.000015   -0.000010   -0.012067   -0.009198   -0.291940
 88   42.352295    0.000046    0.000001   -0.012922   -0.007266   -0.402922
 89   42.391754    0.000031   -0.000004   -0.005976   -0.001148   -0.281982
 90   42.497559    0.000092   -0.000018   -0.002012    0.000374   -0.185891
 91   42.272491    0.000031    0.000026   -0.000328    0.000317   -0.079686
time 12
  0    0.000000    0.000000    0.000000    0.000000   -0.000000    0.000000
  1    0.000000    0.000000    0.000000    0.000000   -0.000000    0.000000
  2    1.194405    0.000000  -10.095003    0.785401   -1.555351    0.820304
  3   50.309212   -0.435479    0.000004   -0.000017   -0.199896    0.014098
  4   30.891537   -0.000011   -0.000001   -0.080118   -0.240955    0.016029
  5   34.635605    0.000007   -0.000004   -0.079941   -0.292301    0.042740
  6   30.584290    0.000019    0.000000   -0.084690   -0.528423    0.075075
  7   31.520187    0.000000    0.000008   -0.066688   -0.594516    0.096575
  8   34.241199  -28.000032  -41.877991    0.991964   -0.410739    0.274601
  9   34.241127   23.441799  -41.878082   -0.991968   -0.410740   -0.274596
 10   35.246719  -52.543091    1.319153   -0.000000   -0.000000    0.509576
 11   35.246552   52.726318    1.318939   -0.000000    0.000000   -0.509573
 12   34.830032  -24.891928   45.588608   -0.990158    0.417831    0.262732
 13   34.885788   27.636581   43.767822    0.990154    0.417829   -0.262731
 14   29.239325  -51.573326   94.292931    0.216026   -0.651632   -0.691561
 15   42.375076    0.000013   -0.000011   -0.113822    0.053979   -0.033025
 16   42.546082    0.000048   -0.000011   -0.077400    0.080698    0.049348
 17   42.234451    0.000011    0.000008    0.000106   -0.053166   -0.127086
 18   42.465012    0.000023    0.000004    0.249331   -0.272390   -0.538303
 19   42.458099   -0.000099    0.000008    0.201083   -0.264052   -0.375979
 20   42.267883   -0.000015    0.000000    0.191151   -0.308356   -0.329806
 21   42.505913   -0.000031    0.000000    0.083209   -0.177392   -0.166997
 22   42.233192    0.000000   -0.000031   -0.161254    0.543203    0.142375
 23   42.352325    0.000000   -0.000015   -0.218564    0.330891    0.159845
 24   42.391754   -0.000061    0.000015   -0.121925    0.122199    0.092307
 25   42.497498   -0.000008    0.000023   -0.079645    0.068269    0.066542
 26   42.272705    0.000008    0.000000   -0.039391    0.029612    0.033952
 27   29.239338   55.382626   92.214943    1.322408   -0.509620    0.697798
 28   42.375069   -0.000015    0.000000    0.044711    0.030772   -0.032547
 29   42.546097   -0.000023    0.000027    0.064280   -0.046219   -0.084413
 30   42.234467    0.000046    0.000004    0.008224    0.050377    0.026222
 31   42.465042   -0.000046    0.000000   -0.101807    0.363290    0.321108
 32   42.458038   -0.000008   -0.000023   -0.110671    0.397537    0.515679
 33   42.267853    0.000000    0.000015   -0.069022    0.240538    0.264352
 34   42.506012    0.000076    0.000000   -0.077117    0.292702    0.432067
 35   42.233093    0.000000    0.000031   -0.013677    0.058310   -0.037481
 36   42.352196   -0.000092    0.000015    0.295056   -0.043595   -0.639544
 37   42.391754    0.000061    0.000000    0.352255   -0.120712   -0.402473
 38   42.497681    0.000038   -0.000046    0.206679   -0.126782   -0.180595
 39   42.272675    0.000122   -0.000031    0.052414   -0.041543   -0.039390
 40   29.239349  106.746605    1.740841   -0.035499    0.103655    1.143860
 41   42.375053   -0.000008   -0.000001    0.047265   -0.051401   -0.521822
 42   42.546104   -0.000015   -0.000000    0.000887   -0.014707   -0.036660
 43   42.234436    0.000031   -0.000003   -0.001621    0.004496    0.197954
 44   42.465057    0.000015   -0.000005   -0.001686    0.000288    0.094255
 45   42.458038    0.000000   -0.000001   -0.007572   -0.001191    0.305382
 46   42.267914    0.000008    0.000002   -0.012374   -0.004055    0.365335
 47   42.505859    0.000015    0.000010   -0.006327   -0.003867    0.169066
 48   42.233093   -0.000015   -0.000011   -0.008281   -0.006042    0.210025
 49   42.352264    0.000000    0.000004   -0.020448   -0.016642    0.471580
 50   42.391769    0.000000   -0.000004   -0.018027   -0.023839    0.465505
 51   42.497635   -0.000031   -0.000015   -0.006879   -0.017900    0.276664
 52   42.272717    0.000000    0.000000   -0.002093   -0.010564    0.151614
 53   29.239340   50.706894  -91.389046   -0.494623    0.669572    1.692824
 54   42.375061   -0.000011    0.000011   -0.144954    0.124909   -0.175776
 55   42.546036    0.000017    0.000006   -0.176244    0.208293   -0.236400
 56   42.234543   -0.000069    0.000002   -0.056733    0.072140   -0.047160
 57   42.465012    0.000008   -0.000004    0.042296   -0.183344    0.180768
 58   42.458038    0.000011    0.000011    0.005005   -0.071105    0.089763
 59   42.267944   -0.000103    0.000011    0.034096   -0.163841    0.092639
 60   42.505890    0.000107   -0.000008    0.123106   -0.407590    0.336901
 61   42.233215   -0.000015   -0.000015    0.082792   -0.185261    0.085611
 62   42.352356    0.000000    0.000015   -0.231104    0.038051   -0.436918
 63   42.391754    0.000019    0.000031   -0.169942    0.050447   -0.198127
 64   42.497559    0.000046   -0.000031   -0.098642    0.034335   -0.098289
 65   42.272827    0.000000    0.000031   -0.074655    0.030185   -0.065256
 66   29.239317  -56.044846  -91.388954   -0.962591    0.575244   -1.680880
 67   42.375084   -0.000004    0.000011    0.179021   -0.145168    0.140574
 68   42.546082   -0.000008    0.000011    0.153061   -0.163742    0.216190
 69   42.234451    0.000017   -0.000004    0.050892   -0.017544    0.060919
 70   42.465012   -0.000050    0.000008   -0.090229    0.140233   -0.191546
 71   42.458099    0.000042    0.000013   -0.032543    0.090204   -0.088842
 72   42.267944   -0.000076    0.000011   -0.049147    0.039474   -0.147546
 73   42.505981    0.000076   -0.000011   -0.208834    0.168464   -0.351097
 74   42.233124    0.000015   -0.000023   -0.057251   -0.049248   -0.151522
 75   42.352203   -0.000015    0.000023    0.233686   -0.360899    0.070499
 76   42.391846   -0.000015   -0.000015    0.126533   -0.129459    0.039703
 77   42.497528    0.000000    0.000000    0.085374   -0.073804    0.029103
 78   42.272583   -0.000015    0.000000    0.066558   -0.049876    0.024819
 79   29.239317 -106.786240    1.740901    0.035666   -0.119268   -1.265077
 80   42.375046    0.000000   -0.000003   -0.011265    0.057964   -0.092862
 81   42.546051   -0.000002    0.000002   -0.001714    0.025336   -0.027258
 82   42.234512   -0.000011   -0.000008    0.007337    0.003481    0.212983
 83   42.465027    0.000008   -0.000007    0.007687    0.005704    0.203826
 84   42.458038    0.000008   -0.000006   -0.000868   -0.001158   -0.025487
 85   42.267853    0.000015   -0.000007   -0.006298   -0.008831   -0.199605
 86   42.505920   -0.000008    0.000015   -0.004841   -0.005301   -0.142409
 87   42.233093   -0.000008   -0.000012   -0.006387   -0.006165   -0.193150
 88   42.352325   -0.000008   -0.000002   -0.008858   -0.007401   -0.298912
 89   42.391724   -0.000031   -0.000007   -0.007502   -0.004437   -0.297150
 90   42.497589    0.000000   -0.000020   -0.003720   -0.001266   -0.182262
 91   42.272522   -0.000031    0.000018   -0.000522   -0.000094   -0.029668
time 13
  0    0.000000    0.000000    0.000000    0.000000   -0.000000    0.000000
  1    0.000000    0.000000    0.000000    0.000000   -0.000000    0.000000
  2    0.558070    0.000000  -11.476848    0.785373   -1.565029    0.808700
  3   50.309212   -0.435479    0.000004   -0.000017   -0.199896    0.014098
  4   30.891541   -0.000011    0.000000   -0.085074   -0.244707    0.017892
  5   34.635597    0.000007   -0.000006   -0.084885   -0.295993    0.045383
  6   30.584290    0.000017    0.000000   -0.089927   -0.531981    0.079717
  7   31.520180   -0.000000    0.000008   -0.070812   -0.597995    0.102547
  8   34.241196  -28.000036  -41.878006    0.992709   -0.407874    0.272617
  9   34.241135   23.441797  -41.878082   -0.992714   -0.407875   -0.272612
 10   35.246708  -52.543083    1.319138   -0.000000   -0.000000    0.506172
 11   35.246540   52.726303    1.318924   -0.000000    0.000000   -0.506169
 12   34.830013  -24.891926   45.588608   -0.990921    0.414968    0.260737
 13   34.885777   27.636583   43.767815    0.990916    0.414967   -0.260736
 14   29.239319  -51.573391   94.292992    0.169345   -0.580554   -0.651637
 15   42.375076    0.000004    0.000004   -0.105714    0.029655   -0.036373
 16   42.546066    0.000031    0.000008   -0.075007    0.069547    0.048452
 17   42.234497    0.000019   -0.000015   -0.008977   -0.036171   -0.090893
 18   42.464951    0.000023    0.000008    0.242821   -0.266541   -0.529999
 19   42.458054   -0.000069   -0.000004    0.265206   -0.326076   -0.466799
 20   42.267944    0.000061   -0.000046    0.168568   -0.293658   -0.308514
 21   42.505898    0.000000   -0.000015    0.103947   -0.256871   -0.205583
 22   42.233154   -0.000031    0.000000   -0.116773    0.504045    0.114855
 23   42.352234    0.000061   -0.000015   -0.241276    0.421303    0.177377
 24   42.391693   -0.000046   -0.000011   -0.132855    0.140550    0.100106
 25   42.497498    0.000023    0.000008   -0.085671    0.075706    0.071421
 26   42.272797    0.000023   -0.000031   -0.045840    0.035456    0.039844
 27   29.239328   55.382587   92.214943    1.358458   -0.520099    0.649694
 28   42.375084   -0.000008    0.000006    0.038097    0.062650   -0.016240
 29   42.546082   -0.000031    0.000027    0.057043   -0.024446   -0.074247
 30   42.234467    0.000053    0.000004    0.003615    0.068259    0.036109
 31   42.464996   -0.000061    0.000008   -0.103467    0.376651    0.334910
 32   42.458038    0.000015   -0.000023   -0.106197    0.360688    0.458260
 33   42.267899   -0.000015    0.000000   -0.067886    0.230891    0.229681
 34   42.506012    0.000092    0.000000   -0.088832    0.293560    0.402098
 35   42.233086   -0.000061    0.000046   -0.003472    0.052473   -0.085728
 36   42.352249   -0.000092    0.000000    0.343042   -0.060038   -0.637986
 37   42.391663    0.000061    0.000000    0.319485   -0.124885   -0.338825
 38   42.497681    0.000061    0.000015    0.184537   -0.117400   -0.154724
 39   42.272614    0.000137   -0.000038    0.047290   -0.037229   -0.034158
 40   29.239351  106.746666    1.740820   -0.023733    0.071995    1.010454
 41   42.375076   -0.000008   -0.000007    0.040631   -0.031352   -0.688567
 42   42.546127    0.000008    0.000001    0.000555   -0.008712   -0.051727
 43   42.234482   -0.000015   -0.000003   -0.000992    0.001743    0.328595
 44   42.465088   -0.000008   -0.000008   -0.003172    0.000606    0.272602
 45   42.458038   -0.000031   -0.000007   -0.005811   -0.001574    0.312856
 46   42.267883   -0.000015    0.000001   -0.009360   -0.004055    0.389440
 47   42.505920    0.000000    0.000005   -0.004621   -0.003498    0.182775
 48   42.233093    0.000031   -0.000012   -0.004686   -0.004293    0.183390
 49   42.352234    0.000000   -0.000000   -0.011733   -0.011554    0.428020
 50   42.391678    0.000031   -0.000005   -0.013446   -0.019319    0.548279
 51   42.497620   -0.000061   -0.000010   -0.004093   -0.014186    0.320036
 52   42.272743    0.000000    0.000004   -0.000693   -0.008173    0.175166
 53   29.239332   50.706917  -91.389091   -0.479991    0.649691    1.707045
 54   42.375107   -0.000010   -0.000008   -0.132403    0.109283   -0.148813
 55   42.546082    0.000029    0.000011   -0.156581    0.177051   -0.197950
 56   42.234558   -0.000034    0.000005   -0.065846    0.086530   -0.062075
 57   42.464996    0.000038   -0.000021    0.036478   -0.140044    0.144193
 58   42.458008    0.000042   -0.000015    0.000686   -0.050024    0.072919
 59   42.267944   -0.000088    0.000011    0.029381   -0.140010    0.073359
 60   42.505920    0.000099   -0.000008    0.128359   -0.367990    0.275464
 61   42.233154   -0.000015    0.000015    0.099699   -0.205780    0.099762
 62   42.352295   -0.000046    0.000000   -0.217223    0.018802   -0.400719
 63   42.391724    0.000023    0.000000   -0.158707    0.037428   -0.181545
 64   42.497589    0.000023   -0.000015   -0.090706    0.024328   -0.090224
 65   42.272736    0.000015    0.000000   -0.069745    0.022455   -0.060924
 66   29.239317  -56.044876  -91.389023   -0.946331    0.600984   -1.648173
 67   42.375099    0.000000   -0.000010    0.184028   -0.165048    0.151121
 68   42.546112    0.000000    0.000004    0.154906   -0.186061    0.235442
 69   42.234482    0.000015    0.000000    0.041267   -0.005563    0.038638
 70   42.464996   -0.000031    0.000008   -0.123893    0.182886   -0.256709
 71   42.458130    0.000034    0.000004   -0.053598    0.126903   -0.131088
 72   42.267944   -0.000072    0.000015   -0.050377    0.045745   -0.157543
 73   42.505981    0.000046    0.000023   -0.201933    0.181847   -0.348662
 74   42.233093    0.000031    0.000000   -0.021680   -0.099640   -0.120551
 75   42.352142   -0.000076    0.000031    0.243701   -0.370268    0.086363
 76   42.391785   -0.000015   -0.000015    0.124493   -0.126316    0.043629
 77   42.497528    0.000046   -0.000031    0.087138   -0.074055    0.034114
 78   42.272705    0.000031   -0.000015    0.066937   -0.049550    0.028351
 79   29.239307 -106.786247    1.740921    0.023774   -0.074449   -1.304358
 80   42.375076    0.000000   -0.000005   -0.006110    0.033126   -0.079037
 81   42.546021    0.000002    0.000004   -0.001992    0.016915   -0.048698
 82   42.234497    0.000000   -0.000006    0.003076    0.002529    0.137153
 83   42.465027    0.000015   -0.000002    0.003811    0.002255    0.163047
 84   42.458099    0.000000   -0.000003    0.000664    0.000823    0.027986
 85   42.267853    0.000008   -0.000002   -0.001453   -0.002025   -0.067429
 86   42.505981   -0.000008    0.000017   -0.000973   -0.001231   -0.043132
 87   42.233002    0.000015   -0.000010   -0.001082   -0.001294   -0.047009
 88   42.352264   -0.000015    0.000002   -0.001857   -0.002183   -0.082706
 89   42.391693   -0.000015   -0.000002   -0.002829   -0.003141   -0.128702
 90   42.497559    0.000008   -0.000016   -0.001879   -0.001786   -0.083463
 91   42.272522    0.000046    0.000022    0.000004   -0.000001    0.000000
time 14
  0    0.000000    0.000000    0.000000    0.000000   -0.000000    0.000000
  1    0.000000    0.000000    0.000000    0.000000   -0.000000    0.000000
  2    0.146324    0.000000  -12.370982    1.582432   -1.571285    0.000000
  3   50.309204   -0.435479    0.000004   -0.000017   -0.199896    0.014098
  4   30.891537   -0.000011    0.000001   -0.088280   -0.247135    0.019098
  5   34.635597    0.000007   -0.000002   -0.088083   -0.298382    0.047093
  6   30.584290    0.000017    0.000004   -0.093315   -0.534284    0.082721
  7   31.520187    0.000000    0.000015   -0.073480   -0.600245    0.106411
  8   34.241192  -28.000034  -41.878006    0.993191   -0.406020    0.271333
  9   34.241123   23.441799  -41.878098   -0.993196   -0.406021   -0.271328
 10   35.246696  -52.543083    1.319138   -0.000000   -0.000000    0.503970
 11   35.246548   52.726315    1.318924   -0.000000    0.000000   -0.503967
 12   34.830013  -24.891922   45.588600   -0.991415    0.413116    0.259445
 13   34.885769   27.636585   43.767807    0.991410    0.413115   -0.259444
 14   29.239315  -51.573360   94.292976    0.127143   -0.521813   -0.619683
 15   42.375053   -0.000013   -0.000015   -0.098948    0.013912   -0.038264
 16   42.546082    0.000025   -0.000011   -0.072176    0.058981    0.045383
 17   42.234467    0.000019    0.000008   -0.015935   -0.022236   -0.062196
 18   42.465027    0.000023    0.000031    0.216366   -0.243583   -0.491055
 19   42.458099   -0.000092   -0.000008    0.345028   -0.382722   -0.581604
 20   42.267975    0.000031   -0.000015    0.150996   -0.279741   -0.292429
 21   42.505882    0.000031   -0.000061    0.120162   -0.323656   -0.241820
 22   42.233089    0.000000   -0.000061   -0.071996    0.424518    0.081616
 23   42.352325    0.000046    0.000000   -0.252174    0.526777    0.194895
 24   42.391754   -0.000061    0.000002   -0.146034    0.164278    0.109904
 25   42.497528   -0.000031   -0.000008   -0.093145    0.084896    0.077725
 26   42.272827    0.000038    0.000015   -0.053684    0.042552    0.047142
 27   29.239330   55.382626   92.214989    1.376817   -0.540109    0.628407
 28   42.375092    0.000008   -0.000011    0.034642    0.087801   -0.002736
 29   42.546097   -0.000008    0.000000    0.050983   -0.004666   -0.063481
 30   42.234467    0.000053    0.000004   -0.002837    0.090681    0.051017
 31   42.465042   -0.000038   -0.000008   -0.103561    0.378731    0.341171
 32   42.458069    0.000027   -0.000015   -0.097293    0.309099    0.376856
 33   42.267822    0.000000    0.000000   -0.073140    0.239611    0.214668
 34   42.506012    0.000076    0.000046   -0.100816    0.288784    0.375569
 35   42.233101   -0.000031    0.000046    0.027723    0.032017   -0.176920
 36   42.352234   -0.000092    0.000031    0.380303   -0.081809   -0.602364
 37   42.391785    0.000069   -0.000031    0.278624   -0.123083   -0.274360
 38   42.497620    0.000023    0.000015    0.158011   -0.103975   -0.126897
 39   42.272583    0.000137    0.000008    0.039405   -0.030434   -0.027238
 40   29.239346  106.746628    1.740837   -0.011882    0.038521    0.881833
 41   42.375069    0.000000   -0.000004    0.022670   -0.016153   -0.722518
 42   42.546104   -0.000015   -0.000001    0.000341   -0.003861   -0.062389
 43   42.234467   -0.000031   -0.000002   -0.000449    0.000099    0.258888
 44   42.465057    0.000038   -0.000008   -0.002672    0.000535    0.456151
 45   42.458069    0.000015   -0.000004   -0.003665   -0.001323    0.347771
 46   42.267914    0.000015    0.000002   -0.005185   -0.002870    0.403169
 47   42.505905   -0.000015    0.000004   -0.002950   -0.002708    0.229259
 48   42.233124   -0.000031   -0.000011   -0.002274   -0.002686    0.185650
 49   42.352249    0.000000    0.000002   -0.005031   -0.006460    0.400269
 50   42.391693    0.000000   -0.000006   -0.005866   -0.010705    0.555543
 51   42.497620    0.000000   -0.000011   -0.001255   -0.007322    0.322357
 52   42.272705    0.000000    0.000001    0.000111   -0.004091    0.177431
 53   29.239319   50.706898  -91.389076   -0.459502    0.626881    1.723653
 54   42.375099   -0.000003   -0.000004   -0.121978    0.095912   -0.126381
 55   42.546097    0.000038    0.000008   -0.138968    0.149104   -0.163831
 56   42.234543   -0.000057    0.000003   -0.074161    0.096743   -0.073751
 57   42.464966    0.000038   -0.000002    0.027562   -0.098899    0.109270
 58   42.458069    0.000038    0.000004   -0.004588   -0.029077    0.057317
 59   42.267944   -0.000107    0.000027    0.023420   -0.115546    0.056761
 60   42.505920    0.000122    0.000011    0.124002   -0.321953    0.217401
 61   42.233093   -0.000046   -0.000046    0.116990   -0.225401    0.119889
 62   42.352234    0.000000   -0.000015   -0.190562   -0.005891   -0.360750
 63   42.391663    0.000050   -0.000031   -0.151084    0.024853   -0.173343
 64   42.497620    0.000046    0.000031   -0.082990    0.014395   -0.084294
 65   42.272705    0.000031    0.000000   -0.064837    0.014838   -0.057724
 66   29.239304  -56.044857  -91.389030   -0.923890    0.629007   -1.607304
 67   42.375076   -0.000008   -0.000010    0.187854   -0.187881    0.162403
 68   42.546097   -0.000011    0.000031    0.153182   -0.206578    0.251540
 69   42.234451    0.000023    0.000015    0.032583    0.006099    0.015555
 70   42.464996   -0.000046    0.000015   -0.158602    0.226496   -0.324760
 71   42.458099    0.000031    0.000015   -0.076276    0.169460   -0.176793
 72   42.267914   -0.000076    0.000008   -0.048292    0.050504   -0.162183
 73   42.505951    0.000061   -0.000015   -0.187908    0.187206   -0.339478
 74   42.233063    0.000000    0.000000    0.006030   -0.143541   -0.095269
 75   42.352203   -0.000015   -0.000015    0.250012   -0.379530    0.100494
 76   42.391815   -0.000015   -0.000008    0.125030   -0.126414    0.049048
 77   42.497528    0.000046    0.000000    0.088697   -0.074795    0.039258
 78   42.272705    0.000015    0.000076    0.064846   -0.047790    0.030839
 79   29.239307 -106.786285    1.740904    0.011880   -0.034351   -1.341964
 80   42.375107   -0.000004   -0.000003   -0.002098    0.014061   -0.056827
 81   42.546066    0.000008    0.000004   -0.000938    0.008227   -0.045714
 82   42.234543   -0.000010   -0.000006    0.000667    0.001293    0.061268
 83   42.465103   -0.000015   -0.000002    0.000717   -0.000224    0.067902
 84   42.458160   -0.000015   -0.000001    0.000629    0.000805    0.053984
 85   42.267914   -0.000008   -0.000003    0.000908    0.001217    0.078494
 86   42.506042   -0.000015    0.000019    0.000752    0.001115    0.068192
 87   42.233002   -0.000015   -0.000010    0.001004    0.001596    0.093509
 88   42.352386   -0.000031    0.000000    0.001577    0.002678    0.149153
 89   42.391724   -0.000076   -0.000008    0.001635    0.003268    0.169265
 90   42.497589    0.000000   -0.000017    0.001133    0.002906    0.140399
 91   42.272491    0.000000    0.000022    0.000227    0.000795    0.036690
time 15
  0    0.000000    0.000000    0.000000    0.000000   -0.000000    0.000000
  1    0.000000    0.000000    0.000000    0.000000   -0.000000    0.000000
  2    0.000000    0.000000  -12.688735    0.785390   -1.573515    0.785390
  3   50.309212   -0.435479    0.000004   -0.000017   -0.199896    0.014098
  4   30.891541   -0.000011    0.000001   -0.089420   -0.247998    0.019526
  5   34.635593    0.000007    0.000002   -0.089220   -0.299231    0.047701
  6   30.584282    0.000019    0.000000   -0.094520   -0.535102    0.083788
  7   31.520187   -0.000001    0.000008   -0.074429   -0.601045    0.107784
  8   34.241196  -28.000031  -41.878021    0.993362   -0.405361    0.270876
  9   34.241127   23.441803  -41.878113   -0.993368   -0.405362   -0.270871
 10   35.246696  -52.543079    1.319138   -0.000000   -0.000000    0.503187
 11   35.246536   52.726322    1.318909   -0.000000   -0.000000   -0.503184
 12   34.830013  -24.891922   45.588608   -0.991590    0.412458    0.258987
 13   34.885765   27.636589   43.767815    0.991585    0.412457   -0.258986
 14   29.239319  -51.573330   94.292969    0.086918   -0.475642   -0.592346
 15   42.375061   -0.000006    0.000000   -0.093904    0.005292   -0.039018
 16   42.546097    0.000017    0.000023   -0.069116    0.049960    0.041146
 17   42.234482    0.000000   -0.000008   -0.021088   -0.011342   -0.040381
 18   42.464996    0.000023   -0.000008    0.177397   -0.208392   -0.431367
 19   42.458099   -0.000061    0.000008    0.431867   -0.421708   -0.711414
 20   42.267914    0.000046   -0.000031    0.141293   -0.271964   -0.285771
 21   42.505913    0.000000    0.000000    0.131371   -0.371610   -0.272969
 22   42.233128   -0.000031   -0.000031   -0.033832    0.307694    0.042934
 23   42.352310    0.000015   -0.000031   -0.241194    0.634343    0.214437
 24   42.391724   -0.000061   -0.000013   -0.162945    0.197327    0.123339
 25   42.497528   -0.000015   -0.000015   -0.102627    0.096574    0.086094
 26   42.272888    0.000053   -0.000031   -0.063369    0.051237    0.056411
 27   29.239342   55.382656   92.214973    1.376172   -0.572598    0.637131
 28   42.375076    0.000019    0.000008    0.033275    0.105673    0.007544
 29   42.546112   -0.000011    0.000002    0.045756    0.012823   -0.051506
 30   42.234467    0.000069   -0.000008   -0.010210    0.115485    0.069060
 31   42.465042   -0.000031    0.000000   -0.099912    0.357459    0.323731
 32   42.458084    0.000015   -0.000015   -0.083685    0.256446    0.286218
 33   42.267944    0.000015    0.000015   -0.086558    0.266180    0.222438
 34   42.506058    0.000061    0.000076   -0.110674    0.272524    0.337578
 35   42.233101    0.000000    0.000076    0.085197    0.001020   -0.289248
 36   42.352264   -0.000122    0.000031    0.379219   -0.102607   -0.519488
 37   42.391693    0.000076    0.000000    0.242775   -0.117712   -0.223727
 38   42.497589    0.000053    0.000000    0.132406   -0.088986   -0.102062
 39   42.272644    0.000137    0.000004    0.030790   -0.022915   -0.020254
 40   29.239353  106.746689    1.740858    0.000002    0.002693    0.766727
 41   42.375061    0.000008   -0.000001    0.001633   -0.000137   -0.651239
 42   42.546108   -0.000015    0.000000    0.000098   -0.000144   -0.048707
 43   42.234467    0.000015   -0.000004   -0.000396   -0.000031    0.214760
 44   42.465042   -0.000038   -0.000006   -0.000858   -0.000211    0.501140
 45   42.458069    0.000000   -0.000003   -0.000491   -0.000489    0.371280
 46   42.267883   -0.000008    0.000001   -0.000316   -0.000714    0.421148
 47   42.505890   -0.000015    0.000007    0.000003   -0.000534    0.282944
 48   42.233109   -0.000031   -0.000012    0.000129   -0.000434    0.239553
 49   42.352219    0.000000    0.000003    0.000427   -0.000732    0.459484
 50   42.391663   -0.000031   -0.000003    0.000664   -0.000438    0.428900
 51   42.497658   -0.000031   -0.000013    0.000453   -0.000070    0.242102
 52   42.272682    0.000000    0.000002    0.000272    0.000024    0.143275
 53   29.239334   50.706898  -91.389107   -0.432061    0.600868    1.743024
 54   42.375114   -0.000007   -0.000011   -0.113750    0.085252   -0.108424
 55   42.546082    0.000031    0.000027   -0.124365    0.126344   -0.135463
 56   42.234589   -0.000038   -0.000012   -0.080724    0.102695   -0.081283
 57   42.465042    0.000034    0.000010    0.016380   -0.062130    0.076796
 58   42.458038    0.000019    0.000000   -0.010696   -0.009107    0.042418
 59   42.267914   -0.000086    0.000023    0.016837   -0.091609    0.042790
 60   42.505920    0.000072    0.000015    0.112647   -0.274659    0.166828
 61   42.233185   -0.000046    0.000031    0.130677   -0.238145    0.139815
 62   42.352264   -0.000015    0.000000   -0.154038   -0.035464   -0.318029
 63   42.391693    0.000045    0.000015   -0.145913    0.011728   -0.171449
 64   42.497559    0.000053   -0.000031   -0.075412    0.004492   -0.079967
 65   42.272766    0.000000   -0.000015   -0.059853    0.007312   -0.055359
 66   29.239326  -56.044899  -91.389076   -0.894463    0.659418   -1.556801
 67   42.375122    0.000004    0.000004    0.189922   -0.214379    0.174119
 68   42.546097   -0.000010    0.000031    0.147534   -0.222733    0.260847
 69   42.234451    0.000027    0.000008    0.025827    0.016224   -0.005859
 70   42.465012   -0.000027   -0.000008   -0.192431    0.269464   -0.392058
 71   42.458130    0.000027   -0.000004   -0.100069    0.217071   -0.225166
 72   42.267944   -0.000053   -0.000023   -0.043360    0.053242   -0.161843
 73   42.505981    0.000061    0.000031   -0.169894    0.186310   -0.326551
 74   42.233109    0.000000    0.000031    0.024738   -0.176957   -0.076711
 75   42.352203    0.000000    0.000046    0.254548   -0.392205    0.113625
 76   42.391815    0.000000   -0.000015    0.127564   -0.129477    0.055750
 77   42.497528    0.000015    0.000015    0.090175   -0.076189    0.044560
 78   42.272705    0.000008   -0.000046    0.062378   -0.046136    0.032972
 79   29.239323 -106.786255    1.740884   -0.000002    0.001370   -1.382897
 80   42.375084   -0.000002   -0.000004    0.000032   -0.000653   -0.023246
 81   42.546005    0.000008    0.000002    0.000014   -0.000451   -0.020143
 82   42.234497   -0.000006   -0.000007   -0.000003   -0.000029    0.012188
 83   42.465103    0.000004   -0.000004    0.000005    0.000025   -0.020841
 84   42.458069    0.000008   -0.000003   -0.000009    0.000068    0.035789
 85   42.267853    0.000004   -0.000009   -0.000055    0.000317    0.168748
 86   42.505981   -0.000031    0.000018   -0.000093    0.000261    0.145723
 87   42.233063    0.000015   -0.000014   -0.000134    0.000252    0.149824
 88   42.352295   -0.000031    0.000001   -0.000239    0.000322    0.211321
 89   42.391724   -0.000031   -0.000006   -0.000286    0.000252    0.200689
 90   42.497559    0.000000   -0.000020   -0.000289    0.000167    0.175195
 91   42.272461    0.000000    0.000019   -0.000157    0.000056    0.087105
time 16
  0    0.000000    0.000000    0.000000    0.000000   -0.000000    0.000000
  1    0.000000    0.000000    0.000000    0.000000   -0.000000    0.000000
  2    0.146323    0.000000  -12.370985    1.582432   -1.571285    0.000000
  3   50.309212   -0.435479    0.000004   -0.000017   -0.199896    0.014098
  4   30.891541   -0.000011    0.000003   -0.088280   -0.247135    0.019098
  5   34.635597    0.000007    0.000000   -0.088083   -0.298382    0.047093
  6   30.584282    0.000018    0.000000   -0.093315   -0.534284    0.082721
  7   31.520195    0.000000    0.000008   -0.073480   -0.600245    0.106411
  8   34.241203  -28.000032  -41.877991    0.993191   -0.406020    0.271333
  9   34.241131   23.441801  -41.878098   -0.993196   -0.406021   -0.271328
 10   35.246712  -52.543091    1.319138   -0.000000   -0.000000    0.503970
 11   35.246544   52.726311    1.318924   -0.000000    0.000000   -0.503967
 12   34.830021  -24.891924   45.588608   -0.991415    0.413116    0.259445
 13   34.885780   27.636587   43.767815    0.991410    0.413115   -0.259444
 14   29.239313  -51.573360   94.292953    0.153960   -0.543313   -0.657792
 15   42.375061    0.000000    0.000000   -0.101692    0.023411   -0.030004
 16   42.546097    0.000038    0.000000   -0.072354    0.058389    0.042741
 17   42.234436    0.000027   -0.000015   -0.011709   -0.029070   -0.072633
 18   42.464996    0.000000    0.000023    0.201991   -0.240092   -0.455052
 19   42.458099   -0.000092   -0.000015    0.260976   -0.311422   -0.470775
 20   42.267960    0.000046   -0.000015    0.066742   -0.074461   -0.178390
 21   42.505951   -0.000015   -0.000061    0.066353   -0.041702   -0.143355
 22   42.233215   -0.000015   -0.000061   -0.047826    0.153860    0.000455
 23   42.352325   -0.000015    0.000000   -0.021685    0.059078   -0.008094
 24   42.391754   -0.000031   -0.000015   -0.018524    0.035267   -0.007102
 25   42.497528    0.000031   -0.000008   -0.011339    0.021827   -0.003978
 26   42.272797    0.000061   -0.000031   -0.004251    0.005146   -0.000879
 27   29.239334   55.382618   92.215004    1.308575   -0.572712    0.726236
 28   42.375069    0.000000   -0.000002    0.027252    0.095321    0.027661
 29   42.546097   -0.000015   -0.000004    0.039822    0.013616   -0.027620
 30   42.234512    0.000072   -0.000015   -0.019765    0.130614    0.086354
 31   42.465042   -0.000046    0.000004   -0.099475    0.304607    0.271936
 32   42.458130    0.000015   -0.000008   -0.078480    0.210740    0.210170
 33   42.267944    0.000000   -0.000015   -0.117356    0.296632    0.259511
 34   42.506027    0.000061   -0.000015   -0.121162    0.232795    0.295472
 35   42.233093    0.000000    0.000000    0.149556   -0.010269   -0.374255
 36   42.352203   -0.000031    0.000031    0.355292   -0.094663   -0.431116
 37   42.391724    0.000069   -0.000015    0.219509   -0.101584   -0.189030
 38   42.497681    0.000046   -0.000015    0.117840   -0.073621   -0.086455
 39   42.272614    0.000092   -0.000008    0.025032   -0.016709   -0.015541
 40   29.239349  106.746666    1.740843   -0.011882    0.037472    0.680691
 41   42.375069    0.000023   -0.000005    0.017841   -0.021853   -0.543912
 42   42.546104   -0.000008    0.000001    0.000158   -0.003286   -0.025457
 43   42.234459    0.000000   -0.000002   -0.000437    0.000060    0.240658
 44   42.465057   -0.000031   -0.000006   -0.002907    0.000519    0.487735
 45   42.458008    0.000015   -0.000004   -0.004137   -0.001530    0.379823
 46   42.267914   -0.000015    0.000002   -0.008189   -0.004461    0.594058
 47   42.505875    0.000000    0.000006   -0.005227   -0.005708    0.396082
 48   42.233101    0.000000   -0.000011   -0.002197   -0.004007    0.213925
 49   42.352203    0.000000    0.000004   -0.002087   -0.004901    0.239678
 50   42.391655    0.000000   -0.000004   -0.001314   -0.004621    0.210212
 51   42.497559    0.000031   -0.000009   -0.000593   -0.003682    0.160980
 52   42.272667    0.000000   -0.000002   -0.000107   -0.001814    0.078059
 53   29.239328   50.706924  -91.389076   -0.473153    0.627248    1.709114
 54   42.375092   -0.000004    0.000004   -0.114519    0.091821   -0.111354
 55   42.546066    0.000029    0.000015   -0.119671    0.129221   -0.132203
 56   42.234543   -0.000038   -0.000001   -0.063109    0.078340   -0.055099
 57   42.464966    0.000034    0.000003   -0.000330   -0.025107    0.052045
 58   42.458069    0.000050   -0.000008   -0.021446    0.005511    0.018753
 59   42.267944   -0.000103   -0.000008    0.018639   -0.117233    0.032968
 60   42.505920    0.000072   -0.000004    0.102594   -0.255587    0.123823
 61   42.233154   -0.000023    0.000000    0.097123   -0.193488    0.026571
 62   42.352325    0.000015    0.000015   -0.035983   -0.069161   -0.139853
 63   42.391663    0.000050    0.000015   -0.013491   -0.046256   -0.055465
 64   42.497620    0.000040   -0.000031   -0.002532   -0.034417   -0.032668
 65   42.272705    0.000042   -0.000031   -0.002056   -0.025398   -0.024250
 66   29.239311  -56.044891  -91.389053   -0.824554    0.631159   -1.502352
 67   42.375099    0.000000    0.000000    0.199206   -0.222042    0.204021
 68   42.546097   -0.000003    0.000019    0.147823   -0.211663    0.281581
 69   42.234467    0.000031   -0.000023    0.022208    0.022060   -0.012401
 70   42.464981   -0.000034    0.000015   -0.228638    0.284990   -0.462715
 71   42.458160    0.000053   -0.000019   -0.139554    0.264732   -0.290171
 72   42.267914   -0.000046    0.000000   -0.041350    0.053245   -0.158087
 73   42.505981    0.000076    0.000031   -0.155915    0.174346   -0.313199
 74   42.233139    0.000015   -0.000015    0.027736   -0.184433   -0.071005
 75   42.352173   -0.000015    0.000015    0.269031   -0.415829    0.129066
 76   42.391785   -0.000015   -0.000008    0.138489   -0.136313    0.066553
 77   42.497559    0.000031    0.000031    0.096436   -0.077968    0.052085
 78   42.272675    0.000023    0.000000    0.064171   -0.045120    0.036988
 79   29.239305 -106.786301    1.740899    0.011880   -0.032840   -1.427042
 80   42.375061    0.000002   -0.000003    0.000394    0.012259    0.017025
 81   42.546051    0.000004    0.000005    0.000335    0.009417    0.018739
 82   42.234482    0.000002   -0.000008   -0.000145    0.001595   -0.011295
 83   42.465073   -0.000011   -0.000003   -0.000695   -0.002577   -0.073714
 84   42.458130    0.000002   -0.000002    0.000031    0.000018    0.001842
 85   42.267975   -0.000010   -0.000008    0.002175    0.002259    0.173125
 86   42.505951   -0.000008    0.000017    0.001888    0.002365    0.157411
 87   42.233063   -0.000015   -0.000010    0.001730    0.002573    0.153795
 88   42.352325    0.000015   -0.000000    0.002399    0.004055    0.223117
 89   42.391754    0.000000   -0.000006    0.001934    0.004307    0.214146
 90   42.497559    0.000000   -0.000019    0.001271    0.004000    0.184999
 91   42.272461   -0.000092    0.000024    0.000391    0.002010    0.088930
time 17
  0    0.000000    0.000000    0.000000    0.000000   -0.000000    0.000000
  1    0.000000    0.000000    0.000000    0.000000   -0.000000    0.000000
  2    0.558070    0.000000  -11.476848    0.785373   -1.565029    0.808700
  3   50.309212   -0.435479    0.000004   -0.000017   -0.199896    0.014098
  4   30.891541   -0.000011    0.000000   -0.085074   -0.244707    0.017892
  5   34.635597    0.000007   -0.000006   -0.084885   -0.295993    0.045383
  6   30.584290    0.000018    0.000000   -0.089927   -0.531981    0.079717
  7   31.520180   -0.000001    0.000008   -0.070812   -0.597995    0.102547
  8   34.241196  -28.000034  -41.878006    0.992709   -0.407874    0.272617
  9   34.241127   23.441795  -41.878082   -0.992714   -0.407875   -0.272612
 10   35.246708  -52.543087    1.319138   -0.000000   -0.000000    0.506172
 11   35.246540   52.726311    1.318924   -0.000000    0.000000   -0.506169
 12   34.830013  -24.891926   45.588608   -0.990921    0.414968    0.260737
 13   34.885784   27.636578   43.767815    0.990916    0.414967   -0.260736
 14   29.239319  -51.573391   94.292992    0.236980   -0.628434   -0.743412
 15   42.375069    0.000001    0.000011   -0.112327    0.054992   -0.016907
 16   42.546082    0.000032   -0.000004   -0.073999    0.063256    0.036293
 17   42.234482    0.000023    0.000015   -0.004486   -0.041565   -0.097133
 18   42.464996    0.000023    0.000000    0.151559   -0.208161   -0.361096
 19   42.458099   -0.000061    0.000008    0.106211   -0.129594   -0.263452
 20   42.267944    0.000046    0.000000   -0.037606    0.105434   -0.029336
 21   42.505829    0.000000    0.000031    0.104773   -0.049641   -0.175016
 22   42.233215   -0.000061   -0.000015    0.264145   -0.194370   -0.298935
 23   42.352295    0.000031    0.000000    0.117611   -0.129486   -0.127502
 24   42.391693    0.000000   -0.000046    0.059322   -0.087202   -0.069785
 25   42.497467    0.000031    0.000000    0.033243   -0.054909   -0.038999
 26   42.272797    0.000061   -0.000031    0.005933   -0.013474   -0.008922
 27   29.239328   55.382587   92.214943    1.212912   -0.577928    0.849238
 28   42.375084   -0.000008   -0.000005    0.021694    0.074597    0.043950
 29   42.546097   -0.000015    0.000015    0.033539    0.009217   -0.002739
 30   42.234451    0.000069   -0.000008   -0.025042    0.134902    0.090084
 31   42.464996   -0.000050   -0.000019   -0.083658    0.230626    0.187740
 32   42.458038    0.000023   -0.000008   -0.072778    0.183126    0.151590
 33   42.267853    0.000008    0.000000   -0.155828    0.330731    0.306275
 34   42.506027    0.000092    0.000000   -0.122559    0.193562    0.244229
 35   42.233063    0.000000    0.000046    0.202513   -0.012344   -0.417950
 36   42.352203   -0.000061   -0.000015    0.319539   -0.083367   -0.353654
 37   42.391724    0.000038   -0.000031    0.200791   -0.086206   -0.164090
 38   42.497650    0.000015   -0.000031    0.108389   -0.061696   -0.076421
 39   42.272675    0.000092   -0.000015    0.021454   -0.012715   -0.012690
 40   29.239351  106.746666    1.740820   -0.023733    0.067140    0.628920
 41   42.375069    0.000000   -0.000007    0.027799   -0.046223   -0.463543
 42   42.546120    0.000000    0.000001    0.000124   -0.005881   -0.004040
 43   42.234451   -0.000015   -0.000002   -0.000147    0.000635    0.282742
 44   42.465042    0.000023   -0.000007   -0.004720    0.001308    0.479440
 45   42.458069   -0.000008   -0.000006   -0.009833   -0.002689    0.470421
 46   42.267868    0.000000    0.000001   -0.028067   -0.012372    0.958015
 47   42.505859    0.000031    0.000006   -0.007261   -0.011519    0.318539
 48   42.233116    0.000000   -0.000009    0.000268    0.000753   -0.017830
 49   42.352203    0.000061    0.000002    0.002052    0.006779   -0.162420
 50   42.391678    0.000061   -0.000002    0.001252    0.003006   -0.076537
 51   42.497604   -0.000031   -0.000010    0.001323    0.002849   -0.075148
 52   42.272675    0.000000   -0.000002    0.000603    0.001153   -0.031585
 53   29.239332   50.706917  -91.389091   -0.504650    0.650683    1.680626
 54   42.375099   -0.000011    0.000004   -0.117741    0.100623   -0.118940
 55   42.546082    0.000044    0.000008   -0.116089    0.132225   -0.130542
 56   42.234573   -0.000023    0.000011   -0.054456    0.065278   -0.041647
 57   42.465012    0.000042   -0.000002   -0.016808    0.015876    0.024323
 58   42.458038    0.000034    0.000011   -0.024925    0.002816    0.005909
 59   42.268005   -0.000069    0.000031    0.021381   -0.143382    0.026039
 60   42.505859    0.000137   -0.000008    0.072817   -0.192614    0.053547
 61   42.233154   -0.000053   -0.000023    0.108794   -0.208132    0.036701
 62   42.352325   -0.000015   -0.000031    0.084445   -0.149134    0.018242
 63   42.391693    0.000019   -0.000031    0.056831   -0.087972    0.025088
 64   42.497620    0.000015   -0.000122    0.046828   -0.061102    0.021816
 65   42.272675    0.000023   -0.000061    0.034898   -0.042011    0.017282
 66   29.239317  -56.044876  -91.389023   -0.751333    0.602851   -1.444447
 67   42.375076    0.000004   -0.000017    0.207882   -0.227880    0.235265
 68   42.546066    0.000011    0.000000    0.145468   -0.195260    0.294546
 69   42.234421    0.000046    0.000015    0.019805    0.025214   -0.017068
 70   42.465027   -0.000015    0.000008   -0.256449    0.290739   -0.522058
 71   42.458099    0.000019   -0.000004   -0.185049    0.311697   -0.363051
 72   42.267838   -0.000092    0.000000   -0.039244    0.054818   -0.153577
 73   42.506012    0.000046   -0.000015   -0.140672    0.160303   -0.298415
 74   42.233124    0.000000   -0.000015    0.023132   -0.177324   -0.072753
 75   42.352203   -0.000031   -0.000015    0.282992   -0.446113    0.143834
 76   42.391785   -0.000046   -0.000011    0.151707   -0.146036    0.078668
 77   42.497559    0.000031    0.000015    0.103374   -0.080466    0.060069
 78   42.272675   -0.000031    0.000015    0.066749   -0.044803    0.041419
 79   29.239307 -106.786247    1.740921    0.023774   -0.067131   -1.471514
 80   42.375076   -0.000003   -0.000005    0.003456    0.023983    0.055733
 81   42.546036   -0.000002    0.000003    0.002757    0.020800    0.063497
 82   42.234528   -0.000011   -0.000005   -0.000515    0.004416   -0.019554
 83   42.465012    0.000011   -0.000003   -0.002055   -0.006039   -0.109025
 84   42.458099    0.000008   -0.000003   -0.000720   -0.000738   -0.031825
 85   42.267853   -0.000006   -0.000003    0.003002    0.002455    0.120128
 86   42.505981   -0.000004    0.000018    0.002627    0.002465    0.105829
 87   42.233093    0.000004   -0.000010    0.003344    0.003461    0.134341
 88   42.352325   -0.000038    0.000001    0.005705    0.006455    0.224840
 89   42.391693   -0.000031   -0.000006    0.004941    0.007096    0.210683
 90   42.497528   -0.000061   -0.000016    0.003548    0.006604    0.174059
 91   42.272552   -0.000092    0.000025    0.000991    0.002490    0.060627
time 18
  0    0.000000    0.000000    0.000000    0.000000   -0.000000    0.000000
  1    0.000000    0.000000    0.000000    0.000000   -0.000000    0.000000
  2    1.194406    0.000000  -10.095001    0.785398   -1.555355    0.820312
  3   50.309212   -0.435479    0.000004   -0.000017   -0.199896    0.014098
  4   30.891537   -0.000011    0.000000   -0.080118   -0.240955    0.016029
  5   34.635605    0.000007    0.000000   -0.079941   -0.292301    0.042740
  6   30.584282    0.000018    0.000000   -0.084690   -0.528423    0.075075
  7   31.520203   -0.000002    0.000008   -0.066688   -0.594516    0.096575
  8   34.241207  -28.000031  -41.878006    0.991964   -0.410739    0.274601
  9   34.241131   23.441795  -41.878098   -0.991968   -0.410740   -0.274596
 10   35.246708  -52.543083    1.319138   -0.000000   -0.000000    0.509576
 11   35.246532   52.726307    1.318924   -0.000000    0.000000   -0.509573
 12   34.830029  -24.891922   45.588593   -0.990158    0.417831    0.262732
 13   34.885777   27.636585   43.767815    0.990154    0.417829   -0.262731
 14   29.239325  -51.573341   94.292976    0.344451   -0.727564   -0.858580
 15   42.375084    0.000013    0.000008   -0.124137    0.099875   -0.002285
 16   42.546082    0.000021   -0.000004   -0.075262    0.067527    0.026320
 17   42.234436    0.000015    0.000004   -0.008182   -0.034040   -0.093446
 18   42.464981    0.000031    0.000023    0.049416   -0.100876   -0.172127
 19   42.458069   -0.000050    0.000008    0.044605   -0.035474   -0.189377
 20   42.267944    0.000000    0.000000   -0.003330    0.056542   -0.081479
 21   42.505890   -0.000031   -0.000008    0.108155   -0.049123   -0.176457
 22   42.233154    0.000000    0.000053    0.364931   -0.237633   -0.403313
 23   42.352264    0.000092    0.000015    0.201681   -0.230819   -0.204667
 24   42.391708    0.000000   -0.000061    0.080794   -0.145272   -0.089293
 25   42.497543    0.000031   -0.000031    0.042091   -0.095004   -0.048796
 26   42.272751    0.000092   -0.000031    0.009229   -0.028295   -0.013093
 27   29.239334   55.382629   92.214989    1.086034   -0.581280    1.003549
 28   42.375084    0.000000    0.000007    0.018368    0.043165    0.054949
 29   42.546097   -0.000015    0.000023    0.028051   -0.002406    0.020322
 30   42.234467    0.000053   -0.000015   -0.021477    0.122994    0.070780
 31   42.465027   -0.000046    0.000008   -0.050710    0.153746    0.087844
 32   42.458069    0.000027    0.000015   -0.068680    0.167614    0.110752
 33   42.267883   -0.000031    0.000015   -0.196719    0.359829    0.344455
 34   42.506027    0.000061    0.000061   -0.122471    0.167508    0.207262
 35   42.233124   -0.000031    0.000015    0.228600   -0.007317   -0.419877
 36   42.352234   -0.000092    0.000000    0.287534   -0.069143   -0.300187
 37   42.391693    0.000076    0.000015    0.187015   -0.071786   -0.147569
 38   42.497620    0.000046    0.000015    0.104864   -0.053065   -0.071916
 39   42.272583    0.000107    0.000000    0.021149   -0.011154   -0.012223
 40   29.239349  106.746605    1.740839   -0.035499    0.092989    0.607972
 41   42.375076   -0.000015   -0.000004    0.034613   -0.071042   -0.412236
 42   42.546112   -0.000038   -0.000001    0.000145   -0.007868    0.015597
 43   42.234482    0.000015   -0.000003    0.000493    0.001813    0.327951
 44   42.465057    0.000000   -0.000008   -0.006611    0.002272    0.470624
 45   42.458099   -0.000015   -0.000003   -0.021655   -0.004171    0.655413
 46   42.267929    0.000000   -0.000001   -0.047693   -0.023225    1.030551
 47   42.505890    0.000031    0.000010   -0.004764   -0.010456    0.170286
 48   42.233131    0.000000   -0.000008    0.001019    0.003356   -0.051183
 49   42.352280    0.000031    0.000004    0.005056    0.020118   -0.317375
 50   42.391685    0.000031   -0.000002    0.008447    0.020334   -0.370483
 51   42.497574    0.000015   -0.000011    0.009859    0.014645   -0.340295
 52   42.272675    0.000000    0.000001    0.006406    0.006106   -0.195150
 53   29.239340   50.706890  -91.389076   -0.529952    0.671329    1.654758
 54   42.375084   -0.000005    0.000004   -0.122310    0.111207   -0.129160
 55   42.546066    0.000029    0.000023   -0.111374    0.132994   -0.126341
 56   42.234528   -0.000027   -0.000006   -0.052386    0.062909   -0.039436
 57   42.465027    0.000023   -0.000006   -0.032444    0.059217   -0.006103
 58   42.458038    0.000042   -0.000004   -0.024808   -0.011254   -0.001322
 59   42.267975   -0.000076   -0.000008    0.020275   -0.155870    0.014758
 60   42.505890    0.000076   -0.000015    0.040795   -0.131194   -0.003340
 61   42.233185   -0.000080    0.000000    0.137733   -0.251815    0.089827
 62   42.352356   -0.000031   -0.000031    0.164178   -0.240364    0.155203
 63   42.391693    0.000046   -0.000031    0.090024   -0.116513    0.100743
 64   42.497589    0.000015   -0.000031    0.063204   -0.072316    0.075186
 65   42.272675   -0.000015    0.000031    0.040978   -0.044427    0.052662
 66   29.239317  -56.044846  -91.389015   -0.675700    0.573836   -1.384272
 67   42.375084   -0.000004    0.000011    0.215295   -0.230422    0.266648
 68   42.546112    0.000002    0.000023    0.140861   -0.175015    0.299617
 69   42.234467    0.000038    0.000015    0.018343    0.026464   -0.020021
 70   42.465057   -0.000023    0.000000   -0.273721    0.288013   -0.566453
 71   42.458099    0.000038   -0.000011   -0.235732    0.354753   -0.442666
 72   42.267914   -0.000046   -0.000031   -0.037969    0.059037   -0.150080
 73   42.505951    0.000092    0.000000   -0.125093    0.144390   -0.282677
 74   42.233139   -0.000015    0.000015    0.012159   -0.156145   -0.081386
 75   42.352127    0.000015    0.000015    0.294278   -0.480878    0.156939
 76   42.391815    0.000000    0.000019    0.167734   -0.159380    0.092401
 77   42.497528    0.000076   -0.000015    0.111156   -0.083800    0.068575
 78   42.272705    0.000015    0.000046    0.070232   -0.045187    0.046418
 79   29.239317 -106.786247    1.740901    0.035666   -0.100729   -1.515739
 80   42.375084    0.000000   -0.000002    0.008903    0.033925    0.091465
 81   42.546036    0.000011    0.000004    0.007800    0.032900    0.111094
 82   42.234528   -0.000010   -0.000005   -0.000674    0.008883   -0.015656
 83   42.465103    0.000004   -0.000005   -0.003893   -0.009900   -0.136717
 84   42.458069    0.000004   -0.000000   -0.002140   -0.001911   -0.062336
 85   42.267914    0.000019   -0.000008    0.001231    0.000844    0.033545
 86   42.505951    0.000010    0.000015    0.000107    0.000079    0.003014
 87   42.233093    0.000011   -0.000014    0.003122    0.002238    0.084614
 88   42.352325    0.000011   -0.000003    0.008109    0.006004    0.204901
 89   42.391815   -0.000015   -0.000010    0.006956    0.006476    0.175892
 90   42.497528    0.000031   -0.000021    0.005471    0.006211    0.143571
 91   42.272552    0.000000    0.000022    0.001688    0.002332    0.048177
time 19
  0    0.000000    0.000000    0.000000    0.000000   -0.000000    0.000000
  1    0.000000    0.000000    0.000000    0.000000   -0.000000    0.000000
  2    2.014496    0.000000   -8.314116    0.785397   -1.542886    0.831939
  3   50.309208   -0.435479    0.000004   -0.000017   -0.199896    0.014098
  4   30.891537   -0.000010    0.000001   -0.073732   -0.236119    0.013628
  5   34.635590    0.000007    0.000000   -0.073570   -0.287542    0.039334
  6   30.584282    0.000019    0.000000   -0.077940   -0.523836    0.069091
  7   31.520180    0.000004    0.000000   -0.061373   -0.590034    0.088878
  8   34.241184  -28.000031  -41.878006    0.991003   -0.414432    0.277159
  9   34.241123   23.441807  -41.878098   -0.991008   -0.414433   -0.277154
 10   35.246693  -52.543087    1.319138   -0.000000    0.000000    0.513963
 11   35.246540   52.726326    1.318909   -0.000000    0.000000   -0.513960
 12   34.830021  -24.891926   45.588593   -0.989175    0.421519    0.265304
 13   34.885777   27.636589   43.767807    0.989171    0.421518   -0.265303
 14   29.239323  -51.573349   94.292946    0.487782   -0.832699   -1.015706
 15   42.375084    0.000005   -0.000006   -0.134942    0.155040    0.010978
 16   42.546082    0.000023    0.000004   -0.078186    0.077903    0.020639
 17   42.234436    0.000015   -0.000015   -0.028505    0.006115   -0.043946
 18   42.465012    0.000019   -0.000004   -0.021003    0.009447   -0.008952
 19   42.458130   -0.000053   -0.000019    0.029074   -0.013846   -0.180943
 20   42.267914    0.000061    0.000027    0.055903    0.001942   -0.185878
 21   42.505951    0.000008   -0.000015    0.102472   -0.042237   -0.170162
 22   42.233154   -0.000015    0.000000    0.348986   -0.210855   -0.387381
 23   42.352234    0.000031    0.000031    0.275750   -0.284003   -0.274031
 24   42.391739    0.000061    0.000000    0.102288   -0.184363   -0.108712
 25   42.497543    0.000061    0.000000    0.049251   -0.120566   -0.056286
 26   42.272842    0.000031    0.000000    0.015335   -0.050068   -0.020532
 27   29.239330   55.382629   92.214951    0.928957   -0.575181    1.182143
 28   42.375038   -0.000004   -0.000006    0.020111    0.002679    0.057377
 29   42.546082   -0.000017   -0.000006    0.025253   -0.023502    0.037897
 30   42.234467    0.000072    0.000004   -0.007393    0.097380    0.028796
 31   42.465042   -0.000050   -0.000004   -0.007688    0.090501   -0.008732
 32   42.458099    0.000000    0.000000   -0.062045    0.152218    0.078475
 33   42.267853   -0.000015    0.000023   -0.233951    0.378792    0.359655
 34   42.505997    0.000092    0.000031   -0.133652    0.161258    0.204292
 35   42.233047   -0.000061    0.000015    0.224977    0.003051   -0.392015
 36   42.352203   -0.000076   -0.000015    0.267290   -0.054116   -0.271656
 37   42.391693    0.000042   -0.000015    0.176972   -0.058005   -0.137324
 38   42.497589    0.000000   -0.000031    0.107282   -0.046838   -0.072525
 39   42.272675    0.000107    0.000031    0.024780   -0.011644   -0.014404
 40   29.239353  106.746643    1.740840   -0.047124    0.116978    0.625892
 41   42.375061    0.000000   -0.000002    0.043091   -0.094284   -0.410837
 42   42.546104   -0.000008    0.000000    0.000316   -0.009186    0.029036
 43   42.234436    0.000023   -0.000002    0.001709    0.003419    0.366462
 44   42.465057    0.000008   -0.000005   -0.009289    0.003740    0.498651
 45   42.458084    0.000023   -0.000002   -0.036799   -0.005287    0.787354
 46   42.267899    0.000061    0.000007   -0.056589   -0.032699    0.890125
 47   42.505943    0.000000    0.000010   -0.004177   -0.009191    0.110633
 48   42.233139   -0.000061   -0.000011    0.002026    0.005852   -0.067355
 49   42.352219    0.000031    0.000004    0.008914    0.029987   -0.361981
 50   42.391663    0.000000   -0.000002    0.015033    0.030876   -0.455461
 51   42.497620    0.000031   -0.000008    0.014794    0.016739   -0.356644
 52   42.272644    0.000008    0.000002    0.009380    0.006592   -0.220734
 53   29.239334   50.706902  -91.389099   -0.548221    0.689376    1.633187
 54   42.375084   -0.000004   -0.000008   -0.130214    0.125796   -0.146098
 55   42.546097    0.000032    0.000010   -0.109275    0.137054   -0.126325
 56   42.234543   -0.000015   -0.000004   -0.054880    0.070855   -0.046299
 57   42.465042    0.000031    0.000019   -0.041042    0.085135   -0.027430
 58   42.458160    0.000027    0.000008   -0.023104   -0.030832   -0.003309
 59   42.267944   -0.000072    0.000015    0.016312   -0.155861    0.001295
 60   42.505890    0.000099    0.000015    0.021453   -0.092304   -0.028802
 61   42.233154   -0.000069    0.000000    0.153943   -0.288264    0.138087
 62   42.352234   -0.000023    0.000000    0.199593   -0.325682    0.281021
 63   42.391724    0.000000   -0.000031    0.094384   -0.133370    0.168052
 64   42.497467    0.000031   -0.000092    0.055737   -0.072499    0.112858
 65   42.272705    0.000000   -0.000061    0.033246   -0.042957    0.076393
 66   29.239323  -56.044876  -91.389061   -0.599099    0.543708   -1.323492
 67   42.375076   -0.000008   -0.000011    0.221000   -0.228608    0.296709
 68   42.546112   -0.000002    0.000015    0.134667   -0.152919    0.297836
 69   42.234467    0.000061   -0.000008    0.017469    0.026570   -0.021734
 70   42.465012   -0.000015   -0.000015   -0.280235    0.278739   -0.594667
 71   42.458145    0.000019   -0.000015   -0.289668    0.390705   -0.526449
 72   42.267899   -0.000046    0.000000   -0.038082    0.066309   -0.148904
 73   42.505936    0.000061   -0.000015   -0.110188    0.127212   -0.266728
 74   42.233200    0.000061   -0.000015   -0.003054   -0.123462   -0.095372
 75   42.352173    0.000015   -0.000031    0.300342   -0.515937    0.167015
 76   42.391785    0.000015   -0.000029    0.187086   -0.177197    0.107996
 77   42.497528   -0.000015    0.000015    0.119909   -0.088052    0.077631
 78   42.272644    0.000031    0.000015    0.074688   -0.046226    0.052063
 79   29.239311 -106.786285    1.740901    0.047528   -0.132927   -1.559015
 80   42.375122    0.000008   -0.000006    0.016118    0.041655    0.122896
 81   42.546082   -0.000010    0.000002    0.015598    0.044712    0.158335
 82   42.234512    0.000010   -0.000008   -0.000118    0.015323   -0.000998
 83   42.465073   -0.000019   -0.000003   -0.006355   -0.014138   -0.164897
 84   42.458099    0.000002   -0.000005   -0.004212   -0.003408   -0.091640
 85   42.267883   -0.000008   -0.000007   -0.002755   -0.001676   -0.060830
 86   42.505951    0.000023    0.000012   -0.004750   -0.002712   -0.109680
 87   42.233063   -0.000015   -0.000013    0.000975    0.000451    0.022708
 88   42.352264    0.000015   -0.000002    0.008419    0.003657    0.176381
 89   42.391785   -0.000010   -0.000007    0.006776    0.003854    0.133551
 90   42.497681    0.000000   -0.000022    0.006033    0.004087    0.115471
 91   42.272522   -0.000008    0.000022    0.003086    0.002447    0.059348
time 20
  0    0.000000    0.000000    0.000000    0.000000   -0.000000    0.000000
  1    0.000000    0.000000    0.000000    0.000000   -0.000000    0.000000
  2    2.977507    0.000000   -6.222872    0.785397   -1.528252    0.843576
  3   50.309208   -0.435479    0.000004   -0.000017   -0.199896    0.014098
  4   30.891537   -0.000011    0.000001   -0.066232   -0.230440    0.010809
  5   34.635597    0.000006   -0.000006   -0.066089   -0.281955    0.035334
  6   30.584290    0.000018   -0.000004   -0.070015   -0.518451    0.062066
  7   31.520187   -0.000000   -0.000008   -0.055132   -0.584770    0.079840
  8   34.241173  -28.000029  -41.878006    0.989875   -0.418768    0.280163
  9   34.241112   23.441797  -41.878098   -0.989880   -0.418769   -0.280158
 10   35.246696  -52.543076    1.319153   -0.000000    0.000000    0.519115
 11   35.246529   52.726303    1.318924   -0.000000   -0.000000   -0.519112
 12   34.830009  -24.891922   45.588623   -0.988021    0.425851    0.268324
 13   34.885773   27.636580   43.767838    0.988017    0.425850   -0.268323
 14   29.239323  -51.573357   94.292931    0.679339   -0.930129   -1.227718
 15   42.375053   -0.000003   -0.000010   -0.142869    0.215086    0.021243
 16   42.546097    0.000031    0.000019   -0.083850    0.099920    0.024689
 17   42.234451    0.000027    0.000000   -0.053711    0.068739    0.032108
 18   42.464981    0.000038   -0.000023   -0.048393    0.075105    0.086241
 19   42.458038   -0.000065    0.000000    0.015853   -0.006666   -0.164641
 20   42.267944    0.000008    0.000008    0.105617   -0.035489   -0.287479
 21   42.505890   -0.000038    0.000015    0.104990   -0.040909   -0.179303
 22   42.233093    0.000000    0.000000    0.283668   -0.161236   -0.325703
 23   42.352386    0.000000   -0.000023    0.322042   -0.280853   -0.321656
 24   42.391693   -0.000061    0.000000    0.135993   -0.211257   -0.138551
 25   42.497498    0.000031    0.000000    0.064310   -0.142189   -0.069357
 26   42.272743    0.000031    0.000000    0.020857   -0.062315   -0.025755
 27   29.239338   55.382591   92.214912    0.749382   -0.553779    1.372627
 28   42.375084    0.000004    0.000000    0.030142   -0.041914    0.047161
 29   42.546082   -0.000015    0.000015    0.026713   -0.054805    0.047541
 30   42.234467    0.000072   -0.000013    0.013247    0.067699   -0.023277
 31   42.464996   -0.000042    0.000000    0.037178    0.045143   -0.093412
 32   42.458038    0.000000    0.000000   -0.047548    0.129301    0.046202
 33   42.267883   -0.000034   -0.000031   -0.260178    0.382203    0.345128
 34   42.505951    0.000061    0.000031   -0.163998    0.175913    0.237868
 35   42.233047   -0.000015    0.000015    0.194534    0.017161   -0.341394
 36   42.352264   -0.000076   -0.000015    0.259560   -0.038869   -0.264155
 37   42.391693    0.000076    0.000000    0.168716   -0.044365   -0.131191
 38   42.497620    0.000015   -0.000015    0.114938   -0.041631   -0.077619
 39   42.272614    0.000107    0.000015    0.032503   -0.013334   -0.019227
 40   29.239349  106.746635    1.740815   -0.058560    0.141405    0.685483
 41   42.375061   -0.000008   -0.000004    0.054815   -0.115736   -0.440026
 42   42.546127   -0.000008   -0.000002    0.000649   -0.010038    0.043327
 43   42.234451   -0.000015   -0.000005    0.002962    0.006109    0.415669
 44   42.465073   -0.000015   -0.000009   -0.013800    0.005383    0.530700
 45   42.458084   -0.000008   -0.000005   -0.056427   -0.007156    0.893726
 46   42.267876    0.000000   -0.000002   -0.054748   -0.039327    0.684116
 47   42.505882    0.000061    0.000008   -0.002786   -0.005761    0.055800
 48   42.233101    0.000031   -0.000008    0.005109    0.012624   -0.119443
 49   42.352242    0.000061    0.000006    0.016600    0.043861   -0.454295
 50   42.391602    0.000046   -0.000005    0.020671    0.028840   -0.405831
 51   42.497559    0.000015   -0.000014    0.016395    0.013506   -0.295544
 52   42.272675   -0.000007   -0.000006    0.009618    0.005038   -0.181286
 53   29.239336   50.706913  -91.389038   -0.544346    0.704943    1.633125
 54   42.375084   -0.000011    0.000000   -0.157144    0.158902   -0.201844
 55   42.546051    0.000032   -0.000004   -0.127917    0.171983   -0.166740
 56   42.234573   -0.000031    0.000002   -0.045511    0.050085   -0.026255
 57   42.464996    0.000046    0.000006   -0.033656    0.063468   -0.011925
 58   42.458069    0.000004    0.000008   -0.019353   -0.052489    0.008997
 59   42.267975   -0.000076    0.000023    0.017533   -0.164569    0.009058
 60   42.505951    0.000084   -0.000008    0.024549   -0.095324   -0.017534
 61   42.233307   -0.000069   -0.000015    0.157332   -0.306682    0.189075
 62   42.352325    0.000015   -0.000031    0.178203   -0.345836    0.368045
 63   42.391632    0.000046   -0.000061    0.072565   -0.129623    0.201222
 64   42.497589    0.000000    0.000000    0.037794   -0.066989    0.125012
 65   42.272827    0.000000   -0.000031    0.020595   -0.039508    0.081576
 66   29.239321  -56.044846  -91.388985   -0.523494    0.512391   -1.264234
 67   42.375084    0.000008   -0.000004    0.224924   -0.222107    0.324117
 68   42.546097    0.000015    0.000031    0.127651   -0.130851    0.291029
 69   42.234467    0.000053    0.000000    0.016865    0.026145   -0.022773
 70   42.464981   -0.000008   -0.000023   -0.277513    0.264965   -0.607835
 71   42.458160    0.000042   -0.000008   -0.343595    0.417026   -0.610087
 72   42.267899   -0.000061   -0.000015   -0.039518    0.075360   -0.150319
 73   42.505997    0.000061    0.000000   -0.097926    0.111901   -0.252791
 74   42.233154    0.000000    0.000000   -0.019533   -0.084755   -0.112041
 75   42.352188   -0.000061    0.000031    0.299359   -0.546025    0.172831
 76   42.391754   -0.000015   -0.000019    0.209843   -0.200090    0.125303
 77   42.497498   -0.000015    0.000008    0.129701   -0.093228    0.087181
 78   42.272675    0.000000   -0.000015    0.080099   -0.047824    0.058350
 79   29.239315 -106.786247    1.740924    0.059333   -0.163174   -1.600561
 80   42.375092   -0.000006   -0.000002    0.024301    0.047051    0.149043
 81   42.546036   -0.000002    0.000006    0.025716    0.055161    0.201445
 82   42.234512   -0.000004   -0.000003    0.001796    0.023940    0.023770
 83   42.465088   -0.000031    0.000003   -0.009824   -0.018886   -0.200535
 84   42.458069   -0.000008    0.000002   -0.007040   -0.005253   -0.122699
 85   42.267883   -0.000004   -0.000002   -0.007272   -0.003668   -0.133512
 86   42.505920    0.000000    0.000023   -0.008972   -0.003692   -0.185254
 87   42.233032    0.000031   -0.000012   -0.001083   -0.000251   -0.023453
 88   42.352325    0.000046    0.000004    0.007320    0.001428    0.148811
 89   42.391754   -0.000008   -0.000000    0.006936    0.002108    0.125472
 90   42.497559   -0.000008   -0.000017    0.005199    0.002083    0.088121
 91   42.272522    0.000001    0.000027    0.004217    0.001977    0.068805
time 21
  0    0.000000    0.000000    0.000000    0.000000   -0.000000    0.000000
  1    0.000000    0.000000    0.000000    0.000000   -0.000000    0.000000
  2    4.042603    0.000000   -3.909940    0.785396   -1.512064    0.855209
  3   50.309223   -0.435479    0.000004   -0.000017   -0.199896    0.014098
  4   30.891544   -0.000011   -0.000004   -0.057938   -0.224159    0.007690
  5   34.635597    0.000008   -0.000011   -0.057815   -0.275775    0.030910
  6   30.584290    0.000019   -0.000008   -0.061249   -0.512494    0.054295
  7   31.520187    0.000000    0.000008   -0.048230   -0.578948    0.069844
  8   34.241180  -28.000031  -41.878006    0.988627   -0.423564    0.283485
  9   34.241104   23.441803  -41.878113   -0.988632   -0.423565   -0.283480
 10   35.246696  -52.543087    1.319138   -0.000000    0.000000    0.524812
 11   35.246536   52.726315    1.318909   -0.000000   -0.000000   -0.524809
 12   34.830017  -24.891926   45.588608   -0.986745    0.430642    0.271664
 13   34.885773   27.636589   43.767807    0.986740    0.430640   -0.271663
 14   29.239321  -51.573349   94.292961    0.887821   -1.002055   -1.457392
 15   42.375099    0.000002    0.000004   -0.146215    0.267508    0.025536
 16   42.546127    0.000029   -0.000008   -0.089750    0.127751    0.032477
 17   42.234482    0.000031    0.000023   -0.065456    0.109751    0.072021
 18   42.464996   -0.000004   -0.000015   -0.052983    0.094348    0.104245
 19   42.458115   -0.000042    0.000008    0.006905    0.000643   -0.146598
 20   42.267944    0.000031    0.000023    0.098781   -0.026819   -0.289510
 21   42.505951    0.000008    0.000008    0.095634   -0.029720   -0.172641
 22   42.233185    0.000031   -0.000031    0.202918   -0.127387   -0.234040
 23   42.352295    0.000000    0.000000    0.251097   -0.223732   -0.257920
 24   42.391663    0.000000    0.000015    0.146335   -0.196979   -0.154596
 25   42.497528    0.000061   -0.000031    0.082361   -0.152099   -0.089134
 26   42.272766    0.000092    0.000000    0.019800   -0.050585   -0.024495
 27   29.239344   55.382614   92.214943    0.560720   -0.515598    1.559985
 28   42.375076    0.000000   -0.000015    0.049984   -0.082549    0.022363
 29   42.546112   -0.000015    0.000015    0.033559   -0.094859    0.047495
 30   42.234467    0.000072   -0.000002    0.033849    0.040103   -0.069367
 31   42.465073   -0.000046    0.000023    0.076395    0.019322   -0.163676
 32   42.458008   -0.000027    0.000004   -0.023674    0.098247    0.010933
 33   42.267792   -0.000042    0.000000   -0.265051    0.361221    0.300877
 34   42.506042    0.000076   -0.000015   -0.211497    0.209850    0.291988
 35   42.233093    0.000000   -0.000015    0.140194    0.033141   -0.266033
 36   42.352234   -0.000092    0.000015    0.261128   -0.022371   -0.273012
 37   42.391693    0.000019   -0.000015    0.160223   -0.030533   -0.127264
 38   42.497620    0.000031   -0.000031    0.126309   -0.035860   -0.086298
 39   42.272461    0.000122    0.000008    0.043878   -0.015096   -0.026417
 40   29.239353  106.746643    1.740838   -0.069771    0.170020    0.805689
 41   42.375061   -0.000004   -0.000004    0.072830   -0.133863   -0.499722
 42   42.546127    0.000023    0.000002    0.001059   -0.010659    0.061200
 43   42.234482   -0.000023   -0.000002    0.003050    0.010395    0.460238
 44   42.465088   -0.000046   -0.000006   -0.021117    0.006728    0.556070
 45   42.458069   -0.000008   -0.000003   -0.078258   -0.010978    0.950865
 46   42.267891    0.000031    0.000004   -0.042550   -0.037911    0.455006
 47   42.505913   -0.000031    0.000004   -0.000364   -0.000680    0.005642
 48   42.233139   -0.000031   -0.000015    0.011260    0.023282   -0.193964
 49   42.352287    0.000000   -0.000002    0.026184    0.049789   -0.483891
 50   42.391724    0.000015   -0.000006    0.022847    0.022114   -0.329607
 51   42.497589    0.000008   -0.000010    0.016888    0.010280   -0.248927
 52   42.272705   -0.000013   -0.000003    0.008852    0.003308   -0.141005
 53   29.239336   50.706902  -91.389046   -0.504731    0.718802    1.670497
 54   42.375084   -0.000008    0.000000   -0.219407    0.217927   -0.327348
 55   42.546066    0.000042    0.000016   -0.168357    0.237683   -0.249300
 56   42.234528   -0.000038   -0.000004   -0.030297    0.002137    0.013327
 57   42.464996    0.000046    0.000008   -0.012128   -0.016462    0.050989
 58   42.458054    0.000034   -0.000011   -0.013976   -0.071118    0.040600
 59   42.267975   -0.000065    0.000000    0.028159   -0.203991    0.061567
 60   42.505951    0.000069    0.000000    0.042580   -0.132017    0.027963
 61   42.233154   -0.000038   -0.000008    0.138054   -0.288228    0.228749
 62   42.352203   -0.000023   -0.000015    0.128153   -0.320752    0.409428
 63   42.391724    0.000031    0.000031    0.045585   -0.126022    0.219039
 64   42.497589    0.000000   -0.000092    0.020961   -0.066060    0.130779
 65   42.272766   -0.000031    0.000000    0.009257   -0.037681    0.079298
 66   29.239311  -56.044853  -91.389015   -0.451237    0.480167   -1.208975
 67   42.375099   -0.000010    0.000011    0.227418   -0.211389    0.348031
 68   42.546112    0.000000    0.000023    0.120561   -0.110193    0.281319
 69   42.234467    0.000023    0.000008    0.016298    0.025609   -0.023636
 70   42.465027    0.000000    0.000008   -0.268177    0.248556   -0.608815
 71   42.458145    0.000000    0.000000   -0.393180    0.432394   -0.687717
 72   42.267914   -0.000076    0.000031   -0.042104    0.084554   -0.154177
 73   42.505966    0.000031    0.000015   -0.090116    0.102034   -0.243618
 74   42.233139   -0.000015   -0.000015   -0.034413   -0.046531   -0.128103
 75   42.352219   -0.000061    0.000015    0.291356   -0.566623    0.173897
 76   42.391846   -0.000015   -0.000010    0.235105   -0.227699    0.143451
 77   42.497620    0.000031    0.000015    0.140462   -0.099194    0.097029
 78   42.272705    0.000000   -0.000015    0.086345   -0.049815    0.065141
 79   29.239313 -106.786263    1.740903    0.071060   -0.206878   -1.584850
 80   42.375107    0.000002   -0.000008    0.043455    0.067207    0.206038
 81   42.546036   -0.000002    0.000006    0.040059    0.074007    0.255011
 82   42.234528    0.000000   -0.000005   -0.003928    0.016731   -0.043881
 83   42.465073   -0.000019   -0.000004   -0.015510   -0.026070   -0.259442
 84   42.458069    0.000000   -0.000003   -0.010561   -0.005618   -0.151770
 85   42.267975    0.000008   -0.000006   -0.011210   -0.004411   -0.179344
 86   42.505981    0.000000    0.000015   -0.011665   -0.002930   -0.225231
 87   42.233063    0.000031   -0.000012    0.001619    0.000039    0.034468
 88   42.352325    0.000015   -0.000002    0.012546    0.000612    0.225324
 89   42.391754   -0.000008   -0.000006    0.008644    0.001978    0.130358
 90   42.497559   -0.000031   -0.000015    0.006653    0.002202    0.092886
 91   42.272644   -0.000004    0.000021    0.005184    0.002097    0.069310
time 22
  0    0.000000    0.000000    0.000000    0.000000   -0.000000    0.000000
  1    0.000000    0.000000    0.000000    0.000000   -0.000000    0.000000
  2    5.168951    0.000000   -1.463997    0.785398   -1.494950    0.866849
  3   50.309219   -0.435480    0.000004   -0.000017   -0.199896    0.014098
  4   30.891541   -0.000010   -0.000001   -0.049166   -0.217517    0.004393
  5   34.635605    0.000006    0.000002   -0.049064   -0.269239    0.026232
  6   30.584282    0.000019   -0.000004   -0.051979   -0.506195    0.046078
  7   31.520187    0.000002    0.000015   -0.040930   -0.572792    0.059273
  8   34.241192  -28.000031  -41.878021    0.987308   -0.428635    0.286998
  9   34.241131   23.441807  -41.878098   -0.987313   -0.428636   -0.286993
 10   35.246700  -52.543098    1.319153   -0.000000    0.000000    0.530838
 11   35.246540   52.726322    1.318924   -0.000000   -0.000000   -0.530835
 12   34.830029  -24.891926   45.588615   -0.985395    0.435708    0.275196
 13   34.885784   27.636593   43.767822    0.985390    0.435707   -0.275196
 14   29.239326  -51.573380   94.292992    1.095267   -1.048656   -1.685119
 15   42.375061    0.000000   -0.000002   -0.145831    0.311508    0.027474
 16   42.546097    0.000042    0.000000   -0.093969    0.153981    0.037317
 17   42.234497    0.000038    0.000011   -0.066466    0.118632    0.063037
 18   42.465012    0.000031    0.000008   -0.051719    0.093928    0.080442
 19   42.458038   -0.000053   -0.000023   -0.000137    0.011829   -0.127111
 20   42.267975    0.000053    0.000046    0.058596    0.005945   -0.217021
 21   42.505859    0.000000    0.000015    0.062669   -0.007189   -0.128117
 22   42.233185   -0.000031   -0.000031    0.125434   -0.095175   -0.140511
 23   42.352234    0.000061    0.000015    0.141342   -0.149263   -0.150780
 24   42.391724   -0.000015    0.000008    0.106403   -0.137479   -0.125538
 25   42.497498    0.000000    0.000015    0.073579   -0.114849   -0.085601
 26   42.272797    0.000061    0.000000    0.017890   -0.036563   -0.023400
 27   29.239346   55.382629   92.214981    0.377662   -0.464136    1.731699
 28   42.375069    0.000002   -0.000008    0.076967   -0.111054   -0.013656
 29   42.546112   -0.000011    0.000023    0.047914   -0.139729    0.033465
 30   42.234512    0.000059   -0.000019    0.049938    0.012833   -0.098145
 31   42.465042   -0.000044    0.000000    0.101905    0.015804   -0.215968
 32   42.458130    0.000015    0.000004    0.005722    0.065181   -0.025315
 33   42.267883   -0.000031   -0.000004   -0.240522    0.311518    0.236403
 34   42.506012    0.000069    0.000046   -0.263135    0.253254    0.337330
 35   42.233063    0.000031    0.000031    0.066881    0.050098   -0.164127
 36   42.352234   -0.000061    0.000015    0.265042   -0.003444   -0.290911
 37   42.391663    0.000065    0.000000    0.149958   -0.016550   -0.123933
 38   42.497650    0.000053   -0.000015    0.127458   -0.025873   -0.089435
 39   42.272522    0.000153    0.000000    0.067852   -0.018201   -0.042090
 40   29.239365  106.746666    1.740846   -0.080746    0.206914    1.004335
 41   42.375069   -0.000008    0.000000    0.105087   -0.141206   -0.623319
 42   42.546127    0.000008    0.000002    0.001144   -0.012076    0.067135
 43   42.234467   -0.000008   -0.000003    0.002167    0.015025    0.481744
 44   42.465057    0.000008   -0.000006   -0.029663    0.008434    0.578965
 45   42.458084    0.000000   -0.000002   -0.091661   -0.014903    0.901942
 46   42.267937    0.000061    0.000002   -0.035948   -0.033751    0.331275
 47   42.505898   -0.000031    0.000008    0.002291    0.003712   -0.027599
 48   42.233162    0.000000   -0.000008    0.020161    0.035610   -0.272922
 49   42.352219    0.000031    0.000006    0.033215    0.045450   -0.440110
 50   42.391693    0.000015    0.000002    0.024128    0.017744   -0.285304
 51   42.497681    0.000004   -0.000006    0.016933    0.007725   -0.214409
 52   42.272797    0.000000    0.000005    0.008028    0.002063   -0.111584
 53   29.239346   50.706921  -91.389107   -0.440744    0.731320    1.734186
 54   42.375076   -0.000008    0.000000   -0.301823    0.274879   -0.490856
 55   42.546097    0.000031    0.000014   -0.200805    0.288105   -0.315792
 56   42.234528   -0.000023   -0.000004   -0.036518    0.016840   -0.003485
 57   42.465027    0.000053    0.000008    0.006569   -0.130729    0.124544
 58   42.458069    0.000015    0.000000   -0.007705   -0.089606    0.084900
 59   42.268005   -0.000092    0.000000    0.035572   -0.256307    0.149749
 60   42.505920    0.000084    0.000000    0.059873   -0.190928    0.106143
 61   42.233185   -0.000069   -0.000015    0.098138   -0.224456    0.211614
 62   42.352264   -0.000031    0.000031    0.081106   -0.307828    0.426097
 63   42.391754    0.000000   -0.000046    0.023485   -0.153108    0.271939
 64   42.497627    0.000061   -0.000061    0.006201   -0.079529    0.153470
 65   42.272751   -0.000061   -0.000031   -0.000085   -0.045348    0.089844
 66   29.239326  -56.044861  -91.389046   -0.384855    0.447674   -1.160407
 67   42.375092    0.000002   -0.000011    0.229180   -0.197593    0.368308
 68   42.546112    0.000011    0.000015    0.114029   -0.091715    0.270718
 69   42.234436    0.000023    0.000015    0.015627    0.025216   -0.024688
 70   42.464981   -0.000023   -0.000034   -0.255334    0.231135   -0.601494
 71   42.458084    0.000050   -0.000023   -0.433665    0.436875   -0.752512
 72   42.267914   -0.000031   -0.000015   -0.045972    0.093138   -0.160654
 73   42.505966    0.000092   -0.000015   -0.087677    0.099471   -0.241337
 74   42.233124    0.000031    0.000000   -0.045816   -0.014031   -0.140589
 75   42.352127   -0.000015    0.000015    0.278560   -0.576019    0.170975
 76   42.391754    0.000015   -0.000004    0.260811   -0.257976    0.160768
 77   42.497528    0.000046    0.000015    0.151953   -0.105629    0.106832
 78   42.272644    0.000015    0.000031    0.093195   -0.051965    0.072158
 79   29.239323 -106.786308    1.740898    0.082698   -0.256917   -1.559735
 80   42.375092    0.000008   -0.000010    0.076936    0.095018    0.289355
 81   42.546036    0.000000    0.000002    0.051974    0.091561    0.282003
 82   42.234512    0.000000   -0.000010   -0.012940    0.001763   -0.136612
 83   42.465042    0.000004   -0.000004   -0.022383   -0.031315   -0.309309
 84   42.458130    0.000000   -0.000003   -0.014996   -0.006475   -0.186502
 85   42.267944   -0.000008   -0.000014   -0.016657   -0.004729   -0.247494
 86   42.505951    0.000000    0.000017   -0.012381   -0.000503   -0.246766
 87   42.233093    0.000000   -0.000013    0.005774   -0.001334    0.128837
 88   42.352295    0.000000   -0.000002    0.017773   -0.001285    0.287775
 89   42.391724    0.000015   -0.000002    0.010033    0.001725    0.128786
 90   42.497528    0.000004   -0.000027    0.007871    0.002171    0.093023
 91   42.272461    0.000000    0.000018    0.006181    0.002167    0.069668
time 23
  0    0.000000    0.000000    0.000000    0.000000   -0.000000    0.000000
  1    0.000000    0.000000    0.000000    0.000000   -0.000000    0.000000
  2    6.315718    0.000000    1.026285    0.785398   -1.477521    0.878484
  3   50.309212   -0.435478    0.000003   -0.000017   -0.199896    0.014098
  4   30.891541   -0.000011    0.000003   -0.040236   -0.210755    0.001035
  5   34.635605    0.000007    0.000004   -0.040156   -0.262585    0.021469
  6   30.584282    0.000020    0.000008   -0.042541   -0.499781    0.037711
  7   31.520187    0.000000   -0.000008   -0.033499   -0.566523    0.048510
  8   34.241199  -28.000034  -41.878021    0.985965   -0.433799    0.290575
  9   34.241123   23.441799  -41.878113   -0.985970   -0.433800   -0.290570
 10   35.246700  -52.543079    1.319122   -0.000000    0.000000    0.536972
 11   35.246548   52.726318    1.318924   -0.000000   -0.000000   -0.536969
 12   34.830013  -24.891922   45.588585   -0.984020    0.440866    0.278793
 13   34.885769   27.636589   43.767807    0.984016    0.440865   -0.278792
 14   29.239319  -51.573338   94.292938    1.317479   -1.068902   -1.930403
 15   42.375053    0.000006   -0.000004   -0.142915    0.350196    0.030755
 16   42.546112    0.000046    0.000013   -0.097212    0.180855    0.041651
 17   42.234497    0.000015    0.000019   -0.062988    0.110900    0.027748
 18   42.464966    0.000027    0.000023   -0.047649    0.086654    0.040763
 19   42.458099   -0.000027   -0.000015   -0.015739    0.033014   -0.083535
 20   42.267944    0.000069   -0.000023    0.014936    0.030596   -0.121522
 21   42.505951    0.000004    0.000008    0.022041    0.017808   -0.066456
 22   42.233154   -0.000008   -0.000031    0.045936   -0.019451   -0.058415
 23   42.352173    0.000038   -0.000023    0.048133   -0.035213   -0.068761
 24   42.391693   -0.000031   -0.000015    0.047209   -0.032044   -0.079922
 25   42.497528    0.000000   -0.000015    0.043735   -0.029407   -0.064571
 26   42.272705    0.000092    0.000000    0.009500   -0.008240   -0.016201
 27   29.239334   55.382626   92.214943    0.211591   -0.405694    1.881101
 28   42.375069   -0.000002   -0.000008    0.104491   -0.124009   -0.052631
 29   42.546104   -0.000015    0.000031    0.073369   -0.181572   -0.001637
 30   42.234512    0.000057    0.000000    0.062686   -0.022813   -0.108753
 31   42.465012   -0.000048    0.000021    0.104614    0.037635   -0.241270
 32   42.458099   -0.000031    0.000029    0.034661    0.038338   -0.059165
 33   42.267883   -0.000046    0.000050   -0.192357    0.243614    0.168400
 34   42.506042    0.000065    0.000023   -0.298455    0.282140    0.346549
 35   42.233093    0.000000    0.000015   -0.011340    0.068458   -0.052047
 36   42.352234   -0.000076   -0.000015    0.250303    0.017489   -0.293901
 37   42.391724    0.000051   -0.000031    0.145326   -0.004496   -0.126014
 38   42.497620    0.000000    0.000000    0.122368   -0.014545   -0.089493
 39   42.272644    0.000061    0.000015    0.082828   -0.015412   -0.053010
 40   29.239344  106.746628    1.740842   -0.091496    0.251511    1.270196
 41   42.375061    0.000000   -0.000006    0.150543   -0.126956   -0.789171
 42   42.546112    0.000038    0.000003    0.000413   -0.017533    0.037736
 43   42.234421   -0.000008   -0.000000    0.001096    0.019053    0.475871
 44   42.465057    0.000000   -0.000004   -0.034380    0.010581    0.559109
 45   42.458084    0.000015    0.000001   -0.097345   -0.014700    0.827492
 46   42.267929   -0.000061    0.000002   -0.038582   -0.033083    0.301884
 47   42.505905   -0.000031    0.000004    0.004460    0.006325   -0.043511
 48   42.233131   -0.000031   -0.000015    0.028488    0.043229   -0.312440
 49   42.352280    0.000000   -0.000002    0.037425    0.040086   -0.392366
 50   42.391663    0.000015    0.000003    0.025129    0.014933   -0.255098
 51   42.497620    0.000011   -0.000003    0.017273    0.006125   -0.192067
 52   42.272705    0.000004    0.000009    0.007689    0.001341   -0.094510
 53   29.239338   50.706890  -91.389091   -0.373552    0.742783    1.801995
 54   42.375076   -0.000013   -0.000011   -0.373757    0.306645   -0.638876
 55   42.546051    0.000015    0.000001   -0.215750    0.308816   -0.348164
 56   42.234528   -0.000053   -0.000008   -0.046930    0.049285   -0.033785
 57   42.465042    0.000046    0.000008    0.002522   -0.135554    0.111023
 58   42.458084    0.000031   -0.000004    0.001526   -0.149841    0.136004
 59   42.267975   -0.000084   -0.000008    0.034471   -0.282829    0.222934
 60   42.505951    0.000076    0.000000    0.067536   -0.284676    0.234549
 61   42.233154   -0.000069   -0.000046    0.067257   -0.174320    0.188920
 62   42.352203    0.000015   -0.000031    0.044833   -0.260530    0.371649
 63   42.391754    0.000031   -0.000031   -0.004818   -0.206730    0.357320
 64   42.497543    0.000031   -0.000061   -0.011709   -0.108094    0.194317
 65   42.272728    0.000031   -0.000031   -0.011857   -0.065265    0.116243
 66   29.239313  -56.044853  -91.389053   -0.326843    0.415810   -1.121267
 67   42.375084    0.000010   -0.000015    0.231138   -0.182230    0.385486
 68   42.546127    0.000000    0.000023    0.108548   -0.075659    0.260911
 69   42.234482    0.000015   -0.000031    0.014760    0.025124   -0.026183
 70   42.465027   -0.000023    0.000000   -0.241987    0.214056   -0.590011
 71   42.458099    0.000015   -0.000023   -0.460671    0.431613   -0.797566
 72   42.267899   -0.000046    0.000000   -0.051375    0.100511   -0.170077
 73   42.505966    0.000107   -0.000031   -0.091683    0.105936   -0.248157
 74   42.233131   -0.000015   -0.000015   -0.052653    0.008972   -0.147083
 75   42.352158    0.000000    0.000015    0.264654   -0.576188    0.165963
 76   42.391785   -0.000015    0.000004    0.284341   -0.287171    0.175310
 77   42.497498    0.000015    0.000053    0.163777   -0.112021    0.116102
 78   42.272614    0.000023    0.000046    0.100339   -0.053995    0.079010
 79   29.239311 -106.786255    1.740898    0.094250   -0.314423   -1.520055
 80   42.375092    0.000002   -0.000004    0.129273    0.130951    0.394662
 81   42.546005   -0.000023    0.000008    0.054184    0.103533    0.262869
 82   42.234451   -0.000008   -0.000005   -0.023154   -0.018249   -0.233603
 83   42.465042   -0.000008   -0.000003   -0.030307   -0.035529   -0.353328
 84   42.458038    0.000011    0.000000   -0.020053   -0.007216   -0.223243
 85   42.267853    0.000015   -0.000001   -0.022914   -0.003881   -0.337462
 86   42.505981    0.000000    0.000014   -0.009978    0.002754   -0.234551
 87   42.233078    0.000000   -0.000013    0.009487   -0.005169    0.242703
 88   42.352295   -0.000015    0.000004    0.021938   -0.003610    0.322495
 89   42.391754    0.000031   -0.000003    0.011510    0.001426    0.128431
 90   42.497589   -0.000002   -0.000018    0.008918    0.002056    0.091247
 91   42.272461   -0.000025    0.000026    0.006934    0.002118    0.067544
time 24
  0    0.000000    0.000000    0.000000    0.000000   -0.000000    0.000000
  1    0.000000    0.000000    0.000000    0.000000   -0.000000    0.000000
  2    7.442065    0.000000    3.472227    0.785397   -1.460404    0.890119
  3   50.309216   -0.435479    0.000004   -0.000017   -0.199896    0.014098
  4   30.891544   -0.000011   -0.000001   -0.031465   -0.204113   -0.002262
  5   34.635597    0.000005   -0.000002   -0.031405   -0.256050    0.016790
  6   30.584290    0.000018   -0.000008   -0.033271   -0.493482    0.029494
  7   31.520180    0.000001    0.000000   -0.026199   -0.560366    0.037939
  8   34.241188  -28.000034  -41.877991    0.984645   -0.438870    0.294088
  9   34.241119   23.441803  -41.878082   -0.984650   -0.438871   -0.294083
 10   35.246689  -52.543087    1.319138   -0.000000    0.000000    0.542997
 11   35.246536   52.726311    1.318924   -0.000000    0.000000   -0.542994
 12   34.830032  -24.891930   45.588623   -0.982670    0.445932    0.282325
 13   34.885780   27.636589   43.767830    0.982666    0.445931   -0.282324
 14   29.239334  -51.573341   94.292885    1.523796   -1.064913   -2.159496
 15   42.375061    0.000006   -0.000008   -0.138648    0.378560    0.033193
 16   42.546066    0.000021   -0.000015   -0.099354    0.208331    0.046491
 17   42.234451    0.000031   -0.000015   -0.055555    0.091096   -0.026062
 18   42.464981    0.000011    0.000000   -0.038314    0.071372   -0.011584
 19   42.458069   -0.000069   -0.000023   -0.042050    0.066605   -0.015789
 20   42.267975    0.000038   -0.000023   -0.022900    0.051093   -0.028000
 21   42.505859    0.000000   -0.000023   -0.011476    0.043358   -0.004364
 22   42.233124    0.000023   -0.000031   -0.019791    0.057022    0.031287
 23   42.352264    0.000023   -0.000015   -0.042965    0.068544    0.046287
 24   42.391754   -0.000031    0.000000   -0.049292    0.065454    0.039678
 25   42.497467    0.000053    0.000000   -0.044563    0.058078    0.039348
 26   42.272705    0.000046    0.000015   -0.018310    0.020161    0.015030
 27   29.239342   55.382599   92.214897    0.068482   -0.346397    2.007044
 28   42.375061    0.000004    0.000008    0.126695   -0.123480   -0.087570
 29   42.546082   -0.000013    0.000015    0.111310   -0.211071   -0.059090
 30   42.234497    0.000061   -0.000015    0.078052   -0.074806   -0.112688
 31   42.465042   -0.000046    0.000006    0.081035    0.081939   -0.230397
 32   42.458084    0.000023    0.000015    0.054405    0.027414   -0.084526
 33   42.267883   -0.000076    0.000008   -0.137868    0.176361    0.110081
 34   42.505981    0.000023    0.000015   -0.299411    0.272154    0.312835
 35   42.233032   -0.000023    0.000015   -0.077558    0.087234    0.040297
 36   42.352234   -0.000076   -0.000031    0.201699    0.036149   -0.258485
 37   42.391663    0.000039    0.000000    0.153626    0.005273   -0.139078
 38   42.497620    0.000053    0.000015    0.114158   -0.003367   -0.088051
 39   42.272644    0.000076    0.000031    0.095420   -0.009717   -0.063360
 40   29.239361  106.746651    1.740831   -0.102056    0.293240    1.556905
 41   42.375038    0.000004   -0.000004    0.191472   -0.086859   -0.915928
 42   42.546112    0.000015    0.000000    0.000757   -0.033666   -0.059894
 43   42.234421   -0.000031   -0.000002    0.000272    0.021442    0.445327
 44   42.465088   -0.000015   -0.000006   -0.033633    0.013232    0.503948
 45   42.458084    0.000023   -0.000005   -0.096353   -0.009794    0.750140
 46   42.267937    0.000031    0.000010   -0.051015   -0.035837    0.340779
 47   42.505920    0.000061    0.000004    0.004681    0.005783   -0.037838
 48   42.233093    0.000031   -0.000019    0.034228    0.045291   -0.311256
 49   42.352219    0.000015    0.000000    0.040984    0.037606   -0.362929
 50   42.391663   -0.000008    0.000002    0.026214    0.013360   -0.233424
 51   42.497650    0.000000   -0.000009    0.018127    0.005313   -0.178451
 52   42.272675    0.000023    0.000010    0.007992    0.000986   -0.087220
 53   29.239334   50.706909  -91.389069   -0.326650    0.755228    1.848249
 54   42.375076   -0.000006    0.000008   -0.414948    0.314680   -0.736011
 55   42.546066    0.000015    0.000019   -0.223362    0.313874   -0.364863
 56   42.234512   -0.000046   -0.000008   -0.052757    0.064394   -0.048662
 57   42.465027    0.000000   -0.000008   -0.008923   -0.080275    0.064405
 58   42.458084    0.000031    0.000015    0.005526   -0.208315    0.164374
 59   42.267944   -0.000114    0.000015    0.033476   -0.277137    0.237602
 60   42.505920    0.000076   -0.000031    0.057188   -0.368463    0.371995
 61   42.233124   -0.000031   -0.000015    0.052513   -0.173612    0.215210
 62   42.352295    0.000015    0.000000    0.021681   -0.201379    0.294034
 63   42.391708    0.000061   -0.000015   -0.034145   -0.239563    0.398600
 64   42.497559    0.000092    0.000000   -0.029949   -0.137049    0.228125
 65   42.272751    0.000031   -0.000031   -0.023157   -0.084545    0.135034
 66   29.239311  -56.044868  -91.389008   -0.279553    0.385596   -1.094227
 67   42.375061   -0.000008   -0.000008    0.234353   -0.166886    0.400558
 68   42.546089    0.000004    0.000008    0.104506   -0.061915    0.253230
 69   42.234451    0.000015   -0.000004    0.013622    0.025425   -0.028314
 70   42.465012   -0.000023   -0.000015   -0.230479    0.198299   -0.577819
 71   42.458130    0.000053   -0.000027   -0.470819    0.418093   -0.816759
 72   42.267914   -0.000061   -0.000031   -0.058804    0.106202   -0.183185
 73   42.505966    0.000076    0.000015   -0.103817    0.123362   -0.266402
 74   42.233185    0.000046   -0.000015   -0.054290    0.020117   -0.145770
 75   42.352180    0.000000    0.000031    0.253264   -0.571430    0.161006
 76   42.391846    0.000015   -0.000053    0.303628   -0.311020    0.185572
 77   42.497559    0.000031   -0.000008    0.175474   -0.117765    0.124291
 78   42.272705    0.000015   -0.000015    0.107474   -0.055646    0.085264
 79   29.239319 -106.786263    1.740908    0.105738   -0.379790   -1.459318
 80   42.375107    0.000001    0.000000    0.197696    0.174352    0.501171
 81   42.546051   -0.000023    0.000007    0.044619    0.105637    0.203098
 82   42.234497    0.000015   -0.000008   -0.032971   -0.039707   -0.318159
 83   42.465103    0.000008    0.000002   -0.039085   -0.039961   -0.394970
 84   42.458099   -0.000008    0.000002   -0.025522   -0.007558   -0.260559
 85   42.267944    0.000000    0.000002   -0.028203   -0.001192   -0.437074
 86   42.505920    0.000000    0.000029   -0.005650    0.004972   -0.195056
 87   42.233078    0.000000   -0.000004    0.010721   -0.010479    0.346890
 88   42.352325    0.000000    0.000004    0.025324   -0.006144    0.343181
 89   42.391724    0.000008    0.000002    0.013283    0.001067    0.131583
 90   42.497498    0.000007   -0.000013    0.009948    0.001917    0.089893
 91   42.272583   -0.000029    0.000027    0.007542    0.002021    0.064809
time 25
  0    0.000000    0.000000    0.000000    0.000000   -0.000000    0.000000
  1    0.000000    0.000000    0.000000    0.000000   -0.000000    0.000000
  2    8.507162    0.000000    5.785160    0.785398   -1.444218    0.901754
  3   50.309216   -0.435480    0.000004   -0.000017   -0.199896    0.014098
  4   30.891548   -0.000010    0.000001   -0.023170   -0.197832   -0.005380
  5   34.635605    0.000007    0.000000   -0.023131   -0.249870    0.012367
  6   30.584297    0.000017   -0.000004   -0.024505   -0.487526    0.021723
  7   31.520187    0.000000    0.000008   -0.019297   -0.554545    0.027943
  8   34.241192  -28.000034  -41.878006    0.983397   -0.443666    0.297410
  9   34.241131   23.441803  -41.878098   -0.983402   -0.443667   -0.297405
 10   35.246700  -52.543102    1.319138   -0.000000   -0.000000    0.548695
 11   35.246548   52.726326    1.318924   -0.000000   -0.000000   -0.548692
 12   34.830013  -24.891930   45.588608   -0.981394    0.450723    0.285665
 13   34.885777   27.636593   43.767830    0.981389    0.450722   -0.285664
 14   29.239319  -51.573349   94.292961   -1.446231   -2.096748    0.790800
 15   42.375076    0.000010    0.000000   -0.134390    0.396137    0.034475
 16   42.546066    0.000031   -0.000002   -0.100078    0.237392    0.054372
 17   42.234482    0.000023   -0.000011   -0.052156    0.083958   -0.060654
 18   42.465027    0.000021    0.000000   -0.030606    0.061449   -0.047128
 19   42.458130   -0.000080   -0.000008   -0.057917    0.085166    0.022000
 20   42.267944    0.000015    0.000015   -0.040204    0.060090    0.018715
 21   42.505920   -0.000004    0.000046   -0.025044    0.056439    0.026478
 22   42.233185    0.000023    0.000015   -0.046060    0.094734    0.083970
 23   42.352264    0.000000   -0.000031   -0.070457    0.103850    0.108223
 24   42.391754   -0.000031   -0.000015   -0.062685    0.074893    0.084612
 25   42.497467    0.000061    0.000046   -0.052546    0.061236    0.079048
 26   42.272827    0.000107   -0.000015   -0.030596    0.032043    0.046347
 27   29.239323   55.382626   92.214966   -0.050642   -0.290474    2.111631
 28   42.375076   -0.000008    0.000015    0.141554   -0.112603   -0.116403
 29   42.546097   -0.000023    0.000015    0.158455   -0.224545   -0.130133
 30   42.234467    0.000043    0.000015    0.105949   -0.146198   -0.131601
 31   42.465073   -0.000084    0.000000    0.035146    0.143682   -0.178651
 32   42.458069   -0.000023    0.000027    0.052337    0.040932   -0.089862
 33   42.267883   -0.000046    0.000038   -0.090414    0.122420    0.065858
 34   42.506042    0.000008    0.000031   -0.258238    0.219577    0.246625
 35   42.233002   -0.000038   -0.000015   -0.123088    0.101085    0.098003
 36   42.352264   -0.000076    0.000000    0.137336    0.050108   -0.198298
 37   42.391663    0.000027   -0.000015    0.162743    0.016128   -0.154251
 38   42.497620    0.000015    0.000000    0.103690    0.007115   -0.085224
 39   42.272675    0.000107    0.000015    0.096657   -0.001385   -0.067278
 40   29.239353  106.746643    1.740843   -0.112490    0.321626    1.800062
 41   42.375092   -0.000008    0.000000    0.211467   -0.039390   -0.929894
 42   42.546120    0.000023    0.000001    0.011617   -0.060737   -0.221504
 43   42.234497    0.000000   -0.000004   -0.001078    0.020872    0.392515
 44   42.465088    0.000008   -0.000007   -0.030548    0.016434    0.446929
 45   42.458115    0.000015   -0.000002   -0.088096   -0.003678    0.653667
 46   42.267929   -0.000031    0.000004   -0.070160   -0.037410    0.413405
 47   42.505905    0.000000    0.000008    0.001696    0.001808   -0.011557
 48   42.233154    0.000031   -0.000008    0.036934    0.043426   -0.284671
 49   42.352234    0.000015    0.000004    0.044934    0.037815   -0.348469
 50   42.391663    0.000008   -0.000000    0.027443    0.012675   -0.217194
 51   42.497559    0.000015   -0.000005    0.019342    0.005051   -0.169495
 52   42.272827   -0.000019   -0.000006    0.008816    0.000870   -0.085657
 53   29.239338   50.706894  -91.389061   -0.326432    0.771595    1.843014
 54   42.375076   -0.000006    0.000011   -0.415845    0.307670   -0.758468
 55   42.546066    0.000023   -0.000010   -0.230911    0.314991   -0.380469
 56   42.234543   -0.000038   -0.000015   -0.055482    0.067115   -0.052815
 57   42.465057    0.000015    0.000000   -0.011621   -0.070795    0.056937
 58   42.458038    0.000023   -0.000008    0.007667   -0.236252    0.180692
 59   42.267944   -0.000107    0.000031    0.034340   -0.272092    0.236909
 60   42.505859    0.000099   -0.000023    0.046127   -0.375964    0.430024
 61   42.233124   -0.000031    0.000000    0.040205   -0.197072    0.274671
 62   42.352280    0.000031    0.000000    0.000838   -0.198329    0.290817
 63   42.391724    0.000000    0.000061   -0.047213   -0.225859    0.350849
 64   42.497520    0.000061   -0.000031   -0.032732   -0.132477    0.200861
 65   42.272758    0.000000    0.000031   -0.023656   -0.084381    0.121777
 66   29.239307  -56.044868  -91.389030   -0.245210    0.358006   -1.081809
 67   42.375092    0.000008   -0.000015    0.239932   -0.153023    0.414582
 68   42.546097   -0.000004    0.000023    0.102259   -0.050192    0.248738
 69   42.234451    0.000031   -0.000004    0.012139    0.026197   -0.031212
 70   42.465012   -0.000023    0.000011   -0.221855    0.184213   -0.566323
 71   42.458099    0.000023   -0.000027   -0.461943    0.397183   -0.805538
 72   42.267944   -0.000031    0.000000   -0.069329    0.110124   -0.201716
 73   42.505966    0.000061   -0.000031   -0.126630    0.153842   -0.298252
 74   42.233109    0.000000   -0.000031   -0.050319    0.017972   -0.135648
 75   42.352150    0.000000    0.000031    0.246554   -0.565657    0.157284
 76   42.391724    0.000046   -0.000015    0.317909   -0.326614    0.190912
 77   42.497589    0.000076    0.000015    0.186739   -0.122417    0.130938
 78   42.272766    0.000000    0.000015    0.114488   -0.056789    0.090612
 79   29.239315 -106.786263    1.740894    0.117201   -0.451633   -1.372529
 80   42.375099   -0.000017   -0.000011    0.270167    0.225692    0.580951
 81   42.546021   -0.000015    0.000005    0.028640    0.096890    0.127564
 82   42.234497   -0.000008   -0.000004   -0.041727   -0.060412   -0.383386
 83   42.465073    0.000000   -0.000008   -0.048473   -0.045548   -0.435575
 84   42.458069    0.000000   -0.000009   -0.031290   -0.007683   -0.297896
 85   42.267914   -0.000031   -0.000014   -0.031088    0.003168   -0.529463
 86   42.505997    0.000000    0.000008   -0.001720    0.005539   -0.152300
 87   42.233017    0.000000   -0.000021    0.008610   -0.015479    0.421745
 88   42.352325    0.000000   -0.000010    0.028840   -0.009412    0.372218
 89   42.391754   -0.000038   -0.000008    0.015198    0.000643    0.136203
 90   42.497650   -0.000031   -0.000023    0.011100    0.001792    0.090145
 91   42.272522   -0.000023    0.000022    0.008270    0.001969    0.063734
time 26
  0    0.000000    0.000000    0.000000    0.000000   -0.000000    0.000000
  1    0.000000    0.000000    0.000000    0.000000   -0.000000    0.000000
  2    9.470173    0.000000    7.876404    0.785397   -1.429583    0.913390
  3   50.309216   -0.435477    0.000004   -0.000017   -0.199896    0.014098
  4   30.891533   -0.000011    0.000001   -0.015671   -0.192153   -0.008200
  5   34.635597    0.000008    0.000002   -0.015650   -0.244282    0.008367
  6   30.584282    0.000015    0.000000   -0.016579   -0.482140    0.014698
  7   31.520203    0.000001   -0.000008   -0.013056   -0.549281    0.018905
  8   34.241196  -28.000029  -41.878006    0.982270   -0.448002    0.300413
  9   34.241119   23.441799  -41.878113   -0.982274   -0.448003   -0.300408
 10   35.246704  -52.543091    1.319138   -0.000000    0.000000    0.553846
 11   35.246544   52.726303    1.318909   -0.000000   -0.000000   -0.553843
 12   34.830017  -24.891928   45.588593   -0.980240    0.455055    0.288685
 13   34.885765   27.636580   43.767807    0.980235    0.455053   -0.288684
 14   29.239315  -51.573322   94.292946   -1.311607   -2.123957    0.641722
 15   42.375069    0.000011   -0.000015   -0.131295    0.403857    0.034085
 16   42.546097    0.000031    0.000006   -0.098983    0.265718    0.063858
 17   42.234467    0.000019   -0.000004   -0.055922    0.096891   -0.065637
 18   42.464981    0.000025   -0.000008   -0.031787    0.067011   -0.054045
 19   42.458008   -0.000057    0.000008   -0.053908    0.075179    0.010443
 20   42.267914    0.000042   -0.000023   -0.035139    0.050935    0.007760
 21   42.505890   -0.000008    0.000015   -0.022275    0.055289    0.018650
 22   42.233124    0.000008    0.000015   -0.056983    0.111959    0.100694
 23   42.352264    0.000031    0.000061   -0.079999    0.114302    0.125284
 24   42.391785   -0.000053    0.000000   -0.064167    0.073597    0.088735
 25   42.497589    0.000076    0.000015   -0.050511    0.056241    0.077867
 26   42.272766    0.000031   -0.000076   -0.030843    0.031204    0.048315
 27   29.239330   55.382603   92.214951   -0.072601   -0.261773    2.115085
 28   42.375072    0.000000    0.000000    0.149007   -0.116097   -0.120975
 29   42.546066   -0.000023    0.000023    0.149874   -0.211925   -0.115045
 30   42.234482    0.000046    0.000008    0.110373   -0.150533   -0.131357
 31   42.465027   -0.000074    0.000017    0.077488    0.088326   -0.226213
 32   42.458084   -0.000015    0.000000    0.085182    0.012510   -0.125155
 33   42.267883   -0.000061    0.000042   -0.038489    0.069385    0.028029
 34   42.506073    0.000031    0.000023   -0.148711    0.116007    0.155492
 35   42.233124   -0.000065   -0.000023   -0.217265    0.271422    0.065942
 36   42.352234   -0.000088    0.000000   -0.093416    0.108064    0.015221
 37   42.391724    0.000076    0.000000   -0.051454    0.044634    0.020289
 38   42.497620    0.000023    0.000000   -0.036099    0.027962    0.014497
 39   42.272583    0.000099    0.000000   -0.025015    0.018410    0.010412
 40   29.239353  106.746613    1.740830   -0.122881    0.338437    1.959419
 41   42.375046    0.000015   -0.000004    0.209124   -0.007765   -0.826839
 42   42.546112    0.000008   -0.000003    0.041720   -0.084741   -0.407131
 43   42.234467    0.000000   -0.000007   -0.003377    0.016027    0.318848
 44   42.465088   -0.000015   -0.000013   -0.028026    0.020269    0.408971
 45   42.458069   -0.000015   -0.000009   -0.074861    0.000553    0.539635
 46   42.267868    0.000000    0.000000   -0.088567   -0.034248    0.480853
 47   42.505829    0.000031    0.000004   -0.005676   -0.005235    0.033705
 48   42.233139    0.000000   -0.000011    0.036419    0.038675   -0.242611
 49   42.352234    0.000031    0.000002    0.049404    0.040088   -0.343424
 50   42.391724   -0.000023   -0.000005    0.028701    0.012624   -0.204120
 51   42.497681   -0.000015   -0.000014    0.020740    0.005224   -0.162841
 52   42.272736   -0.000019    0.000005    0.010039    0.000962   -0.087204
 53   29.239330   50.706894  -91.389061   -0.367742    0.790446    1.792420
 54   42.375069   -0.000006   -0.000015   -0.391571    0.294537   -0.729178
 55   42.546059    0.000015    0.000031   -0.245822    0.323531   -0.410094
 56   42.234535   -0.000046    0.000000   -0.055471    0.061233   -0.048426
 57   42.465012    0.000008   -0.000023   -0.003662   -0.119720    0.098751
 58   42.458054    0.000000   -0.000015    0.013164   -0.293820    0.245048
 59   42.268005   -0.000107   -0.000008    0.031642   -0.269031    0.258565
 60   42.505920    0.000076   -0.000023    0.022693   -0.396603    0.489746
 61   42.233154   -0.000061   -0.000015    0.016762   -0.231553    0.341878
 62   42.352303    0.000031    0.000015   -0.005839   -0.138392    0.195779
 63   42.391701    0.000061    0.000000   -0.026105   -0.134641    0.190098
 64   42.497543    0.000153    0.000015   -0.021374   -0.103087    0.145601
 65   42.272758    0.000031   -0.000031   -0.015820   -0.067812    0.092644
 66   29.239304  -56.044815  -91.389038   -0.242117    0.337653   -1.102881
 67   42.375099    0.000000    0.000004    0.245479   -0.133038    0.404171
 68   42.546082    0.000004    0.000011    0.103688   -0.037773    0.235320
 69   42.234436    0.000046    0.000000   -0.002519    0.041196   -0.071286
 70   42.465012   -0.000031   -0.000011   -0.256356    0.208019   -0.583087
 71   42.458038    0.000034   -0.000019   -0.268382    0.292513   -0.501602
 72   42.267914   -0.000061    0.000000   -0.084612    0.049912   -0.240819
 73   42.505936    0.000061   -0.000015   -0.170949    0.130154   -0.315205
 74   42.233078   -0.000015   -0.000031    0.083541   -0.248401    0.016865
 75   42.352127   -0.000046    0.000031    0.165516   -0.235853    0.085049
 76   42.391754   -0.000015    0.000008    0.094234   -0.102332    0.039499
 77   42.497559    0.000015   -0.000006    0.075284   -0.068288    0.034180
 78   42.272675    0.000031   -0.000015    0.034988   -0.027428    0.016432
 79   29.239307 -106.786224    1.740907    0.128691   -0.526049   -1.261703
 80   42.375099   -0.000010   -0.000008    0.331265    0.286006    0.616218
 81   42.546021    0.000000    0.000003    0.013401    0.081639    0.060075
 82   42.234528   -0.000015    0.000000   -0.049050   -0.079320   -0.427895
 83   42.465073    0.000008   -0.000007   -0.058202   -0.053163   -0.475644
 84   42.458069    0.000046   -0.000006   -0.037202   -0.007923   -0.333223
 85   42.267883    0.000015   -0.000007   -0.031702    0.008126   -0.603558
 86   42.505959   -0.000031    0.000015    0.000927    0.005450   -0.125600
 87   42.233032    0.000000   -0.000010    0.003664   -0.018878    0.463345
 88   42.352234    0.000000   -0.000002    0.032460   -0.013798    0.416411
 89   42.391724    0.000023   -0.000007    0.017351    0.000181    0.143019
 90   42.497559    0.000002   -0.000020    0.012447    0.001715    0.092186
 91   42.272552   -0.000004    0.000022    0.009145    0.001984    0.064096
time 27
  0    0.000000    0.000000    0.000000    0.000000   -0.000000    0.000000
  1    0.000000    0.000000    0.000000    0.000000   -0.000000    0.000000
  2   10.290263    0.000000    9.657290    0.785397   -1.417120    0.925026
  3   50.309216   -0.435479    0.000003   -0.000017   -0.199896    0.014098
  4   30.891537   -0.000012    0.000000   -0.009284   -0.187317   -0.010601
  5   34.635590    0.000007    0.000002   -0.009279   -0.239524    0.004960
  6   30.584282    0.000019    0.000004   -0.009830   -0.477554    0.008714
  7   31.520187    0.000006    0.000008   -0.007741   -0.544798    0.011208
  8   34.241199  -28.000031  -41.877991    0.981309   -0.451695    0.302971
  9   34.241116   23.441807  -41.878082   -0.981314   -0.451696   -0.302966
 10   35.246700  -52.543076    1.319153   -0.000000   -0.000000    0.558233
 11   35.246548   52.726318    1.318939   -0.000000    0.000000   -0.558230
 12   34.830036  -24.891922   45.588608   -0.979257    0.458743    0.291257
 13   34.885792   27.636593   43.767830    0.979252    0.458742   -0.291256
 14   29.239307  -51.573341   94.292938   -1.207113   -2.151469    0.529716
 15   42.375069   -0.000004   -0.000008   -0.130408    0.402313    0.030595
 16   42.546066    0.000029   -0.000008   -0.096377    0.289904    0.071834
 17   42.234436    0.000017   -0.000008   -0.061529    0.116806   -0.060654
 18   42.464966    0.000010   -0.000034   -0.037859    0.081654   -0.046562
 19   42.458099   -0.000065   -0.000023   -0.043283    0.056786   -0.017460
 20   42.267914    0.000034   -0.000031   -0.013221    0.024170   -0.039692
 21   42.505951   -0.000023   -0.000008   -0.005137    0.040645   -0.019029
 22   42.233215    0.000000   -0.000038   -0.066272    0.130083    0.096869
 23   42.352234    0.000046    0.000031   -0.093921    0.129296    0.125530
 24   42.391754   -0.000061   -0.000046   -0.071166    0.078456    0.082857
 25   42.497528    0.000015    0.000031   -0.055736    0.058503    0.071708
 26   42.272705    0.000092   -0.000031   -0.032196    0.030248    0.041740
 27   29.239326   55.382622   92.214966   -0.101202   -0.233051    2.125034
 28   42.375061   -0.000015   -0.000015    0.173538   -0.120766   -0.148803
 29   42.546074   -0.000023    0.000008    0.169780   -0.215957   -0.138091
 30   42.234482    0.000046   -0.000008    0.123523   -0.161103   -0.144169
 31   42.465042   -0.000061    0.000023    0.105173    0.041140   -0.244017
 32   42.458069   -0.000023    0.000038    0.105482   -0.016070   -0.145155
 33   42.267853   -0.000069    0.000069   -0.011889    0.038400    0.011282
 34   42.506012    0.000076    0.000015   -0.037689   -0.016152    0.077042
 35   42.233063   -0.000069    0.000050   -0.482600    0.615268    0.217937
 36   42.352081   -0.000107    0.000031   -0.181788    0.113648    0.122104
 37   42.391663    0.000015    0.000015   -0.067369    0.033422    0.055764
 38   42.497589    0.000000   -0.000031   -0.040637    0.017956    0.035183
 39   42.272583    0.000122    0.000046   -0.026476    0.011050    0.024031
 40   29.239353  106.746643    1.740842   -0.133331    0.352000    2.050733
 41   42.375069   -0.000008    0.000002    0.191724    0.006145   -0.674141
 42   42.546112    0.000004    0.000006    0.083666   -0.090301   -0.563983
 43   42.234467   -0.000031   -0.000001   -0.005602    0.005071    0.220241
 44   42.465103   -0.000004   -0.000004   -0.026794    0.024936    0.394997
 45   42.458084   -0.000019   -0.000000   -0.061266    0.002361    0.430803
 46   42.267899    0.000000    0.000001   -0.098476   -0.027446    0.510455
 47   42.505890    0.000061    0.000004   -0.019051   -0.014781    0.099690
 48   42.233093    0.000000   -0.000015    0.032372    0.031511   -0.189553
 49   42.352203    0.000000    0.000010    0.054215    0.044180   -0.343861
 50   42.391602   -0.000015   -0.000001    0.030067    0.013231   -0.194068
 51   42.497589   -0.000031   -0.000003    0.022271    0.005839   -0.157779
 52   42.272766   -0.000015   -0.000006    0.011659    0.001311   -0.091054
 53   29.239342   50.706902  -91.389069   -0.420372    0.809060    1.731668
 54   42.375084   -0.000017    0.000015   -0.364165    0.281680   -0.691681
 55   42.546066    0.000015    0.000013   -0.265902    0.337015   -0.450073
 56   42.234528   -0.000069   -0.000015   -0.053498    0.049600   -0.037371
 57   42.465012    0.000046    0.000015    0.007403   -0.210436    0.183407
 58   42.458069    0.000008    0.000000    0.009674   -0.344852    0.333558
 59   42.268005   -0.000092    0.000015    0.019020   -0.255767    0.271310
 60   42.505859    0.000061    0.000023   -0.039750   -0.473462    0.610359
 61   42.233154   -0.000092   -0.000031   -0.012011   -0.246135    0.362626
 62   42.352249    0.000000    0.000015    0.000336   -0.011135   -0.004794
 63   42.391724   -0.000031    0.000000   -0.014326    0.028329   -0.083496
 64   42.497574    0.000031   -0.000031   -0.005615   -0.019459   -0.013193
 65   42.272766    0.000031    0.000015   -0.004369   -0.013535   -0.009289
 66   29.239315  -56.044899  -91.389038   -0.281289    0.325576   -1.166135
 67   42.375107    0.000000    0.000000    0.251748   -0.113310    0.377253
 68   42.546097   -0.000011    0.000027    0.105623   -0.022307    0.210859
 69   42.234451    0.000038    0.000004   -0.031824    0.065874   -0.127085
 70   42.464966   -0.000023    0.000008   -0.172021    0.185796   -0.369039
 71   42.458130    0.000000   -0.000019   -0.090568    0.105445   -0.221581
 72   42.267914   -0.000053   -0.000008   -0.058373   -0.026464   -0.189187
 73   42.505981    0.000122   -0.000038   -0.138320    0.025001   -0.241303
 74   42.233124    0.000015    0.000046   -0.145915    0.031116   -0.200889
 75   42.352142    0.000000    0.000000   -0.084708    0.033406   -0.103050
 76   42.391754    0.000000    0.000015   -0.053764    0.027900   -0.064951
 77   42.497528    0.000000    0.000015   -0.035575    0.020129   -0.040761
 78   42.272644   -0.000031    0.000015   -0.008660    0.005825   -0.010814
 79   29.239315 -106.786240    1.740895    0.140269   -0.597642   -1.139786
 80   42.375092   -0.000019   -0.000008    0.370893    0.352669    0.608431
 81   42.546066    0.000031    0.000013    0.002600    0.066526    0.012287
 82   42.234512   -0.000038   -0.000002   -0.054622   -0.095712   -0.452334
 83   42.465012   -0.000023   -0.000001   -0.067850   -0.063469   -0.514273
 84   42.458084    0.000000    0.000004   -0.043133   -0.008745   -0.364067
 85   42.267883    0.000031   -0.000003   -0.031387    0.012312   -0.655791
 86   42.505981   -0.000031    0.000017    0.002875    0.005701   -0.120524
 87   42.233047   -0.000031   -0.000025   -0.002602   -0.020124    0.472808
 88   42.352325    0.000000    0.000000    0.035621   -0.019140    0.473886
 89   42.391693    0.000000   -0.000001    0.019782   -0.000255    0.151938
 90   42.497620   -0.000006   -0.000015    0.013999    0.001732    0.095668
 91   42.272552   -0.000008    0.000033    0.010162    0.002097    0.065510
time 28
  0    0.000000    0.000000    0.000000    0.000000   -0.000000    0.000000
  1    0.000000    0.000000    0.000000    0.000000   -0.000000    0.000000
  2   10.926599    0.000000   11.039134    0.785397   -1.407450    0.936661
  3   50.309212   -0.435478    0.000004   -0.000017   -0.199896    0.014098
  4   30.891537   -0.000010    0.000000   -0.004329   -0.183564   -0.012464
  5   34.635590    0.000008    0.000000   -0.004335   -0.235832    0.002317
  6   30.584274    0.000019    0.000004   -0.004593   -0.473995    0.004072
  7   31.520180   -0.000004    0.000015   -0.003617   -0.541320    0.005236
  8   34.241188  -28.000034  -41.877991    0.980563   -0.454560    0.304956
  9   34.241112   23.441801  -41.878098   -0.980568   -0.454561   -0.304951
 10   35.246704  -52.543102    1.319138   -0.000000    0.000000    0.561637
 11   35.246536   52.726315    1.318924   -0.000000   -0.000000   -0.561634
 12   34.830025  -24.891937   45.588608   -0.978494    0.461605    0.293252
 13   34.885765   27.636585   43.767815    0.978489    0.461604   -0.293252
 14   29.239323  -51.573353   94.292953   -1.124457   -2.174363    0.447781
 15   42.375061    0.000004   -0.000015   -0.132003    0.393113    0.023457
 16   42.546051    0.000023    0.000008   -0.093091    0.307411    0.075947
 17   42.234467    0.000000    0.000023   -0.066994    0.139461   -0.052221
 18   42.464951    0.000017   -0.000004   -0.046348    0.102628   -0.029744
 19   42.458069   -0.000067    0.000000   -0.033486    0.040587   -0.044342
 20   42.267975    0.000015   -0.000015    0.022507   -0.014813   -0.110585
 21   42.505890    0.000008    0.000000    0.034485    0.003701   -0.088035
 22   42.233154   -0.000031   -0.000023   -0.066809    0.139946    0.070275
 23   42.352234    0.000031   -0.000015   -0.111186    0.148617    0.115077
 24   42.391693   -0.000057   -0.000015   -0.078839    0.084870    0.067853
 25   42.497498    0.000065   -0.000015   -0.063100    0.063372    0.059698
 26   42.272827    0.000046   -0.000031   -0.035180    0.031252    0.033484
 27   29.239338   55.382626   92.214958   -0.123843   -0.210575    2.129812
 28   42.375061    0.000008    0.000008    0.218161   -0.122449   -0.201302
 29   42.546074   -0.000031    0.000000    0.211048   -0.230068   -0.183400
 30   42.234467    0.000038    0.000008    0.157803   -0.183329   -0.187126
 31   42.465027   -0.000042    0.000031    0.165774   -0.071038   -0.291568
 32   42.458084   -0.000031   -0.000004    0.117815   -0.092805   -0.150834
 33   42.267914   -0.000076    0.000015   -0.032668    0.097378    0.025359
 34   42.506012    0.000092    0.000023   -0.267376    0.381785    0.254329
 35   42.233093   -0.000038    0.000038   -0.382798    0.407191    0.338024
 36   42.352203   -0.000122    0.000000   -0.181101    0.162402    0.141854
 37   42.391602    0.000031   -0.000015   -0.084571    0.046827    0.088834
 38   42.497559    0.000061    0.000046   -0.049906    0.023132    0.056601
 39   42.272583    0.000122    0.000000   -0.032488    0.013764    0.039213
 40   29.239353  106.746643    1.740823   -0.143953    0.366993    2.101172
 41   42.375053    0.000023   -0.000001    0.170996    0.010905   -0.541783
 42   42.546112   -0.000004    0.000000    0.119881   -0.079647   -0.649823
 43   42.234467   -0.000023   -0.000002   -0.005345   -0.011504    0.106324
 44   42.465103   -0.000008   -0.000007   -0.027089    0.029685    0.398598
 45   42.458054   -0.000004   -0.000002   -0.052365    0.002355    0.354095
 46   42.267914    0.000000    0.000000   -0.096820   -0.021490    0.485849
 47   42.505844    0.000000    0.000004   -0.036961   -0.024096    0.175075
 48   42.233109   -0.000031   -0.000008    0.026817    0.024437   -0.140885
 49   42.352173    0.000031    0.000004    0.057468    0.047674   -0.335777
 50   42.391571   -0.000015   -0.000007    0.032257    0.014891   -0.191111
 51   42.497589   -0.000019   -0.000011    0.023792    0.006823   -0.153623
 52   42.272736   -0.000010   -0.000010    0.013429    0.001924   -0.095140
 53   29.239330   50.706913  -91.389046   -0.475010    0.827912    1.672141
 54   42.375061   -0.000013   -0.000015   -0.336191    0.270081   -0.652657
 55   42.546082    0.000008    0.000028   -0.276498    0.340393   -0.474534
 56   42.234543   -0.000061    0.000008   -0.050882    0.034848   -0.023206
 57   42.465012    0.000046    0.000008    0.010819   -0.300459    0.279539
 58   42.458069    0.000015    0.000004   -0.000525   -0.342737    0.371149
 59   42.267975   -0.000076    0.000015    0.004128   -0.241119    0.269506
 60   42.505890    0.000092    0.000000   -0.091817   -0.493612    0.659340
 61   42.233170   -0.000061   -0.000015   -0.034235   -0.253949    0.362511
 62   42.352303    0.000031   -0.000015    0.001157   -0.006596   -0.030472
 63   42.391693    0.000061    0.000000   -0.054326    0.147701   -0.353778
 64   42.497543    0.000000   -0.000046   -0.121393    0.150247   -0.404373
 65   42.272705    0.000031    0.000000   -0.139016    0.139341   -0.295635
 66   29.239307  -56.044846  -91.389000   -0.378455    0.320594   -1.280475
 67   42.375092    0.000000    0.000004    0.269952   -0.114372    0.364028
 68   42.546097    0.000004    0.000034    0.112544   -0.012188    0.204121
 69   42.234482    0.000031    0.000000   -0.036337    0.067936   -0.113788
 70   42.464981   -0.000034    0.000023   -0.069037    0.107003   -0.151913
 71   42.458130    0.000038    0.000025   -0.039559    0.035978   -0.125861
 72   42.267883   -0.000076    0.000034   -0.033640   -0.016070   -0.115458
 73   42.505951    0.000038    0.000011   -0.117967    0.025830   -0.215870
 74   42.233185    0.000000   -0.000023   -0.309868    0.107159   -0.410012
 75   42.352203   -0.000031   -0.000046   -0.164144    0.114227   -0.188423
 76   42.391754   -0.000031   -0.000046   -0.080879    0.079348   -0.094315
 77   42.497589    0.000061    0.000031   -0.049995    0.057195   -0.058103
 78   42.272705    0.000000    0.000000   -0.018219    0.024147   -0.022243
 79   29.239311 -106.786293    1.740922    0.152000   -0.662037   -1.028002
 80   42.375069    0.000008   -0.000008    0.389774    0.418147    0.574672
 81   42.546028   -0.000023    0.000010   -0.003595    0.056258   -0.015152
 82   42.234497   -0.000015    0.000004   -0.058269   -0.108995   -0.459006
 83   42.465057    0.000000    0.000003   -0.076746   -0.076616   -0.548900
 84   42.458084    0.000031    0.000009   -0.048881   -0.010617   -0.387258
 85   42.267883   -0.000015   -0.000001   -0.031795    0.014534   -0.689096
 86   42.505966    0.000000    0.000021    0.004722    0.006522   -0.132229
 87   42.233093    0.000061   -0.000011   -0.008105   -0.019597    0.458202
 88   42.352249    0.000031    0.000007    0.037719   -0.024301    0.532779
 89   42.391724   -0.000015    0.000000    0.022653   -0.000565    0.163595
 90   42.497528    0.000013   -0.000010    0.015710    0.001920    0.099900
 91   42.272552    0.000016    0.000039    0.011283    0.002350    0.067484
time 29
  0    0.000000    0.000000    0.000000    0.000000   -0.000000    0.000000
  1    0.000000    0.000000    0.000000    0.000000   -0.000000    0.000000
  2   11.338344    0.000000   11.933269    0.785397   -1.401193    0.948297
  3   50.309212   -0.435476    0.000004   -0.000017   -0.199896    0.014098
  4   30.891541   -0.000009    0.000003   -0.001122   -0.181136   -0.013669
  5   34.635590    0.000007    0.000000   -0.001137   -0.233442    0.000607
  6   30.584282    0.000018    0.000000   -0.001204   -0.471692    0.001068
  7   31.520195   -0.000004   -0.000008   -0.000949   -0.539069    0.001372
  8   34.241192  -28.000031  -41.878006    0.980081   -0.456414    0.306240
  9   34.241131   23.441803  -41.878098   -0.980086   -0.456415   -0.306235
 10   35.246708  -52.543079    1.319153   -0.000000    0.000000    0.563840
 11   35.246548   52.726311    1.318939   -0.000000   -0.000000   -0.563837
 12   34.830029  -24.891922   45.588615   -0.978001    0.463458    0.294544
 13   34.885799   27.636585   43.767830    0.977996    0.463456   -0.294543
 14   29.239330  -51.573360   94.292992   -1.056599   -2.189471    0.389623
 15   42.375092    0.000010    0.000008   -0.135782    0.377669    0.012477
 16   42.546112    0.000050   -0.000008   -0.090161    0.316380    0.074427
 17   42.234512    0.000014    0.000000   -0.071360    0.161662   -0.045306
 18   42.464981    0.000023    0.000000   -0.054625    0.126265   -0.010744
 19   42.458130   -0.000057   -0.000023   -0.028477    0.031105   -0.061114
 20   42.268036    0.000034    0.000038    0.061125   -0.054440   -0.181608
 21   42.505920    0.000031   -0.000008    0.096285   -0.056309   -0.176169
 22   42.233185   -0.000031   -0.000023   -0.048288    0.127963    0.026059
 23   42.352325    0.000046    0.000023   -0.128284    0.172907    0.103400
 24   42.391724   -0.000046    0.000000   -0.080564    0.088139    0.048730
 25   42.497498    0.000008    0.000015   -0.065727    0.066380    0.044099
 26   42.272797    0.000076   -0.000031   -0.040130    0.036022    0.027557
 27   29.239334   55.382622   92.214996   -0.138007   -0.193660    2.126452
 28   42.375076   -0.000015    0.000000    0.275951   -0.119746   -0.265464
 29   42.546082   -0.000032    0.000023    0.267051   -0.248801   -0.239982
 30   42.234497    0.000053    0.000019    0.194025   -0.214568   -0.226360
 31   42.465027   -0.000042    0.000034    0.177260   -0.159119   -0.278468
 32   42.458069   -0.000053    0.000015    0.095700   -0.139110   -0.124797
 33   42.267944   -0.000031    0.000023   -0.004469    0.060546    0.003990
 34   42.506012    0.000046    0.000015   -0.224793    0.482227    0.191186
 35   42.233093   -0.000076    0.000031   -0.493726    0.605334    0.520566
 36   42.352158   -0.000061    0.000046   -0.174809    0.102502    0.235325
 37   42.391678    0.000092    0.000031   -0.057256    0.061290    0.067130
 38   42.497681    0.000031    0.000015   -0.071666    0.039623    0.107005
 39   42.272598    0.000183    0.000053   -0.054128    0.022053    0.092992
 40   29.239357  106.746643    1.740840   -0.154866    0.385363    2.126886
 41   42.375088   -0.000015   -0.000007    0.158946    0.013339   -0.462596
 42   42.546104    0.000000   -0.000002    0.142494   -0.067284   -0.670197
 43   42.234467   -0.000015   -0.000000   -0.001539   -0.027895    0.009989
 44   42.465088    0.000008    0.000000   -0.028844    0.033044    0.406097
 45   42.458115    0.000008   -0.000002   -0.048225    0.001306    0.308324
 46   42.267914   -0.000015    0.000000   -0.093369   -0.019300    0.451090
 47   42.505905    0.000000    0.000002   -0.051832   -0.030302    0.228204
 48   42.233093    0.000000   -0.000015    0.021988    0.019406   -0.105924
 49   42.352234    0.000031   -0.000004    0.059368    0.050718   -0.323107
 50   42.391693   -0.000015   -0.000006    0.034948    0.017427   -0.192405
 51   42.497589   -0.000008   -0.000020    0.025289    0.008150   -0.150616
 52   42.272644    0.000006    0.000000    0.015098    0.002780   -0.098151
 53   29.239334   50.706921  -91.389084   -0.525959    0.849043    1.621070
 54   42.375107   -0.000010   -0.000015   -0.306328    0.258667   -0.611298
 55   42.546082    0.000015    0.000021   -0.268186    0.325090   -0.467345
 56   42.234535   -0.000046   -0.000015   -0.048523    0.019954   -0.009312
 57   42.465012    0.000061    0.000000    0.006945   -0.349354    0.348797
 58   42.458099    0.000061    0.000015   -0.012797   -0.315006    0.374091
 59   42.268036   -0.000092   -0.000015   -0.010422   -0.241544    0.266421
 60   42.505859    0.000076    0.000015   -0.104044   -0.486948    0.619695
 61   42.233147   -0.000031   -0.000061   -0.032350   -0.247717    0.329171
 62   42.352264   -0.000031    0.000000    0.001950   -0.002624   -0.059781
 63   42.391731    0.000031    0.000000   -0.094823    0.177398   -0.463238
 64   42.497620    0.000031   -0.000061   -0.179225    0.178297   -0.447692
 65   42.272797    0.000004    0.000015   -0.162905    0.153475   -0.278380
 66   29.239315  -56.044868  -91.389076   -0.500875    0.312094   -1.409205
 67   42.375092    0.000000    0.000004    0.279900   -0.111720    0.334353
 68   42.546082    0.000010    0.000023    0.124727   -0.008370    0.206478
 69   42.234436    0.000031    0.000023    0.003927    0.037030   -0.016318
 70   42.465027   -0.000027    0.000027    0.006860    0.031155    0.006221
 71   42.458099    0.000023   -0.000004   -0.018241    0.019173   -0.075145
 72   42.267944   -0.000069   -0.000004   -0.036201    0.017264   -0.100600
 73   42.505890    0.000038    0.000034   -0.066764    0.027518   -0.133172
 74   42.233093   -0.000031   -0.000015   -0.332948    0.094485   -0.503619
 75   42.352173   -0.000031   -0.000015   -0.258469    0.169135   -0.317282
 76   42.391785    0.000000   -0.000031   -0.101424    0.113684   -0.126123
 77   42.497574    0.000031    0.000000   -0.054804    0.076991   -0.070427
 78   42.272705    0.000000    0.000000   -0.025340    0.041992   -0.034506
 79   29.239315 -106.786285    1.740900    0.163941   -0.717311   -0.949765
 80   42.375114   -0.000023    0.000000    0.399300    0.473727    0.538810
 81   42.546051   -0.000023    0.000011   -0.006296    0.052737   -0.026633
 82   42.234497    0.000008    0.000004   -0.060146   -0.119102   -0.452819
 83   42.465027   -0.000008    0.000004   -0.084027   -0.091684   -0.575121
 84   42.458115    0.000031    0.000001   -0.054224   -0.013845   -0.401292
 85   42.267944    0.000015   -0.000009   -0.033952    0.014028   -0.706461
 86   42.505981    0.000000    0.000017    0.006284    0.007635   -0.151996
 87   42.233101   -0.000061   -0.000013   -0.011163   -0.018339    0.434706
 88   42.352295   -0.000031   -0.000004    0.039433   -0.027646    0.577165
 89   42.391754    0.000000   -0.000006    0.025954   -0.000527    0.176701
 90   42.497589    0.000000   -0.000017    0.017459    0.002384    0.103771
 91   42.272522   -0.000021    0.000016    0.012423    0.002797    0.069363
time 30
  0    0.000000    0.000000    0.000000    0.000000   -0.000000    0.000000
  1    0.000000    0.000000    0.000000    0.000000   -0.000000    0.000000
  2   11.484669    0.000000   12.251022    0.785398   -1.398969    0.959932
  3   50.309208   -0.435478    0.000004   -0.000017   -0.199896    0.014098
  4   30.891541   -0.000012    0.000000    0.000017   -0.180274   -0.014098
  5   34.635597    0.000006    0.000000   -0.000000   -0.232594   -0.000000
  6   30.584282    0.000020    0.000004    0.000000   -0.470874    0.000000
  7   31.520172    0.000002    0.000008   -0.000000   -0.538269   -0.000001
  8   34.241188  -28.000025  -41.878006    0.979910   -0.457073    0.306696
  9   34.241127   23.441799  -41.878113   -0.979915   -0.457074   -0.306691
 10   35.246696  -52.543083    1.319122   -0.000000    0.000000    0.564623
 11   35.246536   52.726303    1.318909   -0.000000   -0.000000   -0.564620
 12   34.830025  -24.891928   45.588600   -0.977825    0.464116    0.295003
 13   34.885780   27.636580   43.767815    0.977821    0.464114   -0.295002
 14   29.239311  -51.573334   94.292961   -0.998758   -2.194755    0.350722
 15   42.375092   -0.000002    0.000008   -0.141078    0.356783   -0.002240
 16   42.546036    0.000036   -0.000004   -0.088441    0.315585    0.066414
 17   42.234451    0.000000    0.000010   -0.074464    0.180897   -0.043425
 18   42.464966    0.000013   -0.000004   -0.061171    0.149011    0.003011
 19   42.458038   -0.000057   -0.000008   -0.028399    0.028217   -0.066557
 20   42.267975    0.000061    0.000023    0.089062   -0.084691   -0.230146
 21   42.505890   -0.000008    0.000000    0.163049   -0.124763   -0.259739
 22   42.233124   -0.000015    0.000007   -0.015731    0.094397   -0.018594
 23   42.352325    0.000046    0.000006   -0.142914    0.203662    0.097816
 24   42.391724   -0.000031   -0.000015   -0.082138    0.092843    0.039550
 25   42.497528   -0.000008    0.000000   -0.064610    0.067699    0.034084
 26   42.272736    0.000076   -0.000031   -0.047064    0.044364    0.026103
 27   29.239315   55.382607   92.214943   -0.150120   -0.175349    2.119089
 28   42.375061    0.000008   -0.000023    0.309249   -0.114423   -0.295580
 29   42.546097   -0.000021    0.000015    0.300362   -0.257806   -0.268192
 30   42.234451    0.000040    0.000004    0.207905   -0.232308   -0.235439
 31   42.465027   -0.000084    0.000032    0.166898   -0.179427   -0.255105
 32   42.458084   -0.000008    0.000023    0.085997   -0.151658   -0.114065
 33   42.267883   -0.000046    0.000031    0.004587    0.034112   -0.003671
 34   42.506012    0.000031    0.000031   -0.120744    0.341278    0.109864
 35   42.233063   -0.000061    0.000046   -0.526335    0.818073    0.546839
 36   42.352234   -0.000092   -0.000015   -0.243510    0.129332    0.330841
 37   42.391663    0.000061    0.000000   -0.063381    0.029632    0.106460
 38   42.497681    0.000061    0.000008   -0.046728    0.034890    0.072983
 39   42.272644    0.000153   -0.000008   -0.067271    0.020666    0.134116
 40   29.239342  106.746620    1.740829   -0.166184    0.408677    2.134982
 41   42.375072    0.000000   -0.000004    0.160805    0.016232   -0.434699
 42   42.546112    0.000011    0.000004    0.156402   -0.062237   -0.668951
 43   42.234467   -0.000031   -0.000003    0.001610   -0.037084   -0.031965
 44   42.465057   -0.000008   -0.000007   -0.031703    0.033902    0.407260
 45   42.458023   -0.000008   -0.000007   -0.049169   -0.000340    0.293844
 46   42.267883   -0.000008    0.000001   -0.095126   -0.021542    0.435348
 47   42.505859    0.000031    0.000006   -0.059765   -0.034959    0.248217
 48   42.233093    0.000031   -0.000011    0.020165    0.018183   -0.091330
 49   42.352234    0.000000    0.000008    0.061386    0.055189   -0.316224
 50   42.391663    0.000000   -0.000001    0.037423    0.020415   -0.193805
 51   42.497589   -0.000011   -0.000023    0.026875    0.009878   -0.149514
 52   42.272552   -0.000008    0.000007    0.016485    0.003839   -0.099553
 53   29.239319   50.706909  -91.389076   -0.561580    0.875700    1.592500
 54   42.375107   -0.000013   -0.000008   -0.284374    0.253942   -0.589909
 55   42.546051    0.000034    0.000025   -0.256387    0.311228   -0.455871
 56   42.234528   -0.000038    0.000023   -0.047597    0.009750   -0.000996
 57   42.465027    0.000046    0.000000    0.000685   -0.366512    0.378965
 58   42.458099    0.000023    0.000000   -0.024035   -0.300365    0.370711
 59   42.267975   -0.000076    0.000008   -0.020737   -0.246845    0.256563
 60   42.505905    0.000092   -0.000031   -0.102577   -0.490945    0.570647
 61   42.233154   -0.000061   -0.000015   -0.025521   -0.250529    0.303869
 62   42.352257    0.000031   -0.000031    0.001231    0.009552   -0.086671
 63   42.391701    0.000092    0.000000   -0.123976    0.204583   -0.495040
 64   42.497559    0.000061   -0.000046   -0.175359    0.187622   -0.399777
 65   42.272705    0.000051    0.000000   -0.121795    0.130638   -0.208245
 66   29.239304  -56.044830  -91.389008   -0.552688    0.289998   -1.470772
 67   42.375092    0.000000   -0.000008    0.282989   -0.099337    0.316741
 68   42.546097   -0.000004    0.000046    0.133437   -0.002848    0.212177
 69   42.234451    0.000042   -0.000015    0.034474    0.012273    0.045976
 70   42.465057   -0.000031    0.000015    0.033017    0.004628    0.061458
 71   42.458099    0.000023    0.000019   -0.011161    0.016185   -0.055109
 72   42.267944   -0.000053    0.000023   -0.042922    0.029850   -0.107820
 73   42.505981    0.000053    0.000044   -0.045473    0.029929   -0.088813
 74   42.233093    0.000008    0.000023   -0.298011    0.075547   -0.486429
 75   42.352173   -0.000076   -0.000008   -0.318619    0.179951   -0.406624
 76   42.391815   -0.000031   -0.000046   -0.116658    0.129318   -0.147999
 77   42.497543   -0.000031    0.000061   -0.059332    0.085929   -0.078895
 78   42.272705    0.000000    0.000031   -0.030008    0.052008   -0.042547
 79   29.239304 -106.786255    1.740915    0.176133   -0.763084   -0.926764
 80   42.375069    0.000004    0.000008    0.416539    0.512320    0.524306
 81   42.546043    0.000000   -0.000008   -0.006289    0.056867   -0.026196
 82   42.234528   -0.000046    0.000004   -0.060707   -0.126613   -0.440057
 83   42.465088    0.000000   -0.000008   -0.088949   -0.106684   -0.587898
 84   42.458069    0.000031    0.000003   -0.058827   -0.018437   -0.405599
 85   42.267914    0.000000   -0.000000   -0.038150    0.010369   -0.709240
 86   42.505943    0.000000    0.000017    0.006790    0.008578   -0.171485
 87   42.233036   -0.000031   -0.000011   -0.010981   -0.017313    0.417223
 88   42.352264   -0.000061    0.000000    0.042979   -0.028167    0.597754
 89   42.391724    0.000000   -0.000003    0.029068    0.000302    0.185278
 90   42.497528    0.000008   -0.000013    0.019053    0.003246    0.105951
 91   42.272491    0.000005    0.000026    0.013466    0.003490    0.070447
end
