version 1
nodes
  0 "SK_Tyranopode"                -1
  1 "ROOT_"                        -1
  2 "TYRANOPODE_"                   1
  3 "TYRANOPODE_BODY_01"            2
  4 "TYRANOPODE_BODY_02"            3
  5 "TYRANOPODE_BODY_03"            4
  6 "TYRANOPODE_BODY_04"            5
  7 "TYRANOPODE_BODY_05"            6
  8 "TYRANOPODE_JAW_R_L"            7
  9 "TYRANOPODE_JAW_R_R"            7
 10 "TYRANOPODE_JAW_M_L"            7
 11 "TYRANOPODE_JAW_M_R"            7
 12 "TYRANOPODE_JAW_F_L"            7
 13 "TYRANOPODE_JAW_F_R"            7
 14 "TYRANOPODE_TENTACLE_F_L_001"   2
 15 "TYRANOPODE_TENTACLE_F_L_002"  14
 16 "TYRANOPODE_TENTACLE_F_L_003"  15
 17 "TYRANOPODE_TENTACLE_F_L_004"  16
 18 "TYRANOPODE_TENTACLE_F_L_005"  17
 19 "TYRANOPODE_TENTACLE_F_L_006"  18
 20 "TYRANOPODE_TENTACLE_F_L_007"  19
 21 "TYRANOPODE_TENTACLE_F_L_008"  20
 22 "TYRANOPODE_TENTACLE_F_L_009"  21
 23 "TYRANOPODE_TENTACLE_F_L_010"  22
 24 "TYRANOPODE_TENTACLE_F_L_011"  23
 25 "TYRANOPODE_TENTACLE_F_L_012"  24
 26 "TYRANOPODE_TENTACLE_F_L_013"  25
 27 "TYRANOPODE_TENTACLE_F_R_001"   2
 28 "TYRANOPODE_TENTACLE_F_R_002"  27
 29 "TYRANOPODE_TENTACLE_F_R_003"  28
 30 "TYRANOPODE_TENTACLE_F_R_004"  29
 31 "TYRANOPODE_TENTACLE_F_R_005"  30
 32 "TYRANOPODE_TENTACLE_F_R_006"  31
 33 "TYRANOPODE_TENTACLE_F_R_007"  32
 34 "TYRANOPODE_TENTACLE_F_R_008"  33
 35 "TYRANOPODE_TENTACLE_F_R_009"  34
 36 "TYRANOPODE_TENTACLE_F_R_010"  35
 37 "TYRANOPODE_TENTACLE_F_R_011"  36
 38 "TYRANOPODE_TENTACLE_F_R_012"  37
 39 "TYRANOPODE_TENTACLE_F_R_013"  38
 40 "TYRANOPODE_TENTACLE_M_R_001"   2
 41 "TYRANOPODE_TENTACLE_M_R_002"  40
 42 "TYRANOPODE_TENTACLE_M_R_003"  41
 43 "TYRANOPODE_TENTACLE_M_R_004"  42
 44 "TYRANOPODE_TENTACLE_M_R_005"  43
 45 "TYRANOPODE_TENTACLE_M_R_006"  44
 46 "TYRANOPODE_TENTACLE_M_R_007"  45
 47 "TYRANOPODE_TENTACLE_M_R_008"  46
 48 "TYRANOPODE_TENTACLE_M_R_009"  47
 49 "TYRANOPODE_TENTACLE_M_R_010"  48
 50 "TYRANOPODE_TENTACLE_M_R_011"  49
 51 "TYRANOPODE_TENTACLE_M_R_012"  50
 52 "TYRANOPODE_TENTACLE_M_R_013"  51
 53 "TYRANOPODE_TENTACLE_R_R_001"   2
 54 "TYRANOPODE_TENTACLE_R_R_002"  53
 55 "TYRANOPODE_TENTACLE_R_R_003"  54
 56 "TYRANOPODE_TENTACLE_R_R_004"  55
 57 "TYRANOPODE_TENTACLE_R_R_005"  56
 58 "TYRANOPODE_TENTACLE_R_R_006"  57
 59 "TYRANOPODE_TENTACLE_R_R_007"  58
 60 "TYRANOPODE_TENTACLE_R_R_008"  59
 61 "TYRANOPODE_TENTACLE_R_R_009"  60
 62 "TYRANOPODE_TENTACLE_R_R_010"  61
 63 "TYRANOPODE_TENTACLE_R_R_011"  62
 64 "TYRANOPODE_TENTACLE_R_R_012"  63
 65 "TYRANOPODE_TENTACLE_R_R_013"  64
 66 "TYRANOPODE_TENTACLE_R_L_001"   2
 67 "TYRANOPODE_TENTACLE_R_L_002"  66
 68 "TYRANOPODE_TENTACLE_R_L_003"  67
 69 "TYRANOPODE_TENTACLE_R_L_004"  68
 70 "TYRANOPODE_TENTACLE_R_L_005"  69
 71 "TYRANOPODE_TENTACLE_R_L_006"  70
 72 "TYRANOPODE_TENTACLE_R_L_007"  71
 73 "TYRANOPODE_TENTACLE_R_L_008"  72
 74 "TYRANOPODE_TENTACLE_R_L_009"  73
 75 "TYRANOPODE_TENTACLE_R_L_010"  74
 76 "TYRANOPODE_TENTACLE_R_L_011"  75
 77 "TYRANOPODE_TENTACLE_R_L_012"  76
 78 "TYRANOPODE_TENTACLE_R_L_013"  77
 79 "TYRANOPODE_TENTACLE_M_L_001"   2
 80 "TYRANOPODE_TENTACLE_M_L_002"  79
 81 "TYRANOPODE_TENTACLE_M_L_003"  80
 82 "TYRANOPODE_TENTACLE_M_L_004"  81
 83 "TYRANOPODE_TENTACLE_M_L_005"  82
 84 "TYRANOPODE_TENTACLE_M_L_006"  83
 85 "TYRANOPODE_TENTACLE_M_L_007"  84
 86 "TYRANOPODE_TENTACLE_M_L_008"  85
 87 "TYRANOPODE_TENTACLE_M_L_009"  86
 88 "TYRANOPODE_TENTACLE_M_L_010"  87
 89 "TYRANOPODE_TENTACLE_M_L_011"  88
 90 "TYRANOPODE_TENTACLE_M_L_012"  89
 91 "TYRANOPODE_TENTACLE_M_L_013"  90
end
skeleton
time 0
  0    0.000000    0.000000    0.000000    0.000000   -0.000000    0.000000
  1    0.000000    0.000000    0.000000    0.000000   -0.000000    0.000000
  2    0.000000    0.000000   12.299998    0.610864   -1.748034    0.785399
  3   50.309216   -0.435480    0.000004   -0.000017   -0.199896    0.014098
  4   30.891537   -0.000010   -0.000002   -0.085180   -0.199411    0.023132
  5   34.635605    0.000007   -0.000004   -0.078758   -0.198905    0.053374
  6   30.584282    0.000022   -0.000011   -0.074276   -0.436387    0.084914
  7   31.520187    0.000000   -0.000008   -0.040473   -0.415405    0.093904
  8   34.241203  -28.000034  -41.878021    0.979910   -0.457073    0.306696
  9   34.241119   23.441814  -41.878113   -0.979915   -0.457074   -0.306691
 10   35.246712  -52.543091    1.319122   -0.000000    0.000000    0.564623
 11   35.246544   52.726322    1.318909   -0.000000    0.000000   -0.564620
 12   34.830002  -24.891922   45.588585   -0.977825    0.464116    0.295003
 13   34.885765   27.636589   43.767807    0.977821    0.464114   -0.295002
 14   29.239311  -51.573338   94.292931    0.323504   -0.093314   -1.213891
 15   42.375061    0.000004    0.000000   -0.260375    0.041681    0.306692
 16   42.546097    0.000038    0.000015   -0.142655    0.009136    0.246814
 17   42.234497    0.000031    0.000015   -0.033575   -0.019990    0.058649
 18   42.464996    0.000038    0.000023    0.070302   -0.058414   -0.157790
 19   42.458099   -0.000031    0.000011    0.608293   -0.286535   -0.813909
 20   42.267929    0.000046    0.000000    0.400116   -0.482289   -0.474096
 21   42.505859   -0.000031    0.000000    0.133487   -0.417687   -0.226105
 22   42.233139    0.000015    0.000000    0.017350   -0.163323   -0.067823
 23   42.352295    0.000031    0.000000   -0.007532    0.176803    0.000689
 24   42.391716   -0.000015   -0.000061   -0.155980    0.609327    0.052765
 25   42.497498    0.000000   -0.000015   -0.318341    0.466416    0.109070
 26   42.272858    0.000076   -0.000023   -0.250192    0.208925    0.132359
 27   29.239334   55.382610   92.214943    0.620889   -1.216177    1.663571
 28   42.375069    0.000000   -0.000001    0.072705   -0.199769   -0.451797
 29   42.546097   -0.000051    0.000011    0.080983   -0.136934   -0.260881
 30   42.234451    0.000038    0.000000    0.051847   -0.028192   -0.109581
 31   42.465027   -0.000076    0.000015    0.062623   -0.099759   -0.155689
 32   42.458099   -0.000038    0.000023    0.030998    0.070951   -0.050624
 33   42.267883   -0.000092    0.000031   -0.087379    0.407103    0.108710
 34   42.505951    0.000046    0.000031   -0.094667    0.226359    0.074355
 35   42.233063   -0.000038    0.000000   -0.149488    0.274455    0.117212
 36   42.352142   -0.000122   -0.000015   -0.183969    0.374613    0.248731
 37   42.391693    0.000046   -0.000031   -0.095187    0.200964    0.207378
 38   42.497681    0.000000    0.000000   -0.050598    0.110091    0.141755
 39   42.272636    0.000183    0.000061   -0.020896    0.051110    0.073970
 40   29.239346  106.746605    1.740840    0.191120   -0.465636    1.048791
 41   42.375076   -0.000008   -0.000008   -0.248373    0.247041   -0.708326
 42   42.546112   -0.000008    0.000002   -0.002862    0.062915   -0.084237
 43   42.234436   -0.000023    0.000003   -0.013274   -0.013022    0.378105
 44   42.465088   -0.000015    0.000002    0.044651   -0.031527    0.642884
 45   42.458054   -0.000008    0.000001    0.074894    0.009122    0.404405
 46   42.267883    0.000000    0.000008    0.167708    0.059747    0.668572
 47   42.505852    0.000000    0.000000    0.066968    0.067608    0.276469
 48   42.233124    0.000031   -0.000023   -0.052536   -0.097542   -0.321019
 49   42.352203    0.000061    0.000000   -0.095371   -0.137571   -0.624911
 50   42.391693   -0.000046   -0.000006   -0.040582   -0.020406   -0.221829
 51   42.497650   -0.000027   -0.000013   -0.019372   -0.005740   -0.115775
 52   42.272675   -0.000031   -0.000008   -0.011718   -0.002274   -0.076040
 53   29.239330   50.706886  -91.389038   -0.639829    0.272543    1.556661
 54   42.375061   -0.000004    0.000000    0.007248    0.058620    0.090189
 55   42.546082    0.000027    0.000015    0.016942    0.021590    0.083094
 56   42.234543   -0.000040   -0.000015   -0.020340    0.032894    0.017099
 57   42.464981    0.000057    0.000000   -0.076381    0.081456   -0.064735
 58   42.458099    0.000040   -0.000011   -0.102142    0.142330   -0.075827
 59   42.267975   -0.000111    0.000002   -0.001392   -0.027786   -0.004320
 60   42.505920    0.000069    0.000019    0.170994   -0.301443    0.104616
 61   42.233154   -0.000053    0.000000    0.248830   -0.297218    0.168114
 62   42.352295    0.000031    0.000000   -0.214630   -0.049612   -0.288886
 63   42.391663    0.000024    0.000031   -0.274667    0.037043   -0.199796
 64   42.497498    0.000031   -0.000031   -0.128233    0.022085   -0.081693
 65   42.272675   -0.000031    0.000000   -0.097133    0.022282   -0.053983
 66   29.239315  -56.044876  -91.389015    0.981369    2.442415    0.335412
 67   42.375107   -0.000008    0.000000    0.112719   -0.412234    0.070163
 68   42.546097   -0.000019    0.000011    0.067539   -0.596383    0.192684
 69   42.234467    0.000025   -0.000008    0.067626   -0.144922    0.079546
 70   42.465042   -0.000034    0.000000    0.030131    0.035367    0.047396
 71   42.458099    0.000038   -0.000008    0.032655    0.002384   -0.015531
 72   42.267944   -0.000072    0.000023   -0.003464    0.033982   -0.159489
 73   42.505981    0.000069    0.000015   -0.009871   -0.027712   -0.091609
 74   42.233154    0.000008   -0.000023   -0.125850    0.149369   -0.246453
 75   42.352081   -0.000031    0.000008   -0.259909    0.348532   -0.385500
 76   42.391815    0.000031    0.000015   -0.098636    0.214717   -0.162577
 77   42.497559    0.000031    0.000031   -0.045081    0.127011   -0.081303
 78   42.272705    0.000031    0.000031   -0.024210    0.083452   -0.048642
 79   29.239323 -106.786240    1.740899   -0.181510    0.428379   -2.268852
 80   42.375099   -0.000015    0.000004   -0.303602   -0.043591    0.630941
 81   42.546036   -0.000006    0.000000   -0.299776   -0.205925    0.672405
 82   42.234497    0.000015   -0.000013    0.030799    0.005355   -0.154010
 83   42.465073    0.000023   -0.000006    0.062641    0.090971   -0.395544
 84   42.458038   -0.000004   -0.000009    0.050243    0.025066   -0.304097
 85   42.267944   -0.000023   -0.000014    0.052918    0.014345   -0.508586
 86   42.505981    0.000000    0.000016    0.010336   -0.007249   -0.269729
 87   42.233063   -0.000061   -0.000015   -0.001957    0.004875    0.133705
 88   42.352295   -0.000031   -0.000001   -0.025023    0.012537    0.374483
 89   42.391724   -0.000015   -0.000004   -0.027318    0.001428    0.209518
 90   42.497528   -0.000008   -0.000023   -0.026952   -0.003370    0.164327
 91   42.272552   -0.000004    0.000019   -0.016532   -0.004253    0.089981
time 1
  0    0.000000    0.000000    0.000000    0.000000   -0.000000    0.000000
  1    0.000000    0.000000    0.000000    0.000000   -0.000000    0.000000
  2    0.000000    0.000000   11.981479    0.613088   -1.745811    0.785399
  3   50.309204   -0.435479    0.000004   -0.000017   -0.199896    0.014098
  4   30.891533   -0.000010    0.000000   -0.084094   -0.199625    0.022658
  5   34.635590    0.000006    0.000000   -0.077755   -0.199124    0.052694
  6   30.584274    0.000020    0.000000   -0.073330   -0.436617    0.083832
  7   31.520172   -0.000002    0.000015   -0.039957   -0.415621    0.092708
  8   34.241180  -28.000025  -41.878006    0.980081   -0.456414    0.306240
  9   34.241112   23.441795  -41.878082   -0.980086   -0.456415   -0.306235
 10   35.246689  -52.543076    1.319138   -0.000000    0.000000    0.563840
 11   35.246521   52.726303    1.318924   -0.000000   -0.000000   -0.563837
 12   34.830017  -24.891924   45.588600   -0.978001    0.463458    0.294544
 13   34.885765   27.636583   43.767807    0.977996    0.463456   -0.294543
 14   29.239319  -51.573326   94.292946    0.331720   -0.100489   -1.216963
 15   42.375061    0.000004   -0.000008   -0.259840    0.043908    0.305870
 16   42.546082    0.000038    0.000015   -0.143288    0.010963    0.248297
 17   42.234467    0.000034    0.000015   -0.032792   -0.020155    0.056534
 18   42.464996    0.000031    0.000015    0.077041   -0.061790   -0.170735
 19   42.458069   -0.000046   -0.000008    0.611577   -0.292428   -0.814060
 20   42.267944    0.000031    0.000000    0.380819   -0.468727   -0.453034
 21   42.505943    0.000000    0.000061    0.136418   -0.421413   -0.227807
 22   42.233223   -0.000015   -0.000031    0.017227   -0.152738   -0.065325
 23   42.352325    0.000000    0.000000   -0.010394    0.197432    0.002599
 24   42.391747   -0.000031    0.000000   -0.169693    0.611038    0.052815
 25   42.497498    0.000015   -0.000015   -0.320805    0.450584    0.111927
 26   42.272827    0.000084   -0.000027   -0.240441    0.195696    0.128346
 27   29.239323   55.382607   92.214928    0.667405   -1.226757    1.608757
 28   42.375061    0.000004    0.000003    0.067561   -0.174930   -0.447906
 29   42.546097   -0.000034    0.000023    0.079500   -0.116279   -0.248512
 30   42.234467    0.000000   -0.000008    0.051021   -0.015349   -0.104477
 31   42.464996   -0.000076    0.000000    0.060977   -0.083535   -0.144892
 32   42.458099    0.000000    0.000031    0.023561    0.095124   -0.035994
 33   42.267914   -0.000084    0.000000   -0.080291    0.347302    0.081970
 34   42.506012    0.000015    0.000023   -0.084147    0.194349    0.049262
 35   42.233093   -0.000076    0.000015   -0.132662    0.223411    0.112149
 36   42.352203   -0.000114   -0.000015   -0.147898    0.281188    0.216724
 37   42.391724    0.000046   -0.000031   -0.084183    0.180101    0.186843
 38   42.497559    0.000061   -0.000031   -0.051360    0.113985    0.143574
 39   42.272690    0.000122   -0.000031   -0.018726    0.046795    0.066315
 40   29.239342  106.746628    1.740839    0.188524   -0.455649    1.016821
 41   42.375084    0.000000   -0.000008   -0.239961    0.252934   -0.695172
 42   42.546104   -0.000023   -0.000002   -0.002369    0.059199   -0.074287
 43   42.234451   -0.000015    0.000002   -0.013885   -0.012667    0.377690
 44   42.465088    0.000015   -0.000004    0.043934   -0.031534    0.653120
 45   42.458054    0.000000   -0.000003    0.075332    0.009104    0.411193
 46   42.267853    0.000015   -0.000010    0.167944    0.060341    0.676450
 47   42.505890   -0.000061    0.000000    0.066932    0.068589    0.280890
 48   42.233154   -0.000031   -0.000008   -0.049779   -0.094346   -0.310716
 49   42.352188    0.000031   -0.000015   -0.094036   -0.141720   -0.636494
 50   42.391693    0.000015   -0.000003   -0.042054   -0.021885   -0.232305
 51   42.497589    0.000004   -0.000022   -0.019555   -0.005908   -0.117902
 52   42.272705    0.000006    0.000005   -0.011770   -0.002331   -0.077064
 53   29.239326   50.706879  -91.389076   -0.635633    0.276017    1.559781
 54   42.375092    0.000004   -0.000015   -0.023179    0.084115    0.064521
 55   42.546066    0.000034    0.000015   -0.010705    0.049758    0.056514
 56   42.234543   -0.000029   -0.000015   -0.021602    0.035405    0.016460
 57   42.464996    0.000059    0.000011   -0.045639    0.054521   -0.028654
 58   42.458099    0.000046   -0.000027   -0.062793    0.096706   -0.031941
 59   42.268005   -0.000120    0.000008    0.020258   -0.069095    0.013451
 60   42.505798    0.000093    0.000019    0.202221   -0.335616    0.141786
 61   42.233154   -0.000069   -0.000015    0.206925   -0.248172    0.119741
 62   42.352295    0.000000    0.000031   -0.297935   -0.024691   -0.341058
 63   42.391693    0.000025    0.000000   -0.248998    0.041381   -0.173604
 64   42.497620    0.000031   -0.000031   -0.130073    0.028174   -0.079155
 65   42.272797    0.000061    0.000000   -0.096800    0.026437   -0.051909
 66   29.239323  -56.044846  -91.389053    0.985203    2.447597    0.334057
 67   42.375088    0.000011    0.000000    0.090790   -0.509793    0.119484
 68   42.546082   -0.000010    0.000034    0.030782   -0.679619    0.283320
 69   42.234482    0.000023    0.000000    0.061265   -0.100136    0.048779
 70   42.465027   -0.000019   -0.000031    0.014487    0.106312   -0.031512
 71   42.458130    0.000042    0.000015    0.027803    0.034049   -0.036249
 72   42.267914   -0.000061   -0.000004   -0.016396    0.076995   -0.191058
 73   42.505859    0.000069    0.000000   -0.027962    0.023311   -0.130578
 74   42.233154    0.000015   -0.000008   -0.126377    0.174795   -0.243415
 75   42.352081   -0.000031    0.000046   -0.233739    0.365678   -0.367747
 76   42.391785   -0.000061    0.000000   -0.086487    0.229455   -0.164236
 77   42.497467    0.000031    0.000000   -0.037088    0.134890   -0.083171
 78   42.272675   -0.000031    0.000031   -0.018478    0.087180   -0.049813
 79   29.239326 -106.786232    1.740906   -0.179159    0.418288   -2.257078
 80   42.375069    0.000000    0.000008   -0.271763   -0.048819    0.578690
 81   42.545990    0.000002    0.000000   -0.294992   -0.194330    0.676102
 82   42.234497    0.000000   -0.000006    0.024274   -0.009158   -0.120566
 83   42.465027    0.000031    0.000002    0.060724    0.089688   -0.391311
 84   42.458008   -0.000023    0.000000    0.046785    0.022918   -0.284103
 85   42.267944   -0.000015   -0.000005    0.051679    0.014451   -0.475919
 86   42.505951   -0.000031    0.000021    0.013130   -0.006647   -0.284776
 87   42.233093    0.000000   -0.000001   -0.002371    0.004260    0.119132
 88   42.352295   -0.000031    0.000006   -0.025006    0.011787    0.362769
 89   42.391724   -0.000015   -0.000011   -0.026476    0.001224    0.204182
 90   42.497559   -0.000019   -0.000013   -0.025867   -0.003273    0.159829
 91   42.272552   -0.000029    0.000016   -0.016170   -0.004124    0.089389
time 2
  0    0.000000    0.000000    0.000000    0.000000   -0.000000    0.000000
  1    0.000000    0.000000    0.000000    0.000000   -0.000000    0.000000
  2    0.000000    0.000000   11.085184    0.619346   -1.739554    0.785400
  3   50.309208   -0.435479    0.000004   -0.000017   -0.199896    0.014098
  4   30.891537   -0.000009    0.000000   -0.081040   -0.200225    0.021323
  5   34.635597    0.000009    0.000002   -0.074931   -0.199743    0.050780
  6   30.584290    0.000022    0.000004   -0.070667   -0.437264    0.080787
  7   31.520187    0.000003    0.000015   -0.038506   -0.416228    0.089341
  8   34.241196  -28.000023  -41.878006    0.980563   -0.454560    0.304956
  9   34.241127   23.441803  -41.878113   -0.980568   -0.454561   -0.304951
 10   35.246696  -52.543083    1.319153   -0.000000   -0.000000    0.561637
 11   35.246559   52.726322    1.318939   -0.000000   -0.000000   -0.561634
 12   34.830017  -24.891922   45.588615   -0.978494    0.461606    0.293252
 13   34.885780   27.636583   43.767830    0.978489    0.461604   -0.293252
 14   29.239319  -51.573326   94.292946    0.354595   -0.120759   -1.225751
 15   42.375053    0.000015    0.000000   -0.257988    0.049909    0.303303
 16   42.546082    0.000046   -0.000008   -0.144791    0.016015    0.252113
 17   42.234467    0.000053    0.000015   -0.030453   -0.020783    0.050181
 18   42.464981    0.000031    0.000000    0.099231   -0.072714   -0.211782
 19   42.458054   -0.000061    0.000019    0.609601   -0.307267   -0.799915
 20   42.267960    0.000015   -0.000031    0.335966   -0.432069   -0.404541
 21   42.505905   -0.000015    0.000000    0.144798   -0.432036   -0.232317
 22   42.233170    0.000000   -0.000061    0.016493   -0.120716   -0.058292
 23   42.352257    0.000031    0.000000   -0.022050    0.261467    0.008384
 24   42.391731   -0.000046   -0.000031   -0.205009    0.599815    0.053475
 25   42.497498    0.000000    0.000008   -0.324817    0.409047    0.119285
 26   42.272827    0.000053   -0.000031   -0.213645    0.162415    0.116628
 27   29.239334   55.382614   92.214973    0.729111   -1.226184    1.533657
 28   42.375069   -0.000004   -0.000010    0.062816   -0.130221   -0.422544
 29   42.546082   -0.000023    0.000009    0.078815   -0.089461   -0.235606
 30   42.234467    0.000031   -0.000015    0.048950    0.006656   -0.097164
 31   42.465042   -0.000061    0.000023    0.051593   -0.039928   -0.112137
 32   42.458054   -0.000008   -0.000008    0.015458    0.110609   -0.020129
 33   42.267914   -0.000038    0.000015   -0.052395    0.232319    0.027992
 34   42.506042    0.000053    0.000015   -0.058345    0.134764    0.013497
 35   42.233063   -0.000076    0.000000   -0.096575    0.136671    0.087982
 36   42.352203   -0.000114   -0.000015   -0.094232    0.152181    0.149790
 37   42.391724    0.000061   -0.000015   -0.062436    0.128109    0.132846
 38   42.497559    0.000015    0.000000   -0.047616    0.097093    0.115738
 39   42.272644    0.000137    0.000000   -0.013165    0.031083    0.041135
 40   29.239349  106.746597    1.740845    0.181240   -0.428015    0.939253
 41   42.375061   -0.000011   -0.000004   -0.216516    0.263597   -0.655914
 42   42.546112    0.000008    0.000004   -0.001669    0.051057   -0.053566
 43   42.234467   -0.000031   -0.000003   -0.015043   -0.011512    0.372862
 44   42.465088    0.000015   -0.000003    0.041590   -0.031415    0.678527
 45   42.458054   -0.000015    0.000001    0.075601    0.008866    0.426999
 46   42.267929    0.000000    0.000002    0.166352    0.060799    0.692266
 47   42.505943    0.000000    0.000008    0.067204    0.070832    0.294810
 48   42.233154    0.000031   -0.000008   -0.042981   -0.085324   -0.284088
 49   42.352203    0.000031   -0.000008   -0.089296   -0.149419   -0.659247
 50   42.391632    0.000015    0.000000   -0.045706   -0.026012   -0.260970
 51   42.497559    0.000000   -0.000005   -0.019914   -0.006324   -0.123304
 52   42.272705    0.000010    0.000005   -0.011847   -0.002473   -0.079659
 53   29.239334   50.706867  -91.389084   -0.667869    0.290077    1.531681
 54   42.375099    0.000000    0.000000   -0.038394    0.097966    0.052350
 55   42.546074    0.000050   -0.000008   -0.030797    0.070075    0.036499
 56   42.234528   -0.000015   -0.000034   -0.016066    0.028098    0.022300
 57   42.464966    0.000038    0.000000   -0.011545    0.016906    0.012903
 58   42.458099    0.000029    0.000000   -0.026901    0.048052    0.009730
 59   42.267975   -0.000080    0.000000    0.040718   -0.108504    0.030520
 60   42.505981    0.000095   -0.000015    0.224254   -0.357062    0.182804
 61   42.233124   -0.000053   -0.000031    0.142255   -0.194234    0.046189
 62   42.352264   -0.000031   -0.000015   -0.363511   -0.001328   -0.376141
 63   42.391754    0.000031   -0.000015   -0.222083    0.043549   -0.151426
 64   42.497650    0.000031    0.000000   -0.129863    0.033873   -0.076800
 65   42.272675    0.000000   -0.000008   -0.095019    0.030231   -0.049966
 66   29.239326  -56.044861  -91.389038    1.007675    2.445069    0.352322
 67   42.375088   -0.000008    0.000000    0.037783   -0.677281    0.225116
 68   42.546097   -0.000004    0.000013   -0.005787   -0.706836    0.366904
 69   42.234467    0.000011    0.000000    0.055760   -0.073995    0.031977
 70   42.465012   -0.000027   -0.000008   -0.006105    0.162702   -0.124035
 71   42.458099    0.000015   -0.000015    0.015379    0.093425   -0.078750
 72   42.267914   -0.000038    0.000038   -0.039566    0.151338   -0.237753
 73   42.505981    0.000053   -0.000015   -0.059120    0.109502   -0.199205
 74   42.233154    0.000000    0.000015   -0.108727    0.187841   -0.217403
 75   42.352173   -0.000046    0.000000   -0.191340    0.379850   -0.342782
 76   42.391785   -0.000031    0.000031   -0.075547    0.269096   -0.184161
 77   42.497490    0.000000    0.000031   -0.025855    0.151925   -0.092179
 78   42.272652   -0.000061    0.000061   -0.010058    0.094913   -0.054850
 79   29.239307 -106.786240    1.740897   -0.172548    0.393510   -2.224894
 80   42.375076   -0.000015   -0.000019   -0.204610   -0.056830    0.465528
 81   42.546021   -0.000010   -0.000004   -0.266060   -0.167685    0.648468
 82   42.234528    0.000008   -0.000015    0.003983   -0.044754   -0.027319
 83   42.465073   -0.000015   -0.000011    0.055528    0.085231   -0.378056
 84   42.458069    0.000000   -0.000012    0.038502    0.018125   -0.238369
 85   42.267914   -0.000008   -0.000012    0.046084    0.013482   -0.389964
 86   42.505951    0.000031    0.000009    0.020025   -0.004078   -0.311692
 87   42.233078    0.000000   -0.000015   -0.002526    0.002519    0.077127
 88   42.352264    0.000000    0.000000   -0.024196    0.009687    0.328072
 89   42.391754   -0.000015   -0.000010   -0.024394    0.000813    0.192236
 90   42.497498   -0.000027   -0.000023   -0.023034   -0.002982    0.148047
 91   42.272644   -0.000023    0.000007   -0.015301   -0.003804    0.088454
time 3
  0    0.000000    0.000000    0.000000    0.000000   -0.000000    0.000000
  1    0.000000    0.000000    0.000000    0.000000   -0.000000    0.000000
  2    0.000000    0.000000    9.699999    0.629016   -1.729883    0.785399
  3   50.309212   -0.435479    0.000004   -0.000017   -0.199896    0.014098
  4   30.891548   -0.000010    0.000001   -0.076319   -0.201153    0.019260
  5   34.635590    0.000006    0.000002   -0.070567   -0.200699    0.047823
  6   30.584282    0.000018   -0.000004   -0.066552   -0.438265    0.076083
  7   31.520187    0.000006    0.000015   -0.036264   -0.417166    0.084138
  8   34.241188  -28.000023  -41.878006    0.981309   -0.451695    0.302971
  9   34.241127   23.441811  -41.878098   -0.981314   -0.451696   -0.302966
 10   35.246696  -52.543087    1.319138   -0.000000    0.000000    0.558233
 11   35.246552   52.726315    1.318924   -0.000000    0.000000   -0.558230
 12   34.830025  -24.891922   45.588615   -0.979257    0.458743    0.291257
 13   34.885788   27.636593   43.767822    0.979252    0.458742   -0.291256
 14   29.239323  -51.573345   94.292984    0.389266   -0.152291   -1.239767
 15   42.375069    0.000004    0.000008   -0.254133    0.058332    0.298574
 16   42.546082    0.000031    0.000008   -0.146322    0.023485    0.256964
 17   42.234467    0.000011   -0.000008   -0.026388   -0.022250    0.039001
 18   42.464996    0.000015    0.000023    0.138511   -0.091979   -0.279669
 19   42.458099   -0.000076   -0.000011    0.580040   -0.321306   -0.747827
 20   42.267975    0.000015    0.000000    0.291114   -0.387210   -0.355944
 21   42.505898   -0.000015   -0.000061    0.153889   -0.437694   -0.233857
 22   42.233154    0.000031    0.000000    0.014869   -0.071483   -0.048968
 23   42.352310    0.000031    0.000000   -0.050261    0.358898    0.016547
 24   42.391739   -0.000092    0.000000   -0.249021    0.559084    0.059317
 25   42.497498    0.000031   -0.000015   -0.318617    0.347227    0.125869
 26   42.272797    0.000031   -0.000031   -0.177086    0.123003    0.099038
 27   29.239338   55.382656   92.214981    0.787309   -1.214275    1.459666
 28   42.375076    0.000000   -0.000005    0.059542   -0.073400   -0.383384
 29   42.546066   -0.000038    0.000009    0.077100   -0.053574   -0.217771
 30   42.234482    0.000076   -0.000008    0.044144    0.032341   -0.079224
 31   42.465118   -0.000061    0.000011    0.037134    0.007764   -0.069379
 32   42.458069   -0.000008    0.000015    0.021688    0.079822   -0.030697
 33   42.267853   -0.000046    0.000019   -0.007283    0.110403   -0.026196
 34   42.506042    0.000015   -0.000008   -0.022498    0.065166   -0.017297
 35   42.233032    0.000008    0.000000   -0.048359    0.059914    0.021063
 36   42.352295   -0.000099    0.000000   -0.043310    0.070241    0.040540
 37   42.391785    0.000031    0.000000   -0.036223    0.078925    0.036131
 38   42.497620    0.000023   -0.000015   -0.036189    0.066117    0.033311
 39   42.272705    0.000114    0.000015   -0.008214    0.018758    0.010330
 40   29.239357  106.746689    1.740863    0.170049   -0.387782    0.846058
 41   42.375099    0.000027   -0.000004   -0.183218    0.267874   -0.596057
 42   42.546104   -0.000015   -0.000002   -0.001369    0.042681   -0.034561
 43   42.234482    0.000015   -0.000001   -0.015717   -0.009590    0.358906
 44   42.465057    0.000015   -0.000004    0.037385   -0.030862    0.710702
 45   42.458069    0.000000   -0.000001    0.074163    0.008141    0.445313
 46   42.267914    0.000000    0.000004    0.159939    0.059229    0.705307
 47   42.505898    0.000000    0.000015    0.068172    0.073129    0.319191
 48   42.233150    0.000092   -0.000008   -0.034740   -0.072543   -0.249952
 49   42.352226    0.000031    0.000000   -0.080920   -0.153128   -0.675832
 50   42.391693    0.000000    0.000002   -0.049823   -0.031966   -0.302081
 51   42.497711    0.000008   -0.000009   -0.020099   -0.006814   -0.130342
 52   42.272736   -0.000002    0.000003   -0.011796   -0.002641   -0.083017
 53   29.239338   50.706894  -91.389061   -0.719457    0.311475    1.485140
 54   42.375092   -0.000002   -0.000015   -0.047425    0.107021    0.044820
 55   42.546051    0.000032    0.000015   -0.046864    0.086972    0.018655
 56   42.234543   -0.000036    0.000019   -0.005627    0.011638    0.033872
 57   42.464996    0.000050    0.000023    0.024240   -0.032321    0.060947
 58   42.458069    0.000008    0.000008    0.005671   -0.002336    0.051466
 59   42.268005   -0.000122    0.000023    0.057338   -0.141803    0.045573
 60   42.505951    0.000080   -0.000008    0.231085   -0.361204    0.221158
 61   42.233185   -0.000107   -0.000061    0.067002   -0.147785   -0.042549
 62   42.352234   -0.000015   -0.000015   -0.402973    0.019976   -0.393191
 63   42.391724    0.000000   -0.000031   -0.201540    0.045616   -0.136703
 64   42.497559    0.000076   -0.000046   -0.128387    0.039165   -0.075065
 65   42.272675   -0.000015   -0.000015   -0.092455    0.033698   -0.048417
 66   29.239323  -56.044891  -91.389046    1.053032    2.432044    0.398661
 67   42.375092   -0.000008    0.000008   -0.020106   -0.804150    0.339674
 68   42.546082   -0.000004    0.000023   -0.002516   -0.658515    0.381755
 69   42.234451    0.000023   -0.000015    0.053241   -0.070771    0.035825
 70   42.465057   -0.000046    0.000000   -0.004092    0.140789   -0.137011
 71   42.458099    0.000004   -0.000008   -0.003495    0.147122   -0.141302
 72   42.267853   -0.000053   -0.000008   -0.060451    0.207155   -0.269734
 73   42.505951    0.000099    0.000000   -0.098415    0.209067   -0.279303
 74   42.233124   -0.000015   -0.000008   -0.089613    0.185171   -0.193608
 75   42.352173   -0.000046    0.000031   -0.145553    0.348402   -0.306449
 76   42.391754    0.000061    0.000031   -0.079279    0.312052   -0.224319
 77   42.497536    0.000031   -0.000031   -0.022321    0.174360   -0.111640
 78   42.272705    0.000000    0.000061   -0.006250    0.106965   -0.066089
 79   29.239315 -106.786255    1.740891   -0.162348    0.361412   -2.178186
 80   42.375103    0.000008   -0.000004   -0.141852   -0.059652    0.355290
 81   42.546066   -0.000019    0.000000   -0.204233   -0.138219    0.547515
 82   42.234497   -0.000008   -0.000012   -0.025891   -0.080192    0.096719
 83   42.465027   -0.000015   -0.000004    0.046721    0.071990   -0.338944
 84   42.458099   -0.000004   -0.000009    0.029784    0.015112   -0.194843
 85   42.267914    0.000000   -0.000009    0.035081    0.010416   -0.279545
 86   42.505981    0.000000    0.000009    0.026185    0.000364   -0.312463
 87   42.233093    0.000000   -0.000015   -0.000505    0.000375    0.014958
 88   42.352325   -0.000031   -0.000008   -0.021304    0.006504    0.268090
 89   42.391785    0.000000   -0.000008   -0.021794    0.000422    0.179322
 90   42.497559   -0.000015   -0.000020   -0.019103   -0.002541    0.130945
 91   42.272522   -0.000010    0.000018   -0.014113   -0.003364    0.087657
time 4
  0    0.000000    0.000000    0.000000    0.000000   -0.000000    0.000000
  1    0.000000    0.000000    0.000000    0.000000   -0.000000    0.000000
  2    0.000000    0.000000    7.914813    0.641479   -1.717419    0.785399
  3   50.309212   -0.435479    0.000003   -0.000017   -0.199896    0.014098
  4   30.891537   -0.000011    0.000002   -0.070236   -0.202349    0.016602
  5   34.635590    0.000007    0.000000   -0.064943   -0.201931    0.044012
  6   30.584282    0.000016    0.000004   -0.061248   -0.439554    0.070019
  7   31.520187    0.000002    0.000008   -0.033374   -0.418375    0.077433
  8   34.241196  -28.000032  -41.877991    0.982269   -0.448002    0.300413
  9   34.241119   23.441801  -41.878098   -0.982274   -0.448003   -0.300408
 10   35.246696  -52.543091    1.319138   -0.000000    0.000000    0.553846
 11   35.246552   52.726326    1.318924   -0.000000   -0.000000   -0.553843
 12   34.830025  -24.891928   45.588600   -0.980240    0.455055    0.288685
 13   34.885788   27.636587   43.767815    0.980235    0.455053   -0.288684
 14   29.239319  -51.573338   94.292946    0.432804   -0.193218   -1.258638
 15   42.375069    0.000015    0.000008   -0.247440    0.067442    0.291009
 16   42.546082    0.000031    0.000000   -0.146899    0.032285    0.261267
 17   42.234467    0.000027   -0.000015   -0.020157   -0.025127    0.021587
 18   42.464966    0.000038    0.000000    0.190067   -0.116390   -0.362425
 19   42.458069   -0.000069    0.000019    0.507694   -0.319039   -0.646222
 20   42.267914    0.000000    0.000031    0.265201   -0.352118   -0.326291
 21   42.505875    0.000031    0.000000    0.158948   -0.425884   -0.227500
 22   42.233162   -0.000031    0.000031    0.010945   -0.008896   -0.039469
 23   42.352310    0.000015   -0.000061   -0.102931    0.463115    0.025754
 24   42.391739   -0.000031   -0.000015   -0.279109    0.479284    0.071179
 25   42.497528    0.000031    0.000027   -0.297082    0.279507    0.126094
 26   42.272766    0.000053    0.000000   -0.139988    0.088828    0.079432
 27   29.239326   55.382626   92.214951    0.826943   -1.192360    1.404240
 28   42.375084    0.000004    0.000019    0.058058   -0.017030   -0.340671
 29   42.546082   -0.000038    0.000012    0.072894   -0.013652   -0.192146
 30   42.234482    0.000038    0.000025    0.031457    0.074342   -0.038592
 31   42.465057   -0.000107    0.000011    0.022013    0.045986   -0.030855
 32   42.458099   -0.000031    0.000000    0.050076    0.008020   -0.075053
 33   42.267853   -0.000084   -0.000004    0.042508    0.002443   -0.075899
 34   42.506042    0.000061    0.000031    0.015009   -0.001629   -0.051390
 35   42.233063   -0.000046    0.000031    0.010076   -0.019074   -0.054036
 36   42.352264   -0.000122    0.000015    0.035378   -0.027503   -0.063406
 37   42.391693    0.000061   -0.000015    0.048153   -0.025324   -0.064671
 38   42.497650   -0.000046    0.000000    0.044458   -0.026742   -0.059797
 39   42.272583    0.000076    0.000046    0.019457   -0.010970   -0.021888
 40   29.239330  106.746582    1.740837    0.155744   -0.342601    0.769337
 41   42.375053   -0.000015    0.000000   -0.149298    0.258607   -0.533570
 42   42.546120   -0.000023   -0.000002   -0.001236    0.036267   -0.023692
 43   42.234436   -0.000023    0.000001   -0.015228   -0.007457    0.338551
 44   42.465042   -0.000031   -0.000005    0.032128   -0.029465    0.739593
 45   42.458038    0.000015   -0.000001    0.070101    0.007023    0.459945
 46   42.267929    0.000031    0.000000    0.147825    0.054984    0.709584
 47   42.505920    0.000031    0.000008    0.068492    0.073282    0.348551
 48   42.233109    0.000031   -0.000008   -0.027949   -0.060742   -0.223934
 49   42.352264    0.000031    0.000000   -0.071097   -0.148045   -0.681241
 50   42.391693    0.000031   -0.000002   -0.050918   -0.036148   -0.337182
 51   42.497559    0.000023   -0.000001   -0.019538   -0.007026   -0.135928
 52   42.272675   -0.000015    0.000004   -0.011363   -0.002720   -0.085620
 53   29.239319   50.706913  -91.389099   -0.771338    0.337006    1.435288
 54   42.375084   -0.000002   -0.000008   -0.060053    0.118601    0.031863
 55   42.546021    0.000029    0.000015   -0.063338    0.106434   -0.001923
 56   42.234528   -0.000036   -0.000008    0.005847   -0.010656    0.048419
 57   42.464996    0.000046    0.000000    0.060053   -0.095703    0.117007
 58   42.458069    0.000050   -0.000008    0.034622   -0.053326    0.095686
 59   42.267975   -0.000114    0.000008    0.067462   -0.164747    0.058604
 60   42.505859    0.000107    0.000015    0.221785   -0.350010    0.247046
 61   42.233154   -0.000031    0.000000   -0.001193   -0.114404   -0.127676
 62   42.352203    0.000031   -0.000015   -0.418840    0.037758   -0.399339
 63   42.391693    0.000046    0.000031   -0.190441    0.049308   -0.130165
 64   42.497528    0.000015   -0.000046   -0.126572    0.044153   -0.074373
 65   42.272583   -0.000015   -0.000008   -0.086971    0.035774   -0.046003
 66   29.239323  -56.044857  -91.389061    1.122010    2.408737    0.473162
 67   42.375084   -0.000008    0.000008   -0.081380   -0.899034    0.465333
 68   42.546112    0.000011    0.000034    0.016064   -0.579321    0.368580
 69   42.234451    0.000015    0.000008    0.050835   -0.068115    0.041951
 70   42.465042   -0.000031    0.000008    0.010069    0.083458   -0.096494
 71   42.458145    0.000008   -0.000023   -0.021521    0.177295   -0.206539
 72   42.267883   -0.000069    0.000023   -0.075927    0.231673   -0.292315
 73   42.505951    0.000069    0.000031   -0.156298    0.321620   -0.381183
 74   42.233093    0.000031    0.000000   -0.081537    0.199434   -0.188759
 75   42.352173   -0.000031   -0.000015   -0.094958    0.286217   -0.246454
 76   42.391769    0.000031    0.000000   -0.086229    0.351609   -0.272867
 77   42.497536    0.000092    0.000000   -0.022038    0.206221   -0.142112
 78   42.272675    0.000061   -0.000061   -0.003562    0.125220   -0.083990
 79   29.239319 -106.786255    1.740893   -0.149229    0.326688   -2.123261
 80   42.375069    0.000000   -0.000004   -0.095478   -0.057484    0.268329
 81   42.546036   -0.000004    0.000000   -0.137204   -0.110517    0.416173
 82   42.234512   -0.000019   -0.000009   -0.048326   -0.095599    0.195200
 83   42.465057   -0.000031   -0.000006    0.034973    0.050013   -0.269274
 84   42.458038   -0.000023   -0.000007    0.023283    0.015538   -0.168171
 85   42.267944   -0.000023   -0.000009    0.022906    0.006727   -0.183135
 86   42.505981    0.000008    0.000017    0.025626    0.003479   -0.262712
 87   42.233063    0.000031   -0.000010    0.003893   -0.000605   -0.047744
 88   42.352264    0.000000    0.000001   -0.015760    0.003073    0.186609
 89   42.391754    0.000000   -0.000007   -0.019071    0.000086    0.167325
 90   42.497528   -0.000008   -0.000019   -0.014794   -0.002048    0.110578
 91   42.272461   -0.000008    0.000030   -0.012606   -0.002864    0.086203
time 5
  0    0.000000    0.000000    0.000000    0.000000   -0.000000    0.000000
  1    0.000000    0.000000    0.000000    0.000000   -0.000000    0.000000
  2    0.000000    0.000000    5.818517    0.656114   -1.702784    0.785399
  3   50.309216   -0.435479    0.000004   -0.000017   -0.199896    0.014098
  4   30.891544   -0.000011    0.000002   -0.063092   -0.203754    0.013480
  5   34.635605    0.000006   -0.000002   -0.058339   -0.203378    0.039536
  6   30.584305    0.000018    0.000000   -0.055020   -0.441067    0.062899
  7   31.520203    0.000000   -0.000015   -0.029980   -0.419795    0.069558
  8   34.241196  -28.000034  -41.878021    0.983397   -0.443666    0.297410
  9   34.241135   23.441809  -41.878128   -0.983402   -0.443667   -0.297405
 10   35.246696  -52.543087    1.319122   -0.000000    0.000000    0.548695
 11   35.246536   52.726322    1.318924   -0.000000   -0.000000   -0.548692
 12   34.830009  -24.891922   45.588608   -0.981394    0.450723    0.285665
 13   34.885773   27.636591   43.767822    0.981389    0.450722   -0.285664
 14   29.239325  -51.573349   94.292961    0.482434   -0.241531   -1.281999
 15   42.375099    0.000004   -0.000015   -0.237237    0.075205    0.279822
 16   42.546089    0.000034    0.000015   -0.145594    0.040954    0.263301
 17   42.234497    0.000004   -0.000015   -0.011103   -0.029983   -0.004177
 18   42.464996    0.000046    0.000027    0.236949   -0.137314   -0.433757
 19   42.458130   -0.000084    0.000000    0.403318   -0.287362   -0.514283
 20   42.267960    0.000015    0.000000    0.260516   -0.331275   -0.316704
 21   42.505905   -0.000031   -0.000015    0.161152   -0.396645   -0.216125
 22   42.233185   -0.000015   -0.000092    0.000853    0.067217   -0.030194
 23   42.352272    0.000015    0.000000   -0.173893    0.529163    0.036045
 24   42.391754   -0.000046    0.000000   -0.279200    0.378487    0.081413
 25   42.497467   -0.000015    0.000000   -0.263201    0.218480    0.117571
 26   42.272858    0.000046   -0.000031   -0.093955    0.055338    0.052901
 27   29.239340   55.382637   92.214989    0.840902   -1.162493    1.376288
 28   42.375069    0.000002   -0.000009    0.058447    0.022707   -0.307095
 29   42.546097   -0.000040    0.000023    0.066864    0.018515   -0.161093
 30   42.234467    0.000046    0.000002    0.015101    0.117677    0.006288
 31   42.465042   -0.000076    0.000031    0.011540    0.064713   -0.006810
 32   42.458038   -0.000042    0.000004    0.077338   -0.041363   -0.113980
 33   42.267914   -0.000053    0.000031    0.080769   -0.063700   -0.115521
 34   42.506012    0.000031    0.000015    0.040987   -0.043102   -0.076813
 35   42.233093   -0.000031   -0.000011    0.042918   -0.061051   -0.090619
 36   42.352173   -0.000137    0.000038    0.070415   -0.072806   -0.097352
 37   42.391693    0.000061    0.000046    0.072863   -0.066211   -0.078808
 38   42.497650   -0.000015    0.000031    0.064321   -0.065104   -0.067261
 39   42.272675    0.000122    0.000000    0.038539   -0.040307   -0.036715
 40   29.239355  106.746651    1.740842    0.139116   -0.299808    0.738874
 41   42.375061   -0.000004    0.000004   -0.123307    0.235192   -0.491775
 42   42.546112    0.000015    0.000003   -0.000997    0.032104   -0.021959
 43   42.234467   -0.000053   -0.000004   -0.013579   -0.005962    0.323833
 44   42.465103    0.000000   -0.000005    0.027896   -0.027072    0.755211
 45   42.458069    0.000000   -0.000001    0.063267    0.006095    0.463493
 46   42.267929    0.000031    0.000004    0.131221    0.048907    0.704149
 47   42.505882    0.000031    0.000004    0.064954    0.068532    0.367624
 48   42.233128   -0.000031    0.000000   -0.024840   -0.055112   -0.226471
 49   42.352249    0.000000    0.000008   -0.063004   -0.134252   -0.687061
 50   42.391724    0.000061   -0.000002   -0.045211   -0.032359   -0.332945
 51   42.497620    0.000015   -0.000005   -0.017564   -0.006479   -0.135083
 52   42.272797    0.000025    0.000011   -0.010252   -0.002556   -0.085071
 53   29.239344   50.706902  -91.389084   -0.802813    0.364686    1.401060
 54   42.375076   -0.000008   -0.000015   -0.085686    0.141614    0.002592
 55   42.546051    0.000031    0.000015   -0.085031    0.136420   -0.031066
 56   42.234573   -0.000050    0.000019    0.013682   -0.032837    0.061466
 57   42.464996    0.000042    0.000004    0.092690   -0.176985    0.182090
 58   42.458069    0.000034   -0.000023    0.059411   -0.104959    0.145352
 59   42.268036   -0.000061    0.000000    0.069423   -0.175133    0.069144
 60   42.505951    0.000122   -0.000031    0.200681   -0.330645    0.256221
 61   42.233231   -0.000061   -0.000031   -0.046974   -0.093556   -0.190627
 62   42.352295    0.000000    0.000015   -0.421922    0.050747   -0.406512
 63   42.391724    0.000023   -0.000015   -0.187649    0.054901   -0.130859
 64   42.497528    0.000015   -0.000031   -0.125372    0.049035   -0.075180
 65   42.272797    0.000015    0.000000   -0.080257    0.036712   -0.043417
 66   29.239328  -56.044891  -91.389038    1.241817    2.355088    0.612415
 67   42.375084    0.000000   -0.000023   -0.088811   -0.920081    0.528799
 68   42.546127    0.000004    0.000038    0.039510   -0.489036    0.340505
 69   42.234482    0.000000    0.000023    0.048357   -0.056730    0.038801
 70   42.465012   -0.000046    0.000015    0.011859    0.069176   -0.089310
 71   42.458084    0.000015   -0.000031   -0.031793    0.181246   -0.240974
 72   42.267975   -0.000053   -0.000008   -0.086211    0.230007   -0.306262
 73   42.506012    0.000061    0.000008   -0.191587    0.371056   -0.427451
 74   42.233154    0.000031    0.000015   -0.091607    0.238926   -0.215079
 75   42.352142    0.000000    0.000046   -0.082880    0.278675   -0.241390
 76   42.391754    0.000061    0.000000   -0.065617    0.314381   -0.250786
 77   42.497551    0.000031    0.000000   -0.016690    0.185935   -0.134573
 78   42.272697   -0.000031    0.000000   -0.002312    0.115581   -0.082181
 79   29.239321 -106.786263    1.740900   -0.133863    0.291803   -2.065056
 80   42.375099   -0.000008   -0.000015   -0.065056   -0.052825    0.207893
 81   42.546036   -0.000008   -0.000002   -0.087771   -0.087624    0.306945
 82   42.234543   -0.000002   -0.000016   -0.051800   -0.092166    0.231941
 83   42.465073   -0.000023   -0.000014    0.022955    0.027290   -0.190023
 84   42.458038   -0.000015   -0.000014    0.018727    0.017106   -0.155301
 85   42.267914   -0.000008   -0.000024    0.014476    0.004142   -0.124556
 86   42.505981   -0.000008    0.000003    0.018405    0.003361   -0.181835
 87   42.233124    0.000015   -0.000027    0.007350   -0.000010   -0.083219
 88   42.352356    0.000000   -0.000013   -0.009391    0.000809    0.108488
 89   42.391724    0.000015   -0.000015   -0.015992   -0.000297    0.151758
 90   42.497620   -0.000011   -0.000031   -0.010893   -0.001617    0.090363
 91   42.272522   -0.000009    0.000003   -0.010676   -0.002356    0.082003
time 6
  0    0.000000    0.000000    0.000000    0.000000   -0.000000    0.000000
  1    0.000000    0.000000    0.000000    0.000000   -0.000000    0.000000
  2    0.000000    0.000000    3.499999    0.672299   -1.686598    0.785399
  3   50.309223   -0.435479    0.000003   -0.000017   -0.199896    0.014098
  4   30.891548   -0.000012   -0.000002   -0.055190   -0.205307    0.010027
  5   34.635597    0.000005    0.000000   -0.051035   -0.204978    0.034586
  6   30.584290    0.000017    0.000004   -0.048131   -0.442742    0.055024
  7   31.520187    0.000001   -0.000008   -0.026227   -0.421365    0.060850
  8   34.241203  -28.000038  -41.878006    0.984645   -0.438870    0.294088
  9   34.241127   23.441799  -41.878098   -0.984650   -0.438871   -0.294083
 10   35.246712  -52.543095    1.319138   -0.000000   -0.000000    0.542997
 11   35.246552   52.726315    1.318939   -0.000000   -0.000000   -0.542994
 12   34.830032  -24.891930   45.588615   -0.982670    0.445932    0.282325
 13   34.885780   27.636585   43.767822    0.982666    0.445931   -0.282324
 14   29.239317  -51.573353   94.292946    0.535683   -0.295021   -1.309380
 15   42.375084    0.000000   -0.000023   -0.223308    0.079486    0.264301
 16   42.546082    0.000040   -0.000015   -0.141671    0.047626    0.261256
 17   42.234482    0.000004    0.000015    0.001204   -0.036743   -0.040038
 18   42.465027    0.000023   -0.000004    0.256714   -0.144469   -0.464295
 19   42.458069   -0.000061    0.000000    0.296707   -0.230268   -0.387834
 20   42.267990    0.000031    0.000000    0.269542   -0.317809   -0.319347
 21   42.505859   -0.000015    0.000000    0.162864   -0.355594   -0.204437
 22   42.233170   -0.000046   -0.000061   -0.020730    0.153312   -0.020102
 23   42.352295    0.000031    0.000000   -0.235362    0.523914    0.048238
 24   42.391754   -0.000031    0.000008   -0.257314    0.289881    0.083617
 25   42.497498    0.000031   -0.000008   -0.220551    0.166517    0.101005
 26   42.272858    0.000038   -0.000015   -0.072950    0.041248    0.039976
 27   29.239340   55.382629   92.214958    0.839961   -1.125636    1.364422
 28   42.375069    0.000000    0.000001    0.060212    0.044251   -0.281135
 29   42.546143   -0.000019    0.000022    0.060749    0.038582   -0.131215
 30   42.234497    0.000050   -0.000011    0.001438    0.147339    0.036375
 31   42.465057   -0.000046    0.000004    0.002935    0.076470    0.010402
 32   42.458099   -0.000023   -0.000015    0.080861   -0.043360   -0.116938
 33   42.267914   -0.000031    0.000023    0.103779   -0.088009   -0.143492
 34   42.506042    0.000031    0.000008    0.056273   -0.057406   -0.093871
 35   42.233063   -0.000061    0.000004    0.053444   -0.063894   -0.102106
 36   42.352264   -0.000153    0.000019    0.073512   -0.067521   -0.099062
 37   42.391754    0.000046    0.000015    0.073970   -0.062325   -0.076899
 38   42.497650   -0.000046    0.000046    0.062499   -0.058702   -0.062653
 39   42.272644    0.000122    0.000061    0.038993   -0.038001   -0.035881
 40   29.239351  106.746666    1.740839    0.120937   -0.264490    0.784064
 41   42.375053    0.000000   -0.000008   -0.104383    0.203833   -0.462251
 42   42.546097   -0.000023   -0.000001   -0.001013    0.030091   -0.016541
 43   42.234436    0.000031   -0.000004   -0.009728   -0.009082    0.369257
 44   42.465057   -0.000008   -0.000009    0.030289   -0.021570    0.687898
 45   42.458054    0.000015   -0.000004    0.043349    0.005630    0.364048
 46   42.267883   -0.000031    0.000003    0.070290    0.025873    0.460891
 47   42.505928    0.000000    0.000008    0.024028    0.019276    0.157449
 48   42.233131    0.000031   -0.000011   -0.037376   -0.044168   -0.307825
 49   42.352219    0.000000    0.000000   -0.033210   -0.026323   -0.263833
 50   42.391693    0.000000   -0.000009   -0.012117   -0.006064   -0.094879
 51   42.497650    0.000015   -0.000016   -0.008225   -0.003430   -0.066585
 52   42.272705    0.000008   -0.000003   -0.005908   -0.002130   -0.049318
 53   29.239340   50.706913  -91.389099   -0.756689    0.392175    1.438357
 54   42.375107   -0.000006    0.000000   -0.156110    0.203840   -0.078372
 55   42.546066    0.000053    0.000017   -0.124757    0.197463   -0.085879
 56   42.234558   -0.000023    0.000004    0.011042   -0.042042    0.063194
 57   42.465042    0.000046    0.000008    0.115620   -0.285853    0.255868
 58   42.458069    0.000053   -0.000008    0.083197   -0.169023    0.213022
 59   42.268066   -0.000076    0.000008    0.062600   -0.171337    0.074800
 60   42.505951    0.000107   -0.000031    0.173507   -0.310810    0.253438
 61   42.233185   -0.000046   -0.000015   -0.053746   -0.087234   -0.208458
 62   42.352234   -0.000015    0.000000   -0.425449    0.056908   -0.432081
 63   42.391693    0.000038    0.000015   -0.192564    0.061920   -0.139522
 64   42.497589    0.000061   -0.000031   -0.126506    0.054277   -0.078674
 65   42.272675   -0.000046   -0.000008   -0.077573    0.038843   -0.043506
 66   29.239328  -56.044868  -91.389023    1.433390    2.291502    0.831035
 67   42.375092   -0.000008   -0.000008   -0.036431   -0.872505    0.519838
 68   42.546127    0.000008    0.000038    0.056528   -0.410961    0.317839
 69   42.234467    0.000023   -0.000008    0.045397   -0.038292    0.026151
 70   42.464996   -0.000015    0.000000   -0.001021    0.104611   -0.140348
 71   42.458115    0.000023    0.000000   -0.057903    0.211850   -0.296478
 72   42.267914   -0.000069    0.000038   -0.109711    0.250007   -0.337711
 73   42.505981    0.000031    0.000053   -0.246155    0.418864   -0.507268
 74   42.233139   -0.000031   -0.000015   -0.100293    0.264110   -0.232833
 75   42.352173    0.000000    0.000031   -0.044589    0.183347   -0.152898
 76   42.391823   -0.000015    0.000000   -0.026703    0.179555   -0.139521
 77   42.497498    0.000000    0.000000   -0.013812    0.136464   -0.100540
 78   42.272709    0.000061    0.000031   -0.003503    0.081478   -0.058860
 79   29.239309 -106.786324    1.740905   -0.116919    0.289241   -1.982753
 80   42.375092   -0.000008   -0.000008   -0.072854   -0.072279    0.235888
 81   42.546051   -0.000015    0.000004   -0.074817   -0.102686    0.291042
 82   42.234497    0.000004   -0.000009   -0.019196   -0.057326    0.111363
 83   42.465103   -0.000008   -0.000006    0.010234    0.025753   -0.095733
 84   42.458099   -0.000008   -0.000006    0.005480    0.005007   -0.047274
 85   42.267883   -0.000008   -0.000006    0.020271    0.008745   -0.180491
 86   42.505951    0.000011    0.000019    0.020591    0.005801   -0.211641
 87   42.233063    0.000000   -0.000017    0.006749    0.000497   -0.077645
 88   42.352295   -0.000015   -0.000003   -0.001949    0.000009    0.023966
 89   42.391785    0.000000   -0.000002   -0.001126   -0.000019    0.011915
 90   42.497620    0.000015   -0.000028    0.000300    0.000013   -0.004414
 91   42.272522    0.000015    0.000018    0.000227    0.000008   -0.003380
time 7
  0    0.000000    0.000000    0.000000    0.000000   -0.000000    0.000000
  1    0.000000    0.000000    0.000000    0.000000   -0.000000    0.000000
  2    0.000000    0.000000    1.048148    0.689417   -1.669481    0.785399
  3   50.309216   -0.435479    0.000004   -0.000017   -0.199896    0.014098
  4   30.891529   -0.000010    0.000004   -0.046835   -0.206949    0.006376
  5   34.635597    0.000007    0.000002   -0.043311   -0.206671    0.029351
  6   30.584274    0.000017    0.000008   -0.040847   -0.444512    0.046696
  7   31.520187   -0.000000    0.000000   -0.022257   -0.423026    0.051640
  8   34.241188  -28.000034  -41.877991    0.985964   -0.433799    0.290575
  9   34.241112   23.441807  -41.878098   -0.985970   -0.433800   -0.290570
 10   35.246704  -52.543095    1.319153   -0.000000    0.000000    0.536972
 11   35.246544   52.726311    1.318939   -0.000000   -0.000000   -0.536969
 12   34.830032  -24.891926   45.588623   -0.984020    0.440866    0.278793
 13   34.885780   27.636585   43.767830    0.984016    0.440865   -0.278792
 14   29.239317  -51.573326   94.292961    0.590425   -0.351290   -1.340101
 15   42.375061    0.000008    0.000008   -0.206083    0.078410    0.244035
 16   42.546082    0.000036    0.000000   -0.134714    0.050132    0.253379
 17   42.234467    0.000031    0.000034    0.015434   -0.043127   -0.083890
 18   42.464981    0.000038    0.000023    0.234863   -0.129309   -0.436892
 19   42.458099   -0.000061    0.000000    0.211495   -0.167134   -0.291422
 20   42.267944    0.000000   -0.000015    0.282856   -0.303282   -0.325791
 21   42.505875    0.000000   -0.000015    0.165004   -0.309003   -0.195195
 22   42.233147    0.000031    0.000000   -0.054555    0.231191   -0.008485
 23   42.352295    0.000000   -0.000015   -0.260446    0.457356    0.059303
 24   42.391754   -0.000015   -0.000004   -0.231387    0.229392    0.079941
 25   42.497498   -0.000015   -0.000015   -0.185845    0.131743    0.085061
 26   42.272827    0.000023   -0.000061   -0.058906    0.032570    0.031070
 27   29.239330   55.382614   92.214943    0.839581   -1.082115    1.351621
 28   42.375076    0.000013    0.000008    0.061542    0.060497   -0.248481
 29   42.546082   -0.000034    0.000010    0.054377    0.053188   -0.104077
 30   42.234512    0.000046   -0.000002   -0.006899    0.156774    0.047736
 31   42.465042   -0.000061   -0.000019   -0.001966    0.078460    0.018882
 32   42.458130   -0.000008   -0.000008    0.065909   -0.019457   -0.092329
 33   42.267883   -0.000053   -0.000008    0.100347   -0.070797   -0.143100
 34   42.506042    0.000008    0.000015    0.060682   -0.047565   -0.103859
 35   42.233093   -0.000046    0.000004    0.058123   -0.046877   -0.112981
 36   42.352264   -0.000137    0.000019    0.073241   -0.045948   -0.100829
 37   42.391724   -0.000046    0.000023    0.075459   -0.045252   -0.078378
 38   42.497589   -0.000031    0.000023    0.064398   -0.043167   -0.063452
 39   42.272614    0.000092    0.000000    0.037386   -0.025927   -0.033351
 40   29.239344  106.746613    1.740847    0.101952   -0.231026    0.879401
 41   42.375069    0.000000   -0.000002   -0.083477    0.170209   -0.410874
 42   42.546082    0.000015   -0.000002   -0.000958    0.028833   -0.002982
 43   42.234436    0.000015   -0.000007   -0.002574   -0.013172    0.388114
 44   42.465057    0.000000   -0.000004    0.022866   -0.011871    0.472594
 45   42.458023   -0.000008   -0.000008    0.018082    0.001777    0.201991
 46   42.267853   -0.000015   -0.000001    0.008912    0.002356    0.088150
 47   42.505890   -0.000015    0.000004    0.011085    0.003638    0.102431
 48   42.233063    0.000000   -0.000013    0.013768    0.005545    0.119520
 49   42.352173   -0.000031    0.000010    0.013083    0.006519    0.108907
 50   42.391693    0.000061    0.000002    0.009196    0.005477    0.075351
 51   42.497559    0.000031   -0.000011    0.007554    0.005012    0.061301
 52   42.272644    0.000031    0.000004    0.006240    0.004503    0.050467
 53   29.239340   50.706886  -91.389084   -0.649756    0.419560    1.533981
 54   42.375084   -0.000008    0.000008   -0.263302    0.278367   -0.210682
 55   42.546051    0.000023    0.000004   -0.170026    0.271353   -0.154788
 56   42.234497   -0.000038   -0.000008   -0.002424   -0.025193    0.047621
 57   42.464981    0.000019    0.000004    0.112094   -0.385917    0.311240
 58   42.458038    0.000038    0.000023    0.104067   -0.262315    0.312005
 59   42.267975   -0.000076   -0.000008    0.052549   -0.159944    0.083296
 60   42.505966    0.000107   -0.000015    0.142472   -0.290822    0.236121
 61   42.233154   -0.000031   -0.000031   -0.016209   -0.099418   -0.158945
 62   42.352203   -0.000015   -0.000031   -0.428388    0.053320   -0.484495
 63   42.391724    0.000072    0.000015   -0.208628    0.070957   -0.160652
 64   42.497620    0.000092   -0.000015   -0.131798    0.060486   -0.086455
 65   42.272705    0.000046    0.000023   -0.080520    0.043379   -0.047479
 66   29.239317  -56.044865  -91.389061   -1.470224    0.882851   -2.052598
 67   42.375092    0.000011   -0.000011    0.025819   -0.792517    0.493608
 68   42.546082   -0.000008    0.000023    0.065572   -0.353989    0.309063
 69   42.234451    0.000015   -0.000008    0.041835   -0.019239    0.010529
 70   42.465027   -0.000023   -0.000008   -0.025698    0.157727   -0.221116
 71   42.458099    0.000038   -0.000008   -0.101764    0.266812   -0.374477
 72   42.267914   -0.000031    0.000015   -0.134179    0.272252   -0.372020
 73   42.505951    0.000076    0.000015   -0.344708    0.497737   -0.658869
 74   42.233101    0.000000   -0.000031   -0.075053    0.224384   -0.184532
 75   42.352112   -0.000061    0.000000    0.004533   -0.040214    0.011766
 76   42.391838    0.000046   -0.000031    0.015331   -0.058859    0.017027
 77   42.497543    0.000031    0.000000    0.003037   -0.013409   -0.017672
 78   42.272675    0.000031    0.000000    0.002397   -0.007017   -0.009191
 79   29.239307 -106.786224    1.740895   -0.099057    0.278684   -1.875146
 80   42.375092   -0.000011    0.000000   -0.074303   -0.093446    0.252014
 81   42.546005    0.000002    0.000008   -0.048925   -0.102098    0.226234
 82   42.234482    0.000002   -0.000002   -0.007301   -0.024997    0.058288
 83   42.465057   -0.000008    0.000002   -0.004304    0.013953    0.043512
 84   42.458069   -0.000015    0.000003    0.002986    0.001787   -0.028797
 85   42.267883   -0.000008    0.000002    0.025146    0.014499   -0.253401
 86   42.505981   -0.000015    0.000017    0.018263    0.006298   -0.206005
 87   42.233032    0.000000   -0.000006    0.009290    0.001401   -0.118301
 88   42.352295   -0.000015    0.000001    0.006437    0.000237   -0.095309
 89   42.391693   -0.000061   -0.000003    0.005843   -0.000408   -0.103153
 90   42.497589    0.000031   -0.000014    0.004569   -0.000959   -0.098399
 91   42.272552   -0.000031    0.000034    0.002347   -0.000902   -0.063058
time 8
  0    0.000000    0.000000    0.000000    0.000000   -0.000000    0.000000
  1    0.000000    0.000000    0.000000    0.000000   -0.000000    0.000000
  2    0.000000    0.000000   -1.448150    0.706845   -1.652055    0.785399
  3   50.309219   -0.435479    0.000003   -0.000017   -0.199896    0.014098
  4   30.891548   -0.000011    0.000002   -0.038328   -0.208622    0.002659
  5   34.635597    0.000007    0.000006   -0.035447   -0.208394    0.024022
  6   30.584305    0.000019   -0.000008   -0.033430   -0.446315    0.038218
  7   31.520195    0.000000    0.000008   -0.018216   -0.424717    0.042263
  8   34.241226  -28.000042  -41.878021    0.987308   -0.428635    0.286998
  9   34.241150   23.441807  -41.878128   -0.987313   -0.428636   -0.286993
 10   35.246727  -52.543098    1.319122   -0.000000   -0.000000    0.530838
 11   35.246559   52.726337    1.318909   -0.000000    0.000000   -0.530835
 12   34.830032  -24.891930   45.588608   -0.985395    0.435708    0.275196
 13   34.885788   27.636600   43.767815    0.985390    0.435707   -0.275196
 14   29.239326  -51.573357   94.292961    0.644832   -0.407855   -1.373178
 15   42.375092   -0.000008   -0.000008   -0.186680    0.070872    0.219179
 16   42.546112    0.000027   -0.000008   -0.124771    0.046399    0.238378
 17   42.234451    0.000011    0.000004    0.026403   -0.043210   -0.125522
 18   42.464966   -0.000008    0.000011    0.176390   -0.088929   -0.359713
 19   42.458115   -0.000076    0.000000    0.153138   -0.114559   -0.228782
 20   42.267944    0.000046    0.000000    0.291497   -0.281702   -0.328920
 21   42.505920    0.000000    0.000000    0.169134   -0.264861   -0.190810
 22   42.233124    0.000000    0.000000   -0.087377    0.271080    0.001961
 23   42.352295    0.000031    0.000000   -0.257510    0.381882    0.066088
 24   42.391754   -0.000076   -0.000013   -0.203283    0.186340    0.071638
 25   42.497559    0.000000   -0.000008   -0.160652    0.110652    0.071721
 26   42.272766    0.000069   -0.000031   -0.051601    0.028527    0.025931
 27   29.239346   55.382645   92.214973    0.844297   -1.033118    1.333298
 28   42.375092    0.000005    0.000008    0.061113    0.074479   -0.205621
 29   42.546082   -0.000025    0.000011    0.048473    0.062192   -0.081660
 30   42.234451    0.000038   -0.000019   -0.007174    0.144642    0.036636
 31   42.465042   -0.000059    0.000011   -0.001239    0.070001    0.015169
 32   42.458099   -0.000010    0.000031    0.042764    0.012932   -0.054886
 33   42.267853   -0.000023    0.000046    0.058353   -0.009074   -0.096187
 34   42.506012    0.000031    0.000015    0.036140   -0.001139   -0.088091
 35   42.233154   -0.000023    0.000008    0.068931   -0.031288   -0.131369
 36   42.352234   -0.000061    0.000004    0.086708   -0.038056   -0.111370
 37   42.391754    0.000015    0.000023    0.079691   -0.032249   -0.080485
 38   42.497650    0.000061    0.000008    0.067833   -0.031538   -0.063728
 39   42.272675    0.000092    0.000008    0.037239   -0.018224   -0.031332
 40   29.239361  106.746674    1.740839    0.082875   -0.194420    0.989964
 41   42.375069    0.000015   -0.000002   -0.055971    0.136146   -0.312871
 42   42.546112    0.000008    0.000000   -0.000630    0.027226    0.001250
 43   42.234451    0.000008   -0.000003    0.001646   -0.011934    0.252508
 44   42.465088    0.000000   -0.000006    0.007486   -0.004474    0.203104
 45   42.458069    0.000046   -0.000004    0.013078   -0.001128    0.226049
 46   42.267883   -0.000008    0.000002    0.008898    0.001005    0.123300
 47   42.505920   -0.000015    0.000006    0.010454    0.002192    0.129284
 48   42.233154    0.000000   -0.000015    0.019989    0.005917    0.218240
 49   42.352173    0.000000    0.000001    0.025264    0.011438    0.247491
 50   42.391724    0.000000   -0.000006    0.017316    0.011611    0.165170
 51   42.497620    0.000000   -0.000008    0.013285    0.011104    0.127865
 52   42.272736    0.000031    0.000004    0.009199    0.009076    0.091108
 53   29.239346   50.706928  -91.389114   -0.523273    0.445431    1.651428
 54   42.375107   -0.000010    0.000000   -0.375120    0.328531   -0.364390
 55   42.546066    0.000027    0.000032   -0.210966    0.336863   -0.223866
 56   42.234573   -0.000053    0.000015   -0.018379    0.011874    0.021014
 57   42.465027    0.000053    0.000000    0.084611   -0.414354    0.310526
 58   42.458084    0.000046    0.000008    0.107580   -0.404189    0.450310
 59   42.268036   -0.000092    0.000023    0.048759   -0.158587    0.117679
 60   42.505936    0.000076    0.000000    0.105506   -0.257449    0.183013
 61   42.233185   -0.000076   -0.000031    0.043490   -0.133468   -0.040932
 62   42.352341   -0.000031    0.000000   -0.401229    0.038773   -0.538061
 63   42.391754    0.000023    0.000000   -0.245509    0.084392   -0.205639
 64   42.497559    0.000031    0.000000   -0.142117    0.067994   -0.099834
 65   42.272736    0.000015    0.000015   -0.089337    0.050891   -0.056026
 66   29.239323  -56.044880  -91.389046   -1.222814    0.876559   -1.795287
 67   42.375099   -0.000008   -0.000004    0.081862   -0.692365    0.461571
 68   42.546112   -0.000008    0.000031    0.070763   -0.312527    0.309584
 69   42.234451    0.000015   -0.000023    0.037855   -0.001622   -0.006513
 70   42.465012   -0.000015    0.000031   -0.062467    0.213988   -0.319508
 71   42.458130    0.000015    0.000004   -0.130579    0.290892   -0.411266
 72   42.267975   -0.000046    0.000019   -0.136993    0.269350   -0.367166
 73   42.505951    0.000061    0.000031   -0.364762    0.523431   -0.691163
 74   42.233116    0.000031    0.000000   -0.066127    0.222745   -0.179227
 75   42.352158   -0.000015    0.000031    0.007554   -0.081003    0.019505
 76   42.391792   -0.000031   -0.000031    0.063558   -0.380378    0.165502
 77   42.497543    0.000061    0.000015    0.131561   -0.397103    0.188647
 78   42.272614    0.000000    0.000004    0.126760   -0.233778    0.159638
 79   29.239317 -106.786263    1.740906   -0.080932    0.257420   -1.738840
 80   42.375114    0.000004   -0.000004   -0.063299   -0.112130    0.235247
 81   42.546021   -0.000019    0.000002   -0.023124   -0.082160    0.138953
 82   42.234558   -0.000023   -0.000010   -0.007437   -0.006333    0.083502
 83   42.465103   -0.000008   -0.000007   -0.014224    0.001409    0.156170
 84   42.458069   -0.000023   -0.000004    0.005753    0.004043   -0.062527
 85   42.267944   -0.000015   -0.000010    0.025223    0.017755   -0.306755
 86   42.505951   -0.000011    0.000014    0.015414    0.006156   -0.201389
 87   42.233124    0.000008   -0.000012    0.012082    0.002672   -0.182391
 88   42.352356    0.000015   -0.000000    0.011148    0.000523   -0.219131
 89   42.391754    0.000031   -0.000008    0.006284   -0.001637   -0.187002
 90   42.497650    0.000031   -0.000024    0.002738   -0.002259   -0.151956
 91   42.272583    0.000061    0.000017    0.000519   -0.001540   -0.088063
time 9
  0    0.000000    0.000000    0.000000    0.000000   -0.000000    0.000000
  1    0.000000    0.000000    0.000000    0.000000   -0.000000    0.000000
  2    0.000000    0.000000   -3.900001    0.723961   -1.634937    0.785401
  3   50.309212   -0.435479    0.000004   -0.000017   -0.199896    0.014098
  4   30.891541   -0.000011    0.000003   -0.029972   -0.210264   -0.000993
  5   34.635597    0.000006   -0.000004   -0.027723   -0.210086    0.018787
  6   30.584290    0.000017    0.000000   -0.026145   -0.448085    0.029890
  7   31.520172    0.000000    0.000015   -0.014247   -0.426377    0.033053
  8   34.241180  -28.000031  -41.878006    0.988627   -0.423564    0.283485
  9   34.241119   23.441795  -41.878082   -0.988632   -0.423565   -0.283480
 10   35.246696  -52.543076    1.319138   -0.000000   -0.000000    0.524812
 11   35.246536   52.726295    1.318909   -0.000000    0.000000   -0.524809
 12   34.830025  -24.891922   45.588593   -0.986745    0.430642    0.271664
 13   34.885780   27.636578   43.767807    0.986740    0.430640   -0.271663
 14   29.239315  -51.573341   94.292961    0.697272   -0.462298   -1.407307
 15   42.375046    0.000000    0.000000   -0.166752    0.057049    0.190710
 16   42.546082    0.000023    0.000015   -0.112482    0.035174    0.216114
 17   42.234451    0.000008   -0.000011    0.026035   -0.029279   -0.148304
 18   42.464966    0.000004    0.000015    0.106175   -0.032089   -0.266767
 19   42.458099   -0.000084   -0.000011    0.112171   -0.074812   -0.187149
 20   42.267944    0.000031   -0.000019    0.288133   -0.250913   -0.323416
 21   42.505890    0.000015    0.000015    0.178282   -0.231512   -0.193947
 22   42.233185    0.000046    0.000000   -0.105259    0.269769    0.008281
 23   42.352295    0.000000    0.000000   -0.241830    0.321965    0.067472
 24   42.391693   -0.000061   -0.000015   -0.175765    0.155486    0.060901
 25   42.497467    0.000061    0.000000   -0.143432    0.099070    0.061097
 26   42.272797    0.000069    0.000015   -0.049434    0.027961    0.023436
 27   29.239332   55.382626   92.214943    0.857085   -0.980049    1.306628
 28   42.375069    0.000006   -0.000010    0.057092    0.090303   -0.148951
 29   42.546082   -0.000023    0.000010    0.043847    0.065380   -0.065345
 30   42.234482    0.000072    0.000004    0.007139    0.104487   -0.005511
 31   42.465027   -0.000046   -0.000008    0.009832    0.045919   -0.006579
 32   42.458099   -0.000019    0.000008    0.015764    0.049466   -0.012713
 33   42.267822   -0.000031    0.000015   -0.020574    0.096675    0.002254
 34   42.505951    0.000069   -0.000008   -0.048528    0.102030   -0.001492
 35   42.233063   -0.000036   -0.000015    0.077182   -0.011614   -0.153907
 36   42.352234   -0.000099    0.000000    0.132981   -0.049282   -0.150686
 37   42.391724    0.000061   -0.000008    0.092079   -0.027022   -0.088729
 38   42.497650    0.000000   -0.000015    0.078154   -0.027727   -0.068123
 39   42.272705    0.000092    0.000011    0.044700   -0.017392   -0.034743
 40   29.239349  106.746620    1.740838    0.064384   -0.154625    1.095781
 41   42.375061   -0.000013   -0.000004   -0.022968    0.102160   -0.150713
 42   42.546127   -0.000004   -0.000000   -0.001429    0.025000   -0.024273
 43   42.234436   -0.000011   -0.000004   -0.000196   -0.007131    0.000089
 44   42.465057   -0.000031   -0.000007   -0.000120   -0.000850   -0.002126
 45   42.458099   -0.000008   -0.000005    0.007327   -0.002738    0.244792
 46   42.267883    0.000008    0.000003    0.011358   -0.000869    0.241481
 47   42.505890    0.000000    0.000005    0.010272    0.001341    0.172173
 48   42.233154    0.000000   -0.000012    0.020547    0.005117    0.288424
 49   42.352234    0.000031   -0.000002    0.028216    0.012682    0.342077
 50   42.391663    0.000000   -0.000006    0.018253    0.013834    0.218236
 51   42.497665    0.000000   -0.000011    0.012112    0.012203    0.151745
 52   42.272720    0.000000   -0.000004    0.006970    0.008582    0.093427
 53   29.239330   50.706898  -91.389069   -0.384401    0.465776    1.786845
 54   42.375061   -0.000013   -0.000023   -0.474762    0.347776   -0.521451
 55   42.546051    0.000038   -0.000002   -0.252128    0.392676   -0.295159
 56   42.234528   -0.000038   -0.000023   -0.030958    0.052202   -0.006993
 57   42.464996    0.000031    0.000023    0.048999   -0.332257    0.234148
 58   42.458069    0.000019   -0.000015    0.061090   -0.589006    0.620578
 59   42.268005   -0.000061    0.000015    0.053344   -0.186329    0.194689
 60   42.505966    0.000122    0.000000    0.067595   -0.206151    0.107164
 61   42.233124    0.000000    0.000000    0.090056   -0.191029    0.113569
 62   42.352295    0.000031   -0.000015   -0.303612    0.013169   -0.531322
 63   42.391785    0.000038    0.000046   -0.317585    0.100168   -0.301662
 64   42.497589    0.000076    0.000031   -0.159731    0.077123   -0.122256
 65   42.272705    0.000076    0.000015   -0.102521    0.060436   -0.069070
 66   29.239319  -56.044865  -91.389038   -1.004113    0.838982   -1.576501
 67   42.375061   -0.000006   -0.000006    0.124948   -0.584952    0.427538
 68   42.546127    0.000000    0.000015    0.074799   -0.281670    0.315606
 69   42.234482    0.000031   -0.000015    0.033399    0.015097   -0.025138
 70   42.465012   -0.000023    0.000000   -0.104568    0.260353   -0.413704
 71   42.458130    0.000053    0.000031   -0.132437    0.284949   -0.396429
 72   42.267914   -0.000038    0.000008   -0.124827    0.242912   -0.342509
 73   42.505951    0.000076    0.000000   -0.343963    0.493296   -0.658493
 74   42.233162    0.000000    0.000000   -0.072555    0.232685   -0.190388
 75   42.352188    0.000000   -0.000031    0.008929   -0.092094    0.011345
 76   42.391769    0.000000    0.000000    0.097038   -0.492837    0.196904
 77   42.497498    0.000046    0.000000    0.176705   -0.408222    0.210607
 78   42.272705   -0.000046    0.000021    0.162573   -0.243160    0.192858
 79   29.239305 -106.786263    1.740900   -0.063189    0.223686   -1.575841
 80   42.375084    0.000000   -0.000004   -0.038763   -0.118349    0.167953
 81   42.546051   -0.000006    0.000003   -0.009397   -0.055562    0.080317
 82   42.234528    0.000000   -0.000010   -0.010864    0.000150    0.162502
 83   42.465042   -0.000008   -0.000006   -0.014770   -0.004730    0.191037
 84   42.458084   -0.000038   -0.000005    0.007516    0.006288   -0.103300
 85   42.267944    0.000008   -0.000009    0.021740    0.017556   -0.336870
 86   42.505981   -0.000008    0.000012    0.012719    0.005747   -0.204138
 87   42.233032    0.000023   -0.000013    0.013334    0.003788   -0.254623
 88   42.352264    0.000000   -0.000003    0.011822    0.000398   -0.333601
 89   42.391754    0.000061   -0.000009    0.003830   -0.002503   -0.236745
 90   42.497620    0.000031   -0.000026    0.000131   -0.002350   -0.166291
 91   42.272491    0.000031    0.000016   -0.000951   -0.001365   -0.096643
time 10
  0    0.000000    0.000000    0.000000    0.000000   -0.000000    0.000000
  1    0.000000    0.000000    0.000000    0.000000   -0.000000    0.000000
  2    0.000000    0.000000   -6.218519    0.740148   -1.618749    0.785398
  3   50.309204   -0.435479    0.000004   -0.000017   -0.199896    0.014098
  4   30.891537   -0.000011    0.000001   -0.022071   -0.211818   -0.004445
  5   34.635597    0.000007   -0.000002   -0.020419   -0.211686    0.013837
  6   30.584297    0.000018   -0.000004   -0.019257   -0.449759    0.022015
  7   31.520187   -0.000000    0.000000   -0.010493   -0.427948    0.024345
  8   34.241188  -28.000031  -41.877991    0.989875   -0.418768    0.280163
  9   34.241119   23.441803  -41.878098   -0.989880   -0.418769   -0.280158
 10   35.246689  -52.543083    1.319138   -0.000000   -0.000000    0.519115
 11   35.246536   52.726318    1.318924   -0.000000   -0.000000   -0.519112
 12   34.830009  -24.891924   45.588600   -0.988021    0.425851    0.268324
 13   34.885773   27.636591   43.767815    0.988017    0.425850   -0.268323
 14   29.239315  -51.573345   94.292969    0.746195   -0.512433   -1.440908
 15   42.375038    0.000004    0.000002   -0.148116    0.038594    0.160483
 16   42.546082    0.000036    0.000004   -0.099041    0.016778    0.188172
 17   42.234467    0.000023    0.000000    0.012141    0.001193   -0.145252
 18   42.464996   -0.000004   -0.000008    0.045250    0.026777   -0.185798
 19   42.458069   -0.000084   -0.000023    0.078969   -0.043804   -0.153761
 20   42.267944    0.000038   -0.000015    0.270510   -0.214295   -0.307946
 21   42.505890   -0.000015    0.000015    0.192579   -0.210369   -0.204169
 22   42.233215   -0.000015    0.000000   -0.103326    0.240096    0.008000
 23   42.352295    0.000000   -0.000023   -0.224029    0.281600    0.065459
 24   42.391724    0.000000    0.000019   -0.151261    0.133776    0.049826
 25   42.497467    0.000061   -0.000046   -0.130568    0.092830    0.051984
 26   42.272766    0.000069   -0.000015   -0.060104    0.035696    0.026696
 27   29.239330   55.382610   92.214943    0.879851   -0.924335    1.270007
 28   42.375069    0.000001   -0.000011    0.048731    0.108106   -0.081126
 29   42.546097   -0.000029    0.000011    0.039080    0.067622   -0.049849
 30   42.234467    0.000059   -0.000008    0.030801    0.058052   -0.059717
 31   42.465073   -0.000061    0.000011    0.027677    0.014725   -0.035833
 32   42.458069   -0.000042    0.000000   -0.004988    0.077061    0.017767
 33   42.267914   -0.000046   -0.000015   -0.092566    0.199527    0.101838
 34   42.506012    0.000051    0.000000   -0.144253    0.216467    0.148726
 35   42.233032   -0.000038   -0.000031    0.024127    0.037006   -0.115092
 36   42.352173   -0.000076   -0.000031    0.187749   -0.049503   -0.228152
 37   42.391724    0.000015    0.000000    0.101371   -0.018589   -0.103864
 38   42.497650    0.000000   -0.000015    0.087029   -0.021490   -0.078388
 39   42.272614    0.000092    0.000031    0.062963   -0.018486   -0.050035
 40   29.239344  106.746613    1.740839    0.047121   -0.113751    1.174098
 41   42.375076   -0.000004   -0.000004    0.000385    0.069292    0.008379
 42   42.546112   -0.000004    0.000000   -0.001989    0.021143   -0.038557
 43   42.234436   -0.000004   -0.000005   -0.003683   -0.004198   -0.209334
 44   42.465057    0.000008   -0.000005   -0.001815    0.000387   -0.137068
 45   42.458099   -0.000008   -0.000005    0.002059   -0.001658    0.159921
 46   42.267914    0.000031    0.000001    0.009002   -0.002816    0.349593
 47   42.505890   -0.000015    0.000004    0.008357    0.000264    0.208579
 48   42.233063   -0.000031   -0.000014    0.016065    0.003005    0.318112
 49   42.352234    0.000000    0.000002    0.025658    0.010266    0.419692
 50   42.391632    0.000031    0.000000    0.016117    0.012453    0.258597
 51   42.497604   -0.000031   -0.000013    0.009527    0.010346    0.164335
 52   42.272705   -0.000031   -0.000004    0.005119    0.006935    0.096522
 53   29.239336   50.706894  -91.389038   -0.274162    0.483278    1.901188
 54   42.375069   -0.000008    0.000000   -0.530595    0.342679   -0.636923
 55   42.546028    0.000034    0.000012   -0.290435    0.432689   -0.362110
 56   42.234528   -0.000046   -0.000008   -0.039228    0.083539   -0.029675
 57   42.464981    0.000015   -0.000015    0.017742   -0.194113    0.136617
 58   42.458069    0.000031    0.000015   -0.023716   -0.718481    0.734702
 59   42.267944   -0.000076    0.000023    0.060437   -0.266265    0.326420
 60   42.505890    0.000092    0.000015    0.041441   -0.159012    0.057881
 61   42.233170   -0.000122    0.000000    0.095435   -0.237657    0.213219
 62   42.352280   -0.000031   -0.000015   -0.160128   -0.020445   -0.411426
 63   42.391724    0.000031   -0.000076   -0.391943    0.101204   -0.443776
 64   42.497650    0.000027    0.000000   -0.183254    0.086726   -0.154783
 65   42.272766    0.000015    0.000008   -0.115066    0.068880   -0.083685
 66   29.239317  -56.044857  -91.389000   -0.833894    0.785890   -1.414087
 67   42.375076   -0.000010   -0.000008    0.154138   -0.481482    0.392177
 68   42.546097   -0.000019    0.000015    0.079097   -0.256802    0.324149
 69   42.234451    0.000046   -0.000023    0.027214    0.034647   -0.052534
 70   42.464996   -0.000053    0.000031   -0.148131    0.290991   -0.496104
 71   42.458099    0.000031    0.000008   -0.114599    0.250354   -0.343100
 72   42.267944   -0.000084   -0.000015   -0.114026    0.209703   -0.316424
 73   42.506012    0.000031    0.000000   -0.339023    0.459411   -0.636923
 74   42.233109    0.000015    0.000000   -0.082045    0.233241   -0.196342
 75   42.352150    0.000000   -0.000031    0.015584   -0.124285    0.019284
 76   42.391785    0.000046    0.000000    0.132096   -0.533648    0.217308
 77   42.497467    0.000076    0.000000    0.181820   -0.348067    0.200761
 78   42.272705    0.000015    0.000012    0.134705   -0.176977    0.151876
 79   29.239305 -106.786270    1.740902   -0.046465    0.177910   -1.406566
 80   42.375099    0.000010   -0.000002   -0.021538   -0.105325    0.119302
 81   42.546005   -0.000011    0.000003   -0.005935   -0.034121    0.076096
 82   42.234497   -0.000004   -0.000007   -0.010007    0.001418    0.199052
 83   42.465088   -0.000015   -0.000004   -0.008103   -0.004487    0.137512
 84   42.458069    0.000023   -0.000000    0.008287    0.007776   -0.157441
 85   42.267944    0.000008   -0.000006    0.016627    0.013944   -0.349903
 86   42.505981   -0.000046    0.000015    0.009676    0.004466   -0.208620
 87   42.233063   -0.000015   -0.000014    0.011876    0.003558   -0.316755
 88   42.352203   -0.000061    0.000002    0.009173   -0.000418   -0.420430
 89   42.391724   -0.000031   -0.000006    0.001077   -0.002597   -0.259864
 90   42.497589    0.000061   -0.000020   -0.001368   -0.001782   -0.165188
 91   42.272614    0.000061    0.000020   -0.001562   -0.000907   -0.097379
time 11
  0    0.000000    0.000000    0.000000    0.000000   -0.000000    0.000000
  1    0.000000    0.000000    0.000000    0.000000   -0.000000    0.000000
  2    0.000000    0.000000   -8.314815    0.754779   -1.604116    0.785402
  3   50.309219   -0.435479    0.000004   -0.000017   -0.199896    0.014098
  4   30.891533   -0.000011    0.000002   -0.014927   -0.213222   -0.007567
  5   34.635597    0.000007   -0.000002   -0.013815   -0.213133    0.009362
  6   30.584282    0.000018    0.000008   -0.013029   -0.451273    0.014895
  7   31.520195   -0.000000    0.000008   -0.007100   -0.429368    0.016470
  8   34.241196  -28.000032  -41.878006    0.991003   -0.414432    0.277159
  9   34.241119   23.441803  -41.878098   -0.991008   -0.414433   -0.277154
 10   35.246696  -52.543087    1.319138   -0.000000    0.000000    0.513963
 11   35.246536   52.726315    1.318924   -0.000000   -0.000000   -0.513960
 12   34.830025  -24.891928   45.588593   -0.989175    0.421519    0.265304
 13   34.885780   27.636591   43.767822    0.989171    0.421518   -0.265303
 14   29.239319  -51.573349   94.292992    0.790046   -0.556413   -1.472235
 15   42.375076    0.000000   -0.000002   -0.132302    0.018260    0.130988
 16   42.546082    0.000025    0.000000   -0.085891   -0.006696    0.157643
 17   42.234512    0.000019   -0.000002   -0.008698    0.042513   -0.124802
 18   42.465057    0.000011    0.000008   -0.001862    0.079738   -0.121379
 19   42.458130   -0.000072    0.000027    0.051317   -0.019358   -0.125407
 20   42.267975    0.000015    0.000011    0.242601   -0.177865   -0.285429
 21   42.505829   -0.000031    0.000000    0.207687   -0.196608   -0.217386
 22   42.233215   -0.000031    0.000000   -0.085177    0.196781    0.000435
 23   42.352264    0.000015    0.000031   -0.208898    0.257106    0.062304
 24   42.391785   -0.000015    0.000015   -0.130588    0.118546    0.039573
 25   42.497437    0.000031    0.000000   -0.114048    0.085150    0.041629
 26   42.272736    0.000031   -0.000015   -0.061316    0.038885    0.024911
 27   29.239338   55.382610   92.214989    0.920364   -0.868125    1.214855
 28   42.375076   -0.000006   -0.000010    0.037668    0.125828   -0.018364
 29   42.546112   -0.000006    0.000021    0.032091    0.071336   -0.026405
 30   42.234467    0.000067   -0.000008    0.044134    0.033923   -0.084935
 31   42.465027   -0.000061   -0.000015    0.035857    0.002275   -0.049270
 32   42.458099   -0.000004    0.000015   -0.013372    0.089055    0.026171
 33   42.267883   -0.000038    0.000000   -0.126750    0.249027    0.147760
 34   42.505981    0.000072    0.000015   -0.157304    0.227063    0.175247
 35   42.233154    0.000000    0.000031    0.064945    0.017090   -0.165797
 36   42.352295   -0.000095    0.000015    0.201668   -0.053362   -0.233069
 37   42.391693    0.000046    0.000031    0.106446   -0.023427   -0.102498
 38   42.497681    0.000015    0.000015    0.089863   -0.026048   -0.076057
 39   42.272614    0.000153    0.000031    0.058388   -0.019572   -0.043935
 40   29.239359  106.746681    1.740839    0.031699   -0.075638    1.223102
 41   42.375076    0.000010   -0.000002    0.005557    0.042179    0.078284
 42   42.546143   -0.000006    0.000002   -0.000338    0.015857   -0.004257
 43   42.234543    0.000000   -0.000001   -0.004091   -0.002654   -0.259213
 44   42.465118    0.000015   -0.000005   -0.002169    0.000130   -0.203677
 45   42.458069    0.000008   -0.000000    0.000657   -0.000573    0.078588
 46   42.267883    0.000008    0.000004    0.004491   -0.001995    0.305953
 47   42.505890    0.000008    0.000007    0.004929   -0.000373    0.205861
 48   42.233215    0.000015   -0.000006    0.008774    0.000875    0.282055
 49   42.352264    0.000015    0.000003    0.016051    0.004701    0.409972
 50   42.391724    0.000031   -0.000004    0.012581    0.007811    0.294922
 51   42.497620    0.000000   -0.000010    0.007941    0.007381    0.193907
 52   42.272781   -0.000031    0.000006    0.003144    0.003829    0.084176
 53   29.239344   50.706898  -91.389099   -0.227292    0.506738    1.954425
 54   42.375092   -0.000004    0.000008   -0.535638    0.332756   -0.683730
 55   42.546059    0.000015    0.000021   -0.316078    0.452582   -0.411167
 56   42.234528   -0.000076   -0.000031   -0.045232    0.106345   -0.047321
 57   42.465073    0.000015    0.000015    0.001851   -0.112877    0.085648
 58   42.458069    0.000008    0.000015   -0.059614   -0.731140    0.722687
 59   42.268036   -0.000053    0.000000    0.048803   -0.379312    0.475092
 60   42.505920    0.000137   -0.000031    0.030931   -0.138846    0.051349
 61   42.233185   -0.000031   -0.000015    0.081581   -0.249210    0.231645
 62   42.352264    0.000000   -0.000015   -0.066642   -0.051491   -0.272489
 63   42.391678    0.000061   -0.000031   -0.413892    0.092945   -0.552259
 64   42.497650    0.000080   -0.000031   -0.203745    0.094649   -0.188245
 65   42.272736    0.000000    0.000000   -0.126245    0.076568   -0.098309
 66   29.239321  -56.044880  -91.389046   -0.712784    0.731526   -1.305803
 67   42.375076   -0.000002    0.000000    0.171376   -0.390605    0.356932
 68   42.546112    0.000015   -0.000008    0.084334   -0.234914    0.332207
 69   42.234467    0.000000   -0.000008    0.018203    0.056080   -0.090141
 70   42.465027   -0.000031    0.000015   -0.179069    0.294492   -0.541766
 71   42.458084    0.000019    0.000015   -0.092080    0.201435   -0.279748
 72   42.267944   -0.000069    0.000000   -0.111527    0.186619   -0.296577
 73   42.505966    0.000061    0.000000   -0.351612    0.450536   -0.631866
 74   42.233116    0.000015    0.000000   -0.083185    0.222050   -0.189594
 75   42.352180   -0.000031   -0.000031    0.024923   -0.166672    0.030743
 76   42.391792    0.000000    0.000000    0.170000   -0.566425    0.230157
 77   42.497528    0.000015   -0.000031    0.183490   -0.297597    0.181745
 78   42.272705    0.000031   -0.000004    0.131332   -0.152914    0.138616
 79   29.239307 -106.786270    1.740903   -0.031391    0.126172   -1.258820
 80   42.375099    0.000006   -0.000006   -0.035213   -0.079366    0.274977
 81   42.546051   -0.000011    0.000001   -0.002949   -0.019511    0.058977
 82   42.234543    0.000015   -0.000008   -0.001378    0.004523    0.041691
 83   42.465088   -0.000031   -0.000006   -0.000502   -0.000165    0.012500
 84   42.458069    0.000000   -0.000002    0.008515    0.008045   -0.247152
 85   42.267914    0.000023   -0.000008    0.010877    0.007775   -0.339230
 86   42.505920    0.000008    0.000012    0.006233    0.002303   -0.208029
 87   42.233124   -0.000015   -0.000012    0.007772    0.001557   -0.339113
 88   42.352356    0.000031   -0.000002    0.004896   -0.001534   -0.474178
 89   42.391754    0.000000   -0.000005   -0.001127   -0.002226   -0.286186
 90   42.497581    0.000000   -0.000020   -0.002279   -0.001110   -0.173489
 91   42.272484   -0.000031    0.000019   -0.001739   -0.000386   -0.095091
time 12
  0    0.000000    0.000000    0.000000    0.000000   -0.000000    0.000000
  1    0.000000    0.000000    0.000000    0.000000   -0.000000    0.000000
  2    0.000000    0.000000  -10.100003    0.767248   -1.591653    0.785400
  3   50.309219   -0.435479    0.000004   -0.000017   -0.199896    0.014098
  4   30.891544   -0.000011    0.000000   -0.008843   -0.214418   -0.010226
  5   34.635597    0.000007   -0.000004   -0.008191   -0.214365    0.005550
  6   30.584282    0.000018    0.000000   -0.007725   -0.452562    0.008832
  7   31.520195   -0.000000   -0.000015   -0.004210   -0.430577    0.009765
  8   34.241203  -28.000029  -41.878006    0.991964   -0.410739    0.274601
  9   34.241127   23.441801  -41.878098   -0.991968   -0.410740   -0.274596
 10   35.246712  -52.543083    1.319138   -0.000000   -0.000000    0.509576
 11   35.246544   52.726307    1.318924   -0.000000   -0.000000   -0.509573
 12   34.830017  -24.891920   45.588615   -0.990158    0.417831    0.262732
 13   34.885780   27.636585   43.767822    0.990154    0.417829   -0.262731
 14   29.239321  -51.573349   94.292953    0.827210   -0.592734   -1.499494
 15   42.375084    0.000000   -0.000010   -0.120182   -0.000931    0.104835
 16   42.546051    0.000027    0.000004   -0.074344   -0.031784    0.128253
 17   42.234467    0.000010   -0.000010   -0.028952    0.085415   -0.098111
 18   42.464996    0.000019    0.000000   -0.036028    0.123993   -0.072455
 19   42.458069   -0.000084    0.000008    0.029009   -0.000294   -0.101549
 20   42.267914    0.000015    0.000000    0.211688   -0.146464   -0.260843
 21   42.505920    0.000000   -0.000031    0.218524   -0.185735   -0.228764
 22   42.233215    0.000031    0.000023   -0.058444    0.151555   -0.012690
 23   42.352264   -0.000015    0.000015   -0.197164    0.243188    0.059068
 24   42.391724   -0.000046    0.000008   -0.114101    0.108048    0.030817
 25   42.497437    0.000031    0.000000   -0.100627    0.079727    0.033074
 26   42.272736    0.000069   -0.000015   -0.062408    0.042485    0.022915
 27   29.239334   55.382629   92.214905    0.979769   -0.813448    1.139840
 28   42.375053   -0.000013    0.000002    0.026844    0.139166    0.029800
 29   42.546066   -0.000021    0.000011    0.023272    0.078828    0.000899
 30   42.234467    0.000061   -0.000019    0.045382    0.030620   -0.086856
 31   42.465042   -0.000057   -0.000019    0.038590   -0.000878   -0.054719
 32   42.458069   -0.000004   -0.000008   -0.023377    0.103507    0.037266
 33   42.267914   -0.000046   -0.000015   -0.158747    0.295877    0.199282
 34   42.506012    0.000095   -0.000031   -0.155577    0.218664    0.185287
 35   42.233124   -0.000031    0.000000    0.117747   -0.004052   -0.231993
 36   42.352264   -0.000080   -0.000031    0.204791   -0.055579   -0.227428
 37   42.391693    0.000061   -0.000015    0.112715   -0.030132   -0.102318
 38   42.497650   -0.000031   -0.000031    0.091261   -0.030812   -0.073354
 39   42.272705    0.000137    0.000008    0.052859   -0.020182   -0.038006
 40   29.239349  106.746620    1.740842    0.018703   -0.043554    1.261609
 41   42.375092    0.000010   -0.000003    0.003501    0.022266    0.085399
 42   42.546127    0.000002    0.000001    0.000602    0.010025    0.030706
 43   42.234482    0.000000   -0.000001   -0.002372   -0.001048   -0.207467
 44   42.465073    0.000004   -0.000004   -0.001729   -0.000306   -0.207790
 45   42.458038    0.000000   -0.000000    0.000149   -0.000090    0.021129
 46   42.267914    0.000015    0.000001    0.001759   -0.000813    0.198441
 47   42.505890    0.000015    0.000009    0.001803   -0.000327    0.143301
 48   42.233124   -0.000015   -0.000010    0.002958   -0.000085    0.188120
 49   42.352234   -0.000023    0.000003    0.005906    0.000736    0.297729
 50   42.391632    0.000000   -0.000003    0.007132    0.002463    0.301148
 51   42.497559    0.000061   -0.000009    0.004710    0.002837    0.189460
 52   42.272675    0.000031    0.000000    0.000796    0.000651    0.033380
 53   29.239334   50.706902  -91.389038   -0.209816    0.530907    1.976881
 54   42.375092   -0.000010    0.000008   -0.520079    0.323272   -0.694623
 55   42.546089    0.000015    0.000029   -0.334384    0.462148   -0.448166
 56   42.234535   -0.000038    0.000000   -0.051135    0.127422   -0.064080
 57   42.465027    0.000031    0.000008   -0.005906   -0.070666    0.059257
 58   42.458054    0.000008   -0.000008   -0.058784   -0.689893    0.654409
 59   42.267960   -0.000084    0.000015    0.011335   -0.491805    0.617640
 60   42.505920    0.000061    0.000000    0.026758   -0.134196    0.063048
 61   42.233185   -0.000076   -0.000046    0.068161   -0.247695    0.222832
 62   42.352257    0.000000   -0.000015   -0.016887   -0.078123   -0.159461
 63   42.391724    0.000000   -0.000046   -0.393183    0.084062   -0.607394
 64   42.497559    0.000051   -0.000015   -0.229348    0.104691   -0.228817
 65   42.272766    0.000008   -0.000031   -0.136181    0.083305   -0.112533
 66   29.239311  -56.044888  -91.389023   -0.632948    0.684819   -1.240709
 67   42.375099   -0.000006    0.000002    0.179852   -0.317408    0.323481
 68   42.546112    0.000008    0.000038    0.090609   -0.217248    0.338514
 69   42.234497    0.000046    0.000015    0.007168    0.075158   -0.128165
 70   42.465027   -0.000046    0.000008   -0.192533    0.284241   -0.547395
 71   42.458099    0.000031   -0.000015   -0.075450    0.165000   -0.232825
 72   42.267853   -0.000053   -0.000008   -0.110281    0.169185   -0.282832
 73   42.505981    0.000046   -0.000023   -0.362711    0.442117   -0.628145
 74   42.233139    0.000015   -0.000031   -0.083424    0.207785   -0.182563
 75   42.352139   -0.000031    0.000000    0.038859   -0.219232    0.045175
 76   42.391777    0.000031   -0.000031    0.208169   -0.574431    0.234982
 77   42.497498    0.000031    0.000000    0.178301   -0.250932    0.162709
 78   42.272736   -0.000015    0.000015    0.126593   -0.132691    0.126212
 79   29.239313 -106.786293    1.740898   -0.018589    0.077540   -1.120678
 80   42.375092    0.000002   -0.000003   -0.039124   -0.048534    0.498624
 81   42.546051   -0.000046    0.000002   -0.000264   -0.009620    0.011720
 82   42.234543    0.000008   -0.000009    0.003362    0.007986   -0.195194
 83   42.465088   -0.000008   -0.000005    0.002141    0.002222   -0.096643
 84   42.458038    0.000031   -0.000005    0.005907    0.005133   -0.288785
 85   42.267944    0.000023   -0.000007    0.006514    0.003865   -0.346861
 86   42.505951    0.000046    0.000014    0.003346    0.000826   -0.199122
 87   42.233063    0.000046   -0.000011    0.003896    0.000229   -0.310184
 88   42.352325    0.000031   -0.000002    0.002289   -0.001581   -0.519752
 89   42.391708    0.000000   -0.000007   -0.001818   -0.001654   -0.333638
 90   42.497528   -0.000031   -0.000019   -0.002280   -0.000571   -0.194955
 91   42.272545   -0.000031    0.000019   -0.001540   -0.000065   -0.103694
time 13
  0    0.000000    0.000000    0.000000    0.000000   -0.000000    0.000000
  1    0.000000    0.000000    0.000000    0.000000   -0.000000    0.000000
  2    0.000000    0.000000  -11.485187    0.776920   -1.581979    0.785396
  3   50.309216   -0.435479    0.000004   -0.000017   -0.199896    0.014098
  4   30.891537   -0.000011   -0.000000   -0.004123   -0.215346   -0.012288
  5   34.635590    0.000006    0.000000   -0.003827   -0.215321    0.002593
  6   30.584282    0.000017   -0.000008   -0.003610   -0.453562    0.004127
  7   31.520187   -0.000002    0.000000   -0.001967   -0.431515    0.004562
  8   34.241196  -28.000036  -41.878006    0.992709   -0.407874    0.272617
  9   34.241127   23.441801  -41.878098   -0.992714   -0.407875   -0.272612
 10   35.246712  -52.543098    1.319138   -0.000000   -0.000000    0.506172
 11   35.246536   52.726326    1.318909   -0.000000   -0.000000   -0.506169
 12   34.830025  -24.891932   45.588608   -0.990921    0.414968    0.260737
 13   34.885773   27.636591   43.767815    0.990916    0.414967   -0.260736
 14   29.239323  -51.573334   94.292931    0.855987   -0.620151   -1.520943
 15   42.375069   -0.000004   -0.000013   -0.111905   -0.016467    0.084257
 16   42.546082    0.000034   -0.000006   -0.065372   -0.054321    0.103631
 17   42.234467    0.000010   -0.000010   -0.044088    0.121260   -0.073982
 18   42.464996    0.000029    0.000008   -0.059222    0.158392   -0.037348
 19   42.458069   -0.000072   -0.000008    0.012428    0.013804   -0.082900
 20   42.267914    0.000023   -0.000015    0.184800   -0.122811   -0.239182
 21   42.505920   -0.000031   -0.000004    0.223193   -0.176421   -0.235639
 22   42.233185    0.000015    0.000000   -0.032781    0.114571   -0.026820
 23   42.352295   -0.000031    0.000008   -0.185875    0.232788    0.054994
 24   42.391693   -0.000061    0.000008   -0.103564    0.102379    0.024802
 25   42.497467    0.000031    0.000031   -0.090560    0.076066    0.026561
 26   42.272766    0.000031   -0.000015   -0.062915    0.045720    0.020812
 27   29.239338   55.382641   92.214920    1.050817   -0.761542    1.052787
 28   42.375076    0.000013   -0.000005    0.018129    0.149186    0.062861
 29   42.546097   -0.000010    0.000017    0.014406    0.088170    0.027442
 30   42.234482    0.000072    0.000000    0.034873    0.044941   -0.066592
 31   42.465057   -0.000046    0.000008    0.035029    0.005621   -0.051321
 32   42.458038    0.000004   -0.000011   -0.034952    0.120339    0.051633
 33   42.267853   -0.000034    0.000008   -0.184315    0.336134    0.256258
 34   42.506012    0.000076    0.000015   -0.138639    0.194143    0.173402
 35   42.233124   -0.000031    0.000015    0.173964   -0.022302   -0.303408
 36   42.352203   -0.000084    0.000046    0.202060   -0.058385   -0.217124
 37   42.391724    0.000046    0.000031    0.117226   -0.037067   -0.101638
 38   42.497589    0.000015    0.000000    0.090952   -0.035339   -0.070401
 39   42.272583    0.000137    0.000015    0.046916   -0.020229   -0.032606
 40   29.239342  106.746635    1.740839    0.008707   -0.019249    1.297816
 41   42.375046    0.000008   -0.000004    0.001394    0.008958    0.077927
 42   42.546112   -0.000004   -0.000001    0.000509    0.004676    0.049918
 43   42.234482   -0.000008   -0.000004   -0.000842   -0.000042   -0.137102
 44   42.465088   -0.000004   -0.000008   -0.000789   -0.000263   -0.166333
 45   42.458069   -0.000015   -0.000006   -0.000111    0.000065   -0.027968
 46   42.267883    0.000008    0.000000    0.000314   -0.000175    0.072325
 47   42.505890   -0.000008    0.000006    0.000240   -0.000103    0.048872
 48   42.233154    0.000015   -0.000013    0.000244   -0.000085    0.045989
 49   42.352264    0.000015   -0.000000    0.000463   -0.000124    0.076932
 50   42.391693    0.000000   -0.000004    0.000880   -0.000143    0.125627
 51   42.497620   -0.000015   -0.000013    0.000669   -0.000021    0.083692
 52   42.272705    0.000015   -0.000004    0.000002    0.000000    0.000000
 53   29.239338   50.706913  -91.389084   -0.189312    0.547584    2.001963
 54   42.375084   -0.000010    0.000000   -0.502801    0.312440   -0.696787
 55   42.546051    0.000015   -0.000001   -0.353821    0.469735   -0.483239
 56   42.234535   -0.000038   -0.000023   -0.057729    0.149724   -0.081673
 57   42.464966    0.000015    0.000008   -0.010650   -0.043168    0.041606
 58   42.458084    0.000008    0.000000   -0.041091   -0.614980    0.552308
 59   42.267975   -0.000114   -0.000004   -0.050858   -0.601048    0.764668
 60   42.505905    0.000061    0.000000    0.025512   -0.140288    0.088947
 61   42.233154   -0.000092    0.000000    0.057741   -0.240770    0.200898
 62   42.352196    0.000031    0.000000    0.012808   -0.105818   -0.056856
 63   42.391693    0.000000    0.000000   -0.346639    0.073800   -0.619714
 64   42.497589    0.000019   -0.000015   -0.262057    0.115267   -0.281540
 65   42.272644    0.000008   -0.000031   -0.146835    0.089474   -0.127967
 66   29.239319  -56.044853  -91.389015   -0.588733    0.650856   -1.210532
 67   42.375099   -0.000004   -0.000015    0.182779   -0.263212    0.293250
 68   42.546097   -0.000004    0.000019    0.097530   -0.203825    0.341173
 69   42.234436    0.000015    0.000015   -0.005147    0.090909   -0.162498
 70   42.465027   -0.000015   -0.000008   -0.192154    0.268136   -0.523801
 71   42.458099    0.000046   -0.000023   -0.063692    0.139168   -0.199903
 72   42.267853   -0.000069   -0.000023   -0.109861    0.156018   -0.273837
 73   42.505920    0.000076   -0.000023   -0.371894    0.435048   -0.624633
 74   42.233124    0.000015   -0.000031   -0.081425    0.187595   -0.173274
 75   42.352150   -0.000046    0.000000    0.059575   -0.283912    0.063746
 76   42.391785    0.000015    0.000015    0.240444   -0.552151    0.230084
 77   42.497559    0.000000    0.000023    0.169819   -0.212117    0.145529
 78   42.272675   -0.000015   -0.000008    0.120622   -0.115516    0.114322
 79   29.239319 -106.786278    1.740901   -0.008678    0.038063   -0.983179
 80   42.375069    0.000004   -0.000002   -0.023888   -0.023042    0.627621
 81   42.546051    0.000015    0.000004   -0.000259   -0.004291    0.022912
 82   42.234505   -0.000031   -0.000008    0.002370    0.005483   -0.326622
 83   42.465088    0.000023   -0.000003    0.002366    0.002860   -0.238261
 84   42.458069   -0.000031    0.000001    0.003022    0.002246   -0.298437
 85   42.267944    0.000015   -0.000004    0.003390    0.001584   -0.379255
 86   42.505920   -0.000015    0.000015    0.001509    0.000115   -0.199146
 87   42.233063    0.000015   -0.000010    0.001429   -0.000236   -0.254820
 88   42.352234    0.000000    0.000003    0.000924   -0.001170   -0.524939
 89   42.391739   -0.000031   -0.000005   -0.001466   -0.001181   -0.412384
 90   42.497574   -0.000031   -0.000021   -0.001668   -0.000280   -0.230457
 91   42.272552    0.000000    0.000021   -0.001145    0.000059   -0.128576
time 14
  0    0.000000    0.000000    0.000000    0.000000   -0.000000    0.000000
  1    0.000000    0.000000    0.000000    0.000000   -0.000000    0.000000
  2    0.000000    0.000000  -12.381479    0.783171   -1.575728    0.785390
  3   50.309200   -0.435479    0.000004   -0.000017   -0.199896    0.014098
  4   30.891541   -0.000011    0.000000   -0.001068   -0.215946   -0.013623
  5   34.635590    0.000007   -0.000002   -0.001004   -0.215940    0.000679
  6   30.584282    0.000018   -0.000008   -0.000947   -0.454210    0.001082
  7   31.520180    0.000000    0.000008   -0.000516   -0.432122    0.001195
  8   34.241196  -28.000021  -41.878006    0.993191   -0.406020    0.271333
  9   34.241127   23.441793  -41.878113   -0.993196   -0.406021   -0.271327
 10   35.246704  -52.543068    1.319138   -0.000000    0.000000    0.503970
 11   35.246536   52.726299    1.318924   -0.000000   -0.000000   -0.503967
 12   34.830009  -24.891918   45.588593   -0.991415    0.413116    0.259445
 13   34.885765   27.636581   43.767807    0.991410    0.413115   -0.259444
 14   29.239313  -51.573341   94.292953    0.874597   -0.637522   -1.534934
 15   42.375076    0.000004   -0.000008   -0.107155   -0.026620    0.070953
 16   42.546097    0.000027   -0.000004   -0.059636   -0.070203    0.086974
 17   42.234482    0.000000   -0.000008   -0.052909    0.144566   -0.057659
 18   42.464996    0.000019    0.000004   -0.072872    0.181082   -0.015573
 19   42.458069   -0.000057   -0.000023    0.002048    0.022739   -0.070698
 20   42.267914    0.000027    0.000008    0.166742   -0.108103   -0.224325
 21   42.505920    0.000000    0.000015    0.223675   -0.169692   -0.238436
 22   42.233154   -0.000031    0.000008   -0.015058    0.091155   -0.037368
 23   42.352203    0.000046    0.000010   -0.176171    0.224525    0.050948
 24   42.391754   -0.000076   -0.000008   -0.098463    0.100322    0.021628
 25   42.497498    0.000061   -0.000015   -0.084203    0.073916    0.022390
 26   42.272736    0.000046    0.000015   -0.062958    0.047981    0.019105
 27   29.239332   55.382610   92.214958    1.127767   -0.713847    0.959141
 28   42.375061    0.000004   -0.000006    0.013009    0.156489    0.081841
 29   42.546066   -0.000010    0.000011    0.007790    0.096735    0.047733
 30   42.234467    0.000069    0.000004    0.015654    0.073718   -0.027960
 31   42.465057   -0.000027    0.000015    0.023767    0.023451   -0.036448
 32   42.458099    0.000015   -0.000011   -0.047254    0.138575    0.069411
 33   42.267883   -0.000023    0.000008   -0.197908    0.364148    0.314414
 34   42.506073    0.000107    0.000031   -0.110426    0.161698    0.139855
 35   42.233093    0.000000    0.000015    0.225500   -0.037224   -0.370780
 36   42.352203   -0.000107    0.000000    0.196384   -0.062214   -0.206163
 37   42.391602    0.000061    0.000000    0.119663   -0.043830   -0.100647
 38   42.497681    0.000015   -0.000015    0.089112   -0.039382   -0.067454
 39   42.272614    0.000122    0.000015    0.041298   -0.019918   -0.028094
 40   29.239346  106.746613    1.740839    0.002279   -0.003902    1.332953
 41   42.375053   -0.000004   -0.000003    0.000202    0.001556    0.059501
 42   42.546112    0.000008   -0.000000    0.000108    0.000903    0.047499
 43   42.234451   -0.000004   -0.000002   -0.000106    0.000147   -0.064455
 44   42.465073    0.000004   -0.000006   -0.000097   -0.000009   -0.074507
 45   42.458099    0.000015   -0.000003   -0.000061    0.000092   -0.053587
 46   42.267883   -0.000019    0.000002   -0.000062    0.000122   -0.068499
 47   42.505951    0.000008    0.000005   -0.000038    0.000104   -0.056963
 48   42.233154   -0.000023   -0.000011   -0.000038    0.000173   -0.092438
 49   42.352264   -0.000015    0.000003    0.000010    0.000298   -0.157510
 50   42.391693   -0.000015   -0.000003    0.000129    0.000327   -0.175873
 51   42.497681    0.000031   -0.000011    0.000204    0.000248   -0.145455
 52   42.272766    0.000031   -0.000002    0.000070    0.000057   -0.037887
 53   29.239336   50.706898  -91.389107   -0.172140    0.556962    2.022609
 54   42.375076   -0.000010    0.000015   -0.481343    0.300067   -0.683986
 55   42.546059    0.000019   -0.000002   -0.375756    0.477045   -0.517591
 56   42.234520   -0.000061    0.000023   -0.064967    0.173235   -0.099542
 57   42.465019    0.000038   -0.000031   -0.013552   -0.025467    0.030129
 58   42.458038    0.000038    0.000000   -0.024726   -0.529356    0.451599
 59   42.267975   -0.000114    0.000023   -0.121748   -0.685723    0.889987
 60   42.505936    0.000092   -0.000031    0.026032   -0.156888    0.125514
 61   42.233200   -0.000092   -0.000046    0.051312   -0.233582    0.178219
 62   42.352242    0.000031    0.000015    0.028384   -0.131125    0.025709
 63   42.391678    0.000061   -0.000015   -0.292017    0.062738   -0.597742
 64   42.497528    0.000069   -0.000061   -0.293260    0.122059   -0.337643
 65   42.272736    0.000031    0.000015   -0.157512    0.094418   -0.143439
 66   29.239317  -56.044868  -91.389046   -0.578044    0.632317   -1.211065
 67   42.375107    0.000010    0.000000    0.183080   -0.227800    0.267486
 68   42.546112   -0.000011    0.000004    0.104569   -0.195903    0.339828
 69   42.234451    0.000023    0.000000   -0.017302    0.102841   -0.189048
 70   42.465012   -0.000046    0.000008   -0.182375    0.250927   -0.482169
 71   42.458099    0.000023   -0.000008   -0.055234    0.121244   -0.177054
 72   42.267883   -0.000084   -0.000031   -0.109875    0.146321   -0.268503
 73   42.505951    0.000061   -0.000015   -0.377957    0.429083   -0.619619
 74   42.233116    0.000015   -0.000031   -0.076809    0.160623   -0.161586
 75   42.352196    0.000000    0.000000    0.088588   -0.357535    0.086185
 76   42.391800    0.000031   -0.000015    0.258251   -0.498705    0.214789
 77   42.497559    0.000031    0.000014    0.161942   -0.183639    0.132148
 78   42.272644    0.000000   -0.000015    0.113752   -0.101176    0.102880
 79   29.239311 -106.786217    1.740902   -0.002275    0.011977   -0.858665
 80   42.375092   -0.000015   -0.000004   -0.008038   -0.006222    0.683082
 81   42.546051   -0.000015    0.000004   -0.000204   -0.001201    0.047115
 82   42.234550    0.000015   -0.000006    0.000850    0.001168   -0.277577
 83   42.465088    0.000008   -0.000004    0.001400    0.001447   -0.432808
 84   42.458099    0.000031   -0.000002    0.001191    0.000373   -0.336809
 85   42.267914    0.000015   -0.000006    0.001148   -0.000049   -0.400940
 86   42.505920    0.000015    0.000014    0.000443   -0.000287   -0.228563
 87   42.233047    0.000000   -0.000010    0.000235   -0.000347   -0.208781
 88   42.352280    0.000000    0.000001    0.000001   -0.000823   -0.455030
 89   42.391693   -0.000061   -0.000006   -0.000924   -0.000813   -0.503944
 90   42.497604   -0.000031   -0.000021   -0.000936   -0.000151   -0.280633
 91   42.272491    0.000031    0.000021   -0.000613    0.000064   -0.158090
time 15
  0    0.000000    0.000000    0.000000    0.000000   -0.000000    0.000000
  1    0.000000    0.000000    0.000000    0.000000   -0.000000    0.000000
  2    0.000000    0.000000  -12.700001    0.785390   -1.573515    0.785390
  3   50.309212   -0.435479    0.000004   -0.000017   -0.199896    0.014098
  4   30.891541   -0.000011   -0.000000    0.000017   -0.216160   -0.014097
  5   34.635605    0.000007    0.000000   -0.000000   -0.216160   -0.000001
  6   30.584282    0.000018    0.000000   -0.000000   -0.454440    0.000001
  7   31.520180    0.000000    0.000008   -0.000000   -0.432338   -0.000001
  8   34.241188  -28.000036  -41.877991    0.993363   -0.405361    0.270876
  9   34.241119   23.441805  -41.878098   -0.993368   -0.405362   -0.270871
 10   35.246704  -52.543091    1.319138   -0.000000    0.000000    0.503187
 11   35.246544   52.726326    1.318924   -0.000000   -0.000000   -0.503184
 12   34.830025  -24.891930   45.588608   -0.991590    0.412458    0.258987
 13   34.885788   27.636591   43.767830    0.991585    0.412457   -0.258986
 14   29.239319  -51.573318   94.292969    0.881212   -0.643624   -1.539925
 15   42.375053    0.000000   -0.000010   -0.105591   -0.030224    0.066244
 16   42.546082    0.000023   -0.000004   -0.057618   -0.076069    0.080934
 17   42.234497    0.000019   -0.000015   -0.055786    0.152717   -0.051825
 18   42.464966    0.000032   -0.000023   -0.077486    0.189287   -0.007964
 19   42.458099   -0.000069   -0.000031   -0.001576    0.025900   -0.066329
 20   42.267975    0.000023   -0.000008    0.160278   -0.103012   -0.218926
 21   42.505890    0.000008    0.000011    0.223301   -0.167155   -0.239049
 22   42.233124   -0.000031   -0.000038   -0.008667    0.083042   -0.041327
 23   42.352264    0.000031    0.000000   -0.172213    0.221211    0.049201
 24   42.391754   -0.000076   -0.000015   -0.096981    0.099901    0.020642
 25   42.497437   -0.000031   -0.000031   -0.081972    0.073189    0.020914
 26   42.272919    0.000061   -0.000061   -0.062908    0.048815    0.018422
 27   29.239338   55.382656   92.214973    1.206505   -0.671787    0.862175
 28   42.375084    0.000008   -0.000004    0.012139    0.161668    0.089201
 29   42.546082   -0.000015   -0.000008    0.005380    0.101937    0.057199
 30   42.234436    0.000076    0.000008   -0.006455    0.112098    0.021186
 31   42.465027   -0.000038    0.000011    0.003512    0.055716   -0.005998
 32   42.458069    0.000019   -0.000015   -0.058568    0.156531    0.090108
 33   42.267822   -0.000015   -0.000031   -0.196280    0.375973    0.365992
 34   42.506073    0.000076    0.000061   -0.078688    0.130903    0.093636
 35   42.233078   -0.000031    0.000046    0.266603   -0.050286   -0.429071
 36   42.352173   -0.000065   -0.000031    0.191328   -0.067606   -0.198675
 37   42.391754    0.000061   -0.000015    0.120297   -0.050270   -0.099776
 38   42.497650    0.000031   -0.000015    0.086255   -0.042934   -0.064840
 39   42.272766    0.000107    0.000008    0.036658   -0.019628   -0.024725
 40   29.239349  106.746666    1.740857    0.000002    0.001381    1.372645
 41   42.375061    0.000000   -0.000000   -0.000037   -0.000662    0.026876
 42   42.546082    0.000000    0.000001   -0.000016   -0.000449    0.022129
 43   42.234451    0.000004   -0.000003    0.000003   -0.000028   -0.011672
 44   42.465103   -0.000008   -0.000005   -0.000005    0.000024    0.021060
 45   42.458069   -0.000004   -0.000003    0.000009    0.000068   -0.035648
 46   42.267944    0.000008    0.000003    0.000056    0.000316   -0.168802
 47   42.505920    0.000015    0.000005    0.000093    0.000260   -0.145565
 48   42.233093    0.000008   -0.000011    0.000134    0.000252   -0.149769
 49   42.352264   -0.000046    0.000005    0.000239    0.000322   -0.211489
 50   42.391663    0.000031   -0.000003    0.000287    0.000251   -0.200937
 51   42.497589    0.000000   -0.000011    0.000290    0.000166   -0.175441
 52   42.272705    0.000031    0.000000    0.000157    0.000056   -0.087223
 53   29.239334   50.706909  -91.389107   -0.155325    0.557187    2.041855
 54   42.375099   -0.000013   -0.000004   -0.457676    0.285465   -0.658419
 55   42.546082    0.000023    0.000011   -0.402222    0.485201   -0.552878
 56   42.234558   -0.000053   -0.000008   -0.073236    0.199503   -0.118079
 57   42.465012    0.000023    0.000000   -0.015317   -0.013502    0.022527
 58   42.458099    0.000031    0.000031   -0.015307   -0.452970    0.370150
 59   42.267975   -0.000107    0.000008   -0.174603   -0.738633    0.965648
 60   42.505936    0.000092    0.000031    0.028120   -0.180498    0.163182
 61   42.233109   -0.000061    0.000000    0.049549   -0.235096    0.174106
 62   42.352264    0.000000    0.000046    0.035318   -0.148825    0.079928
 63   42.391701    0.000031    0.000015   -0.245876    0.051587   -0.560580
 64   42.497467    0.000061   -0.000031   -0.315188    0.123096   -0.383745
 65   42.272766    0.000011    0.000031   -0.167098    0.097388   -0.156899
 66   29.239323  -56.044899  -91.389076   -0.601802    0.630537   -1.241577
 67   42.375099    0.000011    0.000000    0.182977   -0.210335    0.246650
 68   42.546097    0.000002    0.000034    0.111335   -0.195454    0.335295
 69   42.234467    0.000046   -0.000031   -0.027411    0.110880   -0.204549
 70   42.464981   -0.000042    0.000004   -0.166975    0.235145   -0.431813
 71   42.458160    0.000008    0.000008   -0.048600    0.108821   -0.160606
 72   42.267914   -0.000069   -0.000015   -0.109932    0.139750   -0.265914
 73   42.505890    0.000031    0.000000   -0.379167    0.423132   -0.611053
 74   42.233177    0.000031   -0.000031   -0.069685    0.127068   -0.148108
 75   42.352158    0.000000    0.000000    0.123134   -0.425388    0.107856
 76   42.391815   -0.000046   -0.000046    0.260335   -0.432699    0.195580
 77   42.497559    0.000031   -0.000019    0.152498   -0.160388    0.119188
 78   42.272705    0.000038   -0.000046    0.106521   -0.089743    0.092027
 79   29.239317 -106.786255    1.740884   -0.000002    0.002728   -0.754643
 80   42.375099    0.000008   -0.000004   -0.001616   -0.000197    0.633723
 81   42.546059    0.000015    0.000003   -0.000084   -0.000143    0.042123
 82   42.234505   -0.000046   -0.000005    0.000407   -0.000034   -0.221069
 83   42.465118    0.000000   -0.000003    0.000845   -0.000223   -0.495167
 84   42.458069    0.000000   -0.000003    0.000483   -0.000491   -0.368884
 85   42.267929    0.000015   -0.000007    0.000311   -0.000718   -0.422258
 86   42.506027    0.000015    0.000014   -0.000008   -0.000529   -0.279930
 87   42.233139    0.000061   -0.000010   -0.000133   -0.000438   -0.241755
 88   42.352325   -0.000031   -0.000001   -0.000437   -0.000735   -0.464036
 89   42.391724    0.000000   -0.000006   -0.000662   -0.000425   -0.423984
 90   42.497532   -0.000031   -0.000017   -0.000449   -0.000065   -0.239307
 91   42.272530   -0.000031    0.000019   -0.000269    0.000025   -0.141821
time 16
  0    0.000000    0.000000    0.000000    0.000000   -0.000000    0.000000
  1    0.000000    0.000000    0.000000    0.000000   -0.000000    0.000000
  2    0.000000    0.000000  -11.450001    0.783748   -1.575177    0.785403
  3   50.309212   -0.435479    0.000004   -0.000017   -0.199896    0.014098
  4   30.891541   -0.000011    0.000003   -0.000794   -0.216000   -0.013743
  5   34.635605    0.000007    0.000004   -0.000750   -0.215995    0.000507
  6   30.584290    0.000018    0.000008   -0.000707   -0.454268    0.000809
  7   31.520195   -0.000000   -0.000008   -0.000386   -0.432177    0.000892
  8   34.241203  -28.000034  -41.878006    0.993235   -0.405853    0.271217
  9   34.241135   23.441801  -41.878098   -0.993239   -0.405854   -0.271212
 10   35.246704  -52.543087    1.319138   -0.000000   -0.000000    0.503772
 11   35.246536   52.726322    1.318924   -0.000000   -0.000000   -0.503769
 12   34.830017  -24.891930   45.588608   -0.991459    0.412950    0.259329
 13   34.885780   27.636591   43.767822    0.991454    0.412949   -0.259328
 14   29.239319  -51.573357   94.293015    0.878913   -0.642678   -1.538949
 15   42.375046    0.000004    0.000004   -0.109194   -0.021514    0.073492
 16   42.546097    0.000027    0.000000   -0.059186   -0.064180    0.080235
 17   42.234467    0.000027   -0.000002   -0.057662    0.151489   -0.037870
 18   42.465012   -0.000006   -0.000008   -0.078881    0.187244    0.005000
 19   42.458069   -0.000063    0.000015   -0.004021    0.029257   -0.064895
 20   42.267975    0.000023    0.000023    0.151478   -0.089846   -0.217779
 21   42.505951    0.000000    0.000008    0.195348   -0.128602   -0.217914
 22   42.233215   -0.000031    0.000008    0.013616    0.058457   -0.057864
 23   42.352325    0.000000    0.000000   -0.101175    0.149372    0.009967
 24   42.391693   -0.000046    0.000008   -0.044596    0.068116   -0.012388
 25   42.497589    0.000031    0.000038   -0.037997    0.054063   -0.008558
 26   42.272797    0.000061    0.000000   -0.027718    0.034882   -0.004175
 27   29.239334   55.382633   92.215027    1.269707   -0.642964    0.782481
 28   42.375069    0.000011    0.000002    0.015702    0.159619    0.082984
 29   42.546097   -0.000011   -0.000002    0.009212    0.097221    0.049807
 30   42.234467    0.000092    0.000015   -0.024511    0.152045    0.069032
 31   42.465073   -0.000038    0.000015   -0.025455    0.106524    0.044459
 32   42.458038    0.000008   -0.000015   -0.068386    0.174738    0.114832
 33   42.267914   -0.000004    0.000046   -0.181213    0.372108    0.406200
 34   42.506012    0.000092    0.000000   -0.048185    0.104271    0.040806
 35   42.233093   -0.000031    0.000046    0.297671   -0.063650   -0.479450
 36   42.352234   -0.000101    0.000046    0.187573   -0.074388   -0.194900
 37   42.391632    0.000061    0.000000    0.119488   -0.056282   -0.099075
 38   42.497681    0.000000    0.000008    0.081305   -0.045156   -0.061438
 39   42.272644    0.000122    0.000023    0.026510   -0.015249   -0.017587
 40   29.239349  106.746658    1.740843    0.001703   -0.002757    1.434539
 41   42.375069    0.000006   -0.000005   -0.000091    0.000904   -0.024221
 42   42.546143   -0.000002   -0.000000   -0.000053    0.000689   -0.024780
 43   42.234482    0.000000   -0.000004    0.000011    0.000102    0.012507
 44   42.465088   -0.000004   -0.000007    0.000084   -0.000241    0.078759
 45   42.458099   -0.000010   -0.000003    0.000003   -0.000002    0.001135
 46   42.267914    0.000004    0.000002   -0.000211    0.000270   -0.173749
 47   42.505951    0.000015    0.000004   -0.000107    0.000283   -0.162743
 48   42.233154    0.000008   -0.000013   -0.000017    0.000280   -0.153361
 49   42.352264    0.000046    0.000002    0.000104    0.000390   -0.215090
 50   42.391663    0.000031   -0.000002    0.000253    0.000347   -0.208023
 51   42.497559    0.000031   -0.000011    0.000338    0.000252   -0.181843
 52   42.272644    0.000031    0.000002    0.000198    0.000088   -0.085599
 53   29.239326   50.706917  -91.389091   -0.131655    0.546885    2.067766
 54   42.375092   -0.000004   -0.000004   -0.426548    0.264354   -0.615440
 55   42.546097    0.000046    0.000009   -0.442639    0.495737   -0.601073
 56   42.234528   -0.000046    0.000000   -0.084029    0.231942   -0.139173
 57   42.465027    0.000046    0.000015   -0.015834   -0.008829    0.020357
 58   42.458099    0.000038   -0.000015   -0.016996   -0.444957    0.359696
 59   42.268005   -0.000103    0.000023   -0.162468   -0.736678    0.935895
 60   42.505905    0.000107   -0.000031    0.031324   -0.187712    0.163731
 61   42.233170   -0.000061   -0.000031    0.053911   -0.246839    0.195056
 62   42.352249    0.000000    0.000000    0.030262   -0.134015    0.036108
 63   42.391685    0.000031   -0.000061   -0.261917    0.060508   -0.555848
 64   42.497589    0.000046    0.000000   -0.255574    0.104107   -0.313589
 65   42.272797    0.000019   -0.000015   -0.146293    0.081474   -0.142354
 66   29.239315  -56.044880  -91.389046   -0.676444    0.645644   -1.319916
 67   42.375107    0.000008   -0.000006    0.186116   -0.216659    0.236129
 68   42.546127   -0.000017    0.000011    0.118313   -0.206980    0.333477
 69   42.234467    0.000008    0.000015   -0.034457    0.115872   -0.209358
 70   42.465012   -0.000034    0.000004   -0.148898    0.221364   -0.379406
 71   42.458130    0.000053   -0.000015   -0.042640    0.099656   -0.147475
 72   42.267853   -0.000046   -0.000015   -0.110315    0.136161   -0.266147
 73   42.506012    0.000137   -0.000031   -0.375100    0.416946   -0.597924
 74   42.233147    0.000046    0.000000   -0.059033    0.084451   -0.131798
 75   42.352188    0.000031   -0.000031    0.160864   -0.480195    0.127077
 76   42.391785    0.000031   -0.000015    0.247762   -0.362492    0.173139
 77   42.497559    0.000076    0.000000    0.141474   -0.140745    0.105995
 78   42.272736    0.000053   -0.000008    0.099128   -0.080607    0.081674
 79   29.239304 -106.786285    1.740899   -0.001700    0.009892   -0.684152
 80   42.375076    0.000008   -0.000004   -0.005412   -0.005625    0.551544
 81   42.546043   -0.000038    0.000004   -0.000056   -0.000712    0.017336
 82   42.234497    0.000008   -0.000006    0.000678    0.000745   -0.243697
 83   42.465057    0.000015   -0.000002    0.001317    0.001179   -0.479579
 84   42.458038    0.000023   -0.000002    0.001094    0.000177   -0.375402
 85   42.267883    0.000000   -0.000006    0.001206   -0.000366   -0.606539
 86   42.505920    0.000000    0.000015    0.000201   -0.000686   -0.406165
 87   42.233078    0.000000   -0.000013   -0.000150   -0.000368   -0.207112
 88   42.352257   -0.000031    0.000002   -0.000329   -0.000363   -0.228242
 89   42.391747   -0.000031   -0.000008   -0.000442   -0.000255   -0.207451
 90   42.497543   -0.000031   -0.000017   -0.000428   -0.000122   -0.161398
 91   42.272514    0.000000    0.000019   -0.000239   -0.000027   -0.080858
time 17
  0    0.000000    0.000000    0.000000    0.000000   -0.000000    0.000000
  1    0.000000    0.000000    0.000000    0.000000   -0.000000    0.000000
  2    0.000000    0.000000   -9.366668    0.776920   -1.581979    0.785396
  3   50.309216   -0.435479    0.000004   -0.000017   -0.199896    0.014098
  4   30.891537   -0.000011    0.000000   -0.004123   -0.215346   -0.012288
  5   34.635597    0.000006    0.000000   -0.003827   -0.215321    0.002593
  6   30.584282    0.000017    0.000000   -0.003610   -0.453562    0.004127
  7   31.520187   -0.000002   -0.000008   -0.001967   -0.431515    0.004562
  8   34.241188  -28.000038  -41.878006    0.992709   -0.407874    0.272617
  9   34.241119   23.441803  -41.878098   -0.992714   -0.407875   -0.272612
 10   35.246704  -52.543095    1.319153   -0.000000   -0.000000    0.506172
 11   35.246536   52.726326    1.318924   -0.000000   -0.000000   -0.506169
 12   34.830017  -24.891933   45.588615   -0.990921    0.414968    0.260737
 13   34.885765   27.636589   43.767830    0.990916    0.414967   -0.260736
 14   29.239323  -51.573338   94.292946    0.855392   -0.629662   -1.520101
 15   42.375107   -0.000004   -0.000010   -0.117095   -0.002685    0.091914
 16   42.546097    0.000050    0.000008   -0.063125   -0.041484    0.083662
 17   42.234451    0.000017    0.000000   -0.059069    0.142004   -0.016498
 18   42.464981    0.000000   -0.000008   -0.080168    0.180277    0.027558
 19   42.458130   -0.000050    0.000015   -0.003173    0.031060   -0.069243
 20   42.267914    0.000046    0.000000    0.145470   -0.073574   -0.224478
 21   42.505951    0.000031    0.000015    0.153213   -0.078707   -0.184566
 22   42.233154    0.000000   -0.000011    0.076780    0.001288   -0.105262
 23   42.352264    0.000031    0.000000    0.032321    0.033419   -0.071458
 24   42.391632   -0.000031    0.000015    0.049666    0.002306   -0.067826
 25   42.497528    0.000031    0.000010    0.049217   -0.001040   -0.056630
 26   42.272797    0.000061   -0.000002    0.029110   -0.002115   -0.031296
 27   29.239338   55.382629   92.214951    1.335061   -0.622562    0.698007
 28   42.375076   -0.000008    0.000004    0.021979    0.158849    0.072018
 29   42.546127    0.000000    0.000008    0.016342    0.089435    0.033011
 30   42.234467    0.000076   -0.000015   -0.033226    0.183826    0.104085
 31   42.465027   -0.000050   -0.000023   -0.057479    0.177452    0.113922
 32   42.458038   -0.000008   -0.000015   -0.074172    0.192004    0.142000
 33   42.267914   -0.000038    0.000015   -0.155947    0.356228    0.426291
 34   42.506058    0.000046    0.000015   -0.027686    0.086867    0.001926
 35   42.233124    0.000000   -0.000015    0.317066   -0.078609   -0.524332
 36   42.352203   -0.000071   -0.000031    0.187894   -0.083775   -0.198341
 37   42.391693    0.000053    0.000015    0.118138   -0.062325   -0.099347
 38   42.497620    0.000061   -0.000038    0.077371   -0.047732   -0.059515
 39   42.272675    0.000107   -0.000008    0.024545   -0.015447   -0.016492
 40   29.239349  106.746635    1.740840    0.008707   -0.019226    1.497638
 41   42.375061    0.000001   -0.000004   -0.001511    0.005874   -0.073025
 42   42.546097   -0.000002   -0.000003   -0.001011    0.005057   -0.078319
 43   42.234467    0.000004   -0.000004    0.000096    0.001263    0.015675
 44   42.465057    0.000000   -0.000008    0.000679   -0.001004    0.109492
 45   42.458130    0.000000   -0.000006    0.000266   -0.000024    0.033465
 46   42.267944   -0.000002   -0.000000   -0.000811   -0.000007   -0.109175
 47   42.505920   -0.000008    0.000005   -0.000629    0.000070   -0.095409
 48   42.233215   -0.000011   -0.000014   -0.000715    0.000176   -0.128424
 49   42.352295   -0.000008   -0.000000   -0.000829    0.000448   -0.217456
 50   42.391663    0.000015   -0.000005   -0.000300    0.000574   -0.202389
 51   42.497650    0.000000   -0.000011    0.000112    0.000512   -0.165842
 52   42.272797    0.000031   -0.000001    0.000121    0.000166   -0.056540
 53   29.239338   50.706913  -91.389099   -0.119556    0.528748    2.079103
 54   42.375084   -0.000023    0.000000   -0.384264    0.237512   -0.544954
 55   42.546051    0.000031    0.000004   -0.487748    0.501545   -0.647253
 56   42.234543   -0.000015   -0.000008   -0.099241    0.274184   -0.164118
 57   42.465027    0.000038   -0.000015   -0.014517   -0.017320    0.027725
 58   42.458084    0.000046    0.000015   -0.034465   -0.537765    0.449093
 59   42.267975   -0.000107    0.000008   -0.062560   -0.646085    0.755390
 60   42.505951    0.000092    0.000031    0.034878   -0.169133    0.108245
 61   42.233185   -0.000092    0.000000    0.069192   -0.257024    0.227437
 62   42.352280    0.000000    0.000015   -0.023270   -0.065767   -0.169993
 63   42.391739    0.000015    0.000000   -0.248265    0.070894   -0.426339
 64   42.497559    0.000015   -0.000015   -0.125365    0.047287   -0.160211
 65   42.272766   -0.000034    0.000000   -0.091391    0.042181   -0.098079
 66   29.239319  -56.044876  -91.389030   -0.797240    0.674613   -1.438828
 67   42.375107    0.000000    0.000010    0.189750   -0.239149    0.226232
 68   42.546112    0.000006    0.000019    0.125154   -0.232726    0.332673
 69   42.234482    0.000015    0.000015   -0.034445    0.114719   -0.196481
 70   42.465057   -0.000034    0.000011   -0.130868    0.211462   -0.331815
 71   42.458130    0.000038   -0.000004   -0.036477    0.093098   -0.135723
 72   42.267914   -0.000061    0.000000   -0.107798    0.133108   -0.264116
 73   42.505981    0.000076    0.000000   -0.364671    0.408215   -0.580283
 74   42.233154    0.000061   -0.000031   -0.047882    0.041218   -0.117897
 75   42.352203   -0.000061    0.000061    0.194002   -0.511424    0.139416
 76   42.391754    0.000046    0.000000    0.224914   -0.299864    0.148739
 77   42.497528    0.000046    0.000015    0.129821   -0.125374    0.092975
 78   42.272675    0.000031    0.000000    0.091846   -0.073869    0.071899
 79   29.239315 -106.786285    1.740902   -0.008678    0.039213   -0.640989
 80   42.375076    0.000000   -0.000002   -0.019442   -0.028238    0.492150
 81   42.546043   -0.000031    0.000005    0.000111   -0.002368   -0.007026
 82   42.234497   -0.000023   -0.000005    0.001887    0.004640   -0.280285
 83   42.465073    0.000008   -0.000003    0.003558    0.006486   -0.464115
 84   42.458069    0.000008    0.000000    0.004169    0.003295   -0.447998
 85   42.267914    0.000015   -0.000003    0.004555    0.002236   -0.983278
 86   42.505989    0.000000    0.000017   -0.000296   -0.001082   -0.360386
 87   42.233032    0.000000   -0.000011    0.000004   -0.000002   -0.000818
 88   42.352318    0.000000   -0.000001    0.000444    0.000418    0.163091
 89   42.391739    0.000061   -0.000004    0.000108    0.000285    0.095758
 90   42.497604    0.000031   -0.000020    0.000004    0.000293    0.094919
 91   42.272522    0.000000    0.000024   -0.000041    0.000143    0.046720
time 18
  0    0.000000    0.000000    0.000000    0.000000   -0.000000    0.000000
  1    0.000000    0.000000    0.000000    0.000000   -0.000000    0.000000
  2    0.000000    0.000000   -7.700002    0.764364   -1.594533    0.785400
  3   50.309216   -0.435479    0.000004   -0.000017   -0.199896    0.014098
  4   30.891541   -0.000011    0.000000   -0.010248   -0.214142   -0.009611
  5   34.635590    0.000006    0.000000   -0.009490   -0.214081    0.006431
  6   30.584297    0.000017    0.000004   -0.008950   -0.452265    0.010232
  7   31.520187   -0.000001   -0.000008   -0.004877   -0.430297    0.011314
  8   34.241196  -28.000032  -41.878021    0.991742   -0.411592    0.275192
  9   34.241119   23.441803  -41.878098   -0.991747   -0.411593   -0.275187
 10   35.246704  -52.543083    1.319138   -0.000000   -0.000000    0.510590
 11   35.246536   52.726311    1.318924   -0.000000   -0.000000   -0.510587
 12   34.830025  -24.891924   45.588608   -0.989931    0.418683    0.263326
 13   34.885780   27.636583   43.767822    0.989927    0.418682   -0.263325
 14   29.239323  -51.573349   94.292938    0.797663   -0.597627   -1.470737
 15   42.375084    0.000000   -0.000013   -0.125077    0.013388    0.113157
 16   42.546112    0.000042    0.000013   -0.066362   -0.024067    0.087258
 17   42.234482    0.000013    0.000000   -0.059306    0.125106    0.004543
 18   42.465012    0.000011   -0.000015   -0.080492    0.166859    0.054995
 19   42.458099   -0.000046   -0.000008    0.000731    0.030117   -0.078191
 20   42.268005    0.000027    0.000023    0.139684   -0.055165   -0.233767
 21   42.505890    0.000031    0.000015    0.125487   -0.047033   -0.162977
 22   42.233154   -0.000046   -0.000027    0.168222   -0.065071   -0.178165
 23   42.352295    0.000031    0.000015    0.177685   -0.091779   -0.167011
 24   42.391785   -0.000092    0.000008    0.129417   -0.090659   -0.112025
 25   42.497498    0.000000   -0.000015    0.098853   -0.082417   -0.079180
 26   42.272827    0.000031    0.000015    0.043789   -0.043299   -0.034199
 27   29.239338   55.382626   92.214981    1.415740   -0.598981    0.589331
 28   42.375084   -0.000004    0.000011    0.029962    0.165215    0.064065
 29   42.546112   -0.000023    0.000008    0.023095    0.087943    0.016198
 30   42.234482    0.000088   -0.000008   -0.030205    0.196787    0.116673
 31   42.465042   -0.000038   -0.000023   -0.082500    0.266888    0.196045
 32   42.458054    0.000008    0.000015   -0.075335    0.210877    0.171891
 33   42.267883   -0.000015    0.000015   -0.125891    0.333586    0.418479
 34   42.506012    0.000076    0.000046   -0.025219    0.085140    0.007254
 35   42.233078   -0.000046    0.000015    0.321652   -0.094856   -0.567400
 36   42.352203   -0.000084    0.000000    0.197091   -0.097943   -0.215720
 37   42.391724    0.000046   -0.000015    0.117861   -0.069267   -0.102121
 38   42.497589    0.000031   -0.000031    0.076171   -0.052063   -0.060437
 39   42.272614    0.000137   -0.000015    0.024484   -0.016984   -0.016949
 40   29.239346  106.746643    1.740830    0.021694   -0.048887    1.538466
 41   42.375084    0.000002   -0.000006   -0.005354    0.012924   -0.105305
 42   42.546112   -0.000008   -0.000002   -0.004148    0.012622   -0.125912
 43   42.234482   -0.000008   -0.000002    0.000091    0.004301    0.007283
 44   42.465134    0.000000   -0.000006    0.002096   -0.002453    0.139210
 45   42.458069   -0.000002   -0.000003    0.001280    0.000021    0.064868
 46   42.267944   -0.000004    0.000004   -0.000638   -0.000109   -0.032714
 47   42.505920    0.000002    0.000004   -0.000068   -0.000010   -0.003453
 48   42.233215   -0.000002   -0.000011   -0.001543   -0.000214   -0.081870
 49   42.352295   -0.000008    0.000000   -0.003215   -0.000215   -0.204054
 50   42.391693    0.000008   -0.000005   -0.002050    0.000382   -0.176519
 51   42.497620    0.000031   -0.000011   -0.001116    0.000607   -0.145344
 52   42.272675   -0.000031   -0.000001   -0.000244    0.000262   -0.049779
 53   29.239326   50.706921  -91.389099   -0.133123    0.506483    2.059787
 54   42.375092    0.000000   -0.000031   -0.334635    0.208143   -0.451994
 55   42.546066    0.000034    0.000008   -0.515658    0.494085   -0.660692
 56   42.234528   -0.000023   -0.000015   -0.121116    0.326769   -0.192585
 57   42.465012    0.000038   -0.000015   -0.009747   -0.059199    0.056467
 58   42.458084    0.000031    0.000000   -0.057160   -0.651336    0.569417
 59   42.268005   -0.000111    0.000015    0.044667   -0.439063    0.457519
 60   42.505890    0.000092   -0.000031    0.040619   -0.157374    0.070318
 61   42.233170   -0.000076   -0.000061    0.082740   -0.215082    0.143853
 62   42.352280   -0.000031   -0.000015   -0.068814   -0.031476   -0.227927
 63   42.391724    0.000031    0.000000   -0.076031    0.000273   -0.140615
 64   42.497589   -0.000008   -0.000046   -0.038327   -0.005494   -0.067605
 65   42.272675    0.000004   -0.000076   -0.029306   -0.001957   -0.045896
 66   29.239321  -56.044876  -91.389046   -0.944499    0.711524   -1.578147
 67   42.375107   -0.000004   -0.000015    0.189137   -0.263137    0.206338
 68   42.546097   -0.000006    0.000023    0.130437   -0.269213    0.326091
 69   42.234451    0.000031   -0.000008   -0.024591    0.103338   -0.162800
 70   42.465042   -0.000050    0.000000   -0.114618    0.206452   -0.292335
 71   42.458099    0.000011    0.000008   -0.029463    0.088455   -0.123551
 72   42.267944   -0.000084   -0.000011   -0.099294    0.127559   -0.254626
 73   42.505890    0.000061   -0.000015   -0.348572    0.395984   -0.560163
 74   42.233124   -0.000031    0.000031   -0.040047    0.008484   -0.111601
 75   42.352219   -0.000046   -0.000031    0.214934   -0.517290    0.141964
 76   42.391754    0.000031   -0.000027    0.199435   -0.252739    0.125135
 77   42.497620    0.000061   -0.000015    0.118327   -0.114185    0.080414
 78   42.272675    0.000000   -0.000031    0.084881   -0.069341    0.062687
 79   29.239311 -106.786263    1.740911   -0.021543    0.093677   -0.616999
 80   42.375069    0.000000   -0.000003   -0.041778   -0.071222    0.440727
 81   42.546036    0.000023    0.000004    0.000691   -0.004323   -0.027185
 82   42.234497    0.000023   -0.000005    0.004549    0.013310   -0.321520
 83   42.465027    0.000008   -0.000001    0.008097    0.015003   -0.449550
 84   42.458099    0.000000    0.000001    0.011556    0.010931   -0.606526
 85   42.267944   -0.000015   -0.000006    0.007175    0.003726   -1.091467
 86   42.505951    0.000000    0.000013   -0.001639   -0.001118   -0.214885
 87   42.233109   -0.000031   -0.000012    0.000266    0.000081    0.023157
 88   42.352303    0.000000    0.000002    0.001859    0.000895    0.241528
 89   42.391747   -0.000092   -0.000005   -0.000062    0.002098    0.391879
 90   42.497528   -0.000031   -0.000020   -0.003649    0.001775    0.361350
 91   42.272461   -0.000008    0.000018   -0.004623    0.000266    0.258698
time 19
  0    0.000000    0.000000    0.000000    0.000000   -0.000000    0.000000
  1    0.000000    0.000000    0.000000    0.000000   -0.000000    0.000000
  2    0.000000    0.000000   -6.033335    0.749115   -1.609779    0.785398
  3   50.309208   -0.435479    0.000004   -0.000017   -0.199896    0.014098
  4   30.891541   -0.000010    0.000000   -0.017692   -0.212678   -0.006358
  5   34.635597    0.000007    0.000002   -0.016372   -0.212573    0.011094
  6   30.584290    0.000018   -0.000004   -0.015440   -0.450687    0.017651
  7   31.520187    0.000001    0.000000   -0.008413   -0.428818    0.019519
  8   34.241188  -28.000029  -41.878006    0.990566   -0.416110    0.278322
  9   34.241119   23.441797  -41.878098   -0.990571   -0.416111   -0.278317
 10   35.246689  -52.543076    1.319138   -0.000000   -0.000000    0.515958
 11   35.246544   52.726307    1.318939   -0.000000   -0.000000   -0.515955
 12   34.830032  -24.891920   45.588623   -0.988729    0.423196    0.266473
 13   34.885773   27.636587   43.767822    0.988724    0.423195   -0.266472
 14   29.239321  -51.573349   94.292953    0.723479   -0.554205   -1.407988
 15   42.375069    0.000000    0.000000   -0.135741    0.031485    0.135636
 16   42.546097    0.000019    0.000004   -0.070551   -0.008186    0.091916
 17   42.234467    0.000011   -0.000008   -0.058991    0.102755    0.025299
 18   42.464996    0.000008   -0.000015   -0.077380    0.139100    0.085920
 19   42.458084   -0.000076    0.000008    0.005012    0.026571   -0.088043
 20   42.267944    0.000053    0.000000    0.130636   -0.031438   -0.246868
 21   42.505859   -0.000015    0.000023    0.109362   -0.026693   -0.153305
 22   42.233154   -0.000015   -0.000023    0.264060   -0.119903   -0.259326
 23   42.352295   -0.000031   -0.000008    0.321092   -0.230132   -0.273246
 24   42.391754   -0.000061    0.000000    0.155449   -0.188644   -0.127492
 25   42.497467    0.000061    0.000000    0.083298   -0.141041   -0.067618
 26   42.272827    0.000031   -0.000061    0.031437   -0.069115   -0.026507
 27   29.239334   55.382633   92.214958    1.490923   -0.573542    0.482344
 28   42.375076    0.000011   -0.000011    0.038763    0.170596    0.056555
 29   42.546097    0.000000    0.000008    0.028842    0.089737    0.000701
 30   42.234482    0.000050   -0.000027   -0.018863    0.186813    0.105402
 31   42.465042   -0.000034   -0.000008   -0.091047    0.361844    0.276952
 32   42.458130    0.000023    0.000000   -0.076097    0.242408    0.213557
 33   42.267899   -0.000031    0.000015   -0.097005    0.305882    0.387216
 34   42.506027    0.000046    0.000015   -0.033424    0.099065    0.055490
 35   42.233109   -0.000046    0.000061    0.308535   -0.110250   -0.602354
 36   42.352234   -0.000057    0.000000    0.217214   -0.117228   -0.251065
 37   42.391724    0.000061   -0.000031    0.119670   -0.077330   -0.108045
 38   42.497650    0.000015   -0.000046    0.075790   -0.056803   -0.062500
 39   42.272583    0.000153    0.000008    0.031980   -0.024994   -0.023683
 40   29.239344  106.746635    1.740839    0.037648   -0.084080    1.570882
 41   42.375069    0.000000   -0.000002   -0.011132    0.018946   -0.129493
 42   42.546112    0.000004    0.000001   -0.009687    0.020750   -0.168690
 43   42.234497   -0.000011   -0.000002   -0.000532    0.009384   -0.014466
 44   42.465103    0.000000   -0.000008    0.004252   -0.004269    0.171835
 45   42.458069   -0.000010   -0.000002    0.003270    0.000038    0.096732
 46   42.267914   -0.000004    0.000002    0.001680    0.000346    0.045849
 47   42.505859    0.000008    0.000006    0.003554    0.000853    0.092556
 48   42.233124   -0.000008   -0.000013   -0.000906   -0.000294   -0.023080
 49   42.352203    0.000008    0.000004   -0.006237   -0.002091   -0.177549
 50   42.391663   -0.000008   -0.000001   -0.004376   -0.000766   -0.142019
 51   42.497559    0.000000   -0.000011   -0.003262   -0.000121   -0.123360
 52   42.272766    0.000000   -0.000002   -0.001439    0.000144   -0.062638
 53   29.239330   50.706902  -91.389061   -0.192492    0.491111    1.990575
 54   42.375069   -0.000010    0.000008   -0.255492    0.166392   -0.313415
 55   42.546066    0.000010    0.000019   -0.484787    0.446858   -0.592103
 56   42.234543   -0.000061    0.000000   -0.154074    0.372452   -0.216689
 57   42.465027    0.000031   -0.000015    0.016089   -0.311522    0.217344
 58   42.458069    0.000008    0.000008    0.048716   -0.405944    0.336397
 59   42.268005   -0.000099    0.000023    0.031403   -0.136169    0.094980
 60   42.505890    0.000069    0.000000    0.013007   -0.039768    0.012874
 61   42.233215   -0.000076    0.000015    0.102830   -0.248748    0.119053
 62   42.352295    0.000023    0.000000    0.126400   -0.254192    0.139204
 63   42.391754    0.000076   -0.000031    0.063675   -0.103089    0.079668
 64   42.497650    0.000031   -0.000076    0.043922   -0.062274    0.055218
 65   42.272705    0.000000   -0.000061    0.026231   -0.035500    0.034455
 66   29.239319  -56.044868  -91.389000   -1.109678    0.743680   -1.735908
 67   42.375076    0.000008    0.000006    0.185267   -0.282377    0.180116
 68   42.546097   -0.000002    0.000011    0.134205   -0.310762    0.314292
 69   42.234467    0.000015    0.000000   -0.006287    0.078090   -0.112964
 70   42.464996   -0.000042    0.000004   -0.101014    0.204278   -0.260863
 71   42.458130    0.000027   -0.000004   -0.021895    0.084421   -0.109941
 72   42.267883   -0.000061    0.000004   -0.085935    0.118116   -0.237517
 73   42.505981    0.000076   -0.000015   -0.328278    0.379298   -0.537930
 74   42.233124    0.000046    0.000015   -0.037973   -0.008047   -0.114731
 75   42.352188    0.000061    0.000000    0.223181   -0.505301    0.135526
 76   42.391785    0.000000   -0.000008    0.177054   -0.220300    0.104252
 77   42.497650    0.000061    0.000008    0.107837   -0.106025    0.068546
 78   42.272614   -0.000015    0.000015    0.078568   -0.066259    0.054049
 79   29.239319 -106.786240    1.740902   -0.037222    0.160963   -0.615059
 80   42.375053    0.000000   -0.000006   -0.066759   -0.124961    0.408499
 81   42.546028   -0.000015    0.000002    0.001872   -0.005191   -0.048047
 82   42.234528   -0.000015   -0.000007    0.008820    0.027335   -0.386128
 83   42.465027    0.000000   -0.000003    0.015167    0.024954   -0.480964
 84   42.458054    0.000000   -0.000005    0.021065    0.019790   -0.794028
 85   42.267914   -0.000031   -0.000006    0.005840   -0.001260   -0.893479
 86   42.505989    0.000000    0.000014   -0.001788   -0.000761   -0.111144
 87   42.233101    0.000031   -0.000013    0.001080    0.000295    0.058665
 88   42.352261    0.000000    0.000001    0.003337    0.002000    0.334343
 89   42.391708   -0.000031   -0.000006   -0.003315    0.004093    0.466852
 90   42.497589   -0.000031   -0.000020   -0.009517    0.001741    0.370542
 91   42.272430   -0.000015    0.000020   -0.009020   -0.001208    0.242085
time 20
  0    0.000000    0.000000    0.000000    0.000000   -0.000000    0.000000
  1    0.000000    0.000000    0.000000    0.000000   -0.000000    0.000000
  2    0.000000    0.000000   -4.366670    0.733815   -1.625085    0.785399
  3   50.309212   -0.435479    0.000004   -0.000017   -0.199896    0.014098
  4   30.891544   -0.000011    0.000000   -0.025163   -0.211210   -0.003094
  5   34.635612    0.000007    0.000002   -0.023277   -0.211060    0.015774
  6   30.584290    0.000019   -0.000008   -0.021953   -0.449104    0.025097
  7   31.520195   -0.000000    0.000015   -0.011962   -0.427333    0.027753
  8   34.241203  -28.000031  -41.878006    0.989387   -0.420645    0.281463
  9   34.241119   23.441805  -41.878098   -0.989392   -0.420646   -0.281458
 10   35.246704  -52.543087    1.319138   -0.000000   -0.000000    0.521344
 11   35.246552   52.726311    1.318924   -0.000000    0.000000   -0.521341
 12   34.830025  -24.891926   45.588623   -0.987522    0.427726    0.269631
 13   34.885780   27.636589   43.767830    0.987517    0.427724   -0.269630
 14   29.239319  -51.573383   94.293007    0.657684   -0.508627   -1.355693
 15   42.375076    0.000004   -0.000008   -0.159182    0.071572    0.169947
 16   42.546097    0.000038    0.000008   -0.083594    0.018519    0.114470
 17   42.234497    0.000031    0.000011   -0.050388    0.065343    0.025843
 18   42.465012    0.000004    0.000015   -0.064297    0.090030    0.091200
 19   42.458069   -0.000061    0.000015    0.020783    0.009534   -0.117903
 20   42.267944    0.000053    0.000015    0.159858   -0.034297   -0.303146
 21   42.505951   -0.000015   -0.000008    0.130908   -0.040108   -0.174483
 22   42.233246    0.000015   -0.000015    0.300320   -0.158254   -0.284975
 23   42.352264    0.000015    0.000000    0.366052   -0.321658   -0.315942
 24   42.391754   -0.000092    0.000000    0.137906   -0.241911   -0.121438
 25   42.497467    0.000061   -0.000031    0.058282   -0.159977   -0.055892
 26   42.272758    0.000046   -0.000092    0.019482   -0.076351   -0.021954
 27   29.239338   55.382622   92.215027    1.552016   -0.547779    0.390051
 28   42.375069    0.000000   -0.000015    0.047002    0.172111    0.049255
 29   42.546112   -0.000011    0.000025    0.033157    0.093491   -0.011001
 30   42.234482    0.000050   -0.000023   -0.005456    0.163372    0.080851
 31   42.465027   -0.000034   -0.000019   -0.082008    0.433515    0.332821
 32   42.458099    0.000038    0.000015   -0.077523    0.298747    0.276253
 33   42.267868   -0.000031    0.000031   -0.072788    0.275966    0.343337
 34   42.506020    0.000076    0.000076   -0.041071    0.125198    0.127895
 35   42.233109    0.000000    0.000046    0.274052   -0.121879   -0.612711
 36   42.352203   -0.000053    0.000031    0.248430   -0.140686   -0.308108
 37   42.391693    0.000080    0.000031    0.123936   -0.086506   -0.117409
 38   42.497559    0.000038    0.000000    0.076253   -0.061724   -0.065580
 39   42.272614    0.000122   -0.000027    0.034751   -0.029501   -0.026968
 40   29.239353  106.746658    1.740844    0.053851   -0.118318    1.600344
 41   42.375076    0.000010   -0.000001   -0.017753    0.022278   -0.148381
 42   42.546143   -0.000009    0.000001   -0.016856    0.027227   -0.205130
 43   42.234497    0.000019   -0.000003   -0.002488    0.016160   -0.052021
 44   42.465103    0.000000   -0.000006    0.006627   -0.006049    0.201497
 45   42.458069    0.000008   -0.000002    0.005945   -0.000190    0.126217
 46   42.267944   -0.000008    0.000003    0.007047    0.001509    0.130715
 47   42.505981   -0.000008    0.000009    0.011243    0.003450    0.187337
 48   42.233154    0.000000   -0.000010    0.002161    0.001036    0.035174
 49   42.352264    0.000000    0.000003   -0.008187   -0.004471   -0.141983
 50   42.391754    0.000008   -0.000003   -0.007099   -0.003006   -0.130570
 51   42.497681    0.000000   -0.000013   -0.004536   -0.001396   -0.088542
 52   42.272766    0.000010    0.000001   -0.003449   -0.000799   -0.071493
 53   29.239334   50.706902  -91.389091   -0.256294    0.475549    1.919685
 54   42.375099   -0.000002    0.000015   -0.177008    0.119261   -0.186667
 55   42.546066    0.000033    0.000011   -0.363741    0.342096   -0.413647
 56   42.234558   -0.000069    0.000013   -0.184472    0.360840   -0.217517
 57   42.464996    0.000031   -0.000008    0.033366   -0.217296    0.136534
 58   42.458054    0.000031   -0.000008   -0.001246   -0.052777    0.043214
 59   42.267975   -0.000114   -0.000027    0.019042   -0.095168    0.060187
 60   42.505951    0.000069   -0.000008    0.011287   -0.013529    0.032811
 61   42.233215   -0.000038   -0.000008    0.086903   -0.226595    0.127654
 62   42.352264   -0.000031    0.000038    0.186387   -0.476701    0.326146
 63   42.391663    0.000092    0.000031    0.119077   -0.197433    0.219864
 64   42.497559    0.000000   -0.000015    0.061784   -0.085919    0.126956
 65   42.272705    0.000061    0.000031    0.035949   -0.048075    0.082183
 66   29.239323  -56.044880  -91.389053   -1.273410    0.762019   -1.896013
 67   42.375114    0.000008    0.000000    0.179336   -0.290969    0.151471
 68   42.546143    0.000025   -0.000006    0.136327   -0.347386    0.294918
 69   42.234467    0.000008   -0.000015    0.017437    0.036609   -0.052982
 70   42.465042   -0.000027   -0.000046   -0.089698    0.202421   -0.235213
 71   42.458160    0.000034   -0.000011   -0.014219    0.080266   -0.094408
 72   42.267944   -0.000069   -0.000008   -0.070035    0.105206   -0.214488
 73   42.506012    0.000107    0.000027   -0.302908    0.356240   -0.511010
 74   42.233124    0.000031    0.000015   -0.044009   -0.004816   -0.128620
 75   42.352142   -0.000031    0.000031    0.221255   -0.483463    0.121911
 76   42.391785    0.000000   -0.000031    0.159785   -0.199465    0.086680
 77   42.497498    0.000031    0.000015    0.098635   -0.099959    0.057402
 78   42.272675    0.000000    0.000000    0.073004   -0.064070    0.045928
 79   29.239311 -106.786278    1.740899   -0.053003    0.230224   -0.648033
 80   42.375084    0.000000   -0.000008   -0.091067   -0.179725    0.387947
 81   42.546051   -0.000031    0.000002    0.003662   -0.004609   -0.068789
 82   42.234497   -0.000015   -0.000010    0.014361    0.043885   -0.446236
 83   42.465118    0.000008   -0.000006    0.024065    0.033690   -0.528894
 84   42.458069    0.000046   -0.000005    0.027378    0.023368   -0.932925
 85   42.267891   -0.000031   -0.000009    0.000405   -0.005771   -0.611015
 86   42.505981   -0.000061    0.000013   -0.000869   -0.000334   -0.038629
 87   42.233101    0.000000   -0.000010    0.002865    0.001075    0.138813
 88   42.352318   -0.000031   -0.000003    0.001203    0.004852    0.477426
 89   42.391663   -0.000076   -0.000009   -0.009830    0.004038    0.391590
 90   42.497559    0.000008   -0.000024   -0.013008   -0.000013    0.287664
 91   42.272491    0.000028    0.000014   -0.009425   -0.002195    0.168892
time 21
  0    0.000000    0.000000    0.000000    0.000000   -0.000000    0.000000
  1    0.000000    0.000000    0.000000    0.000000   -0.000000    0.000000
  2    0.000000    0.000000   -2.700004    0.719294   -1.639604    0.785400
  3   50.309212   -0.435479    0.000004   -0.000017   -0.199896    0.014098
  4   30.891533   -0.000011    0.000004   -0.032250   -0.209816    0.000003
  5   34.635597    0.000006    0.000004   -0.029829   -0.209625    0.020214
  6   30.584282    0.000017    0.000004   -0.028131   -0.447602    0.032160
  7   31.520203   -0.000002    0.000008   -0.015329   -0.425925    0.035564
  8   34.241196  -28.000034  -41.878006    0.988267   -0.424946    0.284443
  9   34.241127   23.441799  -41.878098   -0.988272   -0.424947   -0.284438
 10   35.246704  -52.543091    1.319138   -0.000000   -0.000000    0.526455
 11   35.246536   52.726311    1.318909   -0.000000    0.000000   -0.526452
 12   34.830017  -24.891926   45.588608   -0.986377    0.432023    0.272627
 13   34.885765   27.636589   43.767822    0.986372    0.432022   -0.272626
 14   29.239325  -51.573349   94.292984    0.629237   -0.473309   -1.340884
 15   42.375076   -0.000015    0.000011   -0.220926    0.186655    0.244873
 16   42.546112    0.000021    0.000008   -0.125658    0.088892    0.201885
 17   42.234482    0.000004    0.000000   -0.006737   -0.015448   -0.046366
 18   42.465042    0.000004    0.000015   -0.013153   -0.009998    0.002456
 19   42.458099   -0.000061    0.000031    0.063638   -0.033431   -0.188742
 20   42.267944    0.000023    0.000004    0.222677   -0.076823   -0.374031
 21   42.505920   -0.000031    0.000000    0.161479   -0.086316   -0.193072
 22   42.233185    0.000031    0.000000    0.255223   -0.182400   -0.245284
 23   42.352264    0.000015   -0.000031    0.322913   -0.358782   -0.304308
 24   42.391754   -0.000076   -0.000031    0.121194   -0.283033   -0.129481
 25   42.497475    0.000046   -0.000061    0.042821   -0.182585   -0.060230
 26   42.272743    0.000061    0.000000    0.009954   -0.076880   -0.021970
 27   29.239336   55.382607   92.214989    1.599479   -0.524292    0.314324
 28   42.375076    0.000008    0.000008    0.054086    0.170651    0.041987
 29   42.546097   -0.000004   -0.000004    0.036360    0.098657   -0.018177
 30   42.234467    0.000065   -0.000008    0.006096    0.138467    0.054406
 31   42.465042   -0.000031   -0.000023   -0.065553    0.464926    0.350184
 32   42.458084    0.000023    0.000000   -0.073668    0.379198    0.356286
 33   42.267868   -0.000031    0.000015   -0.054392    0.250479    0.301237
 34   42.505989    0.000061    0.000061   -0.041674    0.155131    0.198975
 35   42.233101    0.000031   -0.000015    0.222512   -0.127505   -0.586564
 36   42.352203   -0.000122    0.000031    0.284681   -0.165152   -0.383285
 37   42.391724    0.000027    0.000015    0.130184   -0.096565   -0.129820
 38   42.497650   -0.000023   -0.000008    0.077967   -0.067190   -0.069975
 39   42.272552    0.000122    0.000015    0.038258   -0.034813   -0.031103
 40   29.239347  106.746651    1.740836    0.069401   -0.155746    1.576543
 41   42.375076    0.000000   -0.000006   -0.029978    0.032169   -0.195606
 42   42.546082   -0.000002   -0.000000   -0.025877    0.038669   -0.263357
 43   42.234436   -0.000019   -0.000005   -0.000107    0.016272    0.001311
 44   42.465073   -0.000008   -0.000007    0.010468   -0.009216    0.266332
 45   42.458008   -0.000008   -0.000005    0.009597    0.000709    0.155515
 46   42.267883    0.000008    0.000001    0.012300    0.002894    0.171859
 47   42.505890    0.000015    0.000003    0.019043    0.006748    0.235031
 48   42.233154    0.000000   -0.000012   -0.000942   -0.000551   -0.011662
 49   42.352234    0.000000    0.000002   -0.015960   -0.010111   -0.220131
 50   42.391693    0.000000   -0.000006   -0.009622   -0.004062   -0.139542
 51   42.497620   -0.000004   -0.000014   -0.006129   -0.001830   -0.095022
 52   42.272766   -0.000022   -0.000001   -0.004435   -0.000960   -0.073466
 53   29.239334   50.706905  -91.389122   -0.323411    0.458846    1.848325
 54   42.375069   -0.000004   -0.000008   -0.150532    0.107417   -0.136471
 55   42.546082    0.000030   -0.000011   -0.251436    0.262729   -0.254780
 56   42.234497   -0.000038   -0.000005   -0.165120    0.279147   -0.176496
 57   42.465027    0.000038    0.000000   -0.014826   -0.011000   -0.008883
 58   42.458038    0.000015   -0.000015   -0.018252   -0.004198    0.002229
 59   42.267975   -0.000076    0.000000    0.023879   -0.103361    0.058568
 60   42.505890    0.000099   -0.000023    0.027574   -0.053519    0.055179
 61   42.233154   -0.000053   -0.000046    0.088384   -0.203344    0.103417
 62   42.352203    0.000031   -0.000031    0.200006   -0.421448    0.244058
 63   42.391724    0.000031   -0.000061    0.151147   -0.218699    0.211585
 64   42.497589    0.000031   -0.000061    0.088711   -0.103970    0.142285
 65   42.272736    0.000000   -0.000015    0.049070   -0.052810    0.088647
 66   29.239315  -56.044865  -91.389061   -1.423853    0.766177   -2.046402
 67   42.375114    0.000008   -0.000011    0.172657   -0.289666    0.124086
 68   42.546127    0.000015    0.000032    0.136475   -0.370851    0.266262
 69   42.234482    0.000025   -0.000023    0.042283   -0.019321    0.008421
 70   42.464996   -0.000038    0.000015   -0.077788    0.196804   -0.208673
 71   42.458160    0.000019    0.000000   -0.007197    0.076676   -0.078379
 72   42.267883   -0.000046    0.000004   -0.054125    0.091320   -0.188579
 73   42.505920    0.000084   -0.000008   -0.270167    0.324872   -0.475432
 74   42.233154    0.000000    0.000000   -0.058663    0.016506   -0.152456
 75   42.352173   -0.000076    0.000046    0.211859   -0.456852    0.102859
 76   42.391846   -0.000015   -0.000014    0.146961   -0.186782    0.071786
 77   42.497528    0.000076    0.000023    0.090369   -0.095237    0.046772
 78   42.272675   -0.000015    0.000015    0.067908   -0.062386    0.038112
 79   29.239305 -106.786301    1.740908   -0.068020    0.298200   -0.744009
 80   42.375076    0.000004   -0.000008   -0.122833   -0.230193    0.402539
 81   42.546051   -0.000023    0.000002    0.005762   -0.003704   -0.083613
 82   42.234528    0.000008   -0.000006    0.020163    0.056307   -0.457591
 83   42.465088    0.000008   -0.000003    0.033468    0.041211   -0.578880
 84   42.458069    0.000000   -0.000002    0.029928    0.021785   -0.979161
 85   42.267876   -0.000031   -0.000006   -0.002686   -0.005714   -0.382901
 86   42.505966   -0.000061    0.000013    0.000255    0.000116    0.010152
 87   42.233116   -0.000031   -0.000012    0.003789    0.002596    0.222664
 88   42.352333   -0.000031   -0.000000   -0.004812    0.007094    0.483759
 89   42.391724    0.000000   -0.000005   -0.014006    0.002763    0.323614
 90   42.497528    0.000008   -0.000016   -0.015452   -0.001395    0.244412
 91   42.272522    0.000021    0.000019   -0.009477   -0.002719    0.129488
time 22
  0    0.000000    0.000000    0.000000    0.000000   -0.000000    0.000000
  1    0.000000    0.000000    0.000000    0.000000   -0.000000    0.000000
  2    0.000000    0.000000   -1.033338    0.704678   -1.654221    0.785399
  3   50.309208   -0.435479    0.000004   -0.000017   -0.199896    0.014098
  4   30.891541   -0.000011    0.000002   -0.039386   -0.208414    0.003121
  5   34.635605    0.000007    0.000002   -0.036425   -0.208179    0.024685
  6   30.584290    0.000018    0.000004   -0.034352   -0.446091    0.039272
  7   31.520172    0.000002   -0.000008   -0.018719   -0.424506    0.043429
  8   34.241180  -28.000032  -41.878006    0.987141   -0.429277    0.287443
  9   34.241112   23.441809  -41.878098   -0.987146   -0.429278   -0.287438
 10   35.246681  -52.543091    1.319122   -0.000000   -0.000000    0.531600
 11   35.246544   52.726334    1.318909   -0.000000   -0.000000   -0.531597
 12   34.830009  -24.891926   45.588585   -0.985224    0.436349    0.275644
 13   34.885765   27.636600   43.767799    0.985219    0.436348   -0.275643
 14   29.239311  -51.573364   94.292992    0.622621   -0.444408   -1.347303
 15   42.375076    0.000008    0.000000   -0.292628    0.320796    0.327037
 16   42.546082    0.000027    0.000008   -0.170410    0.164927    0.329153
 17   42.234467   -0.000008    0.000015    0.040800   -0.073450   -0.138861
 18   42.464966    0.000023    0.000008    0.079193   -0.119708   -0.163277
 19   42.458069   -0.000061    0.000019    0.100491   -0.080618   -0.230617
 20   42.267883    0.000023    0.000008    0.261497   -0.122782   -0.413748
 21   42.505890   -0.000076    0.000000    0.166886   -0.123191   -0.196817
 22   42.233154    0.000000    0.000000    0.187210   -0.172525   -0.191925
 23   42.352356    0.000015   -0.000015    0.286947   -0.371818   -0.304152
 24   42.391747   -0.000031    0.000000    0.121927   -0.340814   -0.162597
 25   42.497513    0.000031   -0.000031    0.031937   -0.217752   -0.076981
 26   42.272827    0.000046    0.000000    0.002956   -0.090534   -0.029179
 27   29.239330   55.382626   92.214951    1.638610   -0.504393    0.249411
 28   42.375084   -0.000004   -0.000011    0.060413    0.168812    0.034908
 29   42.546097   -0.000015    0.000004    0.039118    0.105406   -0.021883
 30   42.234482    0.000065   -0.000008    0.014849    0.118934    0.031540
 31   42.465057   -0.000042    0.000023   -0.049688    0.458839    0.333698
 32   42.458069    0.000031    0.000000   -0.058207    0.470109    0.438584
 33   42.267883    0.000000    0.000031   -0.041560    0.236625    0.271613
 34   42.506012    0.000092    0.000061   -0.036469    0.182754    0.253725
 35   42.233086   -0.000031    0.000031    0.165596   -0.126352   -0.527637
 36   42.352188   -0.000107    0.000015    0.316233   -0.188201   -0.464390
 37   42.391663    0.000061    0.000015    0.137435   -0.107259   -0.144369
 38   42.497589    0.000008    0.000023    0.080445   -0.073095   -0.075266
 39   42.272583    0.000107    0.000031    0.042064   -0.040604   -0.035705
 40   29.239347  106.746658    1.740836    0.085233   -0.195813    1.543496
 41   42.375099    0.000008   -0.000011   -0.048868    0.045375   -0.261957
 42   42.546127   -0.000002   -0.000005   -0.033618    0.051453   -0.310679
 43   42.234482   -0.000008   -0.000009    0.003128    0.012753    0.079015
 44   42.465088    0.000019   -0.000011    0.015016   -0.012090    0.329340
 45   42.458008   -0.000008   -0.000008    0.014536    0.001710    0.188349
 46   42.267853    0.000000   -0.000003    0.021162    0.005455    0.231004
 47   42.505920    0.000000    0.000004    0.028657    0.012028    0.274495
 48   42.233185    0.000000   -0.000011   -0.008738   -0.006402   -0.089702
 49   42.352234   -0.000015    0.000000   -0.025341   -0.018059   -0.293638
 50   42.391632    0.000000   -0.000005   -0.011772   -0.004832   -0.141251
 51   42.497498    0.000000   -0.000016   -0.007525   -0.002151   -0.097066
 52   42.272827   -0.000011   -0.000005   -0.005402   -0.001089   -0.074815
 53   29.239334   50.706898  -91.389061   -0.379412    0.438079    1.790647
 54   42.375092   -0.000011    0.000000   -0.132212    0.101178   -0.101402
 55   42.546089    0.000025    0.000011   -0.173075    0.201930   -0.144302
 56   42.234528   -0.000038    0.000000   -0.147003    0.219214   -0.149021
 57   42.464996    0.000053    0.000019   -0.055362    0.061639   -0.078603
 58   42.458099    0.000023    0.000011   -0.027262    0.015253   -0.015132
 59   42.267914   -0.000114    0.000015    0.017704   -0.073152    0.040015
 60   42.505859    0.000076    0.000015    0.023674   -0.035665    0.046765
 61   42.233124   -0.000046    0.000008    0.066581   -0.146524    0.047762
 62   42.352234    0.000008    0.000015    0.153343   -0.303142    0.086500
 63   42.391663   -0.000008   -0.000015    0.154364   -0.212455    0.106359
 64   42.497620    0.000008   -0.000076    0.134924   -0.142889    0.104773
 65   42.272675   -0.000031    0.000000    0.066994   -0.060050    0.058447
 66   29.239313  -56.044865  -91.389008   -1.560528    0.760680   -2.184690
 67   42.375084   -0.000011   -0.000004    0.165870   -0.281488    0.098952
 68   42.546097   -0.000015    0.000031    0.133955   -0.378708    0.229485
 69   42.234482    0.000039    0.000011    0.064795   -0.086008    0.063637
 70   42.465042   -0.000031    0.000023   -0.063278    0.184596   -0.177325
 71   42.458099    0.000031    0.000019   -0.000866    0.074091   -0.062350
 72   42.267975   -0.000065    0.000011   -0.039444    0.078789   -0.161658
 73   42.505981    0.000069    0.000053   -0.228896    0.284032   -0.428955
 74   42.233154    0.000031    0.000000   -0.081114    0.052357   -0.184487
 75   42.352173   -0.000015    0.000031    0.195841   -0.426947    0.078796
 76   42.391785   -0.000046    0.000017    0.137599   -0.180518    0.058828
 77   42.497528    0.000031    0.000053    0.082517   -0.091465    0.036372
 78   42.272736    0.000015    0.000031    0.062876   -0.061016    0.030395
 79   29.239315 -106.786293    1.740905   -0.083182    0.367203   -0.914406
 80   42.375107   -0.000011    0.000000   -0.184082   -0.272500    0.491491
 81   42.546043   -0.000008   -0.000001    0.007860   -0.004239   -0.090501
 82   42.234512   -0.000015   -0.000010    0.026306    0.066944   -0.459218
 83   42.465103   -0.000008    0.000001    0.042775    0.047589   -0.618097
 84   42.458069    0.000031    0.000000    0.031737    0.017213   -0.918615
 85   42.267899    0.000000   -0.000004   -0.002933   -0.004992   -0.271831
 86   42.505997   -0.000031    0.000016    0.001050    0.000642    0.042903
 87   42.233086   -0.000031   -0.000008    0.002915    0.004775    0.302746
 88   42.352341    0.000031    0.000001   -0.010972    0.007586    0.429835
 89   42.391754    0.000015   -0.000001   -0.017505    0.001579    0.287215
 90   42.497559    0.000031   -0.000020   -0.017303   -0.002573    0.213304
 91   42.272583    0.000019    0.000028   -0.009157   -0.002950    0.101184
time 23
  0    0.000000    0.000000    0.000000    0.000000   -0.000000    0.000000
  1    0.000000    0.000000    0.000000    0.000000   -0.000000    0.000000
  2    0.000000    0.000000    0.633329    0.689773   -1.669127    0.785399
  3   50.309219   -0.435479    0.000004   -0.000017   -0.199896    0.014098
  4   30.891544   -0.000012   -0.000004   -0.046661   -0.206983    0.006300
  5   34.635597    0.000006   -0.000002   -0.043151   -0.206706    0.029243
  6   30.584290    0.000016   -0.000008   -0.040696   -0.444549    0.046524
  7   31.520203   -0.000002    0.000000   -0.022175   -0.423060    0.051449
  8   34.241203  -28.000032  -41.878006    0.985992   -0.433694    0.290502
  9   34.241104   23.441793  -41.878113   -0.985997   -0.433694   -0.290497
 10   35.246696  -52.543083    1.319138   -0.000000   -0.000000    0.536847
 11   35.246529   52.726303    1.318909   -0.000000    0.000000   -0.536844
 12   34.830009  -24.891924   45.588593   -0.984048    0.440761    0.278719
 13   34.885765   27.636580   43.767815    0.984044    0.440760   -0.278719
 14   29.239330  -51.573372   94.292961    0.620702   -0.417359   -1.357772
 15   42.375084   -0.000004   -0.000004   -0.352412    0.424245    0.387127
 16   42.546082    0.000042    0.000008   -0.195704    0.211145    0.440120
 17   42.234489    0.000031    0.000015    0.024787   -0.060992   -0.115595
 18   42.464981    0.000038    0.000023    0.191559   -0.189358   -0.377581
 19   42.458069   -0.000076    0.000015    0.130637   -0.131674   -0.251274
 20   42.267944    0.000046    0.000008    0.273824   -0.154832   -0.432633
 21   42.505798    0.000000   -0.000008    0.188059   -0.161973   -0.229748
 22   42.233139    0.000000   -0.000015    0.136563   -0.153645   -0.148918
 23   42.352356    0.000031    0.000000    0.228764   -0.338382   -0.266755
 24   42.391693    0.000000   -0.000061    0.140767   -0.407846   -0.215241
 25   42.497490    0.000061    0.000000    0.025477   -0.265609   -0.103378
 26   42.272766    0.000061   -0.000031   -0.004751   -0.126144   -0.046440
 27   29.239340   55.382614   92.214958    1.672036   -0.488996    0.192850
 28   42.375061   -0.000008   -0.000011    0.066309    0.168269    0.028718
 29   42.546097   -0.000019    0.000031    0.041916    0.112570   -0.024576
 30   42.234467    0.000050   -0.000004    0.020931    0.107126    0.014394
 31   42.465057   -0.000046    0.000023   -0.036652    0.428999    0.298885
 32   42.458115    0.000031    0.000023   -0.032899    0.551761    0.504955
 33   42.267899    0.000000    0.000015   -0.033573    0.239244    0.260807
 34   42.506035    0.000076    0.000015   -0.029251    0.205322    0.287747
 35   42.233086    0.000015    0.000031    0.117104   -0.119978   -0.456150
 36   42.352219   -0.000061    0.000015    0.335160   -0.208863   -0.532955
 37   42.391724    0.000086    0.000000    0.144161   -0.117660   -0.159013
 38   42.497559   -0.000008   -0.000008    0.083071   -0.078987   -0.080737
 39   42.272644    0.000153    0.000038    0.045650   -0.046289   -0.040219
 40   29.239353  106.746620    1.740832    0.101561   -0.238886    1.497807
 41   42.375084    0.000006   -0.000010   -0.076271    0.063090   -0.348520
 42   42.546112   -0.000002   -0.000002   -0.035936    0.064076   -0.325138
 43   42.234451   -0.000031   -0.000005    0.005277    0.006447    0.166689
 44   42.465118    0.000015   -0.000008    0.020111   -0.014240    0.383947
 45   42.458069   -0.000019   -0.000006    0.021056    0.002649    0.225157
 46   42.267914   -0.000031    0.000002    0.035361    0.009914    0.308701
 47   42.505859    0.000000    0.000004    0.037732    0.019141    0.291848
 48   42.233139    0.000061   -0.000015   -0.020702   -0.018804   -0.185982
 49   42.352203    0.000015    0.000002   -0.034920   -0.027059   -0.349379
 50   42.391724    0.000000   -0.000005   -0.013869   -0.005538   -0.141637
 51   42.497620   -0.000011   -0.000012   -0.008802   -0.002416   -0.097013
 52   42.272705   -0.000004   -0.000003   -0.006041   -0.001146   -0.071552
 53   29.239342   50.706921  -91.389084   -0.443094    0.416465    1.728025
 54   42.375076   -0.000010    0.000008   -0.104180    0.088862   -0.057585
 55   42.546074    0.000038    0.000000   -0.096807    0.135169   -0.041603
 56   42.234528   -0.000031   -0.000015   -0.124698    0.162032   -0.120424
 57   42.464996    0.000034    0.000008   -0.101372    0.106066   -0.140306
 58   42.458054    0.000023   -0.000034   -0.042704    0.038640   -0.036688
 59   42.267975   -0.000084    0.000004    0.003349   -0.033923    0.015130
 60   42.506012    0.000092    0.000027    0.017619   -0.018576    0.034856
 61   42.233154   -0.000061   -0.000031    0.021824   -0.058923   -0.017423
 62   42.352295    0.000015    0.000000    0.022267   -0.110829   -0.059056
 63   42.391724    0.000008    0.000000    0.017431   -0.082772   -0.037795
 64   42.497650    0.000023   -0.000038    0.021519   -0.071019   -0.030179
 65   42.272705   -0.000031   -0.000046    0.013182   -0.039339   -0.015752
 66   29.239319  -56.044861  -91.389061    1.459236    2.392831    0.832996
 67   42.375084   -0.000004   -0.000008    0.159528   -0.266816    0.076035
 68   42.546112    0.000008    0.000011    0.128829   -0.373238    0.189898
 69   42.234436    0.000029    0.000023    0.082064   -0.156404    0.105781
 70   42.465012   -0.000021    0.000023   -0.045673    0.163395   -0.140452
 71   42.458069    0.000038    0.000004    0.004891    0.072243   -0.046369
 72   42.267914   -0.000050    0.000015   -0.025997    0.066601   -0.133881
 73   42.505981    0.000061    0.000031   -0.183043    0.236916   -0.373818
 74   42.233124   -0.000015   -0.000038   -0.107770    0.095817   -0.221024
 75   42.352142    0.000000    0.000031    0.173154   -0.392415    0.049120
 76   42.391785    0.000015    0.000014    0.131413   -0.180296    0.047291
 77   42.497437    0.000061    0.000008    0.074857   -0.088416    0.026067
 78   42.272614    0.000000    0.000000    0.057737   -0.059834    0.022683
 79   29.239325 -106.786255    1.740912   -0.098687    0.432032   -1.154978
 80   42.375099   -0.000008    0.000004   -0.281239   -0.289594    0.647314
 81   42.546021    0.000000    0.000006    0.008557   -0.010977   -0.078228
 82   42.234482    0.000000   -0.000005    0.032154    0.075555   -0.449844
 83   42.465088    0.000000    0.000006    0.049679    0.050775   -0.597762
 84   42.458069    0.000015    0.000004    0.036170    0.016556   -0.849253
 85   42.267937    0.000000   -0.000001   -0.002128   -0.005335   -0.249482
 86   42.505951   -0.000031    0.000013    0.001325    0.001121    0.059668
 87   42.233078   -0.000092   -0.000014    0.000565    0.006725    0.341071
 88   42.352280   -0.000046    0.000004   -0.015594    0.007336    0.385521
 89   42.391724    0.000000   -0.000004   -0.020142    0.000638    0.260278
 90   42.497589   -0.000004   -0.000010   -0.019007   -0.003412    0.193506
 91   42.272491    0.000019    0.000033   -0.009083   -0.003072    0.084390
time 24
  0    0.000000    0.000000    0.000000    0.000000   -0.000000    0.000000
  1    0.000000    0.000000    0.000000    0.000000   -0.000000    0.000000
  2    0.000000    0.000000    2.299997    0.674831   -1.684066    0.785400
  3   50.309208   -0.435479    0.000004   -0.000017   -0.199896    0.014098
  4   30.891544   -0.000011    0.000000   -0.053954   -0.205550    0.009487
  5   34.635605    0.000006    0.000000   -0.049893   -0.205229    0.033812
  6   30.584282    0.000017    0.000004   -0.047054   -0.443004    0.053792
  7   31.520187   -0.000002    0.000000   -0.025639   -0.421611    0.059487
  8   34.241180  -28.000032  -41.878006    0.984841   -0.438120    0.293568
  9   34.241112   23.441803  -41.878082   -0.984845   -0.438121   -0.293563
 10   35.246696  -52.543091    1.319138   -0.000000    0.000000    0.542106
 11   35.246521   52.726311    1.318909   -0.000000    0.000000   -0.542103
 12   34.830025  -24.891932   45.588593   -0.982870    0.445183    0.281802
 13   34.885773   27.636587   43.767807    0.982865    0.445181   -0.281802
 14   29.239307  -51.573357   94.292946    0.623617   -0.393060   -1.371882
 15   42.375069    0.000008   -0.000027   -0.403787    0.500824    0.425497
 16   42.546066    0.000034    0.000031   -0.210055    0.232747    0.523416
 17   42.234474    0.000046    0.000023   -0.013629   -0.026332   -0.014550
 18   42.464966    0.000031    0.000023    0.224346   -0.175037   -0.503319
 19   42.458115   -0.000061    0.000023    0.212859   -0.205387   -0.354942
 20   42.267944    0.000046    0.000023    0.263314   -0.179280   -0.414188
 21   42.505875    0.000046   -0.000015    0.232361   -0.209946   -0.299087
 22   42.233185    0.000000   -0.000031    0.109593   -0.145785   -0.126042
 23   42.352234    0.000061    0.000000    0.150949   -0.259449   -0.191741
 24   42.391739   -0.000031   -0.000031    0.163202   -0.447037   -0.263414
 25   42.497467    0.000015    0.000000    0.027676   -0.326269   -0.140373
 26   42.272789    0.000046    0.000092   -0.014716   -0.185745   -0.076779
 27   29.239330   55.382607   92.214897    1.701088   -0.479199    0.143971
 28   42.375053   -0.000004   -0.000004    0.071948    0.169753    0.023398
 29   42.546097   -0.000015    0.000015    0.044774    0.119976   -0.027282
 30   42.234482    0.000057   -0.000004    0.024970    0.102468    0.002883
 31   42.465027   -0.000038    0.000008   -0.026318    0.392896    0.262372
 32   42.458069    0.000008   -0.000015   -0.008562    0.605710    0.537552
 33   42.267899    0.000015   -0.000015   -0.029028    0.260642    0.270753
 34   42.505997    0.000061    0.000000   -0.022839    0.222227    0.302968
 35   42.233078   -0.000031    0.000000    0.087231   -0.115604   -0.400974
 36   42.352234   -0.000061    0.000015    0.338987   -0.226287   -0.570788
 37   42.391693    0.000007    0.000000    0.147914   -0.125856   -0.169681
 38   42.497589   -0.000008    0.000023    0.084842   -0.083838   -0.085016
 39   42.272766    0.000114    0.000031    0.048159   -0.050781   -0.043636
 40   29.239346  106.746597    1.740812    0.118113   -0.283639    1.436831
 41   42.375053    0.000006   -0.000013   -0.110658    0.085976   -0.445240
 42   42.546097   -0.000019   -0.000004   -0.031379    0.073678   -0.301447
 43   42.234467   -0.000008   -0.000003    0.005055   -0.000312    0.244946
 44   42.465027    0.000008   -0.000007    0.025670   -0.016436    0.435744
 45   42.458099    0.000000   -0.000003    0.029032    0.003799    0.262214
 46   42.267883    0.000000   -0.000001    0.055400    0.016695    0.396729
 47   42.505859    0.000031   -0.000004    0.044056    0.027017    0.286845
 48   42.233170   -0.000031   -0.000004   -0.033540   -0.037001   -0.275226
 49   42.352234    0.000000    0.000002   -0.044591   -0.037116   -0.392758
 50   42.391632    0.000008   -0.000004   -0.016338   -0.006465   -0.144909
 51   42.497650    0.000000   -0.000020   -0.010111   -0.002708   -0.097075
 52   42.272766    0.000006    0.000001   -0.006729   -0.001229   -0.069485
 53   29.239330   50.706944  -91.389069   -0.507552    0.393616    1.667386
 54   42.375076   -0.000008   -0.000008   -0.070866    0.072196   -0.011905
 55   42.546043    0.000032    0.000000   -0.038560    0.081029    0.034298
 56   42.234528   -0.000025    0.000004   -0.093170    0.107828   -0.081868
 57   42.464981    0.000042   -0.000004   -0.128909    0.105880   -0.174518
 58   42.458099    0.000023    0.000011   -0.062590    0.056481   -0.059926
 59   42.267975   -0.000084    0.000000   -0.024982    0.017206   -0.018813
 60   42.505951    0.000145    0.000019    0.003884    0.008169    0.016509
 61   42.233215   -0.000084    0.000015   -0.038503    0.041204   -0.078397
 62   42.352356   -0.000053    0.000023   -0.077323    0.053779   -0.128083
 63   42.391693    0.000061    0.000023   -0.051810    0.037284   -0.068973
 64   42.497559    0.000031    0.000008   -0.036753    0.029321   -0.047165
 65   42.272614    0.000076    0.000031   -0.029174    0.024259   -0.036047
 66   29.239300  -56.044857  -91.388992    1.353126    2.408549    0.725153
 67   42.375084   -0.000008   -0.000008    0.154377   -0.248036    0.056093
 68   42.546112    0.000011    0.000027    0.121809   -0.355384    0.150923
 69   42.234451    0.000021   -0.000008    0.092994   -0.222575    0.131515
 70   42.464996   -0.000040    0.000015   -0.025693    0.131879   -0.099664
 71   42.458130    0.000034    0.000000    0.010306    0.070117   -0.030322
 72   42.267944   -0.000053    0.000015   -0.013968    0.054215   -0.105717
 73   42.505920    0.000046    0.000027   -0.137631    0.186713   -0.314075
 74   42.233154    0.000000    0.000000   -0.131922    0.137787   -0.254178
 75   42.352112    0.000000    0.000015    0.143761   -0.350263    0.013305
 76   42.391754    0.000015   -0.000011    0.127761   -0.185523    0.036278
 77   42.497559   -0.000015    0.000023    0.067284   -0.085840    0.015781
 78   42.272675    0.000000    0.000000    0.052406   -0.058686    0.014958
 79   29.239304 -106.786255    1.740926   -0.114273    0.478913   -1.448240
 80   42.375069   -0.000002    0.000004   -0.391490   -0.258101    0.829146
 81   42.546028   -0.000008    0.000011    0.003643   -0.033673   -0.028148
 82   42.234512    0.000008   -0.000008    0.036985    0.081271   -0.427831
 83   42.465042    0.000015    0.000005    0.052892    0.051823   -0.526760
 84   42.458038    0.000000    0.000007    0.044820    0.021599   -0.789321
 85   42.267899   -0.000031    0.000004    0.000379   -0.006885   -0.298668
 86   42.505936    0.000061    0.000018    0.001023    0.001240    0.054585
 87   42.233063    0.000000   -0.000007   -0.001562    0.007955    0.341833
 88   42.352280    0.000015    0.000008   -0.018797    0.007356    0.361566
 89   42.391724   -0.000015    0.000003   -0.022163    0.000156    0.242109
 90   42.497528   -0.000008   -0.000005   -0.020738   -0.003901    0.182214
 91   42.272552   -0.000015    0.000037   -0.009586   -0.003238    0.077276
time 25
  0    0.000000    0.000000    0.000000    0.000000   -0.000000    0.000000
  1    0.000000    0.000000    0.000000    0.000000   -0.000000    0.000000
  2    0.000000    0.000000    3.966664    0.660586   -1.698312    0.785399
  3   50.309212   -0.435479    0.000003   -0.000017   -0.199896    0.014098
  4   30.891544   -0.000012   -0.000002   -0.060908   -0.204183    0.012526
  5   34.635597    0.000008    0.000000   -0.056321   -0.203820    0.038168
  6   30.584282    0.000018    0.000000   -0.053116   -0.441530    0.060723
  7   31.520187    0.000001   -0.000008   -0.028943   -0.420229    0.067152
  8   34.241203  -28.000027  -41.877991    0.983742   -0.442341    0.296492
  9   34.241112   23.441792  -41.878082   -0.983747   -0.442342   -0.296487
 10   35.246704  -52.543076    1.319153   -0.000000   -0.000000    0.547121
 11   35.246544   52.726299    1.318924   -0.000000    0.000000   -0.547118
 12   34.830025  -24.891922   45.588615   -0.981746    0.449399    0.284742
 13   34.885773   27.636585   43.767822    0.981742    0.449398   -0.284741
 14   29.239325  -51.573318   94.292938    0.602803   -0.358922   -1.364293
 15   42.375061    0.000000   -0.000004   -0.431136    0.504485    0.427710
 16   42.546066    0.000034    0.000023   -0.221405    0.227083    0.547643
 17   42.234459   -0.000015    0.000023   -0.028417   -0.011446    0.043366
 18   42.464966    0.000015    0.000008    0.182465   -0.133668   -0.467285
 19   42.458084   -0.000084    0.000000    0.314902   -0.242636   -0.500764
 20   42.267944    0.000023   -0.000015    0.261270   -0.202091   -0.387906
 21   42.505920    0.000000   -0.000008    0.257522   -0.247741   -0.334335
 22   42.233139   -0.000031   -0.000015    0.109386   -0.166502   -0.131474
 23   42.352264    0.000015   -0.000061    0.125569   -0.247540   -0.176386
 24   42.391754   -0.000046    0.000000    0.133048   -0.409047   -0.243848
 25   42.497520   -0.000015    0.000000    0.023975   -0.300170   -0.138071
 26   42.272812    0.000076    0.000000   -0.013067   -0.184204   -0.082255
 27   29.239344   55.382599   92.214943    1.726143   -0.476769    0.103742
 28   42.375069   -0.000011    0.000004    0.077312    0.173783    0.018790
 29   42.546112   -0.000008    0.000019    0.047483    0.127644   -0.030594
 30   42.234482    0.000061   -0.000023    0.027492    0.103740   -0.003261
 31   42.465057   -0.000050    0.000008   -0.018772    0.364258    0.234837
 32   42.458054    0.000015   -0.000015    0.001807    0.620041    0.523660
 33   42.267899    0.000031    0.000015   -0.026032    0.302101    0.302307
 34   42.506020    0.000107    0.000046   -0.018786    0.231524    0.300515
 35   42.233097    0.000000    0.000015    0.080098   -0.122997   -0.385064
 36   42.352249   -0.000076    0.000015    0.329144   -0.237390   -0.566999
 37   42.391663    0.000115   -0.000015    0.146399   -0.129377   -0.171715
 38   42.497650    0.000076   -0.000015    0.084721   -0.086265   -0.086487
 39   42.272644    0.000168   -0.000008    0.048677   -0.052695   -0.044783
 40   29.239347  106.746605    1.740836    0.134071   -0.326761    1.360575
 41   42.375053   -0.000004    0.000004   -0.146458    0.113948   -0.534608
 42   42.546127   -0.000031   -0.000002   -0.022648    0.077537   -0.252641
 43   42.234467   -0.000023   -0.000008    0.002642   -0.005769    0.303932
 44   42.465073   -0.000023   -0.000015    0.031142   -0.019002    0.486114
 45   42.458054   -0.000015   -0.000011    0.038089    0.005115    0.298236
 46   42.267914    0.000000   -0.000002    0.079349    0.025359    0.481388
 47   42.505875   -0.000031    0.000008    0.047936    0.034744    0.273791
 48   42.233124    0.000061   -0.000015   -0.043762   -0.057019   -0.336884
 49   42.352203    0.000000    0.000000   -0.055065   -0.050049   -0.438082
 50   42.391663   -0.000031   -0.000007   -0.019353   -0.007775   -0.151921
 51   42.497681   -0.000019   -0.000017   -0.011564   -0.003088   -0.098534
 52   42.272705   -0.000019    0.000000   -0.007516   -0.001355   -0.068947
 53   29.239347   50.706890  -91.389076   -0.564654    0.370347    1.615917
 54   42.375076   -0.000002   -0.000023   -0.040204    0.056728    0.026764
 55   42.546036    0.000032    0.000015   -0.002676    0.046788    0.078329
 56   42.234512   -0.000034    0.000008   -0.064242    0.069763   -0.045175
 57   42.464996    0.000063    0.000000   -0.132393    0.090299   -0.176949
 58   42.458038    0.000038   -0.000025   -0.075180    0.060069   -0.074288
 59   42.268005   -0.000122    0.000004   -0.050287    0.045615   -0.046940
 60   42.505890    0.000130   -0.000011   -0.006994    0.019115   -0.000059
 61   42.233215   -0.000069   -0.000008   -0.083994    0.101017   -0.114469
 62   42.352234   -0.000092   -0.000023   -0.114449    0.128439   -0.142879
 63   42.391754    0.000031   -0.000015   -0.054865    0.068736   -0.060076
 64   42.497589    0.000092   -0.000061   -0.032504    0.045743   -0.035290
 65   42.272705    0.000000   -0.000031   -0.023106    0.034330   -0.024781
 66   29.239317  -56.044857  -91.389069    1.264043    2.425868    0.635045
 67   42.375114    0.000011    0.000000    0.150848   -0.227492    0.039556
 68   42.546089    0.000011    0.000011    0.114251   -0.328095    0.115798
 69   42.234467    0.000050   -0.000006    0.097955   -0.275832    0.140278
 70   42.465012   -0.000018    0.000023   -0.005055    0.090656   -0.058315
 71   42.458160    0.000013   -0.000011    0.015639    0.066133   -0.014121
 72   42.267914   -0.000057    0.000013   -0.003490    0.041203   -0.077698
 73   42.505920    0.000061    0.000025   -0.097774    0.137504   -0.255393
 74   42.233093    0.000015   -0.000011   -0.145716    0.168841   -0.273553
 75   42.352142   -0.000046   -0.000031    0.108518   -0.298117   -0.027982
 76   42.391785    0.000015   -0.000024    0.125424   -0.194896    0.024450
 77   42.497620    0.000000    0.000008    0.059803   -0.083511    0.005532
 78   42.272675    0.000000    0.000000    0.046904   -0.057431    0.007282
 79   29.239313 -106.786224    1.740910   -0.129176    0.492839   -1.728523
 80   42.375076   -0.000008   -0.000019   -0.454466   -0.190472    0.936583
 81   42.546021    0.000008    0.000000   -0.017219   -0.081806    0.075297
 82   42.234497    0.000000   -0.000008    0.040632    0.081827   -0.394818
 83   42.465088    0.000008   -0.000004    0.053055    0.053110   -0.450400
 84   42.458054    0.000008   -0.000004    0.054127    0.028201   -0.704495
 85   42.267929    0.000000   -0.000008    0.007135   -0.008035   -0.393268
 86   42.505936    0.000000    0.000017    0.000393    0.000748    0.028266
 87   42.233109    0.000000   -0.000016   -0.002773    0.008451    0.319699
 88   42.352234   -0.000015    0.000002   -0.021151    0.007879    0.353666
 89   42.391693    0.000000   -0.000004   -0.023661    0.000042    0.229502
 90   42.497559    0.000004   -0.000023   -0.022343   -0.004101    0.175576
 91   42.272461   -0.000004    0.000011   -0.010547   -0.003451    0.075942
time 26
  0    0.000000    0.000000    0.000000    0.000000   -0.000000    0.000000
  1    0.000000    0.000000    0.000000    0.000000   -0.000000    0.000000
  2    0.000000    0.000000    5.633331    0.646913   -1.711985    0.785399
  3   50.309212   -0.435478    0.000003   -0.000017   -0.199896    0.014098
  4   30.891548   -0.000011   -0.000002   -0.067582   -0.202871    0.015443
  5   34.635597    0.000007   -0.000006   -0.062491   -0.202469    0.042349
  6   30.584290    0.000018   -0.000004   -0.058935   -0.440116    0.067375
  7   31.520187    0.000003    0.000000   -0.032113   -0.418902    0.074508
  8   34.241203  -28.000034  -41.878006    0.982688   -0.446392    0.299298
  9   34.241127   23.441809  -41.878113   -0.982693   -0.446393   -0.299293
 10   35.246689  -52.543095    1.319138   -0.000000   -0.000000    0.551933
 11   35.246544   52.726322    1.318924   -0.000000    0.000000   -0.551930
 12   34.830017  -24.891926   45.588608   -0.980668    0.453446    0.287564
 13   34.885788   27.636593   43.767822    0.980664    0.453445   -0.287563
 14   29.239311  -51.573345   94.292953    0.544520   -0.303123   -1.326919
 15   42.375061    0.000004   -0.000008   -0.422634    0.421792    0.404136
 16   42.546082    0.000011    0.000008   -0.225958    0.189705    0.500103
 17   42.234497    0.000015    0.000008   -0.033823   -0.009054    0.063750
 18   42.465012    0.000015    0.000023    0.165808   -0.112383   -0.417571
 19   42.458145   -0.000107    0.000023    0.347927   -0.238675   -0.530889
 20   42.267975    0.000046   -0.000031    0.311374   -0.247289   -0.423306
 21   42.505844    0.000000   -0.000061    0.323778   -0.371673   -0.405744
 22   42.233208    0.000000   -0.000031    0.091192   -0.196671   -0.128948
 23   42.352249    0.000000    0.000061    0.067063   -0.174636   -0.138492
 24   42.391716    0.000000    0.000061    0.060642   -0.224273   -0.156733
 25   42.497444   -0.000015    0.000000    0.029515   -0.198986   -0.117601
 26   42.272839    0.000015   -0.000031    0.005548   -0.122984   -0.069064
 27   29.239334   55.382607   92.214996    1.743623   -0.519430    0.098120
 28   42.375053    0.000004   -0.000011    0.081347    0.184864    0.009888
 29   42.546097    0.000000    0.000004    0.049230    0.132509   -0.039427
 30   42.234467    0.000061   -0.000015    0.027892    0.112598    0.004094
 31   42.465012   -0.000061   -0.000023   -0.015074    0.352592    0.226240
 32   42.458115    0.000008   -0.000008   -0.021231    0.548342    0.404314
 33   42.267944   -0.000046    0.000015   -0.034645    0.229703    0.157664
 34   42.506073    0.000046    0.000015   -0.034198    0.114093    0.061972
 35   42.233063   -0.000031    0.000000    0.082683   -0.085585   -0.256604
 36   42.352173   -0.000092    0.000031    0.092020   -0.071084   -0.174046
 37   42.391754    0.000042    0.000031    0.068659   -0.043115   -0.095358
 38   42.497681    0.000038    0.000015    0.048054   -0.032965   -0.061566
 39   42.272614    0.000099    0.000000    0.016666   -0.010196   -0.017040
 40   29.239349  106.746651    1.740830    0.149548   -0.366599    1.271383
 41   42.375061    0.000002    0.000000   -0.178096    0.146986   -0.601339
 42   42.546097    0.000008   -0.000004   -0.014089    0.076222   -0.197535
 43   42.234482   -0.000015   -0.000007   -0.001133   -0.009335    0.341808
 44   42.465088    0.000015   -0.000012    0.035971   -0.022083    0.534329
 45   42.458099    0.000000   -0.000008    0.047791    0.006414    0.331820
 46   42.268005    0.000015   -0.000010    0.104349    0.034848    0.551809
 47   42.505890    0.000000    0.000000    0.051766    0.042732    0.266619
 48   42.233131    0.000000   -0.000008   -0.049995   -0.074524   -0.363622
 49   42.352219   -0.000031   -0.000004   -0.066666   -0.067968   -0.491621
 50   42.391663   -0.000008   -0.000009   -0.023192   -0.009679   -0.163228
 51   42.497650    0.000010   -0.000012   -0.013282   -0.003607   -0.101728
 52   42.272705    0.000023   -0.000003   -0.008453   -0.001538   -0.069820
 53   29.239338   50.706909  -91.389084   -0.610683    0.346621    1.576255
 54   42.375099   -0.000010   -0.000008   -0.015710    0.045818    0.056083
 55   42.546059    0.000023    0.000008    0.017791    0.026194    0.099632
 56   42.234558   -0.000019    0.000000   -0.045785    0.050725   -0.019707
 57   42.465027    0.000036    0.000008   -0.129666    0.090365   -0.164802
 58   42.458130    0.000038    0.000013   -0.080607    0.065335   -0.079094
 59   42.267975   -0.000114   -0.000015   -0.047099    0.030983   -0.050698
 60   42.505951    0.000084    0.000019    0.009629   -0.020247    0.001822
 61   42.233185   -0.000084   -0.000004   -0.104520    0.096859   -0.132669
 62   42.352295    0.000000   -0.000004   -0.158374    0.162126   -0.167542
 63   42.391754    0.000031    0.000031   -0.063740    0.078016   -0.060292
 64   42.497528    0.000015    0.000015   -0.035820    0.049262   -0.033695
 65   42.272736    0.000031    0.000000   -0.024638    0.036014   -0.022814
 66   29.239315  -56.044872  -91.389046    1.192500    2.422499    0.565148
 67   42.375088   -0.000008    0.000008    0.147881   -0.251417    0.038406
 68   42.546097    0.000008    0.000031    0.110164   -0.369755    0.119744
 69   42.234436    0.000040    0.000008    0.091176   -0.257218    0.122517
 70   42.464981   -0.000021    0.000008    0.004722    0.086770   -0.032883
 71   42.458099    0.000032    0.000008    0.027549    0.032699    0.010675
 72   42.267914   -0.000059    0.000008   -0.002062    0.033559   -0.093425
 73   42.505920    0.000038   -0.000004   -0.084946    0.112163   -0.243251
 74   42.233093    0.000015   -0.000027   -0.094213    0.062827   -0.212723
 75   42.352142   -0.000015    0.000023    0.030414   -0.137768   -0.077569
 76   42.391815    0.000031    0.000004    0.021417   -0.065974   -0.044094
 77   42.497498    0.000092    0.000011    0.004872   -0.034256   -0.034580
 78   42.272614    0.000031   -0.000011    0.003603   -0.025219   -0.025236
 79   29.239311 -106.786270    1.740912   -0.143517    0.482047   -1.947238
 80   42.375084    0.000000    0.000000   -0.457978   -0.126835    0.938740
 81   42.546051   -0.000023   -0.000001   -0.065032   -0.143125    0.219324
 82   42.234482    0.000015   -0.000008    0.043055    0.075667   -0.351866
 83   42.465027    0.000015   -0.000003    0.053011    0.057244   -0.399628
 84   42.458054    0.000000   -0.000004    0.059146    0.031328   -0.585447
 85   42.267929    0.000000   -0.000010    0.019330   -0.005662   -0.494269
 86   42.505951   -0.000031    0.000010   -0.000097   -0.000553   -0.018523
 87   42.233109   -0.000061   -0.000013   -0.003157    0.008306    0.283028
 88   42.352356   -0.000015   -0.000003   -0.023001    0.008854    0.356113
 89   42.391663    0.000008   -0.000010   -0.024774    0.000174    0.220046
 90   42.497589   -0.000011   -0.000025   -0.023784   -0.004088    0.171240
 91   42.272614   -0.000004    0.000033   -0.011837   -0.003687    0.077723
time 27
  0    0.000000    0.000000    0.000000    0.000000   -0.000000    0.000000
  1    0.000000    0.000000    0.000000    0.000000   -0.000000    0.000000
  2    0.000000    0.000000    7.299997    0.633935   -1.724963    0.785399
  3   50.309216   -0.435479    0.000003   -0.000017   -0.199896    0.014098
  4   30.891544   -0.000010    0.000002   -0.073918   -0.201625    0.018211
  5   34.635605    0.000008    0.000002   -0.068347   -0.201185    0.046318
  6   30.584290    0.000019    0.000000   -0.064458   -0.438773    0.073689
  7   31.520180    0.000002    0.000000   -0.035123   -0.417643    0.081491
  8   34.241188  -28.000027  -41.878021    0.981688   -0.450237    0.301961
  9   34.241119   23.441799  -41.878098   -0.981693   -0.450238   -0.301956
 10   35.246689  -52.543079    1.319138   -0.000000   -0.000000    0.556502
 11   35.246536   52.726318    1.318924   -0.000000    0.000000   -0.556499
 12   34.830017  -24.891918   45.588600   -0.979645    0.457287    0.290242
 13   34.885765   27.636593   43.767822    0.979640    0.457286   -0.290241
 14   29.239319  -51.573364   94.292984    0.468449   -0.234503   -1.280471
 15   42.375076    0.000004    0.000000   -0.384462    0.298210    0.372692
 16   42.546074    0.000031    0.000015   -0.212017    0.129105    0.410778
 17   42.234467    0.000008    0.000000   -0.037419   -0.010164    0.071189
 18   42.464966    0.000023    0.000008    0.142175   -0.094221   -0.337208
 19   42.458069   -0.000099    0.000000    0.337716   -0.222358   -0.501426
 20   42.267975    0.000008    0.000008    0.431041   -0.331273   -0.544121
 21   42.505936   -0.000061   -0.000046    0.410269   -0.586622   -0.531390
 22   42.233170    0.000000   -0.000061    0.030718   -0.136701   -0.077763
 23   42.352272    0.000015    0.000031   -0.001630    0.061477   -0.046758
 24   42.391769   -0.000046   -0.000031   -0.003724    0.072528   -0.071301
 25   42.497520    0.000031   -0.000061    0.015134    0.030716   -0.093144
 26   42.272842    0.000000   -0.000061    0.013644    0.019727   -0.063252
 27   29.239342   55.382660   92.214981    1.745359   -0.648618    0.157362
 28   42.375061   -0.000008   -0.000008    0.078830    0.191426   -0.024815
 29   42.546112   -0.000015    0.000015    0.050310    0.123996   -0.055471
 30   42.234467    0.000046   -0.000042    0.029004    0.106534    0.009371
 31   42.465073   -0.000065   -0.000023   -0.009515    0.246306    0.136401
 32   42.458069    0.000000   -0.000038   -0.044608    0.361622    0.136911
 33   42.267914   -0.000046   -0.000031   -0.014948    0.119377    0.014450
 34   42.506104    0.000084   -0.000015   -0.046700    0.108613    0.039723
 35   42.233154   -0.000023    0.000015   -0.097414    0.172813    0.084080
 36   42.352234   -0.000092   -0.000031   -0.077434    0.146360    0.090004
 37   42.391724    0.000046    0.000000   -0.052470    0.110450    0.080473
 38   42.497650    0.000015    0.000061   -0.033383    0.064367    0.052586
 39   42.272583    0.000092    0.000061   -0.002465    0.010546    0.009238
 40   29.239342  106.746658    1.740846    0.164387   -0.401609    1.178256
 41   42.375084    0.000004   -0.000011   -0.202631    0.183110   -0.641432
 42   42.546104    0.000015    0.000002   -0.008114    0.072339   -0.149780
 43   42.234497    0.000023    0.000003   -0.005403   -0.011235    0.361534
 44   42.465103    0.000000   -0.000002    0.039677   -0.025496    0.578024
 45   42.458099    0.000015    0.000003    0.057433    0.007495    0.361075
 46   42.267868    0.000000    0.000010    0.127788    0.043939    0.603862
 47   42.505875   -0.000061    0.000008    0.056952    0.051455    0.269046
 48   42.233101    0.000000    0.000008   -0.052572   -0.086628   -0.360558
 49   42.352234    0.000000    0.000011   -0.078107   -0.090603   -0.546759
 50   42.391724   -0.000015   -0.000001   -0.028147   -0.012439   -0.179751
 51   42.497681   -0.000015   -0.000009   -0.015255   -0.004265   -0.106252
 52   42.272797   -0.000010   -0.000002   -0.009523   -0.001771   -0.071683
 53   29.239330   50.706921  -91.389107   -0.645618    0.323185    1.547702
 54   42.375092   -0.000019    0.000015    0.004492    0.038133    0.079069
 55   42.546074    0.000029    0.000023    0.030449    0.012458    0.109159
 56   42.234512   -0.000032    0.000008   -0.034390    0.041562   -0.003062
 57   42.464996    0.000044    0.000015   -0.126149    0.099647   -0.147693
 58   42.458069    0.000040    0.000038   -0.088816    0.084698   -0.082897
 59   42.267944   -0.000069    0.000038   -0.028053    0.000736   -0.038641
 60   42.505890    0.000061    0.000031    0.058760   -0.104381    0.026274
 61   42.233215   -0.000050   -0.000011   -0.079727    0.028546   -0.123685
 62   42.352295   -0.000008    0.000038   -0.243776    0.177984   -0.226841
 63   42.391724    0.000015   -0.000008   -0.089372    0.085395   -0.072820
 64   42.497589    0.000046    0.000000   -0.048898    0.052604   -0.039077
 65   42.272736    0.000046    0.000000   -0.033047    0.038200   -0.025617
 66   29.239304  -56.044903  -91.389008    1.122701    2.422854    0.494835
 67   42.375092   -0.000008   -0.000008    0.143112   -0.279670    0.038725
 68   42.546120   -0.000019    0.000015    0.104297   -0.416655    0.125268
 69   42.234467    0.000032   -0.000008    0.085045   -0.238517    0.110209
 70   42.465057   -0.000042    0.000023    0.015366    0.073969   -0.003006
 71   42.458130    0.000015    0.000019    0.032991    0.009629    0.019952
 72   42.267914   -0.000046    0.000023   -0.001978    0.029566   -0.114017
 73   42.505951    0.000061    0.000034   -0.056143    0.060640   -0.194718
 74   42.233124    0.000015    0.000015   -0.087211    0.049474   -0.203463
 75   42.352173   -0.000015    0.000019   -0.067640    0.021483   -0.161234
 76   42.391785    0.000015   -0.000008   -0.041699    0.022838   -0.092256
 77   42.497528    0.000031    0.000008   -0.035005    0.019775   -0.063058
 78   42.272705    0.000061    0.000023   -0.027829    0.016202   -0.046047
 79   29.239311 -106.786324    1.740892   -0.157165    0.464509   -2.089553
 80   42.375099    0.000000    0.000000   -0.420478   -0.087169    0.857386
 81   42.546005    0.000004   -0.000002   -0.138334   -0.192529    0.380081
 82   42.234528   -0.000008   -0.000004    0.043603    0.062222   -0.300301
 83   42.465042   -0.000008   -0.000001    0.054606    0.064935   -0.378480
 84   42.458069    0.000000   -0.000003    0.058157    0.030111   -0.463075
 85   42.267960    0.000000   -0.000004    0.033742    0.001094   -0.556454
 86   42.506012    0.000000    0.000011    0.000460   -0.002742   -0.085781
 87   42.233109    0.000000   -0.000018   -0.003022    0.007612    0.237620
 88   42.352386    0.000000   -0.000004   -0.024438    0.010113    0.364051
 89   42.391754   -0.000015   -0.000011   -0.025595    0.000442    0.212576
 90   42.497589   -0.000027   -0.000022   -0.025024   -0.003938    0.168047
 91   42.272552   -0.000027    0.000027   -0.013297   -0.003903    0.080925
time 28
  0    0.000000    0.000000    0.000000    0.000000   -0.000000    0.000000
  1    0.000000    0.000000    0.000000    0.000000   -0.000000    0.000000
  2    0.000000    0.000000    8.966664    0.622737   -1.736161    0.785399
  3   50.309212   -0.435479    0.000003   -0.000017   -0.199896    0.014098
  4   30.891544   -0.000010    0.000002   -0.079384   -0.200551    0.020600
  5   34.635597    0.000008    0.000004   -0.073400   -0.200078    0.049743
  6   30.584297    0.000019   -0.000004   -0.069224   -0.437615    0.079137
  7   31.520187    0.000006    0.000008   -0.037720   -0.416557    0.087516
  8   34.241180  -28.000027  -41.877991    0.980825   -0.453555    0.304259
  9   34.241112   23.441803  -41.878082   -0.980830   -0.453556   -0.304254
 10   35.246681  -52.543079    1.319138   -0.000000   -0.000000    0.560443
 11   35.246529   52.726315    1.318939   -0.000000    0.000000   -0.560440
 12   34.830009  -24.891926   45.588615   -0.978762    0.460601    0.292552
 13   34.885773   27.636591   43.767830    0.978757    0.460600   -0.292552
 14   29.239330  -51.573353   94.292992    0.397097   -0.171211   -1.241746
 15   42.375069   -0.000008    0.000000   -0.335691    0.184886    0.341287
 16   42.546066    0.000042    0.000015   -0.186120    0.072891    0.331488
 17   42.234467    0.000031    0.000015   -0.038454   -0.013244    0.071161
 18   42.464996    0.000038   -0.000015    0.113554   -0.077115   -0.258608
 19   42.458069   -0.000046    0.000000    0.347126   -0.215389   -0.502488
 20   42.267883    0.000061    0.000008    0.528573   -0.403401   -0.640778
 21   42.505905    0.000000    0.000061    0.389922   -0.685259   -0.539188
 22   42.233131    0.000000    0.000000    0.009994   -0.098543   -0.051502
 23   42.352249    0.000000    0.000061   -0.005167    0.145677   -0.003051
 24   42.391743   -0.000046    0.000031   -0.062263    0.355083    0.009398
 25   42.497498    0.000031   -0.000031   -0.119297    0.317775    0.005856
 26   42.272858    0.000061   -0.000015   -0.141501    0.224166    0.031680
 27   29.239342   55.382622   92.215004    1.688361   -0.869528    0.324658
 28   42.375076    0.000000   -0.000008    0.063385    0.146320   -0.118718
 29   42.546127   -0.000008    0.000002    0.053617    0.082073   -0.081926
 30   42.234482    0.000046   -0.000011    0.038139    0.049901   -0.034368
 31   42.465088   -0.000069   -0.000008    0.039388   -0.010056   -0.078085
 32   42.458130   -0.000031    0.000000   -0.035730    0.307078    0.052789
 33   42.267944   -0.000042    0.000008   -0.066465    0.241551    0.084054
 34   42.506042    0.000061    0.000000   -0.074365    0.158159    0.067653
 35   42.233063   -0.000023    0.000000   -0.148751    0.269504    0.157255
 36   42.352325   -0.000092    0.000000   -0.117423    0.225383    0.187466
 37   42.391693    0.000061    0.000031   -0.063819    0.139489    0.150315
 38   42.497635    0.000000    0.000031   -0.035563    0.077711    0.096669
 39   42.272659    0.000153   -0.000031   -0.005106    0.017242    0.023187
 40   29.239349  106.746651    1.740838    0.177305   -0.429882    1.097723
 41   42.375092    0.000011    0.000004   -0.220313    0.216728   -0.663255
 42   42.546097    0.000000    0.000000   -0.004815    0.068104   -0.114932
 43   42.234467    0.000031   -0.000006   -0.009317   -0.012037    0.369311
 44   42.465057   -0.000008   -0.000009    0.042046   -0.028648    0.613403
 45   42.458084   -0.000008   -0.000010    0.065910    0.008242    0.384114
 46   42.267899    0.000000    0.000002    0.147307    0.051528    0.638680
 47   42.505905   -0.000031    0.000015    0.062675    0.059950    0.276318
 48   42.233139    0.000000   -0.000015   -0.052682   -0.092846   -0.341893
 49   42.352249    0.000000    0.000004   -0.087223   -0.113774   -0.591319
 50   42.391663    0.000000    0.000002   -0.033861   -0.015968   -0.199848
 51   42.497589    0.000000   -0.000013   -0.017231   -0.004970   -0.111083
 52   42.272736    0.000008   -0.000000   -0.010580   -0.002015   -0.073876
 53   29.239326   50.706898  -91.389137   -0.665821    0.301895    1.532516
 54   42.375069   -0.000002    0.000000    0.018306    0.035329    0.094677
 55   42.546089    0.000046   -0.000015    0.035161    0.006809    0.109293
 56   42.234512   -0.000029    0.000000   -0.026514    0.035832    0.008015
 57   42.465012    0.000055   -0.000015   -0.114907    0.100519   -0.123511
 58   42.458099    0.000038   -0.000011   -0.097504    0.107865   -0.085258
 59   42.268005   -0.000092   -0.000023   -0.014141   -0.018620   -0.026566
 60   42.505920    0.000107    0.000019    0.111415   -0.189114    0.056031
 61   42.233215   -0.000092    0.000008    0.014030   -0.081430   -0.065086
 62   42.352325   -0.000034   -0.000046   -0.348051    0.152610   -0.304880
 63   42.391693    0.000046   -0.000008   -0.136630    0.091536   -0.097449
 64   42.497650    0.000092    0.000015   -0.071401    0.054665   -0.048789
 65   42.272766    0.000015    0.000015   -0.047802    0.040114   -0.031018
 66   29.239319  -56.044880  -91.389069    1.059280    2.425442    0.427805
 67   42.375080    0.000004    0.000008    0.134596   -0.325770    0.046402
 68   42.546120    0.000004    0.000034    0.094174   -0.486512    0.145940
 69   42.234467    0.000052   -0.000023    0.077805   -0.206012    0.098938
 70   42.465012   -0.000029    0.000008    0.022788    0.061736    0.019842
 71   42.458115    0.000032   -0.000031    0.033873   -0.000283    0.011075
 72   42.267944   -0.000046    0.000000   -0.003902    0.032701   -0.139645
 73   42.505951    0.000023    0.000023   -0.029382    0.010389   -0.140082
 74   42.233154   -0.000023   -0.000023   -0.106418    0.090821   -0.224763
 75   42.352173    0.000000   -0.000023   -0.157675    0.167220   -0.253362
 76   42.391785    0.000015    0.000000   -0.080170    0.107154   -0.127638
 77   42.497589    0.000000    0.000000   -0.053156    0.075099   -0.078163
 78   42.272705    0.000061    0.000015   -0.036896    0.056002   -0.052641
 79   29.239304 -106.786240    1.740910   -0.168968    0.449148   -2.177133
 80   42.375111    0.000000   -0.000004   -0.367968   -0.065337    0.749260
 81   42.546036   -0.000023    0.000000   -0.215667   -0.213373    0.524221
 82   42.234512   -0.000015   -0.000019    0.040904    0.041361   -0.240970
 83   42.465057    0.000015   -0.000009    0.057613    0.075270   -0.378483
 84   42.458099   -0.000011   -0.000009    0.054468    0.027567   -0.373661
 85   42.267883    0.000000   -0.000013    0.044948    0.008295   -0.555937
 86   42.505997    0.000000    0.000017    0.003307   -0.005299   -0.168408
 87   42.233078    0.000000   -0.000011   -0.002624    0.006513    0.190069
 88   42.352325    0.000061   -0.000009   -0.025311    0.011374    0.372882
 89   42.391724    0.000015   -0.000010   -0.026179    0.000774    0.207456
 90   42.497528   -0.000004   -0.000011   -0.025974   -0.003712    0.165722
 91   42.272461   -0.000008    0.000010   -0.014720   -0.004072    0.084571
time 29
  0    0.000000    0.000000    0.000000    0.000000   -0.000000    0.000000
  1    0.000000    0.000000    0.000000    0.000000   -0.000000    0.000000
  2    0.000000    0.000000   11.049997    0.614315   -1.744584    0.785399
  3   50.309219   -0.435479    0.000003   -0.000017   -0.199896    0.014098
  4   30.891544   -0.000011   -0.000004   -0.083495   -0.199742    0.022396
  5   34.635605    0.000008   -0.000008   -0.077201   -0.199246    0.052319
  6   30.584290    0.000020    0.000000   -0.072808   -0.436744    0.083235
  7   31.520172    0.000002    0.000008   -0.039673   -0.415740    0.092048
  8   34.241188  -28.000027  -41.878021    0.980176   -0.456050    0.305988
  9   34.241119   23.441814  -41.878098   -0.980181   -0.456051   -0.305983
 10   35.246704  -52.543087    1.319138   -0.000000    0.000000    0.563408
 11   35.246536   52.726322    1.318924   -0.000000    0.000000   -0.563405
 12   34.830032  -24.891926   45.588608   -0.978097    0.463094    0.294291
 13   34.885780   27.636593   43.767838    0.978093    0.463093   -0.294290
 14   29.239334  -51.573353   94.292992    0.345363   -0.118672   -1.220254
 15   42.375069    0.000015    0.000000   -0.287528    0.090424    0.317426
 16   42.546104    0.000046    0.000008   -0.157440    0.028266    0.272371
 17   42.234467    0.000038    0.000015   -0.035879   -0.017569    0.063937
 18   42.465012    0.000046    0.000023    0.087885   -0.064258   -0.196495
 19   42.458069   -0.000061    0.000031    0.500708   -0.257962   -0.681007
 20   42.268005    0.000031    0.000015    0.470150   -0.461947   -0.554271
 21   42.505920   -0.000031    0.000000    0.226102   -0.571287   -0.347237
 22   42.233185   -0.000015    0.000000    0.009952   -0.112915   -0.052946
 23   42.352318    0.000031    0.000031   -0.005832    0.176259    0.005061
 24   42.391716   -0.000031   -0.000031   -0.116340    0.528461    0.046276
 25   42.497437    0.000031    0.000031   -0.252464    0.440358    0.080126
 26   42.272827    0.000046   -0.000017   -0.232334    0.229834    0.109971
 27   29.239349   55.382641   92.214989    1.393337   -1.130137    0.761907
 28   42.375076   -0.000011    0.000005    0.050482    0.001417   -0.278127
 29   42.546112   -0.000025    0.000008    0.062297   -0.005521   -0.146837
 30   42.234467    0.000034   -0.000004    0.052263   -0.020208   -0.102003
 31   42.465073   -0.000069   -0.000008    0.078599   -0.138544   -0.179496
 32   42.458130    0.000000    0.000015    0.000171    0.188702   -0.001922
 33   42.267914   -0.000046    0.000038   -0.098388    0.384207    0.121492
 34   42.506012    0.000038    0.000031   -0.084621    0.187465    0.068107
 35   42.233124   -0.000061    0.000000   -0.164096    0.300189    0.149722
 36   42.352264   -0.000092    0.000031   -0.156743    0.312481    0.241292
 37   42.391754    0.000061   -0.000061   -0.076116    0.165523    0.183668
 38   42.497635    0.000061    0.000000   -0.042635    0.096550    0.127888
 39   42.272614    0.000122    0.000031   -0.013644    0.036417    0.053210
 40   29.239361  106.746674    1.740840    0.187093   -0.453834    1.056081
 41   42.375092    0.000011    0.000000   -0.237936    0.239555   -0.689730
 42   42.546135    0.000008   -0.000002   -0.003296    0.064553   -0.092727
 43   42.234467   -0.000015   -0.000004   -0.012166   -0.012635    0.374592
 44   42.465088    0.000000   -0.000009    0.043763   -0.030794    0.635633
 45   42.458084   -0.000008    0.000000    0.072280    0.008819    0.399095
 46   42.267929   -0.000015    0.000008    0.161727    0.057263    0.660330
 47   42.505920    0.000000    0.000000    0.066227    0.065775    0.278355
 48   42.233131    0.000031   -0.000031   -0.052433   -0.096071   -0.325994
 49   42.352280    0.000061   -0.000015   -0.093139   -0.131099   -0.617038
 50   42.391724    0.000000   -0.000010   -0.038691   -0.019147   -0.216078
 51   42.497650   -0.000019   -0.000014   -0.018772   -0.005528   -0.114589
 52   42.272675   -0.000016   -0.000003   -0.011398   -0.002205   -0.075497
 53   29.239342   50.706924  -91.389122   -0.657437    0.282915    1.541352
 54   42.375069   -0.000019    0.000000    0.017778    0.044360    0.096992
 55   42.546074    0.000040    0.000000    0.028918    0.012300    0.098602
 56   42.234543   -0.000019    0.000008   -0.022348    0.033534    0.013956
 57   42.465027    0.000069   -0.000023   -0.096668    0.092451   -0.094230
 58   42.458038    0.000034   -0.000008   -0.102336    0.127136   -0.083102
 59   42.268005   -0.000095    0.000004   -0.006261   -0.026387   -0.015711
 60   42.505951    0.000095   -0.000015    0.148740   -0.252660    0.081412
 61   42.233154   -0.000055    0.000000    0.148326   -0.200418    0.041608
 62   42.352234   -0.000019    0.000015   -0.367707    0.061790   -0.344964
 63   42.391754    0.000031   -0.000046   -0.212686    0.083313   -0.141484
 64   42.497650    0.000031   -0.000023   -0.104864    0.048294   -0.064527
 65   42.272766    0.000031   -0.000004   -0.071837    0.037628   -0.040707
 66   29.239326  -56.044861  -91.389069    1.005420    2.434425    0.365493
 67   42.375095    0.000031    0.000000    0.121180   -0.382658    0.060946
 68   42.546089    0.000004    0.000019    0.077889   -0.561564    0.176153
 69   42.234482    0.000035   -0.000019    0.070624   -0.164141    0.085771
 70   42.465012   -0.000023   -0.000008    0.028332    0.044163    0.039719
 71   42.458115    0.000031    0.000000    0.033093    0.000029   -0.006603
 72   42.267914   -0.000050   -0.000019   -0.003967    0.033843   -0.155121
 73   42.505981    0.000061    0.000004   -0.014002   -0.019852   -0.103129
 74   42.233154   -0.000008    0.000000   -0.123310    0.135243   -0.243987
 75   42.352173   -0.000061   -0.000008   -0.230676    0.294957   -0.343980
 76   42.391754    0.000031   -0.000031   -0.095897    0.182368   -0.152206
 77   42.497528    0.000092    0.000000   -0.050041    0.114634   -0.081380
 78   42.272644    0.000031    0.000031   -0.029300    0.078323   -0.050262
 79   29.239311 -106.786263    1.740906   -0.177862    0.435455   -2.240272
 80   42.375092   -0.000008   -0.000011   -0.322839   -0.050281    0.664366
 81   42.546036   -0.000004   -0.000004   -0.275700   -0.211482    0.629926
 82   42.234512    0.000008   -0.000004    0.034908    0.017627   -0.182607
 83   42.465088   -0.000008   -0.000007    0.060981    0.085833   -0.388826
 84   42.458084   -0.000004    0.000001    0.051437    0.025735   -0.322045
 85   42.267975   -0.000008   -0.000009    0.051031    0.012803   -0.525184
 86   42.505936   -0.000031    0.000018    0.007853   -0.006885   -0.240123
 87   42.233017    0.000000   -0.000006   -0.002187    0.005407    0.150861
 88   42.352325    0.000000    0.000004   -0.025280    0.012228    0.375104
 89   42.391754   -0.000031   -0.000007   -0.026905    0.001190    0.207839
 90   42.497559   -0.000023   -0.000024   -0.026661   -0.003483    0.164543
 91   42.272522   -0.000013    0.000022   -0.015956   -0.004197    0.088155
time 30
  0    0.000000    0.000000    0.000000    0.000000   -0.000000    0.000000
  1    0.000000    0.000000    0.000000    0.000000   -0.000000    0.000000
  2    0.000000    0.000000   12.299998    0.610864   -1.748034    0.785399
  3   50.309216   -0.435480    0.000004   -0.000017   -0.199896    0.014098
  4   30.891537   -0.000010   -0.000002   -0.085180   -0.199411    0.023132
  5   34.635605    0.000007   -0.000004   -0.078758   -0.198905    0.053374
  6   30.584282    0.000022   -0.000011   -0.074276   -0.436387    0.084914
  7   31.520187    0.000000   -0.000008   -0.040473   -0.415405    0.093904
  8   34.241203  -28.000034  -41.878021    0.979910   -0.457073    0.306696
  9   34.241119   23.441814  -41.878113   -0.979915   -0.457074   -0.306691
 10   35.246712  -52.543091    1.319122   -0.000000    0.000000    0.564623
 11   35.246544   52.726322    1.318909   -0.000000    0.000000   -0.564620
 12   34.830002  -24.891922   45.588585   -0.977825    0.464116    0.295003
 13   34.885765   27.636589   43.767807    0.977821    0.464114   -0.295002
 14   29.239311  -51.573338   94.292931    0.323504   -0.093314   -1.213891
 15   42.375061    0.000000    0.000000   -0.260375    0.041681    0.306692
 16   42.546089    0.000038    0.000008   -0.142655    0.009136    0.246814
 17   42.234497    0.000034    0.000023   -0.033575   -0.019990    0.058648
 18   42.464996    0.000053   -0.000008    0.070302   -0.058414   -0.157790
 19   42.458038   -0.000038    0.000008    0.608293   -0.286535   -0.813909
 20   42.267944    0.000015   -0.000015    0.400115   -0.482289   -0.474095
 21   42.505920   -0.000061    0.000000    0.133487   -0.417687   -0.226105
 22   42.233177   -0.000015    0.000000    0.017350   -0.163323   -0.067824
 23   42.352280   -0.000031    0.000061   -0.007532    0.176803    0.000689
 24   42.391731   -0.000031   -0.000031   -0.155980    0.609329    0.052767
 25   42.497498   -0.000031   -0.000031   -0.318344    0.466419    0.109068
 26   42.272797    0.000076   -0.000023   -0.250190    0.208921    0.132360
 27   29.239334   55.382610   92.214943    0.620890   -1.216177    1.663571
 28   42.375031    0.000000   -0.000012    0.072705   -0.199768   -0.451797
 29   42.546097   -0.000036    0.000025    0.080983   -0.136934   -0.260881
 30   42.234451    0.000038    0.000000    0.051847   -0.028192   -0.109581
 31   42.465042   -0.000061    0.000004    0.062623   -0.099759   -0.155689
 32   42.458099   -0.000015    0.000031    0.030998    0.070951   -0.050624
 33   42.267914   -0.000046    0.000000   -0.087378    0.407104    0.108710
 34   42.506012    0.000038    0.000046   -0.094668    0.226359    0.074354
 35   42.233124   -0.000031    0.000015   -0.149487    0.274455    0.117213
 36   42.352264   -0.000114    0.000000   -0.183969    0.374613    0.248730
 37   42.391754    0.000061   -0.000031   -0.095187    0.200965    0.207378
 38   42.497604    0.000092    0.000000   -0.050598    0.110091    0.141755
 39   42.272598    0.000122    0.000031   -0.020896    0.051110    0.073970
 40   29.239346  106.746605    1.740840    0.191120   -0.465636    1.048791
 41   42.375076   -0.000008   -0.000008   -0.248373    0.247041   -0.708326
 42   42.546097    0.000000   -0.000000   -0.002862    0.062915   -0.084237
 43   42.234436   -0.000023   -0.000001   -0.013274   -0.013022    0.378106
 44   42.465088   -0.000023   -0.000002    0.044651   -0.031527    0.642884
 45   42.458054   -0.000023   -0.000000    0.074894    0.009122    0.404405
 46   42.267868    0.000000    0.000002    0.167708    0.059747    0.668571
 47   42.505867    0.000031   -0.000008    0.066968    0.067608    0.276470
 48   42.233112    0.000031   -0.000023   -0.052535   -0.097540   -0.321010
 49   42.352249    0.000061   -0.000008   -0.095371   -0.137573   -0.624913
 50   42.391632    0.000000   -0.000007   -0.040583   -0.020407   -0.221833
 51   42.497620   -0.000011   -0.000011   -0.019372   -0.005739   -0.115776
 52   42.272705   -0.000018    0.000001   -0.011718   -0.002275   -0.076041
 53   29.239330   50.706886  -91.389038   -0.639829    0.272543    1.556661
 54   42.375076   -0.000011    0.000000    0.007248    0.058621    0.090189
 55   42.546074    0.000006    0.000023    0.016942    0.021591    0.083094
 56   42.234528   -0.000006   -0.000008   -0.020341    0.032894    0.017099
 57   42.465027    0.000059    0.000015   -0.076381    0.081456   -0.064734
 58   42.458069    0.000031   -0.000008   -0.102143    0.142330   -0.075827
 59   42.267944   -0.000107    0.000004   -0.001391   -0.027786   -0.004318
 60   42.505920    0.000099    0.000000    0.170993   -0.301443    0.104615
 61   42.233154   -0.000046    0.000000    0.248830   -0.297218    0.168114
 62   42.352295    0.000000    0.000000   -0.214630   -0.049612   -0.288885
 63   42.391724   -0.000005   -0.000031   -0.274668    0.037044   -0.199797
 64   42.497559    0.000061    0.000015   -0.128233    0.022084   -0.081693
 65   42.272766   -0.000015    0.000015   -0.097133    0.022282   -0.053983
 66   29.239315  -56.044876  -91.389015    0.981369    2.442415    0.335412
 67   42.375092   -0.000008   -0.000015    0.112719   -0.412234    0.070163
 68   42.546097    0.000004    0.000008    0.067539   -0.596383    0.192684
 69   42.234467    0.000015   -0.000011    0.067627   -0.144922    0.079545
 70   42.464996   -0.000021    0.000008    0.030130    0.035366    0.047395
 71   42.458084    0.000027   -0.000015    0.032655    0.002384   -0.015530
 72   42.267853   -0.000114   -0.000015   -0.003465    0.033982   -0.159488
 73   42.506012    0.000053    0.000015   -0.009871   -0.027713   -0.091609
 74   42.233124   -0.000031    0.000015   -0.125847    0.149367   -0.246451
 75   42.352203   -0.000061   -0.000023   -0.259912    0.348533   -0.385502
 76   42.391846    0.000031    0.000000   -0.098638    0.214719   -0.162580
 77   42.497528    0.000092    0.000000   -0.045080    0.127012   -0.081304
 78   42.272781    0.000031    0.000031   -0.024209    0.083451   -0.048644
 79   29.239323 -106.786240    1.740899   -0.181510    0.428379   -2.268853
 80   42.375092   -0.000008    0.000008   -0.303602   -0.043591    0.630941
 81   42.546051   -0.000011   -0.000004   -0.299777   -0.205925    0.672405
 82   42.234512   -0.000015   -0.000013    0.030799    0.005355   -0.154010
 83   42.465088    0.000000   -0.000004    0.062641    0.090971   -0.395544
 84   42.458038   -0.000019   -0.000001    0.050243    0.025066   -0.304098
 85   42.267883   -0.000023   -0.000007    0.052918    0.014345   -0.508585
 86   42.505981    0.000000    0.000016    0.010336   -0.007249   -0.269729
 87   42.233063   -0.000031   -0.000018   -0.001957    0.004875    0.133706
 88   42.352264    0.000000    0.000005   -0.025023    0.012537    0.374483
 89   42.391693   -0.000015   -0.000006   -0.027318    0.001428    0.209518
 90   42.497498   -0.000015   -0.000025   -0.026952   -0.003370    0.164327
 91   42.272491   -0.000017    0.000020   -0.016532   -0.004253    0.089981
end
