version 1
nodes
  0 "SK_Tyranopode"                -1
  1 "ROOT_"                        -1
  2 "TYRANOPODE_"                   1
  3 "TYRANOPODE_BODY_01"            2
  4 "TYRANOPODE_BODY_02"            3
  5 "TYRANOPODE_BODY_03"            4
  6 "TYRANOPODE_BODY_04"            5
  7 "TYRANOPODE_BODY_05"            6
  8 "TYRANOPODE_JAW_R_L"            7
  9 "TYRANOPODE_JAW_R_R"            7
 10 "TYRANOPODE_JAW_M_L"            7
 11 "TYRANOPODE_JAW_M_R"            7
 12 "TYRANOPODE_JAW_F_L"            7
 13 "TYRANOPODE_JAW_F_R"            7
 14 "TYRANOPODE_TENTACLE_F_L_001"   2
 15 "TYRANOPODE_TENTACLE_F_L_002"  14
 16 "TYRANOPODE_TENTACLE_F_L_003"  15
 17 "TYRANOPODE_TENTACLE_F_L_004"  16
 18 "TYRANOPODE_TENTACLE_F_L_005"  17
 19 "TYRANOPODE_TENTACLE_F_L_006"  18
 20 "TYRANOPODE_TENTACLE_F_L_007"  19
 21 "TYRANOPODE_TENTACLE_F_L_008"  20
 22 "TYRANOPODE_TENTACLE_F_L_009"  21
 23 "TYRANOPODE_TENTACLE_F_L_010"  22
 24 "TYRANOPODE_TENTACLE_F_L_011"  23
 25 "TYRANOPODE_TENTACLE_F_L_012"  24
 26 "TYRANOPODE_TENTACLE_F_L_013"  25
 27 "TYRANOPODE_TENTACLE_F_R_001"   2
 28 "TYRANOPODE_TENTACLE_F_R_002"  27
 29 "TYRANOPODE_TENTACLE_F_R_003"  28
 30 "TYRANOPODE_TENTACLE_F_R_004"  29
 31 "TYRANOPODE_TENTACLE_F_R_005"  30
 32 "TYRANOPODE_TENTACLE_F_R_006"  31
 33 "TYRANOPODE_TENTACLE_F_R_007"  32
 34 "TYRANOPODE_TENTACLE_F_R_008"  33
 35 "TYRANOPODE_TENTACLE_F_R_009"  34
 36 "TYRANOPODE_TENTACLE_F_R_010"  35
 37 "TYRANOPODE_TENTACLE_F_R_011"  36
 38 "TYRANOPODE_TENTACLE_F_R_012"  37
 39 "TYRANOPODE_TENTACLE_F_R_013"  38
 40 "TYRANOPODE_TENTACLE_M_R_001"   2
 41 "TYRANOPODE_TENTACLE_M_R_002"  40
 42 "TYRANOPODE_TENTACLE_M_R_003"  41
 43 "TYRANOPODE_TENTACLE_M_R_004"  42
 44 "TYRANOPODE_TENTACLE_M_R_005"  43
 45 "TYRANOPODE_TENTACLE_M_R_006"  44
 46 "TYRANOPODE_TENTACLE_M_R_007"  45
 47 "TYRANOPODE_TENTACLE_M_R_008"  46
 48 "TYRANOPODE_TENTACLE_M_R_009"  47
 49 "TYRANOPODE_TENTACLE_M_R_010"  48
 50 "TYRANOPODE_TENTACLE_M_R_011"  49
 51 "TYRANOPODE_TENTACLE_M_R_012"  50
 52 "TYRANOPODE_TENTACLE_M_R_013"  51
 53 "TYRANOPODE_TENTACLE_R_R_001"   2
 54 "TYRANOPODE_TENTACLE_R_R_002"  53
 55 "TYRANOPODE_TENTACLE_R_R_003"  54
 56 "TYRANOPODE_TENTACLE_R_R_004"  55
 57 "TYRANOPODE_TENTACLE_R_R_005"  56
 58 "TYRANOPODE_TENTACLE_R_R_006"  57
 59 "TYRANOPODE_TENTACLE_R_R_007"  58
 60 "TYRANOPODE_TENTACLE_R_R_008"  59
 61 "TYRANOPODE_TENTACLE_R_R_009"  60
 62 "TYRANOPODE_TENTACLE_R_R_010"  61
 63 "TYRANOPODE_TENTACLE_R_R_011"  62
 64 "TYRANOPODE_TENTACLE_R_R_012"  63
 65 "TYRANOPODE_TENTACLE_R_R_013"  64
 66 "TYRANOPODE_TENTACLE_R_L_001"   2
 67 "TYRANOPODE_TENTACLE_R_L_002"  66
 68 "TYRANOPODE_TENTACLE_R_L_003"  67
 69 "TYRANOPODE_TENTACLE_R_L_004"  68
 70 "TYRANOPODE_TENTACLE_R_L_005"  69
 71 "TYRANOPODE_TENTACLE_R_L_006"  70
 72 "TYRANOPODE_TENTACLE_R_L_007"  71
 73 "TYRANOPODE_TENTACLE_R_L_008"  72
 74 "TYRANOPODE_TENTACLE_R_L_009"  73
 75 "TYRANOPODE_TENTACLE_R_L_010"  74
 76 "TYRANOPODE_TENTACLE_R_L_011"  75
 77 "TYRANOPODE_TENTACLE_R_L_012"  76
 78 "TYRANOPODE_TENTACLE_R_L_013"  77
 79 "TYRANOPODE_TENTACLE_M_L_001"   2
 80 "TYRANOPODE_TENTACLE_M_L_002"  79
 81 "TYRANOPODE_TENTACLE_M_L_003"  80
 82 "TYRANOPODE_TENTACLE_M_L_004"  81
 83 "TYRANOPODE_TENTACLE_M_L_005"  82
 84 "TYRANOPODE_TENTACLE_M_L_006"  83
 85 "TYRANOPODE_TENTACLE_M_L_007"  84
 86 "TYRANOPODE_TENTACLE_M_L_008"  85
 87 "TYRANOPODE_TENTACLE_M_L_009"  86
 88 "TYRANOPODE_TENTACLE_M_L_010"  87
 89 "TYRANOPODE_TENTACLE_M_L_011"  88
 90 "TYRANOPODE_TENTACLE_M_L_012"  89
 91 "TYRANOPODE_TENTACLE_M_L_013"  90
end
skeleton
time 0
  0    0.000000    0.000000    0.000000    0.000000   -0.000000    0.000000
  1    0.000000    0.000000    0.000000    0.000000   -0.000000    0.000000
  2    0.000000    0.000000  -12.688735    0.785390   -1.573515    0.785390
  3   50.309212   -0.435479    0.000004   -0.000017   -0.199896    0.014098
  4   30.891541   -0.000011    0.000001    0.000017   -0.180273   -0.014097
  5   34.635597    0.000007   -0.000002   -0.000000   -0.232594   -0.000001
  6   30.584282    0.000018    0.000004   -0.000000   -0.470874    0.000001
  7   31.520187    0.000000    0.000000   -0.000000   -0.538270   -0.000001
  8   34.241192  -28.000036  -41.878006    0.979910   -0.457073    0.306696
  9   34.241123   23.441803  -41.878098   -0.979915   -0.457074   -0.306691
 10   35.246700  -52.543095    1.319138   -0.000000    0.000000    0.564623
 11   35.246532   52.726318    1.318924   -0.000000    0.000000   -0.564620
 12   34.830021  -24.891930   45.588608   -0.977825    0.464116    0.295003
 13   34.885777   27.636591   43.767822    0.977821    0.464114   -0.295002
 14   29.239319  -51.573330   94.292969    0.080343   -0.731682   -0.550935
 15   42.375061   -0.000004   -0.000011   -0.098021    0.027525    0.022163
 16   42.546082    0.000031    0.000023   -0.052237    0.071531    0.068559
 17   42.234482    0.000004    0.000004   -0.030408    0.030748    0.032969
 18   42.464996    0.000050   -0.000011    0.009742   -0.217763   -0.250576
 19   42.458038   -0.000061    0.000015    0.111223   -0.438906   -0.577003
 20   42.267914    0.000000   -0.000015    0.017169   -0.218219   -0.272142
 21   42.505936   -0.000031   -0.000031    0.096108   -0.371168   -0.505567
 22   42.233139    0.000000   -0.000015    0.048501   -0.250256   -0.324250
 23   42.352322   -0.000031   -0.000031    0.177606    0.479118    0.691662
 24   42.391708   -0.000046   -0.000046    0.066756    0.327120    0.427786
 25   42.497559    0.000000   -0.000019    0.004218    0.105674    0.131371
 26   42.272858    0.000021   -0.000044   -0.000046    0.057975    0.072144
 27   29.239342   55.382656   92.214973    1.518418   -0.591864    0.396611
 28   42.375076    0.000008   -0.000004    0.047796    0.040037    0.058788
 29   42.546082   -0.000015    0.000000    0.037366    0.027070    0.035639
 30   42.234467    0.000065   -0.000015    0.026475    0.012985    0.015426
 31   42.465027   -0.000038    0.000000    0.047730    0.219504    0.266439
 32   42.458099    0.000000   -0.000015    0.104334    0.356618    0.438065
 33   42.267899    0.000015   -0.000015    0.041203    0.212242    0.235570
 34   42.506027    0.000061    0.000031    0.134075    0.465564    0.554443
 35   42.233070   -0.000031    0.000076    0.017650    0.229466    0.247603
 36   42.352234   -0.000122    0.000061    0.205767   -0.544343   -0.707568
 37   42.391663    0.000031   -0.000015    0.067423   -0.322327   -0.366512
 38   42.497620   -0.000008   -0.000042    0.010201   -0.110609   -0.117754
 39   42.272644    0.000152   -0.000032    0.004865   -0.061815   -0.065033
 40   29.239353  106.746689    1.740858    0.000002    0.001974    0.965349
 41   42.375084    0.000019   -0.000001    0.000352   -0.000131   -0.179150
 42   42.546127    0.000023    0.000001    0.000481   -0.000017   -0.268558
 43   42.234451   -0.000015   -0.000003   -0.000087   -0.000195    0.050199
 44   42.465057   -0.000015   -0.000006   -0.000850   -0.000518    0.587561
 45   42.458069    0.000031   -0.000003   -0.000281   -0.000637    0.380480
 46   42.267883    0.000015    0.000001   -0.000029   -0.000858    0.465935
 47   42.505905    0.000000    0.000007    0.000599   -0.001298    0.844402
 48   42.233139   -0.000031   -0.000013    0.000247   -0.000074    0.135230
 49   42.352245    0.000000    0.000002   -0.000691    0.000110   -0.374449
 50   42.391693    0.000000   -0.000003   -0.001064    0.000628   -0.702508
 51   42.497650    0.000015   -0.000012   -0.000209    0.000603   -0.340155
 52   42.272705   -0.000006    0.000003    0.000002    0.000357   -0.187757
 53   29.239334   50.706898  -91.389107   -1.294100    0.775060    0.737438
 54   42.375099   -0.000011    0.000000   -0.053502    0.076313   -0.059212
 55   42.546097    0.000004    0.000025   -0.045189    0.106314   -0.097456
 56   42.234558   -0.000046   -0.000008   -0.026690    0.033399   -0.017867
 57   42.465027    0.000038    0.000011   -0.043018   -0.197149    0.234003
 58   42.458069    0.000069    0.000000   -0.079773   -0.301987    0.354657
 59   42.267944   -0.000076    0.000023   -0.098303   -0.372229    0.431119
 60   42.505951    0.000092   -0.000031   -0.129375   -0.463147    0.543694
 61   42.233170   -0.000061   -0.000046    0.010729   -0.015872    0.016569
 62   42.352242   -0.000061   -0.000031   -0.068400    0.341074   -0.386761
 63   42.391724    0.000046   -0.000015   -0.059765    0.303781   -0.338910
 64   42.497559    0.000061   -0.000008   -0.020186    0.176514   -0.187473
 65   42.272766    0.000040   -0.000025   -0.006279    0.082672   -0.086074
 66   29.239326  -56.044899  -91.389076   -0.151591    0.811513   -0.656536
 67   42.375099   -0.000008    0.000004    0.096833   -0.068100    0.053751
 68   42.546082   -0.000004    0.000031    0.049815   -0.100505    0.096710
 69   42.234467    0.000023   -0.000015    0.030832   -0.009553    0.010399
 70   42.465042   -0.000023   -0.000011   -0.008430    0.213342   -0.247576
 71   42.458069    0.000031   -0.000008   -0.031803    0.290543   -0.358513
 72   42.267944   -0.000031   -0.000023   -0.074054    0.356054   -0.473045
 73   42.505981    0.000076   -0.000031   -0.114261    0.396597   -0.554489
 74   42.233116    0.000000    0.000015   -0.008409   -0.004355    0.005527
 75   42.352142    0.000000    0.000031   -0.072329   -0.325669    0.430649
 76   42.391846    0.000015    0.000000   -0.041375   -0.266901    0.344458
 77   42.497467    0.000061    0.000008   -0.012630   -0.155248    0.196680
 78   42.272644   -0.000003    0.000010   -0.000958   -0.069799    0.087890
 79   29.239323 -106.786255    1.740884   -0.000002    0.001968   -0.976201
 80   42.375114    0.000011   -0.000004   -0.000358   -0.000127    0.183061
 81   42.546036   -0.000015    0.000002   -0.000486   -0.000014    0.271904
 82   42.234497   -0.000015   -0.000006    0.000087   -0.000195   -0.050564
 83   42.465088    0.000023   -0.000003    0.000850   -0.000521   -0.588832
 84   42.458099    0.000015   -0.000003    0.000279   -0.000637   -0.379835
 85   42.267914    0.000015   -0.000009    0.000027   -0.000859   -0.467067
 86   42.505936    0.000031    0.000018   -0.000603   -0.001295   -0.843861
 87   42.233101    0.000061   -0.000013   -0.000245   -0.000073   -0.133894
 88   42.352291   -0.000031    0.000002    0.000694    0.000109    0.376301
 89   42.391708    0.000031   -0.000006    0.001063    0.000627    0.701858
 90   42.497528   -0.000015   -0.000020    0.000210    0.000602    0.339644
 91   42.272491   -0.000007    0.000018   -0.000002    0.000355    0.187448
time 1
  0    0.000000    0.000000    0.000000    0.000000   -0.000000    0.000000
  1    0.000000    0.000000    0.000000    0.000000   -0.000000    0.000000
  2   -1.432172   -5.474543    0.439039    0.627142   -1.599386    0.938195
  3   50.309223   -0.435479    0.000003   -0.000017   -0.191905    0.014098
  4   30.891548   -0.000011   -0.000001    0.000017   -0.161143   -0.014097
  5   34.635597    0.000007    0.000000   -0.000000   -0.216660   -0.000001
  6   30.584290    0.000018   -0.000008   -0.000000   -0.439665    0.000001
  7   31.520203   -0.000000   -0.000015   -0.000000   -0.517473   -0.000001
  8   34.241211  -28.000036  -41.878021    0.974664   -0.349056    0.236284
  9   34.241127   23.441805  -41.878113   -0.974669   -0.349057   -0.236280
 10   35.246704  -52.543095    1.319122   -0.000000    0.000000    0.437563
 11   35.246544   52.726322    1.318909   -0.000000    0.000000   -0.437560
 12   34.830025  -24.891932   45.588615   -0.973163    0.356059    0.224695
 13   34.885780   27.636589   43.767822    0.973159    0.356058   -0.224694
 14   29.239319  -51.573364   94.292984    0.092746   -0.608736   -0.560822
 15   42.375076    0.000004   -0.000015   -0.093774   -0.023432    0.012134
 16   42.546097    0.000044   -0.000008   -0.054673    0.010762    0.044968
 17   42.234467    0.000011   -0.000004   -0.031030    0.014165    0.047367
 18   42.465012    0.000038    0.000011    0.027651   -0.267619   -0.291420
 19   42.458099   -0.000092   -0.000008    0.090776   -0.414272   -0.503075
 20   42.267960    0.000000   -0.000015    0.013375   -0.216183   -0.247274
 21   42.505814   -0.000031    0.000015    0.122644   -0.444423   -0.576943
 22   42.233170    0.000031   -0.000015    0.034660   -0.241718   -0.293077
 23   42.352318   -0.000031   -0.000015    0.161926    0.453758    0.610005
 24   42.391754   -0.000031   -0.000015    0.106034    0.403674    0.506310
 25   42.497528    0.000000   -0.000015    0.006169    0.126935    0.145332
 26   42.272858    0.000065    0.000006   -0.000066    0.067528    0.077303
 27   29.239338   55.382614   92.214958    1.554285   -0.531137    0.332259
 28   42.375061   -0.000004   -0.000015    0.049692    0.049841    0.069577
 29   42.546097   -0.000008    0.000015    0.040010    0.058381    0.071902
 30   42.234467    0.000065    0.000011    0.028827    0.060660    0.065889
 31   42.465027   -0.000031    0.000015    0.060539    0.256872    0.321616
 32   42.458099    0.000019   -0.000015    0.067943    0.256038    0.313071
 33   42.267944    0.000000    0.000046    0.045881    0.217430    0.239440
 34   42.505966    0.000092    0.000000    0.226629    0.574275    0.722940
 35   42.233101   -0.000031    0.000000    0.000887    0.154743    0.158232
 36   42.352253   -0.000031    0.000046    0.200173   -0.543744   -0.689695
 37   42.391693    0.000092    0.000000    0.078793   -0.356416   -0.402356
 38   42.497620    0.000031    0.000031    0.010540   -0.120973   -0.126982
 39   42.272614    0.000145    0.000002    0.004671   -0.066438   -0.068970
 40   29.239353  106.746643    1.740839    0.005802   -0.001097    0.972626
 41   42.375092    0.000004   -0.000005   -0.000199    0.011492   -0.200939
 42   42.546127    0.000015    0.000000    0.003139    0.008244   -0.260647
 43   42.234467   -0.000015   -0.000002   -0.003004    0.003962    0.146544
 44   42.465057   -0.000008   -0.000007   -0.012444    0.001557    0.599060
 45   42.458099    0.000000   -0.000002   -0.005579   -0.001959    0.332762
 46   42.267914   -0.000015    0.000001   -0.006533   -0.002928    0.606623
 47   42.505890    0.000031    0.000007   -0.001708   -0.006105    0.727021
 48   42.233139    0.000061   -0.000013    0.000158   -0.001514    0.025008
 49   42.352245    0.000000    0.000001   -0.003198   -0.000613   -0.514054
 50   42.391724    0.000031   -0.000003   -0.001733    0.001000   -0.625788
 51   42.497681   -0.000023   -0.000009    0.000380    0.000586   -0.299832
 52   42.272766    0.000000    0.000001    0.000507    0.000245   -0.162506
 53   28.729362   50.706905  -90.870026   -1.084503    0.976330    1.021451
 54   42.375076   -0.000013    0.000008   -0.053379    0.109797   -0.146927
 55   42.546066    0.000034    0.000002   -0.048044    0.151035   -0.185794
 56   42.234528   -0.000061    0.000004   -0.025618    0.015154   -0.016714
 57   42.464996    0.000027   -0.000011   -0.059546   -0.259396    0.292014
 58   42.458069    0.000038    0.000015   -0.066313   -0.280482    0.304302
 59   42.267914   -0.000084   -0.000008   -0.113749   -0.434312    0.476453
 60   42.505905    0.000122    0.000000   -0.065248   -0.382601    0.403453
 61   42.233170   -0.000031   -0.000092   -0.007527    0.154851   -0.157174
 62   42.352264    0.000015    0.000000   -0.110462    0.413142   -0.459848
 63   42.391724    0.000046    0.000023   -0.032602    0.209978   -0.212027
 64   42.497498    0.000046    0.000011   -0.012024    0.124514   -0.121394
 65   42.272766   -0.000028    0.000023   -0.003443    0.034638   -0.033235
 66   28.729347  -56.044884  -90.869980   -0.472076    1.027937   -1.054238
 67   42.375114    0.000000    0.000002    0.084888   -0.167017    0.109088
 68   42.546112   -0.000008    0.000021    0.036272   -0.192584    0.162414
 69   42.234482    0.000027   -0.000015    0.031287   -0.013681    0.005315
 70   42.465027   -0.000046   -0.000004   -0.021241    0.264107   -0.301555
 71   42.458130    0.000008   -0.000015   -0.018881    0.264033   -0.316453
 72   42.267944   -0.000061    0.000015   -0.090357    0.392739   -0.525949
 73   42.505997    0.000092    0.000000   -0.067276    0.319141   -0.427203
 74   42.233139    0.000061    0.000000   -0.024074   -0.149334    0.190895
 75   42.352127    0.000031    0.000000   -0.095568   -0.363467    0.489423
 76   42.391846   -0.000031   -0.000023   -0.017444   -0.183549    0.229670
 77   42.497498    0.000027    0.000008   -0.005139   -0.105956    0.131824
 78   42.272705   -0.000023    0.000002    0.001412   -0.028600    0.035497
 79   29.239315 -106.786270    1.740900   -0.005747    0.017665   -0.977695
 80   42.375092    0.000008   -0.000004   -0.002504    0.005088    0.142943
 81   42.546021    0.000004    0.000006   -0.005965    0.002690    0.250838
 82   42.234512   -0.000023   -0.000009    0.002991    0.005044   -0.113220
 83   42.465088   -0.000015   -0.000004    0.016445    0.008890   -0.596793
 84   42.458084    0.000015   -0.000002    0.009857    0.000312   -0.330394
 85   42.267914    0.000031   -0.000007    0.015316    0.001805   -0.621686
 86   42.505997    0.000000    0.000011    0.012633   -0.006098   -0.715988
 87   42.233047   -0.000031   -0.000013    0.000155   -0.003220   -0.024059
 88   42.352283    0.000000   -0.000000   -0.002064   -0.000682    0.492329
 89   42.391708    0.000031   -0.000003   -0.003801   -0.002340    0.630770
 90   42.497589    0.000023   -0.000016   -0.001667   -0.002848    0.303210
 91   42.272461    0.000012    0.000022   -0.000646   -0.001817    0.169406
time 2
  0    0.000000    0.000000    0.000000    0.000000   -0.000000    0.000000
  1    0.000000    0.000000    0.000000    0.000000   -0.000000    0.000000
  2   -4.847353  -18.529224   31.743742    0.468892   -1.625263    1.090985
  3   50.309208   -0.435479    0.000004   -0.000017   -0.172850    0.014098
  4   30.891541   -0.000011    0.000000    0.000017   -0.115526   -0.014097
  5   34.635605    0.000007   -0.000004   -0.000000   -0.178665   -0.000001
  6   30.584290    0.000018   -0.000004   -0.000000   -0.365245    0.000001
  7   31.520172    0.000000   -0.000008   -0.000000   -0.467882   -0.000001
  8   34.241173  -28.000027  -41.878021    0.962156   -0.091478    0.068379
  9   34.241112   23.441797  -41.878098   -0.962161   -0.091478   -0.068376
 10   35.246681  -52.543083    1.319138   -0.000000    0.000000    0.134573
 11   35.246513   52.726311    1.318909   -0.000000    0.000000   -0.134571
 12   34.830009  -24.891922   45.588593   -0.962047    0.098387    0.057038
 13   34.885765   27.636583   43.767807    0.962042    0.098387   -0.057036
 14   29.239323  -51.573341   94.292915    0.180378   -0.503144   -0.707937
 15   42.375076   -0.000004    0.000004   -0.088313   -0.060320    0.046354
 16   42.546097    0.000038    0.000004   -0.059575   -0.022304    0.102492
 17   42.234467    0.000019    0.000011   -0.028145   -0.079044    0.024222
 18   42.464966    0.000038   -0.000015    0.090218   -0.408863   -0.469482
 19   42.458099   -0.000061   -0.000023    0.026478   -0.287299   -0.311213
 20   42.267914    0.000046   -0.000015    0.023890   -0.272357   -0.295141
 21   42.505920    0.000000   -0.000031    0.175048   -0.543410   -0.708515
 22   42.233231   -0.000031    0.000000    0.006258   -0.037003   -0.042398
 23   42.352280    0.000061    0.000015    0.227018    0.519979    0.705355
 24   42.391708   -0.000061   -0.000015    0.081419    0.369189    0.423555
 25   42.497467    0.000046   -0.000008    0.005106    0.128192    0.137027
 26   42.272797    0.000067   -0.000034   -0.000721    0.069088    0.073944
 27   29.239330   55.382584   92.214928    1.555634   -0.507278    0.349983
 28   42.375061    0.000011   -0.000023    0.049102    0.058422    0.092445
 29   42.546097   -0.000019    0.000008    0.039309    0.055785    0.082169
 30   42.234436    0.000069   -0.000004    0.037690    0.129458    0.170802
 31   42.464966   -0.000023   -0.000031    0.081748    0.301717    0.385145
 32   42.458145    0.000038    0.000008    0.046347    0.171555    0.200578
 33   42.267899   -0.000015    0.000000    0.121769    0.401402    0.459496
 34   42.505997    0.000092    0.000015    0.186681    0.537511    0.633361
 35   42.233047    0.000015    0.000015   -0.005396   -0.110014   -0.111141
 36   42.352234   -0.000061    0.000076    0.253953   -0.610315   -0.790441
 37   42.391724    0.000092    0.000000    0.040929   -0.264437   -0.283409
 38   42.497559    0.000038    0.000008    0.008405   -0.110980   -0.114702
 39   42.272552    0.000134   -0.000007    0.004007   -0.062771   -0.064332
 40   29.239346  106.746582    1.740835    0.011890    0.119817    1.261418
 41   42.375061   -0.000004   -0.000004    0.059073   -0.042577   -0.503020
 42   42.546082   -0.000042   -0.000002    0.015212   -0.027913   -0.222041
 43   42.234436    0.000000   -0.000006   -0.015133    0.007972    0.399876
 44   42.465042   -0.000015   -0.000011   -0.017769    0.002964    0.479158
 45   42.458008    0.000000   -0.000004   -0.011763   -0.003860    0.374665
 46   42.267838    0.000061    0.000002   -0.013989   -0.010685    0.848327
 47   42.505898    0.000000    0.000006    0.001874   -0.008447    0.344567
 48   42.233128   -0.000031   -0.000010   -0.002357   -0.001980   -0.160406
 49   42.352226    0.000000    0.000002   -0.007449    0.000599   -0.722531
 50   42.391663    0.000046   -0.000002   -0.000397    0.002042   -0.438407
 51   42.497620    0.000000   -0.000012    0.001174    0.000947   -0.232105
 52   42.272644    0.000000    0.000002    0.000872    0.000313   -0.110696
 53   27.331059   50.706894  -89.446663   -0.126522    1.096865    2.157572
 54   42.375084   -0.000015    0.000000   -0.035184    0.160328   -0.266594
 55   42.546082    0.000019    0.000008   -0.055067    0.246264   -0.386603
 56   42.234512   -0.000076   -0.000015   -0.028687    0.095932   -0.160269
 57   42.465012   -0.000019    0.000000   -0.057430   -0.262919    0.290411
 58   42.458069    0.000011    0.000011   -0.055889   -0.260892    0.268615
 59   42.267914   -0.000114    0.000000   -0.095470   -0.426287    0.435101
 60   42.505859    0.000137    0.000031   -0.053994   -0.388966    0.390346
 61   42.233185   -0.000061    0.000031   -0.046570    0.276914   -0.280373
 62   42.352295    0.000031    0.000031   -0.089894    0.371734   -0.383457
 63   42.391663    0.000023    0.000031   -0.024489    0.170570   -0.160458
 64   42.497589    0.000042   -0.000004   -0.008040    0.087115   -0.079367
 65   42.272705    0.000019    0.000027   -0.002972    0.017419   -0.015672
 66   27.331032  -56.044846  -89.446587   -1.496259    1.061248   -2.237010
 67   42.375069   -0.000004   -0.000015    0.053400   -0.247207    0.162285
 68   42.546089    0.000015    0.000019   -0.021820   -0.353797    0.289247
 69   42.234467    0.000023    0.000023    0.013316   -0.188337    0.150903
 70   42.465042   -0.000034    0.000008   -0.013528    0.247953   -0.270811
 71   42.458160    0.000008    0.000000   -0.011828    0.252348   -0.291717
 72   42.267914   -0.000069    0.000023   -0.063349    0.350308   -0.453025
 73   42.505936    0.000061    0.000015   -0.088660    0.361127   -0.488776
 74   42.233116    0.000031    0.000000   -0.037861   -0.208389    0.267464
 75   42.352188   -0.000015    0.000000   -0.082622   -0.340047    0.448283
 76   42.391785   -0.000061   -0.000015   -0.011359   -0.153252    0.188675
 77   42.497498   -0.000006    0.000031   -0.002440   -0.079799    0.097887
 78   42.272644   -0.000019   -0.000011    0.001685   -0.017752    0.021765
 79   29.239307 -106.786255    1.740913   -0.011654    0.155059   -1.199653
 80   42.375092   -0.000004   -0.000008   -0.037590   -0.045514    0.242438
 81   42.546036    0.000015    0.000004   -0.033653   -0.049451    0.311960
 82   42.234528   -0.000015   -0.000010    0.016496    0.007173   -0.304873
 83   42.465042    0.000008   -0.000004    0.026196    0.016151   -0.497280
 84   42.457977    0.000000   -0.000006    0.021138    0.001556   -0.364696
 85   42.267883    0.000015   -0.000007    0.037012   -0.002311   -0.842204
 86   42.505913   -0.000061    0.000020    0.008677   -0.014434   -0.381323
 87   42.233032    0.000000   -0.000008   -0.000619   -0.003963    0.112790
 88   42.352295    0.000000    0.000004   -0.003835   -0.000994    0.660232
 89   42.391708   -0.000015   -0.000001   -0.005059   -0.004866    0.487281
 90   42.497528    0.000008   -0.000018   -0.002227   -0.004129    0.249655
 91   42.272552    0.000025    0.000019   -0.000920   -0.002476    0.134771
time 3
  0    0.000000    0.000000    0.000000    0.000000   -0.000000    0.000000
  1    0.000000    0.000000    0.000000    0.000000   -0.000000    0.000000
  2   -8.923534  -34.110615   69.107414    0.310639   -1.651141    1.243778
  3   50.309212   -0.435478    0.000004   -0.000017   -0.150107    0.014098
  4   30.891548   -0.000010   -0.000002    0.000017   -0.061079   -0.014097
  5   34.635605    0.000008    0.000004   -0.000000   -0.133316   -0.000001
  6   30.584290    0.000019   -0.000004   -0.000000   -0.276420    0.000001
  7   31.520187   -0.000000   -0.000015   -0.000000   -0.408691   -0.000001
  8   34.241211  -28.000038  -41.878021    0.947227    0.215953   -0.132024
  9   34.241135   23.441809  -41.878113   -0.947232    0.215954    0.132026
 10   35.246704  -52.543095    1.319107   -0.000000    0.000000   -0.227059
 11   35.246552   52.726326    1.318909   -0.000000   -0.000000    0.227062
 12   34.830017  -24.891928   45.588593   -0.948779   -0.209158   -0.143069
 13   34.885788   27.636593   43.767822    0.948774   -0.209157    0.143072
 14   29.239319  -51.573357   94.292961    0.302074   -0.383930   -0.918505
 15   42.375092    0.000008    0.000008   -0.090438   -0.101440    0.117903
 16   42.546112    0.000027    0.000019   -0.079240   -0.059566    0.229746
 17   42.234436    0.000023    0.000008    0.002399   -0.266524   -0.128268
 18   42.464996    0.000000    0.000008    0.075764   -0.385501   -0.455165
 19   42.458054   -0.000107   -0.000015    0.001237   -0.207109   -0.202132
 20   42.267960    0.000061    0.000015    0.111262   -0.491428   -0.561048
 21   42.505859    0.000000   -0.000031    0.055298   -0.383417   -0.442697
 22   42.233185    0.000031    0.000000    0.030479    0.133868    0.153112
 23   42.352303    0.000031    0.000000    0.295183    0.585752    0.805846
 24   42.391754   -0.000061   -0.000015    0.036701    0.274363    0.286687
 25   42.497467    0.000034    0.000008    0.002335    0.116892    0.119002
 26   42.272858    0.000006   -0.000040   -0.001686    0.065228    0.066705
 27   29.239349   55.382645   92.214989    1.528384   -0.512472    0.438366
 28   42.375061    0.000008   -0.000015    0.044149    0.054446    0.129926
 29   42.546112   -0.000023   -0.000004    0.037276    0.011449    0.075627
 30   42.234436    0.000076   -0.000023    0.083687    0.281529    0.375948
 31   42.464996   -0.000031   -0.000031    0.053905    0.218357    0.259640
 32   42.458084    0.000031   -0.000015    0.063231    0.228859    0.257575
 33   42.267868   -0.000015   -0.000015    0.296468    0.605498    0.781868
 34   42.506020    0.000061    0.000000    0.022860    0.196913    0.188517
 35   42.233078   -0.000046    0.000031    0.045760   -0.358597   -0.360483
 36   42.352249   -0.000092   -0.000031    0.184930   -0.567971   -0.675091
 37   42.391663    0.000076   -0.000008    0.020491   -0.187616   -0.194662
 38   42.497650    0.000061   -0.000019    0.006084   -0.093395   -0.095180
 39   42.272644    0.000128   -0.000018    0.003291   -0.053062   -0.053734
 40   29.239342  106.746674    1.740845    0.018014    0.267277    1.858221
 41   42.375053    0.000000   -0.000004    0.239159   -0.030066   -1.034256
 42   42.546112   -0.000008    0.000000    0.026155   -0.067374   -0.214915
 43   42.234436   -0.000031   -0.000004   -0.024242    0.021491    0.499991
 44   42.465088    0.000015   -0.000008   -0.022205    0.002220    0.394144
 45   42.458038   -0.000031   -0.000008   -0.021856   -0.008225    0.474175
 46   42.267914   -0.000031    0.000000   -0.016852   -0.022086    0.864415
 47   42.505920    0.000031    0.000005    0.002690   -0.008253    0.158442
 48   42.233131   -0.000031   -0.000009   -0.006609   -0.002222   -0.278567
 49   42.352280   -0.000031    0.000002   -0.010879    0.003166   -0.732134
 50   42.391693   -0.000031   -0.000008    0.000325    0.003131   -0.367503
 51   42.497711   -0.000004   -0.000013    0.001826    0.001581   -0.204938
 52   42.272705    0.000000   -0.000003    0.001188    0.000531   -0.091914
 53   25.241798   50.706902  -87.320084    0.321767    0.846376    2.775339
 54   42.375072   -0.000008   -0.000008   -0.022417    0.098274   -0.151097
 55   42.546097    0.000031    0.000004   -0.015105    0.192235   -0.288764
 56   42.234543   -0.000038   -0.000004   -0.088541    0.367880   -0.588736
 57   42.464981    0.000027    0.000019   -0.017273   -0.050143    0.004468
 58   42.458069    0.000000    0.000008   -0.067541   -0.300525    0.331637
 59   42.267975   -0.000099    0.000019   -0.035195   -0.243679    0.222498
 60   42.505890    0.000107   -0.000008   -0.122001   -0.543812    0.554742
 61   42.233177   -0.000046   -0.000046    0.004590    0.051324   -0.048104
 62   42.352280    0.000000   -0.000061   -0.132604    0.435932   -0.457677
 63   42.391724    0.000046    0.000023   -0.026493    0.172727   -0.156597
 64   42.497589    0.000038   -0.000023   -0.009460    0.094793   -0.082903
 65   42.272827   -0.000004    0.000021   -0.003313    0.025284   -0.021780
 66   25.241783  -56.044884  -87.320053    1.265645    2.323765    0.411675
 67   42.375099    0.000004    0.000000    0.075723   -0.128351    0.085910
 68   42.546108    0.000000    0.000015    0.006030   -0.216510    0.174607
 69   42.234451    0.000023    0.000008   -0.137591   -0.491959    0.476781
 70   42.465042   -0.000027    0.000008    0.013271   -0.105877    0.064940
 71   42.458099    0.000015   -0.000011   -0.031953    0.326862   -0.354738
 72   42.267944   -0.000072    0.000015   -0.005301    0.194842   -0.234306
 73   42.505981    0.000031    0.000008   -0.131048    0.430866   -0.596217
 74   42.233124    0.000015   -0.000046   -0.012638    0.073963   -0.091159
 75   42.352203    0.000000   -0.000015   -0.110299   -0.396676    0.530136
 76   42.391724    0.000000   -0.000015   -0.014429   -0.166585    0.203868
 77   42.497498    0.000031   -0.000011   -0.004378   -0.090998    0.110693
 78   42.272705   -0.000012    0.000013    0.001065   -0.026753    0.032447
 79   29.239311 -106.786301    1.740894   -0.017455    0.320542   -1.572190
 80   42.375122    0.000000    0.000000   -0.130808   -0.088699    0.411038
 81   42.546066   -0.000004    0.000000   -0.090506   -0.121363    0.433298
 82   42.234497   -0.000031   -0.000010    0.029840    0.021175   -0.410347
 83   42.465118   -0.000008   -0.000013    0.031884    0.019311   -0.395725
 84   42.458145    0.000000   -0.000017    0.040204    0.000790   -0.476204
 85   42.267899    0.000031   -0.000008    0.050607   -0.016795   -0.868157
 86   42.505936    0.000000    0.000012    0.002907   -0.015031   -0.176938
 87   42.233044   -0.000031   -0.000008   -0.000250   -0.004316    0.197881
 88   42.352295    0.000061   -0.000001   -0.003385   -0.001005    0.704803
 89   42.391724    0.000015   -0.000010   -0.005194   -0.005697    0.409088
 90   42.497589    0.000008   -0.000031   -0.002639   -0.004400    0.224130
 91   42.272522    0.000002    0.000022   -0.001228   -0.002639    0.120509
time 4
  0    0.000000    0.000000    0.000000    0.000000   -0.000000    0.000000
  1    0.000000    0.000000    0.000000    0.000000   -0.000000    0.000000
  2  -12.338716  -47.165302  100.412117    0.152387   -1.677022    1.396571
  3   50.309227   -0.435480    0.000000   -0.000017   -0.131052    0.014098
  4   30.891556   -0.000011   -0.000004    0.000017   -0.015462   -0.014097
  5   34.635605    0.000007   -0.000004   -0.000000   -0.095320   -0.000001
  6   30.584290    0.000017    0.000000   -0.000000   -0.201999    0.000001
  7   31.520172    0.000000    0.000008   -0.000000   -0.359100   -0.000001
  8   34.241180  -28.000034  -41.878006    0.934719    0.473531   -0.299929
  9   34.241119   23.441799  -41.878098   -0.934724    0.473533    0.299930
 10   35.246704  -52.543091    1.319153   -0.000000   -0.000000   -0.530048
 11   35.246521   52.726307    1.318924   -0.000000    0.000000    0.530051
 12   34.830017  -24.891928   45.588593   -0.937662   -0.466831   -0.310726
 13   34.885773   27.636581   43.767815    0.937658   -0.466829    0.310730
 14   29.239311  -51.573307   94.292908    0.414183   -0.260682   -1.106157
 15   42.375031    0.000015   -0.000031   -0.110706   -0.129497    0.205485
 16   42.546097    0.000038    0.000046   -0.108108   -0.114899    0.362588
 17   42.234497    0.000031   -0.000038    0.049344   -0.389475   -0.302386
 18   42.464996    0.000038    0.000000    0.025889   -0.266096   -0.307615
 19   42.458038   -0.000076    0.000000    0.008688   -0.244761   -0.235561
 20   42.267929   -0.000031    0.000000    0.183495   -0.597844   -0.724644
 21   42.505905   -0.000031   -0.000031    0.004083   -0.211328   -0.232462
 22   42.233185    0.000000   -0.000061    0.054007    0.208066    0.238585
 23   42.352280    0.000000   -0.000015    0.291747    0.592733    0.791394
 24   42.391663   -0.000076   -0.000015    0.024370    0.242614    0.244678
 25   42.497467    0.000038   -0.000004    0.000745    0.112664    0.112230
 26   42.272858    0.000059   -0.000011   -0.002399    0.063791    0.063984
 27   29.239326   55.382595   92.214920    1.467420   -0.541533    0.586479
 28   42.375046    0.000000    0.000027    0.040068   -0.035993    0.116008
 29   42.546082   -0.000046    0.000015    0.039411    0.050674    0.159417
 30   42.234497    0.000076   -0.000031    0.116910    0.351234    0.442520
 31   42.464966   -0.000046   -0.000015    0.041093    0.162553    0.185673
 32   42.458084    0.000046    0.000000    0.157605    0.419221    0.494622
 33   42.267868   -0.000031    0.000031    0.212014    0.524589    0.591660
 34   42.506027    0.000061    0.000061   -0.001192   -0.017390   -0.015483
 35   42.233086   -0.000031    0.000061    0.122341   -0.551099   -0.570642
 36   42.352280   -0.000031   -0.000031    0.087982   -0.450572   -0.482166
 37   42.391724    0.000130    0.000000    0.013740   -0.154332   -0.157321
 38   42.497650    0.000027   -0.000023    0.004815   -0.081135   -0.081729
 39   42.272614    0.000153   -0.000021    0.002866   -0.042666   -0.042744
 40   29.239342  106.746613    1.740829    0.023804    0.260568    2.448026
 41   42.375046    0.000000    0.000000    0.267740    0.110524   -1.244561
 42   42.546112    0.000004    0.000008    0.110800   -0.120907   -0.534079
 43   42.234482    0.000023   -0.000004   -0.029966    0.025372    0.452304
 44   42.465042   -0.000008   -0.000004   -0.030295    0.007494    0.405195
 45   42.458023   -0.000031   -0.000008   -0.030323   -0.011371    0.463213
 46   42.267914    0.000000    0.000004   -0.025555   -0.031809    0.874892
 47   42.505890    0.000031    0.000006    0.004200   -0.012400    0.182764
 48   42.233131    0.000061   -0.000011   -0.007970   -0.003293   -0.232874
 49   42.352242    0.000000    0.000002   -0.017101    0.003928   -0.732903
 50   42.391663   -0.000015   -0.000010   -0.000726    0.005197   -0.389561
 51   42.497620   -0.000008   -0.000013    0.002209    0.002762   -0.214920
 52   42.272797   -0.000004    0.000000    0.001703    0.001079   -0.103451
 53   22.659050   50.706886  -84.691154    0.393280    0.692227    2.931633
 54   42.375076   -0.000008   -0.000008   -0.029939    0.048291   -0.073931
 55   42.546055    0.000000    0.000023   -0.014172    0.086850   -0.125558
 56   42.234531   -0.000046    0.000000   -0.008932    0.238189   -0.339250
 57   42.464981    0.000023    0.000023   -0.110583    0.384443   -0.639190
 58   42.458084    0.000004    0.000023   -0.035932   -0.198072    0.199983
 59   42.267975   -0.000130    0.000038   -0.031695   -0.220107    0.224467
 60   42.505920    0.000092    0.000015   -0.031976   -0.328893    0.293295
 61   42.233139   -0.000107    0.000000   -0.038273   -0.411305    0.392300
 62   42.352249    0.000015   -0.000015   -0.133772    0.422483   -0.445525
 63   42.391663   -0.000038   -0.000015   -0.041063    0.222647   -0.203003
 64   42.497498   -0.000004    0.000011   -0.011273    0.101719   -0.087708
 65   42.272797    0.000004    0.000007   -0.004327    0.040579   -0.034374
 66   22.659019  -56.044857  -84.691101    1.174970    2.455717    0.287113
 67   42.375072    0.000015   -0.000008    0.088339   -0.064495    0.042157
 68   42.546116    0.000008    0.000015    0.036275   -0.099968    0.079196
 69   42.234432    0.000015   -0.000008   -0.022586   -0.219142    0.193879
 70   42.464996   -0.000031   -0.000008   -0.198577   -0.550283    0.565601
 71   42.458069    0.000050   -0.000004    0.021524    0.069443   -0.094055
 72   42.267929   -0.000069    0.000004   -0.015496    0.254909   -0.273674
 73   42.505981    0.000069   -0.000004   -0.024617    0.216139   -0.266842
 74   42.233124    0.000000    0.000015   -0.137561    0.417661   -0.567930
 75   42.352173   -0.000061    0.000031   -0.054022   -0.306115    0.381735
 76   42.391754    0.000000    0.000000   -0.033901   -0.243658    0.300850
 77   42.497498    0.000015    0.000015   -0.005085   -0.094392    0.113847
 78   42.272705   -0.000005    0.000013   -0.000210   -0.041428    0.049788
 79   29.239311 -106.786224    1.740887   -0.022794    0.396968   -1.906722
 80   42.375080    0.000000   -0.000008   -0.184419   -0.057790    0.462043
 81   42.546021   -0.000008    0.000008   -0.185210   -0.152902    0.632421
 82   42.234512    0.000038   -0.000013    0.037924    0.018589   -0.372409
 83   42.465088    0.000008   -0.000008    0.039024    0.027208   -0.372201
 84   42.458023    0.000015   -0.000008    0.057251   -0.001384   -0.514629
 85   42.267883   -0.000031   -0.000006    0.062522   -0.029450   -0.850349
 86   42.505997   -0.000031    0.000016    0.001970   -0.017978   -0.145285
 87   42.233074   -0.000031   -0.000005    0.000816   -0.005206    0.198656
 88   42.352318   -0.000031   -0.000004   -0.001010   -0.000070    0.695147
 89   42.391693   -0.000031   -0.000014   -0.005687   -0.005333    0.409241
 90   42.497559   -0.000038   -0.000023   -0.003376   -0.004467    0.224860
 91   42.272461   -0.000021    0.000030   -0.001811   -0.002888    0.126365
time 5
  0    0.000000    0.000000    0.000000    0.000000   -0.000000    0.000000
  1    0.000000    0.000000    0.000000    0.000000   -0.000000    0.000000
  2  -13.770885  -52.639839  113.539879   -0.005866   -1.702903    1.549364
  3   50.309212   -0.435478    0.000008   -0.000017   -0.123061    0.014098
  4   30.891541   -0.000012    0.000008    0.000017    0.003668   -0.014097
  5   34.635605    0.000007   -0.000008   -0.000000   -0.079387   -0.000001
  6   30.584290    0.000018    0.000000   -0.000000   -0.170791    0.000001
  7   31.520203   -0.000001   -0.000008   -0.000000   -0.338303   -0.000001
  8   34.241180  -28.000031  -41.877991    0.929474    0.581547   -0.370341
  9   34.241119   23.441801  -41.878113   -0.929479    0.581550    0.370341
 10   35.246674  -52.543083    1.319153   -0.000000   -0.000000   -0.657108
 11   35.246521   52.726311    1.318939   -0.000000   -0.000000    0.657111
 12   34.830017  -24.891926   45.588608   -0.933001   -0.574887   -0.381033
 13   34.885773   27.636587   43.767838    0.932996   -0.574885    0.381039
 14   29.239296  -51.573334   94.293030    0.415476   -0.182914   -1.148689
 15   42.375076    0.000015   -0.000015   -0.116727   -0.147477    0.231855
 16   42.546066    0.000023   -0.000031   -0.122350   -0.161873    0.409387
 17   42.234497    0.000038   -0.000008    0.062363   -0.406222   -0.348010
 18   42.464996    0.000023    0.000000    0.016049   -0.224477   -0.264028
 19   42.458115   -0.000061    0.000031    0.016283   -0.266379   -0.259959
 20   42.267975    0.000015    0.000015    0.198923   -0.610572   -0.753760
 21   42.505859   -0.000092   -0.000015   -0.000927   -0.167782   -0.183848
 22   42.233124   -0.000046   -0.000015    0.056511    0.216431    0.247812
 23   42.352299    0.000000    0.000000    0.285315    0.592286    0.786039
 24   42.391754   -0.000092    0.000046    0.022226    0.241967    0.245068
 25   42.497467    0.000042    0.000000   -0.000198    0.112832    0.113372
 26   42.272705    0.000064   -0.000005   -0.002948    0.063801    0.064677
 27   29.239357   55.382614   92.215073    1.445696   -0.545202    0.671788
 28   42.375061   -0.000023    0.000004    0.044593   -0.109633    0.093098
 29   42.546097   -0.000015    0.000038    0.047393    0.120949    0.240451
 30   42.234497    0.000092    0.000004    0.107127    0.332418    0.400843
 31   42.465027    0.000000    0.000046    0.046338    0.173357    0.195006
 32   42.458038    0.000031   -0.000015    0.230781    0.498789    0.604327
 33   42.267891   -0.000031    0.000031    0.153984    0.433980    0.431503
 34   42.506042    0.000061    0.000031   -0.004227   -0.072325   -0.058231
 35   42.233101   -0.000046    0.000031    0.137104   -0.622688   -0.623983
 36   42.352280   -0.000092   -0.000015    0.053978   -0.401667   -0.409286
 37   42.391724    0.000053   -0.000031    0.011060   -0.144983   -0.145913
 38   42.497681    0.000069   -0.000017    0.004262   -0.077597   -0.077439
 39   42.272644    0.000142   -0.000013    0.002736   -0.039416   -0.039146
 40   29.239342  106.746605    1.740849    0.028859    0.183479    2.585783
 41   42.375072    0.000031    0.000000    0.195097    0.124158   -1.231205
 42   42.546097   -0.000008   -0.000008    0.128851   -0.091291   -0.629047
 43   42.234482   -0.000023    0.000004   -0.039104    0.029048    0.451690
 44   42.465073   -0.000031   -0.000004   -0.035928    0.006287    0.376686
 45   42.458038   -0.000031    0.000004   -0.040814   -0.016453    0.504722
 46   42.267883    0.000031    0.000010   -0.028621   -0.043089    0.858239
 47   42.505882    0.000031    0.000008    0.004684   -0.013708    0.143610
 48   42.233158   -0.000031   -0.000011   -0.011009   -0.004085   -0.249188
 49   42.352249    0.000122    0.000004   -0.022346    0.005077   -0.728693
 50   42.391663    0.000015    0.000004   -0.001612    0.006754   -0.380623
 51   42.497589   -0.000019   -0.000006    0.002288    0.003804   -0.211708
 52   42.272736   -0.000027    0.000008    0.001946    0.001599   -0.103966
 53   19.780098   50.706909  -81.760841    0.412309    0.633243    2.977802
 54   42.375099   -0.000015   -0.000015   -0.033235    0.031619   -0.052569
 55   42.546082    0.000031    0.000015   -0.019490    0.053055   -0.082174
 56   42.234554   -0.000023   -0.000023   -0.003759    0.104978   -0.157156
 57   42.464996    0.000023    0.000004   -0.085108    0.384673   -0.624597
 58   42.458054    0.000031    0.000000   -0.030810    0.067266   -0.170019
 59   42.267990   -0.000107    0.000015   -0.032498   -0.234499    0.276526
 60   42.505951    0.000080   -0.000023   -0.003852   -0.164752    0.142988
 61   42.233154   -0.000053    0.000000   -0.070013   -0.482211    0.471721
 62   42.352295    0.000000    0.000000   -0.080009    0.318642   -0.320964
 63   42.391632    0.000023   -0.000008   -0.043207    0.223194   -0.206702
 64   42.497559    0.000004    0.000008   -0.010026    0.084608   -0.073726
 65   42.272736   -0.000013   -0.000023   -0.004360    0.035545   -0.030459
 66   19.780083  -56.044861  -81.760773    1.134511    2.498320    0.260767
 67   42.375088    0.000015   -0.000015    0.090123   -0.046577    0.028449
 68   42.546104    0.000000    0.000000    0.043623   -0.067616    0.050303
 69   42.234451    0.000031    0.000008    0.008706   -0.117361    0.096280
 70   42.464981   -0.000038    0.000015   -0.127165   -0.433336    0.409642
 71   42.458115    0.000013    0.000011   -0.027260   -0.297412    0.224919
 72   42.267883   -0.000069    0.000011   -0.021103    0.293276   -0.289128
 73   42.505951    0.000050    0.000031   -0.005080    0.120210   -0.143858
 74   42.233093   -0.000008   -0.000015   -0.120203    0.394638   -0.521363
 75   42.352188   -0.000015    0.000031   -0.015948   -0.189547    0.225268
 76   42.391754   -0.000031    0.000015   -0.029758   -0.236020    0.286983
 77   42.497498    0.000034    0.000061   -0.003128   -0.077546    0.092434
 78   42.272644   -0.000028    0.000010    0.000127   -0.034520    0.041070
 79   29.239311 -106.786217    1.740925   -0.027317    0.382340   -2.006572
 80   42.375092   -0.000015    0.000004   -0.180122   -0.028906    0.464179
 81   42.546066    0.000000    0.000008   -0.213918   -0.128708    0.694793
 82   42.234467   -0.000023   -0.000019    0.045445    0.019799   -0.347419
 83   42.465088   -0.000008   -0.000011    0.047859    0.028428   -0.360093
 84   42.458054   -0.000031   -0.000015    0.071040   -0.003591   -0.523228
 85   42.267899    0.000031   -0.000013    0.074099   -0.039533   -0.842284
 86   42.505966    0.000000    0.000010    0.001767   -0.021440   -0.140194
 87   42.233074    0.000000   -0.000007    0.001631   -0.005884    0.191747
 88   42.352295    0.000000    0.000005    0.000862    0.001522    0.687574
 89   42.391632   -0.000031    0.000001   -0.006600   -0.004697    0.415944
 90   42.497528    0.000000   -0.000031   -0.004350   -0.004524    0.227707
 91   42.272461    0.000004    0.000015   -0.002514   -0.003115    0.130773
time 6
  0    0.000000    0.000000    0.000000    0.000000   -0.000000    0.000000
  1    0.000000    0.000000    0.000000    0.000000   -0.000000    0.000000
  2  -12.373140  -52.097641  112.575615    0.002484   -1.775174    1.537505
  3   50.309227   -0.435478    0.000002   -0.000017   -0.138399    0.014098
  4   30.891525   -0.000011   -0.000004    0.000017   -0.012290   -0.014097
  5   34.635605    0.000007   -0.000008   -0.000000   -0.095167   -0.000001
  6   30.584290    0.000018    0.000000   -0.000000   -0.186335    0.000001
  7   31.520172    0.000000    0.000000   -0.000000   -0.354354   -0.000001
  8   34.241180  -28.000034  -41.877991    0.933210    0.504613   -0.320190
  9   34.241119   23.441797  -41.878098   -0.933215    0.504615    0.320190
 10   35.246704  -52.543091    1.319122   -0.000000   -0.000000   -0.566609
 11   35.246552   52.726318    1.318909   -0.000000    0.000000    0.566612
 12   34.830017  -24.891926   45.588608   -0.936321   -0.497924   -0.330957
 13   34.885773   27.636591   43.767822    0.936316   -0.497922    0.330962
 14   29.239311  -51.573345   94.292931    0.298594   -0.108718   -1.031341
 15   42.375076   -0.000015    0.000015   -0.069213   -0.173102    0.173590
 16   42.546097    0.000031    0.000008   -0.105261   -0.196980    0.356787
 17   42.234467    0.000008   -0.000023    0.067431   -0.425149   -0.291019
 18   42.464996    0.000046    0.000000    0.018605   -0.239563   -0.250584
 19   42.458099   -0.000046   -0.000061    0.010433   -0.268363   -0.224984
 20   42.267929    0.000031    0.000000    0.181255   -0.658455   -0.712557
 21   42.505867    0.000031    0.000031   -0.008997   -0.200892   -0.200107
 22   42.233185   -0.000031    0.000000    0.068466    0.224531    0.238607
 23   42.352261    0.000092    0.000031    0.319816    0.630563    0.768910
 24   42.391724   -0.000015    0.000000    0.022881    0.257240    0.225143
 25   42.497498    0.000000   -0.000019   -0.001179    0.119512    0.103411
 26   42.272797    0.000101   -0.000020   -0.003832    0.067590    0.059100
 27   29.239342   55.382629   92.214981    1.574281   -0.382653    0.562270
 28   42.375092   -0.000015   -0.000004    0.027502   -0.028683    0.181702
 29   42.546082    0.000000    0.000011    0.036971    0.086491    0.225773
 30   42.234467    0.000092   -0.000027    0.110361    0.351045    0.418227
 31   42.465088   -0.000015    0.000000    0.044058    0.161219    0.179788
 32   42.458130    0.000000   -0.000015    0.203306    0.451948    0.528177
 33   42.267914   -0.000031   -0.000031    0.228240    0.512086    0.521258
 34   42.506073    0.000046    0.000031   -0.004541   -0.038003   -0.028102
 35   42.233093   -0.000092    0.000000    0.088553   -0.615223   -0.555805
 36   42.352310   -0.000061    0.000015    0.058277   -0.448315   -0.448386
 37   42.391754    0.000061   -0.000015    0.010557   -0.151947   -0.151807
 38   42.497650    0.000038   -0.000029    0.004413   -0.080025   -0.079447
 39   42.272644    0.000164   -0.000014    0.002965   -0.041870   -0.041365
 40   29.239357  106.746643    1.740839    0.033618    0.085814    2.408902
 41   42.375053    0.000015    0.000000    0.105427    0.123987   -1.265678
 42   42.546143    0.000008    0.000008    0.064264   -0.028464   -0.350687
 43   42.234482    0.000015    0.000000   -0.068799    0.017452    0.488217
 44   42.465057   -0.000038   -0.000004   -0.042024   -0.013749    0.321547
 45   42.458115   -0.000015   -0.000008   -0.056542   -0.054773    0.626033
 46   42.267914   -0.000031    0.000013   -0.000959   -0.080239    0.752110
 47   42.505886   -0.000031    0.000008    0.005337   -0.012452    0.057805
 48   42.233166   -0.000031   -0.000011   -0.034286   -0.001047   -0.348483
 49   42.352234    0.000000    0.000005   -0.050311    0.023531   -0.696283
 50   42.391724   -0.000015   -0.000007   -0.006770    0.022723   -0.341933
 51   42.497681   -0.000023   -0.000010    0.002302    0.013508   -0.192410
 52   42.272797    0.000000    0.000002    0.002684    0.006066   -0.090636
 53   16.802544   50.706917  -78.730026    0.363404    0.566515    2.974112
 54   42.375084   -0.000015   -0.000008   -0.036444    0.027015   -0.043276
 55   42.546070    0.000031    0.000008   -0.024480    0.043688   -0.064748
 56   42.234509   -0.000046   -0.000015   -0.011663    0.080269   -0.113582
 57   42.465012    0.000015    0.000015   -0.050157    0.308642   -0.444074
 58   42.458084    0.000031   -0.000011   -0.062492    0.202703   -0.328932
 59   42.267975   -0.000137    0.000023   -0.023469   -0.210895    0.236890
 60   42.505829    0.000065    0.000000    0.001829   -0.106911    0.079595
 61   42.233185   -0.000088   -0.000038   -0.026200   -0.426220    0.345221
 62   42.352219    0.000000   -0.000046   -0.069162    0.296470   -0.254829
 63   42.391785   -0.000038   -0.000023   -0.028254    0.165429   -0.129689
 64   42.497589    0.000032   -0.000036   -0.007871    0.063822   -0.047754
 65   42.272736   -0.000046    0.000010   -0.003784    0.025316   -0.018663
 66   16.802544  -56.044861  -78.729950    1.088927    2.559262    0.225284
 67   42.375076   -0.000011    0.000015    0.089024   -0.039913    0.021824
 68   42.546116   -0.000031    0.000015    0.045788   -0.056467    0.037819
 69   42.234440    0.000038   -0.000008    0.015839   -0.093327    0.069225
 70   42.465012   -0.000046    0.000000   -0.060449   -0.318402    0.261844
 71   42.458084    0.000023   -0.000008   -0.072138   -0.419493    0.329410
 72   42.267899   -0.000090    0.000000   -0.009261    0.253089   -0.225929
 73   42.505981    0.000061    0.000011   -0.001522    0.077409   -0.090081
 74   42.233185   -0.000038    0.000000   -0.080784    0.319848   -0.403741
 75   42.352219   -0.000046   -0.000015   -0.010003   -0.165346    0.193510
 76   42.391785    0.000008    0.000008   -0.012545   -0.172832    0.204987
 77   42.497528    0.000031   -0.000002   -0.000593   -0.055402    0.065417
 78   42.272736   -0.000033    0.000024    0.000971   -0.023478    0.027748
 79   29.239311 -106.786285    1.740902   -0.030859    0.313251   -2.005891
 80   42.375107   -0.000015   -0.000011   -0.165262    0.011372    0.521301
 81   42.546036    0.000000   -0.000008   -0.180333   -0.071662    0.620173
 82   42.234497   -0.000008   -0.000023    0.069740    0.025046   -0.390413
 83   42.465088   -0.000008   -0.000008    0.059870    0.005942   -0.334792
 84   42.458084    0.000000   -0.000008    0.085566   -0.034305   -0.557150
 85   42.267914   -0.000031    0.000000    0.058527   -0.083210   -0.811611
 86   42.505997    0.000000    0.000024   -0.004766   -0.023457   -0.112970
 87   42.233078    0.000000   -0.000005    0.013779   -0.003380    0.214386
 88   42.352280    0.000000    0.000001    0.032755    0.016696    0.696963
 89   42.391724   -0.000031    0.000010    0.001683    0.014073    0.398597
 90   42.497559   -0.000023    0.000001   -0.004406    0.007253    0.221740
 91   42.272522   -0.000023    0.000031   -0.004043    0.003462    0.125062
time 7
  0    0.000000    0.000000    0.000000    0.000000   -0.000000    0.000000
  1    0.000000    0.000000    0.000000    0.000000   -0.000000    0.000000
  2   -9.038278  -50.712112  110.059311    0.010835   -1.847444    1.525646
  3   50.309235   -0.435479   -0.000002   -0.000017   -0.176745    0.014098
  4   30.891541   -0.000011   -0.000004    0.000017   -0.052184   -0.014097
  5   34.635590    0.000007    0.000000   -0.000000   -0.134617   -0.000001
  6   30.584290    0.000018   -0.000023   -0.000000   -0.225520    0.000001
  7   31.520203   -0.000000    0.000023   -0.000000   -0.394481   -0.000001
  8   34.241180  -28.000031  -41.877975    0.942550    0.312275   -0.194813
  9   34.241135   23.441799  -41.878082   -0.942555    0.312277    0.194814
 10   35.246689  -52.543083    1.319153   -0.000000   -0.000000   -0.340363
 11   35.246536   52.726315    1.318939   -0.000000   -0.000000    0.340366
 12   34.830017  -24.891924   45.588593   -0.944622   -0.305516   -0.205765
 13   34.885788   27.636585   43.767822    0.944617   -0.305515    0.205769
 14   29.239319  -51.573345   94.292999    0.182722   -0.034618   -0.893596
 15   42.375061    0.000023   -0.000023   -0.019017   -0.192735    0.102563
 16   42.546112    0.000061    0.000023   -0.066590   -0.251189    0.267171
 17   42.234467    0.000011   -0.000015    0.072096   -0.443824   -0.237564
 18   42.465027    0.000038    0.000031    0.017083   -0.238062   -0.219058
 19   42.458130   -0.000061   -0.000015    0.005087   -0.265558   -0.189134
 20   42.268005    0.000015    0.000031    0.163738   -0.710420   -0.669712
 21   42.505882    0.000015    0.000031   -0.019657   -0.231150   -0.207095
 22   42.233170    0.000031    0.000000    0.100015    0.276067    0.273663
 23   42.352318    0.000031    0.000000    0.336480    0.668217    0.727470
 24   42.391785   -0.000069   -0.000015    0.016084    0.248506    0.184650
 25   42.497620    0.000034    0.000050   -0.003177    0.117547    0.086828
 26   42.272827    0.000056    0.000029   -0.004897    0.067347    0.050418
 27   29.239334   55.382618   92.214981    1.676005   -0.223817    0.494974
 28   42.375076    0.000000    0.000000    0.010141    0.044234    0.230597
 29   42.546051   -0.000015   -0.000004    0.026066    0.056357    0.240745
 30   42.234497    0.000092   -0.000015    0.103568    0.353033    0.416111
 31   42.464996   -0.000015   -0.000015    0.041629    0.154442    0.167770
 32   42.458038    0.000015    0.000000    0.148040    0.366405    0.408567
 33   42.267899   -0.000015    0.000000    0.344169    0.603853    0.667722
 34   42.506012    0.000076    0.000061    0.002990    0.020973    0.014381
 35   42.233078   -0.000046    0.000000    0.040791   -0.595634   -0.482138
 36   42.352234   -0.000092    0.000031    0.066398   -0.506057   -0.496342
 37   42.391754    0.000092   -0.000008    0.010185   -0.158238   -0.156723
 38   42.497589    0.000038   -0.000027    0.004654   -0.081689   -0.080533
 39   42.272644    0.000137    0.000028    0.003281   -0.044076   -0.043230
 40   29.239349  106.746620    1.740839    0.039153   -0.006682    2.135841
 41   42.375061    0.000015   -0.000006    0.013812    0.157374   -1.113024
 42   42.546082   -0.000015    0.000000    0.029887    0.012100   -0.158482
 43   42.234467   -0.000023   -0.000004   -0.092570   -0.004455    0.485576
 44   42.465042   -0.000008   -0.000008   -0.045532   -0.030368    0.298275
 45   42.458130    0.000015    0.000000   -0.065145   -0.103546    0.723594
 46   42.267914    0.000000    0.000002    0.032066   -0.098160    0.629497
 47   42.505859    0.000000    0.000008    0.000906   -0.011090    0.006207
 48   42.233139    0.000000   -0.000010   -0.065676    0.003314   -0.428474
 49   42.352249   -0.000031    0.000006   -0.072813    0.044603   -0.652834
 50   42.391602    0.000015   -0.000004   -0.010424    0.037593   -0.316181
 51   42.497528    0.000023   -0.000002    0.002552    0.022241   -0.178249
 52   42.272736    0.000023   -0.000006    0.003307    0.009790   -0.081097
 53   13.923676   50.706905  -75.799629    0.307952    0.503376    2.952998
 54   42.375092    0.000023    0.000000   -0.039115    0.023732   -0.036392
 55   42.546055    0.000031    0.000008   -0.028471    0.037293   -0.052650
 56   42.234528   -0.000031   -0.000008   -0.018012    0.065539   -0.087496
 57   42.465012    0.000061   -0.000008   -0.036703    0.228646   -0.300591
 58   42.458069    0.000031    0.000011   -0.097088    0.289723   -0.399944
 59   42.267975   -0.000109   -0.000002   -0.013319   -0.166642    0.182694
 60   42.505905    0.000086    0.000000    0.002899   -0.055074    0.035634
 61   42.233154   -0.000072   -0.000015    0.006202   -0.321566    0.212026
 62   42.352325   -0.000015   -0.000015   -0.043356    0.229011   -0.161761
 63   42.391754    0.000031   -0.000023   -0.019141    0.116867   -0.076976
 64   42.497620   -0.000004   -0.000011   -0.006350    0.045237   -0.028717
 65   42.272766   -0.000018   -0.000005   -0.003397    0.017414   -0.010909
 66   13.923676  -56.044865  -75.799591    1.042039    2.616288    0.183713
 67   42.375107    0.000000   -0.000023    0.087359   -0.035841    0.016553
 68   42.546108   -0.000031    0.000023    0.046467   -0.050051    0.028693
 69   42.234474    0.000038   -0.000008    0.019235   -0.080239    0.051262
 70   42.464996   -0.000031   -0.000015   -0.026933   -0.242893    0.168308
 71   42.458099    0.000046    0.000008   -0.075563   -0.459590    0.330221
 72   42.267853   -0.000063    0.000017    0.001683    0.188739   -0.141282
 73   42.505905    0.000053    0.000038   -0.000437    0.043758   -0.046617
 74   42.233063    0.000000    0.000031   -0.045327    0.229648   -0.278533
 75   42.352112   -0.000046    0.000038   -0.005459   -0.129231    0.149664
 76   42.391724   -0.000023    0.000027   -0.002317   -0.114487    0.133358
 77   42.497589    0.000030    0.000027    0.001100   -0.037008    0.043297
 78   42.272705    0.000013    0.000034    0.001564   -0.015121    0.017753
 79   29.239288 -106.786293    1.740908   -0.034819    0.240855   -1.968608
 80   42.375057    0.000015    0.000004   -0.145318    0.060435    0.594845
 81   42.546036   -0.000008    0.000011   -0.134005   -0.023529    0.474510
 82   42.234528    0.000023   -0.000027    0.098285    0.021648   -0.430957
 83   42.465073    0.000000    0.000000    0.065783   -0.014552   -0.304602
 84   42.458054    0.000015    0.000011    0.101288   -0.076960   -0.616659
 85   42.267921    0.000000   -0.000019    0.028665   -0.126740   -0.751607
 86   42.506020    0.000031    0.000027   -0.008089   -0.021869   -0.072981
 87   42.233120   -0.000031   -0.000001    0.033996    0.003918    0.263047
 88   42.352348    0.000031    0.000006    0.066518    0.043292    0.703779
 89   42.391724    0.000000    0.000005    0.005388    0.036066    0.367605
 90   42.497650   -0.000031   -0.000044   -0.006762    0.020422    0.209059
 91   42.272614   -0.000011    0.000016   -0.006609    0.010128    0.113516
time 8
  0    0.000000    0.000000    0.000000    0.000000   -0.000000    0.000000
  1    0.000000    0.000000    0.000000    0.000000   -0.000000    0.000000
  2   -5.053893  -48.844940  106.556030    0.019186   -1.919715    1.513787
  3   50.309219   -0.435479   -0.000004   -0.000017   -0.226595    0.014098
  4   30.891556   -0.000011    0.000000    0.000017   -0.104048   -0.014097
  5   34.635620    0.000007   -0.000008   -0.000000   -0.185903   -0.000001
  6   30.584290    0.000018    0.000000   -0.000000   -0.277177    0.000001
  7   31.520172    0.000000    0.000000   -0.000000   -0.446645   -0.000001
  8   34.241211  -28.000036  -41.878006    0.954692    0.062237   -0.031822
  9   34.241119   23.441805  -41.878098   -0.954697    0.062238    0.031825
 10   35.246704  -52.543083    1.319138   -0.000000    0.000000   -0.046243
 11   35.246552   52.726318    1.318924   -0.000000   -0.000000    0.046246
 12   34.830017  -24.891926   45.588623   -0.955413   -0.055386   -0.043015
 13   34.885773   27.636587   43.767838    0.955408   -0.055385    0.043018
 14   29.239334  -51.573341   94.292976    0.094198    0.044566   -0.759183
 15   42.375061    0.000008   -0.000023    0.013614   -0.193146    0.039446
 16   42.546097    0.000023   -0.000008   -0.011411   -0.303164    0.160185
 17   42.234451    0.000004   -0.000023    0.076194   -0.466713   -0.177691
 18   42.464996    0.000008    0.000015    0.015744   -0.233154   -0.189340
 19   42.458038   -0.000076   -0.000015   -0.000219   -0.249277   -0.148259
 20   42.267883    0.000015    0.000000    0.137615   -0.753670   -0.604591
 21   42.505898   -0.000015    0.000031   -0.032438   -0.287117   -0.227630
 22   42.233139    0.000015   -0.000046    0.140472    0.335798    0.309842
 23   42.352211    0.000046    0.000000    0.336605    0.702379    0.665882
 24   42.391724   -0.000015    0.000000    0.009194    0.238917    0.148525
 25   42.497467    0.000023    0.000019   -0.005291    0.113816    0.070871
 26   42.272736    0.000060   -0.000027   -0.005971    0.066087    0.041874
 27   29.239349   55.382607   92.214973    1.762570   -0.090816    0.448537
 28   42.375061   -0.000008    0.000000   -0.001042    0.084272    0.215578
 29   42.546112   -0.000023    0.000038    0.012879    0.068176    0.283458
 30   42.234558    0.000107   -0.000008    0.086482    0.332111    0.408615
 31   42.465027   -0.000031    0.000046    0.040821    0.160515    0.163976
 32   42.458038    0.000031    0.000015    0.092630    0.262720    0.281224
 33   42.267883    0.000015    0.000000    0.441387    0.654098    0.787360
 34   42.506020    0.000046   -0.000031    0.030988    0.130994    0.087227
 35   42.233093   -0.000031    0.000031   -0.006098   -0.552235   -0.396511
 36   42.352264   -0.000092    0.000031    0.080477   -0.578502   -0.555935
 37   42.391724    0.000076    0.000015    0.010108   -0.166239   -0.162997
 38   42.497650    0.000050   -0.000011    0.005021   -0.083630   -0.081735
 39   42.272644    0.000120    0.000004    0.003698   -0.046606   -0.045293
 40   29.239365  106.746696    1.740845    0.045779   -0.071460    1.867005
 41   42.375069    0.000000    0.000000   -0.042537    0.222432   -0.874073
 42   42.546112    0.000023    0.000008    0.015321    0.036496   -0.077725
 43   42.234467   -0.000015    0.000008   -0.107905   -0.028159    0.460540
 44   42.465073   -0.000046   -0.000011   -0.049488   -0.046086    0.292849
 45   42.458084    0.000015   -0.000008   -0.066292   -0.151725    0.760823
 46   42.267891    0.000000   -0.000002    0.059591   -0.111998    0.566703
 47   42.505901    0.000061    0.000013   -0.002877   -0.010910   -0.012619
 48   42.233135   -0.000061    0.000004   -0.096237    0.006621   -0.453847
 49   42.352234   -0.000061    0.000003   -0.098128    0.064533   -0.634197
 50   42.391693    0.000000   -0.000019   -0.015210    0.053032   -0.305883
 51   42.497650   -0.000013   -0.000023    0.002445    0.031545   -0.172788
 52   42.272705   -0.000004   -0.000004    0.003954    0.014005   -0.078682
 53   11.340881   50.706917  -73.170738    0.252044    0.442268    2.925959
 54   42.375099   -0.000015    0.000015   -0.041094    0.021360   -0.031006
 55   42.546062    0.000038    0.000008   -0.031348    0.032819   -0.043725
 56   42.234550   -0.000046    0.000000   -0.022542    0.055744   -0.069803
 57   42.464996    0.000038    0.000015   -0.034430    0.170551   -0.208797
 58   42.458115    0.000019    0.000000   -0.114737    0.317951   -0.390331
 59   42.267975   -0.000107   -0.000006   -0.006512   -0.101320    0.120525
 60   42.505920    0.000082    0.000004    0.001376   -0.012251    0.009155
 61   42.233154   -0.000067    0.000000    0.017806   -0.199707    0.106400
 62   42.352264   -0.000031    0.000023   -0.021281    0.145990   -0.082917
 63   42.391724   -0.000004    0.000000   -0.013394    0.075850   -0.041279
 64   42.497620    0.000050   -0.000006   -0.005154    0.028781   -0.015196
 65   42.272827   -0.000006    0.000001   -0.003058    0.011035   -0.005753
 66   11.340912  -56.044868  -73.170692    0.997859    2.672661    0.142649
 67   42.375076   -0.000015    0.000000    0.085680   -0.033228    0.012092
 68   42.546127   -0.000015    0.000015    0.046676   -0.046145    0.021445
 69   42.234459    0.000015   -0.000015    0.021253   -0.072584    0.038043
 70   42.465004   -0.000038    0.000008   -0.010084   -0.198799    0.111033
 71   42.458084    0.000027   -0.000008   -0.052760   -0.458667    0.277007
 72   42.267899   -0.000055   -0.000002    0.008076    0.123288   -0.060915
 73   42.505966    0.000032    0.000031   -0.000328    0.015561   -0.009513
 74   42.233063   -0.000021   -0.000013   -0.021941    0.137822   -0.162345
 75   42.352203    0.000015    0.000000   -0.002206   -0.084029    0.096429
 76   42.391846    0.000008   -0.000027    0.002769   -0.068344    0.078519
 77   42.497650    0.000009   -0.000019    0.002151   -0.022300    0.025851
 78   42.272736   -0.000040   -0.000010    0.001948   -0.008956    0.010429
 79   29.239304 -106.786285    1.740902   -0.039392    0.178233   -1.897228
 80   42.375114    0.000000   -0.000011   -0.116856    0.116032    0.633146
 81   42.546021    0.000000    0.000000   -0.091929    0.010736    0.312409
 82   42.234497   -0.000015   -0.000011    0.123086    0.005384   -0.443544
 83   42.465057   -0.000023   -0.000015    0.069018   -0.032502   -0.286210
 84   42.458130    0.000000   -0.000011    0.111751   -0.129822   -0.672005
 85   42.267914   -0.000031    0.000006   -0.009727   -0.159857   -0.682159
 86   42.505939   -0.000031    0.000027   -0.007344   -0.018594   -0.039422
 87   42.233074   -0.000061   -0.000024    0.063982    0.015213    0.322274
 88   42.352310    0.000000    0.000023    0.096683    0.076133    0.690248
 89   42.391693   -0.000015   -0.000028    0.006509    0.058227    0.341527
 90   42.497467   -0.000004   -0.000002   -0.009891    0.033039    0.195186
 91   42.272614    0.000004    0.000044   -0.009068    0.015880    0.101390
time 9
  0    0.000000    0.000000    0.000000    0.000000   -0.000000    0.000000
  1    0.000000    0.000000    0.000000    0.000000   -0.000000    0.000000
  2   -1.707558  -46.857735  102.630531    0.027536   -1.991985    1.501928
  3   50.309219   -0.435479    0.000000   -0.000017   -0.276445    0.014098
  4   30.891541   -0.000011    0.000011    0.000017   -0.155911   -0.014097
  5   34.635590    0.000007    0.000000   -0.000000   -0.237188   -0.000001
  6   30.584274    0.000018   -0.000008   -0.000000   -0.330138    0.000001
  7   31.520203   -0.000001    0.000000   -0.000000   -0.498810   -0.000001
  8   34.241188  -28.000031  -41.878021    0.966834   -0.187801    0.131168
  9   34.241112   23.441799  -41.878113   -0.966839   -0.187801   -0.131164
 10   35.246704  -52.543079    1.319122   -0.000000   -0.000000    0.247878
 11   35.246544   52.726303    1.318909   -0.000000    0.000000   -0.247875
 12   34.830032  -24.891926   45.588593   -0.966204    0.194745    0.119734
 13   34.885796   27.636583   43.767807    0.966199    0.194744   -0.119732
 14   29.239319  -51.573353   94.292976    0.041695    0.125735   -0.651221
 15   42.375061    0.000000    0.000000    0.023244   -0.174952    0.000364
 16   42.546066    0.000023   -0.000015    0.042767   -0.322224    0.065829
 17   42.234436   -0.000004   -0.000008    0.085942   -0.502634   -0.119402
 18   42.464981    0.000023    0.000015    0.018492   -0.239888   -0.171447
 19   42.458099   -0.000053    0.000015   -0.004164   -0.220531   -0.107069
 20   42.267960    0.000015    0.000031    0.093292   -0.762199   -0.493823
 21   42.505913   -0.000015    0.000000   -0.047502   -0.396184   -0.270749
 22   42.233185    0.000107   -0.000061    0.160222    0.354361    0.298141
 23   42.352306    0.000000   -0.000061    0.357425    0.750529    0.631878
 24   42.391846   -0.000038    0.000031    0.004850    0.241229    0.123213
 25   42.497620    0.000023    0.000008   -0.007206    0.114369    0.058877
 26   42.272766    0.000041   -0.000019   -0.007091    0.066592    0.035066
 27   29.239349   55.382607   92.214958    1.839093    0.016464    0.407786
 28   42.375076   -0.000015    0.000000   -0.000893    0.088397    0.169887
 29   42.546097   -0.000008    0.000015   -0.001826    0.112487    0.296123
 30   42.234451    0.000099   -0.000015    0.065914    0.306492    0.425500
 31   42.465073    0.000000   -0.000015    0.041791    0.180295    0.170656
 32   42.458099    0.000046    0.000031    0.063111    0.192325    0.201323
 33   42.267883    0.000015    0.000031    0.420496    0.629637    0.755180
 34   42.506020    0.000076    0.000031    0.099423    0.293444    0.204296
 35   42.233063   -0.000031    0.000092   -0.042511   -0.494089   -0.315871
 36   42.352272   -0.000031    0.000092    0.095628   -0.650948   -0.611481
 37   42.391724    0.000069    0.000008    0.010387   -0.175245   -0.169974
 38   42.497620    0.000072   -0.000008    0.005569   -0.085828   -0.083052
 39   42.272675    0.000152   -0.000011    0.004246   -0.049127   -0.047230
 40   29.239349  106.746620    1.740837    0.053885   -0.091711    1.649228
 41   42.375061    0.000015    0.000008   -0.050152    0.273634   -0.648584
 42   42.546112   -0.000008    0.000004    0.011250    0.056421   -0.056838
 43   42.234436    0.000000    0.000000   -0.119903   -0.049837    0.438454
 44   42.465057    0.000000   -0.000008   -0.052308   -0.060504    0.284898
 45   42.458084    0.000000    0.000000   -0.064813   -0.194496    0.755297
 46   42.267906   -0.000031   -0.000004    0.085819   -0.134254    0.561489
 47   42.505898    0.000031    0.000011   -0.003187   -0.011604   -0.010473
 48   42.233147    0.000031   -0.000010   -0.122207    0.007522   -0.440863
 49   42.352219   -0.000031    0.000004   -0.131067    0.082296   -0.637950
 50   42.391693    0.000015   -0.000009   -0.022289    0.070231   -0.305920
 51   42.497620   -0.000008   -0.000017    0.001715    0.042195   -0.172699
 52   42.272705   -0.000008    0.000004    0.004618    0.019329   -0.080631
 53    9.251686   50.706909  -71.044083    0.199528    0.381980    2.902403
 54   42.375092    0.000015    0.000000   -0.042352    0.019725   -0.026859
 55   42.546078    0.000015    0.000000   -0.033186    0.029777   -0.037168
 56   42.234547   -0.000046   -0.000015   -0.025479    0.049334   -0.057673
 57   42.464996    0.000046    0.000000   -0.035176    0.134837   -0.154932
 58   42.458084    0.000031   -0.000008   -0.119674    0.313047   -0.347485
 59   42.267975   -0.000092    0.000010   -0.006338   -0.036210    0.071736
 60   42.505905    0.000085    0.000010   -0.001435    0.021915   -0.005078
 61   42.233185   -0.000084   -0.000002    0.015738   -0.090680    0.038001
 62   42.352234   -0.000013   -0.000011   -0.008623    0.074963   -0.033433
 63   42.391693    0.000033   -0.000015   -0.009442    0.040603   -0.017614
 64   42.497620    0.000048   -0.000001   -0.004135    0.015062   -0.006379
 65   42.272736    0.000005    0.000002   -0.002710    0.005843   -0.002451
 66    9.251648  -56.044884  -71.044060    0.958919    2.730637    0.108516
 67   42.375076    0.000011   -0.000008    0.084285   -0.031350    0.008397
 68   42.546093   -0.000011    0.000015    0.046916   -0.043448    0.015675
 69   42.234440    0.000038   -0.000008    0.022904   -0.067479    0.028047
 70   42.464996   -0.000046    0.000008   -0.000132   -0.171205    0.074335
 71   42.458084    0.000027   -0.000008   -0.025666   -0.443352    0.215273
 72   42.267838   -0.000065    0.000040    0.011586    0.067279    0.002390
 73   42.505936    0.000053    0.000025   -0.000380   -0.005921    0.020034
 74   42.233124   -0.000024    0.000025   -0.011492    0.060108   -0.069474
 75   42.352173   -0.000031    0.000027   -0.000656   -0.043373    0.049355
 76   42.391754    0.000006    0.000008    0.004997   -0.034244    0.038899
 77   42.497559    0.000001    0.000053    0.002712   -0.011184    0.012850
 78   42.272675   -0.000021    0.000042    0.002160   -0.004511    0.005207
 79   29.239304 -106.786285    1.740906   -0.044782    0.143448   -1.813856
 80   42.375061    0.000015   -0.000008   -0.094745    0.165385    0.616733
 81   42.546066   -0.000011    0.000004   -0.063008    0.026931    0.192984
 82   42.234528   -0.000015   -0.000023    0.140876   -0.016811   -0.438275
 83   42.465042   -0.000015   -0.000011    0.071595   -0.050139   -0.278893
 84   42.458099    0.000000   -0.000008    0.113405   -0.184121   -0.701384
 85   42.267906    0.000031    0.000000   -0.047558   -0.184384   -0.631904
 86   42.505951   -0.000061    0.000034   -0.005084   -0.015768   -0.019517
 87   42.233059    0.000031   -0.000015    0.098796    0.026306    0.366723
 88   42.352310   -0.000061   -0.000017    0.124162    0.107573    0.670326
 89   42.391663   -0.000015    0.000015    0.008410    0.079398    0.324786
 90   42.497528    0.000000   -0.000015   -0.012164    0.044821    0.184513
 91   42.272552    0.000011    0.000046   -0.010829    0.020990    0.092526
time 10
  0    0.000000    0.000000    0.000000    0.000000   -0.000000    0.000000
  1    0.000000    0.000000    0.000000    0.000000   -0.000000    0.000000
  2   -0.286862  -45.112183   98.847847    0.035887   -2.064256    1.490069
  3   50.309219   -0.435479    0.000004   -0.000017   -0.314791    0.014098
  4   30.891541   -0.000011    0.000000    0.000017   -0.195806   -0.014097
  5   34.635590    0.000007    0.000000   -0.000000   -0.276639   -0.000001
  6   30.584274    0.000018    0.000000   -0.000000   -0.373233    0.000001
  7   31.520187    0.000000    0.000015   -0.000000   -0.538936   -0.000001
  8   34.241203  -28.000029  -41.878021    0.976174   -0.380138    0.256545
  9   34.241127   23.441799  -41.878113   -0.976179   -0.380139   -0.256541
 10   35.246704  -52.543087    1.319122   -0.000000    0.000000    0.474124
 11   35.246529   52.726311    1.318939   -0.000000   -0.000000   -0.474121
 12   34.830009  -24.891924   45.588593   -0.974505    0.387153    0.244926
 13   34.885773   27.636583   43.767822    0.974500    0.387152   -0.244925
 14   29.239334  -51.573357   94.292953    0.017804    0.203531   -0.586794
 15   42.375061    0.000011   -0.000008    0.018508   -0.147273   -0.012847
 16   42.546097    0.000023    0.000015    0.072290   -0.291371    0.011388
 17   42.234436    0.000011    0.000008    0.102416   -0.537401   -0.063106
 18   42.465012    0.000015   -0.000015    0.032008   -0.282626   -0.170650
 19   42.458069   -0.000069    0.000000   -0.005629   -0.191183   -0.073490
 20   42.267975   -0.000015    0.000015    0.038431   -0.701214   -0.339078
 21   42.505928    0.000015    0.000000   -0.059746   -0.572332   -0.326473
 22   42.233200    0.000000   -0.000031    0.124954    0.276057    0.202979
 23   42.352314    0.000000   -0.000031    0.444203    0.823465    0.669371
 24   42.391724   -0.000076   -0.000031    0.005651    0.275310    0.112748
 25   42.497467   -0.000011    0.000000   -0.009076    0.125367    0.051683
 26   42.272766    0.000027   -0.000046   -0.008517    0.071658    0.030466
 27   29.239349   55.382622   92.214966    1.908099    0.106856    0.361626
 28   42.375061    0.000015   -0.000008    0.005184    0.083198    0.130667
 29   42.546082   -0.000023    0.000023   -0.011523    0.136771    0.253382
 30   42.234467    0.000092   -0.000015    0.044616    0.301029    0.446805
 31   42.465088   -0.000023    0.000023    0.045145    0.218222    0.203131
 32   42.458084    0.000031    0.000000    0.048411    0.151566    0.156564
 33   42.267868   -0.000015    0.000031    0.328576    0.558934    0.634090
 34   42.506020    0.000046    0.000031    0.212649    0.460310    0.359931
 35   42.233063    0.000015    0.000061   -0.065938   -0.371307   -0.209899
 36   42.352249   -0.000076    0.000061    0.120923   -0.749231   -0.683895
 37   42.391693    0.000076    0.000031    0.011454   -0.197928   -0.189457
 38   42.497650    0.000053    0.000008    0.006460   -0.092903   -0.088920
 39   42.272675    0.000143    0.000019    0.005075   -0.054297   -0.051579
 40   29.239349  106.746635    1.740845    0.063966   -0.063375    1.495769
 41   42.375092    0.000000   -0.000011   -0.029571    0.289034   -0.490138
 42   42.546143    0.000000    0.000000    0.007629    0.063810   -0.040406
 43   42.234482    0.000008    0.000000   -0.130999   -0.071218    0.424448
 44   42.465073    0.000015    0.000008   -0.053833   -0.075841    0.276850
 45   42.458130    0.000000    0.000000   -0.059806   -0.235150    0.738268
 46   42.267899    0.000000    0.000000    0.115579   -0.159682    0.568058
 47   42.505898    0.000031    0.000010   -0.002193   -0.012159   -0.005352
 48   42.233116   -0.000061   -0.000010   -0.148702    0.007544   -0.426839
 49   42.352272    0.000000   -0.000004   -0.166959    0.099897   -0.642960
 50   42.391632   -0.000015   -0.000019   -0.030089    0.088415   -0.305407
 51   42.497559    0.000008    0.000000    0.000716    0.053481   -0.171978
 52   42.272766   -0.000004   -0.000008    0.005171    0.025017   -0.081602
 53    7.853333   50.706932  -69.620819    0.153038    0.321340    2.891019
 54   42.375088   -0.000015   -0.000008   -0.042949    0.018841   -0.024067
 55   42.546059    0.000031    0.000008   -0.034152    0.028097   -0.032899
 56   42.234543   -0.000046   -0.000008   -0.027214    0.045790   -0.050135
 57   42.465012    0.000046   -0.000015   -0.036515    0.115830   -0.125746
 58   42.458069   -0.000004   -0.000015   -0.122813    0.302344   -0.309356
 59   42.267975   -0.000107    0.000010   -0.009924    0.011092    0.044723
 60   42.505966    0.000048    0.000002   -0.004389    0.045305   -0.009550
 61   42.233154   -0.000094   -0.000003    0.009937   -0.016609    0.004146
 62   42.352203   -0.000039    0.000011   -0.003339    0.033303   -0.011108
 63   42.391815   -0.000021    0.000014   -0.006677    0.013193   -0.004010
 64   42.497620    0.000038   -0.000012   -0.003308    0.005419   -0.001657
 65   42.272858   -0.000031    0.000000   -0.002378    0.002138   -0.000648
 66    7.853325  -56.044876  -69.620804    0.926325    2.791947    0.087821
 67   42.375107   -0.000008   -0.000015    0.083372   -0.029670    0.005751
 68   42.546127   -0.000004    0.000000    0.047487   -0.041032    0.011579
 69   42.234474    0.000008   -0.000008    0.024706   -0.063077    0.021115
 70   42.465019   -0.000042    0.000000    0.006912   -0.149760    0.051490
 71   42.458130   -0.000004    0.000000   -0.004231   -0.425673    0.168047
 72   42.267899   -0.000072   -0.000005    0.014032    0.021231    0.043972
 73   42.505966    0.000044    0.000009   -0.000092   -0.017931    0.039652
 74   42.233124   -0.000028    0.000010   -0.008992    0.009573   -0.010962
 75   42.352142   -0.000071    0.000009   -0.000230   -0.020790    0.023491
 76   42.391785   -0.000039   -0.000023    0.005747   -0.010598    0.011980
 77   42.497589    0.000012   -0.000058    0.002926   -0.003903    0.004461
 78   42.272644   -0.000006    0.000005    0.002248   -0.001608    0.001846
 79   29.239304 -106.786255    1.740917   -0.051228    0.149924   -1.763514
 80   42.375084    0.000000   -0.000015   -0.093844    0.191218    0.573777
 81   42.546021   -0.000023   -0.000004   -0.055164    0.030993    0.148612
 82   42.234497    0.000000   -0.000008    0.155548   -0.039502   -0.432583
 83   42.465057   -0.000015   -0.000004    0.073114   -0.067533   -0.274291
 84   42.458008    0.000015    0.000000    0.107194   -0.227525   -0.691603
 85   42.267937    0.000061   -0.000004   -0.079655   -0.211920   -0.623937
 86   42.506012    0.000000    0.000026   -0.006093   -0.015436   -0.018210
 87   42.233051    0.000031    0.000010    0.127895    0.030176    0.373648
 88   42.352264    0.000031    0.000019    0.157806    0.130228    0.665719
 89   42.391724    0.000000    0.000000    0.014460    0.099096    0.318080
 90   42.497711    0.000008   -0.000079   -0.012185    0.056582    0.180031
 91   42.272522   -0.000004    0.000057   -0.011744    0.026511    0.089288
time 11
  0    0.000000    0.000000    0.000000    0.000000   -0.000000    0.000000
  1    0.000000    0.000000    0.000000    0.000000   -0.000000    0.000000
  2   -0.260640  -43.608051   95.299713    0.029219   -2.044896    1.501257
  3   50.309219   -0.435479    0.000000   -0.000017   -0.330129    0.014098
  4   30.891525   -0.000011    0.000004    0.000017   -0.211764   -0.014097
  5   34.635590    0.000007    0.000000   -0.000000   -0.292419   -0.000001
  6   30.584305    0.000018   -0.000031   -0.000000   -0.395292    0.000001
  7   31.520180    0.000000    0.000000   -0.000000   -0.554987   -0.000001
  8   34.241211  -28.000027  -41.878021    0.979910   -0.457073    0.306696
  9   34.241135   23.441803  -41.878113   -0.979915   -0.457074   -0.306691
 10   35.246704  -52.543083    1.319122   -0.000000   -0.000000    0.564623
 11   35.246559   52.726303    1.318909   -0.000001   -0.000000   -0.564620
 12   34.830025  -24.891922   45.588593   -0.977825    0.464116    0.295003
 13   34.885773   27.636581   43.767822    0.977821    0.464114   -0.295002
 14   29.239319  -51.573322   94.292931    0.023571    0.177403   -0.567332
 15   42.375076    0.000015   -0.000023    0.011139   -0.145034   -0.015004
 16   42.546066    0.000042    0.000008    0.065329   -0.284104    0.002975
 17   42.234436    0.000019    0.000000    0.098218   -0.529021   -0.074159
 18   42.465012    0.000000    0.000000    0.031693   -0.286997   -0.178689
 19   42.458084   -0.000038    0.000015   -0.006634   -0.187193   -0.077139
 20   42.267975    0.000031    0.000015    0.042403   -0.680326   -0.349450
 21   42.505898   -0.000015   -0.000031   -0.047072   -0.578191   -0.348991
 22   42.233154   -0.000015    0.000031    0.125592    0.282065    0.214945
 23   42.352272    0.000015   -0.000031    0.436381    0.809826    0.680009
 24   42.391693   -0.000099    0.000015    0.006495    0.265839    0.116698
 25   42.497467   -0.000004    0.000008   -0.008024    0.121901    0.053740
 26   42.272736    0.000045   -0.000021   -0.007783    0.069921    0.031661
 27   29.239349   55.382584   92.214973    1.891311    0.084885    0.369332
 28   42.375046    0.000023   -0.000004    0.005159    0.082040    0.131822
 29   42.546097   -0.000015    0.000004   -0.010466    0.130867    0.249545
 30   42.234497    0.000069    0.000000    0.041465    0.291153    0.437208
 31   42.465057   -0.000046    0.000023    0.045891    0.224119    0.212949
 32   42.458054    0.000000    0.000015    0.047461    0.150136    0.156897
 33   42.267944   -0.000031    0.000015    0.318858    0.550995    0.629887
 34   42.506012    0.000061   -0.000061    0.214221    0.462418    0.371380
 35   42.233063   -0.000015    0.000000   -0.062932   -0.387670   -0.227577
 36   42.352234   -0.000092   -0.000031    0.122235   -0.731729   -0.682645
 37   42.391693    0.000076    0.000000    0.011836   -0.191046   -0.185179
 38   42.497681    0.000031    0.000019    0.006536   -0.090306   -0.087356
 39   42.272614    0.000123    0.000010    0.005071   -0.053041   -0.050905
 40   29.239349  106.746628    1.740841    0.055837   -0.060124    1.440506
 41   42.375053    0.000008    0.000000   -0.026213    0.283450   -0.437033
 42   42.546082   -0.000027   -0.000011    0.006537    0.068543   -0.036203
 43   42.234436   -0.000015   -0.000008   -0.128701   -0.067253    0.422542
 44   42.465042   -0.000015   -0.000023   -0.054397   -0.071774    0.276149
 45   42.458069    0.000031   -0.000008   -0.065660   -0.225115    0.732945
 46   42.267944    0.000031   -0.000008    0.104780   -0.161405    0.579464
 47   42.505905   -0.000031   -0.000011   -0.000703   -0.012411   -0.001474
 48   42.233139   -0.000031   -0.000019   -0.138364    0.009771   -0.418683
 49   42.352249   -0.000061   -0.000008   -0.160307    0.097822   -0.647761
 50   42.391602    0.000015    0.000000   -0.028436    0.085779   -0.308617
 51   42.497528    0.000019   -0.000004    0.001161    0.051764   -0.173882
 52   42.272705   -0.000004    0.000004    0.005280    0.024308   -0.082988
 53    7.343369   50.706894  -69.101738    0.162988    0.356073    2.889158
 54   42.375076   -0.000015   -0.000015   -0.043049    0.018348   -0.025161
 55   42.546059    0.000023    0.000008   -0.034013    0.027576   -0.034609
 56   42.234550   -0.000038   -0.000015   -0.026759    0.045353   -0.053201
 57   42.464973    0.000038    0.000008   -0.037673    0.120494   -0.142606
 58   42.458084    0.000027   -0.000008   -0.106455    0.266991   -0.283188
 59   42.267975   -0.000105    0.000006   -0.010488    0.018550    0.049150
 60   42.505936    0.000068   -0.000008   -0.005144    0.052739   -0.017330
 61   42.233154   -0.000075   -0.000009    0.007514    0.010013   -0.005391
 62   42.352325    0.000007   -0.000008   -0.001420    0.018266   -0.005863
 63   42.391663   -0.000009   -0.000007   -0.005722    0.002289   -0.000351
 64   42.497589    0.000057   -0.000011   -0.003010    0.001707   -0.000431
 65   42.272705    0.000022   -0.000028   -0.002282    0.000631   -0.000160
 66    7.343376  -56.044842  -69.101662    0.938796    2.757797    0.101330
 67   42.375092    0.000000    0.000000    0.082733   -0.030733    0.005391
 68   42.546124   -0.000004    0.000000    0.046835   -0.042809    0.011232
 69   42.234470    0.000023    0.000008    0.024093   -0.066475    0.020853
 70   42.465027   -0.000031    0.000000    0.006005   -0.171153    0.053470
 71   42.458115    0.000019   -0.000015    0.005435   -0.393372    0.149864
 72   42.267944   -0.000036    0.000007    0.013662    0.040836    0.046932
 73   42.506012    0.000034    0.000011   -0.000328   -0.032644    0.045599
 74   42.233154   -0.000010   -0.000000   -0.008711   -0.007045    0.008022
 75   42.352173   -0.000031    0.000028   -0.000246   -0.013925    0.015994
 76   42.391785   -0.000007    0.000002    0.005739   -0.001269    0.001538
 77   42.497528    0.000025   -0.000002    0.002911   -0.001173    0.001383
 78   42.272705    0.000029    0.000021    0.002231   -0.000448    0.000537
 79   29.239304 -106.786194    1.740910   -0.045167    0.128794   -1.688236
 80   42.375061   -0.000015   -0.000015   -0.076104    0.197655    0.542539
 81   42.546036   -0.000011   -0.000015   -0.044778    0.037488    0.126200
 82   42.234497    0.000000    0.000000    0.153583   -0.039248   -0.434196
 83   42.465027    0.000015   -0.000023    0.072581   -0.065308   -0.274779
 84   42.458023    0.000031   -0.000008    0.107741   -0.216737   -0.685582
 85   42.267891    0.000000    0.000008   -0.069907   -0.209419   -0.633332
 86   42.505981   -0.000061    0.000017   -0.006676   -0.015857   -0.020989
 87   42.233063    0.000031    0.000001    0.120655    0.030734    0.372075
 88   42.352280    0.000000    0.000034    0.150644    0.127192    0.667904
 89   42.391693    0.000015   -0.000010    0.013225    0.095747    0.320114
 90   42.497559   -0.000004   -0.000011   -0.012146    0.054478    0.181101
 91   42.272491    0.000006    0.000050   -0.011410    0.025311    0.089204
time 12
  0    0.000000    0.000000    0.000000    0.000000   -0.000000    0.000000
  1    0.000000    0.000000    0.000000    0.000000   -0.000000    0.000000
  2   -0.239009  -42.104027   91.704811    0.021883   -2.025235    1.513568
  3   50.309219   -0.435479    0.000008   -0.000017   -0.329675    0.014098
  4   30.891541   -0.000010   -0.000004    0.000017   -0.211654   -0.014097
  5   34.635620    0.000007   -0.000015   -0.000000   -0.292210   -0.000001
  6   30.584290    0.000017    0.000000   -0.000000   -0.402844    0.000001
  7   31.520187    0.000000   -0.000015   -0.000000   -0.554928   -0.000001
  8   34.241211  -28.000032  -41.878021    0.979910   -0.457073    0.306696
  9   34.241127   23.441801  -41.878082   -0.979915   -0.457074   -0.306691
 10   35.246704  -52.543083    1.319138   -0.000000   -0.000000    0.564623
 11   35.246536   52.726311    1.318939   -0.000000   -0.000000   -0.564620
 12   34.830017  -24.891926   45.588608   -0.977825    0.464116    0.295003
 13   34.885788   27.636591   43.767822    0.977821    0.464114   -0.295002
 14   29.239304  -51.573341   94.292938    0.029389    0.149718   -0.548710
 15   42.375076   -0.000010    0.000000    0.003940   -0.143355   -0.016687
 16   42.546082    0.000011    0.000023    0.057273   -0.276374   -0.003514
 17   42.234436    0.000015    0.000008    0.092474   -0.516873   -0.084322
 18   42.465027    0.000023    0.000000    0.031798   -0.293443   -0.187916
 19   42.458130   -0.000076    0.000000   -0.007638   -0.184340   -0.081229
 20   42.267944   -0.000008   -0.000015    0.045297   -0.659428   -0.358909
 21   42.505898    0.000031    0.000000   -0.034053   -0.581787   -0.371342
 22   42.233139    0.000061   -0.000061    0.125823    0.287508    0.226995
 23   42.352253    0.000031    0.000061    0.427643    0.795115    0.689338
 24   42.391724   -0.000069    0.000000    0.007436    0.256926    0.120573
 25   42.497498    0.000008   -0.000038   -0.006967    0.118582    0.055751
 26   42.272766    0.000040   -0.000046   -0.007050    0.068250    0.032838
 27   29.239334   55.382629   92.214981    1.873859    0.062903    0.378209
 28   42.375061    0.000008   -0.000004    0.004968    0.080718    0.133022
 29   42.546082    0.000000    0.000015   -0.009619    0.124656    0.245755
 30   42.234467    0.000084   -0.000023    0.038134    0.280828    0.427470
 31   42.465057   -0.000031   -0.000008    0.046390    0.229575    0.222583
 32   42.458084    0.000015   -0.000015    0.046421    0.148798    0.157524
 33   42.267868   -0.000046   -0.000031    0.308972    0.542800    0.626110
 34   42.506042    0.000015    0.000092    0.215459    0.463750    0.383126
 35   42.233093   -0.000046   -0.000031   -0.059103   -0.401839   -0.245487
 36   42.352226   -0.000107    0.000031    0.123541   -0.713909   -0.681340
 37   42.391693    0.000069   -0.000015    0.012321   -0.184716   -0.181497
 38   42.497620    0.000023   -0.000034    0.006672   -0.087922   -0.086041
 39   42.272644    0.000140   -0.000012    0.005072   -0.051491   -0.049970
 40   29.239334  106.746651    1.740845    0.047452   -0.056262    1.393603
 41   42.375076   -0.000008   -0.000004   -0.022725    0.276143   -0.391595
 42   42.546112    0.000008    0.000004    0.006605    0.073288   -0.036144
 43   42.234497    0.000008    0.000015   -0.126938   -0.063184    0.421815
 44   42.465103   -0.000015    0.000008   -0.055082   -0.067894    0.275430
 45   42.458069   -0.000031    0.000008   -0.071470   -0.214390    0.723944
 46   42.267914    0.000000    0.000004    0.093375   -0.164633    0.595527
 47   42.505913    0.000000    0.000008    0.001140   -0.012826    0.004034
 48   42.233135    0.000000   -0.000010   -0.127632    0.012022   -0.407758
 49   42.352249    0.000000   -0.000008   -0.154129    0.096092   -0.654023
 50   42.391632    0.000000    0.000004   -0.026827    0.083482   -0.312581
 51   42.497650   -0.000008   -0.000017    0.001645    0.050235   -0.176190
 52   42.272736    0.000011    0.000004    0.005429    0.023694   -0.084656
 53    7.419655   50.706936  -69.179413    0.173502    0.389594    2.887767
 54   42.375072   -0.000015   -0.000015   -0.043221    0.018849   -0.026882
 55   42.546055    0.000023    0.000000   -0.033964    0.028610   -0.037294
 56   42.234535   -0.000046    0.000008   -0.026491    0.047680   -0.058080
 57   42.465019    0.000053    0.000000   -0.041079    0.136401   -0.168699
 58   42.458115    0.000015   -0.000023   -0.089619    0.237194   -0.250040
 59   42.267975   -0.000092    0.000006   -0.010253    0.012968    0.052085
 60   42.505905    0.000069    0.000004   -0.003866    0.043797   -0.017156
 61   42.233093   -0.000066   -0.000003    0.007822    0.009314   -0.005419
 62   42.352295    0.000000    0.000015   -0.001572    0.021684   -0.007480
 63   42.391663    0.000006    0.000003   -0.005993    0.004547   -0.001419
 64   42.497559   -0.000005   -0.000018   -0.003115    0.002486   -0.000799
 65   42.272766   -0.000033    0.000006   -0.002330    0.000726   -0.000232
 66    7.662537  -56.044872  -69.426575    0.952932    2.727247    0.115960
 67   42.375092   -0.000011   -0.000008    0.081958   -0.032738    0.005890
 68   42.546108   -0.000008    0.000000    0.046005   -0.045994    0.012242
 69   42.234451    0.000019    0.000000    0.023171   -0.072441    0.022950
 70   42.465027   -0.000015    0.000000    0.003685   -0.205057    0.064288
 71   42.458130    0.000038    0.000015    0.010757   -0.352242    0.141407
 72   42.267944   -0.000065    0.000011    0.012714    0.057177    0.037670
 73   42.506012    0.000053    0.000032   -0.000297   -0.032045    0.038413
 74   42.233124    0.000010    0.000010   -0.008591   -0.006145    0.007066
 75   42.352142   -0.000057    0.000035   -0.000220   -0.015972    0.018500
 76   42.391785   -0.000000    0.000005    0.005676   -0.003113    0.003636
 77   42.497620    0.000001    0.000038    0.002880   -0.001766    0.002077
 78   42.272675    0.000004    0.000013    0.002207   -0.000528    0.000626
 79   29.239273 -106.786308    1.740913   -0.038770    0.106021   -1.616506
 80   42.375099    0.000000   -0.000008   -0.058864    0.204848    0.510341
 81   42.546066   -0.000008   -0.000004   -0.037081    0.044427    0.110076
 82   42.234512    0.000000    0.000000    0.151192   -0.039026   -0.435702
 83   42.465103    0.000000   -0.000015    0.071953   -0.063127   -0.275628
 84   42.458099    0.000015   -0.000008    0.107558   -0.205253   -0.676197
 85   42.267952    0.000000    0.000000   -0.059730   -0.207830   -0.647015
 86   42.505997   -0.000031    0.000025   -0.007692   -0.016518   -0.025534
 87   42.233093    0.000000   -0.000031    0.112748    0.030741    0.367244
 88   42.352249   -0.000031   -0.000034    0.144610    0.123745    0.671752
 89   42.391754   -0.000015    0.000000    0.012475    0.092652    0.323013
 90   42.497528   -0.000011    0.000016   -0.011902    0.052599    0.182640
 91   42.272430   -0.000008    0.000011   -0.011030    0.024303    0.089538
time 13
  0    0.000000    0.000000    0.000000    0.000000   -0.000000    0.000000
  1    0.000000    0.000000    0.000000    0.000000   -0.000000    0.000000
  2   -0.221457  -40.600101   88.068336    0.014045   -2.005348    1.526723
  3   50.309227   -0.435479    0.000011   -0.000017   -0.328356    0.014098
  4   30.891541   -0.000011   -0.000004    0.000017   -0.211335   -0.014097
  5   34.635590    0.000007    0.000000   -0.000000   -0.291604   -0.000001
  6   30.584290    0.000018    0.000000   -0.000000   -0.409876    0.000001
  7   31.520172    0.000000    0.000000   -0.000000   -0.554759   -0.000001
  8   34.241188  -28.000032  -41.878021    0.979910   -0.457073    0.306696
  9   34.241119   23.441801  -41.878082   -0.979915   -0.457074   -0.306691
 10   35.246704  -52.543087    1.319122   -0.000000   -0.000000    0.564623
 11   35.246552   52.726318    1.318909   -0.000000   -0.000000   -0.564620
 12   34.830017  -24.891926   45.588593   -0.977825    0.464116    0.295003
 13   34.885780   27.636585   43.767822    0.977821    0.464114   -0.295002
 14   29.239326  -51.573338   94.292938    0.035181    0.120573   -0.531067
 15   42.375076    0.000013    0.000015   -0.003092   -0.142127   -0.017983
 16   42.546112    0.000038    0.000031    0.048466   -0.268192   -0.008349
 17   42.234467    0.000023    0.000000    0.085315   -0.501271   -0.093170
 18   42.464966    0.000015   -0.000015    0.032316   -0.301718   -0.198374
 19   42.458084   -0.000069   -0.000015   -0.008623   -0.182542   -0.085773
 20   42.267944    0.000053    0.000000    0.047191   -0.638581   -0.367292
 21   42.505890    0.000000    0.000031   -0.020957   -0.583436   -0.393290
 22   42.233215    0.000015   -0.000031    0.125581    0.292195    0.238855
 23   42.352276    0.000031    0.000000    0.418301    0.779638    0.697508
 24   42.391693   -0.000046   -0.000015    0.008450    0.248616    0.124359
 25   42.497559    0.000057   -0.000015   -0.005916    0.115425    0.057705
 26   42.272797    0.000039   -0.000059   -0.006325    0.066658    0.033988
 27   29.239334   55.382622   92.214973    1.855689    0.040890    0.387941
 28   42.375107    0.000015   -0.000015    0.004690    0.079200    0.134200
 29   42.546112   -0.000015    0.000004   -0.008894    0.118139    0.241855
 30   42.234482    0.000084    0.000000    0.034718    0.270111    0.417549
 31   42.465088   -0.000015    0.000015    0.046684    0.234712    0.232134
 32   42.458115    0.000000    0.000000    0.045303    0.147533    0.158384
 33   42.267853   -0.000061   -0.000015    0.298738    0.534261    0.622393
 34   42.506004    0.000092    0.000092    0.216485    0.464591    0.395374
 35   42.233047   -0.000015   -0.000031   -0.054534   -0.413459   -0.263245
 36   42.352211   -0.000107    0.000092    0.124993   -0.696185   -0.680219
 37   42.391785    0.000038    0.000031    0.012890   -0.178974   -0.178397
 38   42.497711    0.000015   -0.000008    0.006856   -0.085755   -0.084964
 39   42.272614    0.000122    0.000012    0.005093   -0.049933   -0.049032
 40   29.239334  106.746696    1.740845    0.039002   -0.051627    1.353836
 41   42.375092    0.000015   -0.000008   -0.019235    0.267262   -0.353379
 42   42.546127    0.000000    0.000027    0.007429    0.077694   -0.039142
 43   42.234497    0.000015    0.000015   -0.125464   -0.058972    0.421926
 44   42.465088   -0.000015    0.000004   -0.055896   -0.064311    0.275090
 45   42.458145    0.000000    0.000008   -0.076851   -0.203079    0.711723
 46   42.267929   -0.000031   -0.000011    0.081216   -0.168714    0.615272
 47   42.505882    0.000031   -0.000003    0.003162   -0.013437    0.010929
 48   42.233139   -0.000031   -0.000011   -0.116772    0.014207   -0.394665
 49   42.352249    0.000031   -0.000011   -0.148186    0.094728   -0.661316
 50   42.391724    0.000000    0.000000   -0.025202    0.081443   -0.317144
 51   42.497681    0.000015   -0.000004    0.002180    0.048837   -0.178822
 52   42.272705    0.000023   -0.000015    0.005617    0.023139   -0.086543
 53    7.641441   50.706940  -69.405106    0.184150    0.425125    2.886029
 54   42.375084   -0.000015   -0.000015   -0.043354    0.019919   -0.029202
 55   42.546059    0.000046    0.000031   -0.033861    0.030565   -0.040923
 56   42.234528   -0.000015    0.000008   -0.026203    0.051737   -0.064741
 57   42.465012    0.000046    0.000008   -0.046553    0.160658   -0.203536
 58   42.458084    0.000023   -0.000008   -0.068920    0.194932   -0.200192
 59   42.267990   -0.000135    0.000004   -0.010293    0.002800    0.050226
 60   42.505920    0.000066   -0.000004   -0.001997    0.027403   -0.011592
 61   42.233154   -0.000066   -0.000003    0.008259    0.006815   -0.004526
 62   42.352295   -0.000004    0.000013   -0.002642    0.035839   -0.014032
 63   42.391724    0.000028    0.000004   -0.006362    0.008629   -0.003357
 64   42.497559   -0.000012   -0.000003   -0.003276    0.004293   -0.001644
 65   42.272675   -0.000036    0.000013   -0.002399    0.001147   -0.000436
 66    8.556252  -56.044861  -70.336227    0.968548    2.699055    0.131460
 67   42.375103   -0.000019   -0.000015    0.081075   -0.035566    0.006990
 68   42.546104   -0.000011    0.000015    0.045022   -0.050452    0.014256
 69   42.234459    0.000023   -0.000015    0.021988   -0.080795    0.026889
 70   42.465004   -0.000008    0.000008   -0.000206   -0.250618    0.084262
 71   42.458084    0.000008    0.000015    0.016069   -0.286651    0.125593
 72   42.267944   -0.000061    0.000021    0.011705    0.061766    0.022668
 73   42.506012    0.000034    0.000027   -0.000088   -0.021136    0.024742
 74   42.233185    0.000000   -0.000007   -0.008468   -0.003937    0.004572
 75   42.352234   -0.000008    0.000024   -0.000230   -0.025934    0.030159
 76   42.391846    0.000003    0.000011    0.005619   -0.006222    0.007238
 77   42.497498    0.000051    0.000029    0.002850   -0.003084    0.003627
 78   42.272797    0.000030    0.000022    0.002182   -0.000845    0.000999
 79   29.239311 -106.786278    1.740913   -0.032185    0.082106   -1.549076
 80   42.375076    0.000008   -0.000008   -0.042739    0.212331    0.478327
 81   42.546051    0.000004    0.000015   -0.031581    0.051676    0.099445
 82   42.234528   -0.000008    0.000000    0.148326   -0.038720   -0.437079
 83   42.465057    0.000000    0.000000    0.071256   -0.061075   -0.277004
 84   42.458145    0.000015   -0.000015    0.106500   -0.193153   -0.663492
 85   42.267914    0.000000   -0.000034   -0.049095   -0.206755   -0.664664
 86   42.505943   -0.000061    0.000026   -0.009048   -0.017430   -0.031892
 87   42.233059   -0.000092   -0.000017    0.104306    0.030187    0.359234
 88   42.352280    0.000031    0.000000    0.139515    0.119886    0.677127
 89   42.391724    0.000031   -0.000011    0.012165    0.089749    0.326777
 90   42.497559    0.000023   -0.000042   -0.011469    0.050910    0.184657
 91   42.272491    0.000011    0.000000   -0.010608    0.023454    0.090297
time 14
  0    0.000000    0.000000    0.000000    0.000000   -0.000000    0.000000
  1    0.000000    0.000000    0.000000    0.000000   -0.000000    0.000000
  2   -0.207475  -39.096256   84.395485    0.005871   -1.985310    1.540439
  3   50.309204   -0.435479    0.000008   -0.000017   -0.326236    0.014098
  4   30.891541   -0.000011    0.000004    0.000017   -0.210822   -0.014097
  5   34.635574    0.000007    0.000000   -0.000000   -0.290631   -0.000001
  6   30.584259    0.000018    0.000000   -0.000000   -0.416406    0.000001
  7   31.520187   -0.000000    0.000031   -0.000000   -0.554487   -0.000001
  8   34.241203  -28.000034  -41.877991    0.979910   -0.457073    0.306696
  9   34.241119   23.441801  -41.878082   -0.979915   -0.457074   -0.306691
 10   35.246696  -52.543087    1.319153   -0.000000   -0.000000    0.564623
 11   35.246544   52.726315    1.318939   -0.000000    0.000000   -0.564620
 12   34.830009  -24.891928   45.588593   -0.977825    0.464116    0.295003
 13   34.885780   27.636587   43.767822    0.977821    0.464114   -0.295002
 14   29.239311  -51.573360   94.292946    0.040880    0.090073   -0.514531
 15   42.375061    0.000000    0.000008   -0.009969   -0.141234   -0.018960
 16   42.546112    0.000040   -0.000008    0.039179   -0.259449   -0.011760
 17   42.234421    0.000023   -0.000038    0.076976   -0.482608   -0.100415
 18   42.464951    0.000015   -0.000023    0.033248   -0.311596   -0.210099
 19   42.458008   -0.000061   -0.000015   -0.009575   -0.181726   -0.090772
 20   42.267944    0.000000   -0.000031    0.048156   -0.617766   -0.374409
 21   42.505867   -0.000061    0.000000   -0.007978   -0.583540   -0.414704
 22   42.233231    0.000031    0.000000    0.124766    0.295883    0.250172
 23   42.352283    0.000000    0.000000    0.408702    0.763721    0.704752
 24   42.391785   -0.000069    0.000015    0.009522    0.240949    0.128066
 25   42.497467    0.000019   -0.000008   -0.004883    0.112457    0.059597
 26   42.272705    0.000056   -0.000050   -0.005615    0.065152    0.035109
 27   29.239326   55.382618   92.214951    1.836797    0.018830    0.398215
 28   42.375061    0.000008   -0.000023    0.004398    0.077471    0.135299
 29   42.546097   -0.000008    0.000023   -0.008207    0.111356    0.237727
 30   42.234482    0.000092   -0.000023    0.031306    0.259056    0.407386
 31   42.465057   -0.000015    0.000000    0.046820    0.239632    0.241680
 32   42.458115    0.000015    0.000031    0.044124    0.146327    0.159427
 33   42.267853   -0.000031    0.000015    0.288019    0.525310    0.618389
 34   42.505997    0.000076    0.000000    0.217410    0.465208    0.408313
 35   42.233063    0.000015    0.000000   -0.049360   -0.422272   -0.280437
 36   42.352211   -0.000046    0.000061    0.126716   -0.678930   -0.679497
 37   42.391724    0.000092    0.000046    0.013525   -0.173830   -0.175864
 38   42.497589    0.000034    0.000011    0.007074   -0.083815   -0.084114
 39   42.272766    0.000154    0.000012    0.005139   -0.048530   -0.048242
 40   29.239334  106.746651    1.740841    0.030654   -0.046157    1.320072
 41   42.375092    0.000008   -0.000004   -0.015851    0.257009   -0.321745
 42   42.546112   -0.000023   -0.000008    0.008738    0.081503   -0.044453
 43   42.234482   -0.000008   -0.000015   -0.124063   -0.054589    0.422540
 44   42.465118    0.000000    0.000011   -0.056858   -0.061098    0.275509
 45   42.458038   -0.000015   -0.000023   -0.081504   -0.191289    0.696662
 46   42.267944    0.000000   -0.000004    0.068238   -0.173080    0.637853
 47   42.505928    0.000031    0.000007    0.005236   -0.014275    0.019058
 48   42.233128    0.000000   -0.000001   -0.105988    0.016232   -0.379865
 49   42.352242    0.000061   -0.000006   -0.142322    0.093713   -0.669285
 50   42.391693   -0.000031   -0.000013   -0.023525    0.079596   -0.322190
 51   42.497650   -0.000004   -0.000021    0.002768    0.047531   -0.181729
 52   42.272797    0.000000   -0.000008    0.005838    0.022614   -0.088600
 53    7.997856   50.706913  -69.767883    0.194756    0.462751    2.883570
 54   42.375080    0.000000    0.000000   -0.043395    0.021614   -0.032240
 55   42.546051    0.000038    0.000000   -0.033642    0.033565   -0.045702
 56   42.234509   -0.000038    0.000000   -0.025919    0.058553   -0.074703
 57   42.464981    0.000038   -0.000023   -0.053832    0.191490   -0.244281
 58   42.458023    0.000008   -0.000031   -0.047505    0.136488   -0.135969
 59   42.267960   -0.000104   -0.000036   -0.010183   -0.014551    0.048956
 60   42.505890    0.000066   -0.000019   -0.000405    0.010172   -0.004791
 61   42.233093   -0.000091   -0.000023    0.008573    0.005621   -0.003918
 62   42.352234   -0.000020   -0.000021   -0.004472    0.058455   -0.025400
 63   42.391754    0.000032   -0.000036   -0.006731    0.013631   -0.005895
 64   42.497559    0.000040   -0.000044   -0.003433    0.006599   -0.002799
 65   42.272766   -0.000052   -0.000031   -0.002461    0.001544   -0.000649
 66    9.928741  -56.044865  -71.733276    0.985563    2.672906    0.147782
 67   42.375076    0.000000   -0.000015    0.080082   -0.039383    0.008812
 68   42.546101    0.000015    0.000015    0.043851   -0.056489    0.017508
 69   42.234447    0.000019   -0.000008    0.020366   -0.093081    0.033451
 70   42.465004   -0.000031    0.000015   -0.006552   -0.305276    0.115574
 71   42.458099    0.000031    0.000011    0.020988   -0.198008    0.095543
 72   42.267960   -0.000088    0.000027    0.010412    0.063973    0.001286
 73   42.505920    0.000034    0.000027   -0.000120   -0.008363    0.009881
 74   42.233002    0.000021   -0.000004   -0.008359   -0.002439    0.002886
 75   42.352081   -0.000011   -0.000004   -0.000316   -0.042484    0.049708
 76   42.391785    0.000032    0.000019    0.005575   -0.009860    0.011541
 77   42.497467    0.000017    0.000037    0.002826   -0.004755    0.005632
 78   42.272614    0.000017    0.000016    0.002158   -0.001147    0.001364
 79   29.239296 -106.786263    1.740891   -0.025549    0.057624   -1.486467
 80   42.375099    0.000008   -0.000008   -0.028167    0.219565    0.447384
 81   42.546021   -0.000031    0.000008   -0.027791    0.059117    0.093488
 82   42.234528    0.000008   -0.000008    0.144915   -0.038252   -0.438197
 83   42.465057    0.000015    0.000023    0.070534   -0.059240   -0.279152
 84   42.458054    0.000015    0.000000    0.104457   -0.180568   -0.647605
 85   42.267883   -0.000061    0.000000   -0.038040   -0.205757   -0.685723
 86   42.506001   -0.000031    0.000003   -0.010646   -0.018599   -0.040093
 87   42.233040    0.000031    0.000003    0.095472    0.029091    0.348198
 88   42.352348   -0.000031    0.000002    0.135153    0.115620    0.683831
 89   42.391693   -0.000015   -0.000006    0.012240    0.086984    0.331381
 90   42.497589   -0.000004   -0.000044   -0.010867    0.049371    0.187150
 91   42.272522   -0.000008    0.000065   -0.010145    0.022742    0.091473
time 15
  0    0.000000    0.000000    0.000000    0.000000   -0.000000    0.000000
  1    0.000000    0.000000    0.000000    0.000000   -0.000000    0.000000
  2   -0.196553  -37.592491   80.691460   -0.002470   -1.965197    1.554436
  3   50.309219   -0.435479    0.000002   -0.000017   -0.323380    0.014098
  4   30.891556   -0.000011   -0.000008    0.000017   -0.210132   -0.014097
  5   34.635590    0.000007   -0.000008   -0.000000   -0.289318   -0.000001
  6   30.584274    0.000018    0.000000   -0.000000   -0.422452    0.000001
  7   31.520195   -0.000000    0.000000   -0.000000   -0.554120   -0.000001
  8   34.241188  -28.000036  -41.877991    0.979910   -0.457073    0.306696
  9   34.241127   23.441801  -41.878082   -0.979915   -0.457074   -0.306691
 10   35.246704  -52.543087    1.319153   -0.000000   -0.000000    0.564623
 11   35.246544   52.726318    1.318939   -0.000000    0.000000   -0.564620
 12   34.830025  -24.891928   45.588608   -0.977825    0.464116    0.295003
 13   34.885780   27.636587   43.767822    0.977821    0.464114   -0.295002
 14   29.239365  -51.573368   94.292984    0.046437    0.058331   -0.499227
 15   42.375076   -0.000008   -0.000015   -0.016703   -0.140551   -0.019665
 16   42.546082    0.000025   -0.000015    0.029646   -0.250022   -0.013934
 17   42.234451    0.000027    0.000000    0.067755   -0.461308   -0.105902
 18   42.464981    0.000004    0.000015    0.034606   -0.322839   -0.223083
 19   42.458099   -0.000084    0.000015   -0.010475   -0.181821   -0.096235
 20   42.267944    0.000015   -0.000015    0.048260   -0.596931   -0.380061
 21   42.505974   -0.000061    0.000000    0.004751   -0.582531   -0.435537
 22   42.233185    0.000031   -0.000031    0.123258    0.298286    0.260508
 23   42.352310   -0.000015   -0.000031    0.399229    0.747723    0.711408
 24   42.391754   -0.000038    0.000000    0.010633    0.233961    0.131714
 25   42.497467   -0.000031   -0.000004   -0.003877    0.109704    0.061436
 26   42.272766    0.000078   -0.000025   -0.004927    0.063749    0.036202
 27   29.239349   55.382610   92.214981    1.817233   -0.003287    0.408733
 28   42.375046    0.000000   -0.000008    0.004157    0.075530    0.136265
 29   42.546082    0.000000    0.000000   -0.007490    0.104370    0.233269
 30   42.234467    0.000069    0.000000    0.027987    0.247732    0.396920
 31   42.465027   -0.000031   -0.000015    0.046843    0.244422    0.251284
 32   42.458054    0.000031    0.000000    0.042902    0.145185    0.160622
 33   42.267868   -0.000046    0.000000    0.276751    0.515918    0.613818
 34   42.506012    0.000061    0.000031    0.218311    0.465805    0.422065
 35   42.233063   -0.000015    0.000000   -0.043750   -0.428166   -0.296672
 36   42.352196   -0.000122    0.000061    0.128794   -0.662442   -0.679343
 37   42.391693    0.000069    0.000023    0.014212   -0.169285   -0.173869
 38   42.497681    0.000042    0.000008    0.007319   -0.082094   -0.083473
 39   42.272614    0.000123    0.000001    0.005203   -0.047281   -0.047590
 40   29.239349  106.746635    1.740854    0.022556   -0.039879    1.291288
 41   42.375061    0.000008    0.000000   -0.012642    0.245615   -0.295957
 42   42.546082   -0.000015   -0.000015    0.010348    0.084540   -0.051586
 43   42.234467    0.000008    0.000000   -0.122549   -0.050022    0.423359
 44   42.465118   -0.000031   -0.000011   -0.057982   -0.058277    0.276977
 45   42.458054   -0.000015   -0.000008   -0.085207   -0.179110    0.679033
 46   42.267914   -0.000061    0.000002    0.054460   -0.177257    0.662621
 47   42.505875    0.000061    0.000012    0.007279   -0.015369    0.028371
 48   42.233097    0.000031   -0.000009   -0.095426    0.018005   -0.363662
 49   42.352188   -0.000031    0.000008   -0.136457    0.093004   -0.677700
 50   42.391571   -0.000015   -0.000015   -0.021785    0.077890   -0.327651
 51   42.497589   -0.000027   -0.000020    0.003406    0.046286   -0.184880
 52   42.272705   -0.000023   -0.000015    0.006087    0.022100   -0.090790
 53    8.478172   50.706890  -70.256783    0.205110    0.502587    2.879976
 54   42.375095   -0.000008   -0.000008   -0.043283    0.024020   -0.036145
 55   42.546082    0.000031    0.000000   -0.033237    0.037773   -0.051902
 56   42.234554   -0.000046    0.000008   -0.025692    0.070046   -0.090364
 57   42.465027    0.000031    0.000015   -0.061166    0.222687   -0.283565
 58   42.458084    0.000015   -0.000019   -0.029502    0.060149   -0.060853
 59   42.267960   -0.000125    0.000008   -0.010261   -0.034591    0.048212
 60   42.505890    0.000093    0.000008    0.001050   -0.009222    0.003887
 61   42.233124   -0.000090   -0.000004    0.008053    0.015089   -0.008136
 62   42.352325   -0.000042    0.000015   -0.006549    0.082988   -0.039086
 63   42.391693   -0.000009    0.000018   -0.007063    0.019288   -0.008988
 64   42.497559    0.000003    0.000001   -0.003556    0.008997   -0.004115
 65   42.272797   -0.000035    0.000009   -0.002504    0.001719   -0.000777
 66   11.684288  -56.044857  -73.520119    1.003877    2.648395    0.164930
 67   42.375088   -0.000008   -0.000015    0.078967   -0.044407    0.011505
 68   42.546089    0.000008    0.000015    0.042437   -0.064508    0.022311
 69   42.234470    0.000011    0.000000    0.017801   -0.113264    0.044781
 70   42.465042   -0.000038    0.000015   -0.015182   -0.357749    0.155274
 71   42.458115    0.000023   -0.000008    0.023100   -0.091636    0.046048
 72   42.267899   -0.000063    0.000009    0.008995    0.065211   -0.022222
 73   42.505981    0.000071    0.000027   -0.000640    0.005479   -0.006557
 74   42.233185   -0.000031   -0.000002   -0.007989   -0.008230    0.009876
 75   42.352112   -0.000067    0.000017   -0.000497   -0.060834    0.071753
 76   42.391815   -0.000007    0.000014    0.005548   -0.013942    0.016468
 77   42.497589    0.000060   -0.000013    0.002811   -0.006477    0.007740
 78   42.272675    0.000036    0.000048    0.002135   -0.001279    0.001533
 79   29.239334 -106.786247    1.740911   -0.018985    0.033186   -1.429002
 80   42.375092    0.000023    0.000008   -0.015402    0.226007    0.418163
 81   42.546082   -0.000008   -0.000015   -0.025262    0.066620    0.091438
 82   42.234528    0.000000   -0.000008    0.140887   -0.037557   -0.438854
 83   42.465057    0.000000    0.000004    0.069830   -0.057692   -0.282319
 84   42.458099    0.000031    0.000000    0.101377   -0.167660   -0.628778
 85   42.267944   -0.000031    0.000011   -0.026677   -0.204412   -0.709480
 86   42.505920    0.000000    0.000044   -0.012393   -0.020027   -0.050178
 87   42.233028    0.000031    0.000014    0.086408    0.027503    0.334398
 88   42.352303    0.000031    0.000051    0.131304    0.110967    0.691598
 89   42.391754    0.000000   -0.000010    0.012641    0.084295    0.336769
 90   42.497559    0.000008    0.000001   -0.010114    0.047941    0.190106
 91   42.272461    0.000015    0.000008   -0.009642    0.022138    0.093040
time 16
  0    0.000000    0.000000    0.000000    0.000000   -0.000000    0.000000
  1    0.000000    0.000000    0.000000    0.000000   -0.000000    0.000000
  2   -0.188181  -36.088779   76.961456   -0.010810   -1.945083    1.568432
  3   50.309212   -0.435479    0.000006   -0.000017   -0.319850    0.014098
  4   30.891525   -0.000011    0.000008    0.000017   -0.209278   -0.014097
  5   34.635590    0.000007    0.000000   -0.000000   -0.287697   -0.000001
  6   30.584290    0.000018    0.000008   -0.000000   -0.428033    0.000001
  7   31.520195   -0.000000   -0.000015   -0.000000   -0.553667   -0.000001
  8   34.241203  -28.000031  -41.877991    0.979910   -0.457073    0.306696
  9   34.241127   23.441799  -41.878082   -0.979915   -0.457074   -0.306691
 10   35.246696  -52.543087    1.319153   -0.000000   -0.000000    0.564623
 11   35.246544   52.726315    1.318939   -0.000000   -0.000000   -0.564620
 12   34.830032  -24.891922   45.588623   -0.977825    0.464116    0.295002
 13   34.885773   27.636587   43.767838    0.977821    0.464114   -0.295002
 14   29.239326  -51.573345   94.292984    0.051802    0.025474   -0.485270
 15   42.375092    0.000008    0.000008   -0.023297   -0.139955   -0.020137
 16   42.546066    0.000031    0.000031    0.020064   -0.239772   -0.015019
 17   42.234482    0.000004    0.000015    0.057989   -0.437828   -0.109597
 18   42.465042    0.000004   -0.000023    0.036393   -0.335186   -0.237261
 19   42.458054   -0.000084   -0.000015   -0.011306   -0.182771   -0.102169
 20   42.267960    0.000031    0.000000    0.047578   -0.576013   -0.384075
 21   42.505905    0.000015    0.000000    0.017170   -0.580829   -0.455821
 22   42.233170    0.000015    0.000015    0.120938    0.299127    0.269391
 23   42.352310    0.000000    0.000061    0.390251    0.732009    0.717872
 24   42.391754   -0.000053    0.000000    0.011770    0.227669    0.135322
 25   42.497467    0.000046    0.000000   -0.002908    0.107188    0.063237
 26   42.272766    0.000045   -0.000042   -0.004265    0.062457    0.037269
 27   29.239334   55.382610   92.214935    1.797094   -0.025479    0.419202
 28   42.375107    0.000008   -0.000002    0.004029    0.073388    0.137037
 29   42.546097   -0.000023    0.000011   -0.006678    0.097263    0.228394
 30   42.234467    0.000076   -0.000015    0.024834    0.236185    0.386072
 31   42.465027   -0.000023    0.000008    0.046805    0.249172    0.261012
 32   42.458115    0.000031   -0.000015    0.041659    0.144124    0.161948
 33   42.267883    0.000000    0.000015    0.264844    0.506015    0.608329
 34   42.506050    0.000092    0.000000    0.219315    0.466643    0.436829
 35   42.233078   -0.000061    0.000031   -0.037914   -0.430974   -0.311435
 36   42.352234   -0.000092    0.000000    0.131327   -0.647052   -0.679982
 37   42.391693    0.000107    0.000000    0.014938   -0.165351   -0.172403
 38   42.497620    0.000057    0.000011    0.007580   -0.080603   -0.083038
 39   42.272614    0.000145    0.000002    0.005281   -0.046194   -0.047078
 40   29.239342  106.746643    1.740839    0.014836   -0.032885    1.266568
 41   42.375061   -0.000008    0.000000   -0.009647    0.233316   -0.275260
 42   42.546097    0.000000   -0.000004    0.012127    0.086693   -0.060184
 43   42.234436    0.000008    0.000000   -0.120758   -0.045278    0.424082
 44   42.465027    0.000008    0.000000   -0.059275   -0.055834    0.279740
 45   42.458099   -0.000031   -0.000008   -0.087804   -0.166644    0.659070
 46   42.267921    0.000000    0.000004    0.039986   -0.180824    0.688988
 47   42.505905    0.000031    0.000006    0.009238   -0.016749    0.038911
 48   42.233124    0.000061    0.000001   -0.085183    0.019430   -0.346210
 49   42.352242    0.000000    0.000008   -0.130570    0.092524   -0.686398
 50   42.391693   -0.000015   -0.000004   -0.019991    0.076284   -0.333495
 51   42.497528   -0.000004   -0.000014    0.004084    0.045082   -0.188268
 52   42.272736    0.000002   -0.000004    0.006358    0.021589   -0.093112
 53    9.071602   50.706905  -70.860840    0.214951    0.544783    2.874766
 54   42.375080   -0.000023   -0.000023   -0.042948    0.027237   -0.041109
 55   42.546066    0.000015    0.000000   -0.032564    0.043385   -0.059854
 56   42.234535   -0.000031   -0.000015   -0.025630    0.088680   -0.114384
 57   42.465004    0.000046    0.000008   -0.065078    0.244028   -0.310506
 58   42.458084    0.000005   -0.000008   -0.019404   -0.028816    0.018787
 59   42.268036   -0.000116    0.000000   -0.010590   -0.053971    0.048312
 60   42.505890    0.000046    0.000000    0.002659   -0.035597    0.017058
 61   42.233246   -0.000084    0.000000    0.005437    0.047734   -0.024443
 62   42.352295   -0.000027    0.000000   -0.007978    0.101531   -0.051041
 63   42.391693    0.000022   -0.000019   -0.007328    0.025245   -0.012509
 64   42.497589   -0.000016   -0.000014   -0.003629    0.011248   -0.005472
 65   42.272766   -0.000006   -0.000017   -0.002534    0.001560   -0.000753
 66   13.727020  -56.044865  -75.599426    1.023395    2.625011    0.182990
 67   42.375095   -0.000015   -0.000008    0.077705   -0.050912    0.015269
 68   42.546108    0.000000    0.000015    0.040698   -0.075051    0.029099
 69   42.234474    0.000027   -0.000015    0.013440   -0.145650    0.064467
 70   42.464996   -0.000031    0.000000   -0.023270   -0.392312    0.192730
 71   42.458130    0.000040    0.000002    0.018977    0.021562   -0.022466
 72   42.267929   -0.000038    0.000002    0.007592    0.065302   -0.043563
 73   42.506012    0.000042    0.000015   -0.002280    0.024459   -0.029489
 74   42.233215    0.000004    0.000008   -0.006868   -0.031767    0.038254
 75   42.352234   -0.000015    0.000000   -0.000622   -0.074495    0.088663
 76   42.391754    0.000015   -0.000025    0.005535   -0.018213    0.021734
 77   42.497498    0.000040   -0.000001    0.002801   -0.008063    0.009735
 78   42.272736    0.000013    0.000021    0.002112   -0.001151    0.001398
 79   29.239288 -106.786247    1.740915   -0.012609    0.009397   -1.376848
 80   42.375107   -0.000008    0.000000   -0.004542    0.231164    0.391119
 81   42.546036   -0.000015    0.000023   -0.023602    0.074036    0.092612
 82   42.234497    0.000008   -0.000015    0.136186   -0.036588   -0.438814
 83   42.465073    0.000031   -0.000015    0.069189   -0.056474   -0.286748
 84   42.458084   -0.000015    0.000000    0.097280   -0.154613   -0.607350
 85   42.267929    0.000061   -0.000004   -0.015197   -0.202338   -0.735066
 86   42.505955    0.000000    0.000026   -0.014204   -0.021709   -0.062216
 87   42.233086    0.000000    0.000002    0.077274    0.025487    0.318109
 88   42.352310   -0.000031   -0.000013    0.127759    0.105952    0.700138
 89   42.391632   -0.000015    0.000004    0.013306    0.081626    0.342873
 90   42.497620   -0.000008   -0.000012   -0.009231    0.046592    0.193506
 91   42.272614   -0.000008    0.000050   -0.009102    0.021611    0.094977
time 17
  0    0.000000    0.000000    0.000000    0.000000   -0.000000    0.000000
  1    0.000000    0.000000    0.000000    0.000000   -0.000000    0.000000
  2   -0.181849  -34.585110   73.210655    3.122609   -1.216547   -1.559444
  3   50.309212   -0.435479   -0.000002   -0.000017   -0.315711    0.014098
  4   30.891525   -0.000011    0.000004    0.000017   -0.208278   -0.014097
  5   34.635590    0.000007    0.000008   -0.000000   -0.285796   -0.000001
  6   30.584274    0.000018   -0.000008   -0.000000   -0.433168    0.000001
  7   31.520172   -0.000000    0.000015   -0.000000   -0.553136   -0.000001
  8   34.241188  -28.000032  -41.878021    0.979910   -0.457073    0.306696
  9   34.241096   23.441799  -41.878113   -0.979915   -0.457074   -0.306691
 10   35.246681  -52.543091    1.319122   -0.000000   -0.000000    0.564623
 11   35.246536   52.726318    1.318909   -0.000000   -0.000000   -0.564620
 12   34.829994  -24.891926   45.588593   -0.977825    0.464116    0.295003
 13   34.885757   27.636585   43.767807    0.977821    0.464114   -0.295002
 14   29.239326  -51.573349   94.292946    0.056933   -0.008362   -0.472770
 15   42.375061   -0.000015    0.000015   -0.029752   -0.139307   -0.020398
 16   42.546051    0.000038   -0.000008    0.010613   -0.228564   -0.015143
 17   42.234451    0.000023   -0.000015    0.048007   -0.412612   -0.111517
 18   42.464966    0.000034   -0.000031    0.038624   -0.348375   -0.252538
 19   42.458130   -0.000069    0.000000   -0.012042   -0.184546   -0.108602
 20   42.267975    0.000061   -0.000031    0.046179   -0.554925   -0.386273
 21   42.505928    0.000031    0.000000    0.029274   -0.578848   -0.475663
 22   42.233139    0.000000    0.000000    0.117677    0.298097    0.276290
 23   42.352272    0.000061    0.000031    0.382133    0.716952    0.724600
 24   42.391693   -0.000053    0.000000    0.012917    0.222073    0.138920
 25   42.497437    0.000042    0.000000   -0.001980    0.104938    0.065015
 26   42.272797    0.000074   -0.000013   -0.003635    0.061081    0.038192
 27   29.239349   55.382610   92.214981    1.776526   -0.047761    0.429342
 28   42.375076    0.000008   -0.000010    0.004067    0.071074    0.137568
 29   42.546112   -0.000008    0.000008   -0.005720    0.090141    0.223053
 30   42.234467    0.000076   -0.000015    0.021923    0.224484    0.374776
 31   42.464996   -0.000046   -0.000031    0.046754    0.253939    0.270886
 32   42.458084    0.000015   -0.000015    0.040423    0.143181    0.163406
 33   42.267853   -0.000015   -0.000015    0.252329    0.495607    0.601707
 34   42.506035    0.000031    0.000000    0.220463    0.467869    0.452650
 35   42.233078   -0.000015    0.000061   -0.032055   -0.430765   -0.324350
 36   42.352226   -0.000107    0.000000    0.134356   -0.632957   -0.681526
 37   42.391663    0.000046    0.000015    0.015691   -0.162011   -0.171432
 38   42.497681    0.000023   -0.000023    0.007851   -0.079336   -0.082788
 39   42.272644    0.000125   -0.000040    0.005366   -0.045265   -0.046700
 40   29.239349  106.746605    1.740835    0.007607   -0.025319    1.245104
 41   42.375061    0.000000    0.000000   -0.006882    0.220342   -0.258917
 42   42.546112   -0.000015    0.000004    0.013978    0.087902   -0.069971
 43   42.234467    0.000000   -0.000008   -0.118545   -0.040388    0.424428
 44   42.465057    0.000000   -0.000015   -0.060733   -0.053726    0.283976
 45   42.458023    0.000000   -0.000015   -0.089197   -0.154003    0.637013
 46   42.267883    0.000000    0.000010    0.025004   -0.183408    0.716388
 47   42.505871    0.000000    0.000010    0.011069   -0.018443    0.050777
 48   42.233120   -0.000031    0.000004   -0.075344    0.020430   -0.327647
 49   42.352226   -0.000031    0.000017   -0.124656    0.092186   -0.695236
 50   42.391693    0.000015    0.000008   -0.018160    0.074739   -0.339700
 51   42.497650    0.000000   -0.000020    0.004787    0.043900   -0.191889
 52   42.272675   -0.000008   -0.000019    0.006642    0.021070   -0.095557
 53    9.767380   50.706917  -71.569061    0.223942    0.589522    2.867364
 54   42.375084    0.000000    0.000000   -0.042309    0.031383   -0.047364
 55   42.546074    0.000031   -0.000008   -0.031543    0.050599   -0.069941
 56   42.234550   -0.000031    0.000008   -0.026091    0.117002   -0.149495
 57   42.465012    0.000053    0.000008   -0.061270    0.242693   -0.311830
 58   42.458099    0.000012   -0.000004   -0.019233   -0.119484    0.095359
 59   42.267990   -0.000092    0.000008   -0.011104   -0.070809    0.049637
 60   42.505920    0.000065    0.000000    0.004290   -0.071130    0.036516
 61   42.233154   -0.000084   -0.000008   -0.001005    0.107975   -0.057581
 62   42.352203    0.000000   -0.000004   -0.008182    0.110210   -0.058493
 63   42.391754    0.000049    0.000005   -0.007514    0.031332   -0.016385
 64   42.497559   -0.000002    0.000001   -0.003652    0.013264   -0.006811
 65   42.272797   -0.000011    0.000004   -0.002556    0.001051   -0.000535
 66   15.961319  -56.044861  -77.873665    1.044044    2.602108    0.202149
 67   42.375099   -0.000004    0.000000    0.076254   -0.059275    0.020369
 68   42.546093    0.000015    0.000015    0.038506   -0.088816    0.038445
 69   42.234451    0.000065   -0.000008    0.005703   -0.194949    0.097602
 70   42.465042   -0.000038    0.000000   -0.024242   -0.389904    0.208749
 71   42.458130    0.000008   -0.000011    0.007014    0.125942   -0.102680
 72   42.267960   -0.000046   -0.000008    0.006224    0.064755   -0.060355
 73   42.505920    0.000046    0.000004   -0.006220    0.051080   -0.062048
 74   42.233185    0.000015   -0.000031   -0.005782   -0.078887    0.095256
 75   42.352173   -0.000042    0.000038   -0.000490   -0.079378    0.095389
 76   42.391815   -0.000001   -0.000020    0.005532   -0.022522    0.027160
 77   42.497528    0.000040   -0.000005    0.002799   -0.009422    0.011495
 78   42.272736    0.000017    0.000003    0.002085   -0.000729    0.000895
 79   29.239326 -106.786270    1.740908   -0.006527   -0.013154   -1.330032
 80   42.375107    0.000000    0.000000    0.004440    0.234627    0.366559
 81   42.546021   -0.000023    0.000004   -0.022479    0.081182    0.096386
 82   42.234482   -0.000008   -0.000015    0.130791   -0.035317   -0.437863
 83   42.465012   -0.000008    0.000008    0.068635   -0.055595   -0.292638
 84   42.458130    0.000000   -0.000004    0.092271   -0.141647   -0.583871
 85   42.267944    0.000000    0.000004   -0.003900   -0.199204   -0.761388
 86   42.505993   -0.000061    0.000039   -0.015993   -0.023632   -0.076257
 87   42.233055    0.000000   -0.000008    0.068341    0.023183    0.300163
 88   42.352348    0.000000    0.000006    0.124161    0.100581    0.708424
 89   42.391693   -0.000015    0.000020    0.014202    0.079003    0.349908
 90   42.497528   -0.000008    0.000004   -0.008245    0.045272    0.197275
 91   42.272491   -0.000011    0.000000   -0.008524    0.021135    0.097218
time 18
  0    0.000000    0.000000    0.000000    0.000000   -0.000000    0.000000
  1    0.000000    0.000000    0.000000    0.000000   -0.000000    0.000000
  2   -0.177047  -33.081486   69.444267    3.114770   -1.236434   -1.546290
  3   50.309212   -0.435479    0.000006   -0.000017   -0.311028    0.014098
  4   30.891541   -0.000011    0.000000    0.000017   -0.207145   -0.014097
  5   34.635620    0.000007    0.000004   -0.000000   -0.283645   -0.000001
  6   30.584290    0.000018    0.000000   -0.000000   -0.437875    0.000001
  7   31.520180   -0.000000    0.000015   -0.000000   -0.552535   -0.000001
  8   34.241196  -28.000034  -41.878036    0.979910   -0.457073    0.306696
  9   34.241142   23.441801  -41.878098   -0.979915   -0.457074   -0.306691
 10   35.246727  -52.543087    1.319138   -0.000000   -0.000000    0.564623
 11   35.246544   52.726311    1.318924   -0.000000   -0.000000   -0.564620
 12   34.830025  -24.891926   45.588608   -0.977825    0.464116    0.295003
 13   34.885788   27.636585   43.767822    0.977821    0.464114   -0.295002
 14   29.239311  -51.573330   94.292923    0.061785   -0.043020   -0.461838
 15   42.375061   -0.000008    0.000008   -0.036056   -0.138469   -0.020467
 16   42.546082    0.000027    0.000015    0.001455   -0.216292   -0.014405
 17   42.234451    0.000027   -0.000015    0.038114   -0.386090   -0.111729
 18   42.464966   -0.000004    0.000015    0.041309   -0.362121   -0.268774
 19   42.458023   -0.000053   -0.000046   -0.012652   -0.187144   -0.115574
 20   42.267929    0.000015   -0.000031    0.044131   -0.533553   -0.386480
 21   42.505882   -0.000031    0.000031    0.041120   -0.576981   -0.495244
 22   42.233139   -0.000015   -0.000031    0.113383    0.294937    0.280701
 23   42.352249    0.000061    0.000031    0.375103    0.702835    0.731931
 24   42.391693   -0.000061   -0.000015    0.014070    0.217228    0.142576
 25   42.497559    0.000008   -0.000008   -0.001101    0.102969    0.066797
 26   42.272705    0.000014   -0.000043   -0.003045    0.059769    0.039050
 27   29.239326   55.382599   92.214943    1.755710   -0.070159    0.438887
 28   42.375061    0.000000   -0.000006    0.004320    0.068618    0.137810
 29   42.546097   -0.000015    0.000008   -0.004576    0.083117    0.217205
 30   42.234451    0.000061    0.000000    0.019316    0.212688    0.362955
 31   42.465027   -0.000023    0.000008    0.046742    0.258765    0.280930
 32   42.458084   -0.000031    0.000000    0.039224    0.142398    0.165001
 33   42.267853   -0.000031    0.000015    0.239214    0.484653    0.593671
 34   42.506004    0.000061    0.000061    0.221865    0.469693    0.469665
 35   42.233063   -0.000046   -0.000031   -0.026394   -0.427526   -0.334935
 36   42.352196   -0.000107    0.000061    0.137946   -0.620396   -0.684147
 37   42.391693    0.000031    0.000008    0.016462   -0.159279   -0.170947
 38   42.497681    0.000031   -0.000004    0.008124   -0.078298   -0.082721
 39   42.272583    0.000103    0.000007    0.005454   -0.044501   -0.046452
 40   29.239326  106.746628    1.740831    0.000968   -0.017371    1.226197
 41   42.375061   -0.000008    0.000000   -0.004346    0.206911   -0.246227
 42   42.546127    0.000015    0.000008    0.015823    0.088154   -0.080736
 43   42.234451    0.000000    0.000015   -0.115794   -0.035403    0.424130
 44   42.465088    0.000000   -0.000011   -0.062341   -0.051890    0.289844
 45   42.458084   -0.000015    0.000000   -0.089342   -0.141316    0.613143
 46   42.267921   -0.000031    0.000008    0.009796   -0.184673    0.744190
 47   42.505867   -0.000061    0.000011    0.012739   -0.020477    0.064124
 48   42.233105    0.000031   -0.000011   -0.066024    0.020957   -0.308278
 49   42.352203    0.000061   -0.000002   -0.118668    0.091865   -0.703780
 50   42.391693   -0.000031   -0.000004   -0.016338    0.073251   -0.346398
 51   42.497589    0.000000   -0.000012    0.005499    0.042722   -0.195727
 52   42.272766    0.000002    0.000000    0.006930    0.020535   -0.098113
 53   10.554718   50.706898  -72.370506    0.231621    0.637024    2.857038
 54   42.375095   -0.000008   -0.000008   -0.041280    0.036584   -0.055184
 55   42.546059    0.000038    0.000000   -0.030107    0.059573   -0.082567
 56   42.234535   -0.000038   -0.000015   -0.027785    0.155418   -0.196442
 57   42.464996    0.000038    0.000008   -0.048284    0.207932   -0.277518
 58   42.458054    0.000038    0.000015   -0.027159   -0.199810    0.161377
 59   42.267960   -0.000118    0.000015   -0.011714   -0.084350    0.052437
 60   42.505798    0.000084    0.000015    0.005306   -0.110999    0.060416
 61   42.233185   -0.000053   -0.000008   -0.012258    0.183906   -0.104121
 62   42.352234    0.000013    0.000011   -0.007696    0.113463   -0.063125
 63   42.391693    0.000032    0.000007   -0.007624    0.037512   -0.020590
 64   42.497589    0.000011    0.000010   -0.003637    0.015076   -0.008131
 65   42.272736   -0.000008    0.000011   -0.002584    0.000252   -0.000134
 66   18.291336  -56.044868  -80.245369    1.065808    2.578860    0.222735
 67   42.375080    0.000015   -0.000015    0.074537   -0.069981    0.027158
 68   42.546093   -0.000015   -0.000008    0.035660   -0.106672    0.051097
 69   42.234451    0.000019   -0.000008   -0.007637   -0.261939    0.148298
 70   42.465027   -0.000031    0.000000   -0.012899   -0.334850    0.183544
 71   42.458099    0.000031   -0.000006   -0.009979    0.205649   -0.181236
 72   42.267929   -0.000061    0.000008    0.004846    0.064528   -0.071996
 73   42.506042    0.000076    0.000023   -0.012884    0.081217   -0.099319
 74   42.233185    0.000023   -0.000008   -0.007156   -0.140814    0.170587
 75   42.352203   -0.000027    0.000004   -0.000203   -0.078947    0.095804
 76   42.391815    0.000021   -0.000019    0.005534   -0.026807    0.032668
 77   42.497589    0.000029   -0.000014    0.002800   -0.010540    0.012996
 78   42.272583   -0.000031    0.000030    0.002056   -0.000025    0.000029
 79   29.239288 -106.786232    1.740906   -0.000838   -0.033928   -1.288482
 80   42.375092    0.000000    0.000000    0.011659    0.236097    0.344663
 81   42.546021   -0.000023    0.000004   -0.021633    0.087851    0.102251
 82   42.234497   -0.000015   -0.000023    0.124712   -0.033725   -0.435796
 83   42.465149    0.000008    0.000008    0.068178   -0.055025   -0.300125
 84   42.458054    0.000015   -0.000004    0.086514   -0.128958   -0.558924
 85   42.267914    0.000000   -0.000015    0.006883   -0.194796   -0.787322
 86   42.505951    0.000031    0.000010   -0.017690   -0.025779   -0.092424
 87   42.233055   -0.000031   -0.000007    0.059866    0.020735    0.281496
 88   42.352264   -0.000031    0.000004    0.120174    0.094870    0.715244
 89   42.391693    0.000000   -0.000023    0.015309    0.076472    0.358215
 90   42.497620    0.000027   -0.000025   -0.007185    0.043948    0.201331
 91   42.272522    0.000019    0.000008   -0.007911    0.020671    0.099684
time 19
  0    0.000000    0.000000    0.000000    0.000000   -0.000000    0.000000
  1    0.000000    0.000000    0.000000    0.000000   -0.000000    0.000000
  2   -0.173264  -31.577883   65.667480    3.107434   -1.256096   -1.533978
  3   50.309212   -0.435479    0.000002   -0.000017   -0.305865    0.014098
  4   30.891548   -0.000011   -0.000008    0.000017   -0.205897   -0.014097
  5   34.635605    0.000007    0.000015   -0.000000   -0.281273   -0.000001
  6   30.584290    0.000018    0.000000   -0.000000   -0.442174    0.000001
  7   31.520164   -0.000000    0.000000   -0.000000   -0.551872   -0.000001
  8   34.241219  -28.000034  -41.878006    0.979910   -0.457073    0.306696
  9   34.241135   23.441803  -41.878128   -0.979915   -0.457074   -0.306691
 10   35.246696  -52.543091    1.319138   -0.000000    0.000000    0.564623
 11   35.246536   52.726318    1.318924   -0.000000   -0.000000   -0.564620
 12   34.830009  -24.891928   45.588577   -0.977825    0.464116    0.295003
 13   34.885757   27.636591   43.767807    0.977821    0.464114   -0.295002
 14   29.239319  -51.573341   94.292984    0.066312   -0.078321   -0.452583
 15   42.375069    0.000000    0.000000   -0.042182   -0.137299   -0.020352
 16   42.546112    0.000034   -0.000008   -0.007257   -0.202917   -0.012888
 17   42.234482    0.000011   -0.000015    0.028581   -0.358681   -0.110346
 18   42.465027    0.000023    0.000000    0.044442   -0.376095   -0.285770
 19   42.458099   -0.000069    0.000000   -0.013095   -0.190592   -0.123152
 20   42.267960    0.000015   -0.000015    0.041519   -0.511824   -0.384589
 21   42.505867    0.000015    0.000000    0.052774   -0.575513   -0.514721
 22   42.233170    0.000015    0.000015    0.108015    0.289451    0.282188
 23   42.352348    0.000000    0.000061    0.369296    0.689882    0.740139
 24   42.391785   -0.000053   -0.000015    0.015223    0.213168    0.146362
 25   42.497528    0.000015   -0.000046   -0.000275    0.101295    0.068606
 26   42.272858    0.000056   -0.000044   -0.002502    0.058666    0.039945
 27   29.239326   55.382629   92.214973    1.734866   -0.092702    0.447580
 28   42.375061   -0.000008   -0.000019    0.004825    0.066077    0.137727
 29   42.546082    0.000000    0.000000   -0.003215    0.076306    0.210834
 30   42.234497    0.000053    0.000000    0.017076    0.200909    0.350571
 31   42.465073    0.000000    0.000023    0.046808    0.263608    0.291095
 32   42.458084    0.000031    0.000000    0.038100    0.141872    0.166776
 33   42.267868    0.000000    0.000061    0.225591    0.473156    0.584037
 34   42.506035    0.000076    0.000031    0.223568    0.472248    0.487882
 35   42.233093   -0.000015    0.000061   -0.021118   -0.421417   -0.342842
 36   42.352242   -0.000061    0.000092    0.142114   -0.609500   -0.687906
 37   42.391693    0.000061    0.000008    0.017238   -0.157142   -0.170920
 38   42.497742    0.000031    0.000000    0.008390   -0.077490   -0.082823
 39   42.272583    0.000129   -0.000006    0.005541   -0.043898   -0.046333
 40   29.239342  106.746666    1.740837   -0.004991   -0.009270    1.209256
 41   42.375092   -0.000011   -0.000006   -0.002039    0.193226   -0.236562
 42   42.546127    0.000015    0.000000    0.017597    0.087474   -0.092284
 43   42.234436    0.000023    0.000008   -0.112409   -0.030390    0.422920
 44   42.465057   -0.000008   -0.000008   -0.064061   -0.050245    0.297432
 45   42.458099    0.000015   -0.000011   -0.088246   -0.128710    0.587745
 46   42.267883    0.000000   -0.000004   -0.005291   -0.184347    0.771725
 47   42.505901    0.000031    0.000008    0.014223   -0.022874    0.079206
 48   42.233120    0.000031    0.000004   -0.057408    0.021042   -0.288893
 49   42.352219   -0.000031    0.000013   -0.112407    0.091360   -0.710682
 50   42.391602    0.000031   -0.000008   -0.014624    0.071910   -0.354204
 51   42.497650   -0.000015   -0.000017    0.006199    0.041523   -0.199743
 52   42.272736   -0.000004   -0.000008    0.007207    0.019971   -0.100744
 53   11.422874   50.706921  -73.254166    0.237335    0.687538    2.842832
 54   42.375088   -0.000008   -0.000008   -0.039776    0.042946   -0.064878
 55   42.546082    0.000031    0.000008   -0.028231    0.070323   -0.098048
 56   42.234528   -0.000031   -0.000015   -0.031379    0.199551   -0.251320
 57   42.465027    0.000046    0.000011   -0.031146    0.137752   -0.208004
 58   42.458099    0.000021   -0.000004   -0.038675   -0.261709    0.211196
 59   42.268005   -0.000084    0.000015   -0.012362   -0.095100    0.057163
 60   42.505981    0.000057   -0.000008    0.005254   -0.150382    0.086315
 61   42.233215   -0.000084    0.000000   -0.027992    0.261369   -0.157856
 62   42.352356    0.000004    0.000023   -0.007278    0.117370   -0.068153
 63   42.391754    0.000035    0.000026   -0.007674    0.043875   -0.025173
 64   42.497620    0.000007    0.000016   -0.003596    0.016838   -0.009496
 65   42.272797    0.000010    0.000025   -0.002622   -0.000702    0.000394
 66   20.621368  -56.044880  -82.617081    1.088773    2.554199    0.245268
 67   42.375099   -0.000004    0.000008    0.072430   -0.083667    0.036091
 68   42.546104    0.000000    0.000023    0.031871   -0.129561    0.067927
 69   42.234467    0.000015    0.000000   -0.027787   -0.337501    0.214303
 70   42.465042   -0.000042    0.000008    0.005364   -0.226407    0.112307
 71   42.458099    0.000004   -0.000004   -0.025639    0.251532   -0.243271
 72   42.267883   -0.000061    0.000023    0.003241    0.066681   -0.080181
 73   42.505920    0.000046    0.000008   -0.021431    0.110097   -0.135384
 74   42.233032    0.000031    0.000008   -0.012288   -0.205138    0.249699
 75   42.352173   -0.000046    0.000015    0.000034   -0.078751    0.096476
 76   42.391785   -0.000029   -0.000019    0.005535   -0.031113    0.038300
 77   42.497559    0.000000   -0.000010    0.002805   -0.011497    0.014322
 78   42.272705   -0.000036    0.000017    0.002019    0.000884   -0.001109
 79   29.239304 -106.786324    1.740906    0.004362   -0.052440   -1.252038
 80   42.375092   -0.000011   -0.000006    0.017278    0.235382    0.325509
 81   42.546051   -0.000008    0.000011   -0.020876    0.093819    0.109772
 82   42.234543   -0.000015   -0.000015    0.118009   -0.031805   -0.432471
 83   42.465027    0.000008   -0.000008    0.067805   -0.054695   -0.309266
 84   42.458054    0.000015   -0.000004    0.080240   -0.116749   -0.533269
 85   42.267914    0.000000    0.000000    0.016777   -0.188998   -0.811616
 86   42.505989   -0.000031    0.000026   -0.019223   -0.028126   -0.110822
 87   42.233047   -0.000031    0.000012    0.051995    0.018252    0.262703
 88   42.352310    0.000031   -0.000008    0.115671    0.088923    0.720161
 89   42.391724    0.000000   -0.000009    0.016548    0.073976    0.367715
 90   42.497589    0.000015   -0.000013   -0.006085    0.042579    0.205588
 91   42.272522    0.000011    0.000011   -0.007272    0.020195    0.102301
time 20
  0    0.000000    0.000000    0.000000    0.000000   -0.000000    0.000000
  1    0.000000    0.000000    0.000000    0.000000   -0.000000    0.000000
  2   -0.169992  -30.074289   61.885509    3.100767   -1.275455   -1.522790
  3   50.309212   -0.435479    0.000004   -0.000017   -0.300285    0.014098
  4   30.891541   -0.000011    0.000000    0.000017   -0.204547   -0.014097
  5   34.635605    0.000007    0.000008   -0.000000   -0.278709   -0.000001
  6   30.584274    0.000018    0.000015   -0.000000   -0.446082    0.000001
  7   31.520210   -0.000000    0.000015   -0.000000   -0.551156   -0.000001
  8   34.241196  -28.000025  -41.878006    0.979910   -0.457073    0.306696
  9   34.241135   23.441801  -41.878098   -0.979915   -0.457074   -0.306691
 10   35.246704  -52.543083    1.319138   -0.000000   -0.000000    0.564623
 11   35.246536   52.726307    1.318924   -0.000000   -0.000000   -0.564620
 12   34.830025  -24.891922   45.588623   -0.977825    0.464116    0.295002
 13   34.885780   27.636585   43.767838    0.977821    0.464114   -0.295002
 14   29.239311  -51.573334   94.292938    0.070467   -0.114066   -0.445118
 15   42.375046    0.000004   -0.000008   -0.048096   -0.135660   -0.020055
 16   42.546082    0.000038    0.000008   -0.015390   -0.188447   -0.010658
 17   42.234436    0.000019    0.000008    0.019623   -0.330775   -0.107491
 18   42.465027    0.000004    0.000034    0.048009   -0.389934   -0.303288
 19   42.458069   -0.000053    0.000031   -0.013322   -0.194946   -0.131428
 20   42.268021    0.000061    0.000000    0.038438   -0.489672   -0.380529
 21   42.505936    0.000015   -0.000031    0.064326   -0.574664   -0.534263
 22   42.233154   -0.000031   -0.000061    0.101549    0.281416    0.280308
 23   42.352295    0.000046   -0.000031    0.364812    0.678282    0.749492
 24   42.391724   -0.000015    0.000031    0.016375    0.209937    0.150369
 25   42.497498    0.000027    0.000008    0.000493    0.099928    0.070473
 26   42.272858    0.000076   -0.000023   -0.002006    0.057785    0.040901
 27   29.239334   55.382595   92.214920    1.714244   -0.115432    0.455185
 28   42.375053    0.000015    0.000008    0.005617    0.063500    0.137280
 29   42.546082   -0.000019    0.000015   -0.001615    0.069829    0.203938
 30   42.234436    0.000069    0.000015    0.015247    0.189209    0.337555
 31   42.465012   -0.000023   -0.000015    0.047007    0.268476    0.301360
 32   42.458099    0.000031   -0.000015    0.037087    0.141675    0.168771
 33   42.267868    0.000000   -0.000031    0.211555    0.461096    0.572607
 34   42.506012    0.000031    0.000000    0.225658    0.475691    0.507339
 35   42.233078   -0.000031   -0.000031   -0.016413   -0.412491   -0.347633
 36   42.352215   -0.000122    0.000000    0.146911   -0.600454   -0.692938
 37   42.391724    0.000099   -0.000023    0.018010   -0.155623   -0.171353
 38   42.497589    0.000038   -0.000034    0.008642   -0.076919   -0.083091
 39   42.272583    0.000143   -0.000001    0.005624   -0.043465   -0.046341
 40   29.239349  106.746582    1.740828   -0.010186   -0.001273    1.193798
 41   42.375031   -0.000011   -0.000010    0.000037    0.179481   -0.229364
 42   42.546082   -0.000015   -0.000004    0.019239    0.085923   -0.104429
 43   42.234421   -0.000031   -0.000008   -0.108325   -0.025434    0.420553
 44   42.465027   -0.000015   -0.000004   -0.065839   -0.048700    0.306812
 45   42.458054    0.000031   -0.000008   -0.085976   -0.116343    0.561278
 46   42.267914    0.000061    0.000015   -0.019805   -0.182206    0.798127
 47   42.505905    0.000061   -0.000004    0.015483   -0.025641    0.096277
 48   42.233105   -0.000031   -0.000010   -0.049545    0.020694   -0.269760
 49   42.352226    0.000000    0.000008   -0.105907    0.090529   -0.715665
 50   42.391632    0.000015   -0.000001   -0.013045    0.070666   -0.363158
 51   42.497650    0.000023   -0.000019    0.006863    0.040282   -0.203910
 52   42.272644    0.000013   -0.000010    0.007461    0.019369   -0.103424
 53   12.361061   50.706886  -74.209076    0.240115    0.741310    2.823437
 54   42.375076   -0.000015    0.000015   -0.037734    0.050529   -0.076750
 55   42.546062    0.000038    0.000015   -0.025986    0.082538   -0.116419
 56   42.234558   -0.000046    0.000008   -0.036602    0.241015   -0.305767
 57   42.464996    0.000053    0.000017   -0.018967    0.041959   -0.114334
 58   42.458054    0.000038    0.000000   -0.049605   -0.304064    0.243888
 59   42.267990   -0.000126    0.000023   -0.013050   -0.104438    0.064228
 60   42.505981    0.000069    0.000000    0.003951   -0.188808    0.113831
 61   42.233215   -0.000053   -0.000031   -0.047371    0.333073   -0.214749
 62   42.352295   -0.000015    0.000015   -0.007331    0.125267   -0.075707
 63   42.391693    0.000026    0.000022   -0.007694    0.050641   -0.030271
 64   42.497559    0.000020    0.000006   -0.003536    0.018798   -0.011050
 65   42.272797   -0.000032    0.000013   -0.002676   -0.001588    0.000926
 66   22.855675  -56.044827  -84.891190    1.113187    2.526744    0.270552
 67   42.375099   -0.000008   -0.000023    0.069732   -0.101117    0.047737
 68   42.546078    0.000000    0.000008    0.026656   -0.158713    0.090107
 69   42.234451    0.000015   -0.000008   -0.051574   -0.403802    0.283337
 70   42.465012   -0.000050    0.000008    0.016892   -0.084677    0.008639
 71   42.458115    0.000015    0.000004   -0.035734    0.268557   -0.282540
 72   42.267883   -0.000046    0.000008    0.001293    0.071843   -0.087204
 73   42.505981    0.000053    0.000015   -0.031246    0.137480   -0.169817
 74   42.233124    0.000000   -0.000015   -0.021027   -0.266152    0.326007
 75   42.352142   -0.000046   -0.000019    0.000150   -0.081504    0.100717
 76   42.391815   -0.000012   -0.000008    0.005532   -0.035608    0.044249
 77   42.497559    0.000042    0.000009    0.002813   -0.012487    0.015731
 78   42.272644    0.000006   -0.000019    0.001977    0.001849   -0.002359
 79   29.239304 -106.786255    1.740900    0.008983   -0.068260   -1.220472
 80   42.375092    0.000000   -0.000006    0.021474    0.232387    0.309085
 81   42.546021   -0.000015    0.000000   -0.020084    0.098858    0.118608
 82   42.234528    0.000000    0.000000    0.110767   -0.029555   -0.427764
 83   42.465103   -0.000008   -0.000011    0.067494   -0.054514   -0.320077
 84   42.458160    0.000015    0.000000    0.073708   -0.105195   -0.507734
 85   42.267929    0.000031    0.000000    0.025427   -0.181816   -0.833031
 86   42.505951    0.000000    0.000010   -0.020527   -0.030634   -0.131557
 87   42.233101    0.000092   -0.000027    0.044825    0.015823    0.244274
 88   42.352272   -0.000031   -0.000013    0.110606    0.082848    0.722956
 89   42.391815   -0.000046   -0.000010    0.017831    0.071448    0.378236
 90   42.497589    0.000000   -0.000014   -0.004981    0.041140    0.209964
 91   42.272400    0.000011    0.000031   -0.006617    0.019683    0.104999
time 21
  0    0.000000    0.000000    0.000000    0.000000   -0.000000    0.000000
  1    0.000000    0.000000    0.000000    0.000000   -0.000000    0.000000
  2   -0.166720  -28.570698   58.103531    3.094937   -1.294438   -1.513006
  3   50.309216   -0.435479    0.000007   -0.000017   -0.294352    0.014098
  4   30.891541   -0.000011   -0.000008    0.000017   -0.203113   -0.014097
  5   34.635590    0.000007    0.000004   -0.000000   -0.275984   -0.000001
  6   30.584305    0.000018    0.000000   -0.000000   -0.449618    0.000001
  7   31.520195   -0.000000    0.000000   -0.000000   -0.550394   -0.000001
  8   34.241173  -28.000025  -41.878006    0.979910   -0.457073    0.306696
  9   34.241119   23.441795  -41.878098   -0.979915   -0.457074   -0.306691
 10   35.246689  -52.543079    1.319138   -0.000000    0.000000    0.564623
 11   35.246536   52.726307    1.318924   -0.000000   -0.000000   -0.564620
 12   34.830017  -24.891920   45.588608   -0.977825    0.464116    0.295002
 13   34.885773   27.636583   43.767822    0.977821    0.464114   -0.295002
 14   29.239330  -51.573349   94.293015    0.074202   -0.150028   -0.439561
 15   42.375076   -0.000002    0.000008   -0.053751   -0.133418   -0.019567
 16   42.546082    0.000042    0.000015   -0.022825   -0.172968   -0.007771
 17   42.234467    0.000027    0.000023    0.011400   -0.302723   -0.103295
 18   42.464996    0.000023   -0.000008    0.051972   -0.403241   -0.321040
 19   42.458145   -0.000061   -0.000015   -0.013269   -0.200293   -0.140533
 20   42.267944    0.000061    0.000015    0.035005   -0.467067   -0.374305
 21   42.505943    0.000076    0.000000    0.075846   -0.574543   -0.553963
 22   42.233170    0.000000    0.000015    0.094028    0.270661    0.274716
 23   42.352276    0.000031    0.000000    0.361671    0.668152    0.760176
 24   42.391785   -0.000015    0.000015    0.017522    0.207555    0.154682
 25   42.497589   -0.000011   -0.000004    0.001196    0.098877    0.072428
 26   42.272797    0.000057   -0.000014   -0.001560    0.057129    0.041944
 27   29.239346   55.382626   92.214989    1.694115   -0.138395    0.461474
 28   42.375084    0.000015   -0.000011    0.006722    0.060957    0.136451
 29   42.546112   -0.000004    0.000034    0.000233    0.063793    0.196529
 30   42.234497    0.000069    0.000000    0.013874    0.177689    0.323883
 31   42.465073    0.000015    0.000015    0.047387    0.273339    0.311644
 32   42.458099    0.000046    0.000015    0.036230    0.141904    0.171054
 33   42.267929    0.000015    0.000031    0.197285    0.448503    0.559302
 34   42.506042    0.000061    0.000000    0.228154    0.480104    0.527915
 35   42.233093    0.000000    0.000031   -0.012397   -0.400977   -0.349066
 36   42.352238   -0.000046    0.000061    0.152326   -0.593326   -0.699222
 37   42.391754    0.000061    0.000023    0.018765   -0.154720   -0.172220
 38   42.497742    0.000076    0.000053    0.008872   -0.076590   -0.083511
 39   42.272644    0.000136    0.000007    0.005697   -0.043203   -0.046472
 40   29.239353  106.746635    1.740849   -0.014541    0.006337    1.179435
 41   42.375061   -0.000015    0.000006    0.001871    0.165859   -0.224145
 42   42.546127   -0.000023   -0.000015    0.020698    0.083591   -0.117000
 43   42.234497    0.000000    0.000008   -0.103514   -0.020622    0.416809
 44   42.465103   -0.000031   -0.000019   -0.067596   -0.047163    0.318012
 45   42.458084    0.000015    0.000004   -0.082650   -0.104374    0.534280
 46   42.267899    0.000031    0.000008   -0.033235   -0.178105    0.822389
 47   42.505905    0.000000    0.000013    0.016484   -0.028774    0.115671
 48   42.233166    0.000000   -0.000010   -0.042443    0.019926   -0.251017
 49   42.352272    0.000061    0.000011   -0.099242    0.089225   -0.718641
 50   42.391632    0.000000   -0.000004   -0.011625    0.069441   -0.373214
 51   42.497589    0.000008   -0.000011    0.007461    0.038982   -0.208213
 52   42.272705    0.000006    0.000006    0.007674    0.018725   -0.106146
 53   13.358494   50.706940  -75.224388    0.238485    0.798553    2.797007
 54   42.375107   -0.000008   -0.000011   -0.035140    0.059254   -0.091025
 55   42.546078    0.000031    0.000011   -0.023442    0.097842   -0.139781
 56   42.234573   -0.000031   -0.000011   -0.041006    0.267335   -0.345678
 57   42.465012    0.000057    0.000004   -0.017936   -0.060436   -0.013666
 58   42.458084    0.000034   -0.000010   -0.059068   -0.333467    0.267260
 59   42.267975   -0.000084    0.000015   -0.013789   -0.111777    0.071289
 60   42.505890    0.000130   -0.000015    0.001171   -0.227790    0.143833
 61   42.233185   -0.000061   -0.000015   -0.069454    0.396114   -0.272380
 62   42.352203    0.000015    0.000031   -0.008088    0.138597   -0.087020
 63   42.391632    0.000048    0.000014   -0.007719    0.058075   -0.036065
 64   42.497589    0.000067   -0.000004   -0.003465    0.021250   -0.012990
 65   42.272736    0.000052   -0.000013   -0.002735   -0.002169    0.001320
 66   24.898434  -56.044865  -86.970558    1.139585    2.494699    0.299803
 67   42.375103    0.000000    0.000000    0.066136   -0.123196    0.062711
 68   42.546116    0.000000    0.000000    0.017569   -0.202694    0.124800
 69   42.234474    0.000046   -0.000031   -0.064395   -0.431448    0.322944
 70   42.464996   -0.000027    0.000004    0.013040    0.055310   -0.104650
 71   42.458115    0.000011   -0.000019   -0.042203    0.273871   -0.306545
 72   42.267960   -0.000061   -0.000015   -0.000408    0.075914   -0.092329
 73   42.505951    0.000061   -0.000015   -0.041662    0.163110   -0.202167
 74   42.233139    0.000031   -0.000046   -0.033093   -0.322594    0.398266
 75   42.352173   -0.000050   -0.000019    0.000130   -0.087162    0.108530
 76   42.391815   -0.000026   -0.000016    0.005529   -0.039809    0.049888
 77   42.497559    0.000023   -0.000007    0.002814   -0.011461    0.014545
 78   42.272675   -0.000017   -0.000019    0.002004   -0.000000   -0.000003
 79   29.239323 -106.786293    1.740907    0.012935   -0.081012   -1.193495
 80   42.375061   -0.000008    0.000002    0.024414    0.227102    0.295315
 81   42.546036   -0.000008   -0.000004   -0.019194    0.102740    0.128468
 82   42.234528    0.000015   -0.000023    0.103108   -0.026986   -0.421619
 83   42.465027   -0.000015    0.000000    0.067207   -0.054360   -0.332503
 84   42.458084    0.000031    0.000004    0.067187   -0.094439   -0.483193
 85   42.267914    0.000000   -0.000011    0.032539   -0.173347   -0.850376
 86   42.505951    0.000000    0.000015   -0.021542   -0.033250   -0.154717
 87   42.233089    0.000000   -0.000005    0.038410    0.013518    0.226621
 88   42.352318   -0.000061   -0.000010    0.105006    0.076764    0.723648
 89   42.391693   -0.000031   -0.000007    0.019052    0.068815    0.389486
 90   42.497528    0.000008   -0.000051   -0.003911    0.039605    0.214370
 91   42.272491    0.000023   -0.000010   -0.005962    0.019113    0.107706
time 22
  0    0.000000    0.000000    0.000000    0.000000   -0.000000    0.000000
  1    0.000000    0.000000    0.000000    0.000000   -0.000000    0.000000
  2   -0.162937  -27.067095   54.326756    3.090111   -1.312969   -1.504907
  3   50.309216   -0.435479    0.000005   -0.000017   -0.288131    0.014098
  4   30.891533   -0.000011    0.000000    0.000017   -0.201609   -0.014097
  5   34.635605    0.000007    0.000008   -0.000000   -0.273126   -0.000001
  6   30.584274    0.000018   -0.000008   -0.000000   -0.452800    0.000001
  7   31.520195   -0.000000   -0.000015   -0.000000   -0.549596   -0.000001
  8   34.241203  -28.000027  -41.878006    0.979910   -0.457073    0.306696
  9   34.241112   23.441799  -41.878098   -0.979915   -0.457074   -0.306691
 10   35.246712  -52.543083    1.319153   -0.000000    0.000000    0.564623
 11   35.246536   52.726311    1.318924   -0.000000   -0.000000   -0.564620
 12   34.830025  -24.891922   45.588608   -0.977825    0.464116    0.295003
 13   34.885773   27.636585   43.767838    0.977821    0.464114   -0.295002
 14   29.239323  -51.573330   94.292976    0.077472   -0.185949   -0.436040
 15   42.375061    0.000004   -0.000031   -0.059087   -0.130463   -0.018868
 16   42.546066    0.000046    0.000000   -0.029477   -0.156631   -0.004259
 17   42.234406    0.000019    0.000000    0.004029   -0.274874   -0.097924
 18   42.464996    0.000038   -0.000031    0.056255   -0.415556   -0.338672
 19   42.458084   -0.000076    0.000000   -0.012857   -0.206736   -0.150621
 20   42.267853    0.000031    0.000015    0.031349   -0.444025   -0.366000
 21   42.505898    0.000000   -0.000031    0.087376   -0.575142   -0.573830
 22   42.233208   -0.000061    0.000015    0.085594    0.257145    0.265259
 23   42.352257    0.000046    0.000092    0.359687    0.659456    0.772093
 24   42.391815   -0.000046   -0.000015    0.018667    0.206081    0.159423
 25   42.497467    0.000050   -0.000019    0.001826    0.098134    0.074499
 26   42.272797    0.000067   -0.000038   -0.001164    0.056696    0.043086
 27   29.239323   55.382603   92.214958    1.674775   -0.161648    0.466239
 28   42.375076    0.000031    0.000008    0.008157    0.058511    0.135217
 29   42.546082   -0.000031    0.000004    0.002333    0.058306    0.188632
 30   42.234497    0.000061    0.000000    0.012980    0.166423    0.309517
 31   42.465057   -0.000034    0.000015    0.048004    0.278165    0.321862
 32   42.458115    0.000015    0.000015    0.035572    0.142653    0.173693
 33   42.267853   -0.000031    0.000000    0.182921    0.435345    0.543979
 34   42.506012    0.000061    0.000031    0.231155    0.485629    0.549565
 35   42.233093   -0.000046    0.000000   -0.009195   -0.386913   -0.346756
 36   42.352200   -0.000092    0.000000    0.158408   -0.588279   -0.706852
 37   42.391754    0.000046    0.000023    0.019493   -0.154475   -0.173532
 38   42.497681    0.000027    0.000004    0.009068   -0.076515   -0.084089
 39   42.272675    0.000113    0.000019    0.005755   -0.043121   -0.046730
 40   29.239346  106.746635    1.740838   -0.017981    0.013258    1.165872
 41   42.375061   -0.000011   -0.000008    0.003441    0.152535   -0.220492
 42   42.546082   -0.000008    0.000000    0.021922    0.080595   -0.129829
 43   42.234451    0.000008   -0.000019   -0.097978   -0.016047    0.411483
 44   42.465027   -0.000008   -0.000015   -0.069232   -0.045547    0.331023
 45   42.458038   -0.000031   -0.000011   -0.078446   -0.092970    0.507475
 46   42.267914    0.000000    0.000006   -0.045020   -0.171997    0.843334
 47   42.505875    0.000000    0.000013    0.017180   -0.032232    0.137727
 48   42.233105    0.000000    0.000001   -0.036107    0.018775   -0.232852
 49   42.352203    0.000061    0.000008   -0.092494    0.087304   -0.719614
 50   42.391663    0.000000    0.000003   -0.010385    0.068133   -0.384240
 51   42.497589    0.000000   -0.000008    0.007961    0.037599   -0.212614
 52   42.272705   -0.000010   -0.000002    0.007828    0.018028   -0.108873
 53   14.404430   50.706875  -76.288971    0.230135    0.859333    2.760852
 54   42.375084   -0.000008    0.000000   -0.032081    0.068827   -0.107710
 55   42.546082    0.000038    0.000004   -0.020858    0.118615   -0.170988
 56   42.234512   -0.000015    0.000008   -0.040931    0.266939   -0.355967
 57   42.465012    0.000053    0.000019   -0.027327   -0.153188    0.080981
 58   42.458069    0.000034    0.000004   -0.067140   -0.354305    0.285919
 59   42.268005   -0.000076   -0.000031   -0.014542   -0.117416    0.077507
 60   42.505936    0.000053   -0.000015   -0.003296   -0.267088    0.176272
 61   42.233185   -0.000061   -0.000046   -0.092725    0.448533   -0.328080
 62   42.352234   -0.000004    0.000031   -0.009791    0.157797   -0.102806
 63   42.391724    0.000036    0.000031   -0.007789    0.066338   -0.042702
 64   42.497559    0.000023    0.000000   -0.003386    0.024389   -0.015453
 65   42.272736   -0.000002    0.000038   -0.002787   -0.002294    0.001440
 66   26.653942  -56.044861  -88.757431    1.168990    2.455762    0.334906
 67   42.375088   -0.000011   -0.000023    0.061233   -0.150546    0.081452
 68   42.546101    0.000000    0.000015    0.002624   -0.261568    0.174283
 69   42.234436    0.000031   -0.000008   -0.054549   -0.406288    0.309225
 70   42.464981   -0.000031    0.000027   -0.004370    0.173237   -0.213448
 71   42.458130    0.000011    0.000015   -0.045240    0.271453   -0.317199
 72   42.267914   -0.000046   -0.000015   -0.002852    0.083642   -0.101788
 73   42.505890    0.000031   -0.000008   -0.048866    0.178961   -0.221709
 74   42.233124    0.000000   -0.000015   -0.047144   -0.370384    0.461635
 75   42.352142   -0.000038    0.000008   -0.000049   -0.094791    0.118781
 76   42.391754   -0.000016   -0.000005    0.005503   -0.044331    0.055956
 77   42.497498    0.000040    0.000040    0.002829   -0.012526    0.016014
 78   42.272705   -0.000004    0.000015    0.001992   -0.000000   -0.000001
 79   29.239307 -106.786179    1.740907    0.016127   -0.090377   -1.170780
 80   42.375092   -0.000015   -0.000008    0.026232    0.219566    0.284050
 81   42.546005    0.000008   -0.000004   -0.018198    0.105256    0.139136
 82   42.234528    0.000023   -0.000019    0.095169   -0.024112   -0.413998
 83   42.465027    0.000038   -0.000015    0.066910   -0.054098   -0.346451
 84   42.458054   -0.000015   -0.000008    0.060919   -0.084575   -0.460486
 85   42.267899    0.000031   -0.000004    0.037925   -0.163767   -0.862632
 86   42.505959    0.000000    0.000010   -0.022217   -0.035907   -0.180366
 87   42.233086   -0.000061   -0.000004    0.032755    0.011383    0.209992
 88   42.352295    0.000031   -0.000015    0.098954    0.070771    0.722456
 89   42.391785    0.000000   -0.000010    0.020107    0.066025    0.401163
 90   42.497528   -0.000008    0.000003   -0.002921    0.037956    0.218721
 91   42.272461    0.000002    0.000048   -0.005327    0.018465    0.110349
time 23
  0    0.000000    0.000000    0.000000    0.000000   -0.000000    0.000000
  1    0.000000    0.000000    0.000000    0.000000   -0.000000    0.000000
  2   -0.158135  -25.563467   50.560364    3.086457   -1.330973   -1.498776
  3   50.309219   -0.435479    0.000002   -0.000017   -0.281686    0.014098
  4   30.891533   -0.000011    0.000008    0.000017   -0.200050   -0.014097
  5   34.635590    0.000007    0.000004   -0.000000   -0.270166   -0.000001
  6   30.584290    0.000018    0.000015   -0.000000   -0.455648    0.000001
  7   31.520203   -0.000001    0.000015   -0.000000   -0.548769   -0.000001
  8   34.241203  -28.000032  -41.878006    0.979910   -0.457073    0.306696
  9   34.241142   23.441799  -41.878098   -0.979915   -0.457074   -0.306691
 10   35.246704  -52.543087    1.319138   -0.000000    0.000000    0.564623
 11   35.246559   52.726315    1.318924   -0.000000   -0.000000   -0.564620
 12   34.830025  -24.891926   45.588593   -0.977825    0.464116    0.295003
 13   34.885796   27.636583   43.767822    0.977821    0.464114   -0.295002
 14   29.239319  -51.573364   94.293030    0.080234   -0.221540   -0.434694
 15   42.375076   -0.000011    0.000008   -0.064040   -0.126710   -0.017926
 16   42.546082    0.000015    0.000015   -0.035282   -0.139653   -0.000153
 17   42.234482    0.000023    0.000000   -0.002437   -0.247523   -0.091517
 18   42.465027    0.000015   -0.000015    0.060759   -0.426398   -0.355797
 19   42.458084   -0.000046   -0.000015   -0.011986   -0.214391   -0.161887
 20   42.268005    0.000046   -0.000015    0.027618   -0.420612   -0.355779
 21   42.505928   -0.000031    0.000000    0.098916   -0.576351   -0.593765
 22   42.233246   -0.000031   -0.000031    0.076457    0.240888    0.251918
 23   42.352303   -0.000046    0.000092    0.358508    0.652030    0.784894
 24   42.391724   -0.000038    0.000000    0.019826    0.205626    0.164779
 25   42.497589    0.000088    0.000000    0.002377    0.097688    0.076708
 26   42.272797    0.000044   -0.000021   -0.000823    0.056479    0.044351
 27   29.239342   55.382629   92.215012    1.656533   -0.185255    0.469276
 28   42.375061    0.000000   -0.000013    0.009938    0.056233    0.133560
 29   42.546066    0.000004    0.000008    0.004680    0.053454    0.180269
 30   42.234497    0.000084   -0.000023    0.012579    0.155501    0.294448
 31   42.465057   -0.000008   -0.000015    0.048908    0.282902    0.331892
 32   42.458130    0.000046    0.000000    0.035166    0.144040    0.176787
 33   42.267944    0.000000    0.000046    0.168666    0.421631    0.526612
 34   42.506020    0.000092    0.000092    0.234704    0.492345    0.572087
 35   42.233070   -0.000061    0.000031   -0.006858   -0.370468   -0.340513
 36   42.352257   -0.000122    0.000031    0.165147   -0.585378   -0.715758
 37   42.391724    0.000099    0.000046    0.020178   -0.154908   -0.175277
 38   42.497711    0.000103    0.000015    0.009223   -0.076708   -0.084810
 39   42.272705    0.000173    0.000020    0.005791   -0.043228   -0.047118
 40   29.239349  106.746658    1.740837   -0.020429    0.019169    1.152904
 41   42.375061    0.000000   -0.000004    0.004715    0.139679   -0.218064
 42   42.546112   -0.000008    0.000004    0.022863    0.077075   -0.142752
 43   42.234482    0.000023    0.000008   -0.091756   -0.011794    0.404397
 44   42.465088   -0.000015   -0.000011   -0.070625   -0.043773    0.345795
 45   42.458054   -0.000015   -0.000004   -0.073579   -0.082279    0.481679
 46   42.267914    0.000000    0.000000   -0.054605   -0.163941    0.859689
 47   42.505867    0.000092    0.000004    0.017526   -0.035934    0.162818
 48   42.233082    0.000000   -0.000004   -0.030520    0.017285   -0.215397
 49   42.352242    0.000000    0.000004   -0.085748    0.084623   -0.718672
 50   42.391602    0.000046   -0.000002   -0.009354    0.066626   -0.396063
 51   42.497620    0.000008   -0.000013    0.008329    0.036109   -0.217077
 52   42.272644    0.000002   -0.000002    0.007903    0.017273   -0.111583
 53   15.488029   50.706905  -77.392044    0.211398    0.923409    2.710961
 54   42.375114   -0.000015   -0.000011   -0.028793    0.078610   -0.126393
 55   42.546074    0.000031    0.000008   -0.019059    0.141407   -0.206379
 56   42.234558   -0.000038   -0.000013   -0.036427    0.241603   -0.335856
 57   42.464996    0.000023    0.000004   -0.042927   -0.229356    0.163770
 58   42.458130    0.000019    0.000000   -0.073737   -0.368553    0.301006
 59   42.268005   -0.000084   -0.000031   -0.015354   -0.124039    0.084615
 60   42.505920    0.000092    0.000015   -0.009032   -0.302296    0.208128
 61   42.233185   -0.000092   -0.000046   -0.113392    0.485748   -0.375553
 62   42.352356   -0.000008    0.000008   -0.012944    0.183844   -0.124273
 63   42.391846    0.000044    0.000004   -0.007958    0.075597   -0.050343
 64   42.497589    0.000051   -0.000021   -0.003305    0.028357   -0.018602
 65   42.272736    0.000021    0.000019   -0.002819   -0.001829    0.001194
 66   28.026428  -56.044872  -90.154510    1.203300    2.407089    0.378834
 67   42.375111    0.000011    0.000000    0.054629   -0.182882    0.103653
 68   42.546112    0.000011    0.000023   -0.016205   -0.321067    0.228509
 69   42.234482    0.000042    0.000000   -0.028876   -0.337183    0.249887
 70   42.465027   -0.000031   -0.000011   -0.028381    0.260911   -0.307595
 71   42.458099    0.000027    0.000004   -0.045605    0.264939   -0.318362
 72   42.267944   -0.000031    0.000031   -0.006435    0.096320   -0.117232
 73   42.505951    0.000061    0.000031   -0.052405    0.186599   -0.230209
 74   42.233170    0.000031   -0.000031   -0.061694   -0.408793    0.514626
 75   42.352203   -0.000042    0.000008   -0.000478   -0.104982    0.132185
 76   42.391785   -0.000019   -0.000012    0.005425   -0.049640    0.063018
 77   42.497589   -0.000002    0.000021    0.002845   -0.013936    0.017930
 78   42.272736   -0.000034   -0.000002    0.001985    0.000000   -0.000002
 79   29.239311 -106.786270    1.740904    0.018470   -0.096072   -1.151966
 80   42.375092   -0.000004   -0.000004    0.027026    0.209861    0.275112
 81   42.546036   -0.000008   -0.000004   -0.017130    0.106210    0.150410
 82   42.234512   -0.000008   -0.000023    0.087098   -0.020954   -0.404886
 83   42.465057   -0.000015    0.000000    0.066562   -0.053575   -0.361796
 84   42.458023    0.000015   -0.000004    0.055104   -0.075640   -0.440326
 85   42.267914    0.000031   -0.000011    0.041525   -0.153288   -0.869044
 86   42.505951    0.000031    0.000022   -0.022513   -0.038520   -0.208512
 87   42.233051    0.000000   -0.000008    0.027830    0.009446    0.194525
 88   42.352310   -0.000031   -0.000006    0.092564    0.064947    0.719684
 89   42.391785    0.000000   -0.000013    0.020895    0.063039    0.412959
 90   42.497620    0.000000   -0.000026   -0.002052    0.036183    0.222955
 91   42.272400    0.000006    0.000015   -0.004734    0.017733    0.112881
time 24
  0    0.000000    0.000000    0.000000    0.000000   -0.000000    0.000000
  1    0.000000    0.000000    0.000000    0.000000   -0.000000    0.000000
  2   -0.151803  -24.059801   46.809570    3.084141   -1.348374   -1.494890
  3   50.309219   -0.435479    0.000003   -0.000017   -0.275081    0.014098
  4   30.891541   -0.000011    0.000002    0.000017   -0.198453   -0.014097
  5   34.635605    0.000007   -0.000004   -0.000000   -0.267131   -0.000001
  6   30.584274    0.000018    0.000008   -0.000000   -0.458180    0.000001
  7   31.520195   -0.000000    0.000000   -0.000000   -0.547921   -0.000001
  8   34.241196  -28.000032  -41.878036    0.979910   -0.457073    0.306696
  9   34.241127   23.441803  -41.878113   -0.979915   -0.457074   -0.306691
 10   35.246719  -52.543091    1.319122   -0.000000    0.000000    0.564623
 11   35.246536   52.726318    1.318924   -0.000000    0.000000   -0.564620
 12   34.830032  -24.891928   45.588608   -0.977825    0.464116    0.295003
 13   34.885788   27.636591   43.767822    0.977821    0.464114   -0.295002
 14   29.239319  -51.573387   94.292984    0.082458   -0.256475   -0.435669
 15   42.375084   -0.000010   -0.000008   -0.068542   -0.122107   -0.016694
 16   42.546097    0.000038   -0.000008   -0.040215   -0.122307    0.004536
 17   42.234482    0.000008    0.000008   -0.007974   -0.220963   -0.084236
 18   42.464996    0.000015   -0.000008    0.065337   -0.435249   -0.371977
 19   42.458115   -0.000092    0.000015   -0.010534   -0.223367   -0.174551
 20   42.268005   -0.000031   -0.000015    0.023964   -0.396942   -0.343880
 21   42.505882    0.000000    0.000000    0.110404   -0.577946   -0.613524
 22   42.233139   -0.000015   -0.000031    0.066880    0.221977    0.234806
 23   42.352253    0.000031    0.000031    0.357695    0.645641    0.798063
 24   42.391724   -0.000046    0.000000    0.021012    0.206292    0.170941
 25   42.497498    0.000000   -0.000011    0.002837    0.097516    0.079073
 26   42.272705    0.000053   -0.000035   -0.000544    0.056461    0.045751
 27   29.239342   55.382637   92.214981    1.639715   -0.209283    0.470393
 28   42.375076   -0.000008   -0.000002    0.012073    0.054194    0.131473
 29   42.546082   -0.000019    0.000011    0.007262    0.049314    0.171476
 30   42.234482    0.000076   -0.000023    0.012672    0.145016    0.278676
 31   42.465042   -0.000015   -0.000008    0.050150    0.287483    0.341587
 32   42.458084    0.000031    0.000015    0.035066    0.146183    0.180432
 33   42.267899   -0.000015    0.000031    0.154726    0.407368    0.507212
 34   42.506035    0.000031    0.000046    0.238857    0.500326    0.595220
 35   42.233070   -0.000031    0.000061   -0.005416   -0.351689   -0.330106
 36   42.352249   -0.000107    0.000015    0.172560   -0.584739   -0.725903
 37   42.391724    0.000076    0.000000    0.020805   -0.156073   -0.177463
 38   42.497650    0.000046   -0.000027    0.009323   -0.077185   -0.085678
 39   42.272644    0.000165   -0.000007    0.005802   -0.043531   -0.047632
 40   29.239349  106.746696    1.740840   -0.021810    0.023737    1.140392
 41   42.375092    0.000008   -0.000008    0.005649    0.127457   -0.216575
 42   42.546112    0.000000    0.000000    0.023474    0.073195   -0.155624
 43   42.234451   -0.000008   -0.000011   -0.084924   -0.007939    0.395433
 44   42.465057    0.000031   -0.000004   -0.071631   -0.041783    0.362232
 45   42.458069    0.000000   -0.000019   -0.068288   -0.072436    0.457862
 46   42.267944    0.000000    0.000004   -0.061478   -0.154095    0.870125
 47   42.505890   -0.000031    0.000011    0.017483   -0.039731    0.191260
 48   42.233150    0.000000   -0.000009   -0.025663    0.015520   -0.198843
 49   42.352257    0.000031   -0.000002   -0.079099    0.081054   -0.716038
 50   42.391663   -0.000015   -0.000005   -0.008556    0.064777   -0.408403
 51   42.497620    0.000008   -0.000013    0.008528    0.034481   -0.221536
 52   42.272675    0.000002    0.000004    0.007878    0.016449   -0.114220
 53   16.598587   50.706924  -78.522408    0.176433    0.989912    2.641263
 54   42.375092   -0.000015   -0.000008   -0.025691    0.087567   -0.146001
 55   42.546066    0.000031    0.000019   -0.018749    0.160643   -0.239184
 56   42.234512   -0.000034   -0.000002   -0.030437    0.200335   -0.293973
 57   42.465012    0.000046    0.000027   -0.060282   -0.287222    0.231835
 58   42.458099    0.000027    0.000004   -0.079201   -0.378501    0.314135
 59   42.267990   -0.000107   -0.000015   -0.016254   -0.131772    0.092795
 60   42.505951    0.000076   -0.000046   -0.015626   -0.332573    0.238459
 61   42.233154   -0.000061   -0.000046   -0.126745    0.503725   -0.407465
 62   42.352264    0.000015    0.000015   -0.018523    0.218525   -0.153493
 63   42.391724    0.000017    0.000008   -0.008303    0.086077   -0.059223
 64   42.497589    0.000036    0.000008   -0.003237    0.033351   -0.022601
 65   42.272736    0.000000   -0.000011   -0.002820   -0.000673    0.000452
 66   28.920143  -56.044884  -91.064209    1.246020    2.345493    0.436389
 67   42.375107    0.000015    0.000015    0.046356   -0.217760    0.127159
 68   42.546120    0.000004    0.000023   -0.032170   -0.363175    0.270099
 69   42.234467    0.000019    0.000004   -0.003188   -0.248140    0.172215
 70   42.465027   -0.000027    0.000011   -0.051907    0.320550   -0.381741
 71   42.458130    0.000023   -0.000011   -0.044903    0.258949   -0.316455
 72   42.267914   -0.000092    0.000008   -0.010583    0.111414   -0.135657
 73   42.505936    0.000046   -0.000031   -0.055757    0.195363   -0.240027
 74   42.233109    0.000061   -0.000015   -0.076015   -0.439924    0.558794
 75   42.352203   -0.000046    0.000000   -0.001381   -0.119611    0.151054
 76   42.391754   -0.000022   -0.000005    0.005249   -0.056516    0.072029
 77   42.497620    0.000004    0.000046    0.002858   -0.016056    0.020734
 78   42.272705    0.000004    0.000017    0.001981    0.000000   -0.000000
 79   29.239311 -106.786301    1.740901    0.019869   -0.097854   -1.136661
 80   42.375076    0.000008    0.000000    0.026848    0.198082    0.268266
 81   42.546082   -0.000023    0.000008   -0.016066    0.105434    0.162141
 82   42.234528   -0.000008   -0.000008    0.079051   -0.017547   -0.394313
 83   42.465057   -0.000015   -0.000008    0.066133   -0.052630   -0.378389
 84   42.458099    0.000031    0.000004    0.049745   -0.067500   -0.422074
 85   42.267914    0.000000    0.000000    0.043612   -0.142222   -0.870958
 86   42.505959    0.000031    0.000020   -0.022362   -0.040917   -0.238497
 87   42.233055    0.000031    0.000001    0.023529    0.007685    0.179860
 88   42.352303   -0.000031    0.000007    0.085955    0.059308    0.715521
 89   42.391754    0.000046   -0.000011    0.021370    0.059883    0.424924
 90   42.497589    0.000023   -0.000007   -0.001341    0.034298    0.227133
 91   42.272583    0.000017    0.000038   -0.004210    0.016916    0.115356
time 25
  0    0.000000    0.000000    0.000000    0.000000   -0.000000    0.000000
  1    0.000000    0.000000    0.000000    0.000000   -0.000000    0.000000
  2   -0.143431  -22.556091   43.079559    3.083332   -1.365096   -1.493532
  3   50.309212   -0.435479    0.000002   -0.000017   -0.268379    0.014098
  4   30.891541   -0.000011    0.000000    0.000017   -0.196833   -0.014097
  5   34.635597    0.000007   -0.000008   -0.000000   -0.264053   -0.000001
  6   30.584290    0.000018    0.000000   -0.000000   -0.460415    0.000001
  7   31.520187   -0.000000    0.000000   -0.000000   -0.547060   -0.000001
  8   34.241211  -28.000031  -41.878006    0.979910   -0.457073    0.306696
  9   34.241119   23.441799  -41.878098   -0.979915   -0.457074   -0.306691
 10   35.246696  -52.543087    1.319138   -0.000000   -0.000000    0.564623
 11   35.246544   52.726322    1.318939   -0.000000   -0.000000   -0.564620
 12   34.830025  -24.891926   45.588608   -0.977825    0.464116    0.295003
 13   34.885780   27.636585   43.767822    0.977821    0.464114   -0.295002
 14   29.239319  -51.573334   94.292984    0.084127   -0.290392   -0.439127
 15   42.375061   -0.000004   -0.000008   -0.072529   -0.116646   -0.015105
 16   42.546082    0.000023    0.000015   -0.044280   -0.104906    0.009803
 17   42.234436    0.000031   -0.000023   -0.012603   -0.195463   -0.076240
 18   42.464996    0.000015   -0.000015    0.069812   -0.441593   -0.386752
 19   42.458084   -0.000092   -0.000031   -0.008350   -0.233737   -0.188847
 20   42.267883    0.000015    0.000000    0.020540   -0.373206   -0.330626
 21   42.505898   -0.000031    0.000000    0.121704   -0.579606   -0.632722
 22   42.233139    0.000000   -0.000015    0.057173    0.200587    0.214180
 23   42.352226   -0.000031   -0.000031    0.356701    0.639989    0.810892
 24   42.391754   -0.000076    0.000031    0.022240    0.208171    0.178110
 25   42.497528    0.000023   -0.000046    0.003190    0.097591    0.081608
 26   42.272705    0.000033   -0.000023   -0.000331    0.056618    0.047288
 27   29.239326   55.382622   92.214958    1.624660   -0.233801    0.469402
 28   42.375076   -0.000015   -0.000013    0.014569    0.052460    0.128938
 29   42.546082   -0.000004    0.000008    0.010063    0.045951    0.162283
 30   42.234512    0.000076   -0.000027    0.013243    0.135044    0.262208
 31   42.465027   -0.000031    0.000004    0.051773    0.291839    0.350777
 32   42.458115    0.000031    0.000015    0.035342    0.149214    0.184743
 33   42.267960    0.000000    0.000015    0.141286    0.392540    0.485801
 34   42.506020    0.000031    0.000015    0.243693    0.509650    0.618667
 35   42.233086   -0.000015    0.000031   -0.004856   -0.330578   -0.315360
 36   42.352242   -0.000061    0.000015    0.180647   -0.586469   -0.737175
 37   42.391693    0.000031   -0.000015    0.021353   -0.158031   -0.180095
 38   42.497650    0.000050   -0.000004    0.009356   -0.077970   -0.086691
 39   42.272614    0.000124   -0.000004    0.005777   -0.044048   -0.048279
 40   29.239365  106.746658    1.740844   -0.022044    0.026623    1.128265
 41   42.375092    0.000015    0.000002    0.006192    0.116028   -0.215802
 42   42.546158    0.000000   -0.000004    0.023711    0.069128   -0.168308
 43   42.234436    0.000015   -0.000004   -0.077589   -0.004533    0.384498
 44   42.465073   -0.000023   -0.000004   -0.072097   -0.039540    0.380209
 45   42.458069   -0.000031   -0.000008   -0.062713   -0.063477    0.436364
 46   42.267960    0.000000    0.000008   -0.065365   -0.142736    0.874357
 47   42.505905    0.000031    0.000015    0.017024   -0.043357    0.223029
 48   42.233116    0.000031   -0.000006   -0.021472    0.013514   -0.183089
 49   42.352257    0.000000    0.000008   -0.072646    0.076449   -0.711917
 50   42.391632    0.000015    0.000001   -0.008046    0.062464   -0.421149
 51   42.497559   -0.000031   -0.000012    0.008515    0.032695   -0.225991
 52   42.272583   -0.000002   -0.000006    0.007732    0.015554   -0.116787
 53   17.725311   50.706909  -79.669228    0.116099    1.056817    2.542603
 54   42.375088   -0.000008   -0.000004   -0.023329    0.094355   -0.164666
 55   42.546059    0.000023    0.000008   -0.019967    0.171997   -0.262896
 56   42.234558   -0.000046   -0.000004   -0.025778    0.153900   -0.242152
 57   42.465012    0.000057    0.000015   -0.076113   -0.328274    0.284888
 58   42.458084    0.000038    0.000004   -0.084030   -0.386236    0.326928
 59   42.267929   -0.000092    0.000000   -0.017230   -0.140043    0.101750
 60   42.505951    0.000092    0.000015   -0.022517   -0.357061    0.266201
 61   42.233170   -0.000061    0.000000   -0.128274    0.498920   -0.416602
 62   42.352325    0.000008   -0.000015   -0.027992    0.262911   -0.192610
 63   42.391724    0.000031    0.000013   -0.008926    0.097991   -0.069596
 64   42.497620    0.000022    0.000011   -0.003215    0.039503   -0.027633
 65   42.272675    0.000017    0.000008   -0.002787    0.001241   -0.000864
 66   29.239342  -56.044857  -91.389030    1.303717    2.268201    0.515610
 67   42.375107    0.000004    0.000000    0.037649   -0.249370    0.146709
 68   42.546097   -0.000004    0.000015   -0.038569   -0.378595    0.285974
 69   42.234467    0.000023    0.000004    0.014132   -0.162647    0.098601
 70   42.464996   -0.000034    0.000023   -0.070738    0.359086   -0.435455
 71   42.458145    0.000008    0.000000   -0.044446    0.256704   -0.316743
 72   42.267899   -0.000061    0.000000   -0.014197    0.125310   -0.152697
 73   42.506012    0.000076    0.000015   -0.062315    0.213004   -0.261681
 74   42.233154   -0.000015    0.000000   -0.088616   -0.463532    0.592285
 75   42.352173   -0.000023    0.000008   -0.003264   -0.141390    0.178746
 76   42.391846    0.000000   -0.000015    0.004910   -0.065292    0.083367
 77   42.497528    0.000011    0.000013    0.002840   -0.022820    0.029528
 78   42.272705   -0.000023    0.000010    0.001905    0.003201   -0.004165
 79   29.239296 -106.786270    1.740906    0.020228   -0.095504   -1.124465
 80   42.375092    0.000019   -0.000008    0.025710    0.184325    0.263266
 81   42.546021   -0.000008    0.000011   -0.015110    0.102781    0.174179
 82   42.234497   -0.000046    0.000000    0.071167   -0.013926   -0.382272
 83   42.465057    0.000031    0.000000    0.065599   -0.051090   -0.396065
 84   42.458069    0.000000   -0.000015    0.044859   -0.060018   -0.405251
 85   42.267929    0.000015   -0.000015    0.044482   -0.130790   -0.869290
 86   42.505966    0.000031    0.000002   -0.021770   -0.042973   -0.269972
 87   42.233109   -0.000061    0.000000    0.019763    0.006082    0.165656
 88   42.352325   -0.000092    0.000000    0.079216    0.053861    0.710005
 89   42.391693   -0.000046   -0.000014    0.021494    0.056587    0.437195
 90   42.497620    0.000015   -0.000028   -0.000826    0.032310    0.231330
 91   42.272522    0.000010    0.000011   -0.003782    0.016022    0.117835
time 26
  0    0.000000    0.000000    0.000000    0.000000   -0.000000    0.000000
  1    0.000000    0.000000    0.000000    0.000000   -0.000000    0.000000
  2   -0.133274  -20.958786   39.130337    3.090582   -1.381091   -1.500945
  3   50.309219   -0.435479    0.000002   -0.000017   -0.261646    0.014098
  4   30.891541   -0.000011   -0.000004    0.000017   -0.195204   -0.014097
  5   34.635597    0.000007    0.000000   -0.000000   -0.260960   -0.000001
  6   30.584290    0.000018    0.000000   -0.000000   -0.462370    0.000001
  7   31.520180   -0.000001   -0.000015   -0.000000   -0.546196   -0.000001
  8   34.241203  -28.000029  -41.878021    0.979910   -0.457073    0.306696
  9   34.241119   23.441797  -41.878113   -0.979915   -0.457074   -0.306691
 10   35.246712  -52.543076    1.319122   -0.000000   -0.000000    0.564623
 11   35.246529   52.726303    1.318909   -0.000000    0.000000   -0.564620
 12   34.830025  -24.891922   45.588593   -0.977825    0.464116    0.295003
 13   34.885788   27.636580   43.767822    0.977821    0.464114   -0.295002
 14   29.239319  -51.573326   94.292931    0.086418   -0.323127   -0.444683
 15   42.375076    0.000004   -0.000015   -0.075972   -0.109920   -0.013203
 16   42.546082    0.000034   -0.000015   -0.047391   -0.087895    0.014883
 17   42.234451    0.000034   -0.000008   -0.016502   -0.170196   -0.066400
 18   42.464966    0.000031   -0.000015    0.073878   -0.445707   -0.398124
 19   42.458099   -0.000084   -0.000031   -0.005276   -0.246828   -0.205154
 20   42.267899   -0.000031    0.000000    0.016516   -0.348081   -0.313280
 21   42.505867    0.000031    0.000015    0.133148   -0.583947   -0.652490
 22   42.233154    0.000000   -0.000015    0.046514    0.172708    0.185277
 23   42.352219    0.000000    0.000061    0.357688    0.636298    0.824365
 24   42.391724   -0.000038   -0.000031    0.024089    0.213273    0.187447
 25   42.497467    0.000034   -0.000015    0.003512    0.098428    0.084392
 26   42.272766    0.000068   -0.000048   -0.000163    0.057184    0.048950
 27   29.239342   55.382595   92.214928    1.611848   -0.257628    0.463374
 28   42.375069    0.000000   -0.000002    0.017619    0.051172    0.125252
 29   42.546082    0.000000   -0.000004    0.013023    0.044374    0.152747
 30   42.234497    0.000069    0.000011    0.014129    0.124745    0.244375
 31   42.465042   -0.000034    0.000000    0.053679    0.296089    0.359823
 32   42.458054    0.000031   -0.000015    0.035929    0.153487    0.190181
 33   42.267868   -0.000015    0.000031    0.125641    0.373414    0.457532
 34   42.506004    0.000061    0.000076    0.251858    0.523119    0.649024
 35   42.233078   -0.000046    0.000031   -0.006050   -0.299115   -0.288962
 36   42.352196   -0.000092    0.000031    0.192837   -0.593332   -0.755766
 37   42.391785    0.000107    0.000038    0.022130   -0.162052   -0.184744
 38   42.497528    0.000061    0.000008    0.009397   -0.079503   -0.088369
 39   42.272522    0.000123    0.000033    0.005763   -0.045141   -0.049467
 40   29.239349  106.746590    1.740827   -0.021382    0.027970    1.109113
 41   42.375076   -0.000011    0.000002    0.006279    0.105036   -0.210484
 42   42.546127   -0.000008    0.000000    0.023408    0.065336   -0.179615
 43   42.234497   -0.000008    0.000008   -0.069684   -0.001403    0.369758
 44   42.465057   -0.000015   -0.000011   -0.072291   -0.037087    0.400332
 45   42.458038    0.000000   -0.000011   -0.056901   -0.055183    0.414758
 46   42.267899    0.000031    0.000004   -0.067148   -0.130487    0.873823
 47   42.505875   -0.000031    0.000006    0.016173   -0.047071    0.260173
 48   42.233162   -0.000031   -0.000010   -0.017662    0.011237   -0.165984
 49   42.352242   -0.000061   -0.000002   -0.066490    0.070992   -0.705229
 50   42.391724   -0.000046    0.000003   -0.007949    0.060060   -0.435998
 51   42.497650    0.000000   -0.000010    0.008344    0.030921   -0.231044
 52   42.272644   -0.000008   -0.000008    0.007530    0.014693   -0.119804
 53   18.857410   50.706890  -80.821571    0.011575    1.123590    2.396467
 54   42.375092    0.000000   -0.000015   -0.022166    0.097312   -0.179430
 55   42.546059    0.000031    0.000015   -0.022014    0.173859   -0.272996
 56   42.234512   -0.000031   -0.000019   -0.023176    0.108702   -0.187730
 57   42.465027    0.000019    0.000000   -0.089167   -0.356765    0.324405
 58   42.458038    0.000046   -0.000008   -0.088146   -0.392825    0.338356
 59   42.267975   -0.000076    0.000000   -0.018188   -0.148776    0.110950
 60   42.505905    0.000122    0.000015   -0.028599   -0.375433    0.289105
 61   42.233147   -0.000031   -0.000031   -0.117791    0.472919   -0.400826
 62   42.352295    0.000038   -0.000015   -0.042500    0.314928   -0.240720
 63   42.391693   -0.000004    0.000034   -0.009896    0.111540   -0.081328
 64   42.497589    0.000044    0.000004   -0.003258    0.046882   -0.033652
 65   42.272675   -0.000015    0.000015   -0.002725    0.003866   -0.002758
 66   29.239334  -56.044838  -91.389023    1.390205    2.180266    0.629837
 67   42.375065    0.000000   -0.000015    0.031534   -0.271303    0.157193
 68   42.546104    0.000000    0.000038   -0.034051   -0.369864    0.277626
 69   42.234467    0.000038   -0.000011    0.023532   -0.091363    0.038455
 70   42.465027   -0.000015    0.000015   -0.084163    0.383518   -0.472444
 71   42.458115    0.000053   -0.000015   -0.044408    0.258145   -0.320371
 72   42.267929   -0.000031    0.000000   -0.016751    0.136925   -0.167103
 73   42.505920    0.000031    0.000000   -0.070977    0.236470   -0.291907
 74   42.233131   -0.000046   -0.000015   -0.095651   -0.473820    0.606025
 75   42.352173   -0.000015   -0.000031   -0.006981   -0.172152    0.217650
 76   42.391846    0.000008    0.000004    0.004436   -0.074716    0.095406
 77   42.497498    0.000019   -0.000009    0.002788   -0.027636    0.035770
 78   42.272736    0.000038   -0.000008    0.001952    0.001686   -0.002194
 79   29.239311 -106.786240    1.740903    0.019755   -0.091218   -1.114187
 80   42.375053    0.000008   -0.000008    0.024021    0.169670    0.257746
 81   42.546051    0.000000    0.000008   -0.014136    0.099273    0.186573
 82   42.234512    0.000000   -0.000004    0.063297   -0.010209   -0.367616
 83   42.465057    0.000023   -0.000008    0.064990   -0.049147   -0.415253
 84   42.458069   -0.000015    0.000000    0.040295   -0.053152   -0.389173
 85   42.267929   -0.000015    0.000000    0.044218   -0.119208   -0.863734
 86   42.506012    0.000061    0.000021   -0.020893   -0.044814   -0.304556
 87   42.233051   -0.000061   -0.000014    0.016393    0.004540    0.150861
 88   42.352337    0.000031   -0.000006    0.072583    0.048417    0.702534
 89   42.391663    0.000000    0.000013    0.021551    0.053267    0.450647
 90   42.497498   -0.000015   -0.000006   -0.000402    0.030323    0.235857
 91   42.272522    0.000000    0.000025   -0.003411    0.015124    0.120581
time 27
  0    0.000000    0.000000    0.000000    0.000000   -0.000000    0.000000
  1    0.000000    0.000000    0.000000    0.000000   -0.000000    0.000000
  2   -0.122097  -19.201082   34.784542    3.111329   -1.396407   -1.522160
  3   50.309216   -0.435479    0.000002   -0.000017   -0.254944    0.014098
  4   30.891533   -0.000011    0.000008    0.000017   -0.193584   -0.014097
  5   34.635605    0.000007   -0.000004   -0.000000   -0.257881   -0.000001
  6   30.584290    0.000018    0.000008   -0.000000   -0.464065    0.000001
  7   31.520187   -0.000000    0.000000   -0.000000   -0.545336   -0.000001
  8   34.241215  -28.000034  -41.878006    0.979910   -0.457073    0.306696
  9   34.241138   23.441801  -41.878098   -0.979915   -0.457074   -0.306691
 10   35.246708  -52.543091    1.319138   -0.000000    0.000000    0.564623
 11   35.246548   52.726322    1.318924   -0.000000   -0.000000   -0.564620
 12   34.830021  -24.891928   45.588608   -0.977825    0.464116    0.295003
 13   34.885777   27.636585   43.767822    0.977821    0.464114   -0.295002
 14   29.239315  -51.573353   94.292999    0.089962   -0.354761   -0.451346
 15   42.375092    0.000002   -0.000008   -0.078916   -0.101826   -0.011251
 16   42.546097    0.000027    0.000019   -0.049608   -0.071850    0.018895
 17   42.234451    0.000008    0.000011   -0.019846   -0.144497   -0.054351
 18   42.464981   -0.000008   -0.000008    0.076751   -0.446915   -0.403708
 19   42.458099   -0.000092   -0.000015   -0.001049   -0.264095   -0.224241
 20   42.267944    0.000000    0.000000    0.011719   -0.321183   -0.291117
 21   42.505844    0.000000   -0.000015    0.144288   -0.591292   -0.671907
 22   42.233170    0.000000   -0.000046    0.035002    0.135926    0.145690
 23   42.352283    0.000031    0.000031    0.360282    0.634048    0.836559
 24   42.391693   -0.000031    0.000031    0.027234    0.223434    0.200431
 25   42.497498   -0.000015   -0.000019    0.003888    0.100331    0.087486
 26   42.272858    0.000036   -0.000020   -0.000029    0.057950    0.050426
 27   29.239323   55.382645   92.215012    1.601330   -0.279872    0.450952
 28   42.375076    0.000000   -0.000011    0.021177    0.050364    0.120164
 29   42.546112   -0.000008    0.000011    0.016031    0.045012    0.143257
 30   42.234482    0.000092   -0.000015    0.015219    0.113704    0.224770
 31   42.465057    0.000000   -0.000008    0.055525    0.299545    0.368099
 32   42.458069    0.000038   -0.000023    0.036852    0.159713    0.197734
 33   42.267960   -0.000031    0.000000    0.106922    0.347371    0.419943
 34   42.506042    0.000046    0.000015    0.264188    0.541095    0.689199
 35   42.233078   -0.000046    0.000000   -0.009060   -0.250837   -0.245200
 36   42.352230   -0.000153    0.000046    0.211553   -0.605897   -0.785517
 37   42.391724    0.000107   -0.000008    0.023509   -0.169379   -0.193055
 38   42.497742    0.000061   -0.000011    0.009533   -0.082166   -0.091214
 39   42.272644    0.000171   -0.000020    0.005802   -0.047117   -0.051570
 40   29.239323  106.746674    1.740842   -0.020261    0.027856    1.078773
 41   42.375076    0.000027    0.000000    0.005872    0.094399   -0.197629
 42   42.546066    0.000000    0.000000    0.022487    0.062081   -0.188616
 43   42.234467   -0.000008   -0.000004   -0.061163    0.001592    0.349379
 44   42.465057    0.000023   -0.000008   -0.072451   -0.034428    0.423242
 45   42.458069    0.000015   -0.000013   -0.051130   -0.047586    0.392623
 46   42.267914    0.000000    0.000004   -0.067379   -0.117745    0.866950
 47   42.505882    0.000000    0.000004    0.014783   -0.051206    0.305310
 48   42.233116   -0.000031   -0.000009   -0.014098    0.008781   -0.146350
 49   42.352215   -0.000031    0.000006   -0.060545    0.065053   -0.694415
 50   42.391663   -0.000015   -0.000004   -0.008274    0.057869   -0.454293
 51   42.497620    0.000000   -0.000016    0.008087    0.029289   -0.237152
 52   42.272614    0.000010   -0.000002    0.007328    0.013931   -0.123651
 53   19.984112   50.706924  -81.968491   -0.166234    1.185357    2.173866
 54   42.375099    0.000000   -0.000013   -0.022485    0.094262   -0.186209
 55   42.546082    0.000038   -0.000006   -0.023990    0.166229   -0.267447
 56   42.234558   -0.000011   -0.000004   -0.022421    0.068352   -0.136223
 57   42.465027    0.000061    0.000027   -0.098858   -0.375302    0.350950
 58   42.458069    0.000038    0.000000   -0.091700   -0.399136    0.347908
 59   42.268005   -0.000076   -0.000031   -0.019126   -0.158421    0.120320
 60   42.505951    0.000092   -0.000061   -0.033269   -0.388942    0.306520
 61   42.233185   -0.000061   -0.000061   -0.098604    0.429282   -0.363702
 62   42.352295    0.000000   -0.000015   -0.062617    0.370991   -0.295401
 63   42.391632    0.000034    0.000011   -0.011290    0.127080   -0.094378
 64   42.497620    0.000030   -0.000001   -0.003382    0.055673   -0.040662
 65   42.272797   -0.000025    0.000061   -0.002640    0.007224   -0.005244
 66   29.239292  -56.044880  -91.389114    1.527636    2.092860    0.799871
 67   42.375107   -0.000008   -0.000008    0.031122   -0.278929    0.156222
 68   42.546097    0.000013    0.000011   -0.021612   -0.343270    0.253766
 69   42.234467    0.000023   -0.000019    0.027731   -0.036114   -0.006935
 70   42.465027   -0.000019   -0.000019   -0.092702    0.398015   -0.496305
 71   42.458130    0.000031    0.000008   -0.044538    0.261998   -0.326509
 72   42.267944   -0.000046    0.000015   -0.018414    0.147152   -0.180079
 73   42.505981    0.000092    0.000000   -0.078528    0.258626   -0.321894
 74   42.233139    0.000031    0.000015   -0.093958   -0.465744    0.592910
 75   42.352203   -0.000046    0.000031   -0.013615   -0.211237    0.267340
 76   42.391785    0.000011   -0.000069    0.003754   -0.085495    0.109075
 77   42.497528    0.000019   -0.000010    0.002690   -0.033458    0.043271
 78   42.272766   -0.000027   -0.000023    0.002008   -0.000419    0.000542
 79   29.239307 -106.786324    1.740909    0.018840   -0.087308   -1.104270
 80   42.375092   -0.000004   -0.000001    0.022236    0.155251    0.249689
 81   42.546051   -0.000023    0.000002   -0.012920    0.095886    0.199056
 82   42.234497   -0.000031   -0.000004    0.055280   -0.006491   -0.349077
 83   42.465057   -0.000038   -0.000011    0.064293   -0.047049   -0.436360
 84   42.458008   -0.000031   -0.000002    0.035942   -0.046928   -0.373464
 85   42.267883    0.000031   -0.000004    0.042886   -0.107663   -0.853415
 86   42.505959    0.000000    0.000013   -0.019786   -0.046551   -0.343996
 87   42.233025    0.000000   -0.000014    0.013309    0.003022    0.134616
 88   42.352341    0.000000    0.000008    0.066158    0.042894    0.692171
 89   42.391693    0.000015   -0.000010    0.021800    0.050004    0.466184
 90   42.497589   -0.000008   -0.000015    0.000048    0.028425    0.241029
 91   42.272522   -0.000019    0.000021   -0.003050    0.014287    0.123848
time 28
  0    0.000000    0.000000    0.000000    0.000000   -0.000000    0.000000
  1    0.000000    0.000000    0.000000    0.000000   -0.000000    0.000000
  2   -0.110155  -17.323076   30.141315   -3.139110   -1.411120   -1.555642
  3   50.309208   -0.435479    0.000006   -0.000017   -0.248339    0.014098
  4   30.891541   -0.000011    0.000000    0.000017   -0.191987   -0.014097
  5   34.635605    0.000007    0.000002   -0.000000   -0.254847   -0.000001
  6   30.584290    0.000018    0.000008   -0.000000   -0.465519    0.000001
  7   31.520187   -0.000000    0.000000   -0.000000   -0.544488   -0.000001
  8   34.241196  -28.000029  -41.877991    0.979910   -0.457073    0.306696
  9   34.241119   23.441799  -41.878113   -0.979915   -0.457074   -0.306691
 10   35.246689  -52.543083    1.319122   -0.000000    0.000000    0.564623
 11   35.246536   52.726307    1.318909   -0.000000    0.000000   -0.564620
 12   34.830017  -24.891924   45.588608   -0.977825    0.464116    0.295003
 13   34.885780   27.636585   43.767807    0.977821    0.464114   -0.295002
 14   29.239323  -51.573353   94.292969    0.094033   -0.385405   -0.458567
 15   42.375076    0.000010    0.000015   -0.081426   -0.092821   -0.009420
 16   42.546097    0.000031    0.000031   -0.051163   -0.057088    0.021834
 17   42.234482    0.000019   -0.000019   -0.022669   -0.119015   -0.041348
 18   42.464981    0.000008   -0.000008    0.077638   -0.443565   -0.402777
 19   42.458130   -0.000053   -0.000023    0.004662   -0.285418   -0.246656
 20   42.267883    0.000031   -0.000031    0.007171   -0.294610   -0.267719
 21   42.505829    0.000015    0.000000    0.153225   -0.597741   -0.686694
 22   42.233200   -0.000031    0.000000    0.024163    0.093015    0.099332
 23   42.352242    0.000061    0.000031    0.360535    0.630695    0.842764
 24   42.391754   -0.000046    0.000015    0.031765    0.238080    0.217274
 25   42.497498    0.000004   -0.000031    0.004296    0.102916    0.090823
 26   42.272827    0.000046   -0.000003    0.000092    0.059031    0.051964
 27   29.239338   55.382618   92.214989    1.592648   -0.301097    0.434266
 28   42.375084    0.000008   -0.000010    0.024942    0.049873    0.114269
 29   42.546097   -0.000015    0.000011    0.019037    0.046997    0.134137
 30   42.234467    0.000084   -0.000019    0.016541    0.102672    0.203981
 31   42.465042   -0.000023   -0.000011    0.056998    0.301070    0.373994
 32   42.458130    0.000008    0.000000    0.038304    0.168422    0.208156
 33   42.267883    0.000000    0.000046    0.087986    0.316638    0.377231
 34   42.506058    0.000061    0.000046    0.277249    0.559694    0.731952
 35   42.233047   -0.000015    0.000000   -0.011941   -0.191418   -0.189819
 36   42.352165   -0.000092    0.000000    0.231189   -0.617466   -0.815401
 37   42.391663    0.000061    0.000000    0.025942   -0.181624   -0.207005
 38   42.497650    0.000053    0.000011    0.009749   -0.085701   -0.094952
 39   42.272583    0.000157   -0.000010    0.005876   -0.049744   -0.054341
 40   29.239349  106.746674    1.740838   -0.018833    0.026012    1.041692
 41   42.375061    0.000004   -0.000004    0.005042    0.084524   -0.180283
 42   42.546143    0.000008   -0.000004    0.021017    0.059243   -0.195472
 43   42.234467   -0.000015   -0.000008   -0.052208    0.004403    0.323403
 44   42.465073   -0.000023    0.000000   -0.072326   -0.031484    0.448619
 45   42.458084    0.000000   -0.000011   -0.045601   -0.040813    0.371425
 46   42.267914    0.000000    0.000006   -0.065878   -0.104624    0.852044
 47   42.505905    0.000000    0.000004    0.012602   -0.055351    0.358240
 48   42.233154    0.000031   -0.000007   -0.010828    0.006273   -0.124692
 49   42.352257   -0.000031    0.000006   -0.054645    0.058702   -0.678695
 50   42.391632    0.000000    0.000003   -0.008962    0.055710   -0.475944
 51   42.497589   -0.000008   -0.000011    0.007734    0.027737   -0.244319
 52   42.272736   -0.000023    0.000002    0.007107    0.013235   -0.128330
 53   21.094688   50.706909  -83.098862   -0.439253    1.226323    1.853319
 54   42.375099   -0.000011    0.000002   -0.024423    0.083886   -0.181551
 55   42.546051    0.000027    0.000004   -0.025561    0.150906   -0.248227
 56   42.234573   -0.000042    0.000008   -0.023001    0.035668   -0.092562
 57   42.465012    0.000050    0.000011   -0.104381   -0.384041    0.364741
 58   42.458099    0.000038    0.000000   -0.095216   -0.405686    0.356938
 59   42.267990   -0.000076    0.000000   -0.020183   -0.169343    0.130384
 60   42.505890    0.000107    0.000000   -0.036901   -0.399193    0.320115
 61   42.233170   -0.000122   -0.000031   -0.074614    0.370427   -0.311108
 62   42.352264   -0.000015    0.000000   -0.088351    0.427018   -0.354791
 63   42.391785    0.000023    0.000004   -0.013282    0.144990   -0.109211
 64   42.497559    0.000060   -0.000030   -0.003644    0.066178   -0.048938
 65   42.272705    0.000006    0.000019   -0.002542    0.011431   -0.008404
 66   29.239326  -56.044872  -91.389038   -1.399178    1.122153   -2.090318
 67   42.375092    0.000011    0.000000    0.037134   -0.270099    0.143649
 68   42.546112    0.000008    0.000019   -0.004705   -0.302029    0.218470
 69   42.234436    0.000015    0.000008    0.028975    0.000998   -0.036544
 70   42.465027   -0.000038   -0.000023   -0.096149    0.404036   -0.507650
 71   42.458145    0.000015   -0.000008   -0.045015    0.268240   -0.335506
 72   42.267883   -0.000076    0.000000   -0.019459    0.156777   -0.192652
 73   42.505981    0.000076    0.000031   -0.083732    0.276923   -0.348274
 74   42.233124    0.000000    0.000031   -0.083716   -0.438590    0.553000
 75   42.352173   -0.000015    0.000015   -0.024320   -0.256497    0.325887
 76   42.391846    0.000004   -0.000019    0.002773   -0.097676    0.124446
 77   42.497589    0.000031    0.000020    0.002519   -0.040297    0.052043
 78   42.272675   -0.000004    0.000011    0.002062   -0.003075    0.003996
 79   29.239311 -106.786255    1.740899    0.017621   -0.083783   -1.094041
 80   42.375092    0.000015    0.000000    0.020423    0.141217    0.239508
 81   42.546021    0.000008   -0.000004   -0.011454    0.092431    0.211063
 82   42.234543   -0.000008   -0.000008    0.047248   -0.002791   -0.326661
 83   42.465088    0.000008    0.000004    0.063380   -0.044693   -0.459077
 84   42.458054    0.000015   -0.000010    0.031902   -0.041337   -0.358779
 85   42.267914    0.000000   -0.000010    0.040663   -0.096211   -0.837709
 86   42.506004    0.000000    0.000020   -0.018337   -0.048021   -0.388073
 87   42.233036   -0.000061   -0.000006    0.010497    0.001598    0.117062
 88   42.352341    0.000000    0.000008    0.059811    0.037439    0.678498
 89   42.391724    0.000000   -0.000002    0.022127    0.046731    0.483818
 90   42.497589    0.000000   -0.000016    0.000494    0.026579    0.246879
 91   42.272400   -0.000017    0.000023   -0.002703    0.013488    0.127665
time 29
  0    0.000000    0.000000    0.000000    0.000000   -0.000000    0.000000
  1    0.000000    0.000000    0.000000    0.000000   -0.000000    0.000000
  2   -0.097703  -15.364875   25.299799    0.045728   -1.716287    1.541729
  3   50.309204   -0.435479    0.000002   -0.000017   -0.241894    0.014098
  4   30.891533   -0.000011    0.000000    0.000017   -0.190428   -0.014097
  5   34.635605    0.000007   -0.000004   -0.000000   -0.251886   -0.000001
  6   30.584290    0.000018   -0.000008   -0.000000   -0.466749    0.000001
  7   31.520187   -0.000001   -0.000008   -0.000000   -0.543661   -0.000001
  8   34.241192  -28.000032  -41.878021    0.979910   -0.457073    0.306696
  9   34.241123   23.441797  -41.878098   -0.979915   -0.457074   -0.306691
 10   35.246693  -52.543083    1.319138   -0.000000    0.000000    0.564623
 11   35.246548   52.726311    1.318939   -0.000000   -0.000000   -0.564620
 12   34.830021  -24.891926   45.588623   -0.977825    0.464116    0.295003
 13   34.885769   27.636583   43.767822    0.977821    0.464114   -0.295002
 14   29.239321  -51.573326   94.292953    0.098041   -0.415272   -0.465988
 15   42.375084   -0.000003    0.000000   -0.083580   -0.083291   -0.007800
 16   42.546082    0.000027   -0.000011   -0.052251   -0.043687    0.023850
 17   42.234467    0.000023    0.000000   -0.025010   -0.094448   -0.028418
 18   42.464996    0.000015    0.000008    0.076053   -0.434598   -0.395228
 19   42.458069   -0.000069    0.000031    0.012146   -0.310149   -0.272568
 20   42.267929    0.000046    0.000000    0.003564   -0.270738   -0.246427
 21   42.505920    0.000000    0.000000    0.157852   -0.599760   -0.692607
 22   42.233154    0.000000   -0.000015    0.015058    0.046416    0.049361
 23   42.352303    0.000000    0.000015    0.356036    0.624731    0.840427
 24   42.391724   -0.000076   -0.000015    0.037581    0.255956    0.237481
 25   42.497559    0.000008    0.000004    0.004712    0.105813    0.094306
 26   42.272797    0.000078    0.000018    0.000196    0.060249    0.053540
 27   29.239328   55.382614   92.214935    1.585302   -0.321857    0.415275
 28   42.375061    0.000015   -0.000008    0.028680    0.049533    0.108037
 29   42.546066   -0.000011    0.000019    0.022004    0.049531    0.125512
 30   42.234436    0.000076    0.000008    0.018059    0.092281    0.182713
 31   42.465012   -0.000023    0.000008    0.057848    0.299883    0.376193
 32   42.458069    0.000023    0.000000    0.040464    0.179843    0.221884
 33   42.267899    0.000000    0.000031    0.071237    0.284466    0.334296
 34   42.506042    0.000107    0.000031    0.286620    0.575025    0.768467
 35   42.233063   -0.000031    0.000076   -0.013299   -0.127326   -0.128904
 36   42.352211   -0.000031    0.000015    0.245595   -0.622575   -0.834507
 37   42.391693    0.000092   -0.000031    0.029848   -0.199400   -0.227444
 38   42.497589    0.000069    0.000015    0.010017   -0.089715   -0.099165
 39   42.272583    0.000143   -0.000013    0.005913   -0.052213   -0.056902
 40   29.239347  106.746620    1.740837   -0.017217    0.022399    1.001724
 41   42.375053    0.000000   -0.000002    0.003945    0.075626   -0.161157
 42   42.546112   -0.000004   -0.000002    0.019071    0.056668   -0.200247
 43   42.234467    0.000008    0.000004   -0.043086    0.007008    0.292273
 44   42.465057    0.000015   -0.000004   -0.071601   -0.028211    0.475725
 45   42.458084    0.000000    0.000006   -0.040469   -0.034906    0.352521
 46   42.267944    0.000015    0.000000   -0.062628   -0.091311    0.828043
 47   42.505859    0.000000    0.000013    0.009470   -0.058953    0.418231
 48   42.233086    0.000031   -0.000008   -0.007872    0.003812   -0.101320
 49   42.352215   -0.000061    0.000004   -0.048658    0.052023   -0.657421
 50   42.391724    0.000031   -0.000004   -0.009925    0.053385   -0.500756
 51   42.497589    0.000008   -0.000010    0.007279    0.026206   -0.252593
 52   42.272675   -0.000008    0.000000    0.006850    0.012570   -0.133885
 53   22.178297   50.706879  -84.201813   -0.776019    1.226979    1.467469
 54   42.375076    0.000008    0.000000   -0.027883    0.066575   -0.164074
 55   42.546066    0.000046    0.000008   -0.026841    0.130448   -0.219307
 56   42.234543   -0.000023    0.000015   -0.024204    0.011291   -0.058395
 57   42.465027    0.000050    0.000004   -0.105436   -0.383185    0.366610
 58   42.458084    0.000046   -0.000008   -0.098873   -0.412066    0.365834
 59   42.267929   -0.000061    0.000000   -0.021555   -0.182032    0.141820
 60   42.505875    0.000092    0.000015   -0.040164   -0.407951    0.331999
 61   42.233177   -0.000046    0.000000   -0.050017    0.300576   -0.249810
 62   42.352249    0.000000    0.000015   -0.118221    0.478152   -0.415630
 63   42.391693    0.000053    0.000000   -0.016091    0.165514   -0.126300
 64   42.497650    0.000030   -0.000002   -0.004119    0.078652   -0.058777
 65   42.272736    0.000019    0.000008   -0.002444    0.016556   -0.012296
 66   29.239317  -56.044846  -91.388992   -1.100249    1.161225   -1.752775
 67   42.375107    0.000013   -0.000008    0.048880   -0.242747    0.119897
 68   42.546082   -0.000004    0.000011    0.011485   -0.255663    0.181097
 69   42.234467    0.000011    0.000008    0.029057    0.023340   -0.053306
 70   42.464996    0.000000    0.000008   -0.094191    0.401717   -0.505969
 71   42.458145    0.000038   -0.000008   -0.046124    0.277077   -0.347902
 72   42.267929   -0.000092   -0.000015   -0.020166    0.166474   -0.205699
 73   42.505981    0.000076   -0.000015   -0.086886    0.291861   -0.371523
 74   42.233147    0.000061    0.000000   -0.067849   -0.394231    0.491166
 75   42.352203    0.000000   -0.000015   -0.039897   -0.304710    0.390414
 76   42.391785   -0.000015   -0.000008    0.001366   -0.111534    0.141898
 77   42.497498    0.000058   -0.000016    0.002232   -0.048370    0.062348
 78   42.272705    0.000023    0.000017    0.002109   -0.006358    0.008245
 79   29.239305 -106.786224    1.740904    0.016206   -0.080649   -1.083143
 80   42.375092   -0.000008   -0.000004    0.018648    0.127681    0.227798
 81   42.546021   -0.000008    0.000002   -0.009754    0.088727    0.222085
 82   42.234497   -0.000023   -0.000008    0.039344    0.000856   -0.300523
 83   42.465088   -0.000008   -0.000008    0.062088   -0.041979   -0.482935
 84   42.458084    0.000015   -0.000008    0.028225   -0.036333   -0.345704
 85   42.267975    0.000000   -0.000006    0.037730   -0.084887   -0.816228
 86   42.505997    0.000061    0.000013   -0.016453   -0.049023   -0.436411
 87   42.233082    0.000000   -0.000011    0.007944    0.000312    0.098283
 88   42.352295   -0.000031    0.000002    0.053439    0.032165    0.661153
 89   42.391769    0.000000   -0.000002    0.022408    0.043365    0.503485
 90   42.497559   -0.000015   -0.000019    0.000912    0.024742    0.253458
 91   42.272583   -0.000008    0.000019   -0.002373    0.012697    0.132071
time 30
  0    0.000000    0.000000    0.000000    0.000000   -0.000000    0.000000
  1    0.000000    0.000000    0.000000    0.000000   -0.000000    0.000000
  2   -0.084996  -13.366573   20.359142    0.097972   -1.702552    1.488310
  3   50.309212   -0.435479    0.000001   -0.000017   -0.235673    0.014098
  4   30.891541   -0.000011   -0.000002    0.000017   -0.188924   -0.014097
  5   34.635590    0.000007   -0.000002   -0.000000   -0.249029   -0.000001
  6   30.584282    0.000018    0.000008   -0.000000   -0.467775    0.000001
  7   31.520187    0.000000    0.000008   -0.000000   -0.542862   -0.000001
  8   34.241188  -28.000034  -41.877991    0.979910   -0.457073    0.306696
  9   34.241112   23.441803  -41.878098   -0.979915   -0.457074   -0.306691
 10   35.246696  -52.543102    1.319153   -0.000000   -0.000000    0.564623
 11   35.246559   52.726322    1.318939   -0.000000   -0.000000   -0.564620
 12   34.830025  -24.891930   45.588623   -0.977825    0.464116    0.295003
 13   34.885780   27.636593   43.767838    0.977821    0.464114   -0.295002
 14   29.239319  -51.573360   94.292976    0.101513   -0.444593   -0.473365
 15   42.375061   -0.000005    0.000000   -0.085458   -0.073528   -0.006406
 16   42.546097    0.000036   -0.000004   -0.053018   -0.031572    0.025182
 17   42.234436    0.000019   -0.000011   -0.026915   -0.071396   -0.016276
 18   42.465027    0.000031    0.000023    0.071926   -0.419683   -0.381674
 19   42.458130   -0.000061   -0.000023    0.021571   -0.337121   -0.301760
 20   42.268005    0.000031   -0.000015    0.001236   -0.251745   -0.229927
 21   42.505905    0.000015    0.000000    0.156588   -0.594616   -0.686576
 22   42.233189   -0.000031    0.000015    0.008311   -0.002122   -0.002251
 23   42.352272    0.000000    0.000000    0.346271    0.615724    0.829714
 24   42.391815   -0.000015   -0.000031    0.044365    0.275331    0.260012
 25   42.497498    0.000046    0.000000    0.005108    0.108706    0.097862
 26   42.272858    0.000067   -0.000010    0.000284    0.061455    0.055142
 27   29.239334   55.382633   92.214966    1.578875   -0.342635    0.395701
 28   42.375076   -0.000008   -0.000011    0.032227    0.049219    0.101820
 29   42.546082    0.000000    0.000000    0.024882    0.052001    0.117411
 30   42.234451    0.000080   -0.000015    0.019685    0.082913    0.161642
 31   42.465027   -0.000031    0.000000    0.057945    0.295647    0.373878
 32   42.458069    0.000038   -0.000015    0.043470    0.193865    0.238942
 33   42.267899   -0.000015    0.000000    0.058175    0.254785    0.296115
 34   42.506012    0.000046    0.000000    0.287866    0.583863    0.790042
 35   42.233078   -0.000031    0.000000   -0.012733   -0.063386   -0.066578
 36   42.352242   -0.000153    0.000076    0.251974   -0.619702   -0.838484
 37   42.391693    0.000046    0.000000    0.035267   -0.221089   -0.252686
 38   42.497711    0.000053   -0.000015    0.010303   -0.093807   -0.103413
 39   42.272705    0.000112   -0.000012    0.005874   -0.054031   -0.058724
 40   29.239349  106.746666    1.740834   -0.015501    0.017186    0.962126
 41   42.375069    0.000015   -0.000003    0.002758    0.067759   -0.142524
 42   42.546097   -0.000011   -0.000004    0.016742    0.054181   -0.203007
 43   42.234467    0.000023   -0.000008   -0.034152    0.009380    0.256939
 44   42.465088    0.000008   -0.000011   -0.069933   -0.024639    0.503361
 45   42.458145    0.000031    0.000000   -0.035833   -0.029842    0.337129
 46   42.267960    0.000000    0.000004   -0.057773   -0.078081    0.794821
 47   42.505898   -0.000031    0.000008    0.005410   -0.061346    0.483693
 48   42.233116    0.000000   -0.000017   -0.005254    0.001486   -0.076445
 49   42.352245   -0.000031    0.000002   -0.042531    0.045148   -0.630285
 50   42.391647    0.000000   -0.000002   -0.011031    0.050688   -0.528270
 51   42.497650    0.000023   -0.000010    0.006723    0.024630   -0.262002
 52   42.272644    0.000034   -0.000001    0.006544    0.011898   -0.140348
 53   23.224213   50.706913  -85.266457   -1.077624    1.181183    1.116971
 54   42.375114    0.000004    0.000019   -0.032553    0.044431   -0.135122
 55   42.546066    0.000034    0.000015   -0.028115    0.107210   -0.184730
 56   42.234512   -0.000042    0.000008   -0.025482   -0.005645   -0.033018
 57   42.464996    0.000069    0.000000   -0.102282   -0.373273    0.358036
 58   42.458115    0.000038   -0.000008   -0.102327   -0.416796    0.373749
 59   42.267975   -0.000153    0.000000   -0.023506   -0.197051    0.155421
 60   42.505997    0.000092   -0.000031   -0.043855   -0.416930    0.344387
 61   42.233131   -0.000061    0.000000   -0.028262    0.225832   -0.186369
 62   42.352280    0.000000    0.000000   -0.148886    0.519704   -0.473077
 63   42.391693    0.000008    0.000015   -0.019927    0.188414   -0.145885
 64   42.497620    0.000076   -0.000010   -0.004904    0.093143   -0.070373
 65   42.272736    0.000029    0.000004   -0.002367    0.022551   -0.016921
 66   29.239319  -56.044891  -91.389053   -0.774696    1.150317   -1.389190
 67   42.375092    0.000008    0.000008    0.063266   -0.199592    0.088739
 68   42.546112    0.000000    0.000031    0.024686   -0.210485    0.146619
 69   42.234467    0.000046   -0.000004    0.028866    0.035265   -0.060858
 70   42.464996   -0.000023    0.000008   -0.087123    0.391080   -0.491288
 71   42.458115    0.000023   -0.000008   -0.047716    0.287606   -0.362622
 72   42.267914   -0.000046   -0.000031   -0.020970    0.177331   -0.220598
 73   42.505936    0.000076   -0.000015   -0.088701    0.304562   -0.392847
 74   42.233124    0.000031   -0.000031   -0.050562   -0.337043    0.415492
 75   42.352158   -0.000015    0.000000   -0.060021   -0.351266    0.456236
 76   42.391815   -0.000034   -0.000023   -0.000637   -0.127294    0.161764
 77   42.497528    0.000030   -0.000009    0.001770   -0.057878    0.074454
 78   42.272675   -0.000046   -0.000023    0.002140   -0.010316    0.013350
 79   29.239315 -106.786255    1.740903    0.014678   -0.077855   -1.071425
 80   42.375099    0.000000   -0.000007    0.016961    0.114729    0.215254
 81   42.546036   -0.000019    0.000004   -0.007867    0.084605    0.231663
 82   42.234497   -0.000053   -0.000008    0.031758    0.004376   -0.271130
 83   42.465088    0.000008    0.000000    0.060220   -0.038849   -0.507220
 84   42.458130    0.000023   -0.000004    0.024924   -0.031854   -0.334799
 85   42.267868    0.000000   -0.000004    0.034259   -0.073754   -0.788920
 86   42.505989   -0.000031    0.000017   -0.014093   -0.049317   -0.488265
 87   42.233112   -0.000031   -0.000017    0.005649   -0.000812    0.078301
 88   42.352303   -0.000031    0.000007    0.046995    0.027161    0.639844
 89   42.391678    0.000000   -0.000004    0.022515    0.039834    0.525058
 90   42.497559    0.000008   -0.000014    0.001282    0.022871    0.260820
 91   42.272614    0.000013    0.000007   -0.002062    0.011887    0.137114
time 31
  0    0.000000    0.000000    0.000000    0.000000   -0.000000    0.000000
  1    0.000000    0.000000    0.000000    0.000000   -0.000000    0.000000
  2   -0.072289  -11.368270   15.418484    0.157715   -1.689195    1.427219
  3   50.309212   -0.435479    0.000006   -0.000017   -0.229740    0.014098
  4   30.891541   -0.000011    0.000000    0.000017   -0.187490   -0.014097
  5   34.635590    0.000006   -0.000002   -0.000000   -0.246303   -0.000001
  6   30.584282    0.000018    0.000008   -0.000000   -0.468615    0.000001
  7   31.520195   -0.000001    0.000000   -0.000000   -0.542101   -0.000001
  8   34.241192  -28.000032  -41.877991    0.979910   -0.457073    0.306696
  9   34.241146   23.441805  -41.878082   -0.979915   -0.457074   -0.306691
 10   35.246693  -52.543091    1.319153   -0.000000   -0.000000    0.564623
 11   35.246540   52.726318    1.318939   -0.000000    0.000000   -0.564620
 12   34.830013  -24.891928   45.588623   -0.977825    0.464116    0.295003
 13   34.885769   27.636587   43.767838    0.977821    0.464114   -0.295002
 14   29.239311  -51.573364   94.292953    0.104082   -0.473575   -0.480533
 15   42.375069   -0.000006   -0.000008   -0.087134   -0.063730   -0.005197
 16   42.546082    0.000027    0.000000   -0.053570   -0.020564    0.026111
 17   42.234451    0.000019   -0.000004   -0.028431   -0.050300   -0.005332
 18   42.464966    0.000023    0.000000    0.065600   -0.399252   -0.363360
 19   42.458069   -0.000069    0.000000    0.032877   -0.364743   -0.333654
 20   42.267914    0.000015   -0.000031    0.000278   -0.239180   -0.220040
 21   42.505920   -0.000015   -0.000015    0.149049   -0.580673   -0.667601
 22   42.233189    0.000000   -0.000076    0.004296   -0.051300   -0.054376
 23   42.352234    0.000061   -0.000031    0.332082    0.603972    0.812651
 24   42.391815   -0.000092   -0.000015    0.051628    0.294454    0.283664
 25   42.497559   -0.000034   -0.000015    0.005460    0.111350    0.101455
 26   42.272736    0.000000   -0.000021    0.000354    0.062532    0.056771
 27   29.239334   55.382626   92.214973    1.573091   -0.363799    0.376994
 28   42.375061    0.000000    0.000004    0.035469    0.048873    0.095861
 29   42.546097   -0.000015    0.000010    0.027609    0.053999    0.109795
 30   42.234467    0.000065   -0.000019    0.021301    0.074692    0.141351
 31   42.465073   -0.000023    0.000008    0.057292    0.288476    0.366848
 32   42.458054    0.000038   -0.000031    0.047407    0.210049    0.258930
 33   42.267944   -0.000015    0.000000    0.049184    0.231111    0.266524
 34   42.506012    0.000076    0.000015    0.278413    0.584301    0.791144
 35   42.233082   -0.000031    0.000000   -0.010416   -0.002532   -0.005276
 36   42.352211   -0.000092    0.000015    0.251242   -0.610318   -0.829387
 37   42.391754    0.000076    0.000015    0.041799   -0.243866   -0.279570
 38   42.497650    0.000080   -0.000008    0.010576   -0.097656   -0.107350
 39   42.272644    0.000137   -0.000022    0.005819   -0.055731   -0.060400
 40   29.239353  106.746628    1.740835   -0.013752    0.010714    0.925549
 41   42.375084   -0.000011   -0.000005    0.001624    0.060852   -0.126121
 42   42.546127    0.000023    0.000000    0.014160    0.051607   -0.203975
 43   42.234467    0.000053   -0.000004   -0.025816    0.011469    0.218876
 44   42.465073   -0.000031   -0.000011   -0.067016   -0.020889    0.529929
 45   42.458130    0.000023   -0.000004   -0.031715   -0.025538    0.326170
 46   42.267883    0.000000    0.000002   -0.051617   -0.065265    0.753348
 47   42.505920    0.000031    0.000005    0.000707   -0.061884    0.552153
 48   42.233166   -0.000061   -0.000015   -0.003002   -0.000635   -0.050150
 49   42.352226    0.000000    0.000002   -0.036304    0.038243   -0.597408
 50   42.391693   -0.000031   -0.000007   -0.012104    0.047444   -0.557734
 51   42.497650    0.000008   -0.000013    0.006072    0.022950   -0.272535
 52   42.272705    0.000028   -0.000005    0.006175    0.011186   -0.147736
 53   24.221642   50.706909  -86.281677   -1.284999    1.102889    0.862833
 54   42.375084   -0.000013   -0.000004   -0.037890    0.020464   -0.098195
 55   42.546036    0.000019    0.000000   -0.029611    0.083005   -0.147623
 56   42.234512   -0.000027   -0.000038   -0.026576   -0.016919   -0.014346
 57   42.464996    0.000023    0.000031   -0.095792   -0.355642    0.341391
 58   42.458069    0.000061    0.000000   -0.104562   -0.417266    0.378394
 59   42.267975   -0.000046    0.000031   -0.026372   -0.214978    0.172094
 60   42.505936    0.000107   -0.000031   -0.048838   -0.427753    0.359517
 61   42.233200   -0.000046   -0.000031   -0.011583    0.154241   -0.127220
 62   42.352310    0.000000   -0.000031   -0.175604    0.548279   -0.521317
 63   42.391724    0.000084    0.000015   -0.024822    0.212496   -0.167533
 64   42.497620    0.000034    0.000030   -0.006081    0.109187   -0.083617
 65   42.272736    0.000050   -0.000011   -0.002334    0.029130   -0.022130
 66   29.239319  -56.044891  -91.389023   -0.507587    1.094973   -1.086909
 67   42.375099    0.000000    0.000006    0.076681   -0.146876    0.055113
 68   42.546097   -0.000008    0.000023    0.034769   -0.168562    0.115856
 69   42.234467    0.000050    0.000004    0.028708    0.040790   -0.062692
 70   42.464966   -0.000031    0.000000   -0.076024    0.372598   -0.464884
 71   42.458099    0.000015   -0.000008   -0.049033    0.297543   -0.376515
 72   42.267944   -0.000092    0.000000   -0.022456    0.190793   -0.239203
 73   42.505936    0.000046    0.000031   -0.089966    0.316204   -0.413509
 74   42.233173    0.000000    0.000015   -0.035587   -0.274044    0.335824
 75   42.352142   -0.000046    0.000015   -0.082619   -0.391027    0.517016
 76   42.391815   -0.000015   -0.000046   -0.003399   -0.144765    0.183877
 77   42.497589    0.000008    0.000004    0.001064   -0.068812    0.088348
 78   42.272614   -0.000038    0.000029    0.002141   -0.014884    0.019217
 79   29.239319 -106.786270    1.740908    0.013099   -0.075281   -1.058899
 80   42.375076   -0.000008   -0.000003    0.015391    0.102408    0.202610
 81   42.546021   -0.000004    0.000004   -0.005869    0.079920    0.239452
 82   42.234528    0.000008   -0.000011    0.024701    0.007652   -0.239206
 83   42.465073   -0.000008   -0.000008    0.057586   -0.035298   -0.531036
 84   42.458054    0.000031   -0.000002    0.021981   -0.027833   -0.326551
 85   42.267883    0.000015   -0.000011    0.030415   -0.062917   -0.756147
 86   42.505989   -0.000031    0.000020   -0.011293   -0.048653   -0.542497
 87   42.233059    0.000000   -0.000006    0.003628   -0.001760    0.057133
 88   42.352310   -0.000092    0.000009    0.040502    0.022507    0.614493
 89   42.391800    0.000000    0.000003    0.022314    0.036087    0.548227
 90   42.497589   -0.000023   -0.000013    0.001584    0.020931    0.268985
 91   42.272552   -0.000004    0.000023   -0.001771    0.011031    0.142817
time 32
  0    0.000000    0.000000    0.000000    0.000000   -0.000000    0.000000
  1    0.000000    0.000000    0.000000    0.000000   -0.000000    0.000000
  2   -0.059837   -9.410068   10.576971    0.223458   -1.676138    1.359995
  3   50.309204   -0.435479    0.000005   -0.000017   -0.224160    0.014098
  4   30.891537   -0.000011   -0.000001    0.000017   -0.186140   -0.014097
  5   34.635597    0.000007   -0.000008   -0.000000   -0.243740   -0.000001
  6   30.584282    0.000017   -0.000008   -0.000000   -0.469287    0.000001
  7   31.520180   -0.000000    0.000000   -0.000000   -0.541384   -0.000001
  8   34.241196  -28.000034  -41.878021    0.979910   -0.457073    0.306696
  9   34.241119   23.441801  -41.878098   -0.979915   -0.457074   -0.306691
 10   35.246712  -52.543091    1.319138   -0.000000    0.000000    0.564623
 11   35.246536   52.726318    1.318939   -0.000000    0.000000   -0.564620
 12   34.830032  -24.891928   45.588608   -0.977825    0.464116    0.295002
 13   34.885788   27.636589   43.767822    0.977821    0.464114   -0.295002
 14   29.239319  -51.573338   94.292900    0.105474   -0.502357   -0.487376
 15   42.375076   -0.000002    0.000019   -0.088670   -0.054024   -0.004101
 16   42.546112    0.000031    0.000004   -0.053978   -0.010433    0.026927
 17   42.234451    0.000008   -0.000004   -0.029597   -0.031421    0.004250
 18   42.465012    0.000011    0.000015    0.057701   -0.374388   -0.341912
 19   42.458069   -0.000069   -0.000031    0.045711   -0.391208   -0.367354
 20   42.267960    0.000000   -0.000015    0.000453   -0.232234   -0.216256
 21   42.505875   -0.000046   -0.000031    0.137478   -0.559170   -0.639519
 22   42.233231    0.000000   -0.000061    0.003289   -0.099906   -0.106300
 23   42.352261    0.000000   -0.000031    0.314403    0.589741    0.791173
 24   42.391754   -0.000061    0.000000    0.059134    0.312639    0.308248
 25   42.497559    0.000004   -0.000023    0.005764    0.113679    0.105189
 26   42.272766    0.000049   -0.000011    0.000407    0.063445    0.058486
 27   29.239334   55.382607   92.214905    1.567787   -0.385602    0.360344
 28   42.375076   -0.000015    0.000008    0.038344    0.048481    0.090309
 29   42.546082   -0.000027    0.000015    0.030115    0.055315    0.102603
 30   42.234482    0.000076   -0.000011    0.022796    0.067490    0.122220
 31   42.465027   -0.000038    0.000008    0.056008    0.278851    0.355522
 32   42.458038    0.000015    0.000000    0.052286    0.227735    0.281106
 33   42.267883   -0.000031    0.000046    0.043765    0.215316    0.247139
 34   42.505997    0.000061    0.000000    0.258855    0.575972    0.771535
 35   42.233086   -0.000031    0.000000   -0.006655    0.054008    0.053815
 36   42.352234   -0.000092    0.000000    0.246154   -0.597191   -0.812346
 37   42.391632    0.000061    0.000015    0.048799   -0.265287   -0.305228
 38   42.497681    0.000034    0.000015    0.010809   -0.101091   -0.110793
 39   42.272705    0.000099   -0.000027    0.005750   -0.057249   -0.061857
 40   29.239346  106.746605    1.740833   -0.012017    0.003465    0.894090
 41   42.375069    0.000015   -0.000003    0.000623    0.054752   -0.113142
 42   42.546097   -0.000015   -0.000002    0.011479    0.048786   -0.203612
 43   42.234436   -0.000008    0.000002   -0.018627    0.013134    0.181505
 44   42.465057    0.000031    0.000000   -0.062359   -0.017122    0.551110
 45   42.458054    0.000000    0.000006   -0.028218   -0.021984    0.321605
 46   42.267960    0.000000    0.000002   -0.044606   -0.053263    0.706257
 47   42.505867    0.000000    0.000008   -0.004030   -0.060044    0.619512
 48   42.233109    0.000031   -0.000013   -0.001167   -0.002456   -0.022816
 49   42.352249    0.000000    0.000004   -0.030136    0.031548   -0.560101
 50   42.391632    0.000000   -0.000007   -0.012897    0.043513   -0.587624
 51   42.497589   -0.000023   -0.000016    0.005345    0.021096   -0.283922
 52   42.272766   -0.000008    0.000001    0.005729    0.010388   -0.155865
 53   25.159824   50.706905  -87.236641   -1.410041    1.010501    0.694925
 54   42.375092   -0.000015    0.000004   -0.043168   -0.002457   -0.057657
 55   42.546066    0.000038    0.000011   -0.031398    0.059179   -0.110085
 56   42.234528   -0.000038   -0.000015   -0.027451   -0.024649    0.000217
 57   42.464966    0.000034    0.000000   -0.087248   -0.332484    0.319738
 58   42.458054    0.000031    0.000008   -0.104032   -0.410140    0.376377
 59   42.267990   -0.000076    0.000000   -0.030581   -0.236352    0.192873
 60   42.505951    0.000137   -0.000015   -0.056023   -0.441763    0.379547
 61   42.233143   -0.000046    0.000000   -0.001033    0.096813   -0.080406
 62   42.352257    0.000015    0.000000   -0.191558    0.559917   -0.551328
 63   42.391693    0.000092    0.000008   -0.030792    0.237174   -0.191341
 64   42.497589    0.000051    0.000006   -0.007628    0.125339   -0.097676
 65   42.272736    0.000040    0.000034   -0.002369    0.035622   -0.027504
 66   29.239326  -56.044861  -91.389015   -0.324433    1.015250   -0.872907
 67   42.375076   -0.000010   -0.000006    0.086786   -0.091584    0.022887
 68   42.546082    0.000008    0.000027    0.042248   -0.129689    0.087898
 69   42.234467    0.000019    0.000000    0.028622    0.043268   -0.061869
 70   42.464996   -0.000038   -0.000004   -0.062608    0.347635   -0.429559
 71   42.458084    0.000015   -0.000008   -0.048746    0.303495   -0.384704
 72   42.267899   -0.000031   -0.000031   -0.025331    0.208431   -0.263615
 73   42.505951    0.000061   -0.000031   -0.091426    0.327836   -0.434663
 74   42.233124    0.000061   -0.000015   -0.024932   -0.213904    0.262171
 75   42.352158   -0.000046    0.000000   -0.104195   -0.420052    0.566264
 76   42.391754   -0.000008   -0.000015   -0.006953   -0.162970    0.207094
 77   42.497498    0.000026   -0.000031    0.000067   -0.080721    0.103452
 78   42.272675   -0.000031    0.000000    0.002102   -0.019794    0.025493
 79   29.239319 -106.786232    1.740903    0.011515   -0.072713   -1.045703
 80   42.375069   -0.000004   -0.000007    0.013943    0.090718    0.190580
 81   42.546051   -0.000008    0.000004   -0.003864    0.074561    0.245267
 82   42.234512   -0.000015   -0.000004    0.018400    0.010518   -0.205890
 83   42.465042    0.000008    0.000002    0.054006   -0.031372   -0.553097
 84   42.458069    0.000046   -0.000002    0.019363   -0.024208   -0.321478
 85   42.267960    0.000015   -0.000010    0.026359   -0.052532   -0.718778
 86   42.505966   -0.000031    0.000014   -0.008199   -0.046814   -0.597482
 87   42.233078    0.000000   -0.000016    0.001905   -0.002521    0.034792
 88   42.352348    0.000000   -0.000001    0.034056    0.018269    0.585320
 89   42.391769   -0.000031   -0.000010    0.021678    0.032114    0.572457
 90   42.497589    0.000031   -0.000022    0.001799    0.018897    0.277928
 91   42.272491    0.000003    0.000007   -0.001501    0.010111    0.149179
time 33
  0    0.000000    0.000000    0.000000    0.000000   -0.000000    0.000000
  1    0.000000    0.000000    0.000000    0.000000   -0.000000    0.000000
  2   -0.047895   -7.532063    5.933741    0.293701   -1.663309    1.288171
  3   50.309216   -0.435479    0.000005   -0.000017   -0.218996    0.014098
  4   30.891544   -0.000010    0.000001    0.000017   -0.184892   -0.014097
  5   34.635597    0.000007    0.000002   -0.000000   -0.241368   -0.000001
  6   30.584297    0.000018   -0.000008   -0.000000   -0.469811    0.000001
  7   31.520187   -0.000000   -0.000008   -0.000000   -0.540721   -0.000001
  8   34.241196  -28.000031  -41.878006    0.979910   -0.457073    0.306696
  9   34.241127   23.441803  -41.878098   -0.979915   -0.457074   -0.306691
 10   35.246704  -52.543087    1.319138   -0.000000   -0.000000    0.564623
 11   35.246536   52.726318    1.318924   -0.000000   -0.000000   -0.564620
 12   34.830017  -24.891930   45.588608   -0.977825    0.464116    0.295002
 13   34.885773   27.636589   43.767822    0.977820    0.464114   -0.295002
 14   29.239321  -51.573372   94.292992    0.105506   -0.531015   -0.493833
 15   42.375092   -0.000011    0.000000   -0.090114   -0.044459   -0.003011
 16   42.546097    0.000023    0.000011   -0.054284   -0.000922    0.027918
 17   42.234451    0.000011   -0.000004   -0.030445   -0.014893    0.012460
 18   42.464996    0.000011   -0.000015    0.048992   -0.346688   -0.319127
 19   42.458130   -0.000069   -0.000019    0.059385   -0.414727   -0.401685
 20   42.268005    0.000031    0.000000    0.001339   -0.228321   -0.216339
 21   42.505920    0.000031   -0.000031    0.125507   -0.533708   -0.609233
 22   42.233185    0.000000   -0.000015    0.005417   -0.146050   -0.156817
 23   42.352276    0.000061    0.000000    0.293628    0.572926    0.766071
 24   42.391663   -0.000046    0.000000    0.066931    0.330007    0.334407
 25   42.497559    0.000031   -0.000015    0.006030    0.115729    0.109233
 26   42.272766    0.000086   -0.000054    0.000448    0.064195    0.060360
 27   29.239344   55.382614   92.214989    1.562875   -0.408179    0.346720
 28   42.375069    0.000008    0.000000    0.040824    0.048057    0.085247
 29   42.546082   -0.000008    0.000004    0.032334    0.055862    0.095734
 30   42.234482    0.000069   -0.000019    0.024078    0.061037    0.104448
 31   42.465057   -0.000023   -0.000004    0.054282    0.267510    0.340843
 32   42.458008    0.000023   -0.000023    0.058024    0.246165    0.304497
 33   42.267944   -0.000015    0.000000    0.040702    0.205951    0.235660
 34   42.506073    0.000092    0.000015    0.234202    0.561413    0.738913
 35   42.233131   -0.000061    0.000046   -0.001734    0.105538    0.109598
 36   42.352245   -0.000153    0.000092    0.238658   -0.582461   -0.791096
 37   42.391785    0.000031    0.000015    0.055932   -0.284855   -0.328997
 38   42.497620    0.000072   -0.000008    0.011006   -0.104182   -0.113821
 39   42.272614    0.000156   -0.000034    0.005668   -0.058615   -0.063138
 40   29.239355  106.746628    1.740837   -0.010325   -0.003979    0.869355
 41   42.375061    0.000004   -0.000005   -0.000226    0.049250   -0.104281
 42   42.546143    0.000015    0.000001    0.008858    0.045585   -0.202668
 43   42.234467    0.000031   -0.000004   -0.012875    0.014232    0.147633
 44   42.465088   -0.000015   -0.000011   -0.055965   -0.013576    0.564277
 45   42.458130    0.000000   -0.000006   -0.025221   -0.019028    0.324022
 46   42.267883    0.000031   -0.000002   -0.037267   -0.042419    0.657127
 47   42.505859    0.000000    0.000006   -0.008050   -0.055730    0.681495
 48   42.233131    0.000000   -0.000012    0.000212   -0.003886    0.005085
 49   42.352242   -0.000031    0.000002   -0.024262    0.025307   -0.520604
 50   42.391647    0.000061   -0.000002   -0.013165    0.038872   -0.616163
 51   42.497589    0.000000   -0.000012    0.004570    0.019014   -0.295693
 52   42.272766    0.000010    0.000001    0.005195    0.009462   -0.164374
 53   26.027987   50.706917  -88.120338   -1.480985    0.917210    0.586391
 54   42.375107   -0.000011   -0.000004   -0.047647   -0.022321   -0.017483
 55   42.546082    0.000031    0.000004   -0.033373    0.036758   -0.073478
 56   42.234528   -0.000031   -0.000004   -0.028188   -0.030800    0.013115
 57   42.465027    0.000015    0.000000   -0.077953   -0.306430    0.296179
 58   42.458069    0.000061   -0.000015   -0.099223   -0.392143    0.364101
 59   42.268021   -0.000092   -0.000031   -0.036735   -0.261983    0.219263
 60   42.505905    0.000092   -0.000015   -0.066186   -0.459399    0.406010
 61   42.233177   -0.000031    0.000000    0.004031    0.063042   -0.053085
 62   42.352242    0.000015    0.000000   -0.192833    0.554145   -0.558284
 63   42.391724    0.000046   -0.000046   -0.037469    0.260786   -0.216429
 64   42.497589    0.000038   -0.000013   -0.009079    0.136390   -0.108631
 65   42.272705    0.000008    0.000000   -0.002556    0.049136   -0.038720
 66   29.239321  -56.044891  -91.389046   -0.205993    0.928988   -0.728506
 67   42.375107    0.000000   -0.000008    0.092920   -0.039467   -0.005731
 68   42.546112    0.000000    0.000011    0.047597   -0.093099    0.061627
 69   42.234451    0.000015    0.000011    0.028553    0.045241   -0.060804
 70   42.465027   -0.000031    0.000019   -0.048729    0.318414   -0.389135
 71   42.458069    0.000061   -0.000031   -0.045327    0.301672   -0.381690
 72   42.267899   -0.000046   -0.000046   -0.030544    0.231944   -0.296281
 73   42.506042    0.000061    0.000000   -0.093556    0.339963   -0.456756
 74   42.233124    0.000031   -0.000031   -0.018779   -0.165287    0.203731
 75   42.352188    0.000061   -0.000015   -0.121272   -0.436958    0.599556
 76   42.391785   -0.000023   -0.000069   -0.011026   -0.180013    0.229063
 77   42.497559    0.000050    0.000002   -0.001182   -0.092515    0.118378
 78   42.272675    0.000000   -0.000006    0.002022   -0.024531    0.031514
 79   29.239313 -106.786263    1.740904    0.009952   -0.069844   -1.032093
 80   42.375092   -0.000011   -0.000003    0.012604    0.079610    0.179826
 81   42.546051   -0.000023    0.000008   -0.001971    0.068448    0.249133
 82   42.234528   -0.000053   -0.000010    0.013146    0.012677   -0.173890
 83   42.465103   -0.000046    0.000000    0.049148   -0.027054   -0.569809
 84   42.458115    0.000038    0.000000    0.017113   -0.021038   -0.321182
 85   42.267914    0.000046   -0.000006    0.022247   -0.042814   -0.678660
 86   42.505959    0.000000    0.000012   -0.005087   -0.043633   -0.650567
 87   42.233055    0.000031   -0.000012    0.000526   -0.003075    0.011618
 88   42.352310    0.000031   -0.000005    0.027835    0.014510    0.553419
 89   42.391678    0.000061   -0.000004    0.020481    0.027943    0.596684
 90   42.497559    0.000023   -0.000024    0.001906    0.016747    0.287410
 91   42.272522    0.000016    0.000021   -0.001254    0.009099    0.156019
time 34
  0    0.000000    0.000000    0.000000    0.000000   -0.000000    0.000000
  1    0.000000    0.000000    0.000000    0.000000   -0.000000    0.000000
  2   -0.036718   -5.774358    1.587946    0.366943   -1.650630    1.213279
  3   50.309212   -0.435479    0.000004   -0.000017   -0.214313    0.014098
  4   30.891544   -0.000011    0.000001    0.000017   -0.183760   -0.014097
  5   34.635605    0.000006   -0.000002   -0.000000   -0.239217   -0.000001
  6   30.584282    0.000017    0.000000   -0.000000   -0.470204    0.000001
  7   31.520187   -0.000001   -0.000008   -0.000000   -0.540120   -0.000001
  8   34.241196  -28.000031  -41.878006    0.979910   -0.457073    0.306696
  9   34.241127   23.441799  -41.878082   -0.979915   -0.457074   -0.306691
 10   35.246696  -52.543087    1.319138   -0.000000   -0.000000    0.564623
 11   35.246536   52.726311    1.318924   -0.000000   -0.000000   -0.564620
 12   34.830017  -24.891926   45.588600   -0.977825    0.464116    0.295003
 13   34.885773   27.636585   43.767815    0.977821    0.464114   -0.295002
 14   29.239315  -51.573360   94.292953    0.104095   -0.559567   -0.499918
 15   42.375053    0.000002   -0.000004   -0.091494   -0.035033   -0.001799
 16   42.546066    0.000021    0.000004   -0.054510    0.008233    0.029370
 17   42.234497    0.000015   -0.000004   -0.031001   -0.000749    0.019379
 18   42.464981    0.000008    0.000000    0.040220   -0.318030   -0.296760
 19   42.458038   -0.000050    0.000004    0.072955   -0.433817   -0.435323
 20   42.267899    0.000061   -0.000015    0.002874   -0.226835   -0.219969
 21   42.505936   -0.000015    0.000000    0.114298   -0.505665   -0.579144
 22   42.233139    0.000000   -0.000015    0.010489   -0.187727   -0.204588
 23   42.352306    0.000031    0.000000    0.270867    0.554109    0.739081
 24   42.391724   -0.000107   -0.000015    0.074473    0.345459    0.361234
 25   42.497467    0.000015   -0.000015    0.006233    0.117351    0.113550
 26   42.272766    0.000074   -0.000061    0.000476    0.064718    0.062383
 27   29.239342   55.382610   92.214966    1.558278   -0.431577    0.336908
 28   42.375061    0.000000   -0.000008    0.042909    0.047621    0.080697
 29   42.546051   -0.000015    0.000015    0.034211    0.055619    0.089060
 30   42.234451    0.000084   -0.000019    0.025094    0.054986    0.088054
 31   42.465027   -0.000038    0.000004    0.052333    0.255342    0.324131
 32   42.458069    0.000031    0.000004    0.064444    0.264607    0.328068
 33   42.267883   -0.000015    0.000031    0.038925    0.200423    0.228683
 34   42.506027    0.000092    0.000092    0.209788    0.544175    0.702400
 35   42.233070   -0.000061    0.000031    0.003984    0.151064    0.160380
 36   42.352211   -0.000031    0.000092    0.229547   -0.567246   -0.767299
 37   42.391724    0.000076    0.000031    0.063083   -0.302906   -0.351171
 38   42.497681    0.000061   -0.000015    0.011175   -0.107044   -0.116569
 39   42.272614    0.000200   -0.000005    0.005585   -0.059883   -0.064293
 40   29.239347  106.746666    1.740832   -0.008690   -0.010954    0.852562
 41   42.375069    0.000011   -0.000005   -0.000946    0.044097   -0.099840
 42   42.546097   -0.000011    0.000001    0.006432    0.041894   -0.202156
 43   42.234436    0.000000   -0.000004   -0.008496    0.014666    0.117973
 44   42.465057   -0.000023   -0.000002   -0.048408   -0.010470    0.570968
 45   42.458084    0.000023   -0.000002   -0.022354   -0.016372    0.331560
 46   42.267914    0.000015    0.000004   -0.030082   -0.032933    0.609377
 47   42.505936    0.000000    0.000006   -0.010741   -0.049317    0.734889
 48   42.233124   -0.000031   -0.000014    0.001130   -0.004854    0.033164
 49   42.352219   -0.000031    0.000003   -0.018902    0.019696   -0.481259
 50   42.391708   -0.000031   -0.000004   -0.012766    0.033631   -0.641959
 51   42.497681    0.000015   -0.000010    0.003780    0.016685   -0.307329
 52   42.272736    0.000016    0.000000    0.004522    0.008293   -0.170842
 53   26.815331   50.706898  -88.921715   -1.510657    0.839285    0.529225
 54   42.375092   -0.000019    0.000002   -0.049904   -0.031959    0.012102
 55   42.546066    0.000023    0.000019   -0.034996    0.022784   -0.045292
 56   42.234543   -0.000038    0.000008   -0.028514   -0.032755    0.022169
 57   42.465012    0.000046   -0.000015   -0.069935   -0.282183    0.275840
 58   42.458099    0.000031   -0.000015   -0.093827   -0.371786    0.350793
 59   42.267960   -0.000076   -0.000046   -0.044437   -0.287772    0.248570
 60   42.505905    0.000092   -0.000031   -0.077050   -0.473646    0.432218
 61   42.233139   -0.000031   -0.000061    0.006694    0.042759   -0.036650
 62   42.352264    0.000000    0.000031   -0.183599    0.536865   -0.549329
 63   42.391724    0.000061   -0.000031   -0.043880    0.279836   -0.239972
 64   42.497650    0.000038   -0.000015   -0.010559    0.145209   -0.118793
 65   42.272736    0.000038   -0.000027   -0.002813    0.054533   -0.044083
 66   29.239321  -56.044868  -91.389023   -0.138824    0.855416   -0.643804
 67   42.375084   -0.000004    0.000004    0.095449   -0.002797   -0.022821
 68   42.546112   -0.000004    0.000023    0.050674   -0.065114    0.043105
 69   42.234467    0.000023   -0.000031    0.028627    0.045184   -0.057669
 70   42.464996   -0.000023    0.000008   -0.037235    0.291225   -0.352561
 71   42.458160    0.000046   -0.000008   -0.041184    0.296919   -0.374426
 72   42.267929   -0.000046   -0.000015   -0.036765    0.256064   -0.330190
 73   42.506012    0.000031   -0.000015   -0.095634    0.350949   -0.477024
 74   42.233139    0.000031    0.000000   -0.014937   -0.125334    0.155701
 75   42.352188    0.000031    0.000015   -0.131429   -0.442409    0.614818
 76   42.391815   -0.000031   -0.000038   -0.015431   -0.195613    0.249401
 77   42.497559    0.000008   -0.000008   -0.002666   -0.104098    0.133006
 78   42.272736   -0.000027   -0.000031    0.001903   -0.029127    0.037315
 79   29.239313 -106.786263    1.740904    0.008425   -0.066273   -1.018445
 80   42.375092   -0.000015   -0.000001    0.011341    0.068973    0.170922
 81   42.546066   -0.000004    0.000006   -0.000313    0.061537    0.251323
 82   42.234512    0.000008   -0.000010    0.008980    0.013969   -0.144416
 83   42.465057   -0.000031   -0.000002    0.043184   -0.022561   -0.580663
 84   42.458069    0.000015   -0.000002    0.015079   -0.018162   -0.325406
 85   42.267914    0.000015   -0.000006    0.018231   -0.033942   -0.637697
 86   42.505890   -0.000031    0.000019   -0.002270   -0.039154   -0.699564
 87   42.233059    0.000000   -0.000010   -0.000487   -0.003409   -0.012179
 88   42.352272   -0.000061    0.000004    0.022023    0.011250    0.520041
 89   42.391739   -0.000061   -0.000007    0.018679    0.023661    0.619960
 90   42.497650    0.000015   -0.000021    0.001893    0.014485    0.297169
 91   42.272583    0.000016    0.000018   -0.001031    0.007989    0.163144
time 35
  0    0.000000    0.000000    0.000000    0.000000   -0.000000    0.000000
  1    0.000000    0.000000    0.000000    0.000000   -0.000000    0.000000
  2   -0.026561   -4.177054   -2.361275    0.441686   -1.638027    1.136853
  3   50.309212   -0.435479    0.000004   -0.000017   -0.210175    0.014098
  4   30.891544   -0.000011   -0.000002    0.000017   -0.182759   -0.014097
  5   34.635605    0.000006    0.000002   -0.000000   -0.237316   -0.000001
  6   30.584297    0.000017    0.000004   -0.000000   -0.470486    0.000001
  7   31.520187   -0.000001    0.000008   -0.000000   -0.539589   -0.000001
  8   34.241196  -28.000034  -41.878021    0.979910   -0.457073    0.306696
  9   34.241119   23.441801  -41.878098   -0.979915   -0.457074   -0.306691
 10   35.246689  -52.543087    1.319138   -0.000000   -0.000000    0.564623
 11   35.246536   52.726318    1.318924   -0.000000   -0.000000   -0.564620
 12   34.830017  -24.891930   45.588608   -0.977825    0.464116    0.295003
 13   34.885765   27.636585   43.767830    0.977821    0.464114   -0.295002
 14   29.239321  -51.573357   94.292938    0.101278   -0.588007   -0.505753
 15   42.375069   -0.000010    0.000000   -0.092826   -0.025676   -0.000306
 16   42.546066    0.000025    0.000004   -0.054650    0.017305    0.031587
 17   42.234451    0.000019   -0.000011   -0.031294    0.010998    0.025092
 18   42.464996    0.000000    0.000008    0.032017   -0.290380   -0.276456
 19   42.458069   -0.000076    0.000008    0.085374   -0.447490   -0.466966
 20   42.267899    0.000000   -0.000015    0.004982   -0.227034   -0.226673
 21   42.505951    0.000000   -0.000015    0.104706   -0.476674   -0.551396
 22   42.233162    0.000031   -0.000046    0.017911   -0.222869   -0.247935
 23   42.352264    0.000000   -0.000031    0.247611    0.534361    0.712543
 24   42.391693   -0.000015   -0.000015    0.080960    0.357703    0.387246
 25   42.497498    0.000015   -0.000008    0.006340    0.118347    0.118002
 26   42.272858    0.000029   -0.000043    0.000479    0.064926    0.064506
 27   29.239336   55.382614   92.214966    1.553865   -0.455795    0.331578
 28   42.375069    0.000015   -0.000015    0.044612    0.047168    0.076631
 29   42.546097   -0.000004    0.000004    0.035711    0.054564    0.082410
 30   42.234482    0.000065   -0.000027    0.025825    0.048971    0.072940
 31   42.465027   -0.000023    0.000008    0.050375    0.243306    0.306911
 32   42.458099    0.000027    0.000015    0.071303    0.282465    0.350873
 33   42.267883    0.000000    0.000000    0.038120    0.198173    0.225416
 34   42.506027    0.000092    0.000015    0.187449    0.525754    0.665495
 35   42.233070   -0.000031    0.000000    0.009964    0.189378    0.204122
 36   42.352238   -0.000092    0.000031    0.219987   -0.552916   -0.743326
 37   42.391724    0.000107    0.000015    0.069644   -0.318542   -0.370425
 38   42.497620    0.000069   -0.000011    0.011298   -0.109575   -0.118911
 39   42.272614    0.000185   -0.000024    0.005496   -0.061010   -0.065284
 40   29.239347  106.746605    1.740839   -0.007114   -0.016732    0.844644
 41   42.375069    0.000011   -0.000006   -0.001561    0.039008   -0.099904
 42   42.546143    0.000000   -0.000002    0.004304    0.037606   -0.203266
 43   42.234497    0.000008   -0.000001   -0.005342    0.014325    0.093035
 44   42.465073    0.000000   -0.000002   -0.040245   -0.007898    0.573254
 45   42.458145   -0.000008    0.000000   -0.019328   -0.013805    0.342130
 46   42.267975    0.000015    0.000003   -0.023410   -0.024874    0.566231
 47   42.505981    0.000000    0.000007   -0.011760   -0.041452    0.777385
 48   42.233177   -0.000031   -0.000015    0.001604   -0.005282    0.060553
 49   42.352219   -0.000092    0.000002   -0.014229    0.014838   -0.444866
 50   42.391708   -0.000031   -0.000003   -0.011659    0.027980   -0.663785
 51   42.497620    0.000000   -0.000011    0.003007    0.014121   -0.318130
 52   42.272705    0.000003    0.000000    0.003781    0.006996   -0.176399
 53   27.511105   50.706898  -89.629974   -1.510285    0.786485    0.514395
 54   42.375084   -0.000023   -0.000011   -0.049609   -0.027970    0.024901
 55   42.546051    0.000019    0.000013   -0.035810    0.021931   -0.031340
 56   42.234528   -0.000027    0.000011   -0.028236   -0.028391    0.025154
 57   42.464966    0.000061    0.000000   -0.064179   -0.263145    0.262242
 58   42.458069    0.000023    0.000004   -0.091007   -0.357375    0.345410
 59   42.267960   -0.000092    0.000031   -0.052615   -0.309250    0.277179
 60   42.505920    0.000061    0.000031   -0.086281   -0.479847    0.452768
 61   42.233101   -0.000061    0.000000    0.008452    0.027609   -0.024141
 62   42.352272    0.000031    0.000000   -0.166897    0.510651   -0.528543
 63   42.391724    0.000015    0.000031   -0.049502    0.293613   -0.261200
 64   42.497559    0.000038    0.000008   -0.012161    0.152929   -0.129176
 65   42.272675   -0.000010    0.000011   -0.003161    0.059519   -0.049593
 66   29.239317  -56.044876  -91.389038   -0.107934    0.806238   -0.604950
 67   42.375076   -0.000002   -0.000011    0.096332    0.012272   -0.024747
 68   42.546097   -0.000004    0.000031    0.052113   -0.050944    0.037026
 69   42.234467    0.000034   -0.000004    0.028948    0.041457   -0.050653
 70   42.464996   -0.000038    0.000000   -0.029316    0.270668   -0.325485
 71   42.458130    0.000038   -0.000008   -0.038871    0.295164   -0.371309
 72   42.267883   -0.000046    0.000000   -0.042264    0.275900   -0.358315
 73   42.505966    0.000122    0.000031   -0.097019    0.359466   -0.492954
 74   42.233109    0.000031   -0.000031   -0.012407   -0.092430    0.115726
 75   42.352135   -0.000092    0.000000   -0.131612   -0.434979    0.606886
 76   42.391815    0.000015    0.000015   -0.020406   -0.211290    0.270104
 77   42.497528    0.000027    0.000025   -0.004205   -0.114210    0.145700
 78   42.272705    0.000015   -0.000015    0.001497   -0.040319    0.051513
 79   29.239307 -106.786285    1.740901    0.006937   -0.061515   -1.005269
 80   42.375092   -0.000015   -0.000002    0.010104    0.058633    0.164361
 81   42.546066    0.000004    0.000008    0.000998    0.053799    0.252380
 82   42.234512   -0.000015   -0.000002    0.005831    0.014277   -0.118075
 83   42.465088   -0.000015   -0.000002    0.036452   -0.018128   -0.586537
 84   42.458069    0.000015   -0.000001    0.013073   -0.015389   -0.333090
 85   42.267914    0.000015   -0.000001    0.014433   -0.026045   -0.597822
 86   42.505981   -0.000031    0.000019   -0.000039   -0.033586   -0.742610
 87   42.233116   -0.000031   -0.000008   -0.001131   -0.003504   -0.036338
 88   42.352295   -0.000031    0.000003    0.016781    0.008476    0.486627
 89   42.391693   -0.000031   -0.000001    0.016308    0.019375    0.641432
 90   42.497528    0.000008   -0.000012    0.001761    0.012133    0.306883
 91   42.272583    0.000011    0.000014   -0.000833    0.006787    0.170304
time 36
  0    0.000000    0.000000    0.000000    0.000000   -0.000000    0.000000
  1    0.000000    0.000000    0.000000    0.000000   -0.000000    0.000000
  2   -0.017679   -2.780247   -5.814777    0.516425   -1.625423    1.060429
  3   50.309216   -0.435479    0.000004   -0.000017   -0.206645    0.014098
  4   30.891537   -0.000011    0.000002    0.000017   -0.181905   -0.014097
  5   34.635605    0.000007    0.000000   -0.000000   -0.235694   -0.000001
  6   30.584274    0.000019    0.000008   -0.000000   -0.470675    0.000001
  7   31.520195    0.000001    0.000008   -0.000000   -0.539136   -0.000001
  8   34.241203  -28.000034  -41.878021    0.979910   -0.457073    0.306696
  9   34.241135   23.441799  -41.878098   -0.979915   -0.457074   -0.306691
 10   35.246712  -52.543087    1.319138   -0.000000    0.000000    0.564623
 11   35.246544   52.726315    1.318924   -0.000000   -0.000000   -0.564620
 12   34.830032  -24.891926   45.588608   -0.977825    0.464116    0.295003
 13   34.885788   27.636589   43.767830    0.977821    0.464114   -0.295002
 14   29.239323  -51.573360   94.293015    0.097238   -0.616337   -0.511622
 15   42.375076    0.000002    0.000015   -0.094106   -0.016264    0.001677
 16   42.546082    0.000023    0.000008   -0.054680    0.026569    0.034902
 17   42.234497    0.000023    0.000023   -0.031354    0.020334    0.029645
 18   42.464996    0.000031    0.000008    0.024834   -0.265528   -0.259651
 19   42.458038   -0.000061    0.000038    0.095744   -0.455405   -0.495622
 20   42.267990    0.000015    0.000015    0.007528   -0.227974   -0.235717
 21   42.505875    0.000000    0.000000    0.097325   -0.448494   -0.527913
 22   42.233185    0.000000   -0.000046    0.026667   -0.249607   -0.284872
 23   42.352295    0.000031   -0.000046    0.225593    0.515254    0.689410
 24   42.391724   -0.000061   -0.000031    0.085390    0.365345    0.410379
 25   42.497498    0.000023    0.000008    0.006309    0.118468    0.122344
 26   42.272675    0.000015   -0.000023    0.000454    0.064720    0.066628
 27   29.239334   55.382614   92.214989    1.549396   -0.480819    0.331337
 28   42.375069    0.000008    0.000000    0.045951    0.046660    0.072985
 29   42.546097   -0.000004    0.000004    0.036810    0.052592    0.075534
 30   42.234497    0.000088   -0.000015    0.026281    0.042681    0.058966
 31   42.465042   -0.000069   -0.000004    0.048618    0.232385    0.290786
 32   42.458099    0.000008   -0.000019    0.078332    0.299355    0.372184
 33   42.267899    0.000000    0.000008    0.038053    0.198601    0.225072
 34   42.506012    0.000061    0.000000    0.168423    0.507734    0.631135
 35   42.233093    0.000000    0.000046    0.015477    0.219191    0.238620
 36   42.352249   -0.000061    0.000031    0.211217   -0.540979   -0.721789
 37   42.391708    0.000092    0.000031    0.074832   -0.330704   -0.385118
 38   42.497650    0.000061   -0.000011    0.011345   -0.111605   -0.120668
 39   42.272614    0.000156    0.000004    0.005401   -0.061926   -0.066035
 40   29.239355  106.746605    1.740843   -0.005592   -0.020530    0.846365
 41   42.375084    0.000000   -0.000003   -0.002068    0.033647   -0.104520
 42   42.546112   -0.000008    0.000001    0.002535    0.032585   -0.207224
 43   42.234467   -0.000015   -0.000003   -0.003203    0.013114    0.073189
 44   42.465057   -0.000008   -0.000010   -0.031924   -0.005852    0.573361
 45   42.458069    0.000000   -0.000005   -0.015980   -0.011217    0.353709
 46   42.267883    0.000031    0.000001   -0.017439   -0.018171    0.530036
 47   42.505890   -0.000031    0.000006   -0.011118   -0.032870    0.808245
 48   42.233131    0.000092   -0.000011    0.001693   -0.005121    0.085950
 49   42.352230   -0.000031    0.000002   -0.010319    0.010759   -0.413937
 50   42.391693    0.000000   -0.000002   -0.009937    0.022147   -0.680948
 51   42.497589    0.000015   -0.000010    0.002274    0.011377   -0.327400
 52   42.272766   -0.000004    0.000001    0.003008    0.005627   -0.181239
 53   28.104538   50.706913  -90.234047   -1.490873    0.755919    0.527856
 54   42.375099   -0.000015   -0.000004   -0.048194   -0.014270    0.024191
 55   42.546051    0.000029    0.000017   -0.036199    0.031136   -0.029613
 56   42.234528   -0.000046   -0.000004   -0.027591   -0.019413    0.023145
 57   42.465027    0.000065    0.000015   -0.059829   -0.248198    0.253942
 58   42.458069    0.000011   -0.000015   -0.089610   -0.346755    0.345622
 59   42.267990   -0.000076    0.000000   -0.061250   -0.327357    0.306085
 60   42.505905    0.000122   -0.000015   -0.094206   -0.480032    0.469412
 61   42.233170   -0.000031   -0.000031    0.009527    0.017062   -0.015257
 62   42.352264    0.000061    0.000000   -0.146967    0.479676   -0.502310
 63   42.391724    0.000031    0.000000   -0.053673    0.301472   -0.279075
 64   42.497620    0.000046   -0.000008   -0.013801    0.159335   -0.139671
 65   42.272766    0.000020   -0.000011   -0.003595    0.064036   -0.055288
 66   29.239325  -56.044888  -91.389061   -0.097945    0.779301   -0.593230
 67   42.375084   -0.000004   -0.000010    0.097002    0.011254   -0.016296
 68   42.546127   -0.000010   -0.000006    0.052775   -0.048274    0.040618
 69   42.234467    0.000011   -0.000011    0.029432    0.034788   -0.040725
 70   42.464996   -0.000046   -0.000008   -0.023781    0.255423   -0.305453
 71   42.458130    0.000031   -0.000023   -0.037754    0.295370   -0.370804
 72   42.267944   -0.000061   -0.000023   -0.047627    0.293297   -0.383014
 73   42.505981    0.000076    0.000031   -0.098097    0.366087   -0.505100
 74   42.233139    0.000000    0.000000   -0.010849   -0.067294    0.084787
 75   42.352173   -0.000031    0.000015   -0.124425   -0.418864    0.582425
 76   42.391785    0.000031    0.000000   -0.025410   -0.225391    0.288940
 77   42.497589    0.000038   -0.000042   -0.005708   -0.122669    0.156228
 78   42.272827   -0.000013   -0.000004    0.001202   -0.045509    0.057971
 79   29.239311 -106.786293    1.740900    0.005483   -0.055008   -0.993225
 80   42.375099    0.000011   -0.000002    0.008814    0.048345    0.160564
 81   42.546051    0.000019    0.000003    0.001870    0.045203    0.253079
 82   42.234512   -0.000008   -0.000007    0.003575    0.013510   -0.095403
 83   42.465103   -0.000008    0.000000    0.029292   -0.013930   -0.588660
 84   42.458008    0.000046   -0.000008    0.010945   -0.012587   -0.342995
 85   42.267883    0.000015   -0.000010    0.010930   -0.019186   -0.560889
 86   42.505905    0.000000    0.000013    0.001401   -0.027256   -0.778267
 87   42.233040   -0.000031   -0.000006   -0.001421   -0.003340   -0.060356
 88   42.352329   -0.000031    0.000002    0.012227    0.006155    0.454835
 89   42.391785   -0.000061   -0.000009    0.013479    0.015194    0.660350
 90   42.497528    0.000015   -0.000022    0.001522    0.009729    0.316145
 91   42.272491    0.000018    0.000021   -0.000649    0.005445    0.175101
time 37
  0    0.000000    0.000000    0.000000    0.000000   -0.000000    0.000000
  1    0.000000    0.000000    0.000000    0.000000   -0.000000    0.000000
  2   -0.010327   -1.624038   -8.673421    0.589670   -1.612743    0.985535
  3   50.309219   -0.435479    0.000004   -0.000017   -0.203789    0.014098
  4   30.891541   -0.000011   -0.000001    0.000017   -0.181215   -0.014097
  5   34.635597    0.000007    0.000002   -0.000000   -0.234382   -0.000001
  6   30.584290    0.000017    0.000000   -0.000000   -0.470790    0.000001
  7   31.520187   -0.000000    0.000000   -0.000000   -0.538769   -0.000001
  8   34.241211  -28.000029  -41.878006    0.979910   -0.457073    0.306696
  9   34.241127   23.441797  -41.878098   -0.979915   -0.457074   -0.306691
 10   35.246704  -52.543079    1.319122   -0.000000   -0.000000    0.564623
 11   35.246544   52.726311    1.318924   -0.000000    0.000000   -0.564620
 12   34.830017  -24.891924   45.588600   -0.977825    0.464116    0.295003
 13   34.885773   27.636583   43.767815    0.977821    0.464114   -0.295002
 14   29.239311  -51.573360   94.292961    0.092340   -0.644616   -0.518030
 15   42.375076   -0.000006   -0.000008   -0.095315   -0.006604    0.004423
 16   42.546082    0.000019   -0.000004   -0.054550    0.036323    0.039712
 17   42.234482    0.000008    0.000000   -0.031227    0.027184    0.032997
 18   42.465012    0.000019    0.000019    0.018934   -0.244939   -0.247579
 19   42.458069   -0.000099   -0.000015    0.103525   -0.457834   -0.520830
 20   42.267944    0.000015   -0.000031    0.010301   -0.228564   -0.246066
 21   42.505951    0.000015   -0.000015    0.092535   -0.422759   -0.510341
 22   42.233154   -0.000031    0.000000    0.035438   -0.266507   -0.313244
 23   42.352280    0.000031    0.000031    0.206485    0.498661    0.672922
 24   42.391678   -0.000031   -0.000015    0.086738    0.367078    0.428248
 25   42.497528    0.000015   -0.000053    0.006097    0.117449    0.126234
 26   42.272705    0.000032   -0.000046    0.000389    0.063997    0.068615
 27   29.239326   55.382622   92.214943    1.544460   -0.506689    0.336811
 28   42.375069    0.000000   -0.000011    0.046939    0.046002    0.069643
 29   42.546074   -0.000015    0.000004    0.037500    0.049466    0.068071
 30   42.234451    0.000076    0.000004    0.026504    0.035878    0.046029
 31   42.465042   -0.000023    0.000000    0.047255    0.223538    0.277287
 32   42.458069    0.000027   -0.000019    0.085297    0.315145    0.391605
 33   42.267853    0.000000   -0.000008    0.038519    0.201011    0.226794
 34   42.505966    0.000076   -0.000015    0.153390    0.491604    0.601550
 35   42.233063   -0.000031    0.000046    0.019704    0.239342    0.261874
 36   42.352188   -0.000122    0.000031    0.204469   -0.533004   -0.705379
 37   42.391693    0.000061    0.000031    0.077793   -0.338268   -0.393501
 38   42.497620    0.000046   -0.000023    0.011282   -0.112923   -0.121620
 39   42.272614    0.000166   -0.000008    0.005294   -0.062549   -0.066461
 40   29.239351  106.746643    1.740831   -0.004118   -0.021503    0.858436
 41   42.375061   -0.000027   -0.000004   -0.002399    0.027614   -0.113903
 42   42.546112   -0.000008   -0.000001    0.001172    0.026633   -0.215145
 43   42.234451    0.000008   -0.000001   -0.001841    0.010983    0.058757
 44   42.465042    0.000000   -0.000007   -0.023746   -0.004250    0.573383
 45   42.458069    0.000015   -0.000007   -0.012276   -0.008577    0.364533
 46   42.267883    0.000015    0.000002   -0.012203   -0.012647    0.502050
 47   42.505890    0.000000    0.000008   -0.009110   -0.024217    0.828313
 48   42.233177    0.000031   -0.000010    0.001493   -0.004382    0.107635
 49   42.352287   -0.000031    0.000003   -0.007142    0.007396   -0.390557
 50   42.391647    0.000000   -0.000004   -0.007789    0.016346   -0.693199
 51   42.497589    0.000031   -0.000012    0.001592    0.008544   -0.334518
 52   42.272675    0.000021   -0.000000    0.002222    0.004228   -0.184989
 53   28.584846   50.706890  -90.722908   -1.457136    0.743602    0.561905
 54   42.375107   -0.000008    0.000000   -0.047090    0.005935    0.012926
 55   42.546066    0.000038   -0.000004   -0.036853    0.047206   -0.037795
 56   42.234543   -0.000034    0.000000   -0.026859   -0.007292    0.016890
 57   42.465027    0.000027   -0.000019   -0.056048   -0.235553    0.248818
 58   42.458038    0.000038    0.000015   -0.088734   -0.337988    0.349338
 59   42.267899   -0.000084    0.000015   -0.070315   -0.342620    0.335878
 60   42.505920    0.000031    0.000000   -0.101439   -0.476264    0.484137
 61   42.233170   -0.000092    0.000000    0.010211    0.008944   -0.008181
 62   42.352280    0.000000    0.000061   -0.126298    0.446366   -0.474170
 63   42.391693    0.000000    0.000000   -0.056393    0.304631   -0.294262
 64   42.497559    0.000008   -0.000015   -0.015437    0.164567   -0.150426
 65   42.272675    0.000039    0.000012   -0.004110    0.068287   -0.061386
 66   29.239315  -56.044865  -91.389023   -0.101362    0.770637   -0.598416
 67   42.375076   -0.000006    0.000008    0.097721   -0.000989   -0.001328
 68   42.546112    0.000004    0.000036    0.052943   -0.054527    0.051053
 69   42.234497    0.000031    0.000004    0.029985    0.025577   -0.028588
 70   42.465027   -0.000019    0.000011   -0.019559    0.243573   -0.289633
 71   42.458160    0.000046    0.000008   -0.037268    0.296578   -0.371501
 72   42.267944   -0.000061    0.000008   -0.053261    0.309396   -0.405866
 73   42.505951    0.000122    0.000031   -0.099543    0.371858   -0.515078
 74   42.233154   -0.000061   -0.000015   -0.009819   -0.047671    0.060297
 75   42.352188   -0.000031    0.000015   -0.113147   -0.398038    0.548807
 76   42.391815    0.000000    0.000000   -0.030029   -0.237354    0.305030
 77   42.497589    0.000076    0.000023   -0.007309   -0.130816    0.166334
 78   42.272705   -0.000006    0.000029    0.000831   -0.050804    0.064510
 79   29.239304 -106.786255    1.740908    0.004059   -0.046126   -0.983147
 80   42.375084    0.000008   -0.000004    0.007354    0.037789    0.159935
 81   42.546036   -0.000015    0.000004    0.002230    0.035687    0.254395
 82   42.234528   -0.000046   -0.000004    0.002051    0.011617   -0.076889
 83   42.465073    0.000000    0.000000    0.021995   -0.010073   -0.588481
 84   42.458084    0.000008    0.000001    0.008602   -0.009693   -0.353829
 85   42.267883    0.000015   -0.000005    0.007760   -0.013350   -0.528525
 86   42.505951    0.000000    0.000014    0.001966   -0.020544   -0.805745
 87   42.233017    0.000031   -0.000008   -0.001402   -0.002897   -0.083374
 88   42.352299    0.000000   -0.000001    0.008404    0.004234    0.426440
 89   42.391739    0.000000   -0.000003    0.010355    0.011202    0.676102
 90   42.497498    0.000015   -0.000021    0.001204    0.007322    0.324477
 91   42.272522    0.000014    0.000021   -0.000486    0.004099    0.179452
time 38
  0    0.000000    0.000000    0.000000    0.000000   -0.000000    0.000000
  1    0.000000    0.000000    0.000000    0.000000   -0.000000    0.000000
  2   -0.004760   -0.748528  -10.838054    0.659910   -1.599913    0.913709
  3   50.309212   -0.435479    0.000004   -0.000017   -0.201669    0.014098
  4   30.891544   -0.000011    0.000000    0.000017   -0.180702   -0.014097
  5   34.635597    0.000007    0.000002   -0.000000   -0.233408   -0.000001
  6   30.584290    0.000018    0.000004   -0.000000   -0.470849    0.000001
  7   31.520187   -0.000001    0.000008   -0.000000   -0.538497   -0.000001
  8   34.241196  -28.000032  -41.878021    0.979910   -0.457073    0.306696
  9   34.241127   23.441801  -41.878098   -0.979915   -0.457074   -0.306691
 10   35.246704  -52.543091    1.319138   -0.000000    0.000000    0.564623
 11   35.246552   52.726311    1.318939   -0.000000    0.000000   -0.564620
 12   34.830017  -24.891926   45.588615   -0.977825    0.464116    0.295003
 13   34.885780   27.636587   43.767838    0.977821    0.464114   -0.295002
 14   29.239326  -51.573372   94.292953    0.087194   -0.673015   -0.525791
 15   42.375099   -0.000008    0.000004   -0.096418    0.003605    0.008324
 16   42.546097    0.000031    0.000008   -0.054184    0.046863    0.046497
 17   42.234497    0.000011    0.000011   -0.030972    0.031407    0.034970
 18   42.464996    0.000011    0.000019    0.014424   -0.229654   -0.241291
 19   42.458099   -0.000069   -0.000015    0.108587   -0.455453   -0.542649
 20   42.267944    0.000000    0.000031    0.013028   -0.227710   -0.256475
 21   42.505951    0.000000    0.000000    0.090571   -0.400773   -0.500017
 22   42.233147    0.000061   -0.000061    0.042829   -0.272667   -0.330878
 23   42.352268    0.000031    0.000000    0.191639    0.486406    0.666246
 24   42.391693   -0.000015   -0.000015    0.084215    0.361807    0.438459
 25   42.497528    0.000023   -0.000046    0.005674    0.115053    0.129277
 26   42.272858    0.000076   -0.000011    0.000283    0.062660    0.070300
 27   29.239334   55.382637   92.214966    1.538402   -0.533556    0.348752
 28   42.375092   -0.000008    0.000008    0.047580    0.044984    0.066414
 29   42.546082    0.000008    0.000004    0.037786    0.044730    0.059488
 30   42.234451    0.000076   -0.000019    0.026560    0.028481    0.034183
 31   42.465027   -0.000027   -0.000008    0.046481    0.217727    0.267828
 32   42.458069    0.000042   -0.000027    0.092036    0.329902    0.409046
 33   42.267929    0.000015    0.000015    0.039326    0.204634    0.229697
 34   42.506012    0.000107    0.000031    0.142646    0.478647    0.578341
 35   42.233086   -0.000031    0.000031    0.021848    0.248666    0.272104
 36   42.352222   -0.000061    0.000046    0.200833   -0.530405   -0.696530
 37   42.391724    0.000092    0.000031    0.077776   -0.340099   -0.393949
 38   42.497650    0.000076    0.000008    0.011079   -0.113313   -0.121553
 39   42.272644    0.000139    0.000005    0.005172   -0.062789   -0.066477
 40   29.239349  106.746658    1.740835   -0.002689   -0.018747    0.881620
 41   42.375061    0.000000   -0.000003   -0.002383    0.020415   -0.128624
 42   42.546127    0.000015    0.000000    0.000283    0.019468   -0.227857
 43   42.234482    0.000015   -0.000002   -0.001013    0.007957    0.050019
 44   42.465057    0.000000   -0.000005   -0.015855   -0.002957    0.575065
 45   42.458115    0.000000   -0.000003   -0.008304   -0.005904    0.373185
 46   42.267944   -0.000015    0.000003   -0.007629   -0.008072    0.482431
 47   42.505905   -0.000031    0.000006   -0.006184   -0.015939    0.839590
 48   42.233147    0.000031   -0.000011    0.001120   -0.003164    0.123861
 49   42.352264    0.000061    0.000002   -0.004586    0.004614   -0.375959
 50   42.391647   -0.000061   -0.000004   -0.005455    0.010749   -0.700684
 51   42.497650   -0.000015   -0.000013    0.000956    0.005735   -0.339093
 52   42.272675   -0.000019    0.000002    0.001444    0.002851   -0.187388
 53   28.941269   50.706909  -91.085709   -1.411529    0.745376    0.611318
 54   42.375099    0.000008   -0.000002   -0.047377    0.029738   -0.006398
 55   42.546097    0.000019    0.000031   -0.038411    0.067014   -0.053479
 56   42.234589   -0.000027   -0.000004   -0.026329    0.006493    0.007253
 57   42.465042    0.000038    0.000011   -0.052187   -0.223517    0.244776
 58   42.458099    0.000046    0.000000   -0.087445   -0.329011    0.354092
 59   42.268005   -0.000092    0.000015   -0.079690   -0.355201    0.366738
 60   42.505966    0.000092   -0.000046   -0.108936   -0.470822    0.499493
 61   42.233185   -0.000031    0.000000    0.010657    0.001318   -0.001140
 62   42.352264    0.000031    0.000000   -0.106029    0.411846   -0.445450
 63   42.391724    0.000046   -0.000015   -0.058042    0.304972   -0.308261
 64   42.497589    0.000053   -0.000015   -0.017050    0.168942   -0.161733
 65   42.272827    0.000023   -0.000013   -0.004714    0.072588   -0.068246
 66   29.239319  -56.044857  -91.389038   -0.113775    0.775931   -0.614004
 67   42.375099    0.000002    0.000000    0.098201   -0.020520    0.017055
 68   42.546112    0.000011    0.000015    0.052582   -0.067011    0.065550
 69   42.234482    0.000031    0.000000    0.030480    0.014444   -0.015176
 70   42.465057   -0.000042    0.000000   -0.015860    0.233352   -0.275633
 71   42.458099    0.000038   -0.000015   -0.036696    0.297416   -0.371415
 72   42.267883   -0.000076    0.000008   -0.059431    0.324917   -0.427962
 73   42.505951    0.000092    0.000031   -0.102172    0.378060   -0.525108
 74   42.233109    0.000061   -0.000031   -0.009098   -0.031416    0.039787
 75   42.352150   -0.000031    0.000015   -0.099944   -0.374837    0.510718
 76   42.391815    0.000046   -0.000031   -0.034157   -0.247666    0.318896
 77   42.497498    0.000053   -0.000023   -0.008996   -0.138815    0.176241
 78   42.272675    0.000008   -0.000009    0.000366   -0.056442    0.071444
 79   29.239311 -106.786285    1.740906    0.002664   -0.034182   -0.976062
 80   42.375076    0.000008   -0.000002    0.005549    0.026559    0.162960
 81   42.546036    0.000015    0.000006    0.002012    0.025127    0.257358
 82   42.234497   -0.000015   -0.000005    0.001081    0.008614   -0.062995
 83   42.465057    0.000023   -0.000002    0.014771   -0.006591   -0.587523
 84   42.458038    0.000000   -0.000002    0.006012   -0.006704   -0.364313
 85   42.267883   -0.000015   -0.000003    0.004914   -0.008450   -0.501855
 86   42.505966    0.000031    0.000015    0.001706   -0.013814   -0.825135
 87   42.233040    0.000061   -0.000009   -0.001142   -0.002175   -0.104206
 88   42.352318   -0.000031   -0.000002    0.005282    0.002643    0.403096
 89   42.391769    0.000122   -0.000005    0.007130    0.007445    0.688325
 90   42.497559    0.000015   -0.000017    0.000848    0.004968    0.331411
 91   42.272522    0.000001    0.000023   -0.000332    0.002782    0.183111
time 39
  0    0.000000    0.000000    0.000000    0.000000   -0.000000    0.000000
  1    0.000000    0.000000    0.000000    0.000000   -0.000000    0.000000
  2   -0.001232   -0.193816  -12.209540    0.725650   -1.586858    0.846488
  3   50.309212   -0.435479    0.000004   -0.000017   -0.200350    0.014098
  4   30.891537   -0.000011    0.000001    0.000017   -0.180383   -0.014097
  5   34.635597    0.000007   -0.000002   -0.000000   -0.232802   -0.000001
  6   30.584282    0.000018    0.000000   -0.000000   -0.470871    0.000001
  7   31.520180   -0.000000    0.000008   -0.000000   -0.538328   -0.000001
  8   34.241203  -28.000031  -41.878006    0.979910   -0.457073    0.306696
  9   34.241119   23.441803  -41.878098   -0.979915   -0.457074   -0.306691
 10   35.246704  -52.543087    1.319138   -0.000000   -0.000000    0.564623
 11   35.246544   52.726322    1.318924   -0.000000   -0.000000   -0.564620
 12   34.830025  -24.891926   45.588615   -0.977825    0.464116    0.295003
 13   34.885780   27.636587   43.767822    0.977821    0.464114   -0.295002
 14   29.239319  -51.573372   94.292946    0.082731   -0.701861   -0.536146
 15   42.375076    0.000000   -0.000004   -0.097353    0.014781    0.013950
 16   42.546066    0.000027   -0.000023   -0.053467    0.058508    0.055868
 17   42.234436    0.000023   -0.000015   -0.030667    0.032721    0.035173
 18   42.464981    0.000015    0.000000    0.011345   -0.220429   -0.241883
 19   42.458099   -0.000076    0.000000    0.111088   -0.448997   -0.561366
 20   42.267944    0.000031    0.000000    0.015399   -0.224456   -0.265566
 21   42.505951   -0.000031   -0.000031    0.091670   -0.383441   -0.498112
 22   42.233200    0.000031   -0.000031    0.047530   -0.267442   -0.335403
 23   42.352276    0.000092   -0.000046    0.181940    0.479810    0.672026
 24   42.391754   -0.000015    0.000015    0.077459    0.348657    0.438834
 25   42.497498    0.000000    0.000015    0.005038    0.111131    0.131086
 26   42.272766    0.000050   -0.000026    0.000135    0.060655    0.071523
 27   29.239338   55.382614   92.214951    1.530226   -0.561752    0.368179
 28   42.375061   -0.000011    0.000004    0.047870    0.043226    0.062977
 29   42.546082   -0.000023    0.000019    0.037706    0.037640    0.049027
 30   42.234467    0.000084   -0.000004    0.026526    0.020657    0.023743
 31   42.465027   -0.000027    0.000004    0.046533    0.215991    0.263763
 32   42.458069    0.000031   -0.000008    0.098430    0.343743    0.424558
 33   42.267868   -0.000015   -0.000031    0.040282    0.208647    0.232892
 34   42.506073    0.000092   -0.000031    0.136242    0.469805    0.562508
 35   42.233101   -0.000061    0.000015    0.021269    0.245882    0.267776
 36   42.352261   -0.000122    0.000015    0.201161   -0.534165   -0.697080
 37   42.391724    0.000061    0.000015    0.074308   -0.335086   -0.385159
 38   42.497650    0.000069   -0.000011    0.010717   -0.112580   -0.120292
 39   42.272675    0.000164   -0.000004    0.005029   -0.062563   -0.066014
 40   29.239349  106.746643    1.740842   -0.001312   -0.011277    0.916853
 41   42.375084    0.000011   -0.000002   -0.001677    0.011427   -0.149787
 42   42.546097    0.000000   -0.000001   -0.000012    0.010722   -0.245728
 43   42.234482   -0.000015   -0.000003   -0.000493    0.004157    0.047160
 44   42.465073   -0.000023   -0.000007   -0.008255   -0.001787    0.579607
 45   42.458023   -0.000008   -0.000005   -0.004234   -0.003241    0.378676
 46   42.267914   -0.000015    0.000004   -0.003607   -0.004213    0.470627
 47   42.505890    0.000000    0.000006   -0.002810   -0.008277    0.844377
 48   42.233139   -0.000031   -0.000012    0.000681   -0.001652    0.133283
 49   42.352261    0.000000    0.000001   -0.002492    0.002242   -0.370621
 50   42.391663    0.000000   -0.000006   -0.003159    0.005481   -0.703699
 51   42.497589    0.000000   -0.000011    0.000357    0.003060   -0.340963
 52   42.272766   -0.000005   -0.000000    0.000697    0.001548   -0.188311
 53   29.163021   50.706905  -91.311386   -1.356194    0.757157    0.671498
 54   42.375069    0.000000   -0.000015   -0.049577    0.054194   -0.031356
 55   42.546066    0.000027    0.000006   -0.041217    0.087616   -0.074211
 56   42.234543   -0.000038   -0.000011   -0.026234    0.020506   -0.004734
 57   42.465027    0.000050    0.000008   -0.047867   -0.210890    0.240156
 58   42.458069    0.000023    0.000008   -0.084755   -0.317691    0.356948
 59   42.267975   -0.000092    0.000008   -0.089132   -0.365082    0.398560
 60   42.505844    0.000122    0.000000   -0.117853   -0.465892    0.518388
 61   42.233170   -0.000031   -0.000031    0.010861   -0.006908    0.007005
 62   42.352242    0.000000    0.000000   -0.086638    0.376622   -0.416345
 63   42.391632    0.000015    0.000031   -0.059058    0.304256   -0.322693
 64   42.497528    0.000069    0.000008   -0.018635    0.172821   -0.173957
 65   42.272675    0.000005    0.000018   -0.005428    0.077288   -0.076321
 66   29.239319  -56.044895  -91.389023   -0.131715    0.790922   -0.634975
 67   42.375099   -0.000004   -0.000008    0.098009   -0.043926    0.036196
 68   42.546112   -0.000004    0.000019    0.051558   -0.083177    0.081577
 69   42.234451    0.000046    0.000023    0.030790    0.002348   -0.001724
 70   42.465027   -0.000038   -0.000015   -0.012208    0.223478   -0.261838
 71   42.458099    0.000046   -0.000008   -0.035170    0.296094   -0.368019
 72   42.267883   -0.000038   -0.000023   -0.066319    0.340348   -0.450124
 73   42.505966    0.000031   -0.000031   -0.106821    0.385965   -0.537541
 74   42.233116    0.000000   -0.000061   -0.008621   -0.017160    0.021715
 75   42.352196    0.000000   -0.000031   -0.086079   -0.350480    0.470799
 76   42.391785    0.000015   -0.000031   -0.037881   -0.257217    0.331648
 77   42.497559    0.000046   -0.000008   -0.010768   -0.146883    0.186250
 78   42.272736    0.000001   -0.000010   -0.000220   -0.062689    0.079131
 79   29.239311 -106.786285    1.740899    0.001306   -0.018425   -0.973232
 80   42.375092    0.000008   -0.000005    0.003124    0.014139    0.170319
 81   42.546021    0.000008    0.000003    0.001141    0.013321    0.262950
 82   42.234528    0.000000   -0.000007    0.000482    0.004607   -0.054110
 83   42.465103   -0.000015   -0.000002    0.007725   -0.003444   -0.587232
 84   42.458130   -0.000008    0.000000    0.003208   -0.003662   -0.373305
 85   42.267975   -0.000031   -0.000007    0.002354   -0.004342   -0.481365
 86   42.505981    0.000031    0.000013    0.000779   -0.007345   -0.837371
 87   42.233063   -0.000031   -0.000010   -0.000727   -0.001209   -0.121502
 88   42.352303    0.000000   -0.000002    0.002760    0.001299    0.386064
 89   42.391708    0.000000   -0.000005    0.003986    0.003929    0.696913
 90   42.497620    0.000015   -0.000017    0.000501    0.002717    0.336563
 91   42.272461    0.000006    0.000023   -0.000175    0.001526    0.185840
time 40
  0    0.000000    0.000000    0.000000    0.000000   -0.000000    0.000000
  1    0.000000    0.000000    0.000000    0.000000   -0.000000    0.000000
  2    0.000000    0.000000  -12.688735    0.785390   -1.573515    0.785390
  3   50.309212   -0.435479    0.000004   -0.000017   -0.199896    0.014098
  4   30.891541   -0.000011    0.000001    0.000017   -0.180273   -0.014097
  5   34.635597    0.000007   -0.000002   -0.000000   -0.232594   -0.000001
  6   30.584282    0.000018    0.000004   -0.000000   -0.470874    0.000001
  7   31.520187    0.000000    0.000000   -0.000000   -0.538270   -0.000001
  8   34.241192  -28.000036  -41.878006    0.979910   -0.457073    0.306696
  9   34.241123   23.441803  -41.878098   -0.979915   -0.457074   -0.306691
 10   35.246700  -52.543095    1.319138   -0.000000    0.000000    0.564623
 11   35.246532   52.726318    1.318924   -0.000000    0.000000   -0.564620
 12   34.830021  -24.891930   45.588608   -0.977825    0.464116    0.295003
 13   34.885777   27.636591   43.767822    0.977821    0.464114   -0.295002
 14   29.239319  -51.573330   94.292969    0.080343   -0.731682   -0.550935
 15   42.375061   -0.000004   -0.000011   -0.098021    0.027525    0.022163
 16   42.546082    0.000031    0.000023   -0.052237    0.071531    0.068559
 17   42.234482    0.000004    0.000004   -0.030408    0.030748    0.032969
 18   42.464996    0.000050   -0.000011    0.009742   -0.217763   -0.250576
 19   42.458038   -0.000061    0.000015    0.111223   -0.438906   -0.577003
 20   42.267914    0.000000   -0.000015    0.017169   -0.218219   -0.272142
 21   42.505936   -0.000031   -0.000031    0.096108   -0.371168   -0.505567
 22   42.233139    0.000000   -0.000015    0.048501   -0.250256   -0.324250
 23   42.352322   -0.000031   -0.000031    0.177606    0.479118    0.691662
 24   42.391708   -0.000046   -0.000046    0.066756    0.327120    0.427786
 25   42.497559    0.000000   -0.000019    0.004218    0.105674    0.131371
 26   42.272858    0.000021   -0.000044   -0.000046    0.057975    0.072144
 27   29.239342   55.382656   92.214973    1.518418   -0.591864    0.396611
 28   42.375076    0.000008   -0.000004    0.047796    0.040037    0.058788
 29   42.546082   -0.000015    0.000000    0.037366    0.027070    0.035639
 30   42.234467    0.000065   -0.000015    0.026475    0.012985    0.015426
 31   42.465027   -0.000038    0.000000    0.047730    0.219504    0.266439
 32   42.458099    0.000000   -0.000015    0.104334    0.356618    0.438065
 33   42.267899    0.000015   -0.000015    0.041203    0.212242    0.235570
 34   42.506027    0.000061    0.000031    0.134075    0.465564    0.554443
 35   42.233070   -0.000031    0.000076    0.017650    0.229466    0.247603
 36   42.352234   -0.000122    0.000061    0.205767   -0.544343   -0.707568
 37   42.391663    0.000031   -0.000015    0.067423   -0.322327   -0.366512
 38   42.497620   -0.000008   -0.000042    0.010201   -0.110609   -0.117754
 39   42.272644    0.000152   -0.000032    0.004865   -0.061815   -0.065033
 40   29.239353  106.746689    1.740858    0.000002    0.001974    0.965349
 41   42.375084    0.000019   -0.000001    0.000352   -0.000131   -0.179150
 42   42.546127    0.000023    0.000001    0.000481   -0.000017   -0.268558
 43   42.234451   -0.000015   -0.000003   -0.000087   -0.000195    0.050199
 44   42.465057   -0.000015   -0.000006   -0.000850   -0.000518    0.587561
 45   42.458069    0.000031   -0.000003   -0.000281   -0.000637    0.380480
 46   42.267883    0.000015    0.000001   -0.000029   -0.000858    0.465935
 47   42.505905    0.000000    0.000007    0.000599   -0.001298    0.844402
 48   42.233139   -0.000031   -0.000013    0.000247   -0.000074    0.135230
 49   42.352245    0.000000    0.000002   -0.000691    0.000110   -0.374449
 50   42.391693    0.000000   -0.000003   -0.001064    0.000628   -0.702508
 51   42.497650    0.000015   -0.000012   -0.000209    0.000603   -0.340155
 52   42.272705   -0.000006    0.000003    0.000002    0.000357   -0.187757
 53   29.239334   50.706898  -91.389107   -1.294100    0.775060    0.737438
 54   42.375099   -0.000011    0.000000   -0.053502    0.076313   -0.059212
 55   42.546097    0.000004    0.000025   -0.045189    0.106314   -0.097456
 56   42.234558   -0.000046   -0.000008   -0.026690    0.033399   -0.017867
 57   42.465027    0.000038    0.000011   -0.043018   -0.197149    0.234003
 58   42.458069    0.000069    0.000000   -0.079773   -0.301987    0.354657
 59   42.267944   -0.000076    0.000023   -0.098303   -0.372229    0.431119
 60   42.505951    0.000092   -0.000031   -0.129375   -0.463147    0.543694
 61   42.233170   -0.000061   -0.000046    0.010729   -0.015872    0.016569
 62   42.352242   -0.000061   -0.000031   -0.068400    0.341074   -0.386761
 63   42.391724    0.000046   -0.000015   -0.059765    0.303781   -0.338910
 64   42.497559    0.000061   -0.000008   -0.020186    0.176514   -0.187473
 65   42.272766    0.000040   -0.000025   -0.006279    0.082672   -0.086074
 66   29.239326  -56.044899  -91.389076   -0.151591    0.811513   -0.656536
 67   42.375099   -0.000008    0.000004    0.096833   -0.068100    0.053751
 68   42.546082   -0.000004    0.000031    0.049815   -0.100505    0.096710
 69   42.234467    0.000023   -0.000015    0.030832   -0.009553    0.010399
 70   42.465042   -0.000023   -0.000011   -0.008430    0.213342   -0.247576
 71   42.458069    0.000031   -0.000008   -0.031803    0.290543   -0.358513
 72   42.267944   -0.000031   -0.000023   -0.074054    0.356054   -0.473045
 73   42.505981    0.000076   -0.000031   -0.114261    0.396597   -0.554489
 74   42.233116    0.000000    0.000015   -0.008409   -0.004355    0.005527
 75   42.352142    0.000000    0.000031   -0.072329   -0.325669    0.430649
 76   42.391846    0.000015    0.000000   -0.041375   -0.266901    0.344458
 77   42.497467    0.000061    0.000008   -0.012630   -0.155248    0.196680
 78   42.272644   -0.000003    0.000010   -0.000958   -0.069799    0.087890
 79   29.239323 -106.786255    1.740884   -0.000002    0.001968   -0.976201
 80   42.375114    0.000011   -0.000004   -0.000358   -0.000127    0.183061
 81   42.546036   -0.000015    0.000002   -0.000486   -0.000014    0.271904
 82   42.234497   -0.000015   -0.000006    0.000087   -0.000195   -0.050564
 83   42.465088    0.000023   -0.000003    0.000850   -0.000521   -0.588832
 84   42.458099    0.000015   -0.000003    0.000279   -0.000637   -0.379835
 85   42.267914    0.000015   -0.000009    0.000027   -0.000859   -0.467067
 86   42.505936    0.000031    0.000018   -0.000603   -0.001295   -0.843861
 87   42.233101    0.000061   -0.000013   -0.000245   -0.000073   -0.133894
 88   42.352291   -0.000031    0.000002    0.000694    0.000109    0.376301
 89   42.391708    0.000031   -0.000006    0.001063    0.000627    0.701858
 90   42.497528   -0.000015   -0.000020    0.000210    0.000602    0.339644
 91   42.272491   -0.000007    0.000018   -0.000002    0.000355    0.187448
end
