version 1
nodes
  0 "SK_Tyranopode"                -1
  1 "ROOT_"                        -1
  2 "TYRANOPODE_"                   1
  3 "TYRANOPODE_BODY_01"            2
  4 "TYRANOPODE_BODY_02"            3
  5 "TYRANOPODE_BODY_03"            4
  6 "TYRANOPODE_BODY_04"            5
  7 "TYRANOPODE_BODY_05"            6
  8 "TYRANOPODE_JAW_R_L"            7
  9 "TYRANOPODE_JAW_R_R"            7
 10 "TYRANOPODE_JAW_M_L"            7
 11 "TYRANOPODE_JAW_M_R"            7
 12 "TYRANOPODE_JAW_F_L"            7
 13 "TYRANOPODE_JAW_F_R"            7
 14 "TYRANOPODE_TENTACLE_F_L_001"   2
 15 "TYRANOPODE_TENTACLE_F_L_002"  14
 16 "TYRANOPODE_TENTACLE_F_L_003"  15
 17 "TYRANOPODE_TENTACLE_F_L_004"  16
 18 "TYRANOPODE_TENTACLE_F_L_005"  17
 19 "TYRANOPODE_TENTACLE_F_L_006"  18
 20 "TYRANOPODE_TENTACLE_F_L_007"  19
 21 "TYRANOPODE_TENTACLE_F_L_008"  20
 22 "TYRANOPODE_TENTACLE_F_L_009"  21
 23 "TYRANOPODE_TENTACLE_F_L_010"  22
 24 "TYRANOPODE_TENTACLE_F_L_011"  23
 25 "TYRANOPODE_TENTACLE_F_L_012"  24
 26 "TYRANOPODE_TENTACLE_F_L_013"  25
 27 "TYRANOPODE_TENTACLE_F_R_001"   2
 28 "TYRANOPODE_TENTACLE_F_R_002"  27
 29 "TYRANOPODE_TENTACLE_F_R_003"  28
 30 "TYRANOPODE_TENTACLE_F_R_004"  29
 31 "TYRANOPODE_TENTACLE_F_R_005"  30
 32 "TYRANOPODE_TENTACLE_F_R_006"  31
 33 "TYRANOPODE_TENTACLE_F_R_007"  32
 34 "TYRANOPODE_TENTACLE_F_R_008"  33
 35 "TYRANOPODE_TENTACLE_F_R_009"  34
 36 "TYRANOPODE_TENTACLE_F_R_010"  35
 37 "TYRANOPODE_TENTACLE_F_R_011"  36
 38 "TYRANOPODE_TENTACLE_F_R_012"  37
 39 "TYRANOPODE_TENTACLE_F_R_013"  38
 40 "TYRANOPODE_TENTACLE_M_R_001"   2
 41 "TYRANOPODE_TENTACLE_M_R_002"  40
 42 "TYRANOPODE_TENTACLE_M_R_003"  41
 43 "TYRANOPODE_TENTACLE_M_R_004"  42
 44 "TYRANOPODE_TENTACLE_M_R_005"  43
 45 "TYRANOPODE_TENTACLE_M_R_006"  44
 46 "TYRANOPODE_TENTACLE_M_R_007"  45
 47 "TYRANOPODE_TENTACLE_M_R_008"  46
 48 "TYRANOPODE_TENTACLE_M_R_009"  47
 49 "TYRANOPODE_TENTACLE_M_R_010"  48
 50 "TYRANOPODE_TENTACLE_M_R_011"  49
 51 "TYRANOPODE_TENTACLE_M_R_012"  50
 52 "TYRANOPODE_TENTACLE_M_R_013"  51
 53 "TYRANOPODE_TENTACLE_R_R_001"   2
 54 "TYRANOPODE_TENTACLE_R_R_002"  53
 55 "TYRANOPODE_TENTACLE_R_R_003"  54
 56 "TYRANOPODE_TENTACLE_R_R_004"  55
 57 "TYRANOPODE_TENTACLE_R_R_005"  56
 58 "TYRANOPODE_TENTACLE_R_R_006"  57
 59 "TYRANOPODE_TENTACLE_R_R_007"  58
 60 "TYRANOPODE_TENTACLE_R_R_008"  59
 61 "TYRANOPODE_TENTACLE_R_R_009"  60
 62 "TYRANOPODE_TENTACLE_R_R_010"  61
 63 "TYRANOPODE_TENTACLE_R_R_011"  62
 64 "TYRANOPODE_TENTACLE_R_R_012"  63
 65 "TYRANOPODE_TENTACLE_R_R_013"  64
 66 "TYRANOPODE_TENTACLE_R_L_001"   2
 67 "TYRANOPODE_TENTACLE_R_L_002"  66
 68 "TYRANOPODE_TENTACLE_R_L_003"  67
 69 "TYRANOPODE_TENTACLE_R_L_004"  68
 70 "TYRANOPODE_TENTACLE_R_L_005"  69
 71 "TYRANOPODE_TENTACLE_R_L_006"  70
 72 "TYRANOPODE_TENTACLE_R_L_007"  71
 73 "TYRANOPODE_TENTACLE_R_L_008"  72
 74 "TYRANOPODE_TENTACLE_R_L_009"  73
 75 "TYRANOPODE_TENTACLE_R_L_010"  74
 76 "TYRANOPODE_TENTACLE_R_L_011"  75
 77 "TYRANOPODE_TENTACLE_R_L_012"  76
 78 "TYRANOPODE_TENTACLE_R_L_013"  77
 79 "TYRANOPODE_TENTACLE_M_L_001"   2
 80 "TYRANOPODE_TENTACLE_M_L_002"  79
 81 "TYRANOPODE_TENTACLE_M_L_003"  80
 82 "TYRANOPODE_TENTACLE_M_L_004"  81
 83 "TYRANOPODE_TENTACLE_M_L_005"  82
 84 "TYRANOPODE_TENTACLE_M_L_006"  83
 85 "TYRANOPODE_TENTACLE_M_L_007"  84
 86 "TYRANOPODE_TENTACLE_M_L_008"  85
 87 "TYRANOPODE_TENTACLE_M_L_009"  86
 88 "TYRANOPODE_TENTACLE_M_L_010"  87
 89 "TYRANOPODE_TENTACLE_M_L_011"  88
 90 "TYRANOPODE_TENTACLE_M_L_012"  89
 91 "TYRANOPODE_TENTACLE_M_L_013"  90
end
skeleton
time 0
  0    0.000000    0.000000    0.000000    0.000000   -0.000000    0.000000
  1    0.000000    0.000000    0.000000    0.000000   -0.000000    0.000000
  2    0.000000    0.000000    0.000000    1.570796   -1.570796    0.000000
  3   50.309212   -0.435479    0.000004   -0.000017   -0.232594    0.014098
  4   30.891544   -0.000011    0.000001    0.000017   -0.232594   -0.014097
  5   34.635590    0.000007    0.000002   -0.000000   -0.232594   -0.000001
  6   30.584290    0.000018   -0.000004   -0.000000   -0.470874    0.000001
  7   31.520187   -0.000000    0.000000   -0.000000   -0.448772   -0.000001
  8   34.241196  -28.000032  -41.878006    0.979910   -0.457073    0.306696
  9   34.241119   23.441801  -41.878113   -0.979915   -0.457074   -0.306691
 10   35.246704  -52.543087    1.319138   -0.000000   -0.000000    0.564623
 11   35.246552   52.726315    1.318909   -0.000000   -0.000000   -0.564620
 12   34.830032  -24.891926   45.588600   -0.977825    0.464116    0.295003
 13   34.885780   27.636589   43.767815    0.977821    0.464114   -0.295002
 14   29.239319  -51.573338   94.292946    0.222195   -0.868283   -0.750449
 15   42.375076    0.000001    0.000004   -0.092619   -0.122230   -0.096013
 16   42.546097    0.000019    0.000008   -0.051582   -0.078805   -0.075302
 17   42.234451    0.000023   -0.000004   -0.030036   -0.039445   -0.041947
 18   42.465012    0.000008    0.000008   -0.015807   -0.066735   -0.075628
 19   42.458038   -0.000061   -0.000019   -0.010283   -0.135927   -0.161154
 20   42.267914    0.000015    0.000015    0.012764   -0.199921   -0.250846
 21   42.505829   -0.000046    0.000000    0.002649   -0.060229   -0.075862
 22   42.233154    0.000000   -0.000015    0.015496    0.105879    0.133871
 23   42.352295    0.000000   -0.000015    0.011813    0.136357    0.170206
 24   42.391754   -0.000008    0.000004   -0.003703    0.054251    0.067065
 25   42.497528    0.000031   -0.000015   -0.002674    0.013644    0.017031
 26   42.272766    0.000046   -0.000017   -0.001776    0.023906    0.030020
 27   29.239334   55.382622   92.214958    1.184300   -0.485821    0.313466
 28   42.375061    0.000008    0.000000    0.073507    0.068576    0.081729
 29   42.546082   -0.000023   -0.000001    0.079751    0.119403    0.124012
 30   42.234482    0.000076   -0.000011    0.090903    0.229916    0.178835
 31   42.465057   -0.000015   -0.000015    0.091029    0.333871    0.265979
 32   42.458038    0.000038   -0.000015    0.169644    0.446655    0.576412
 33   42.267891   -0.000031    0.000061    0.086460    0.341882    0.380411
 34   42.506020    0.000061    0.000061   -0.000378    0.013072    0.011150
 35   42.233101   -0.000046    0.000031    0.029013   -0.240779   -0.294825
 36   42.352249   -0.000092    0.000031    0.154727   -0.354120   -0.583772
 37   42.391724    0.000065   -0.000008   -0.043893   -0.369175    0.220909
 38   42.497681    0.000034   -0.000053   -0.002313   -0.186598    0.219794
 39   42.272644    0.000107   -0.000038   -0.017577   -0.096115    0.060773
 40   29.239346  106.746643    1.740837   -0.021274   -0.075393    1.738496
 41   42.375069    0.000000   -0.000003   -0.001118   -0.060497   -0.046321
 42   42.546097    0.000004   -0.000002   -0.001881   -0.072679   -0.021999
 43   42.234467    0.000000   -0.000002   -0.006621   -0.063156   -0.041286
 44   42.465042    0.000000   -0.000008   -0.038225    0.024795   -0.172587
 45   42.458038    0.000010   -0.000008   -0.024396    0.018504   -0.126206
 46   42.267975   -0.000015    0.000006   -0.012021    0.017241   -0.069425
 47   42.505859    0.000000    0.000011   -0.010840    0.035696   -0.070049
 48   42.233124    0.000023   -0.000011   -0.008881    0.012416   -0.074876
 49   42.352264    0.000000   -0.000011   -0.018016    0.125347   -0.171744
 50   42.391693    0.000015   -0.000015    0.004467    0.203994   -0.205886
 51   42.497620   -0.000061   -0.000031    0.031790    0.118075   -0.134769
 52   42.272675   -0.000031    0.000015    0.035968    0.078909   -0.098490
 53   29.239332   50.706913  -91.389091   -1.311924    0.469294    0.545796
 54   42.375092   -0.000004   -0.000010   -0.040493   -0.106885    0.112887
 55   42.546051    0.000042   -0.000011   -0.025567   -0.158785    0.157581
 56   42.234528   -0.000042   -0.000008   -0.007799   -0.214928    0.218575
 57   42.465042    0.000046   -0.000015    0.008000   -0.210678    0.209994
 58   42.458099    0.000046   -0.000008    0.009406   -0.225274    0.212480
 59   42.267929   -0.000061    0.000015    0.019001   -0.256107    0.299737
 60   42.505905    0.000092   -0.000031    0.011674   -0.063102    0.028554
 61   42.233170   -0.000031   -0.000076   -0.100901    0.118194   -0.339338
 62   42.352295    0.000023    0.000000   -0.275168    0.219136   -0.494961
 63   42.391724    0.000084    0.000023    0.005624   -0.232667   -0.252635
 64   42.497589    0.000092   -0.000031    0.088675   -0.235128   -0.165284
 65   42.272705    0.000061   -0.000031    0.000545   -0.113240   -0.110010
 66   29.239311  -56.044872  -91.389030   -0.526968    0.350084   -1.169994
 67   42.375107   -0.000008   -0.000011    0.150733    0.128526    0.309124
 68   42.546112   -0.000010    0.000023    0.069619    0.041417    0.165753
 69   42.234436    0.000038   -0.000011    0.031180    0.055549    0.030425
 70   42.464981   -0.000034    0.000015    0.016445    0.125914   -0.074395
 71   42.458099    0.000015   -0.000023    0.023867    0.195928   -0.144170
 72   42.268005   -0.000076    0.000008    0.032653    0.203751   -0.099060
 73   42.506012    0.000057    0.000000    0.041082    0.212831   -0.069350
 74   42.233154   -0.000008   -0.000031    0.058572    0.205035   -0.089577
 75   42.352173   -0.000061    0.000000    0.109156    0.254406   -0.078383
 76   42.391769    0.000000   -0.000031    0.132102    0.203095   -0.084235
 77   42.497482    0.000061    0.000031    0.107986    0.124360   -0.078647
 78   42.272690    0.000061    0.000000    0.084304    0.081428   -0.065236
 79   29.239309 -106.786240    1.740904    0.036135    0.138085   -0.485497
 80   42.375099    0.000000   -0.000005    0.001995    0.014702   -0.099241
 81   42.546066    0.000015    0.000006    0.005608    0.023480   -0.161990
 82   42.234512   -0.000008   -0.000004    0.017812    0.024490   -0.312692
 83   42.465103    0.000015    0.000004    0.038175    0.009231   -0.500072
 84   42.458099    0.000000    0.000004    0.030276    0.178447   -0.381069
 85   42.267914    0.000015   -0.000011    0.120931    0.262403   -0.442367
 86   42.505966    0.000000    0.000027    0.083311    0.041691   -0.154492
 87   42.233063    0.000092   -0.000004   -0.072727   -0.008905    0.127384
 88   42.352280    0.000000    0.000006   -0.278347   -0.059324    0.552960
 89   42.391754    0.000031    0.000011   -0.070180   -0.697486    0.183976
 90   42.497559    0.000015   -0.000031    0.025193   -0.247224    0.064859
 91   42.272491    0.000023    0.000031    0.018588   -0.084205    0.026838
time 1
  0    0.000000    0.000000    0.000000    0.000000   -0.000000    0.000000
  1    0.000000    0.000000    0.000000    0.000000   -0.000000    0.000000
  2    0.000000    0.000000    0.755218    0.780564   -1.565963    0.785411
  3   50.309216   -0.435479    0.000004   -0.000017   -0.232384    0.014098
  4   30.891541   -0.000011    0.000000    0.000017   -0.232384   -0.014097
  5   34.635605    0.000007   -0.000006   -0.000000   -0.232384   -0.000001
  6   30.584290    0.000019    0.000004   -0.000000   -0.470664    0.000001
  7   31.520187    0.000001    0.000008   -0.000000   -0.448562   -0.000001
  8   34.241188  -28.000029  -41.877991    0.980081   -0.456414    0.306240
  9   34.241127   23.441801  -41.878067   -0.980086   -0.456415   -0.306235
 10   35.246712  -52.543079    1.319153   -0.000000    0.000000    0.563840
 11   35.246552   52.726311    1.318939   -0.000000    0.000000   -0.563837
 12   34.830032  -24.891922   45.588623   -0.978001    0.463458    0.294544
 13   34.885780   27.636585   43.767838    0.977996    0.463456   -0.294543
 14   29.239319  -51.573326   94.292915    0.173050   -0.802588   -0.686215
 15   42.375061    0.000011   -0.000002   -0.088931   -0.145872   -0.114285
 16   42.546082    0.000038    0.000008   -0.048363   -0.108477   -0.103272
 17   42.234451    0.000023    0.000000   -0.028264   -0.066920   -0.071193
 18   42.464966    0.000023    0.000000   -0.015445   -0.072870   -0.081332
 19   42.458160   -0.000053   -0.000004   -0.012827   -0.125552   -0.146279
 20   42.267975    0.000008    0.000008    0.012345   -0.202456   -0.261688
 21   42.505890    0.000000    0.000015    0.001978   -0.068160   -0.074617
 22   42.233124   -0.000046    0.000031    0.023065    0.103872    0.178765
 23   42.352234    0.000031    0.000008    0.026628    0.123629    0.209844
 24   42.391693   -0.000023    0.000008    0.002395    0.023055    0.082301
 25   42.497467    0.000031    0.000008   -0.002236   -0.018628    0.022441
 26   42.272766    0.000103    0.000023    0.003320    0.003424    0.043999
 27   29.239332   55.382629   92.214951    1.195165   -0.468857    0.307642
 28   42.375076    0.000008    0.000002    0.072675    0.065054    0.083841
 29   42.546082    0.000000    0.000007    0.078321    0.112093    0.125845
 30   42.234497    0.000061   -0.000015    0.089348    0.205689    0.178962
 31   42.465073   -0.000031   -0.000008    0.099015    0.305387    0.265891
 32   42.458084    0.000023    0.000000    0.203372    0.476939    0.581448
 33   42.267891    0.000031    0.000000    0.087526    0.357224    0.360329
 34   42.505997    0.000061    0.000061   -0.000574    0.013040    0.000685
 35   42.233109   -0.000031    0.000061    0.034908   -0.222524   -0.296808
 36   42.352188   -0.000061    0.000015    0.115679   -0.286687   -0.453862
 37   42.391724    0.000065    0.000031   -0.035362   -0.356729    0.193770
 38   42.497711    0.000046   -0.000059   -0.025564   -0.211511    0.172338
 39   42.272583    0.000122   -0.000008   -0.031112   -0.119290    0.054633
 40   29.239349  106.746635    1.740840   -0.016007   -0.085645    1.753291
 41   42.375069    0.000011   -0.000002   -0.002094   -0.060323   -0.051878
 42   42.546127   -0.000019   -0.000002   -0.003404   -0.069842   -0.033434
 43   42.234467    0.000019    0.000002   -0.008297   -0.063147   -0.047892
 44   42.465103   -0.000006   -0.000004   -0.034218    0.009560   -0.146718
 45   42.458069    0.000000    0.000011   -0.023739    0.005635   -0.107630
 46   42.267944   -0.000008    0.000015   -0.013254    0.011653   -0.062285
 47   42.505890    0.000008    0.000011   -0.013423    0.034394   -0.067466
 48   42.233154   -0.000015   -0.000010   -0.013145    0.023471   -0.080399
 49   42.352234    0.000000    0.000007   -0.025311    0.126714   -0.184892
 50   42.391693   -0.000015    0.000008   -0.001780    0.176687   -0.203007
 51   42.497589    0.000061   -0.000031    0.023902    0.107931   -0.137578
 52   42.272705    0.000000    0.000000    0.029435    0.075059   -0.101968
 53   29.239334   50.706905  -91.389091   -1.313508    0.450319    0.546350
 54   42.375076    0.000000    0.000004   -0.036448   -0.105266    0.115649
 55   42.546051    0.000023   -0.000002   -0.020783   -0.155593    0.161916
 56   42.234528   -0.000027   -0.000015   -0.002984   -0.210316    0.226042
 57   42.465012    0.000050   -0.000008    0.010362   -0.200450    0.214261
 58   42.458069    0.000061   -0.000008    0.009118   -0.211346    0.212953
 59   42.267975   -0.000092   -0.000015    0.015300   -0.256358    0.320980
 60   42.505936    0.000092   -0.000046    0.012246   -0.069978    0.038554
 61   42.233139   -0.000061   -0.000031   -0.097782    0.108579   -0.351380
 62   42.352295    0.000000   -0.000015   -0.255937    0.175508   -0.484741
 63   42.391724    0.000038    0.000031    0.021386   -0.266163   -0.262391
 64   42.497650    0.000000   -0.000015    0.059816   -0.211055   -0.164434
 65   42.272766    0.000015    0.000031   -0.020264   -0.102511   -0.106773
 66   29.239317  -56.044865  -91.389061   -0.566383    0.387834   -1.193765
 67   42.375107    0.000008   -0.000004    0.147312    0.106588    0.290927
 68   42.546097    0.000004    0.000013    0.069316    0.037199    0.159426
 69   42.234451    0.000027   -0.000038    0.031508    0.052348    0.030312
 70   42.464981   -0.000038   -0.000019    0.016206    0.116936   -0.069924
 71   42.458099    0.000015   -0.000031    0.023244    0.166398   -0.117874
 72   42.267975   -0.000092   -0.000015    0.029032    0.188226   -0.076493
 73   42.505920    0.000065    0.000000    0.034661    0.196021   -0.056968
 74   42.233124   -0.000023   -0.000046    0.050733    0.200718   -0.069328
 75   42.352173   -0.000053    0.000031    0.112151    0.275765   -0.055345
 76   42.391754    0.000015    0.000031    0.143505    0.218646   -0.072627
 77   42.497528    0.000000    0.000031    0.125669    0.140941   -0.075491
 78   42.272675    0.000031   -0.000031    0.081348    0.074243   -0.053081
 79   29.239309 -106.786255    1.740901    0.028007    0.128710   -0.512387
 80   42.375107    0.000023   -0.000002    0.001076    0.018375   -0.104785
 81   42.546074    0.000000    0.000004    0.004593    0.029041   -0.168123
 82   42.234528    0.000015   -0.000008    0.016751    0.028002   -0.309994
 83   42.465088    0.000031    0.000004    0.033784    0.029057   -0.444356
 84   42.458023    0.000000   -0.000004    0.038754    0.205070   -0.388189
 85   42.267868    0.000015   -0.000004    0.145531    0.234697   -0.456166
 86   42.505928   -0.000031    0.000011    0.068641    0.032457   -0.125784
 87   42.233032    0.000000    0.000008   -0.093113    0.021648    0.161262
 88   42.352295   -0.000031    0.000015   -0.281803   -0.006502    0.508924
 89   42.391754    0.000000    0.000000   -0.070574   -0.682610    0.154929
 90   42.497589    0.000000    0.000000    0.019839   -0.267913    0.075364
 91   42.272522    0.000015    0.000000    0.015070   -0.082651    0.026173
time 2
  0    0.000000    0.000000    0.000000    0.000000   -0.000000    0.000000
  1    0.000000    0.000000    0.000000    0.000000   -0.000000    0.000000
  2    0.000000    0.000000    2.702884    0.768096   -1.553495    0.785397
  3   50.309216   -0.435479    0.000004   -0.000017   -0.231795    0.014098
  4   30.891541   -0.000011    0.000000    0.000017   -0.231795   -0.014097
  5   34.635590    0.000006    0.000000   -0.000000   -0.231795   -0.000001
  6   30.584274    0.000017    0.000008   -0.000000   -0.470075    0.000001
  7   31.520187   -0.000001    0.000015   -0.000000   -0.447973   -0.000001
  8   34.241180  -28.000034  -41.878006    0.980563   -0.454560    0.304956
  9   34.241112   23.441801  -41.878098   -0.980568   -0.454561   -0.304951
 10   35.246696  -52.543091    1.319153   -0.000000    0.000000    0.561637
 11   35.246536   52.726315    1.318924   -0.000000   -0.000000   -0.561634
 12   34.830025  -24.891930   45.588608   -0.978494    0.461605    0.293252
 13   34.885773   27.636585   43.767822    0.978489    0.461604   -0.293252
 14   29.239313  -51.573322   94.292915    0.098476   -0.665946   -0.576535
 15   42.375076    0.000004    0.000027   -0.082944   -0.168280   -0.138663
 16   42.546097    0.000038    0.000011   -0.039663   -0.159682   -0.159522
 17   42.234451    0.000004   -0.000008   -0.019760   -0.135420   -0.153534
 18   42.464981    0.000015   -0.000008   -0.013224   -0.095032   -0.109202
 19   42.458115   -0.000092   -0.000008   -0.016350   -0.104500   -0.115864
 20   42.267914    0.000031   -0.000015    0.011534   -0.200045   -0.282075
 21   42.505890   -0.000015    0.000000    0.002036   -0.101605   -0.095172
 22   42.233139   -0.000015    0.000000    0.044156    0.084188    0.285462
 23   42.352325    0.000015    0.000015    0.067762    0.106518    0.287258
 24   42.391724   -0.000018    0.000023    0.015003   -0.021504    0.117880
 25   42.497437    0.000015    0.000015   -0.017972   -0.118499    0.048770
 26   42.272705    0.000084    0.000000    0.004405   -0.081442    0.083384
 27   29.239338   55.382618   92.214958    1.224249   -0.428259    0.294327
 28   42.375069   -0.000008   -0.000010    0.070927    0.055738    0.090203
 29   42.546112   -0.000019    0.000013    0.075308    0.093664    0.131135
 30   42.234497    0.000053   -0.000015    0.085082    0.147416    0.179805
 31   42.465057   -0.000038   -0.000011    0.110244    0.235768    0.253528
 32   42.458069    0.000019   -0.000015    0.268764    0.527117    0.561755
 33   42.267914   -0.000046   -0.000015    0.095805    0.408565    0.329753
 34   42.506027    0.000046    0.000000   -0.001186    0.030317   -0.011150
 35   42.233078   -0.000046    0.000031    0.026961   -0.138940   -0.231539
 36   42.352234   -0.000107    0.000000    0.047080   -0.105746   -0.220260
 37   42.391724    0.000031    0.000000    0.021314   -0.260431    0.012496
 38   42.497589    0.000061    0.000015   -0.023399   -0.289640    0.031105
 39   42.272614    0.000092   -0.000019   -0.046457   -0.213425   -0.003205
 40   29.239353  106.746643    1.740833   -0.001633   -0.111385    1.784500
 41   42.375084    0.000000   -0.000004   -0.005063   -0.060303   -0.062866
 42   42.546112   -0.000004   -0.000002   -0.008187   -0.064199   -0.058412
 43   42.234482    0.000004   -0.000008   -0.013131   -0.062664   -0.063779
 44   42.465027    0.000000   -0.000011   -0.022112   -0.025098   -0.083130
 45   42.458099    0.000017   -0.000019   -0.016925   -0.024727   -0.058031
 46   42.267914    0.000006    0.000000   -0.013023   -0.003115   -0.041553
 47   42.505890    0.000008    0.000004   -0.017726    0.028098   -0.057165
 48   42.233154    0.000008   -0.000011   -0.023958    0.044068   -0.086417
 49   42.352264   -0.000008    0.000006   -0.044431    0.078362   -0.196640
 50   42.391632    0.000015   -0.000002   -0.026531    0.080692   -0.189035
 51   42.497589    0.000000   -0.000023   -0.008144    0.066963   -0.146213
 52   42.272675    0.000061   -0.000008    0.000902    0.031920   -0.068839
 53   29.239334   50.706913  -91.389030   -1.318762    0.401943    0.548141
 54   42.375061    0.000000   -0.000007   -0.025913   -0.101443    0.122208
 55   42.546082    0.000011    0.000002   -0.008161   -0.148012    0.172431
 56   42.234573   -0.000027   -0.000015    0.010259   -0.199054    0.243878
 57   42.464981    0.000053   -0.000008    0.017294   -0.177071    0.224966
 58   42.458115    0.000031   -0.000008    0.009565   -0.175305    0.212388
 59   42.268021   -0.000092   -0.000031    0.005966   -0.246133    0.373590
 60   42.505920    0.000107   -0.000031    0.011739   -0.087359    0.070933
 61   42.233154   -0.000076   -0.000061   -0.081689    0.074860   -0.371220
 62   42.352325    0.000031   -0.000031   -0.199779    0.055377   -0.457139
 63   42.391724    0.000061    0.000031    0.040203   -0.317293   -0.286720
 64   42.497620    0.000122   -0.000031   -0.015776   -0.165138   -0.161122
 65   42.272675    0.000061   -0.000061   -0.081196   -0.080717   -0.100627
 66   29.239323  -56.044861  -91.389008   -0.657717    0.481103   -1.250863
 67   42.375107    0.000000   -0.000004    0.136954    0.060203    0.236976
 68   42.546097    0.000000    0.000006    0.068021    0.028547    0.137851
 69   42.234482    0.000046   -0.000004    0.032584    0.038795    0.031762
 70   42.465027   -0.000034   -0.000019    0.016663    0.075120   -0.046611
 71   42.458130    0.000023    0.000008    0.021356    0.085564   -0.057632
 72   42.267944   -0.000053    0.000000    0.020727    0.155543   -0.025562
 73   42.505951    0.000061   -0.000015    0.021850    0.169223   -0.027188
 74   42.233185   -0.000023   -0.000061    0.031732    0.185124   -0.013061
 75   42.352173   -0.000046   -0.000031    0.099142    0.285960    0.017068
 76   42.391876   -0.000008    0.000031    0.160422    0.256366   -0.018062
 77   42.497559    0.000046    0.000031    0.157410    0.171215   -0.041906
 78   42.272675   -0.000046   -0.000061    0.055056    0.046125   -0.019447
 79   29.239313 -106.786285    1.740908    0.005938    0.105234   -0.589470
 80   42.375092    0.000015   -0.000004   -0.001641    0.030071   -0.114197
 81   42.546036   -0.000008    0.000003    0.001972    0.044891   -0.171061
 82   42.234528    0.000023   -0.000002    0.013614    0.037782   -0.263883
 83   42.465073    0.000008   -0.000004    0.026866    0.074775   -0.326064
 84   42.458008    0.000046   -0.000008    0.068632    0.250431   -0.445093
 85   42.267868   -0.000015   -0.000031    0.182483    0.168819   -0.449091
 86   42.505936   -0.000061    0.000000    0.039395    0.034385   -0.070911
 87   42.233070    0.000031   -0.000027   -0.135873    0.132754    0.217393
 88   42.352295   -0.000031   -0.000008   -0.281712    0.086701    0.361442
 89   42.391693   -0.000015    0.000015   -0.085161   -0.581159    0.126672
 90   42.497528    0.000000   -0.000027   -0.010624   -0.306650    0.098228
 91   42.272552   -0.000004    0.000031    0.005757   -0.083467    0.026495
time 3
  0    0.000000    0.000000    0.000000    0.000000   -0.000000    0.000000
  1    0.000000    0.000000    0.000000    0.000000   -0.000000    0.000000
  2    0.000000    0.000000    5.366020    0.751049   -1.536451    0.785401
  3   50.309216   -0.435479    0.000004   -0.000017   -0.230885    0.014098
  4   30.891544   -0.000011   -0.000001    0.000017   -0.230885   -0.014097
  5   34.635605    0.000007   -0.000004   -0.000000   -0.230885   -0.000001
  6   30.584290    0.000018    0.000000   -0.000000   -0.469165    0.000001
  7   31.520180   -0.000000    0.000000   -0.000000   -0.447063   -0.000001
  8   34.241196  -28.000031  -41.878006    0.981309   -0.451695    0.302971
  9   34.241119   23.441801  -41.878098   -0.981314   -0.451696   -0.302966
 10   35.246704  -52.543095    1.319138   -0.000000    0.000000    0.558233
 11   35.246536   52.726318    1.318924   -0.000000    0.000000   -0.558230
 12   34.830017  -24.891926   45.588615   -0.979257    0.458743    0.291257
 13   34.885780   27.636589   43.767822    0.979252    0.458742   -0.291256
 14   29.239321  -51.573383   94.292961    0.054546   -0.543416   -0.494362
 15   42.375084   -0.000006   -0.000004   -0.082057   -0.152531   -0.138618
 16   42.546097    0.000023    0.000008   -0.033154   -0.179928   -0.198132
 17   42.234467    0.000023    0.000000   -0.003845   -0.201220   -0.254061
 18   42.465027   -0.000008   -0.000015   -0.005445   -0.138542   -0.179875
 19   42.458084   -0.000076   -0.000015   -0.015744   -0.097413   -0.112706
 20   42.267899    0.000031    0.000000    0.006787   -0.168049   -0.261054
 21   42.505951    0.000000   -0.000015    0.012057   -0.160782   -0.199723
 22   42.233185   -0.000031   -0.000031    0.055874    0.025161    0.390283
 23   42.352264    0.000046    0.000015    0.134778    0.101769    0.393855
 24   42.391693   -0.000055   -0.000031    0.035968   -0.021170    0.138630
 25   42.497437    0.000023   -0.000015   -0.026387   -0.165499    0.082199
 26   42.272827    0.000084   -0.000015   -0.045753   -0.201098    0.099197
 27   29.239340   55.382641   92.214958    1.266322   -0.380632    0.279687
 28   42.375076    0.000008   -0.000017    0.069430    0.043292    0.100902
 29   42.546112   -0.000008   -0.000010    0.072707    0.071097    0.139487
 30   42.234482    0.000088   -0.000008    0.079232    0.083192    0.181820
 31   42.465042   -0.000023    0.000000    0.109536    0.157507    0.223355
 32   42.458130    0.000023   -0.000023    0.294139    0.525950    0.468210
 33   42.267929   -0.000031    0.000000    0.122588    0.495545    0.314558
 34   42.506081    0.000061    0.000031   -0.005211    0.097608    0.005666
 35   42.233086   -0.000046    0.000061   -0.003541    0.002578   -0.093141
 36   42.352272   -0.000092    0.000000   -0.004761    0.064382   -0.045729
 37   42.391754    0.000107    0.000000    0.034672    0.042550   -0.173692
 38   42.497620    0.000015   -0.000061    0.133732    0.055676   -0.363412
 39   42.272644    0.000126    0.000031    0.308503    0.019160   -0.379659
 40   29.239351  106.746704    1.740838    0.019364   -0.145500    1.812598
 41   42.375069   -0.000011   -0.000007   -0.009540   -0.060801   -0.071202
 42   42.546112   -0.000004   -0.000004   -0.015784   -0.059552   -0.082996
 43   42.234482    0.000004   -0.000017   -0.020812   -0.061037   -0.083078
 44   42.465057    0.000000   -0.000019   -0.001796   -0.062767   -0.003473
 45   42.458069    0.000002   -0.000023    0.003906   -0.058201    0.012266
 46   42.268005    0.000017    0.000000   -0.004692   -0.020757   -0.009925
 47   42.505890    0.000004   -0.000008   -0.016585    0.014629   -0.036456
 48   42.233154    0.000008   -0.000038   -0.028710    0.050038   -0.067609
 49   42.352234   -0.000004   -0.000008   -0.058798   -0.081338   -0.147126
 50   42.391663    0.000008   -0.000008   -0.064682   -0.085679   -0.130560
 51   42.497681    0.000000   -0.000061   -0.055247   -0.043887   -0.094362
 52   42.272736    0.000031   -0.000046   -0.018842   -0.011934   -0.029983
 53   29.239336   50.706932  -91.389084   -1.328984    0.336982    0.551168
 54   42.375092    0.000000   -0.000003   -0.011311   -0.097063    0.129929
 55   42.546066    0.000031    0.000010    0.009771   -0.139076    0.185404
 56   42.234543   -0.000015    0.000000    0.030088   -0.184926    0.265589
 57   42.465027    0.000057   -0.000008    0.028408   -0.150592    0.239041
 58   42.458115    0.000023   -0.000008    0.012172   -0.129804    0.209468
 59   42.267990   -0.000092    0.000031   -0.002437   -0.207641    0.433851
 60   42.505920    0.000046    0.000000    0.004376   -0.106658    0.132154
 61   42.233185   -0.000092   -0.000031   -0.045769    0.011532   -0.372182
 62   42.352325    0.000015   -0.000015   -0.116261   -0.102745   -0.419445
 63   42.391632    0.000057    0.000015    0.019641   -0.344747   -0.317892
 64   42.497589    0.000046    0.000000   -0.106767   -0.136004   -0.157616
 65   42.272766   -0.000015    0.000000   -0.186324   -0.062358   -0.096772
 66   29.239313  -56.044895  -91.389046   -0.761348    0.599604   -1.317922
 67   42.375099    0.000000    0.000013    0.123877    0.016994    0.156257
 68   42.546143    0.000010    0.000011    0.065453    0.021705    0.097921
 69   42.234467    0.000011   -0.000011    0.034521    0.011582    0.033745
 70   42.465012   -0.000050    0.000000    0.020021   -0.008109   -0.006118
 71   42.458069    0.000015   -0.000008    0.024079   -0.022355    0.000136
 72   42.267944   -0.000080   -0.000011    0.015185    0.137444    0.028031
 73   42.505981    0.000046    0.000008    0.015048    0.181036    0.018269
 74   42.233124    0.000000   -0.000008    0.009668    0.136083    0.044048
 75   42.352173   -0.000061   -0.000031    0.031410    0.182974    0.104047
 76   42.391785    0.000008    0.000000    0.082984    0.231934    0.108721
 77   42.497498    0.000023    0.000000    0.078577    0.149335    0.056179
 78   42.272736   -0.000015   -0.000061    0.008173    0.009804    0.002851
 79   29.239321 -106.786346    1.740904   -0.026604    0.076399   -0.710780
 80   42.375092   -0.000008   -0.000003   -0.004704    0.049666   -0.108507
 81   42.546051   -0.000011    0.000006   -0.000145    0.065224   -0.142461
 82   42.234528   -0.000008   -0.000008    0.008734    0.047886   -0.149326
 83   42.465118    0.000008    0.000008    0.023485    0.116387   -0.231507
 84   42.458099    0.000023    0.000000    0.113199    0.276786   -0.532131
 85   42.267883    0.000000   -0.000031    0.191581    0.117457   -0.411041
 86   42.505989    0.000000    0.000004    0.009822    0.073957   -0.014599
 87   42.233093   -0.000031   -0.000046   -0.164206    0.265311    0.216285
 88   42.352295   -0.000015   -0.000015   -0.231994    0.127721    0.189668
 89   42.391663    0.000000   -0.000031   -0.118640   -0.338209    0.111238
 90   42.497559    0.000031   -0.000023   -0.081457   -0.271405    0.129407
 91   42.272522    0.000015    0.000033   -0.016027   -0.112617    0.045533
time 4
  0    0.000000    0.000000    0.000000    0.000000   -0.000000    0.000000
  1    0.000000    0.000000    0.000000    0.000000   -0.000000    0.000000
  2    0.000000    0.000000    8.267646    0.732479   -1.517877    0.785399
  3   50.309212   -0.435479    0.000004   -0.000017   -0.229711    0.014098
  4   30.891544   -0.000011    0.000000    0.000017   -0.229711   -0.014097
  5   34.635605    0.000007   -0.000004   -0.000000   -0.229711   -0.000001
  6   30.584282    0.000018    0.000004   -0.000000   -0.467991    0.000001
  7   31.520180    0.000000   -0.000008   -0.000000   -0.445889   -0.000001
  8   34.241188  -28.000031  -41.878021    0.982269   -0.448002    0.300413
  9   34.241127   23.441803  -41.878098   -0.982274   -0.448003   -0.300408
 10   35.246696  -52.543083    1.319138   -0.000000   -0.000000    0.553846
 11   35.246544   52.726315    1.318924   -0.000000   -0.000000   -0.553843
 12   34.830009  -24.891926   45.588615   -0.980240    0.455055    0.288685
 13   34.885773   27.636589   43.767830    0.980235    0.455053   -0.288684
 14   29.239307  -51.573330   94.292953    0.036430   -0.472223   -0.452855
 15   42.375084    0.000000    0.000004   -0.083185   -0.124424   -0.126848
 16   42.546082    0.000038    0.000019   -0.033510   -0.166386   -0.205508
 17   42.234467    0.000019    0.000011    0.005205   -0.220088   -0.312413
 18   42.464981    0.000008    0.000008    0.008445   -0.181840   -0.273520
 19   42.458054   -0.000076   -0.000008   -0.011799   -0.102752   -0.139291
 20   42.267944    0.000046    0.000000    0.004060   -0.132264   -0.227616
 21   42.505859    0.000000    0.000000    0.040204   -0.188808   -0.350337
 22   42.233170    0.000031   -0.000015    0.030839   -0.061279    0.420616
 23   42.352295    0.000046    0.000000    0.209609    0.073990    0.543433
 24   42.391785   -0.000066    0.000031    0.061831    0.000009    0.151153
 25   42.497528   -0.000008   -0.000015    0.001510   -0.111493    0.086882
 26   42.272888    0.000046   -0.000031   -0.090933   -0.262418    0.091393
 27   29.239334   55.382633   92.214981    1.315517   -0.347820    0.269433
 28   42.375076   -0.000015    0.000002    0.069451    0.033192    0.113727
 29   42.546097    0.000000    0.000027    0.072252    0.054331    0.148520
 30   42.234482    0.000107   -0.000015    0.074811    0.039893    0.183625
 31   42.465027   -0.000031   -0.000011    0.102192    0.108577    0.193564
 32   42.458069    0.000031   -0.000038    0.258390    0.458547    0.334864
 33   42.267853    0.000031    0.000015    0.149034    0.537424    0.280986
 34   42.506020    0.000076    0.000031   -0.008270    0.211807    0.042539
 35   42.233101   -0.000015    0.000031   -0.033451    0.164601    0.025736
 36   42.352196   -0.000092    0.000061   -0.031880    0.148768    0.052354
 37   42.391731    0.000061    0.000031   -0.016241    0.159663   -0.123564
 38   42.497612    0.000015    0.000061   -0.016631    0.262078   -0.342605
 39   42.272675    0.000122    0.000031   -0.054289    0.239124   -0.262206
 40   29.239357  106.746620    1.740842    0.043279   -0.182522    1.818658
 41   42.375069   -0.000008   -0.000001   -0.013665   -0.060603   -0.070447
 42   42.546097    0.000000    0.000004   -0.023253   -0.056744   -0.095076
 43   42.234467    0.000011    0.000011   -0.029093   -0.058260   -0.096943
 44   42.465103   -0.000003   -0.000019    0.023975   -0.090365    0.072001
 45   42.458008    0.000000    0.000000    0.039639   -0.080815    0.088033
 46   42.267883   -0.000011   -0.000023    0.012312   -0.031190    0.023196
 47   42.505890    0.000008    0.000015   -0.010312    0.001770   -0.017286
 48   42.233124    0.000000   -0.000023   -0.020197    0.051308   -0.037438
 49   42.352295   -0.000015   -0.000008   -0.040091   -0.212300   -0.052754
 50   42.391693    0.000001   -0.000031   -0.052662   -0.182624   -0.042331
 51   42.497650    0.000006   -0.000031   -0.054565   -0.105348   -0.034200
 52   42.272766    0.000027    0.000000   -0.024417   -0.035673   -0.013807
 53   29.239323   50.706913  -91.389122   -1.343403    0.267740    0.555541
 54   42.375092   -0.000015    0.000000    0.004747   -0.093448    0.136940
 55   42.546082    0.000042   -0.000021    0.030203   -0.131239    0.198238
 56   42.234528   -0.000008   -0.000027    0.053597   -0.170780    0.287093
 57   42.465027    0.000057   -0.000008    0.042052   -0.126474    0.253791
 58   42.458115    0.000053   -0.000038    0.016750   -0.090092    0.208541
 59   42.267990   -0.000061   -0.000015   -0.002385   -0.144613    0.477628
 60   42.505920    0.000092   -0.000031   -0.013390   -0.111989    0.214124
 61   42.233246   -0.000061   -0.000061   -0.004589   -0.065231   -0.349511
 62   42.352280    0.000031   -0.000015   -0.039277   -0.230000   -0.378042
 63   42.391754    0.000053   -0.000031   -0.015655   -0.375369   -0.349967
 64   42.497528    0.000051   -0.000031   -0.181872   -0.134337   -0.158133
 65   42.272644    0.000000   -0.000092   -0.335106   -0.054684   -0.097545
 66   29.239311  -56.044872  -91.389069   -0.846319    0.716832   -1.368775
 67   42.375084   -0.000008   -0.000004    0.115636   -0.012543    0.075618
 68   42.546097    0.000004    0.000011    0.063344    0.015570    0.051214
 69   42.234467    0.000025   -0.000011    0.036404   -0.016277    0.026300
 70   42.465027   -0.000023    0.000008    0.025749   -0.085168    0.016418
 71   42.458191    0.000042   -0.000015    0.034435   -0.101399    0.020971
 72   42.267883   -0.000092   -0.000004    0.014980    0.084377    0.057457
 73   42.505951    0.000057    0.000027    0.005858    0.169218    0.053355
 74   42.233093    0.000000   -0.000008   -0.011404    0.050427    0.081029
 75   42.351990   -0.000053    0.000038   -0.039235   -0.035397    0.167580
 76   42.391815   -0.000061    0.000000   -0.058827   -0.013147    0.220205
 77   42.497559    0.000092    0.000008   -0.045641   -0.013430    0.119934
 78   42.272644    0.000000    0.000031    0.002437   -0.000000   -0.000001
 79   29.239311 -106.786285    1.740900   -0.062510    0.057474   -0.843007
 80   42.375114    0.000011   -0.000003   -0.004255    0.067009   -0.075644
 81   42.546021    0.000008    0.000004    0.000107    0.074992   -0.082633
 82   42.234512    0.000015   -0.000006    0.002957    0.051683   -0.038144
 83   42.465073    0.000023    0.000000    0.021862    0.132688   -0.179318
 84   42.458038    0.000000   -0.000008    0.138492    0.287859   -0.572668
 85   42.267944    0.000000   -0.000038    0.186456    0.114979   -0.379814
 86   42.505905   -0.000061   -0.000031   -0.017665    0.146376    0.037346
 87   42.233109    0.000031   -0.000031   -0.131719    0.300638    0.141924
 88   42.352325    0.000000   -0.000031   -0.137769    0.107781    0.087140
 89   42.391724    0.000000   -0.000031   -0.153515   -0.141820    0.098469
 90   42.497650   -0.000015   -0.000046   -0.142211   -0.121801    0.118207
 91   42.272552   -0.000015    0.000015   -0.081587   -0.098100    0.082077
time 5
  0    0.000000    0.000000    0.000000    0.000000   -0.000000    0.000000
  1    0.000000    0.000000    0.000000    0.000000   -0.000000    0.000000
  2    0.000000    0.000000   10.930781    0.715433   -1.500831    0.785399
  3   50.309212   -0.435479    0.000004   -0.000017   -0.228333    0.014098
  4   30.891537   -0.000011    0.000002    0.000017   -0.228333   -0.014097
  5   34.635597    0.000007    0.000004   -0.000000   -0.228333   -0.000001
  6   30.584274    0.000019    0.000015   -0.000000   -0.466613    0.000001
  7   31.520195    0.000001    0.000000   -0.000000   -0.444511   -0.000001
  8   34.241188  -28.000034  -41.877991    0.983398   -0.443666    0.297410
  9   34.241127   23.441803  -41.878082   -0.983402   -0.443667   -0.297404
 10   35.246704  -52.543098    1.319153   -0.000000   -0.000000    0.548695
 11   35.246544   52.726318    1.318924   -0.000000    0.000000   -0.548692
 12   34.830025  -24.891926   45.588593   -0.981394    0.450723    0.285665
 13   34.885780   27.636591   43.767822    0.981389    0.450722   -0.285664
 14   29.239326  -51.573345   94.292938    0.029143   -0.455856   -0.454457
 15   42.375069   -0.000004   -0.000023   -0.082475   -0.108618   -0.124079
 16   42.546082    0.000027    0.000015   -0.035045   -0.148530   -0.205350
 17   42.234482    0.000015   -0.000008    0.004810   -0.206297   -0.327613
 18   42.464996    0.000000    0.000015    0.014491   -0.184075   -0.312794
 19   42.458099   -0.000076   -0.000015   -0.007629   -0.104326   -0.163767
 20   42.267975    0.000061    0.000031    0.012991   -0.125530   -0.271394
 21   42.505875    0.000000    0.000015    0.062389   -0.174615   -0.407796
 22   42.233192   -0.000031   -0.000046    0.011466   -0.108625    0.469102
 23   42.352310    0.000031    0.000015    0.236181    0.026627    0.611356
 24   42.391693   -0.000057    0.000000    0.072524    0.002902    0.150395
 25   42.497498    0.000008    0.000015    0.011678   -0.084451    0.077736
 26   42.272827    0.000031    0.000015   -0.072323   -0.227519    0.071937
 27   29.239338   55.382629   92.214989    1.364920   -0.357536    0.268527
 28   42.375061    0.000008   -0.000019    0.072474    0.032980    0.122190
 29   42.546112    0.000008    0.000002    0.075107    0.052858    0.152803
 30   42.234467    0.000053   -0.000019    0.074981    0.031307    0.181371
 31   42.465027   -0.000053    0.000004    0.100126    0.106051    0.176170
 32   42.458069    0.000015   -0.000038    0.211680    0.391633    0.246785
 33   42.267883   -0.000023    0.000000    0.134561    0.446660    0.211801
 34   42.505981    0.000038    0.000000    0.003475    0.312086    0.060280
 35   42.233093   -0.000076   -0.000031   -0.055174    0.351499    0.090513
 36   42.352249   -0.000122    0.000031   -0.054063    0.207436    0.079064
 37   42.391754    0.000046    0.000031   -0.028998    0.164976   -0.091477
 38   42.497646   -0.000015    0.000000   -0.038161    0.239158   -0.274876
 39   42.272682    0.000046    0.000000   -0.115619    0.220609   -0.191555
 40   29.239365  106.746666    1.740839    0.065122   -0.218465    1.784022
 41   42.375061   -0.000004   -0.000002   -0.014360   -0.056941   -0.055612
 42   42.546127    0.000000   -0.000004   -0.025378   -0.053394   -0.085314
 43   42.234451    0.000011   -0.000004   -0.032227   -0.054618   -0.092560
 44   42.465042    0.000008   -0.000011    0.048658   -0.098871    0.127538
 45   42.458099    0.000011   -0.000023    0.078777   -0.084649    0.152029
 46   42.267914   -0.000023    0.000000    0.028209   -0.029968    0.045863
 47   42.505920    0.000015   -0.000008   -0.015137   -0.001654   -0.022356
 48   42.233154   -0.000015   -0.000015   -0.040683    0.062656   -0.067376
 49   42.352264    0.000008    0.000000   -0.019334   -0.245625   -0.006652
 50   42.391693    0.000008   -0.000031   -0.011798   -0.230204    0.009052
 51   42.497620    0.000000   -0.000031   -0.020426   -0.124086   -0.001320
 52   42.272827    0.000008   -0.000031   -0.014045   -0.057339   -0.001785
 53   29.239342   50.706894  -91.389099   -1.356987    0.205545    0.561808
 54   42.375099    0.000000   -0.000002    0.019631   -0.091122    0.142717
 55   42.546066    0.000034    0.000017    0.049956   -0.125740    0.210107
 56   42.234543   -0.000008   -0.000004    0.076533   -0.157970    0.307154
 57   42.465027    0.000069   -0.000008    0.054727   -0.105519    0.266357
 58   42.458069    0.000046   -0.000023    0.021963   -0.064088    0.212683
 59   42.267975   -0.000122   -0.000023    0.002461   -0.090255    0.511807
 60   42.505951    0.000092   -0.000023   -0.031446   -0.098066    0.273174
 61   42.233131   -0.000061   -0.000053    0.019988   -0.118092   -0.331141
 62   42.352264   -0.000031   -0.000061   -0.002197   -0.287534   -0.343515
 63   42.391724   -0.000015   -0.000031   -0.029775   -0.408857   -0.370736
 64   42.497589    0.000040   -0.000031   -0.228490   -0.147433   -0.165431
 65   42.272736   -0.000015   -0.000061   -0.458179   -0.054453   -0.101914
 66   29.239323  -56.044907  -91.389069   -0.890755    0.812890   -1.378134
 67   42.375099    0.000000    0.000000    0.113654   -0.035931    0.022825
 68   42.546112    0.000008    0.000010    0.063962   -0.003634    0.025336
 69   42.234451    0.000038   -0.000002    0.037072   -0.029316    0.007094
 70   42.464981   -0.000034   -0.000008    0.027144   -0.093454   -0.018810
 71   42.458069    0.000011    0.000031    0.035813   -0.101247   -0.024825
 72   42.267944   -0.000065   -0.000015    0.025397   -0.007210    0.074174
 73   42.505920    0.000034    0.000031    0.007371    0.062491    0.118397
 74   42.233124   -0.000004    0.000008   -0.010243   -0.033198    0.093055
 75   42.352142   -0.000038    0.000000   -0.007089   -0.164472    0.114419
 76   42.391815   -0.000031    0.000015    0.002919   -0.169244    0.149836
 77   42.497589    0.000061    0.000046    0.005686   -0.105892    0.097784
 78   42.272736    0.000031   -0.000061    0.002992   -0.006082    0.005710
 79   29.239307 -106.786278    1.740904   -0.089302    0.067233   -0.912591
 80   42.375092    0.000011   -0.000003   -0.001434    0.066372   -0.047734
 81   42.546082   -0.000023    0.000004    0.001044    0.069269   -0.045590
 82   42.234543    0.000000   -0.000010    0.000461    0.044309    0.000948
 83   42.465118   -0.000023    0.000000    0.018401    0.130321   -0.145314
 84   42.458038   -0.000008    0.000000    0.126873    0.291301   -0.522968
 85   42.267944    0.000031   -0.000023    0.179531    0.157829   -0.350401
 86   42.505936   -0.000031    0.000000   -0.029549    0.208833    0.057664
 87   42.233063    0.000000   -0.000031   -0.038354    0.229858    0.048143
 88   42.352310   -0.000031   -0.000031   -0.049756    0.070192    0.033545
 89   42.391769    0.000046   -0.000046   -0.151140   -0.046382    0.086228
 90   42.497620    0.000000   -0.000031   -0.166763   -0.030111    0.104428
 91   42.272491    0.000008    0.000031   -0.151750   -0.036594    0.101956
time 6
  0    0.000000    0.000000    0.000000    0.000000   -0.000000    0.000000
  1    0.000000    0.000000    0.000000    0.000000   -0.000000    0.000000
  2    0.000000    0.000000   12.878450    0.702964   -1.488364    0.785400
  3   50.309219   -0.435479    0.000004   -0.000017   -0.226809    0.014098
  4   30.891541   -0.000010   -0.000001    0.000017   -0.226809   -0.014097
  5   34.635605    0.000008    0.000000   -0.000000   -0.226809   -0.000001
  6   30.584290    0.000019    0.000000   -0.000000   -0.465089    0.000001
  7   31.520187    0.000002    0.000008   -0.000000   -0.442987   -0.000001
  8   34.241188  -28.000034  -41.878006    0.984645   -0.438870    0.294088
  9   34.241112   23.441807  -41.878113   -0.984650   -0.438871   -0.294082
 10   35.246696  -52.543098    1.319138   -0.000000    0.000000    0.542997
 11   35.246536   52.726322    1.318924   -0.000000    0.000000   -0.542994
 12   34.830009  -24.891930   45.588615   -0.982670    0.445932    0.282325
 13   34.885765   27.636593   43.767822    0.982666    0.445931   -0.282324
 14   29.239326  -51.573315   94.292923    0.030204   -0.468704   -0.478125
 15   42.375053    0.000006   -0.000004   -0.081831   -0.101190   -0.127625
 16   42.546082    0.000027    0.000011   -0.036454   -0.135761   -0.207698
 17   42.234467    0.000019   -0.000004    0.001574   -0.185652   -0.326967
 18   42.464981    0.000000   -0.000019    0.012449   -0.162196   -0.304922
 19   42.458099   -0.000076    0.000000   -0.003867   -0.103683   -0.182367
 20   42.267914    0.000031   -0.000008    0.038077   -0.135060   -0.390166
 21   42.505890    0.000000    0.000015    0.062608   -0.159294   -0.338040
 22   42.233131    0.000031    0.000000    0.015322   -0.116962    0.583455
 23   42.352295    0.000015    0.000015    0.229094    0.008793    0.565661
 24   42.391724   -0.000061    0.000000    0.064256   -0.009378    0.134204
 25   42.497437    0.000000    0.000000    0.009330   -0.082493    0.068103
 26   42.272797    0.000061    0.000031   -0.072449   -0.214734    0.055336
 27   29.239326   55.382614   92.214951    1.396120   -0.491878    0.344526
 28   42.375061   -0.000004   -0.000011    0.075366    0.030870    0.103133
 29   42.546127   -0.000004    0.000019    0.071464    0.042329    0.116678
 30   42.234497    0.000084    0.000000    0.054948    0.006595    0.110504
 31   42.465027   -0.000038    0.000000    0.089273    0.118810    0.142201
 32   42.458130    0.000000   -0.000015    0.191346    0.358611    0.243417
 33   42.267883   -0.000008    0.000015    0.106573    0.309958    0.165425
 34   42.506042    0.000092    0.000000    0.022845    0.386642    0.062337
 35   42.233139   -0.000061   -0.000031   -0.063123    0.510910    0.138596
 36   42.352226   -0.000092    0.000031   -0.066389    0.229157    0.039208
 37   42.391739    0.000046   -0.000061   -0.036349    0.177693   -0.121327
 38   42.497620    0.000061    0.000000   -0.058431    0.217998   -0.214200
 39   42.272636    0.000153    0.000000   -0.142954    0.183088   -0.106459
 40   29.239334  106.746643    1.740843    0.079943   -0.235595    1.676431
 41   42.375092   -0.000004    0.000000   -0.007469   -0.050063   -0.021332
 42   42.546127    0.000000    0.000002   -0.016583   -0.048668   -0.048824
 43   42.234497   -0.000008   -0.000008   -0.023272   -0.050808   -0.060502
 44   42.465057    0.000004   -0.000011    0.072604   -0.089450    0.176300
 45   42.458069   -0.000008   -0.000023    0.117449   -0.065740    0.217447
 46   42.267944    0.000000    0.000015    0.038839   -0.023332    0.063013
 47   42.505859    0.000000   -0.000023   -0.036251   -0.021647   -0.052752
 48   42.233093    0.000015   -0.000015   -0.089818    0.013204   -0.136646
 49   42.352173    0.000000   -0.000008   -0.029328   -0.227608   -0.015784
 50   42.391754   -0.000008    0.000031    0.013874   -0.262123    0.034282
 51   42.497620    0.000008   -0.000031   -0.013342   -0.158236    0.008608
 52   42.272736    0.000015   -0.000031   -0.011529   -0.076139    0.003148
 53   29.239342   50.706913  -91.389091   -1.377149    0.155809    0.560731
 54   42.375092   -0.000008   -0.000008    0.030201   -0.090507    0.144629
 55   42.546066    0.000031    0.000000    0.066174   -0.125138    0.218823
 56   42.234558   -0.000015    0.000008    0.097454   -0.153828    0.326798
 57   42.465012    0.000053    0.000008    0.066489   -0.092687    0.279653
 58   42.458008    0.000023   -0.000038    0.029062   -0.051165    0.232464
 59   42.267975   -0.000061    0.000023    0.002261   -0.057077    0.571391
 60   42.505997    0.000061   -0.000008   -0.038379   -0.079457    0.256341
 61   42.233208   -0.000092   -0.000015    0.030119   -0.131125   -0.341190
 62   42.352325    0.000000   -0.000069    0.002921   -0.295791   -0.335649
 63   42.391693    0.000092   -0.000061   -0.051552   -0.409255   -0.376573
 64   42.497604    0.000034   -0.000031   -0.265766   -0.152320   -0.180428
 65   42.272736   -0.000046    0.000031   -0.416921   -0.047243   -0.103921
 66   29.239315  -56.044872  -91.389023   -0.899844    0.890065   -1.354599
 67   42.375076   -0.000010   -0.000010    0.112799   -0.057328   -0.010455
 68   42.546097   -0.000006    0.000032    0.063867   -0.036234    0.018623
 69   42.234451    0.000034   -0.000023    0.037426   -0.030842   -0.016837
 70   42.465027   -0.000017   -0.000004    0.022103   -0.042707   -0.091994
 71   42.458099    0.000023   -0.000011    0.020241   -0.037293   -0.104865
 72   42.267944   -0.000069   -0.000008    0.031832   -0.060638    0.052159
 73   42.505981    0.000076    0.000004    0.027406   -0.077226    0.194926
 74   42.233093    0.000000   -0.000015    0.003674   -0.091014    0.113315
 75   42.352203    0.000000    0.000000    0.020187   -0.157265    0.011513
 76   42.391785    0.000084   -0.000046    0.048337   -0.183038    0.047632
 77   42.497559    0.000053   -0.000031    0.044715   -0.127675    0.045088
 78   42.272675    0.000092   -0.000031    0.010426   -0.020146    0.008157
 79   29.239311 -106.786240    1.740899   -0.113756    0.103762   -0.933012
 80   42.375092    0.000004   -0.000002    0.001728    0.048578   -0.027793
 81   42.546051    0.000019    0.000004    0.002107    0.049073   -0.025442
 82   42.234467    0.000008   -0.000006   -0.000749    0.020399    0.013307
 83   42.465088    0.000000    0.000000    0.012478    0.109136   -0.098734
 84   42.458038    0.000023    0.000015    0.093783    0.301792   -0.404808
 85   42.267883    0.000015    0.000015    0.187306    0.235035   -0.332768
 86   42.505966    0.000031    0.000046   -0.000635    0.192419    0.018950
 87   42.233078    0.000000    0.000000    0.041887    0.136771   -0.020574
 88   42.352325    0.000061   -0.000031    0.014598    0.035672   -0.006687
 89   42.391663    0.000031   -0.000031   -0.032329   -0.013359    0.020292
 90   42.497498   -0.000031   -0.000031   -0.016269    0.021701    0.012332
 91   42.272491   -0.000015    0.000000   -0.015159    0.023620    0.011262
time 7
  0    0.000000    0.000000    0.000000    0.000000   -0.000000    0.000000
  1    0.000000    0.000000    0.000000    0.000000   -0.000000    0.000000
  2    0.000000    0.000000   13.633667    0.698132   -1.483530    0.785400
  3   50.309208   -0.435479    0.000004   -0.000017   -0.225197    0.014098
  4   30.891541   -0.000011    0.000002    0.000017   -0.225197   -0.014097
  5   34.635597    0.000006    0.000004   -0.000000   -0.225197   -0.000001
  6   30.584282    0.000017    0.000004   -0.000000   -0.463477    0.000001
  7   31.520187   -0.000002    0.000000   -0.000000   -0.441375   -0.000001
  8   34.241196  -28.000034  -41.877991    0.985964   -0.433799    0.290575
  9   34.241119   23.441803  -41.878082   -0.985970   -0.433800   -0.290570
 10   35.246696  -52.543087    1.319153   -0.000000   -0.000000    0.536972
 11   35.246529   52.726315    1.318939   -0.000000    0.000000   -0.536969
 12   34.830025  -24.891930   45.588615   -0.984020    0.440866    0.278793
 13   34.885780   27.636589   43.767830    0.984016    0.440865   -0.278792
 14   29.239311  -51.573349   94.292953    0.044423   -0.480862   -0.488978
 15   42.375053   -0.000011    0.000004   -0.084100   -0.093927   -0.126325
 16   42.546097    0.000031   -0.000015   -0.040551   -0.124875   -0.205264
 17   42.234467    0.000015   -0.000011   -0.003475   -0.169901   -0.325969
 18   42.464951    0.000015   -0.000004    0.011573   -0.149264   -0.307849
 19   42.458099   -0.000076    0.000000    0.000844   -0.109636   -0.207195
 20   42.267960    0.000031   -0.000008    0.066425   -0.146835   -0.490664
 21   42.505852    0.000000    0.000000    0.050104   -0.150723   -0.238753
 22   42.233185    0.000031   -0.000031    0.026675   -0.111886    0.653452
 23   42.352280    0.000000    0.000046    0.221805    0.008425    0.526329
 24   42.391754   -0.000034    0.000015    0.058688   -0.017530    0.126389
 25   42.497375    0.000008    0.000015    0.004603   -0.089347    0.063267
 26   42.272766    0.000061    0.000000   -0.083385   -0.220276    0.046183
 27   29.239334   55.382595   92.214935    1.340292   -0.764839    0.594681
 28   42.375053   -0.000011   -0.000004    0.058160   -0.013629    0.010574
 29   42.546112   -0.000004    0.000000    0.042233   -0.024717    0.002197
 30   42.234482    0.000099   -0.000011    0.012005   -0.081836   -0.042870
 31   42.465042   -0.000038    0.000004    0.070519    0.109445    0.113364
 32   42.458099    0.000023    0.000008    0.190284    0.320413    0.296346
 33   42.267853   -0.000023    0.000000    0.093870    0.221829    0.144762
 34   42.505981    0.000099    0.000061    0.055153    0.404584    0.088691
 35   42.233063    0.000015    0.000031   -0.029696    0.592068    0.171102
 36   42.352242   -0.000076    0.000031   -0.074594    0.280621    0.019869
 37   42.391670    0.000031   -0.000061   -0.074437    0.240972   -0.118817
 38   42.497650    0.000031    0.000031   -0.131481    0.225382   -0.073224
 39   42.272598    0.000153    0.000000   -0.150259    0.163504   -0.013693
 40   29.239346  106.746643    1.740824    0.082354   -0.214935    1.494390
 41   42.375046    0.000008   -0.000006    0.005355   -0.044622    0.028977
 42   42.546097   -0.000011    0.000004    0.001784   -0.046110    0.010745
 43   42.234451    0.000000   -0.000004   -0.004415   -0.049076   -0.008100
 44   42.465042    0.000000   -0.000019    0.093411   -0.071817    0.226794
 45   42.458054   -0.000015    0.000000    0.155238   -0.026080    0.303101
 46   42.267914   -0.000031   -0.000002    0.047599   -0.015955    0.088067
 47   42.505890    0.000015    0.000015   -0.052600   -0.079764   -0.082103
 48   42.233093   -0.000015   -0.000011   -0.132489   -0.097906   -0.184249
 49   42.352234    0.000015    0.000000   -0.058764   -0.180725   -0.047699
 50   42.391693    0.000015   -0.000015    0.042524   -0.254494    0.052161
 51   42.497681    0.000015    0.000000   -0.013378   -0.197622    0.014256
 52   42.272644    0.000008    0.000061   -0.021268   -0.116536    0.006858
 53   29.239334   50.706913  -91.389091   -1.415151    0.120257    0.541841
 54   42.375076   -0.000015   -0.000011    0.033344   -0.091834    0.140727
 55   42.546066    0.000031    0.000008    0.075364   -0.131403    0.221717
 56   42.234558   -0.000004   -0.000015    0.114896   -0.166160    0.345623
 57   42.465012    0.000034   -0.000031    0.078680   -0.093993    0.298691
 58   42.458038    0.000046   -0.000031    0.038858   -0.046409    0.278307
 59   42.267960   -0.000092   -0.000015   -0.008778   -0.033541    0.638174
 60   42.505936    0.000061   -0.000038   -0.034026   -0.067299    0.176816
 61   42.233231   -0.000031   -0.000031    0.035345   -0.121126   -0.365332
 62   42.352310    0.000000   -0.000015   -0.004758   -0.273427   -0.344910
 63   42.391785    0.000076   -0.000031   -0.088157   -0.368586   -0.381811
 64   42.497620    0.000036    0.000000   -0.284990   -0.141220   -0.205319
 65   42.272766   -0.000031    0.000031   -0.305633   -0.033840   -0.106150
 66   29.239311  -56.044838  -91.389046   -0.884260    0.950863   -1.318039
 67   42.375092    0.000015   -0.000002    0.112357   -0.066633   -0.043580
 68   42.546097    0.000008    0.000010    0.061840   -0.061935    0.009462
 69   42.234467    0.000019   -0.000008    0.038096   -0.027103   -0.040960
 70   42.464981   -0.000023   -0.000027    0.015116    0.011407   -0.151461
 71   42.458069    0.000038    0.000008    0.004095    0.025623   -0.154505
 72   42.267975   -0.000069    0.000000    0.022639   -0.051860   -0.011766
 73   42.506012    0.000046    0.000000    0.046312   -0.170461    0.151764
 74   42.233063    0.000011    0.000031    0.041600   -0.187415    0.139500
 75   42.352173   -0.000019   -0.000046    0.028981   -0.145711   -0.056893
 76   42.391846    0.000000    0.000015    0.057811   -0.162944   -0.051091
 77   42.497498    0.000023    0.000061    0.066002   -0.131682   -0.017873
 78   42.272675    0.000000    0.000061    0.022461   -0.035707   -0.002481
 79   29.239311 -106.786293    1.740916   -0.142159    0.145864   -0.967647
 80   42.375061    0.000015    0.000000    0.001467    0.021234    0.006790
 81   42.546005    0.000000    0.000000   -0.000146    0.018951    0.010659
 82   42.234482    0.000008   -0.000008   -0.006137   -0.017803    0.049264
 83   42.465088    0.000023   -0.000006    0.004966    0.066155   -0.035856
 84   42.458069    0.000008    0.000000    0.052326    0.285385   -0.251750
 85   42.267914    0.000015   -0.000023    0.186330    0.323865   -0.324541
 86   42.505981    0.000000   -0.000015    0.086245    0.111060   -0.085430
 87   42.233032    0.000015   -0.000031    0.084921    0.069029   -0.073100
 88   42.352295    0.000000   -0.000015    0.111673    0.020951   -0.096245
 89   42.391815    0.000000    0.000000    0.174614   -0.003646   -0.158618
 90   42.497589    0.000000   -0.000038    0.199549   -0.024581   -0.201020
 91   42.272568   -0.000031   -0.000011    0.108803   -0.041197   -0.124888
time 8
  0    0.000000    0.000000    0.000000    0.000000   -0.000000    0.000000
  1    0.000000    0.000000    0.000000    0.000000   -0.000000    0.000000
  2    0.000000    0.000000   13.047848    0.700687   -1.486086    0.785400
  3   50.309219   -0.435479    0.000004   -0.000017   -0.223556    0.014098
  4   30.891537   -0.000010    0.000004    0.000017   -0.223556   -0.014097
  5   34.635597    0.000007    0.000004   -0.000000   -0.223556   -0.000001
  6   30.584290    0.000019    0.000015   -0.000000   -0.461836    0.000001
  7   31.520203    0.000001   -0.000008   -0.000000   -0.439734   -0.000001
  8   34.241180  -28.000042  -41.877991    0.987308   -0.428635    0.286998
  9   34.241127   23.441814  -41.878082   -0.987313   -0.428636   -0.286993
 10   35.246712  -52.543106    1.319138   -0.000000   -0.000000    0.530838
 11   35.246552   52.726334    1.318939   -0.000000    0.000000   -0.530835
 12   34.830032  -24.891933   45.588623   -0.985395    0.435708    0.275196
 13   34.885788   27.636597   43.767830    0.985390    0.435707   -0.275196
 14   29.239326  -51.573345   94.292984    0.070400   -0.490924   -0.485227
 15   42.375076    0.000004   -0.000004   -0.088764   -0.087615   -0.120961
 16   42.546082    0.000019    0.000008   -0.046738   -0.116632   -0.198924
 17   42.234467    0.000008    0.000019   -0.010093   -0.159415   -0.325554
 18   42.464996   -0.000015    0.000004    0.011517   -0.144406   -0.321165
 19   42.458145   -0.000092    0.000000    0.006788   -0.123638   -0.236699
 20   42.267960    0.000000    0.000008    0.091809   -0.166887   -0.559190
 21   42.505920    0.000000    0.000000    0.032811   -0.140445   -0.143573
 22   42.233185    0.000061   -0.000008    0.043421   -0.089977    0.686219
 23   42.352295    0.000061    0.000015    0.216521    0.019883    0.504035
 24   42.391754   -0.000057    0.000015    0.054840   -0.024178    0.125345
 25   42.497528   -0.000023    0.000015   -0.003421   -0.105107    0.061480
 26   42.272797    0.000031    0.000000   -0.098116   -0.231653    0.042533
 27   29.239346   55.382645   92.214981    1.049057   -0.995840    1.088429
 28   42.375084    0.000004    0.000002    0.035468   -0.088741   -0.092228
 29   42.546112   -0.000027    0.000027    0.016856   -0.116606   -0.115029
 30   42.234482    0.000038   -0.000008   -0.009231   -0.211046   -0.213061
 31   42.465057   -0.000046    0.000000    0.036618    0.038780    0.050969
 32   42.458069   -0.000008    0.000000    0.185614    0.287712    0.342849
 33   42.267914   -0.000031    0.000015    0.089844    0.166334    0.153649
 34   42.506012    0.000076    0.000031    0.064763    0.249984    0.097025
 35   42.233032   -0.000031    0.000000    0.069396    0.572537    0.196630
 36   42.352173   -0.000046    0.000031   -0.047586    0.430872    0.104762
 37   42.391731    0.000061    0.000092   -0.106308    0.360048   -0.004426
 38   42.497704    0.000046    0.000000   -0.134196    0.262778    0.035847
 39   42.272629    0.000122   -0.000031   -0.103918    0.151645    0.050110
 40   29.239361  106.746674    1.740840    0.071757   -0.161059    1.282973
 41   42.375038    0.000004    0.000000    0.014149   -0.042149    0.077012
 42   42.546112    0.000011    0.000000    0.019142   -0.047475    0.079536
 43   42.234482    0.000015    0.000000    0.016193   -0.052827    0.056020
 44   42.465073    0.000004   -0.000004    0.099115   -0.054051    0.260029
 45   42.458054    0.000000   -0.000019    0.178038    0.022531    0.395080
 46   42.267914   -0.000015    0.000002    0.056322    0.000539    0.132676
 47   42.505951   -0.000031    0.000011   -0.047886   -0.145044   -0.091583
 48   42.233154   -0.000046   -0.000023   -0.160218   -0.214829   -0.220538
 49   42.352295    0.000000   -0.000015   -0.101388   -0.155108   -0.087746
 50   42.391663    0.000008   -0.000031    0.044003   -0.207062    0.047738
 51   42.497589    0.000000    0.000000    0.009572   -0.231488    0.024222
 52   42.272705    0.000023    0.000000   -0.066591   -0.194177    0.011854
 53   29.239342   50.706913  -91.389114   -1.462379    0.097889    0.509982
 54   42.375092   -0.000008    0.000015    0.029864   -0.093604    0.133181
 55   42.546059    0.000031    0.000019    0.076310   -0.141289    0.219190
 56   42.234558   -0.000015    0.000011    0.125779   -0.191570    0.361589
 57   42.464996    0.000076    0.000008    0.089537   -0.107789    0.323248
 58   42.458099    0.000046   -0.000023    0.048010   -0.047437    0.350177
 59   42.268005   -0.000061   -0.000023   -0.029151   -0.022525    0.656659
 60   42.505905    0.000031   -0.000053   -0.021527   -0.059182    0.087348
 61   42.233177   -0.000061   -0.000046    0.036555   -0.102283   -0.388071
 62   42.352280   -0.000031   -0.000023   -0.018619   -0.220711   -0.349512
 63   42.391754    0.000031   -0.000015   -0.118818   -0.286364   -0.381388
 64   42.497559    0.000021   -0.000061   -0.266153   -0.115184   -0.236469
 65   42.272736    0.000015   -0.000061   -0.206585   -0.019553   -0.108379
 66   29.239319  -56.044903  -91.389069   -0.833106    0.985863   -1.251662
 67   42.375114    0.000010   -0.000011    0.114565   -0.057790   -0.076444
 68   42.546127   -0.000002    0.000027    0.060553   -0.070580   -0.004989
 69   42.234497    0.000029    0.000011    0.038662   -0.019560   -0.062362
 70   42.465012   -0.000027    0.000000    0.008969    0.049278   -0.190066
 71   42.458099    0.000031   -0.000011   -0.004622    0.065151   -0.173859
 72   42.267883   -0.000061    0.000011    0.011456   -0.022312   -0.052431
 73   42.505981    0.000076    0.000013    0.036476   -0.152388    0.044543
 74   42.233063    0.000000   -0.000042    0.084258   -0.281462    0.094945
 75   42.352173   -0.000031   -0.000015    0.050002   -0.166883   -0.063619
 76   42.391846    0.000015   -0.000015    0.008517   -0.100859   -0.110133
 77   42.497528    0.000092   -0.000031    0.047622   -0.116533   -0.067215
 78   42.272705    0.000046    0.000000    0.024132   -0.047036   -0.024340
 79   29.239323 -106.786293    1.740899   -0.164753    0.182315   -1.004399
 80   42.375084   -0.000004   -0.000008   -0.005913   -0.008802    0.042128
 81   42.546066   -0.000015    0.000004   -0.007238   -0.011686    0.044909
 82   42.234528   -0.000027   -0.000008   -0.014196   -0.054691    0.082998
 83   42.465088   -0.000053    0.000000   -0.001250    0.019724    0.013715
 84   42.458099   -0.000031   -0.000010    0.021386    0.212569   -0.122555
 85   42.267883    0.000000   -0.000015    0.112462    0.374392   -0.228518
 86   42.505890   -0.000008    0.000000    0.208265    0.062122   -0.257214
 87   42.233032    0.000000   -0.000031    0.112562   -0.009217   -0.142667
 88   42.352264    0.000000    0.000000    0.174088    0.035656   -0.227091
 89   42.391693    0.000000   -0.000046    0.249835    0.003294   -0.354578
 90   42.497620    0.000031   -0.000065    0.163208   -0.073076   -0.279643
 91   42.272469   -0.000031   -0.000023    0.064114   -0.061120   -0.140423
time 9
  0    0.000000    0.000000    0.000000    0.000000   -0.000000    0.000000
  1    0.000000    0.000000    0.000000    0.000000   -0.000000    0.000000
  2    0.000000    0.000000   11.503407    0.707676   -1.493074    0.785398
  3   50.309212   -0.435479    0.000004   -0.000017   -0.221944    0.014098
  4   30.891541   -0.000011    0.000002    0.000017   -0.221944   -0.014097
  5   34.635597    0.000006    0.000004   -0.000000   -0.221944   -0.000001
  6   30.584274    0.000017    0.000000   -0.000000   -0.460224    0.000001
  7   31.520187   -0.000000   -0.000015   -0.000000   -0.438122   -0.000001
  8   34.241196  -28.000034  -41.878006    0.988627   -0.423564    0.283485
  9   34.241119   23.441803  -41.878098   -0.988632   -0.423565   -0.283480
 10   35.246704  -52.543091    1.319138   -0.000000    0.000000    0.524812
 11   35.246536   52.726318    1.318924   -0.000000    0.000000   -0.524809
 12   34.830017  -24.891930   45.588615   -0.986745    0.430642    0.271664
 13   34.885773   27.636585   43.767830    0.986740    0.430640   -0.271663
 14   29.239313  -51.573341   94.292931    0.102454   -0.498585   -0.471455
 15   42.375069    0.000010   -0.000031   -0.094260   -0.081987   -0.113676
 16   42.546097    0.000023   -0.000023   -0.053533   -0.109950   -0.190434
 17   42.234451    0.000023   -0.000008   -0.017317   -0.151828   -0.325301
 18   42.465012   -0.000008   -0.000004    0.012467   -0.144449   -0.341858
 19   42.458084   -0.000092    0.000008    0.015529   -0.145649   -0.272812
 20   42.267929    0.000000    0.000008    0.110378   -0.194701   -0.590706
 21   42.505905   -0.000031   -0.000008    0.017676   -0.123949   -0.068522
 22   42.233177    0.000000   -0.000053    0.061571   -0.051624    0.693148
 23   42.352234   -0.000015   -0.000031    0.210781    0.040728    0.496344
 24   42.391754   -0.000069    0.000000    0.050339   -0.033011    0.129285
 25   42.497498   -0.000008    0.000000   -0.017925   -0.134597    0.060793
 26   42.272827    0.000023    0.000046   -0.103657   -0.232340    0.043764
 27   29.239328   55.382603   92.214951    0.692376   -1.041010    1.555187
 28   42.375053   -0.000010   -0.000011    0.036971   -0.112707   -0.113051
 29   42.546112   -0.000019    0.000015    0.017262   -0.158122   -0.150239
 30   42.234451    0.000065    0.000023    0.000708   -0.314729   -0.321661
 31   42.465027   -0.000076    0.000015    0.005117   -0.083105   -0.073602
 32   42.458069   -0.000023    0.000015    0.153174    0.244283    0.325411
 33   42.267914   -0.000031    0.000008    0.089008    0.147666    0.175092
 34   42.506073    0.000069    0.000031    0.047224    0.135711    0.091091
 35   42.233124   -0.000008    0.000015    0.081606    0.343498    0.157166
 36   42.352234    0.000000    0.000061    0.071662    0.468910    0.211032
 37   42.391678    0.000092    0.000000   -0.019091    0.476388    0.149604
 38   42.497543    0.000046   -0.000031   -0.092628    0.398078    0.134048
 39   42.272667    0.000153    0.000031   -0.072308    0.189511    0.093441
 40   29.239340  106.746651    1.740822    0.053646   -0.095166    1.093038
 41   42.375076    0.000008   -0.000008    0.013735   -0.038420    0.104168
 42   42.546127    0.000011   -0.000004    0.024630   -0.047753    0.132626
 43   42.234467    0.000004   -0.000008    0.031568   -0.061672    0.129391
 44   42.465103   -0.000019   -0.000015    0.091730   -0.043575    0.278463
 45   42.458115   -0.000046   -0.000008    0.173119    0.060800    0.453617
 46   42.267944   -0.000031    0.000006    0.066003    0.040004    0.208603
 47   42.505920    0.000000    0.000008   -0.027839   -0.178826   -0.077506
 48   42.233109    0.000000   -0.000010   -0.160656   -0.322909   -0.259606
 49   42.352325   -0.000046   -0.000015   -0.134173   -0.162059   -0.119509
 50   42.391693   -0.000046   -0.000061   -0.000826   -0.157019    0.012684
 51   42.497589   -0.000015   -0.000031    0.068742   -0.235702    0.044823
 52   42.272705   -0.000015   -0.000031    0.006492   -0.278314    0.023145
 53   29.239336   50.706921  -91.389084   -1.507099    0.083400    0.475426
 54   42.375069   -0.000008    0.000004    0.023638   -0.094815    0.125407
 55   42.546074    0.000046    0.000008    0.072011   -0.150631    0.214020
 56   42.234543   -0.000031   -0.000004    0.129895   -0.221230    0.373669
 57   42.465027    0.000069   -0.000015    0.096854   -0.127659    0.348076
 58   42.458069    0.000031   -0.000023    0.050743   -0.050669    0.415281
 59   42.267990   -0.000092   -0.000023   -0.047526   -0.021891    0.631459
 60   42.505951    0.000031   -0.000015   -0.009987   -0.052024    0.024378
 61   42.233177   -0.000092   -0.000023    0.035753   -0.091279   -0.397235
 62   42.352280    0.000015    0.000008   -0.031450   -0.148433   -0.331711
 63   42.391632    0.000046   -0.000015   -0.135488   -0.163167   -0.366573
 64   42.497498    0.000068   -0.000031   -0.226787   -0.067493   -0.268217
 65   42.272675    0.000000   -0.000076   -0.140168   -0.001551   -0.112312
 66   29.239317  -56.044853  -91.389023   -0.744178    0.989782   -1.142302
 67   42.375092    0.000006   -0.000006    0.120420   -0.026601   -0.109592
 68   42.546097   -0.000017    0.000038    0.062373   -0.055105   -0.029779
 69   42.234436    0.000017    0.000004    0.038755   -0.008966   -0.080777
 70   42.465103   -0.000046    0.000008    0.005753    0.062985   -0.205780
 71   42.458038    0.000015    0.000000   -0.006933    0.079292   -0.174541
 72   42.267914   -0.000092   -0.000010    0.006253   -0.004281   -0.066546
 73   42.505981    0.000061    0.000015    0.017401   -0.102611   -0.015091
 74   42.233154   -0.000015    0.000002    0.079946   -0.281962    0.007151
 75   42.352203   -0.000061    0.000031    0.095486   -0.234603   -0.071727
 76   42.391785   -0.000031    0.000000   -0.043805   -0.040011   -0.114165
 77   42.497467    0.000015    0.000031    0.011064   -0.080629   -0.074820
 78   42.272675    0.000031    0.000061    0.008354   -0.051824   -0.046733
 79   29.239302 -106.786240    1.740918   -0.178093    0.206722   -1.031711
 80   42.375114    0.000004   -0.000004   -0.016752   -0.033906    0.067338
 81   42.546036   -0.000008   -0.000001   -0.015499   -0.035933    0.067002
 82   42.234512    0.000011   -0.000008   -0.021189   -0.080812    0.102059
 83   42.465088   -0.000008   -0.000006   -0.005025   -0.013904    0.040128
 84   42.458099   -0.000008    0.000000    0.009036    0.138227   -0.062145
 85   42.267944    0.000023   -0.000006    0.040973    0.353841   -0.096555
 86   42.505920    0.000000    0.000000    0.242671    0.095304   -0.365500
 87   42.233124    0.000000   -0.000015    0.140464   -0.117770   -0.234030
 88   42.352356    0.000000    0.000000    0.124209    0.024421   -0.261413
 89   42.391754    0.000031   -0.000011    0.210236    0.053638   -0.482095
 90   42.497543    0.000031   -0.000031    0.129774   -0.052769   -0.333344
 91   42.272530    0.000000    0.000000    0.053569   -0.052813   -0.182667
time 10
  0    0.000000    0.000000    0.000000    0.000000   -0.000000    0.000000
  1    0.000000    0.000000    0.000000    0.000000   -0.000000    0.000000
  2    0.000000    0.000000    9.319888    0.718073   -1.503472    0.785399
  3   50.309208   -0.435479    0.000004   -0.000017   -0.220420    0.014098
  4   30.891529   -0.000010    0.000005    0.000017   -0.220420   -0.014097
  5   34.635597    0.000007    0.000008   -0.000000   -0.220420   -0.000001
  6   30.584282    0.000020    0.000015   -0.000000   -0.458700    0.000001
  7   31.520195    0.000001    0.000015   -0.000000   -0.436598   -0.000001
  8   34.241196  -28.000032  -41.878021    0.989875   -0.418768    0.280163
  9   34.241127   23.441801  -41.878082   -0.989880   -0.418769   -0.280158
 10   35.246704  -52.543083    1.319122   -0.000000    0.000000    0.519115
 11   35.246544   52.726315    1.318924   -0.000000   -0.000000   -0.519112
 12   34.830017  -24.891924   45.588608   -0.988021    0.425851    0.268324
 13   34.885788   27.636591   43.767815    0.988017    0.425850   -0.268323
 14   29.239319  -51.573338   94.292938    0.139259   -0.503268   -0.450978
 15   42.375076    0.000006    0.000015   -0.099811   -0.077370   -0.105489
 16   42.546082    0.000027   -0.000008   -0.060146   -0.104902   -0.180366
 17   42.234512    0.000023   -0.000004   -0.024769   -0.146862   -0.323268
 18   42.465042    0.000008    0.000019    0.013975   -0.148637   -0.366279
 19   42.458130   -0.000061   -0.000008    0.028050   -0.176513   -0.316482
 20   42.267990    0.000046    0.000008    0.118477   -0.227865   -0.585198
 21   42.505920    0.000000    0.000000    0.007827   -0.102255   -0.020090
 22   42.233200   -0.000031   -0.000046    0.078311    0.002699    0.679079
 23   42.352264    0.000031   -0.000015    0.203148    0.072886    0.500080
 24   42.391785   -0.000031   -0.000015    0.043263   -0.047956    0.137878
 25   42.497528    0.000023    0.000008   -0.041996   -0.182575    0.060699
 26   42.272766    0.000076   -0.000015   -0.080174   -0.201951    0.052559
 27   29.239319   55.382614   92.214981    0.623405   -1.019089    1.626927
 28   42.375076    0.000004    0.000004    0.045299   -0.101737   -0.096131
 29   42.546127   -0.000019    0.000010    0.027631   -0.147477   -0.129131
 30   42.234467    0.000065   -0.000011    0.011332   -0.306448   -0.286679
 31   42.465073   -0.000069   -0.000015   -0.001849   -0.147620   -0.121112
 32   42.458069    0.000023    0.000000    0.116445    0.194076    0.256515
 33   42.267883   -0.000038   -0.000015    0.060203    0.094765    0.123595
 34   42.506012    0.000061    0.000015    0.032265    0.091592    0.076391
 35   42.233093   -0.000038    0.000000    0.068374    0.247907    0.153649
 36   42.352203   -0.000084   -0.000008    0.110970    0.413006    0.245263
 37   42.391724    0.000092    0.000000    0.052867    0.407620    0.205744
 38   42.497635    0.000061    0.000031   -0.006647    0.459678    0.221515
 39   42.272614    0.000122    0.000092   -0.043011    0.256885    0.137853
 40   29.239349  106.746635    1.740844    0.032103   -0.033250    0.947596
 41   42.375046   -0.000004   -0.000002    0.008633   -0.032125    0.112902
 42   42.546097    0.000023    0.000002    0.019547   -0.043555    0.159643
 43   42.234406    0.000015    0.000004    0.036657   -0.068547    0.205738
 44   42.465057    0.000008    0.000004    0.079798   -0.043381    0.301778
 45   42.458130    0.000000    0.000006    0.142860    0.080792    0.453527
 46   42.267914    0.000000   -0.000002    0.068045    0.087335    0.292561
 47   42.505890    0.000000   -0.000008   -0.012433   -0.186996   -0.062341
 48   42.233154    0.000061   -0.000012   -0.136211   -0.396076   -0.304719
 49   42.352264    0.000046    0.000000   -0.146523   -0.176181   -0.144672
 50   42.391693    0.000031   -0.000015   -0.036317   -0.137910   -0.017783
 51   42.497650    0.000015   -0.000031    0.104922   -0.239734    0.062419
 52   42.272675    0.000015    0.000031    0.266221   -0.311642    0.035869
 53   29.239334   50.706898  -91.389107   -1.542672    0.075112    0.444923
 54   42.375080   -0.000015    0.000010    0.017525   -0.096398    0.120925
 55   42.546051    0.000015   -0.000004    0.065462   -0.158324    0.210558
 56   42.234512   -0.000023    0.000000    0.126254   -0.246870    0.381880
 57   42.464996    0.000057   -0.000023    0.096001   -0.146055    0.361228
 58   42.458054    0.000046   -0.000008    0.045108   -0.052519    0.426198
 59   42.267990   -0.000107   -0.000031   -0.057538   -0.028198    0.610326
 60   42.505890    0.000092   -0.000031   -0.005743   -0.050916    0.000780
 61   42.233154   -0.000061   -0.000023    0.036163   -0.102012   -0.385869
 62   42.352234    0.000046   -0.000053   -0.036870   -0.075850   -0.285859
 63   42.391724    0.000076   -0.000092   -0.143616    0.009425   -0.335445
 64   42.497589    0.000078   -0.000046   -0.181021    0.029125   -0.291063
 65   42.272644    0.000031   -0.000023   -0.093065    0.033196   -0.116814
 66   29.239311  -56.044865  -91.389061   -0.631917    0.951524   -1.003181
 67   42.375084    0.000003    0.000000    0.126640    0.027846   -0.139347
 68   42.546112    0.000010    0.000000    0.066567   -0.009462   -0.069291
 69   42.234467    0.000027   -0.000011    0.037698    0.007014   -0.097331
 70   42.465027   -0.000011   -0.000023    0.006727    0.048170   -0.195019
 71   42.458099    0.000053   -0.000019   -0.005259    0.070000   -0.163722
 72   42.267944   -0.000061   -0.000011    0.004909   -0.000862   -0.067481
 73   42.505859    0.000046    0.000015    0.010335   -0.081174   -0.029916
 74   42.233154   -0.000015    0.000004    0.064979   -0.255481   -0.024423
 75   42.352203    0.000000    0.000008    0.111088   -0.266949   -0.089784
 76   42.391815    0.000015    0.000031   -0.048470   -0.030384   -0.103107
 77   42.497498    0.000000    0.000000   -0.004474   -0.064593   -0.072884
 78   42.272736   -0.000031    0.000031   -0.000461   -0.051286   -0.052860
 79   29.239304 -106.786224    1.740899   -0.179233    0.211313   -1.039664
 80   42.375069   -0.000021   -0.000008   -0.022153   -0.047518    0.073135
 81   42.546036    0.000004    0.000002   -0.018941   -0.048783    0.071192
 82   42.234512   -0.000004   -0.000008   -0.023409   -0.092484    0.104310
 83   42.465088    0.000008   -0.000013   -0.006162   -0.030367    0.046817
 84   42.458130   -0.000008   -0.000008    0.005660    0.101034   -0.046123
 85   42.267944    0.000008   -0.000008    0.020864    0.324645   -0.054154
 86   42.506012    0.000000    0.000031    0.223271    0.097966   -0.398742
 87   42.233124    0.000061   -0.000015    0.148884   -0.173245   -0.291573
 88   42.352325    0.000046   -0.000006    0.067191   -0.006539   -0.205976
 89   42.391693    0.000061   -0.000019    0.130576    0.074292   -0.453338
 90   42.497543   -0.000031   -0.000027    0.126378   -0.012879   -0.433061
 91   42.272575    0.000000    0.000015    0.057974   -0.042152   -0.252915
time 11
  0    0.000000    0.000000    0.000000    0.000000   -0.000000    0.000000
  1    0.000000    0.000000    0.000000    0.000000   -0.000000    0.000000
  2    0.000000    0.000000    6.816833    0.730856   -1.516253    0.785397
  3   50.309223   -0.435478    0.000004   -0.000017   -0.219042    0.014098
  4   30.891537   -0.000011    0.000001    0.000017   -0.219042   -0.014097
  5   34.635605    0.000007   -0.000002   -0.000000   -0.219042   -0.000001
  6   30.584290    0.000019    0.000004   -0.000000   -0.457322    0.000001
  7   31.520187    0.000001    0.000000   -0.000000   -0.435221   -0.000001
  8   34.241203  -28.000036  -41.878006    0.991003   -0.414432    0.277159
  9   34.241119   23.441807  -41.878113   -0.991008   -0.414433   -0.277154
 10   35.246704  -52.543095    1.319138   -0.000000   -0.000000    0.513963
 11   35.246536   52.726326    1.318924   -0.000000   -0.000000   -0.513960
 12   34.830017  -24.891930   45.588615   -0.989176    0.421519    0.265304
 13   34.885780   27.636597   43.767822    0.989171    0.421518   -0.265303
 14   29.239315  -51.573338   94.292961    0.179270   -0.504571   -0.427182
 15   42.375061   -0.000002   -0.000011   -0.104869   -0.073893   -0.097152
 16   42.546051    0.000027    0.000000   -0.065974   -0.101419   -0.169271
 17   42.234467    0.000027    0.000008   -0.031990   -0.144075   -0.317450
 18   42.465012    0.000023    0.000015    0.015326   -0.156352   -0.389803
 19   42.458130   -0.000107    0.000000    0.043521   -0.216244   -0.362546
 20   42.267975    0.000015   -0.000015    0.116410   -0.261242   -0.557334
 21   42.505974    0.000000   -0.000031    0.002915   -0.078236    0.004660
 22   42.233200    0.000031   -0.000053    0.089213    0.069867    0.642393
 23   42.352295    0.000015   -0.000023    0.191899    0.119875    0.513327
 24   42.391693   -0.000007    0.000000    0.032160   -0.074235    0.152781
 25   42.497467    0.000038    0.000008   -0.063979   -0.231061    0.067197
 26   42.272858    0.000053   -0.000015   -0.044954   -0.159356    0.063353
 27   29.239330   55.382633   92.214951    0.755276   -1.002542    1.446573
 28   42.375084    0.000006    0.000006    0.050049   -0.082223   -0.068735
 29   42.546112   -0.000023    0.000008    0.034886   -0.110185   -0.083829
 30   42.234497    0.000065    0.000004    0.015344   -0.224094   -0.181819
 31   42.465073   -0.000050    0.000015    0.006301   -0.098493   -0.053174
 32   42.458069   -0.000023    0.000000    0.078556    0.136385    0.166685
 33   42.267853   -0.000023    0.000046    0.033098    0.037657    0.059514
 34   42.506012    0.000031    0.000031    0.027468    0.090469    0.074276
 35   42.233063   -0.000023    0.000015    0.072809    0.276108    0.187948
 36   42.352142   -0.000076    0.000031    0.085277    0.361646    0.231247
 37   42.391754    0.000076    0.000000    0.045535    0.331683    0.196322
 38   42.497604    0.000092   -0.000031    0.013908    0.379611    0.223556
 39   42.272644    0.000153    0.000000   -0.020521    0.251619    0.152623
 40   29.239342  106.746651    1.740841    0.008913    0.027156    0.834895
 41   42.375069   -0.000011   -0.000001    0.002246   -0.023296    0.113895
 42   42.546143    0.000011    0.000001    0.009415   -0.034409    0.171845
 43   42.234482   -0.000008   -0.000000    0.027085   -0.066379    0.269423
 44   42.465042    0.000000   -0.000006    0.062895   -0.045166    0.347899
 45   42.458099    0.000015   -0.000006    0.099074    0.098965    0.424601
 46   42.267914    0.000000    0.000006    0.049536    0.129892    0.359266
 47   42.505913   -0.000031    0.000004   -0.001637   -0.191358   -0.054192
 48   42.233154   -0.000061   -0.000011   -0.095101   -0.465254   -0.365705
 49   42.352325    0.000000   -0.000015   -0.147484   -0.202885   -0.162604
 50   42.391663   -0.000008   -0.000015   -0.028775   -0.148085   -0.014312
 51   42.497620   -0.000015    0.000000    0.092013   -0.248459    0.055274
 52   42.272766    0.000000    0.000031    0.045735   -0.307711    0.020701
 53   29.239330   50.706905  -91.389091   -1.545954    0.080601    0.456382
 54   42.375092    0.000000    0.000008    0.021774   -0.102099    0.138136
 55   42.546066    0.000023    0.000011    0.065751   -0.158795    0.230749
 56   42.234497   -0.000038   -0.000008    0.104878   -0.221984    0.372599
 57   42.464996    0.000069    0.000000    0.067410   -0.117677    0.314997
 58   42.458084    0.000031   -0.000038    0.025302   -0.055303    0.438933
 59   42.267975   -0.000092   -0.000008   -0.078714   -0.049781    0.558704
 60   42.506020    0.000031   -0.000038    0.010423   -0.057830   -0.091743
 61   42.233162   -0.000061   -0.000031    0.027268   -0.117187   -0.296808
 62   42.352295   -0.000015   -0.000008   -0.033767    0.030252   -0.190214
 63   42.391693    0.000076   -0.000015   -0.089079    0.162831   -0.235478
 64   42.497559    0.000092    0.000000   -0.073718    0.128086   -0.213672
 65   42.272705    0.000030   -0.000031   -0.025941    0.051619   -0.074662
 66   29.239315  -56.044876  -91.389076   -0.504028    0.859893   -0.837631
 67   42.375092   -0.000001   -0.000004    0.125973    0.094804   -0.160802
 68   42.546112    0.000000    0.000008    0.066756    0.057408   -0.120870
 69   42.234467    0.000008   -0.000015    0.034026    0.040084   -0.118811
 70   42.465027   -0.000053    0.000000    0.007294    0.034174   -0.178831
 71   42.458145    0.000038   -0.000019   -0.007339    0.064974   -0.166992
 72   42.267914   -0.000076    0.000000    0.002589    0.002116   -0.071246
 73   42.505981    0.000031    0.000004    0.011395   -0.082491   -0.025220
 74   42.233124   -0.000015   -0.000020    0.069957   -0.258369    0.002045
 75   42.352203   -0.000046   -0.000015    0.118797   -0.272789   -0.063490
 76   42.391785   -0.000031    0.000000   -0.048998   -0.049620   -0.121112
 77   42.497559    0.000015    0.000031   -0.006416   -0.072244   -0.079750
 78   42.272644   -0.000061    0.000061   -0.000443   -0.058591   -0.057877
 79   29.239311 -106.786247    1.740900   -0.162471    0.196891   -1.084985
 80   42.375114   -0.000017   -0.000010   -0.021880   -0.051807    0.068421
 81   42.546051   -0.000004    0.000001   -0.018961   -0.055130    0.068879
 82   42.234528   -0.000019   -0.000006   -0.022740   -0.095810    0.101708
 83   42.465088    0.000000   -0.000008   -0.004122   -0.020421    0.032672
 84   42.458069   -0.000023   -0.000011    0.007970    0.124481   -0.065104
 85   42.267944   -0.000008   -0.000011    0.024830    0.257720   -0.078312
 86   42.505920    0.000015    0.000023    0.181331   -0.021364   -0.380594
 87   42.233063    0.000031   -0.000008    0.089895   -0.123125   -0.235144
 88   42.352325    0.000031    0.000004    0.041396    0.010724   -0.163381
 89   42.391724    0.000000   -0.000007    0.099779    0.123210   -0.399605
 90   42.497620    0.000000   -0.000027    0.176701    0.058868   -0.568286
 91   42.272545   -0.000061    0.000023    0.078028   -0.023196   -0.260424
time 12
  0    0.000000    0.000000    0.000000    0.000000   -0.000000    0.000000
  1    0.000000    0.000000    0.000000    0.000000   -0.000000    0.000000
  2    0.000000    0.000000    4.313777    0.745006   -1.530405    0.785400
  3   50.309216   -0.435479    0.000004   -0.000017   -0.217869    0.014098
  4   30.891541   -0.000010    0.000004    0.000017   -0.217869   -0.014097
  5   34.635597    0.000008    0.000006   -0.000000   -0.217869   -0.000001
  6   30.584297    0.000019    0.000004   -0.000000   -0.456149    0.000001
  7   31.520195    0.000002    0.000008   -0.000000   -0.434047   -0.000001
  8   34.241203  -28.000038  -41.878006    0.991964   -0.410739    0.274601
  9   34.241135   23.441811  -41.878098   -0.991968   -0.410740   -0.274596
 10   35.246712  -52.543098    1.319138   -0.000000   -0.000000    0.509576
 11   35.246559   52.726330    1.318924   -0.000000   -0.000000   -0.509573
 12   34.830032  -24.891930   45.588623   -0.990158    0.417831    0.262732
 13   34.885788   27.636597   43.767830    0.990154    0.417829   -0.262731
 14   29.239321  -51.573353   94.292969    0.220531   -0.502375   -0.403156
 15   42.375092    0.000002    0.000008   -0.109107   -0.071617   -0.089237
 16   42.546082    0.000021    0.000000   -0.070652   -0.099395   -0.157792
 17   42.234482    0.000015    0.000027   -0.038488   -0.142739   -0.306396
 18   42.464996    0.000015    0.000000    0.015430   -0.166741   -0.406761
 19   42.458115   -0.000107    0.000015    0.060492   -0.263836   -0.409245
 20   42.267975    0.000031    0.000015    0.106285   -0.289975   -0.519751
 21   42.505928    0.000061    0.000008    0.001133   -0.055113    0.011284
 22   42.233215    0.000031    0.000023    0.090151    0.142173    0.579991
 23   42.352325    0.000000    0.000023    0.174713    0.186339    0.530434
 24   42.391815   -0.000036    0.000000    0.016693   -0.116216    0.177970
 25   42.497498    0.000015    0.000031   -0.072978   -0.262873    0.083690
 26   42.272858    0.000038    0.000015   -0.015852   -0.121725    0.071827
 27   29.239332   55.382687   92.215057    0.938427   -0.984621    1.208817
 28   42.375099    0.000006   -0.000008    0.050699   -0.047043   -0.027477
 29   42.546127   -0.000023    0.000013    0.038229   -0.056412   -0.029996
 30   42.234467    0.000057    0.000000    0.021841   -0.111849   -0.075411
 31   42.465057   -0.000046   -0.000019    0.019510   -0.020828    0.015058
 32   42.458130    0.000000    0.000004    0.054021    0.099381    0.121731
 33   42.267914   -0.000023    0.000008    0.030235    0.042566    0.063788
 34   42.505981    0.000061    0.000000    0.024944    0.108710    0.083998
 35   42.233063   -0.000031   -0.000008    0.038663    0.238555    0.152090
 36   42.352234   -0.000092    0.000015    0.032464    0.227926    0.147442
 37   42.391724    0.000061    0.000000    0.030143    0.241984    0.167057
 38   42.497559    0.000031    0.000031    0.017223    0.288061    0.198325
 39   42.272614    0.000122    0.000000   -0.004065    0.236463    0.162899
 40   29.239355  106.746674    1.740860   -0.015227    0.088401    0.739779
 41   42.375092    0.000008   -0.000002   -0.004414   -0.012700    0.110754
 42   42.546143   -0.000008   -0.000001   -0.003063   -0.020620    0.174666
 43   42.234467    0.000015    0.000001    0.004137   -0.054163    0.309613
 44   42.465088   -0.000015   -0.000006    0.032556   -0.047349    0.406874
 45   42.458130    0.000000   -0.000004    0.053646    0.120478    0.393208
 46   42.267975   -0.000031    0.000002    0.009678    0.178819    0.411882
 47   42.505890   -0.000031    0.000011    0.003186   -0.156313   -0.018624
 48   42.233078    0.000031   -0.000010   -0.006153   -0.549823   -0.448088
 49   42.352325   -0.000031    0.000000   -0.153785   -0.282439   -0.197558
 50   42.391663    0.000000    0.000015    0.005269   -0.162462    0.011348
 51   42.497681   -0.000015   -0.000031   -0.018370   -0.211139    0.000482
 52   42.272705   -0.000008    0.000000   -0.199063   -0.205316   -0.033996
 53   29.239336   50.706921  -91.389145   -1.498287    0.108952    0.543724
 54   42.375099    0.000000    0.000010    0.042434   -0.099509    0.191708
 55   42.546074    0.000038    0.000019    0.062948   -0.120557    0.265123
 56   42.234528   -0.000023   -0.000008    0.053201   -0.108644    0.287588
 57   42.465042    0.000076    0.000011    0.025088   -0.060480    0.232810
 58   42.458099    0.000069   -0.000023   -0.016040   -0.070726    0.473559
 59   42.268005   -0.000061   -0.000023   -0.090798   -0.081364    0.414436
 60   42.505974    0.000000   -0.000015    0.017732   -0.073171   -0.150712
 61   42.233154   -0.000031   -0.000023    0.014306   -0.082004   -0.094332
 62   42.352356    0.000000   -0.000015   -0.001512    0.130954   -0.035522
 63   42.391785    0.000046   -0.000015    0.005190    0.181872   -0.041660
 64   42.497620    0.000061   -0.000004    0.018205    0.136290   -0.040798
 65   42.272766    0.000031    0.000000    0.007375    0.044631   -0.014310
 66   29.239325  -56.044933  -91.389122   -0.388056    0.734026   -0.687102
 67   42.375092   -0.000009   -0.000019    0.115052    0.140000   -0.166336
 68   42.546143   -0.000011    0.000015    0.057211    0.118772   -0.169846
 69   42.234451    0.000034   -0.000004    0.024693    0.091766   -0.152724
 70   42.465057   -0.000023    0.000008    0.002119    0.051545   -0.179775
 71   42.458145    0.000038   -0.000011   -0.018834    0.086130   -0.200155
 72   42.267975   -0.000061   -0.000008   -0.006663    0.024690   -0.094021
 73   42.505951    0.000015    0.000061    0.013592   -0.087038   -0.016087
 74   42.233124    0.000015   -0.000004    0.083903   -0.281877    0.064656
 75   42.352234   -0.000031    0.000023    0.130376   -0.282338   -0.007473
 76   42.391846    0.000031   -0.000015   -0.047142   -0.091037   -0.160705
 77   42.497620   -0.000015    0.000015   -0.010150   -0.091156   -0.098325
 78   42.272766    0.000000    0.000000    0.000044   -0.074619   -0.069959
 79   29.239313 -106.786354    1.740883   -0.123954    0.166858   -1.212986
 80   42.375107    0.000006   -0.000006   -0.020526   -0.053495    0.064369
 81   42.546066   -0.000011   -0.000001   -0.019146   -0.063234    0.070982
 82   42.234528   -0.000015   -0.000010   -0.018650   -0.088397    0.089916
 83   42.465057   -0.000015   -0.000011    0.000022    0.015602    0.000755
 84   42.458069   -0.000015   -0.000006    0.008613    0.139852   -0.055607
 85   42.267975    0.000000   -0.000006    0.021285    0.089360   -0.071781
 86   42.505920    0.000015    0.000008    0.075282   -0.064934   -0.215944
 87   42.233063    0.000008   -0.000019    0.041743   -0.059373   -0.156837
 88   42.352325    0.000015    0.000000    0.017911    0.087390   -0.081852
 89   42.391815    0.000015   -0.000013    0.092202    0.382854   -0.242470
 90   42.497620    0.000000   -0.000015    0.472030    0.421833   -0.440258
 91   42.272522   -0.000061    0.000000    0.108055    0.018810   -0.075821
time 13
  0    0.000000    0.000000    0.000000    0.000000   -0.000000    0.000000
  1    0.000000    0.000000    0.000000    0.000000   -0.000000    0.000000
  2    0.000000    0.000000    2.130260    0.759489   -1.544891    0.785405
  3   50.309212   -0.435479    0.000004   -0.000017   -0.216958    0.014098
  4   30.891544   -0.000011    0.000001    0.000017   -0.216958   -0.014097
  5   34.635605    0.000006    0.000000   -0.000000   -0.216958   -0.000001
  6   30.584290    0.000017    0.000011   -0.000000   -0.455238    0.000001
  7   31.520187   -0.000002    0.000015   -0.000000   -0.433136   -0.000001
  8   34.241196  -28.000036  -41.878021    0.992709   -0.407874    0.272617
  9   34.241127   23.441799  -41.878113   -0.992714   -0.407875   -0.272612
 10   35.246712  -52.543095    1.319138   -0.000000    0.000000    0.506172
 11   35.246544   52.726315    1.318909   -0.000000    0.000000   -0.506169
 12   34.830025  -24.891930   45.588608   -0.990921    0.414968    0.260737
 13   34.885788   27.636589   43.767830    0.990916    0.414967   -0.260736
 14   29.239321  -51.573353   94.292999    0.260670   -0.496820   -0.381530
 15   42.375076    0.000011    0.000015   -0.112372   -0.070611   -0.082112
 16   42.546112    0.000038    0.000019   -0.074032   -0.098806   -0.146558
 17   42.234467    0.000027    0.000000   -0.043857   -0.141895   -0.289392
 18   42.464996    0.000061    0.000008    0.012859   -0.178478   -0.410908
 19   42.458023   -0.000061    0.000008    0.077262   -0.317548   -0.458257
 20   42.267960    0.000031    0.000038    0.090874   -0.310345   -0.481612
 21   42.505913    0.000000   -0.000015    0.000744   -0.035660    0.005875
 22   42.233185   -0.000031    0.000000    0.079026    0.205563    0.491298
 23   42.352295    0.000061    0.000031    0.149476    0.275573    0.540833
 24   42.391693   -0.000046    0.000020   -0.001741   -0.170497    0.219174
 25   42.497498    0.000031    0.000008   -0.066873   -0.271262    0.108280
 26   42.272766    0.000038    0.000015    0.000855   -0.096438    0.077427
 27   29.239336   55.382603   92.215027    1.148869   -0.940673    0.939000
 28   42.375069    0.000010   -0.000008    0.050987    0.011632    0.034167
 29   42.546097   -0.000004    0.000002    0.040688    0.011170    0.030788
 30   42.234467    0.000065   -0.000011    0.028046   -0.009273    0.005634
 31   42.465057   -0.000034   -0.000008    0.024501    0.040487    0.058561
 32   42.458038    0.000023    0.000011    0.045372    0.115605    0.138305
 33   42.267883   -0.000015    0.000023    0.037132    0.111478    0.130009
 34   42.506073    0.000084    0.000008    0.008351    0.068303    0.057152
 35   42.233154    0.000000    0.000038   -0.007918    0.052899    0.017447
 36   42.352173   -0.000076    0.000015    0.005417    0.077367    0.050812
 37   42.391663    0.000092    0.000031    0.015369    0.099493    0.087317
 38   42.497711    0.000107    0.000000    0.013638    0.128058    0.109159
 39   42.272644    0.000183    0.000092    0.009303    0.117602    0.096859
 40   29.239355  106.746658    1.740823   -0.038430    0.143305    0.663715
 41   42.375076    0.000015   -0.000008   -0.010064   -0.003029    0.106190
 42   42.546127    0.000015   -0.000002   -0.014523   -0.006573    0.171583
 43   42.234451    0.000000   -0.000011   -0.022431   -0.035439    0.326447
 44   42.465073    0.000015   -0.000005   -0.009172   -0.051238    0.462046
 45   42.458084   -0.000015   -0.000003    0.015458    0.132322    0.361226
 46   42.267929    0.000000    0.000002   -0.036820    0.225717    0.437690
 47   42.505913   -0.000031   -0.000013   -0.013405   -0.077315    0.047273
 48   42.233093   -0.000031   -0.000025    0.111113   -0.547032   -0.502641
 49   42.352234   -0.000031    0.000023   -0.130156   -0.418509   -0.272821
 50   42.391693    0.000000    0.000061   -0.013223   -0.129072   -0.009085
 51   42.497650   -0.000008    0.000061   -0.093152   -0.129473   -0.063070
 52   42.272766    0.000000    0.000031   -0.070278   -0.064348   -0.039648
 53   29.239344   50.706909  -91.389107   -1.376784    0.167567    0.723624
 54   42.375084    0.000000   -0.000008    0.058393   -0.025300    0.250740
 55   42.546066    0.000038    0.000027    0.025364   -0.001400    0.224518
 56   42.234543    0.000000   -0.000008    0.000709    0.005348    0.156688
 57   42.465027    0.000088    0.000000   -0.002143   -0.034351    0.178288
 58   42.458069    0.000053   -0.000034   -0.050426   -0.090751    0.414786
 59   42.268005   -0.000061    0.000008   -0.080486   -0.091202    0.303613
 60   42.505875    0.000092   -0.000015   -0.010069   -0.090703   -0.004310
 61   42.233231   -0.000061   -0.000031   -0.005261   -0.060441    0.063688
 62   42.352356    0.000031   -0.000031    0.001822    0.101800    0.106585
 63   42.391815    0.000000   -0.000023   -0.008889    0.101827    0.110822
 64   42.497620   -0.000031   -0.000023   -0.015156    0.075313    0.098876
 65   42.272858   -0.000061    0.000015   -0.009895    0.029238    0.039810
 66   29.239323  -56.044876  -91.389053   -0.297850    0.614888   -0.585235
 67   42.375099   -0.000009   -0.000027    0.100938    0.145979   -0.155657
 68   42.546097    0.000008   -0.000011    0.041388    0.153051   -0.200007
 69   42.234451    0.000038   -0.000023    0.007003    0.144601   -0.198208
 70   42.465012   -0.000046   -0.000031   -0.010123    0.093927   -0.195928
 71   42.458115    0.000031   -0.000008   -0.034009    0.118203   -0.237755
 72   42.267929   -0.000092   -0.000015   -0.028530    0.081245   -0.147751
 73   42.505920    0.000046    0.000008    0.011475   -0.079653   -0.013523
 74   42.233093    0.000015   -0.000038    0.092891   -0.318724    0.139337
 75   42.352234   -0.000031   -0.000011    0.144478   -0.307646    0.075855
 76   42.391815   -0.000046   -0.000046   -0.031189   -0.147099   -0.199409
 77   42.497498    0.000000    0.000031   -0.019184   -0.117567   -0.127670
 78   42.272583   -0.000061   -0.000031    0.001888   -0.093894   -0.083168
 79   29.239311 -106.786224    1.740920   -0.069629    0.120781   -1.392857
 80   42.375084    0.000011   -0.000001   -0.016411   -0.053529    0.056327
 81   42.546036    0.000000    0.000006   -0.014753   -0.068028    0.061406
 82   42.234528    0.000011   -0.000002   -0.010474   -0.069806    0.060833
 83   42.465088   -0.000027   -0.000002   -0.001465    0.040976    0.015951
 84   42.458069   -0.000008    0.000001   -0.002104    0.070042    0.016837
 85   42.267883    0.000008   -0.000008    0.000045    0.020118    0.000266
 86   42.505951   -0.000038    0.000015    0.010739   -0.029937   -0.046706
 87   42.233032    0.000015   -0.000015    0.009353   -0.029971   -0.047170
 88   42.352264    0.000008    0.000004   -0.017481    0.155420    0.103816
 89   42.391754    0.000031   -0.000008   -0.094604    0.325117    0.247837
 90   42.497528   -0.000031   -0.000046   -0.230435    0.257966    0.249711
 91   42.272583    0.000031   -0.000015   -0.108384    0.052405    0.084685
time 14
  0    0.000000    0.000000    0.000000    0.000000   -0.000000    0.000000
  1    0.000000    0.000000    0.000000    0.000000   -0.000000    0.000000
  2    0.000000    0.000000    0.585822    0.773292   -1.558697    0.785403
  3   50.309208   -0.435479    0.000004   -0.000017   -0.216369    0.014098
  4   30.891537   -0.000011    0.000002    0.000017   -0.216369   -0.014097
  5   34.635597    0.000007   -0.000002   -0.000000   -0.216369   -0.000001
  6   30.584297    0.000018    0.000004   -0.000000   -0.454649    0.000001
  7   31.520187   -0.000000    0.000008   -0.000000   -0.432547   -0.000001
  8   34.241180  -28.000027  -41.877991    0.993191   -0.406020    0.271333
  9   34.241119   23.441797  -41.878082   -0.993196   -0.406021   -0.271328
 10   35.246696  -52.543072    1.319138   -0.000000   -0.000000    0.503970
 11   35.246536   52.726303    1.318924   -0.000000   -0.000000   -0.503967
 12   34.830009  -24.891920   45.588593   -0.991415    0.413116    0.259445
 13   34.885773   27.636581   43.767822    0.991410    0.413115   -0.259444
 14   29.239321  -51.573345   94.292961    0.297033   -0.488179   -0.364471
 15   42.375092   -0.000004    0.000015   -0.114628   -0.071067   -0.075962
 16   42.546082    0.000032    0.000015   -0.076133   -0.099773   -0.135966
 17   42.234467    0.000023    0.000011   -0.047891   -0.140435   -0.265931
 18   42.464951    0.000004    0.000023    0.006122   -0.189624   -0.396433
 19   42.458084   -0.000076    0.000011    0.091799   -0.374804   -0.513056
 20   42.267960    0.000031    0.000008    0.073112   -0.320137   -0.449628
 21   42.505882    0.000000   -0.000015    0.000687   -0.021911   -0.006455
 22   42.233147    0.000031   -0.000015    0.058391    0.241498    0.383119
 23   42.352264    0.000046    0.000015    0.115184    0.385034    0.530528
 24   42.391693   -0.000053   -0.000027   -0.021056   -0.219864    0.279554
 25   42.497437    0.000011   -0.000011   -0.052290   -0.262402    0.136438
 26   42.272827    0.000038    0.000046    0.007640   -0.083501    0.082259
 27   29.239332   55.382599   92.214966    1.325005   -0.859599    0.702703
 28   42.375069    0.000008    0.000006    0.054655    0.080856    0.105577
 29   42.546112   -0.000015    0.000011    0.042696    0.076846    0.089282
 30   42.234497    0.000076   -0.000015    0.028982    0.057886    0.055349
 31   42.465057   -0.000023    0.000008    0.021286    0.071575    0.079748
 32   42.458099    0.000008   -0.000011    0.034852    0.128810    0.154562
 33   42.267883   -0.000008    0.000015    0.041299    0.199173    0.223955
 34   42.506012    0.000076    0.000015    0.002621    0.056512    0.065439
 35   42.233032    0.000015    0.000000   -0.008585   -0.112361   -0.103029
 36   42.352264   -0.000061    0.000015    0.000037   -0.094217   -0.084778
 37   42.391632    0.000099   -0.000023    0.006413   -0.026489   -0.002309
 38   42.497650    0.000053   -0.000008    0.003868   -0.011625    0.015733
 39   42.272644    0.000137    0.000038    0.001693   -0.023921    0.002364
 40   29.239346  106.746635    1.740837   -0.058702    0.186880    0.609248
 41   42.375069   -0.000015   -0.000006   -0.014229    0.003881    0.102211
 42   42.546127   -0.000004   -0.000002   -0.023171    0.003916    0.166732
 43   42.234467   -0.000008   -0.000006   -0.044286   -0.018021    0.327461
 44   42.465073   -0.000008   -0.000010   -0.051338   -0.055456    0.502152
 45   42.458054    0.000000   -0.000002   -0.011207    0.130637    0.336458
 46   42.267883    0.000000   -0.000004   -0.071914    0.256417    0.431892
 47   42.505829    0.000000   -0.000011   -0.044252   -0.006059    0.106827
 48   42.233101    0.000061   -0.000030    0.160273   -0.331662   -0.432612
 49   42.352249   -0.000015    0.000004    0.011546   -0.540434   -0.421263
 50   42.391754    0.000000    0.000000   -0.056874   -0.175313   -0.087742
 51   42.497681    0.000011    0.000031   -0.058456   -0.088479   -0.065404
 52   42.272736   -0.000004    0.000000   -0.020833   -0.024756   -0.020702
 53   29.239325   50.706890  -91.389069   -1.160098    0.248633    0.982879
 54   42.375076   -0.000015   -0.000010    0.016441    0.161420    0.220891
 55   42.546051    0.000038    0.000015   -0.024754    0.128329    0.111625
 56   42.234512   -0.000023    0.000011   -0.020466    0.050975    0.077229
 57   42.465027    0.000053    0.000008   -0.016412   -0.036030    0.144583
 58   42.458069    0.000023    0.000015   -0.055310   -0.103060    0.294634
 59   42.268005   -0.000069    0.000015   -0.068415   -0.082470    0.263396
 60   42.505829    0.000092    0.000008   -0.046541   -0.078779    0.155946
 61   42.233124   -0.000061   -0.000015   -0.044026   -0.075056    0.157821
 62   42.352295    0.000000   -0.000031   -0.049796    0.020201    0.190238
 63   42.391754    0.000000   -0.000046   -0.074679    0.020704    0.179523
 64   42.497574   -0.000031   -0.000015   -0.082045   -0.007071    0.137878
 65   42.272720   -0.000031   -0.000031   -0.064070   -0.011855    0.088750
 66   29.239313  -56.044868  -91.389069   -0.226068    0.526547   -0.526732
 67   42.375092    0.000000   -0.000004    0.090186    0.129388   -0.139312
 68   42.546082   -0.000008    0.000019    0.027946    0.155520   -0.205106
 69   42.234467    0.000034   -0.000031   -0.015917    0.177330   -0.242196
 70   42.465027   -0.000031    0.000000   -0.028820    0.137486   -0.220377
 71   42.458130    0.000031   -0.000015   -0.049835    0.154162   -0.260529
 72   42.267914   -0.000076   -0.000015   -0.061675    0.164399   -0.224868
 73   42.505966    0.000046    0.000031    0.002149   -0.046841   -0.028252
 74   42.233093   -0.000015   -0.000046    0.084368   -0.348558    0.189573
 75   42.352142   -0.000031   -0.000018    0.155563   -0.358749    0.184911
 76   42.391785   -0.000031    0.000000    0.000929   -0.207687   -0.218193
 77   42.497559    0.000031    0.000015   -0.033185   -0.150999   -0.166813
 78   42.272644    0.000000    0.000000    0.005446   -0.110656   -0.092570
 79   29.239309 -106.786255    1.740904   -0.016570    0.070738   -1.565475
 80   42.375099   -0.000006   -0.000004   -0.011608   -0.054326    0.047136
 81   42.546036    0.000008    0.000004   -0.007624   -0.068564    0.039507
 82   42.234497   -0.000004   -0.000001   -0.005577   -0.059469    0.045024
 83   42.465057   -0.000010    0.000006   -0.005004    0.034837    0.078438
 84   42.458130   -0.000027   -0.000003   -0.005040    0.029040    0.050688
 85   42.267914   -0.000004   -0.000006   -0.006756    0.013321    0.052091
 86   42.505981   -0.000011    0.000020   -0.012137    0.005034    0.084395
 87   42.233124   -0.000031   -0.000011   -0.013622   -0.020637    0.091200
 88   42.352264   -0.000015    0.000003   -0.024162    0.132163    0.184932
 89   42.391663    0.000046   -0.000008   -0.066192    0.202031    0.234997
 90   42.497528   -0.000061   -0.000031   -0.097144    0.118209    0.187314
 91   42.272522   -0.000031   -0.000008   -0.081035    0.060496    0.122727
time 15
  0    0.000000    0.000000    0.000000    0.000000   -0.000000    0.000000
  1    0.000000    0.000000    0.000000    0.000000   -0.000000    0.000000
  2    0.000000    0.000000    0.000000    1.570796   -1.570796    0.000000
  3   50.309212   -0.435479    0.000004   -0.000017   -0.216160    0.014098
  4   30.891552   -0.000011   -0.000002    0.000017   -0.216160   -0.014097
  5   34.635612    0.000007    0.000004   -0.000000   -0.216160   -0.000001
  6   30.584297    0.000018   -0.000008   -0.000000   -0.454440    0.000001
  7   31.520187   -0.000000   -0.000008   -0.000000   -0.432338   -0.000001
  8   34.241180  -28.000036  -41.878006    0.993363   -0.405361    0.270876
  9   34.241119   23.441799  -41.878098   -0.993368   -0.405362   -0.270871
 10   35.246696  -52.543079    1.319138   -0.000000    0.000000    0.503187
 11   35.246536   52.726322    1.318939   -0.000000   -0.000000   -0.503184
 12   34.830009  -24.891930   45.588615   -0.991590    0.412458    0.258987
 13   34.885780   27.636587   43.767830    0.991585    0.412457   -0.258986
 14   29.239319  -51.573353   94.292923    0.326909   -0.476690   -0.353880
 15   42.375084   -0.000009   -0.000015   -0.115896   -0.073387   -0.070724
 16   42.546097    0.000031    0.000011   -0.077058   -0.102636   -0.125964
 17   42.234467    0.000015   -0.000008   -0.050618   -0.137095   -0.234727
 18   42.464996    0.000000    0.000000   -0.005666   -0.197684   -0.359568
 19   42.458115   -0.000061   -0.000038    0.101290   -0.431672   -0.576752
 20   42.267944    0.000031   -0.000023    0.056018   -0.319310   -0.429482
 21   42.505898    0.000031    0.000015    0.000575   -0.015013   -0.021993
 22   42.233185    0.000000    0.000015    0.036131    0.235342    0.271561
 23   42.352295    0.000031   -0.000015    0.072389    0.498436    0.486357
 24   42.391785   -0.000008    0.000000   -0.038725   -0.233703    0.354183
 25   42.497406    0.000058   -0.000011   -0.039559   -0.252048    0.164390
 26   42.272797    0.000061    0.000000    0.011894   -0.074531    0.088869
 27   29.239334   55.382622   92.214958    1.417433   -0.758349    0.560376
 28   42.375069    0.000004    0.000008    0.056859    0.126120    0.158751
 29   42.546112    0.000008   -0.000004    0.042459    0.121614    0.137122
 30   42.234451    0.000080   -0.000015    0.026569    0.099262    0.092738
 31   42.465042   -0.000019   -0.000008    0.016522    0.082102    0.091248
 32   42.458069    0.000038   -0.000004    0.025038    0.109549    0.146030
 33   42.267914   -0.000008    0.000015    0.038464    0.217211    0.271730
 34   42.506073    0.000076    0.000015    0.004127    0.088764    0.113794
 35   42.233093   -0.000015    0.000000   -0.005151   -0.128784   -0.116235
 36   42.352234   -0.000076    0.000015    0.014564   -0.211495   -0.208228
 37   42.391724    0.000061   -0.000008    0.004979   -0.102129   -0.068502
 38   42.497650    0.000076   -0.000010    0.003907   -0.018589    0.026391
 39   42.272644    0.000145    0.000004   -0.000761   -0.042891   -0.009571
 40   29.239346  106.746643    1.740837   -0.073969    0.215037    0.580513
 41   42.375061    0.000000   -0.000002   -0.016814    0.006778    0.100026
 42   42.546143    0.000004    0.000004   -0.028375    0.008236    0.163313
 43   42.234451    0.000015   -0.000004   -0.057257   -0.010035    0.323878
 44   42.465088   -0.000008   -0.000008   -0.079298   -0.060304    0.521855
 45   42.458054    0.000000    0.000000   -0.024660    0.122214    0.317004
 46   42.267929    0.000000   -0.000005   -0.086008    0.261991    0.410462
 47   42.505890   -0.000031    0.000002   -0.061927    0.036719    0.129515
 48   42.233177    0.000031   -0.000011    0.149124   -0.008248   -0.298960
 49   42.352249    0.000031   -0.000034    0.199192   -0.465054   -0.479176
 50   42.391693    0.000000    0.000015   -0.012336   -0.437210   -0.165632
 51   42.497650    0.000000    0.000000   -0.042613   -0.135758   -0.071285
 52   42.272766    0.000000    0.000092   -0.014188   -0.032123   -0.018746
 53   29.239332   50.706913  -91.389091   -0.940714    0.314663    1.217818
 54   42.375099   -0.000011   -0.000008   -0.071380    0.324802    0.103814
 55   42.546082    0.000023    0.000021   -0.050292    0.200155    0.028856
 56   42.234528   -0.000034    0.000023   -0.025019    0.059660    0.046650
 57   42.465012    0.000038    0.000023   -0.023079   -0.043687    0.121703
 58   42.458038    0.000038    0.000011   -0.052589   -0.117164    0.214236
 59   42.268005   -0.000061    0.000023   -0.052368   -0.073125    0.214104
 60   42.505951    0.000137    0.000015   -0.050550   -0.038526    0.221677
 61   42.233154   -0.000061   -0.000008   -0.067747   -0.059696    0.211508
 62   42.352264    0.000000    0.000008   -0.118969   -0.040661    0.260089
 63   42.391724    0.000061   -0.000015   -0.149881   -0.051119    0.224904
 64   42.497574    0.000031    0.000000   -0.120783   -0.060493    0.140432
 65   42.272736   -0.000092   -0.000031   -0.094057   -0.054834    0.094923
 66   29.239311  -56.044872  -91.389030   -0.167401    0.473882   -0.499104
 67   42.375076    0.000002    0.000000    0.082849    0.111898   -0.128221
 68   42.546112    0.000000    0.000015    0.018973    0.143948   -0.199733
 69   42.234436    0.000023   -0.000008   -0.036206    0.184291   -0.270468
 70   42.464996   -0.000031    0.000011   -0.050309    0.164715   -0.244413
 71   42.458145    0.000031   -0.000015   -0.063480    0.181510   -0.263088
 72   42.267929   -0.000061    0.000015   -0.093780    0.242566   -0.289506
 73   42.506012    0.000076    0.000015   -0.008168    0.000204   -0.051985
 74   42.233170    0.000000    0.000000    0.062679   -0.346914    0.199109
 75   42.352203    0.000000    0.000000    0.152306   -0.429426    0.289524
 76   42.391754   -0.000031   -0.000023    0.031820   -0.269502   -0.234573
 77   42.497498    0.000015    0.000000   -0.040960   -0.184577   -0.197512
 78   42.272705   -0.000031   -0.000031    0.010751   -0.119658   -0.094545
 79   29.239309 -106.786240    1.740904    0.014392    0.040325   -1.651866
 80   42.375099    0.000000   -0.000004   -0.009832   -0.061007    0.045711
 81   42.546066    0.000000    0.000003   -0.006149   -0.073781    0.040218
 82   42.234497   -0.000002   -0.000010   -0.003481   -0.064403    0.044041
 83   42.465103    0.000006   -0.000004   -0.000823    0.023218    0.056111
 84   42.458130   -0.000004   -0.000008   -0.000351    0.014140    0.009275
 85   42.267975   -0.000008   -0.000010   -0.003197    0.012952    0.061426
 86   42.505951   -0.000004    0.000013   -0.011005    0.025780    0.169960
 87   42.233063   -0.000015   -0.000012   -0.018955   -0.001517    0.212419
 88   42.352295   -0.000061   -0.000008   -0.020213    0.110128    0.232588
 89   42.391724   -0.000031    0.000000   -0.041660    0.159868    0.204456
 90   42.497620   -0.000092   -0.000023   -0.056356    0.080479    0.150333
 91   42.272614   -0.000031    0.000015   -0.051438    0.050299    0.111016
time 16
  0    0.000000    0.000000    0.000000    0.000000   -0.000000    0.000000
  1    0.000000    0.000000    0.000000    0.000000   -0.000000    0.000000
  2    0.000000    0.000000    0.585822    0.797495   -1.582900    0.785400
  3   50.309219   -0.435479    0.000004   -0.000017   -0.216369    0.014098
  4   30.891544   -0.000011    0.000002    0.000017   -0.216369   -0.014097
  5   34.635605    0.000006    0.000002   -0.000000   -0.216369   -0.000001
  6   30.584297    0.000017    0.000000   -0.000000   -0.454649    0.000001
  7   31.520203   -0.000001    0.000008   -0.000000   -0.432547   -0.000001
  8   34.241203  -28.000034  -41.878021    0.993191   -0.406020    0.271333
  9   34.241127   23.441801  -41.878113   -0.993196   -0.406021   -0.271328
 10   35.246704  -52.543091    1.319122   -0.000000   -0.000000    0.503970
 11   35.246536   52.726315    1.318924   -0.000000   -0.000000   -0.503967
 12   34.830025  -24.891930   45.588608   -0.991415    0.413116    0.259445
 13   34.885780   27.636585   43.767822    0.991410    0.413115   -0.259444
 14   29.239325  -51.573338   94.292961    0.349559   -0.440693   -0.338176
 15   42.375076    0.000013   -0.000015   -0.115135   -0.079298   -0.061963
 16   42.546097    0.000032    0.000008   -0.075816   -0.110209   -0.109590
 17   42.234467    0.000023    0.000008   -0.052555   -0.142796   -0.185675
 18   42.464996    0.000034    0.000023   -0.026091   -0.208886   -0.291848
 19   42.458099   -0.000061    0.000000    0.081372   -0.466114   -0.627156
 20   42.268013    0.000000    0.000008    0.045645   -0.317267   -0.446659
 21   42.505928    0.000000    0.000000    0.000605   -0.009483   -0.037893
 22   42.233116    0.000000    0.000015    0.018880    0.218350    0.184243
 23   42.352341    0.000031    0.000046   -0.004927    0.471792    0.304770
 24   42.391785   -0.000046    0.000029   -0.043778   -0.155170    0.386123
 25   42.497559    0.000038    0.000004   -0.013180   -0.202040    0.226693
 26   42.272949    0.000080    0.000000    0.025507   -0.062339    0.123707
 27   29.239336   55.382626   92.215012    1.445119   -0.637790    0.478596
 28   42.375099    0.000000    0.000000    0.053756    0.137603    0.184732
 29   42.546112   -0.000004    0.000004    0.041945    0.149648    0.183824
 30   42.234467    0.000065   -0.000023    0.026253    0.144194    0.151884
 31   42.465073   -0.000008    0.000008    0.014050    0.095065    0.111976
 32   42.458069    0.000038    0.000000    0.020965    0.084839    0.131280
 33   42.267944    0.000008    0.000008    0.033878    0.189624    0.271027
 34   42.505981    0.000076    0.000031    0.010330    0.111150    0.162200
 35   42.233154   -0.000015    0.000031   -0.009854   -0.140019   -0.104277
 36   42.352264   -0.000046    0.000000    0.009025   -0.272671   -0.260455
 37   42.391663    0.000061   -0.000021   -0.004426   -0.139282   -0.083541
 38   42.497589    0.000080   -0.000023    0.008440   -0.027756    0.072210
 39   42.272583    0.000137   -0.000023    0.000045   -0.046641    0.031344
 40   29.239349  106.746635    1.740843   -0.080807    0.234512    0.597751
 41   42.375084    0.000000   -0.000004   -0.019685    0.008369    0.103733
 42   42.546127   -0.000004   -0.000006   -0.033281    0.010036    0.166369
 43   42.234451   -0.000023   -0.000008   -0.066831   -0.012434    0.322131
 44   42.465118   -0.000008   -0.000015   -0.086933   -0.051946    0.472638
 45   42.458099   -0.000015   -0.000014   -0.036518    0.141283    0.296556
 46   42.267914    0.000015   -0.000023   -0.115983    0.227769    0.413382
 47   42.505882    0.000031   -0.000015   -0.042093    0.060639    0.081178
 48   42.233170   -0.000031   -0.000019    0.133835    0.176358   -0.203548
 49   42.352234   -0.000031    0.000008    0.195518   -0.226175   -0.283997
 50   42.391724    0.000000   -0.000031    0.130843   -0.639847   -0.311165
 51   42.497650   -0.000015   -0.000031   -0.028411   -0.250563   -0.116932
 52   42.272675   -0.000011    0.000031   -0.013159   -0.049869   -0.025407
 53   29.239338   50.706886  -91.389107   -0.806054    0.386927    1.365728
 54   42.375084    0.000000   -0.000023   -0.119309    0.359625    0.013540
 55   42.546066    0.000038    0.000015   -0.057058    0.219327   -0.005116
 56   42.234528   -0.000042   -0.000011   -0.026313    0.061060    0.032825
 57   42.465012    0.000061    0.000000   -0.025068   -0.050021    0.101577
 58   42.458069    0.000034    0.000011   -0.042991   -0.107953    0.143762
 59   42.267944   -0.000076    0.000023   -0.037768   -0.053709    0.168252
 60   42.505951    0.000107   -0.000008   -0.040434   -0.011233    0.232581
 61   42.233185   -0.000061   -0.000015   -0.068890   -0.035244    0.235756
 62   42.352295    0.000000    0.000015   -0.170921   -0.057108    0.320891
 63   42.391785    0.000000    0.000031   -0.210367   -0.088285    0.255827
 64   42.497635    0.000031    0.000000   -0.155417   -0.088987    0.148628
 65   42.272659   -0.000092    0.000000   -0.096655   -0.066097    0.080114
 66   29.239317  -56.044861  -91.389084   -0.117051    0.443310   -0.496096
 67   42.375099    0.000006   -0.000011    0.075021    0.103215   -0.125363
 68   42.546097   -0.000004    0.000015    0.009712    0.136116   -0.197100
 69   42.234467    0.000038   -0.000019   -0.051694    0.182454   -0.280874
 70   42.464996   -0.000015   -0.000019   -0.065060    0.173627   -0.252039
 71   42.458054    0.000046   -0.000031   -0.068791    0.191926   -0.249300
 72   42.267914   -0.000046   -0.000015   -0.114308    0.298390   -0.326664
 73   42.505997    0.000076    0.000046   -0.014110    0.037736   -0.074095
 74   42.233139   -0.000015    0.000000    0.044569   -0.341958    0.193673
 75   42.352173    0.000000   -0.000008    0.145345   -0.473229    0.302293
 76   42.391785   -0.000038    0.000000    0.046224   -0.330648   -0.281523
 77   42.497467    0.000046    0.000031   -0.011637   -0.198753   -0.176838
 78   42.272644   -0.000031    0.000061    0.040483   -0.117362   -0.078423
 79   29.239317 -106.786270    1.740899    0.030552    0.022890   -1.676575
 80   42.375076   -0.000008   -0.000001   -0.010666   -0.068550    0.055295
 81   42.546005    0.000000    0.000007   -0.008059   -0.078523    0.066127
 82   42.234497   -0.000002   -0.000002   -0.002484   -0.072234    0.057657
 83   42.465057   -0.000006    0.000000   -0.000936    0.000131   -0.031849
 84   42.458130   -0.000007   -0.000008   -0.002248   -0.006736   -0.078907
 85   42.267883   -0.000004   -0.000004    0.001389    0.006477    0.039185
 86   42.505890    0.000006    0.000023    0.006462    0.036863    0.216338
 87   42.233063   -0.000004   -0.000011   -0.001290    0.031770    0.296115
 88   42.352386    0.000000    0.000000   -0.008779    0.100687    0.268054
 89   42.391785   -0.000031   -0.000013   -0.026480    0.115070    0.199037
 90   42.497620   -0.000031   -0.000034   -0.037694    0.061392    0.151705
 91   42.272522   -0.000092    0.000004   -0.033981    0.039097    0.109667
time 17
  0    0.000000    0.000000    0.000000    0.000000   -0.000000    0.000000
  1    0.000000    0.000000    0.000000    0.000000   -0.000000    0.000000
  2    0.000000    0.000000    2.130260    0.811305   -1.596704    0.785397
  3   50.309208   -0.435479    0.000004   -0.000017   -0.216958    0.014098
  4   30.891548   -0.000011   -0.000001    0.000017   -0.216958   -0.014097
  5   34.635605    0.000006   -0.000002   -0.000000   -0.216958   -0.000001
  6   30.584274    0.000017    0.000004   -0.000000   -0.455238    0.000001
  7   31.520187   -0.000001    0.000008   -0.000000   -0.433136   -0.000001
  8   34.241196  -28.000032  -41.878006    0.992709   -0.407874    0.272617
  9   34.241127   23.441799  -41.878113   -0.992714   -0.407875   -0.272612
 10   35.246704  -52.543095    1.319122   -0.000000    0.000000    0.506172
 11   35.246544   52.726315    1.318924   -0.000000   -0.000000   -0.506169
 12   34.830025  -24.891926   45.588608   -0.990921    0.414968    0.260737
 13   34.885765   27.636587   43.767815    0.990916    0.414967   -0.260736
 14   29.239319  -51.573360   94.292961    0.366707   -0.371298   -0.312951
 15   42.375084    0.000009    0.000015   -0.112259   -0.088834   -0.046578
 16   42.546082    0.000025    0.000023   -0.072829   -0.122376   -0.083518
 17   42.234497    0.000027   -0.000008   -0.054795   -0.161261   -0.122776
 18   42.464996    0.000008   -0.000008   -0.049263   -0.215385   -0.197773
 19   42.458115   -0.000069    0.000008    0.012610   -0.453564   -0.600380
 20   42.267960    0.000031   -0.000008    0.044085   -0.335817   -0.526055
 21   42.505913    0.000000    0.000000    0.001503   -0.011610   -0.070514
 22   42.233162   -0.000031    0.000000    0.004638    0.181564    0.094820
 23   42.352264    0.000092    0.000031   -0.031753    0.259820    0.064422
 24   42.391739   -0.000061    0.000008   -0.040246    0.061712    0.227089
 25   42.497559    0.000015   -0.000011   -0.012427   -0.010106    0.298801
 26   42.272736    0.000038   -0.000065    0.026984    0.024661    0.234170
 27   29.239338   55.382629   92.214996    1.432105   -0.512527    0.416270
 28   42.375076   -0.000004   -0.000011    0.048996    0.126179    0.182933
 29   42.546127    0.000000    0.000021    0.042848    0.163766    0.220818
 30   42.234497    0.000107   -0.000008    0.033311    0.195130    0.236172
 31   42.465088   -0.000011   -0.000008    0.015793    0.129085    0.159577
 32   42.458069    0.000046    0.000008    0.020501    0.077330    0.126121
 33   42.267883    0.000000   -0.000008    0.028289    0.155106    0.239359
 34   42.506058    0.000076    0.000046    0.021775    0.155003    0.229152
 35   42.233124   -0.000046    0.000031   -0.016000   -0.181470   -0.081803
 36   42.352264   -0.000137    0.000000   -0.018248   -0.357747   -0.289675
 37   42.391754    0.000114    0.000022   -0.027144   -0.169298   -0.086404
 38   42.497711    0.000061   -0.000023    0.006602   -0.082071    0.100133
 39   42.272675    0.000122    0.000008    0.012841   -0.083241    0.112505
 40   29.239351  106.746666    1.740828   -0.079753    0.254009    0.670342
 41   42.375084   -0.000011   -0.000008   -0.023876    0.012216    0.110879
 42   42.546127    0.000011   -0.000004   -0.038992    0.014252    0.167255
 43   42.234467    0.000008   -0.000008   -0.072608   -0.016682    0.292488
 44   42.465042   -0.000019   -0.000011   -0.078790   -0.015056    0.346739
 45   42.458084   -0.000031   -0.000010   -0.065634    0.176721    0.305821
 46   42.267899    0.000000    0.000000   -0.170432    0.164383    0.408871
 47   42.505890    0.000031   -0.000008   -0.006669    0.120825    0.014210
 48   42.233154   -0.000031   -0.000032    0.035238    0.224420   -0.031751
 49   42.352234   -0.000031    0.000000    0.178838   -0.100101   -0.176054
 50   42.391663    0.000015    0.000015    0.262934   -0.446680   -0.392629
 51   42.497589    0.000015   -0.000015    0.048701   -0.324860   -0.208782
 52   42.272614    0.000002    0.000015   -0.003779   -0.071117   -0.042452
 53   29.239334   50.706921  -91.389107   -0.726325    0.488640    1.471046
 54   42.375092    0.000011   -0.000004   -0.115460    0.303190   -0.028435
 55   42.546112    0.000036    0.000013   -0.056431    0.202990   -0.016397
 56   42.234543   -0.000044    0.000006   -0.027597    0.063166    0.016889
 57   42.464966    0.000034    0.000015   -0.022302   -0.040018    0.057866
 58   42.458069    0.000031    0.000004   -0.028929   -0.059089    0.048038
 59   42.267975   -0.000084    0.000015   -0.024777   -0.021745    0.128627
 60   42.505920    0.000084    0.000023   -0.034432   -0.014352    0.241261
 61   42.233124   -0.000092    0.000008   -0.055384   -0.021606    0.233438
 62   42.352264   -0.000031    0.000015   -0.145677   -0.007435    0.327677
 63   42.391724    0.000000    0.000000   -0.260530   -0.056744    0.316041
 64   42.497650    0.000000   -0.000031   -0.220587   -0.085771    0.184158
 65   42.272766    0.000061   -0.000031   -0.061382   -0.031270    0.041018
 66   29.239317  -56.044868  -91.389046   -0.069436    0.418093   -0.510186
 67   42.375092   -0.000008    0.000008    0.064181    0.102328   -0.128310
 68   42.546127   -0.000004    0.000008   -0.002735    0.135507   -0.198256
 69   42.234467    0.000038    0.000000   -0.065580    0.183750   -0.281064
 70   42.465027   -0.000031   -0.000004   -0.070008    0.173138   -0.240039
 71   42.458130    0.000046   -0.000008   -0.064090    0.188112   -0.223054
 72   42.267975   -0.000092    0.000023   -0.124088    0.343344   -0.347957
 73   42.505989    0.000092    0.000031   -0.016468    0.066902   -0.098431
 74   42.233139    0.000061    0.000015    0.031674   -0.357538    0.183451
 75   42.352234    0.000031    0.000023    0.153499   -0.480582    0.179958
 76   42.391846    0.000000   -0.000046    0.059748   -0.376308   -0.308076
 77   42.497559    0.000015   -0.000031    0.071490   -0.191557   -0.118763
 78   42.272797   -0.000031    0.000031    0.122878   -0.111028   -0.049617
 79   29.239313 -106.786278    1.740914    0.047647   -0.002004   -1.704366
 80   42.375061    0.000004   -0.000003   -0.010866   -0.069053    0.069221
 81   42.546051   -0.000008    0.000005   -0.007988   -0.073507    0.095210
 82   42.234482    0.000002   -0.000004   -0.000689   -0.072120    0.078242
 83   42.465073   -0.000004    0.000004   -0.006831   -0.035917   -0.105789
 84   42.458069   -0.000006   -0.000008   -0.013834   -0.036443   -0.142642
 85   42.268005    0.000008   -0.000015    0.000472   -0.007118    0.003546
 86   42.505920    0.000000    0.000031    0.025861    0.030890    0.185445
 87   42.233124   -0.000002   -0.000015    0.037234    0.062729    0.335586
 88   42.352356    0.000015   -0.000010    0.014576    0.054334    0.284273
 89   42.391785    0.000000   -0.000009    0.000315    0.035726    0.191900
 90   42.497559    0.000031   -0.000015   -0.004874    0.031525    0.164909
 91   42.272522   -0.000031    0.000031   -0.005154    0.016480    0.089533
time 18
  0    0.000000    0.000000    0.000000    0.000000   -0.000000    0.000000
  1    0.000000    0.000000    0.000000    0.000000   -0.000000    0.000000
  2    0.000000    0.000000    4.313778    0.825794   -1.611191    0.785398
  3   50.309212   -0.435479    0.000004   -0.000017   -0.217869    0.014098
  4   30.891544   -0.000011    0.000000    0.000017   -0.217869   -0.014097
  5   34.635597    0.000006    0.000000   -0.000000   -0.217869   -0.000001
  6   30.584274    0.000017   -0.000008   -0.000000   -0.456149    0.000001
  7   31.520203   -0.000001    0.000008   -0.000000   -0.434047   -0.000001
  8   34.241196  -28.000034  -41.878006    0.991964   -0.410739    0.274601
  9   34.241119   23.441797  -41.878098   -0.991968   -0.410740   -0.274596
 10   35.246704  -52.543087    1.319138   -0.000000    0.000000    0.509576
 11   35.246552   52.726311    1.318939   -0.000000    0.000000   -0.509573
 12   34.830032  -24.891926   45.588623   -0.990158    0.417831    0.262732
 13   34.885780   27.636587   43.767830    0.990154    0.417829   -0.262731
 14   29.239321  -51.573341   94.292976    0.379008   -0.290854   -0.289559
 15   42.375069   -0.000007    0.000008   -0.108777   -0.099467   -0.027709
 16   42.546097    0.000038    0.000000   -0.069978   -0.135104   -0.054468
 17   42.234497    0.000015   -0.000004   -0.057416   -0.180767   -0.064863
 18   42.464966    0.000019   -0.000023   -0.063293   -0.214139   -0.110184
 19   42.458069   -0.000057    0.000000   -0.068222   -0.384078   -0.475056
 20   42.268005    0.000015   -0.000008    0.032268   -0.364574   -0.619651
 21   42.505936    0.000061   -0.000015    0.005385   -0.041300   -0.143574
 22   42.233154    0.000000   -0.000031    0.003887    0.092139   -0.017795
 23   42.352257    0.000031    0.000031    0.001856    0.047991   -0.073260
 24   42.391701   -0.000092   -0.000015   -0.025053    0.135803   -0.061398
 25   42.497498    0.000061   -0.000008   -0.117633    0.326494   -0.065297
 26   42.272751    0.000092   -0.000012   -0.291028    0.402603   -0.067294
 27   29.239336   55.382607   92.214943    1.387447   -0.415324    0.377583
 28   42.375046    0.000000   -0.000002    0.044380    0.103196    0.160831
 29   42.546082   -0.000015    0.000017    0.042033    0.156603    0.227825
 30   42.234482    0.000076   -0.000015    0.043810    0.223330    0.303178
 31   42.465042   -0.000019   -0.000023    0.025816    0.182117    0.239322
 32   42.458130    0.000038   -0.000023    0.022208    0.086734    0.137862
 33   42.267868    0.000000    0.000000    0.024146    0.124524    0.197452
 34   42.506088    0.000061    0.000000    0.036927    0.220381    0.296935
 35   42.233124   -0.000031    0.000015   -0.021545   -0.228166   -0.045129
 36   42.352280   -0.000107   -0.000015   -0.058088   -0.459664   -0.312344
 37   42.391724    0.000076    0.000010   -0.052573   -0.176492   -0.094447
 38   42.497650    0.000084   -0.000008   -0.010715   -0.119536    0.075888
 39   42.272614    0.000107   -0.000015    0.036735   -0.138518    0.196117
 40   29.239347  106.746613    1.740825   -0.075441    0.269534    0.787686
 41   42.375061    0.000023   -0.000004   -0.025704    0.019003    0.106837
 42   42.546127    0.000008    0.000000   -0.038852    0.021637    0.144089
 43   42.234451   -0.000008    0.000000   -0.061404   -0.010584    0.206393
 44   42.465057    0.000015    0.000004   -0.064674    0.033268    0.223063
 45   42.458038    0.000000   -0.000011   -0.113552    0.176846    0.332599
 46   42.267929   -0.000015    0.000000   -0.205598    0.128179    0.372140
 47   42.505905    0.000000   -0.000004   -0.040162    0.188059    0.059735
 48   42.233093    0.000031    0.000000   -0.096778    0.154060    0.088359
 49   42.352234    0.000000    0.000019    0.156847   -0.011360   -0.120602
 50   42.391663    0.000031    0.000000    0.320402   -0.130001   -0.312789
 51   42.497620   -0.000015   -0.000046    0.187623   -0.189146   -0.261292
 52   42.272736   -0.000004    0.000031    0.041768   -0.087022   -0.084760
 53   29.239332   50.706917  -91.389076   -0.690146    0.602273    1.541431
 54   42.375069   -0.000008   -0.000008   -0.088789    0.205563   -0.036113
 55   42.546082    0.000023    0.000010   -0.051193    0.152598   -0.012090
 56   42.234512   -0.000034    0.000000   -0.029462    0.062437   -0.003013
 57   42.464981    0.000031    0.000015   -0.019676   -0.006483   -0.011473
 58   42.458099    0.000015   -0.000004   -0.026651    0.000681   -0.045862
 59   42.267975   -0.000069    0.000019   -0.016778    0.004994    0.092887
 60   42.505890    0.000061    0.000000   -0.021745   -0.024292    0.230174
 61   42.233124   -0.000092   -0.000008   -0.011518    0.019246    0.161573
 62   42.352264   -0.000015    0.000000    0.007756    0.144807    0.179633
 63   42.391663   -0.000015    0.000038   -0.043488    0.175447    0.289691
 64   42.497559    0.000000    0.000008   -0.063883    0.075671    0.146628
 65   42.272766   -0.000031    0.000031   -0.003049    0.000000    0.000001
 66   29.239317  -56.044834  -91.389008   -0.023668    0.394446   -0.533213
 67   42.375076    0.000008    0.000000    0.050270    0.106304   -0.135633
 68   42.546112    0.000000   -0.000004   -0.018495    0.140249   -0.203135
 69   42.234497    0.000034   -0.000027   -0.079468    0.188225   -0.277796
 70   42.465012   -0.000008   -0.000023   -0.069414    0.168823   -0.218000
 71   42.458069    0.000031   -0.000031   -0.055838    0.179945   -0.192536
 72   42.267899   -0.000061   -0.000023   -0.123345    0.382931   -0.350865
 73   42.505997    0.000061    0.000015   -0.014882    0.088006   -0.123315
 74   42.233170   -0.000031    0.000000    0.023162   -0.375272    0.145613
 75   42.352173    0.000015    0.000015    0.153175   -0.470415   -0.010026
 76   42.391846    0.000031   -0.000015    0.112272   -0.399305   -0.272488
 77   42.497467    0.000092   -0.000015    0.184546   -0.181882   -0.072358
 78   42.272659    0.000000   -0.000031    0.267083   -0.105840   -0.020167
 79   29.239305 -106.786247    1.740917    0.062394   -0.030891   -1.721622
 80   42.375084   -0.000004   -0.000002   -0.009125   -0.065136    0.080291
 81   42.546036   -0.000004    0.000007   -0.004988   -0.062822    0.119031
 82   42.234543   -0.000008   -0.000004    0.002402   -0.065895    0.097521
 83   42.465088   -0.000010    0.000004   -0.015520   -0.076511   -0.166182
 84   42.458160   -0.000008    0.000000   -0.030565   -0.066186   -0.187353
 85   42.267944    0.000008    0.000000   -0.006361   -0.020174   -0.028093
 86   42.505981    0.000008    0.000000    0.029170    0.012392    0.119667
 87   42.233063   -0.000015   -0.000031    0.070433    0.070550    0.302469
 88   42.352325   -0.000031   -0.000008    0.040729   -0.062744    0.249209
 89   42.391693   -0.000061    0.000000    0.033415   -0.113250    0.144574
 90   42.497559   -0.000031   -0.000008    0.049878   -0.056709    0.138344
 91   42.272614   -0.000092    0.000000    0.021235   -0.017562    0.050190
time 19
  0    0.000000    0.000000    0.000000    0.000000   -0.000000    0.000000
  1    0.000000    0.000000    0.000000    0.000000   -0.000000    0.000000
  2    0.000000    0.000000    6.816834    0.839938   -1.625338    0.785401
  3   50.309212   -0.435479    0.000004   -0.000017   -0.219042    0.014098
  4   30.891544   -0.000010    0.000002    0.000017   -0.219042   -0.014097
  5   34.635597    0.000008   -0.000002   -0.000000   -0.219042   -0.000001
  6   30.584297    0.000020    0.000000   -0.000000   -0.457322    0.000001
  7   31.520187    0.000001   -0.000015   -0.000000   -0.435220   -0.000001
  8   34.241188  -28.000031  -41.878006    0.991003   -0.414432    0.277159
  9   34.241119   23.441805  -41.878098   -0.991008   -0.414433   -0.277154
 10   35.246704  -52.543091    1.319138   -0.000000   -0.000000    0.513963
 11   35.246544   52.726315    1.318909   -0.000000   -0.000000   -0.513960
 12   34.830025  -24.891926   45.588593   -0.989176    0.421519    0.265304
 13   34.885773   27.636595   43.767815    0.989171    0.421518   -0.265303
 14   29.239319  -51.573345   94.292953    0.388149   -0.225061   -0.276314
 15   42.375076    0.000001    0.000000   -0.105986   -0.108130   -0.009930
 16   42.546089    0.000026    0.000015   -0.068305   -0.145073   -0.029275
 17   42.234497    0.000019   -0.000023   -0.059945   -0.194605   -0.022397
 18   42.465027    0.000027    0.000008   -0.069830   -0.214474   -0.052513
 19   42.458069   -0.000061   -0.000031   -0.107274   -0.301976   -0.342036
 20   42.267944    0.000031   -0.000031   -0.016095   -0.352933   -0.599910
 21   42.505875   -0.000031    0.000000    0.009185   -0.095486   -0.247623
 22   42.233170    0.000000   -0.000015    0.021888   -0.017480   -0.156564
 23   42.352287    0.000031    0.000000    0.032378   -0.080250   -0.147733
 24   42.391678   -0.000092    0.000015    0.005031    0.063815   -0.148989
 25   42.497505    0.000092    0.000015   -0.051571    0.280915   -0.270069
 26   42.272781    0.000031   -0.000015   -0.019906    0.259561   -0.283660
 27   29.239330   55.382633   92.214966    1.329282   -0.353491    0.358386
 28   42.375076    0.000015   -0.000004    0.041379    0.084001    0.139656
 29   42.546097   -0.000008    0.000004    0.039828    0.138634    0.214851
 30   42.234482    0.000092   -0.000019    0.049797    0.224795    0.331123
 31   42.465057   -0.000015   -0.000023    0.042588    0.227840    0.321655
 32   42.458099    0.000023   -0.000008    0.025746    0.104088    0.161407
 33   42.267914    0.000000    0.000031    0.023359    0.114162    0.175357
 34   42.506027    0.000061    0.000031    0.049024    0.289176    0.344645
 35   42.233086   -0.000061    0.000000   -0.024607   -0.274369   -0.011102
 36   42.352219   -0.000092    0.000015   -0.099903   -0.561390   -0.329057
 37   42.391663    0.000076   -0.000019   -0.073811   -0.169788   -0.102821
 38   42.497681    0.000061   -0.000023   -0.023175   -0.118135    0.045127
 39   42.272644    0.000137   -0.000031    0.030290   -0.164802    0.193672
 40   29.239342  106.746658    1.740842   -0.073126    0.276139    0.915062
 41   42.375061    0.000011    0.000000   -0.021373    0.029794    0.083415
 42   42.546143    0.000011   -0.000004   -0.030160    0.032209    0.099997
 43   42.234451    0.000031    0.000000   -0.037822    0.011523    0.109254
 44   42.465057    0.000004   -0.000011   -0.052800    0.060654    0.144508
 45   42.458069   -0.000008    0.000004   -0.139853    0.149753    0.303465
 46   42.267914    0.000000    0.000023   -0.225971    0.139834    0.339456
 47   42.505920   -0.000031    0.000019   -0.162654    0.195593    0.178194
 48   42.233109   -0.000061   -0.000023   -0.181450    0.079117    0.143094
 49   42.352203   -0.000031   -0.000004    0.103055    0.035554   -0.069910
 50   42.391708    0.000000    0.000004    0.299531    0.034810   -0.204116
 51   42.497620    0.000015    0.000031    0.282696   -0.003739   -0.208411
 52   42.272644    0.000023    0.000000    0.131320   -0.033370   -0.107987
 53   29.239338   50.706936  -91.389099   -0.675786    0.710231    1.591800
 54   42.375114   -0.000011    0.000004   -0.068904    0.115918   -0.039844
 55   42.546097    0.000023    0.000015   -0.046454    0.091932   -0.009409
 56   42.234558   -0.000044    0.000010   -0.031025    0.050910   -0.019363
 57   42.465042    0.000044    0.000008   -0.022816    0.021476   -0.071632
 58   42.458069    0.000011    0.000000   -0.035757    0.030228   -0.110418
 59   42.268005   -0.000099    0.000004   -0.016291    0.032339    0.045455
 60   42.505981    0.000092    0.000023   -0.001042    0.004438    0.180328
 61   42.233276   -0.000076    0.000023    0.015053    0.062639    0.059672
 62   42.352295   -0.000015    0.000015    0.037508    0.214803   -0.093286
 63   42.391754    0.000038    0.000031    0.060237    0.273026   -0.092430
 64   42.497620   -0.000008    0.000061    0.046044    0.139518   -0.056336
 65   42.272797    0.000046    0.000031   -0.003105    0.000000    0.000001
 66   29.239315  -56.044876  -91.389076    0.020851    0.370299   -0.558435
 67   42.375076   -0.000006   -0.000011    0.033935    0.112270   -0.145547
 68   42.546082   -0.000008    0.000027   -0.036735    0.147598   -0.210406
 69   42.234467    0.000019    0.000000   -0.093503    0.194210   -0.274006
 70   42.464981   -0.000023   -0.000015   -0.067334    0.163809   -0.194932
 71   42.458115    0.000046   -0.000023   -0.049795    0.175325   -0.167361
 72   42.267914   -0.000046   -0.000038   -0.117435    0.423032   -0.342940
 73   42.505959    0.000046    0.000000   -0.009441    0.097105   -0.144926
 74   42.233124    0.000000   -0.000046    0.020041   -0.378563    0.075557
 75   42.352142   -0.000015    0.000015    0.132503   -0.460032   -0.151499
 76   42.391785   -0.000031    0.000006    0.193515   -0.414968   -0.229678
 77   42.497635   -0.000031    0.000046    0.306550   -0.181650   -0.048939
 78   42.272690    0.000000    0.000092    0.437731   -0.100342    0.004210
 79   29.239296 -106.786255    1.740899    0.072741   -0.060049   -1.714947
 80   42.375099    0.000000   -0.000007   -0.005692   -0.059725    0.082239
 81   42.546066    0.000008    0.000000    0.000048   -0.050919    0.129956
 82   42.234528   -0.000004   -0.000008    0.006095   -0.056804    0.106867
 83   42.465103   -0.000008   -0.000008   -0.025500   -0.113410   -0.214865
 84   42.458038   -0.000019    0.000000   -0.049432   -0.090825   -0.222518
 85   42.267914    0.000000    0.000000   -0.015337   -0.028630   -0.049906
 86   42.505981    0.000000    0.000015    0.022759   -0.002551    0.069374
 87   42.233093   -0.000008   -0.000015    0.078384    0.063322    0.234450
 88   42.352356   -0.000002   -0.000015    0.047123   -0.163487    0.175176
 89   42.391754   -0.000008    0.000015    0.020645   -0.224302    0.054021
 90   42.497559   -0.000023   -0.000015    0.049730   -0.119287    0.064881
 91   42.272491   -0.000015    0.000031    0.029224   -0.050414    0.030905
time 20
  0    0.000000    0.000000    0.000000    0.000000   -0.000000    0.000000
  1    0.000000    0.000000    0.000000    0.000000   -0.000000    0.000000
  2    0.000000    0.000000    9.319890    0.852722   -1.638121    0.785400
  3   50.309212   -0.435479    0.000004   -0.000017   -0.220420    0.014098
  4   30.891548   -0.000011    0.000000    0.000017   -0.220420   -0.014097
  5   34.635597    0.000006    0.000000   -0.000000   -0.220420   -0.000001
  6   30.584290    0.000017    0.000008   -0.000000   -0.458700    0.000001
  7   31.520180   -0.000001    0.000000   -0.000000   -0.436598   -0.000001
  8   34.241196  -28.000034  -41.877991    0.989875   -0.418768    0.280163
  9   34.241119   23.441801  -41.878098   -0.989880   -0.418769   -0.280158
 10   35.246704  -52.543091    1.319122   -0.000000   -0.000000    0.519115
 11   35.246544   52.726311    1.318924   -0.000000    0.000000   -0.519112
 12   34.830017  -24.891928   45.588608   -0.988021    0.425851    0.268324
 13   34.885773   27.636585   43.767815    0.988017    0.425850   -0.268323
 14   29.239319  -51.573383   94.292969    0.398151   -0.200629   -0.278790
 15   42.375069   -0.000002   -0.000008   -0.104988   -0.111957    0.002408
 16   42.546082    0.000030    0.000000   -0.068392   -0.149997   -0.012639
 17   42.234451    0.000010   -0.000008   -0.062509   -0.201356    0.002743
 18   42.465027    0.000023   -0.000008   -0.075082   -0.219829   -0.029887
 19   42.458099   -0.000065   -0.000008   -0.116714   -0.266656   -0.280816
 20   42.267944    0.000015    0.000000   -0.067207   -0.295003   -0.451235
 21   42.505920   -0.000031    0.000000   -0.006107   -0.129280   -0.303310
 22   42.233170    0.000000   -0.000015    0.048207   -0.110374   -0.338195
 23   42.352272   -0.000092   -0.000015    0.063187   -0.136837   -0.232275
 24   42.391769    0.000000    0.000015    0.015725    0.038937   -0.165008
 25   42.497486    0.000031   -0.000031   -0.025942    0.219543   -0.248075
 26   42.272755    0.000092   -0.000031    0.016265    0.195841   -0.255891
 27   29.239334   55.382622   92.214943    1.274913   -0.326235    0.356682
 28   42.375061   -0.000008   -0.000023    0.039912    0.075118    0.130823
 29   42.546097   -0.000004   -0.000006    0.038623    0.127096    0.206063
 30   42.234467    0.000084   -0.000019    0.051334    0.216963    0.335912
 31   42.465027   -0.000046   -0.000008    0.051648    0.239539    0.356556
 32   42.458069    0.000015   -0.000008    0.028578    0.114885    0.178718
 33   42.267914   -0.000031    0.000000    0.027399    0.146179    0.198001
 34   42.506012    0.000015   -0.000015    0.049624    0.327012    0.368104
 35   42.233101    0.000000    0.000046   -0.027010   -0.374488   -0.033267
 36   42.352249   -0.000122    0.000046   -0.138536   -0.600879   -0.334054
 37   42.391724    0.000092    0.000004   -0.078241   -0.149575   -0.091749
 38   42.497559    0.000038   -0.000031   -0.025872   -0.104905    0.030173
 39   42.272644    0.000168   -0.000015    0.019199   -0.151987    0.156112
 40   29.239338  106.746651    1.740818   -0.075047    0.275712    0.982303
 41   42.375076   -0.000006   -0.000008   -0.016763    0.041116    0.064701
 42   42.546127    0.000000    0.000000   -0.023586    0.043955    0.073288
 43   42.234482    0.000008    0.000000   -0.028521    0.033331    0.074493
 44   42.465118    0.000008    0.000004   -0.043041    0.065932    0.100368
 45   42.458069    0.000008   -0.000008   -0.101233    0.120108    0.188474
 46   42.267914   -0.000008    0.000031   -0.212145    0.168236    0.281561
 47   42.505829    0.000000    0.000031   -0.338306    0.184161    0.308597
 48   42.233124    0.000031    0.000031   -0.235243    0.024908    0.177755
 49   42.352280   -0.000031    0.000050    0.040645    0.035624   -0.026578
 50   42.391724   -0.000031    0.000019    0.199461    0.073400   -0.122964
 51   42.497589    0.000000   -0.000008    0.186868    0.060550   -0.103406
 52   42.272705    0.000031    0.000031    0.155472    0.029254   -0.082564
 53   29.239326   50.706947  -91.389099   -0.659252    0.795777    1.645213
 54   42.375092   -0.000008    0.000008   -0.061081    0.070977   -0.058433
 55   42.546112    0.000032    0.000008   -0.045214    0.066297   -0.028765
 56   42.234497   -0.000036    0.000004   -0.031160    0.037337   -0.032547
 57   42.465042    0.000057    0.000019   -0.022491   -0.004180   -0.082587
 58   42.458069    0.000023    0.000015   -0.033117   -0.017376   -0.110513
 59   42.267944   -0.000099    0.000011   -0.026642    0.061508   -0.012411
 60   42.505890    0.000076    0.000015    0.002325    0.109973    0.081270
 61   42.233124   -0.000065    0.000046    0.013679    0.094015    0.001057
 62   42.352203   -0.000011    0.000023   -0.001311    0.129976   -0.136221
 63   42.391724    0.000000    0.000015   -0.015519    0.165884   -0.148867
 64   42.497498    0.000000   -0.000015   -0.008347    0.121953   -0.103231
 65   42.272766    0.000031    0.000031   -0.003067    0.019984   -0.016732
 66   29.239315  -56.044861  -91.389008    0.065162    0.344880   -0.578967
 67   42.375107   -0.000006    0.000004    0.017339    0.116594   -0.155577
 68   42.546097    0.000000    0.000023   -0.055881    0.154256   -0.219183
 69   42.234482    0.000034   -0.000019   -0.108277    0.200212   -0.272675
 70   42.464996   -0.000008   -0.000027   -0.067685    0.161479   -0.178671
 71   42.458115    0.000061   -0.000015   -0.050556    0.181501   -0.157039
 72   42.267929   -0.000061    0.000031   -0.116016    0.468116   -0.344441
 73   42.505936    0.000092    0.000000   -0.001755    0.089777   -0.153297
 74   42.233131    0.000046   -0.000031    0.017524   -0.379131    0.028010
 75   42.352142    0.000015    0.000046    0.116262   -0.458866   -0.205051
 76   42.391785    0.000000    0.000004    0.238052   -0.432622   -0.219581
 77   42.497482    0.000061    0.000046    0.412520   -0.190005   -0.042293
 78   42.272720    0.000015    0.000031    0.578225   -0.096396    0.018805
 79   29.239307 -106.786293    1.740927    0.077797   -0.085392   -1.670791
 80   42.375076   -0.000011   -0.000003   -0.002140   -0.055561    0.068995
 81   42.546082    0.000008    0.000004    0.004608   -0.042518    0.120606
 82   42.234497   -0.000017   -0.000004    0.008599   -0.049426    0.098569
 83   42.465073   -0.000004    0.000000   -0.036427   -0.137886   -0.254393
 84   42.458069   -0.000004    0.000000   -0.068714   -0.106373   -0.257846
 85   42.267944    0.000000   -0.000015   -0.022673   -0.030974   -0.062595
 86   42.505890    0.000000    0.000015    0.021339   -0.006952    0.056085
 87   42.233063    0.000000   -0.000023    0.089683    0.061746    0.227120
 88   42.352295   -0.000011   -0.000023    0.051659   -0.169320    0.158405
 89   42.391815   -0.000008   -0.000046   -0.004143   -0.260678    0.014854
 90   42.497467   -0.000008   -0.000031    0.030423   -0.127216    0.037215
 91   42.272583   -0.000015   -0.000031    0.022152   -0.064521    0.021117
time 21
  0    0.000000    0.000000    0.000000    0.000000   -0.000000    0.000000
  1    0.000000    0.000000    0.000000    0.000000   -0.000000    0.000000
  2    0.000000    0.000000   11.503407    0.863117   -1.648517    0.785400
  3   50.309212   -0.435479    0.000004   -0.000017   -0.221945    0.014098
  4   30.891537   -0.000010    0.000004    0.000017   -0.221944   -0.014097
  5   34.635590    0.000006    0.000008   -0.000000   -0.221944   -0.000001
  6   30.584282    0.000019    0.000008   -0.000000   -0.460225    0.000001
  7   31.520187   -0.000001    0.000015   -0.000000   -0.438122   -0.000001
  8   34.241188  -28.000031  -41.878006    0.988627   -0.423564    0.283485
  9   34.241127   23.441799  -41.878113   -0.988632   -0.423565   -0.283480
 10   35.246704  -52.543083    1.319138   -0.000000    0.000000    0.524812
 11   35.246544   52.726311    1.318909   -0.000000    0.000000   -0.524809
 12   34.830009  -24.891926   45.588593   -0.986745    0.430642    0.271664
 13   34.885765   27.636587   43.767807    0.986740    0.430640   -0.271663
 14   29.239315  -51.573368   94.292969    0.418536   -0.291839   -0.323925
 15   42.375053   -0.000011    0.000015   -0.108733   -0.098139    0.010865
 16   42.546082    0.000017    0.000000   -0.071871   -0.127434    0.000220
 17   42.234467    0.000006    0.000000   -0.058551   -0.152375    0.026250
 18   42.464951   -0.000002    0.000000   -0.070426   -0.188974   -0.027670
 19   42.458069   -0.000076    0.000008   -0.122993   -0.292291   -0.260810
 20   42.268005    0.000038    0.000015   -0.093048   -0.256350   -0.277065
 21   42.505936    0.000046    0.000046   -0.040527   -0.143982   -0.315176
 22   42.233246    0.000000    0.000015    0.065411   -0.191793   -0.540599
 23   42.352272    0.000061    0.000000    0.075508   -0.123578   -0.286522
 24   42.391701   -0.000031   -0.000031    0.013453    0.061778   -0.172193
 25   42.497452    0.000031    0.000000   -0.031452    0.205386   -0.218751
 26   42.272816    0.000061   -0.000015    0.033125    0.128696   -0.197911
 27   29.239334   55.382618   92.214951    1.230978   -0.321173    0.363259
 28   42.375061    0.000008   -0.000011    0.039713    0.072797    0.128764
 29   42.546082   -0.000004    0.000021    0.038870    0.123508    0.203187
 30   42.234451    0.000092   -0.000015    0.052004    0.213796    0.335381
 31   42.465073   -0.000011    0.000000    0.050461    0.233519    0.352383
 32   42.458084    0.000031   -0.000015    0.028881    0.120372    0.188896
 33   42.267899   -0.000031    0.000000    0.036506    0.217147    0.263182
 34   42.506027    0.000061    0.000015    0.032998    0.292704    0.351458
 35   42.233040    0.000000    0.000015   -0.026204   -0.505509   -0.110857
 36   42.352264   -0.000061    0.000015   -0.163516   -0.556415   -0.323533
 37   42.391754    0.000092   -0.000015   -0.069630   -0.130120   -0.072058
 38   42.497681    0.000084   -0.000031   -0.023009   -0.096979    0.029734
 39   42.272614    0.000153    0.000015    0.021448   -0.142308    0.144674
 40   29.239353  106.746658    1.740836   -0.075924    0.285021    1.007186
 41   42.375069    0.000019   -0.000004   -0.012340    0.039661    0.046391
 42   42.546112    0.000008    0.000004   -0.017286    0.042191    0.051651
 43   42.234512    0.000000    0.000004   -0.022100    0.033079    0.055284
 44   42.465088    0.000008    0.000004   -0.027783    0.061032    0.063449
 45   42.458130   -0.000015   -0.000008   -0.040205    0.120294    0.078778
 46   42.267914   -0.000019    0.000031   -0.142983    0.185292    0.184767
 47   42.505890   -0.000031   -0.000015   -0.479905    0.175444    0.408246
 48   42.233109   -0.000061   -0.000015   -0.275803   -0.016030    0.216150
 49   42.352264   -0.000031   -0.000008   -0.023364   -0.001785    0.018927
 50   42.391663   -0.000092   -0.000015    0.028451    0.017445   -0.021469
 51   42.497620    0.000000   -0.000042   -0.032336    0.001593    0.025588
 52   42.272736   -0.000031   -0.000023   -0.022039    0.000512    0.017321
 53   29.239323   50.706905  -91.389099   -0.633135    0.864652    1.707497
 54   42.375107   -0.000002   -0.000008   -0.055572    0.057312   -0.086992
 55   42.546082    0.000029    0.000015   -0.043472    0.072443   -0.063899
 56   42.234543   -0.000034   -0.000011   -0.030275    0.030211   -0.048208
 57   42.465012    0.000055   -0.000004   -0.018094   -0.073808   -0.055543
 58   42.458130    0.000023    0.000000   -0.016749   -0.113916   -0.058929
 59   42.267975   -0.000107    0.000008   -0.032001    0.041117   -0.050139
 60   42.505920    0.000061    0.000023   -0.035746    0.211512   -0.042249
 61   42.233185   -0.000061    0.000011   -0.005819    0.151058   -0.053981
 62   42.352295   -0.000008    0.000015   -0.011857    0.035167   -0.116206
 63   42.391663   -0.000015    0.000038   -0.036817    0.058591   -0.148190
 64   42.497528    0.000031    0.000000   -0.039793    0.065833   -0.121971
 65   42.272766   -0.000061    0.000061   -0.013336    0.018872   -0.032045
 66   29.239315  -56.044888  -91.389046    0.110692    0.319039   -0.586856
 67   42.375092   -0.000004   -0.000015    0.003945    0.116740   -0.163636
 68   42.546066   -0.000023   -0.000015   -0.074277    0.158496   -0.230595
 69   42.234467    0.000031   -0.000011   -0.125007    0.205807   -0.278381
 70   42.465027    0.000000    0.000008   -0.073066    0.165347   -0.173904
 71   42.458099    0.000061    0.000000   -0.063427    0.215330   -0.171662
 72   42.267914   -0.000046    0.000000   -0.115503    0.516796   -0.360613
 73   42.505936    0.000092    0.000000    0.006028    0.041620   -0.128810
 74   42.233101    0.000015    0.000015    0.012367   -0.390125    0.032353
 75   42.352173   -0.000015   -0.000015    0.116142   -0.469680   -0.204843
 76   42.391815    0.000031    0.000004    0.255772   -0.439962   -0.203793
 77   42.497604    0.000061    0.000031    0.455659   -0.200560   -0.033700
 78   42.272705   -0.000015    0.000061    0.534855   -0.090961    0.027023
 79   29.239307 -106.786293    1.740904    0.076257   -0.086749   -1.563179
 80   42.375092    0.000000   -0.000005   -0.000904   -0.058370    0.032958
 81   42.546082    0.000000    0.000004    0.004688   -0.045137    0.083743
 82   42.234543   -0.000004   -0.000011    0.007168   -0.051031    0.068044
 83   42.465057   -0.000011   -0.000008   -0.048977   -0.148834   -0.298242
 84   42.458054    0.000031   -0.000023   -0.089340   -0.108675   -0.310110
 85   42.267929    0.000031    0.000000   -0.027801   -0.029701   -0.073687
 86   42.505981    0.000015    0.000023    0.026644   -0.015747    0.067973
 87   42.233063    0.000015   -0.000031    0.119837    0.027909    0.284022
 88   42.352295    0.000015   -0.000008    0.082716   -0.125338    0.207563
 89   42.391724   -0.000019   -0.000015   -0.016419   -0.275410    0.001784
 90   42.497559   -0.000011    0.000061    0.038716   -0.144419    0.044901
 91   42.272491    0.000008    0.000061    0.033211   -0.079894    0.028476
time 22
  0    0.000000    0.000000    0.000000    0.000000   -0.000000    0.000000
  1    0.000000    0.000000    0.000000    0.000000   -0.000000    0.000000
  2    0.000000    0.000000   13.047846    0.870108   -1.655506    0.785399
  3   50.309219   -0.435479    0.000004   -0.000017   -0.223556    0.014098
  4   30.891544   -0.000011    0.000000    0.000017   -0.223556   -0.014097
  5   34.635597    0.000007    0.000000   -0.000000   -0.223556   -0.000001
  6   30.584274    0.000017    0.000004   -0.000000   -0.461836    0.000001
  7   31.520187   -0.000001    0.000015   -0.000000   -0.439734   -0.000001
  8   34.241196  -28.000034  -41.878006    0.987308   -0.428635    0.286998
  9   34.241127   23.441803  -41.878098   -0.987313   -0.428636   -0.286993
 10   35.246704  -52.543087    1.319122   -0.000000    0.000000    0.530838
 11   35.246544   52.726322    1.318924   -0.000000    0.000000   -0.530835
 12   34.830032  -24.891926   45.588608   -0.985395    0.435708    0.275196
 13   34.885780   27.636585   43.767815    0.985390    0.435707   -0.275196
 14   29.239315  -51.573341   94.292931    0.450873   -0.525388   -0.435410
 15   42.375076   -0.000007    0.000000   -0.109237   -0.040579    0.017536
 16   42.546082    0.000023   -0.000008   -0.067448   -0.050639    0.015904
 17   42.234467    0.000025   -0.000023   -0.028100   -0.004787    0.057102
 18   42.464996    0.000031   -0.000008   -0.053047   -0.125921   -0.018754
 19   42.458130   -0.000038    0.000008   -0.139840   -0.369609   -0.202003
 20   42.267944    0.000008    0.000000   -0.109831   -0.229490   -0.154068
 21   42.505920    0.000031    0.000000   -0.086387   -0.170105   -0.304472
 22   42.233154   -0.000015    0.000015    0.037287   -0.269578   -0.680912
 23   42.352272    0.000000    0.000046    0.060996   -0.095994   -0.323120
 24   42.391754   -0.000061    0.000015    0.010113    0.082393   -0.197197
 25   42.497482    0.000061    0.000000    0.013758    0.132375   -0.220437
 26   42.272743    0.000031    0.000000    0.078982    0.054277   -0.181753
 27   29.239338   55.382622   92.214958    1.194905   -0.323731    0.366983
 28   42.375061    0.000000    0.000012    0.040627    0.071416    0.124559
 29   42.546097   -0.000011    0.000013    0.040189    0.121832    0.197166
 30   42.234467    0.000084   -0.000011    0.053213    0.215637    0.330733
 31   42.465057   -0.000015    0.000008    0.048801    0.236453    0.348629
 32   42.458130    0.000015    0.000000    0.028283    0.129914    0.204300
 33   42.267883   -0.000031    0.000015    0.046967    0.285001    0.338092
 34   42.506020    0.000031    0.000061    0.013699    0.213567    0.302944
 35   42.233093   -0.000031    0.000061   -0.022242   -0.582059   -0.184939
 36   42.352234   -0.000092    0.000000   -0.167902   -0.502063   -0.314722
 37   42.391693    0.000076   -0.000023   -0.062629   -0.123322   -0.059704
 38   42.497711    0.000023   -0.000031   -0.018855   -0.098886    0.038946
 39   42.272675    0.000160    0.000000    0.032071   -0.146869    0.158095
 40   29.239349  106.746613    1.740842   -0.073678    0.305000    1.051534
 41   42.375076    0.000006   -0.000004   -0.000061    0.024673    0.007039
 42   42.546127   -0.000011    0.000000   -0.001145    0.025243    0.006928
 43   42.234482   -0.000008    0.000000    0.001805    0.008989   -0.002821
 44   42.465057    0.000000    0.000000   -0.005750    0.044242    0.017230
 45   42.458069   -0.000008   -0.000004   -0.012221    0.133829    0.036026
 46   42.267944    0.000023   -0.000015   -0.048461    0.197043    0.080001
 47   42.505859    0.000015   -0.000015   -0.499117    0.140024    0.464154
 48   42.233063    0.000031   -0.000031   -0.305758   -0.060136    0.283685
 49   42.352234    0.000031    0.000008   -0.123600   -0.054851    0.128667
 50   42.391693    0.000000   -0.000023   -0.127940   -0.080816    0.148804
 51   42.497620    0.000000    0.000000   -0.119485   -0.121045    0.163140
 52   42.272766    0.000000    0.000015   -0.046735   -0.072897    0.078091
 53   29.239338   50.706905  -91.389122   -0.615277    0.929960    1.750801
 54   42.375092   -0.000008    0.000011   -0.048284    0.039965   -0.108896
 55   42.546082    0.000029    0.000019   -0.039269    0.073246   -0.093295
 56   42.234528   -0.000023    0.000000   -0.029039    0.019929   -0.061813
 57   42.464981    0.000057   -0.000008   -0.016717   -0.138491   -0.026274
 58   42.458099    0.000034    0.000000   -0.007097   -0.181297   -0.008712
 59   42.267975   -0.000114    0.000023   -0.020263   -0.019762   -0.046130
 60   42.505951    0.000069    0.000008   -0.063481    0.174794   -0.122911
 61   42.233215   -0.000046   -0.000008   -0.066621    0.215074   -0.151876
 62   42.352295    0.000000    0.000042   -0.020579   -0.005968   -0.130120
 63   42.391724   -0.000031    0.000015   -0.027608   -0.044157   -0.146616
 64   42.497589    0.000092    0.000015   -0.051331   -0.003889   -0.137379
 65   42.272736    0.000000   -0.000015   -0.023636    0.001116   -0.047943
 66   29.239326  -56.044849  -91.389015    0.155711    0.293296   -0.579344
 67   42.375092   -0.000004   -0.000008   -0.004401    0.114001   -0.169201
 68   42.546112    0.000004    0.000023   -0.090630    0.161401   -0.244913
 69   42.234436    0.000031   -0.000008   -0.143162    0.211742   -0.291899
 70   42.465042   -0.000031    0.000015   -0.083023    0.177187   -0.179577
 71   42.458099    0.000031   -0.000008   -0.089804    0.290037   -0.213826
 72   42.267853   -0.000092    0.000000   -0.090613    0.533610   -0.352202
 73   42.505959    0.000061    0.000000    0.005730   -0.044155   -0.078721
 74   42.233139    0.000046    0.000031    0.007338   -0.394721    0.050781
 75   42.352158   -0.000061    0.000000    0.122808   -0.479997   -0.170829
 76   42.391754   -0.000031   -0.000020    0.272841   -0.431174   -0.151456
 77   42.497467    0.000031    0.000000    0.417608   -0.210586   -0.009255
 78   42.272736   -0.000015    0.000000    0.333027   -0.081208    0.031885
 79   29.239315 -106.786247    1.740902    0.071933   -0.053144   -1.396749
 80   42.375084   -0.000015   -0.000001   -0.000555   -0.067704   -0.020670
 81   42.546021   -0.000004    0.000002    0.000608   -0.060108    0.021360
 82   42.234528    0.000000   -0.000004    0.002467   -0.061798    0.027011
 83   42.465027   -0.000019   -0.000011   -0.059646   -0.150452   -0.343448
 84   42.458038    0.000000   -0.000015   -0.109828   -0.099648   -0.388236
 85   42.267853    0.000015   -0.000008   -0.032640   -0.027589   -0.093319
 86   42.505966    0.000000    0.000023    0.026557   -0.036912    0.074214
 87   42.233063   -0.000015    0.000000    0.143311   -0.054709    0.336434
 88   42.352264   -0.000008    0.000008    0.139477   -0.093149    0.277757
 89   42.391754   -0.000004   -0.000046   -0.020439   -0.252809   -0.002255
 90   42.497620   -0.000004   -0.000031    0.038953   -0.181218    0.046400
 91   42.272583   -0.000008    0.000000    0.066541   -0.119461    0.046158
time 23
  0    0.000000    0.000000    0.000000    0.000000   -0.000000    0.000000
  1    0.000000    0.000000    0.000000    0.000000   -0.000000    0.000000
  2    0.000000    0.000000   13.633668    0.872664   -1.658063    0.785399
  3   50.309212   -0.435478    0.000004   -0.000017   -0.225197    0.014098
  4   30.891544   -0.000011    0.000000    0.000017   -0.225197   -0.014097
  5   34.635597    0.000007   -0.000004   -0.000000   -0.225197   -0.000001
  6   30.584290    0.000017   -0.000008   -0.000000   -0.463477    0.000001
  7   31.520187   -0.000001    0.000000   -0.000000   -0.441375   -0.000001
  8   34.241188  -28.000031  -41.878006    0.985964   -0.433799    0.290575
  9   34.241104   23.441799  -41.878098   -0.985970   -0.433800   -0.290569
 10   35.246696  -52.543083    1.319153   -0.000000    0.000000    0.536972
 11   35.246544   52.726311    1.318924   -0.000000    0.000000   -0.536969
 12   34.830017  -24.891926   45.588615   -0.984020    0.440866    0.278793
 13   34.885773   27.636589   43.767830    0.984016    0.440865   -0.278792
 14   29.239309  -51.573357   94.292969    0.512233   -0.816109   -0.636386
 15   42.375069   -0.000014   -0.000011   -0.088936    0.046928    0.027445
 16   42.546127    0.000023    0.000008   -0.040745    0.055089    0.038808
 17   42.234482   -0.000002    0.000008    0.026971    0.181677    0.096866
 18   42.464996    0.000015    0.000008   -0.026741   -0.038341    0.017184
 19   42.458130   -0.000084   -0.000008   -0.155975   -0.432470   -0.124994
 20   42.268005    0.000023    0.000031   -0.115596   -0.213112   -0.084260
 21   42.505951   -0.000015    0.000000   -0.109797   -0.163910   -0.193443
 22   42.233246    0.000031   -0.000015   -0.079933   -0.332118   -0.647065
 23   42.352280    0.000061   -0.000061    0.031456   -0.146881   -0.461197
 24   42.391731   -0.000031   -0.000046    0.025272    0.026634   -0.260895
 25   42.497559    0.000061   -0.000046    0.063433    0.025358   -0.248663
 26   42.272820    0.000061   -0.000031    0.089111   -0.013213   -0.180189
 27   29.239340   55.382618   92.215004    1.167559   -0.332836    0.367425
 28   42.375069    0.000000   -0.000013    0.042656    0.070644    0.118788
 29   42.546097   -0.000004   -0.000004    0.042757    0.121431    0.188709
 30   42.234467    0.000076   -0.000015    0.055673    0.221216    0.321990
 31   42.465027   -0.000023   -0.000023    0.048003    0.247265    0.345458
 32   42.458099    0.000031    0.000000    0.027722    0.143733    0.226060
 33   42.267929    0.000015    0.000000    0.057828    0.336505    0.408967
 34   42.506027    0.000046    0.000031    0.001372    0.126547    0.240242
 35   42.233086   -0.000061    0.000000   -0.017032   -0.608222   -0.242128
 36   42.352280   -0.000092    0.000023   -0.158834   -0.461973   -0.312436
 37   42.391693    0.000084   -0.000023   -0.057406   -0.125779   -0.050373
 38   42.497650    0.000046   -0.000015   -0.012659   -0.107700    0.057818
 39   42.272614    0.000122   -0.000015    0.045458   -0.153493    0.177075
 40   29.239351  106.746651    1.740839   -0.069597    0.321466    1.099934
 41   42.375084    0.000008    0.000004    0.017175    0.004653   -0.037920
 42   42.546127   -0.000011    0.000000    0.016835    0.003212   -0.039655
 43   42.234451   -0.000023   -0.000004    0.024644   -0.023023   -0.063262
 44   42.465073    0.000008   -0.000006    0.010136    0.016588   -0.025477
 45   42.458069   -0.000015    0.000000   -0.005942    0.123749    0.026935
 46   42.267822    0.000008   -0.000008    0.021475    0.221554   -0.011591
 47   42.505890   -0.000015   -0.000046   -0.403187    0.086394    0.452662
 48   42.233093    0.000031   -0.000031   -0.318258   -0.139985    0.378158
 49   42.352203    0.000000    0.000027   -0.164649   -0.079549    0.256008
 50   42.391693    0.000092    0.000008   -0.181394   -0.122682    0.339826
 51   42.497650    0.000031    0.000000   -0.096426   -0.152636    0.242079
 52   42.272751   -0.000031    0.000000   -0.029823   -0.090632    0.120246
 53   29.239336   50.706898  -91.389076   -0.625852    0.987296    1.743240
 54   42.375076   -0.000015    0.000008   -0.042733    0.013522   -0.117935
 55   42.546051    0.000027    0.000027   -0.034986    0.061881   -0.108964
 56   42.234512   -0.000042   -0.000008   -0.028161    0.004276   -0.068706
 57   42.465027    0.000008   -0.000004   -0.017447   -0.185437   -0.002749
 58   42.458038    0.000015    0.000008   -0.004817   -0.211341    0.026442
 59   42.267975   -0.000099    0.000000   -0.009798   -0.060677   -0.026524
 60   42.505920    0.000063    0.000000   -0.038270    0.065565   -0.117812
 61   42.233215   -0.000061   -0.000031   -0.117190    0.179400   -0.249133
 62   42.352325   -0.000046    0.000019   -0.062806    0.015178   -0.185390
 63   42.391785    0.000031    0.000019    0.013817   -0.107674   -0.110121
 64   42.497559    0.000092   -0.000015   -0.035853   -0.047934   -0.127855
 65   42.272766    0.000000   -0.000031   -0.026056   -0.021781   -0.065579
 66   29.239313  -56.044884  -91.389046    0.196020    0.267182   -0.557384
 67   42.375107   -0.000011    0.000008   -0.006732    0.109749   -0.171368
 68   42.546112    0.000000    0.000019   -0.102689    0.163056   -0.259713
 69   42.234436    0.000023   -0.000011   -0.162161    0.218871   -0.312779
 70   42.465042   -0.000053    0.000015   -0.097084    0.197492   -0.194394
 71   42.458130    0.000031   -0.000008   -0.120636    0.386499   -0.269332
 72   42.267944   -0.000061    0.000000   -0.045173    0.494412   -0.305356
 73   42.505943    0.000046    0.000000   -0.003286   -0.117290   -0.028490
 74   42.233185    0.000000   -0.000015    0.003835   -0.396284    0.065847
 75   42.352158   -0.000046   -0.000015    0.116939   -0.457827   -0.099962
 76   42.391815    0.000015    0.000010    0.257757   -0.409467   -0.075363
 77   42.497589    0.000015    0.000000    0.332234   -0.221218    0.022976
 78   42.272675    0.000000    0.000031    0.183539   -0.072160    0.033728
 79   29.239317 -106.786270    1.740901    0.070392    0.000396   -1.208364
 80   42.375107   -0.000011   -0.000005    0.002503   -0.073721   -0.071464
 81   42.546066    0.000008    0.000003   -0.001772   -0.078666   -0.053693
 82   42.234543   -0.000008   -0.000006   -0.002389   -0.078232   -0.015610
 83   42.465073   -0.000011   -0.000011   -0.061678   -0.142851   -0.366221
 84   42.458023    0.000015   -0.000015   -0.123902   -0.084105   -0.486081
 85   42.267944    0.000031   -0.000008   -0.038161   -0.021411   -0.131783
 86   42.505997    0.000031    0.000011    0.017201   -0.055331    0.060848
 87   42.233078    0.000000   -0.000008    0.135788   -0.140653    0.352621
 88   42.352325    0.000031    0.000000    0.199316   -0.114396    0.347674
 89   42.391724   -0.000015   -0.000031    0.032152   -0.177939    0.056475
 90   42.497650    0.000000    0.000015   -0.006923   -0.225208    0.016191
 91   42.272522   -0.000023    0.000000    0.143803   -0.196878    0.076449
time 24
  0    0.000000    0.000000    0.000000    0.000000   -0.000000    0.000000
  1    0.000000    0.000000    0.000000    0.000000   -0.000000    0.000000
  2    0.000000    0.000000   12.878450    0.867828   -1.653229    0.785400
  3   50.309219   -0.435479    0.000004   -0.000017   -0.226809    0.014098
  4   30.891548   -0.000011    0.000001    0.000017   -0.226809   -0.014097
  5   34.635597    0.000006   -0.000008   -0.000000   -0.226809   -0.000001
  6   30.584282    0.000018    0.000004   -0.000000   -0.465089    0.000001
  7   31.520187   -0.000002    0.000000   -0.000000   -0.442987   -0.000001
  8   34.241188  -28.000032  -41.877991    0.984645   -0.438870    0.294088
  9   34.241119   23.441801  -41.878113   -0.984650   -0.438871   -0.294082
 10   35.246689  -52.543091    1.319153   -0.000000    0.000000    0.542997
 11   35.246529   52.726318    1.318924   -0.000000   -0.000000   -0.542994
 12   34.830017  -24.891928   45.588615   -0.982670    0.445932    0.282325
 13   34.885757   27.636589   43.767830    0.982666    0.445931   -0.282324
 14   29.239319  -51.573334   94.292915    0.664648   -1.028517   -0.956809
 15   42.375061    0.000005   -0.000004   -0.063595    0.098016    0.049028
 16   42.546127    0.000037    0.000004   -0.006195    0.124869    0.073337
 17   42.234467    0.000008    0.000000    0.088737    0.303522    0.158355
 18   42.464996    0.000034   -0.000008    0.012170    0.096244    0.070106
 19   42.458069   -0.000038    0.000015   -0.141746   -0.415224   -0.085465
 20   42.267944    0.000011    0.000000   -0.109516   -0.209858   -0.054461
 21   42.505951    0.000046   -0.000008   -0.085932   -0.131127   -0.097140
 22   42.233215    0.000015    0.000031   -0.159799   -0.279940   -0.361974
 23   42.352234    0.000046   -0.000015   -0.078703   -0.281225   -0.554050
 24   42.391739    0.000061    0.000000    0.005005   -0.102419   -0.389315
 25   42.497513    0.000000    0.000000    0.061280   -0.070930   -0.333135
 26   42.272758    0.000000   -0.000015    0.067307   -0.060751   -0.202000
 27   29.239342   55.382614   92.214943    1.151821   -0.350739    0.364349
 28   42.375046   -0.000008    0.000000    0.046366    0.070222    0.112226
 29   42.546112    0.000011    0.000013    0.047503    0.121854    0.178717
 30   42.234467    0.000084   -0.000011    0.061317    0.229376    0.309032
 31   42.465057   -0.000008    0.000008    0.050683    0.265051    0.341075
 32   42.458069    0.000008    0.000015    0.029476    0.163108    0.253970
 33   42.267914    0.000000    0.000015    0.070142    0.372895    0.463477
 34   42.505997    0.000061    0.000046   -0.003170    0.057311    0.178036
 35   42.233078   -0.000076    0.000061   -0.012759   -0.602691   -0.274764
 36   42.352234   -0.000092    0.000031   -0.144949   -0.444477   -0.316244
 37   42.391724    0.000092    0.000008   -0.053761   -0.135374   -0.040545
 38   42.497589    0.000046    0.000000   -0.003312   -0.120729    0.088411
 39   42.272614    0.000130    0.000000    0.052616   -0.151519    0.183243
 40   29.239353  106.746635    1.740833   -0.061458    0.316452    1.138421
 41   42.375092   -0.000004   -0.000004    0.031296   -0.013148   -0.073508
 42   42.546127    0.000004   -0.000004    0.028489   -0.015952   -0.073300
 43   42.234467    0.000004   -0.000008    0.035739   -0.048151   -0.103552
 44   42.465057    0.000000   -0.000015    0.015644   -0.007946   -0.052621
 45   42.458099    0.000008   -0.000001   -0.004681    0.093324    0.024696
 46   42.267914    0.000023   -0.000008    0.029977    0.236455   -0.042891
 47   42.505829    0.000008   -0.000023   -0.257517    0.062518    0.360721
 48   42.233124   -0.000015   -0.000023   -0.321066   -0.226566    0.473995
 49   42.352234   -0.000061   -0.000019   -0.105571   -0.097083    0.257018
 50   42.391724    0.000000    0.000000   -0.138903   -0.095940    0.446573
 51   42.497650   -0.000031   -0.000031   -0.076386   -0.139970    0.348337
 52   42.272736   -0.000031    0.000000   -0.018024   -0.096921    0.200093
 53   29.239330   50.706921  -91.389069   -0.693900    1.022203    1.637815
 54   42.375092   -0.000008   -0.000011   -0.044159   -0.026948   -0.103340
 55   42.546051    0.000038   -0.000008   -0.034299    0.031602   -0.101191
 56   42.234528   -0.000025   -0.000011   -0.028437   -0.019419   -0.062784
 57   42.464996    0.000044   -0.000011   -0.017316   -0.207699    0.012201
 58   42.458099    0.000006    0.000000   -0.004931   -0.211605    0.045166
 59   42.268005   -0.000082    0.000015   -0.006067   -0.074771   -0.012061
 60   42.505890    0.000063    0.000000   -0.014120   -0.000389   -0.087366
 61   42.233185   -0.000031   -0.000031   -0.088107    0.075891   -0.256516
 62   42.352325    0.000031    0.000015   -0.114873    0.008628   -0.267440
 63   42.391663    0.000061    0.000008    0.037830   -0.107857   -0.069122
 64   42.497559    0.000031   -0.000031   -0.012958   -0.057241   -0.094226
 65   42.272766    0.000061   -0.000031   -0.016884   -0.036286   -0.067534
 66   29.239311  -56.044872  -91.389015    0.225234    0.240388   -0.517393
 67   42.375092    0.000008   -0.000015   -0.001393    0.105890   -0.168982
 68   42.546127   -0.000008    0.000015   -0.105851    0.164144   -0.270970
 69   42.234467    0.000046   -0.000027   -0.180474    0.228604   -0.342122
 70   42.465012   -0.000023    0.000004   -0.111399    0.221587   -0.213390
 71   42.458054    0.000015   -0.000008   -0.135687    0.458214   -0.301166
 72   42.267899   -0.000046   -0.000031   -0.010472    0.440725   -0.256101
 73   42.505951    0.000107    0.000000   -0.011999   -0.155213    0.002274
 74   42.233177    0.000000   -0.000015    0.001705   -0.391184    0.064081
 75   42.352173   -0.000031   -0.000015    0.093387   -0.391081   -0.006485
 76   42.391754   -0.000031    0.000004    0.207226   -0.370368    0.020281
 77   42.497528    0.000031    0.000031    0.232508   -0.221486    0.063647
 78   42.272705   -0.000008    0.000031    0.091807   -0.059442    0.033676
 79   29.239296 -106.786278    1.740911    0.070507    0.056818   -1.027831
 80   42.375114   -0.000008    0.000000    0.007555   -0.068594   -0.102062
 81   42.546021    0.000015    0.000003    0.002030   -0.086898   -0.119346
 82   42.234512   -0.000008   -0.000010   -0.004974   -0.098594   -0.069573
 83   42.465057    0.000031   -0.000011   -0.052612   -0.129347   -0.360414
 84   42.458069    0.000015   -0.000008   -0.122410   -0.063364   -0.570457
 85   42.267944    0.000031   -0.000019   -0.044118   -0.005366   -0.203255
 86   42.505920    0.000000    0.000013    0.005865   -0.061925    0.032948
 87   42.233047    0.000031   -0.000019    0.093930   -0.194994    0.322135
 88   42.352325    0.000015    0.000000    0.229765   -0.185400    0.409265
 89   42.391754    0.000021   -0.000061    0.118062   -0.116781    0.148872
 90   42.497528   -0.000023   -0.000031   -0.051124   -0.223616   -0.020094
 91   42.272522    0.000000    0.000000    0.142837   -0.251178    0.076257
time 25
  0    0.000000    0.000000    0.000000    0.000000   -0.000000    0.000000
  1    0.000000    0.000000    0.000000    0.000000   -0.000000    0.000000
  2    0.000000    0.000000   10.930783    0.855363   -1.640764    0.785401
  3   50.309216   -0.435479    0.000003   -0.000017   -0.228333    0.014098
  4   30.891541   -0.000012   -0.000001    0.000017   -0.228333   -0.014097
  5   34.635590    0.000006    0.000004   -0.000000   -0.228333   -0.000001
  6   30.584282    0.000017    0.000004   -0.000000   -0.466613    0.000001
  7   31.520172   -0.000003    0.000000   -0.000000   -0.444511   -0.000001
  8   34.241188  -28.000038  -41.878006    0.983397   -0.443666    0.297410
  9   34.241112   23.441803  -41.878098   -0.983402   -0.443667   -0.297404
 10   35.246696  -52.543095    1.319138   -0.000000    0.000000    0.548695
 11   35.246529   52.726318    1.318924   -0.000000   -0.000000   -0.548692
 12   34.830017  -24.891930   45.588608   -0.981394    0.450723    0.285665
 13   34.885765   27.636587   43.767815    0.981389    0.450722   -0.285664
 14   29.239315  -51.573406   94.292961    0.868897   -1.094698   -1.299060
 15   42.375084   -0.000001   -0.000017   -0.055562    0.107978    0.075313
 16   42.546097    0.000021    0.000010    0.011105    0.141408    0.112189
 17   42.234482    0.000010    0.000008    0.127515    0.311174    0.227925
 18   42.464996    0.000031    0.000015    0.041970    0.149202    0.111191
 19   42.458130   -0.000061    0.000015   -0.112755   -0.300266   -0.093014
 20   42.267944    0.000023    0.000015   -0.075596   -0.147405   -0.049260
 21   42.505920   -0.000004    0.000000   -0.054810   -0.100975   -0.062263
 22   42.233124   -0.000031   -0.000023   -0.115615   -0.212944   -0.195286
 23   42.352325    0.000031    0.000000   -0.148301   -0.305015   -0.372290
 24   42.391724   -0.000031    0.000031   -0.082543   -0.212856   -0.403053
 25   42.497467    0.000061    0.000000    0.006588   -0.173878   -0.479645
 26   42.272743    0.000061    0.000015    0.040511   -0.094625   -0.277977
 27   29.239334   55.382599   92.214912    1.147716   -0.376329    0.358552
 28   42.375061   -0.000008   -0.000008    0.051628    0.069883    0.105956
 29   42.546097   -0.000008    0.000029    0.054329    0.122400    0.168599
 30   42.234467    0.000061   -0.000031    0.070305    0.237283    0.292591
 31   42.465042   -0.000038   -0.000015    0.057980    0.285360    0.333153
 32   42.458084    0.000023    0.000000    0.036759    0.194349    0.290037
 33   42.267883    0.000000    0.000000    0.082121    0.396794    0.490197
 34   42.506004    0.000061    0.000015   -0.003548    0.014374    0.127786
 35   42.233040   -0.000015    0.000015   -0.010347   -0.584918   -0.283955
 36   42.352295   -0.000122   -0.000008   -0.131718   -0.447382   -0.321851
 37   42.391754    0.000076   -0.000023   -0.051666   -0.149232   -0.028095
 38   42.497620    0.000061   -0.000023    0.010132   -0.132532    0.128735
 39   42.272644    0.000092   -0.000031    0.044551   -0.138711    0.165548
 40   29.239346  106.746666    1.740808   -0.048353    0.279298    1.153907
 41   42.375076    0.000004   -0.000004    0.032995   -0.024159   -0.086513
 42   42.546112    0.000011    0.000000    0.028624   -0.026978   -0.084837
 43   42.234451    0.000000   -0.000006    0.034108   -0.059130   -0.117623
 44   42.465042    0.000008   -0.000013    0.013677   -0.018996   -0.060277
 45   42.458130    0.000015   -0.000014   -0.004629    0.072832    0.027767
 46   42.267944   -0.000008   -0.000002    0.014912    0.220054   -0.026787
 47   42.505920    0.000023    0.000008   -0.168436    0.046038    0.303646
 48   42.233124    0.000023    0.000015   -0.277357   -0.252783    0.512405
 49   42.352295    0.000000   -0.000004   -0.057213   -0.101390    0.218074
 50   42.391663    0.000000   -0.000015   -0.063667   -0.063724    0.378239
 51   42.497604    0.000000   -0.000015   -0.053889   -0.109668    0.447759
 52   42.272758   -0.000092   -0.000015   -0.007794   -0.089557    0.289721
 53   29.239346   50.706951  -91.389091   -0.827223    1.010059    1.422950
 54   42.375114   -0.000011    0.000002   -0.054932   -0.077645   -0.054391
 55   42.546051    0.000013    0.000011   -0.039119   -0.019923   -0.060527
 56   42.234512   -0.000038   -0.000008   -0.029697   -0.050516   -0.039050
 57   42.465042    0.000036   -0.000019   -0.014702   -0.198566    0.013128
 58   42.458038    0.000015   -0.000008   -0.004945   -0.190058    0.046391
 59   42.268036   -0.000082    0.000015   -0.005687   -0.073470   -0.006841
 60   42.505981    0.000111    0.000000   -0.007282   -0.020003   -0.074489
 61   42.233246   -0.000067   -0.000015   -0.061925    0.022073   -0.237114
 62   42.352173    0.000015   -0.000031   -0.117563   -0.027952   -0.295296
 63   42.391663    0.000031   -0.000015    0.031133   -0.094098   -0.063196
 64   42.497528    0.000061   -0.000046   -0.000364   -0.060041   -0.075365
 65   42.272675    0.000061   -0.000031   -0.012234   -0.042702   -0.066529
 66   29.239311  -56.044861  -91.389008    0.235997    0.212753   -0.466692
 67   42.375092    0.000004    0.000000    0.009046    0.104910   -0.163237
 68   42.546112   -0.000011    0.000023   -0.099422    0.166828   -0.274829
 69   42.234451    0.000046   -0.000015   -0.194153    0.241717   -0.373957
 70   42.465027   -0.000031   -0.000015   -0.117753    0.237412   -0.224830
 71   42.458145    0.000061   -0.000023   -0.123531    0.472199   -0.280767
 72   42.267929   -0.000061    0.000000    0.003066    0.428226   -0.232328
 73   42.506020    0.000061    0.000000   -0.014345   -0.161145    0.004357
 74   42.233177    0.000031   -0.000015    0.003518   -0.376126    0.028781
 75   42.352173   -0.000076    0.000000    0.065182   -0.294762    0.078560
 76   42.391754   -0.000046   -0.000015    0.141552   -0.299568    0.148605
 77   42.497498    0.000015   -0.000008    0.147385   -0.207402    0.131918
 78   42.272705   -0.000011    0.000000    0.055868   -0.056374    0.049489
 79   29.239315 -106.786324    1.740933    0.069478    0.098845   -0.879677
 80   42.375084   -0.000004    0.000000    0.011025   -0.054180   -0.111649
 81   42.546051    0.000008    0.000009    0.008786   -0.076997   -0.154842
 82   42.234543    0.000008   -0.000005   -0.001848   -0.111054   -0.139549
 83   42.465118    0.000023   -0.000008   -0.036813   -0.116071   -0.344104
 84   42.458069    0.000031   -0.000004   -0.103647   -0.035866   -0.606800
 85   42.267944   -0.000061    0.000000   -0.044292    0.021410   -0.298928
 86   42.505920   -0.000031    0.000017   -0.000073   -0.061953    0.004852
 87   42.233032   -0.000031   -0.000006    0.050306   -0.218851    0.280007
 88   42.352325    0.000015    0.000015    0.214437   -0.265064    0.450056
 89   42.391693    0.000038   -0.000015    0.152457   -0.112381    0.187371
 90   42.497589    0.000031    0.000000    0.001266   -0.168331    0.013655
 91   42.272583    0.000031    0.000031    0.026491   -0.272461    0.032112
time 26
  0    0.000000    0.000000    0.000000    0.000000   -0.000000    0.000000
  1    0.000000    0.000000    0.000000    0.000000   -0.000000    0.000000
  2    0.000000    0.000000    8.267648    0.838317   -1.623715    0.785398
  3   50.309216   -0.435479    0.000004   -0.000017   -0.229711    0.014098
  4   30.891541   -0.000010    0.000003    0.000017   -0.229711   -0.014097
  5   34.635605    0.000007    0.000004   -0.000000   -0.229711   -0.000001
  6   30.584290    0.000018    0.000011   -0.000000   -0.467991    0.000001
  7   31.520195    0.000001    0.000031   -0.000000   -0.445889   -0.000001
  8   34.241203  -28.000034  -41.878006    0.982270   -0.448002    0.300413
  9   34.241135   23.441803  -41.878113   -0.982274   -0.448003   -0.300408
 10   35.246704  -52.543091    1.319138   -0.000000    0.000000    0.553846
 11   35.246552   52.726318    1.318939   -0.000000    0.000000   -0.553843
 12   34.830040  -24.891928   45.588615   -0.980240    0.455055    0.288685
 13   34.885788   27.636589   43.767830    0.980235    0.455053   -0.288684
 14   29.239323  -51.573345   94.292992    1.003877   -1.084091   -1.533759
 15   42.375084   -0.000002   -0.000008   -0.060675    0.101854    0.099444
 16   42.546082    0.000025   -0.000004    0.001373    0.117451    0.130744
 17   42.234482    0.000010    0.000015    0.080212    0.190956    0.209713
 18   42.464996    0.000008    0.000011    0.017786    0.067744    0.076673
 19   42.458084   -0.000053    0.000015   -0.057182   -0.083240   -0.055610
 20   42.267975    0.000023   -0.000015   -0.016270   -0.010911    0.002604
 21   42.505920   -0.000023    0.000015   -0.027765   -0.058241   -0.051033
 22   42.233185    0.000000   -0.000015   -0.071905   -0.179335   -0.187900
 23   42.352295    0.000038    0.000015   -0.086401   -0.215475   -0.273571
 24   42.391754   -0.000061   -0.000061   -0.068369   -0.232531   -0.352575
 25   42.497437    0.000031    0.000000    0.025072   -0.292837   -0.580885
 26   42.272835    0.000031   -0.000031    0.056752   -0.165279   -0.368594
 27   29.239346   55.382664   92.215034    1.151505   -0.405181    0.349999
 28   42.375069    0.000031   -0.000004    0.057633    0.069388    0.099949
 29   42.546127    0.000004    0.000023    0.061978    0.122239    0.158125
 30   42.234482    0.000092   -0.000019    0.079926    0.241447    0.270917
 31   42.465027   -0.000015    0.000015    0.067878    0.302934    0.319879
 32   42.458099    0.000038    0.000000    0.053492    0.245887    0.343365
 33   42.267899    0.000000    0.000000    0.089971    0.403946    0.487460
 34   42.506027    0.000076    0.000046   -0.002500   -0.008170    0.085854
 35   42.233093   -0.000046    0.000031   -0.003833   -0.542722   -0.283002
 36   42.352234   -0.000076    0.000031   -0.106581   -0.463060   -0.337791
 37   42.391693    0.000084   -0.000023   -0.048578   -0.172252   -0.006087
 38   42.497650    0.000038   -0.000008    0.028456   -0.142512    0.179813
 39   42.272614    0.000153    0.000015    0.021301   -0.122176    0.129297
 40   29.239349  106.746704    1.740853   -0.037025    0.213464    1.202430
 41   42.375076    0.000010   -0.000002    0.025912   -0.031274   -0.084962
 42   42.546112    0.000011   -0.000002    0.022293   -0.034874   -0.085934
 43   42.234451   -0.000004   -0.000004    0.025327   -0.063133   -0.119291
 44   42.465042   -0.000015   -0.000008    0.006646   -0.011862   -0.045168
 45   42.458099   -0.000008   -0.000005   -0.005519    0.085263    0.045951
 46   42.267914    0.000008    0.000004    0.002554    0.158849    0.000319
 47   42.505829    0.000015   -0.000008   -0.133721   -0.053314    0.337624
 48   42.233093   -0.000015   -0.000015   -0.125810   -0.191882    0.385105
 49   42.352203   -0.000031    0.000000   -0.024262   -0.057222    0.184707
 50   42.391724   -0.000031   -0.000008   -0.027920   -0.001252    0.334926
 51   42.497589   -0.000031   -0.000015   -0.054651   -0.051935    0.559910
 52   42.272690    0.000000    0.000015   -0.017512   -0.045138    0.305293
 53   29.239346   50.706917  -91.389107   -1.020387    0.923410    1.105391
 54   42.375084   -0.000015   -0.000017   -0.069426   -0.127315    0.031354
 55   42.546082    0.000034    0.000008   -0.047009   -0.088287    0.015067
 56   42.234558   -0.000023   -0.000011   -0.030812   -0.089055    0.011249
 57   42.464966    0.000050    0.000000   -0.011888   -0.180920    0.020939
 58   42.458023    0.000027   -0.000008   -0.002393   -0.185933    0.056413
 59   42.267944   -0.000078   -0.000031   -0.003272   -0.078055    0.001969
 60   42.505890    0.000137   -0.000015   -0.009319   -0.019297   -0.078165
 61   42.233185   -0.000058    0.000015   -0.076207    0.032284   -0.251130
 62   42.352325    0.000008    0.000000   -0.125287   -0.024620   -0.291841
 63   42.391693    0.000015    0.000015    0.041308   -0.118324   -0.075294
 64   42.497559    0.000000   -0.000031   -0.000114   -0.071179   -0.084008
 65   42.272705   -0.000031    0.000015   -0.011539   -0.049487   -0.068924
 66   29.239319  -56.044899  -91.389061    0.192007    0.199066   -0.466823
 67   42.375092   -0.000008   -0.000015    0.003827    0.131361   -0.169132
 68   42.546097   -0.000023    0.000011   -0.098350    0.197428   -0.268859
 69   42.234421    0.000050   -0.000034   -0.150665    0.246582   -0.315660
 70   42.465012   -0.000046   -0.000008   -0.084262    0.227229   -0.184399
 71   42.458099    0.000031   -0.000031   -0.096545    0.486479   -0.266173
 72   42.267914   -0.000031   -0.000046    0.021624    0.364084   -0.203006
 73   42.505959    0.000061    0.000000   -0.020191   -0.228115    0.016114
 74   42.233154    0.000015   -0.000031    0.005572   -0.270168   -0.010062
 75   42.352173   -0.000015   -0.000015    0.031751   -0.141618    0.153797
 76   42.391785    0.000000   -0.000053    0.045165   -0.150361    0.217944
 77   42.497528    0.000069   -0.000031    0.034003   -0.112945    0.153843
 78   42.272736    0.000048   -0.000027    0.011199   -0.026131    0.038661
 79   29.239315 -106.786324    1.740892    0.062453    0.123443   -0.757226
 80   42.375092    0.000000   -0.000002    0.011401   -0.034963   -0.112870
 81   42.546036    0.000027   -0.000001    0.012848   -0.053731   -0.168389
 82   42.234543   -0.000008   -0.000006    0.006817   -0.099611   -0.216018
 83   42.465027    0.000023   -0.000008   -0.018805   -0.096497   -0.349454
 84   42.458023    0.000015    0.000000   -0.067261    0.011786   -0.589368
 85   42.267868    0.000000   -0.000010   -0.023680    0.056248   -0.388502
 86   42.506012    0.000031    0.000015    0.000117   -0.057010   -0.020667
 87   42.233063    0.000000   -0.000011    0.013141   -0.236642    0.273314
 88   42.352264   -0.000031    0.000015    0.166114   -0.333271    0.487036
 89   42.391754    0.000008    0.000031    0.145327   -0.140046    0.190507
 90   42.497620    0.000011    0.000031   -0.008026   -0.178935    0.003212
 91   42.272522    0.000000    0.000092    0.017930   -0.286576    0.024097
time 27
  0    0.000000    0.000000    0.000000    0.000000   -0.000000    0.000000
  1    0.000000    0.000000    0.000000    0.000000   -0.000000    0.000000
  2    0.000000    0.000000    5.366020    0.819743   -1.605145    0.785400
  3   50.309216   -0.435479    0.000004   -0.000017   -0.230885    0.014098
  4   30.891548   -0.000011   -0.000002    0.000017   -0.230885   -0.014097
  5   34.635597    0.000006    0.000002   -0.000000   -0.230885   -0.000001
  6   30.584290    0.000017    0.000004   -0.000000   -0.469165    0.000001
  7   31.520195   -0.000001   -0.000008   -0.000000   -0.447063   -0.000001
  8   34.241196  -28.000034  -41.878006    0.981309   -0.451695    0.302971
  9   34.241112   23.441799  -41.878098   -0.981314   -0.451696   -0.302966
 10   35.246696  -52.543087    1.319153   -0.000000   -0.000000    0.558233
 11   35.246536   52.726311    1.318924   -0.000000    0.000000   -0.558230
 12   34.830009  -24.891930   45.588615   -0.979257    0.458743    0.291257
 13   34.885757   27.636589   43.767822    0.979252    0.458742   -0.291256
 14   29.239317  -51.573341   94.292938    1.105707   -1.062156   -1.716907
 15   42.375076   -0.000004    0.000000   -0.073086    0.087203    0.106324
 16   42.546143    0.000027    0.000006   -0.028200    0.068185    0.100103
 17   42.234467    0.000015    0.000004   -0.005084    0.052774    0.089296
 18   42.464996    0.000015    0.000004    0.002173    0.046168    0.058788
 19   42.458099   -0.000065    0.000000    0.002817    0.062417    0.058990
 20   42.267914    0.000015   -0.000019    0.021775    0.078447    0.085306
 21   42.505890    0.000015    0.000000   -0.000643    0.002846   -0.007730
 22   42.233093    0.000015   -0.000008   -0.024707   -0.090980   -0.125953
 23   42.352295    0.000046   -0.000023   -0.025094   -0.067542   -0.107996
 24   42.391693   -0.000008    0.000031   -0.000238    0.035149    0.004731
 25   42.497559    0.000031    0.000000    0.008414    0.100255    0.004559
 26   42.272705    0.000076    0.000000    0.001594    0.123899   -0.016947
 27   29.239340   55.382614   92.214973    1.160242   -0.434484    0.338821
 28   42.375061    0.000015    0.000004    0.063606    0.068960    0.093715
 29   42.546082    0.000008   -0.000006    0.069167    0.121563    0.146681
 30   42.234467    0.000076   -0.000008    0.087056    0.241324    0.242767
 31   42.465027   -0.000023    0.000008    0.077315    0.317112    0.302570
 32   42.458054    0.000015    0.000015    0.082460    0.314222    0.416798
 33   42.267914   -0.000031    0.000000    0.090859    0.388989    0.458303
 34   42.506020    0.000046    0.000000   -0.001297   -0.012202    0.051491
 35   42.233078   -0.000046    0.000046    0.010457   -0.462053   -0.287035
 36   42.352219   -0.000092    0.000015   -0.048674   -0.473623   -0.384991
 37   42.391663    0.000084   -0.000003   -0.041037   -0.212835    0.043333
 38   42.497589    0.000038   -0.000038    0.037898   -0.150561    0.221081
 39   42.272614    0.000122   -0.000031   -0.007107   -0.107932    0.087133
 40   29.239347  106.746605    1.740843   -0.030777    0.127126    1.329849
 41   42.375061   -0.000019   -0.000005    0.016825   -0.041341   -0.081317
 42   42.546082    0.000008   -0.000001    0.013959   -0.048862   -0.088818
 43   42.234482   -0.000004   -0.000003    0.010978   -0.065180   -0.106263
 44   42.465057    0.000011   -0.000011    0.000570    0.008086   -0.014648
 45   42.458130    0.000015   -0.000008   -0.000668    0.087753    0.020671
 46   42.267853    0.000015    0.000000   -0.004081    0.043583    0.031822
 47   42.505920   -0.000008    0.000000   -0.042759   -0.071802    0.235785
 48   42.233063    0.000008   -0.000014   -0.025442   -0.086540    0.226788
 49   42.352295   -0.000015    0.000000   -0.002366    0.035947    0.085251
 50   42.391693   -0.000015   -0.000002   -0.009686    0.248574    0.159039
 51   42.497559    0.000031   -0.000031   -0.150735    0.382598    0.392426
 52   42.272736    0.000000   -0.000031   -0.063882    0.050196    0.076219
 53   29.239332   50.706898  -91.389053   -1.178471    0.765345    0.820089
 54   42.375099   -0.000013    0.000004   -0.069893   -0.147360    0.107349
 55   42.546051    0.000034    0.000015   -0.049530   -0.148009    0.100356
 56   42.234543   -0.000046   -0.000008   -0.029310   -0.133795    0.086698
 57   42.465012    0.000038    0.000000   -0.009307   -0.178147    0.063453
 58   42.458084    0.000034   -0.000008    0.002541   -0.213956    0.099463
 59   42.268051   -0.000084   -0.000046    0.006487   -0.109249    0.042153
 60   42.505920    0.000092   -0.000031   -0.011454   -0.016603   -0.081378
 61   42.233185   -0.000038   -0.000046   -0.112803    0.082074   -0.291569
 62   42.352295    0.000031   -0.000031   -0.148073    0.006481   -0.303860
 63   42.391663    0.000061   -0.000031    0.058019   -0.175130   -0.116764
 64   42.497589    0.000031   -0.000061    0.002529   -0.094761   -0.103104
 65   42.272827   -0.000061   -0.000061   -0.012157   -0.063040   -0.078620
 66   29.239317  -56.044884  -91.389008    0.072188    0.215794   -0.566057
 67   42.375076    0.000011   -0.000015   -0.022270    0.205020   -0.164884
 68   42.546112    0.000008    0.000015   -0.067234    0.234052   -0.190112
 69   42.234451    0.000050   -0.000011   -0.045287    0.193973   -0.144609
 70   42.464996   -0.000027   -0.000023   -0.033750    0.200857   -0.121008
 71   42.458115    0.000015   -0.000023   -0.049940    0.480855   -0.262849
 72   42.267914   -0.000061    0.000015    0.033528    0.212988   -0.146974
 73   42.505966    0.000061   -0.000015   -0.011699   -0.196590   -0.007457
 74   42.233124    0.000031   -0.000015   -0.007596   -0.046326   -0.008468
 75   42.352203   -0.000046    0.000046    0.000841    0.072499    0.144431
 76   42.391724   -0.000031    0.000000   -0.005070    0.056616    0.129391
 77   42.497559    0.000015    0.000015   -0.010145    0.034393    0.083019
 78   42.272705    0.000008    0.000015   -0.000424    0.004830    0.012029
 79   29.239305 -106.786270    1.740899    0.051813    0.136233   -0.648807
 80   42.375084   -0.000004   -0.000004    0.009142   -0.015038   -0.110151
 81   42.546036    0.000034    0.000001    0.012925   -0.024881   -0.172140
 82   42.234512    0.000000   -0.000007    0.015628   -0.064969   -0.274679
 83   42.465057    0.000008   -0.000005    0.000628   -0.067664   -0.387381
 84   42.458115    0.000000    0.000000   -0.025262    0.078367   -0.529500
 85   42.267929   -0.000031   -0.000003    0.022930    0.107356   -0.456655
 86   42.505974    0.000031    0.000013    0.009264   -0.038501   -0.055529
 87   42.233063   -0.000031   -0.000010   -0.032744   -0.225852    0.273676
 88   42.352295   -0.000031    0.000004    0.069713   -0.401550    0.553291
 89   42.391754    0.000000    0.000000    0.104353   -0.207591    0.166801
 90   42.497559   -0.000015   -0.000031   -0.062149   -0.244741   -0.044430
 91   42.272491   -0.000008    0.000000    0.122783   -0.284636    0.058158
time 28
  0    0.000000    0.000000    0.000000    0.000000   -0.000000    0.000000
  1    0.000000    0.000000    0.000000    0.000000   -0.000000    0.000000
  2    0.000000    0.000000    2.702885    0.802694   -1.588094    0.785403
  3   50.309216   -0.435479    0.000004   -0.000017   -0.231795    0.014098
  4   30.891541   -0.000011   -0.000002    0.000017   -0.231795   -0.014097
  5   34.635590    0.000006    0.000000   -0.000000   -0.231795   -0.000001
  6   30.584290    0.000017   -0.000008   -0.000000   -0.470075    0.000001
  7   31.520187   -0.000001    0.000000   -0.000000   -0.447973   -0.000001
  8   34.241188  -28.000038  -41.878006    0.980563   -0.454560    0.304956
  9   34.241112   23.441799  -41.878113   -0.980569   -0.454561   -0.304951
 10   35.246712  -52.543087    1.319122   -0.000000   -0.000000    0.561637
 11   35.246536   52.726311    1.318909   -0.000000   -0.000000   -0.561634
 12   34.830025  -24.891930   45.588600   -0.978494    0.461605    0.293252
 13   34.885780   27.636585   43.767822    0.978489    0.461604   -0.293252
 14   29.239323  -51.573380   94.292946    1.125841   -1.046769   -1.783953
 15   42.375076   -0.000015    0.000000   -0.084629    0.083425    0.093665
 16   42.546097    0.000025   -0.000004   -0.044774    0.049753    0.066526
 17   42.234451    0.000002    0.000011   -0.024072    0.030810    0.045174
 18   42.465027    0.000010   -0.000021   -0.013311    0.020403    0.032596
 19   42.458069   -0.000067    0.000000   -0.014948    0.021761    0.040086
 20   42.267914    0.000006    0.000004   -0.002370    0.023544    0.058209
 21   42.505829    0.000000    0.000015    0.021699    0.065691    0.080670
 22   42.233185    0.000031   -0.000008    0.029747    0.084789    0.068481
 23   42.352203    0.000008    0.000000    0.019953    0.079225    0.076430
 24   42.391724   -0.000031    0.000015    0.023125    0.100313    0.118641
 25   42.497589    0.000031    0.000061    0.023971    0.097091    0.110902
 26   42.272736    0.000092    0.000000    0.019157    0.085069    0.091114
 27   29.239330   55.382614   92.214935    1.171040   -0.460357    0.327009
 28   42.375076   -0.000008   -0.000008    0.068696    0.068701    0.087878
 29   42.546112   -0.000023   -0.000014    0.074857    0.120634    0.135709
 30   42.234467    0.000069   -0.000004    0.090491    0.237500    0.212824
 31   42.465042   -0.000023    0.000000    0.084774    0.327079    0.285169
 32   42.458069    0.000008   -0.000031    0.120082    0.380629    0.493324
 33   42.267891   -0.000015    0.000015    0.088584    0.366023    0.420251
 34   42.506012    0.000031    0.000031   -0.000656   -0.003024    0.028531
 35   42.233078   -0.000046    0.000031    0.023650   -0.360931   -0.293174
 36   42.352234   -0.000046    0.000015    0.039859   -0.452577   -0.466370
 37   42.391663    0.000060    0.000008   -0.036254   -0.272152    0.123876
 38   42.497681    0.000008   -0.000004    0.021619   -0.161036    0.220936
 39   42.272675    0.000137    0.000008   -0.017411   -0.098987    0.065911
 40   29.239351  106.746696    1.740822   -0.026702    0.031895    1.504289
 41   42.375053   -0.000004   -0.000009    0.007004   -0.052608   -0.069732
 42   42.546112    0.000002   -0.000002    0.003284   -0.064794   -0.073547
 43   42.234436   -0.000004   -0.000010   -0.001576   -0.064549   -0.073418
 44   42.465057   -0.000008   -0.000008   -0.003760    0.027883   -0.042315
 45   42.458038   -0.000008   -0.000006   -0.003315    0.044506   -0.053780
 46   42.267944    0.000000   -0.000008   -0.000136    0.014303   -0.007162
 47   42.505951    0.000000   -0.000002    0.000157   -0.011641    0.075718
 48   42.233154   -0.000008   -0.000011    0.001117   -0.022915    0.089733
 49   42.352234   -0.000008   -0.000002   -0.003809    0.134548   -0.109728
 50   42.391663    0.000000   -0.000004    0.027688    0.272117   -0.261487
 51   42.497681   -0.000031    0.000031    0.100115    0.230567   -0.234564
 52   42.272705    0.000000    0.000000    0.059436    0.067179   -0.086272
 53   29.239349   50.706921  -91.389023   -1.260930    0.608912    0.651903
 54   42.375092    0.000004   -0.000010   -0.055813   -0.134582    0.128799
 55   42.546066    0.000011    0.000004   -0.041134   -0.171909    0.152479
 56   42.234528   -0.000027   -0.000019   -0.022757   -0.179684    0.164098
 57   42.465012    0.000034    0.000008   -0.004396   -0.186860    0.129515
 58   42.458038    0.000023    0.000015    0.004947   -0.232645    0.154987
 59   42.268005   -0.000076    0.000015    0.019120   -0.171180    0.134592
 60   42.505951    0.000092   -0.000015   -0.004547   -0.026396   -0.058924
 61   42.233185   -0.000061   -0.000046   -0.137967    0.129278   -0.342497
 62   42.352325    0.000018    0.000000   -0.193345    0.079015   -0.354358
 63   42.391754    0.000046    0.000023    0.062415   -0.236494   -0.175512
 64   42.497559    0.000031   -0.000046    0.022258   -0.135847   -0.124702
 65   42.272705    0.000000    0.000000   -0.010011   -0.082592   -0.091757
 66   29.239319  -56.044876  -91.389038   -0.134302    0.269328   -0.777684
 67   42.375084    0.000002    0.000000    0.000750    0.267221   -0.038915
 68   42.546082   -0.000011    0.000015    0.019097    0.178475   -0.010996
 69   42.234451    0.000034   -0.000027    0.015372    0.114204   -0.019983
 70   42.465012   -0.000038   -0.000019   -0.003089    0.173438   -0.092460
 71   42.458160    0.000023   -0.000023    0.000905    0.361336   -0.205863
 72   42.267899   -0.000069    0.000015    0.035156    0.188176   -0.119563
 73   42.505905    0.000046    0.000000    0.008646    0.001129   -0.061686
 74   42.233185    0.000000    0.000015    0.009327    0.110224   -0.042503
 75   42.352203   -0.000061    0.000000    0.034774    0.198846    0.034393
 76   42.391785    0.000000    0.000000    0.052097    0.156205    0.007695
 77   42.497528    0.000076    0.000000    0.048689    0.112546   -0.002092
 78   42.272766    0.000031    0.000000    0.018625    0.034607   -0.002338
 79   29.239319 -106.786255    1.740918    0.043090    0.139999   -0.562937
 80   42.375092   -0.000023    0.000000    0.005852    0.000890   -0.105280
 81   42.546036    0.000000    0.000006    0.010169    0.000432   -0.169017
 82   42.234512   -0.000015   -0.000002    0.019314   -0.022333   -0.304013
 83   42.465088    0.000015    0.000002    0.019467   -0.034298   -0.439835
 84   42.458069    0.000015    0.000003    0.006419    0.135898   -0.454210
 85   42.267975    0.000000    0.000000    0.075850    0.175856   -0.481567
 86   42.505974   -0.000031    0.000004    0.032999   -0.006637   -0.099838
 87   42.233017   -0.000031   -0.000007   -0.070952   -0.148924    0.233236
 88   42.352280    0.000000    0.000010   -0.091549   -0.405489    0.640925
 89   42.391724    0.000000   -0.000015    0.028529   -0.330766    0.089020
 90   42.497559    0.000000    0.000000    0.023594   -0.252412    0.030949
 91   42.272522   -0.000004   -0.000031    0.065549   -0.143097    0.047373
time 29
  0    0.000000    0.000000    0.000000    0.000000   -0.000000    0.000000
  1    0.000000    0.000000    0.000000    0.000000   -0.000000    0.000000
  2    0.000000    0.000000    0.755218    0.790237   -1.575630    0.785398
  3   50.309212   -0.435479    0.000004   -0.000017   -0.232384    0.014098
  4   30.891541   -0.000011   -0.000001    0.000017   -0.232384   -0.014097
  5   34.635597    0.000007    0.000000   -0.000000   -0.232384   -0.000001
  6   30.584297    0.000018    0.000000   -0.000000   -0.470664    0.000001
  7   31.520187   -0.000000    0.000000   -0.000000   -0.448562   -0.000001
  8   34.241203  -28.000034  -41.877991    0.980081   -0.456414    0.306240
  9   34.241127   23.441803  -41.878098   -0.980086   -0.456415   -0.306235
 10   35.246712  -52.543087    1.319138   -0.000000    0.000000    0.563840
 11   35.246552   52.726315    1.318924   -0.000000    0.000000   -0.563837
 12   34.830025  -24.891928   45.588615   -0.978001    0.463457    0.294544
 13   34.885773   27.636587   43.767830    0.977996    0.463456   -0.294543
 14   29.239319  -51.573353   94.292984    0.573482   -1.010970   -1.162666
 15   42.375069   -0.000010    0.000008   -0.099861   -0.035400   -0.015890
 16   42.546112    0.000021   -0.000006   -0.055437   -0.012934   -0.004981
 17   42.234451    0.000015    0.000004   -0.031135   -0.001377    0.002847
 18   42.464996    0.000015    0.000000   -0.019850   -0.031525   -0.028615
 19   42.458130   -0.000057    0.000008   -0.023534   -0.090299   -0.091352
 20   42.267883    0.000015   -0.000023   -0.012814   -0.152366   -0.166917
 21   42.505890   -0.000015    0.000015    0.002901    0.017026    0.030937
 22   42.233215   -0.000008    0.000000    0.058766    0.207384    0.263987
 23   42.352234    0.000015    0.000015    0.024888    0.130668    0.164079
 24   42.391785   -0.000023   -0.000008   -0.000600    0.025617    0.053811
 25   42.497559    0.000031    0.000023    0.003949    0.034650    0.057868
 26   42.272705    0.000061   -0.000038    0.004671    0.033990    0.053042
 27   29.239336   55.382629   92.214951    1.180353   -0.478798    0.317416
 28   42.375061   -0.000008   -0.000006    0.072201    0.068599    0.083471
 29   42.546082    0.000000    0.000000    0.078476    0.119781    0.127334
 30   42.234467    0.000084   -0.000004    0.091101    0.232441    0.188662
 31   42.465042   -0.000023   -0.000008    0.089434    0.332408    0.271538
 32   42.458084   -0.000004    0.000015    0.154599    0.428523    0.552770
 33   42.267868   -0.000046    0.000076    0.086903    0.348396    0.391265
 34   42.506020    0.000076    0.000031   -0.000428    0.008142    0.015523
 35   42.233101   -0.000015    0.000031    0.028707   -0.275179   -0.295315
 36   42.352219   -0.000076    0.000046    0.122297   -0.392782   -0.548809
 37   42.391754    0.000065   -0.000031   -0.040859   -0.337717    0.194972
 38   42.497650    0.000050   -0.000023    0.003857   -0.177056    0.216158
 39   42.272614    0.000137   -0.000023   -0.017705   -0.095980    0.061275
 40   29.239351  106.746658    1.740838   -0.023106   -0.045083    1.667079
 41   42.375061   -0.000008   -0.000004    0.000662   -0.059246   -0.053868
 42   42.546097    0.000000   -0.000001   -0.001866   -0.072589   -0.039209
 43   42.234497    0.000011   -0.000008   -0.006220   -0.063395   -0.050936
 44   42.465088   -0.000006   -0.000023   -0.024302    0.029653   -0.130701
 45   42.458099    0.000015   -0.000008   -0.016114    0.023132   -0.103921
 46   42.267975    0.000000   -0.000010   -0.007126    0.017272   -0.054181
 47   42.505920    0.000015    0.000000   -0.004218    0.026681   -0.036969
 48   42.233185    0.000031   -0.000011   -0.002275    0.003795   -0.026119
 49   42.352234   -0.000015    0.000008   -0.013596    0.137754   -0.163130
 50   42.391785    0.000031    0.000000    0.013088    0.212415   -0.231987
 51   42.497589    0.000000    0.000015    0.044885    0.131751   -0.158644
 52   42.272766    0.000092    0.000000    0.048612    0.084245   -0.113082
 53   29.239328   50.706917  -91.389084   -1.299565    0.505787    0.570635
 54   42.375076   -0.000015    0.000002   -0.044253   -0.115154    0.119609
 55   42.546051    0.000023    0.000015   -0.029979   -0.165574    0.160759
 56   42.234512   -0.000031    0.000008   -0.012879   -0.208554    0.209017
 57   42.465027    0.000072   -0.000008    0.003463   -0.201775    0.186807
 58   42.458130    0.000038    0.000000    0.007391   -0.229979    0.197573
 59   42.268021   -0.000076    0.000000    0.021297   -0.232417    0.247199
 60   42.505920    0.000092   -0.000015    0.007202   -0.049595   -0.004985
 61   42.233154   -0.000061   -0.000046   -0.121103    0.131051   -0.354815
 62   42.352325    0.000015    0.000015   -0.249710    0.175876   -0.441896
 63   42.391724    0.000053    0.000023    0.032311   -0.250546   -0.229330
 64   42.497559    0.000137    0.000015    0.063705   -0.197559   -0.150031
 65   42.272766    0.000031    0.000031   -0.003604   -0.102537   -0.103533
 66   29.239319  -56.044891  -91.389038   -0.393410    0.328843   -1.038809
 67   42.375092   -0.000004   -0.000019    0.101907    0.204362    0.195259
 68   42.546112    0.000008    0.000000    0.063526    0.081069    0.123585
 69   42.234436    0.000015   -0.000031    0.029236    0.069661    0.020991
 70   42.464966   -0.000038   -0.000023    0.012063    0.140815   -0.080225
 71   42.458130    0.000031   -0.000015    0.020197    0.238932   -0.157173
 72   42.267883   -0.000076   -0.000046    0.035223    0.213985   -0.107995
 73   42.505951    0.000061   -0.000015    0.032445    0.157292   -0.073822
 74   42.233124   -0.000015    0.000000    0.044054    0.179574   -0.083708
 75   42.352203    0.000000    0.000000    0.087182    0.242822   -0.050592
 76   42.391891    0.000031    0.000000    0.106588    0.186141   -0.059107
 77   42.497498    0.000046    0.000000    0.094192    0.124445   -0.059999
 78   42.272766   -0.000061    0.000000    0.063604    0.069780   -0.042378
 79   29.239313 -106.786285    1.740904    0.037906    0.139141   -0.506266
 80   42.375084    0.000000    0.000000    0.003107    0.011045   -0.100953
 81   42.546036    0.000015    0.000004    0.007019    0.017303   -0.164165
 82   42.234512    0.000023   -0.000008    0.018732    0.011345   -0.312021
 83   42.465103    0.000031   -0.000004    0.033152   -0.004153   -0.483118
 84   42.458084    0.000000    0.000000    0.024281    0.168366   -0.399721
 85   42.267929    0.000000   -0.000015    0.110535    0.237534   -0.461742
 86   42.505966   -0.000031    0.000017    0.065954    0.026447   -0.138914
 87   42.233101   -0.000061   -0.000025   -0.077714   -0.048375    0.160753
 88   42.352295    0.000000   -0.000015   -0.234049   -0.218616    0.624319
 89   42.391754    0.000000   -0.000006   -0.015494   -0.554021    0.121662
 90   42.497559    0.000000    0.000015    0.034987   -0.234288    0.065043
 91   42.272522    0.000008   -0.000031    0.025526   -0.084409    0.029956
time 30
  0    0.000000    0.000000    0.000000    0.000000   -0.000000    0.000000
  1    0.000000    0.000000    0.000000    0.000000   -0.000000    0.000000
  2    0.000000    0.000000    0.000000    1.570796   -1.570796    0.000000
  3   50.309212   -0.435479    0.000004   -0.000017   -0.232594    0.014098
  4   30.891544   -0.000011    0.000001    0.000017   -0.232594   -0.014097
  5   34.635590    0.000007    0.000002   -0.000000   -0.232594   -0.000001
  6   30.584290    0.000018   -0.000004   -0.000000   -0.470874    0.000001
  7   31.520187   -0.000000    0.000000   -0.000000   -0.448772   -0.000001
  8   34.241196  -28.000032  -41.878006    0.979910   -0.457073    0.306696
  9   34.241119   23.441801  -41.878113   -0.979915   -0.457074   -0.306691
 10   35.246704  -52.543087    1.319138   -0.000000   -0.000000    0.564623
 11   35.246552   52.726315    1.318909   -0.000000   -0.000000   -0.564620
 12   34.830032  -24.891926   45.588600   -0.977825    0.464116    0.295003
 13   34.885780   27.636589   43.767815    0.977821    0.464114   -0.295002
 14   29.239315  -51.573341   94.292923    0.222195   -0.868283   -0.750450
 15   42.375069   -0.000005   -0.000002   -0.092619   -0.122229   -0.096013
 16   42.546082    0.000006   -0.000008   -0.051582   -0.078805   -0.075302
 17   42.234467    0.000023   -0.000015   -0.030036   -0.039445   -0.041947
 18   42.465012    0.000004    0.000008   -0.015807   -0.066735   -0.075628
 19   42.458069   -0.000061   -0.000023   -0.010283   -0.135927   -0.161153
 20   42.267975    0.000015    0.000008    0.012765   -0.199921   -0.250847
 21   42.505859    0.000031    0.000000    0.002649   -0.060229   -0.075862
 22   42.233185    0.000046    0.000000    0.015496    0.105879    0.133871
 23   42.352325    0.000046    0.000000    0.011812    0.136356    0.170207
 24   42.391785   -0.000038    0.000023   -0.003702    0.054251    0.067063
 25   42.497437    0.000050   -0.000004   -0.002674    0.013644    0.017032
 26   42.272827    0.000061    0.000008   -0.001776    0.023906    0.030019
 27   29.239334   55.382622   92.214958    1.184300   -0.485821    0.313466
 28   42.375061    0.000008    0.000000    0.073507    0.068576    0.081729
 29   42.546082   -0.000023   -0.000001    0.079751    0.119403    0.124012
 30   42.234482    0.000076   -0.000011    0.090903    0.229916    0.178835
 31   42.465057   -0.000015   -0.000015    0.091029    0.333871    0.265979
 32   42.458038    0.000038   -0.000015    0.169644    0.446655    0.576412
 33   42.267891   -0.000031    0.000061    0.086460    0.341882    0.380411
 34   42.506020    0.000061    0.000061   -0.000378    0.013072    0.011150
 35   42.233101   -0.000046    0.000031    0.029013   -0.240779   -0.294825
 36   42.352249   -0.000092    0.000031    0.154727   -0.354120   -0.583772
 37   42.391724    0.000065   -0.000008   -0.043893   -0.369175    0.220909
 38   42.497681    0.000034   -0.000053   -0.002313   -0.186598    0.219794
 39   42.272644    0.000107   -0.000038   -0.017577   -0.096115    0.060773
 40   29.239346  106.746643    1.740837   -0.021274   -0.075393    1.738496
 41   42.375069    0.000000   -0.000003   -0.001118   -0.060497   -0.046321
 42   42.546097    0.000004   -0.000002   -0.001881   -0.072679   -0.021999
 43   42.234467    0.000000   -0.000002   -0.006621   -0.063156   -0.041286
 44   42.465042    0.000000   -0.000008   -0.038225    0.024795   -0.172587
 45   42.458038    0.000010   -0.000008   -0.024396    0.018504   -0.126206
 46   42.267975   -0.000015    0.000006   -0.012021    0.017241   -0.069425
 47   42.505859    0.000000    0.000011   -0.010840    0.035696   -0.070049
 48   42.233124    0.000023   -0.000011   -0.008881    0.012416   -0.074876
 49   42.352264    0.000000   -0.000011   -0.018016    0.125347   -0.171744
 50   42.391693    0.000015   -0.000015    0.004467    0.203994   -0.205886
 51   42.497620   -0.000061   -0.000031    0.031790    0.118075   -0.134769
 52   42.272675   -0.000031    0.000015    0.035968    0.078909   -0.098490
 53   29.239332   50.706913  -91.389091   -1.311924    0.469294    0.545796
 54   42.375092   -0.000004   -0.000010   -0.040493   -0.106885    0.112887
 55   42.546051    0.000042   -0.000011   -0.025567   -0.158785    0.157581
 56   42.234528   -0.000042   -0.000008   -0.007799   -0.214928    0.218575
 57   42.465042    0.000046   -0.000015    0.008000   -0.210678    0.209994
 58   42.458099    0.000046   -0.000008    0.009406   -0.225274    0.212480
 59   42.267929   -0.000061    0.000015    0.019001   -0.256107    0.299737
 60   42.505905    0.000092   -0.000031    0.011674   -0.063102    0.028554
 61   42.233170   -0.000031   -0.000076   -0.100901    0.118194   -0.339338
 62   42.352295    0.000023    0.000000   -0.275168    0.219136   -0.494961
 63   42.391724    0.000084    0.000023    0.005624   -0.232667   -0.252635
 64   42.497589    0.000092   -0.000031    0.088675   -0.235128   -0.165284
 65   42.272705    0.000061   -0.000031    0.000545   -0.113240   -0.110010
 66   29.239311  -56.044872  -91.389030   -0.526968    0.350084   -1.169994
 67   42.375107   -0.000008   -0.000011    0.150733    0.128526    0.309124
 68   42.546112   -0.000010    0.000023    0.069619    0.041417    0.165753
 69   42.234436    0.000038   -0.000011    0.031180    0.055549    0.030425
 70   42.464981   -0.000034    0.000015    0.016445    0.125914   -0.074395
 71   42.458099    0.000015   -0.000023    0.023867    0.195928   -0.144170
 72   42.268005   -0.000076    0.000008    0.032653    0.203751   -0.099060
 73   42.506012    0.000057    0.000000    0.041082    0.212831   -0.069350
 74   42.233154   -0.000008   -0.000031    0.058572    0.205035   -0.089577
 75   42.352173   -0.000061    0.000000    0.109156    0.254406   -0.078383
 76   42.391769    0.000000   -0.000031    0.132102    0.203095   -0.084235
 77   42.497482    0.000061    0.000031    0.107986    0.124360   -0.078647
 78   42.272690    0.000061    0.000000    0.084304    0.081428   -0.065236
 79   29.239309 -106.786240    1.740904    0.036135    0.138085   -0.485497
 80   42.375099    0.000000   -0.000005    0.001995    0.014702   -0.099241
 81   42.546066    0.000015    0.000006    0.005608    0.023480   -0.161990
 82   42.234512   -0.000008   -0.000004    0.017812    0.024490   -0.312692
 83   42.465103    0.000015    0.000004    0.038175    0.009231   -0.500072
 84   42.458099    0.000000    0.000004    0.030276    0.178447   -0.381069
 85   42.267914    0.000015   -0.000011    0.120931    0.262403   -0.442367
 86   42.505966    0.000000    0.000027    0.083311    0.041691   -0.154492
 87   42.233063    0.000092   -0.000004   -0.072727   -0.008905    0.127384
 88   42.352280    0.000000    0.000006   -0.278347   -0.059324    0.552960
 89   42.391754    0.000031    0.000011   -0.070180   -0.697486    0.183976
 90   42.497559    0.000015   -0.000031    0.025193   -0.247224    0.064859
 91   42.272491    0.000023    0.000031    0.018588   -0.084205    0.026838
end
