version 1
nodes
  0 "SK_Tyranopode"                -1
  1 "ROOT_"                        -1
  2 "TYRANOPODE_"                   1
  3 "TYRANOPODE_BODY_01"            2
  4 "TYRANOPODE_BODY_02"            3
  5 "TYRANOPODE_BODY_03"            4
  6 "TYRANOPODE_BODY_04"            5
  7 "TYRANOPODE_BODY_05"            6
  8 "TYRANOPODE_JAW_R_L"            7
  9 "TYRANOPODE_JAW_R_R"            7
 10 "TYRANOPODE_JAW_M_L"            7
 11 "TYRANOPODE_JAW_M_R"            7
 12 "TYRANOPODE_JAW_F_L"            7
 13 "TYRANOPODE_JAW_F_R"            7
 14 "TYRANOPODE_TENTACLE_F_L_001"   2
 15 "TYRANOPODE_TENTACLE_F_L_002"  14
 16 "TYRANOPODE_TENTACLE_F_L_003"  15
 17 "TYRANOPODE_TENTACLE_F_L_004"  16
 18 "TYRANOPODE_TENTACLE_F_L_005"  17
 19 "TYRANOPODE_TENTACLE_F_L_006"  18
 20 "TYRANOPODE_TENTACLE_F_L_007"  19
 21 "TYRANOPODE_TENTACLE_F_L_008"  20
 22 "TYRANOPODE_TENTACLE_F_L_009"  21
 23 "TYRANOPODE_TENTACLE_F_L_010"  22
 24 "TYRANOPODE_TENTACLE_F_L_011"  23
 25 "TYRANOPODE_TENTACLE_F_L_012"  24
 26 "TYRANOPODE_TENTACLE_F_L_013"  25
 27 "TYRANOPODE_TENTACLE_F_R_001"   2
 28 "TYRANOPODE_TENTACLE_F_R_002"  27
 29 "TYRANOPODE_TENTACLE_F_R_003"  28
 30 "TYRANOPODE_TENTACLE_F_R_004"  29
 31 "TYRANOPODE_TENTACLE_F_R_005"  30
 32 "TYRANOPODE_TENTACLE_F_R_006"  31
 33 "TYRANOPODE_TENTACLE_F_R_007"  32
 34 "TYRANOPODE_TENTACLE_F_R_008"  33
 35 "TYRANOPODE_TENTACLE_F_R_009"  34
 36 "TYRANOPODE_TENTACLE_F_R_010"  35
 37 "TYRANOPODE_TENTACLE_F_R_011"  36
 38 "TYRANOPODE_TENTACLE_F_R_012"  37
 39 "TYRANOPODE_TENTACLE_F_R_013"  38
 40 "TYRANOPODE_TENTACLE_M_R_001"   2
 41 "TYRANOPODE_TENTACLE_M_R_002"  40
 42 "TYRANOPODE_TENTACLE_M_R_003"  41
 43 "TYRANOPODE_TENTACLE_M_R_004"  42
 44 "TYRANOPODE_TENTACLE_M_R_005"  43
 45 "TYRANOPODE_TENTACLE_M_R_006"  44
 46 "TYRANOPODE_TENTACLE_M_R_007"  45
 47 "TYRANOPODE_TENTACLE_M_R_008"  46
 48 "TYRANOPODE_TENTACLE_M_R_009"  47
 49 "TYRANOPODE_TENTACLE_M_R_010"  48
 50 "TYRANOPODE_TENTACLE_M_R_011"  49
 51 "TYRANOPODE_TENTACLE_M_R_012"  50
 52 "TYRANOPODE_TENTACLE_M_R_013"  51
 53 "TYRANOPODE_TENTACLE_R_R_001"   2
 54 "TYRANOPODE_TENTACLE_R_R_002"  53
 55 "TYRANOPODE_TENTACLE_R_R_003"  54
 56 "TYRANOPODE_TENTACLE_R_R_004"  55
 57 "TYRANOPODE_TENTACLE_R_R_005"  56
 58 "TYRANOPODE_TENTACLE_R_R_006"  57
 59 "TYRANOPODE_TENTACLE_R_R_007"  58
 60 "TYRANOPODE_TENTACLE_R_R_008"  59
 61 "TYRANOPODE_TENTACLE_R_R_009"  60
 62 "TYRANOPODE_TENTACLE_R_R_010"  61
 63 "TYRANOPODE_TENTACLE_R_R_011"  62
 64 "TYRANOPODE_TENTACLE_R_R_012"  63
 65 "TYRANOPODE_TENTACLE_R_R_013"  64
 66 "TYRANOPODE_TENTACLE_R_L_001"   2
 67 "TYRANOPODE_TENTACLE_R_L_002"  66
 68 "TYRANOPODE_TENTACLE_R_L_003"  67
 69 "TYRANOPODE_TENTACLE_R_L_004"  68
 70 "TYRANOPODE_TENTACLE_R_L_005"  69
 71 "TYRANOPODE_TENTACLE_R_L_006"  70
 72 "TYRANOPODE_TENTACLE_R_L_007"  71
 73 "TYRANOPODE_TENTACLE_R_L_008"  72
 74 "TYRANOPODE_TENTACLE_R_L_009"  73
 75 "TYRANOPODE_TENTACLE_R_L_010"  74
 76 "TYRANOPODE_TENTACLE_R_L_011"  75
 77 "TYRANOPODE_TENTACLE_R_L_012"  76
 78 "TYRANOPODE_TENTACLE_R_L_013"  77
 79 "TYRANOPODE_TENTACLE_M_L_001"   2
 80 "TYRANOPODE_TENTACLE_M_L_002"  79
 81 "TYRANOPODE_TENTACLE_M_L_003"  80
 82 "TYRANOPODE_TENTACLE_M_L_004"  81
 83 "TYRANOPODE_TENTACLE_M_L_005"  82
 84 "TYRANOPODE_TENTACLE_M_L_006"  83
 85 "TYRANOPODE_TENTACLE_M_L_007"  84
 86 "TYRANOPODE_TENTACLE_M_L_008"  85
 87 "TYRANOPODE_TENTACLE_M_L_009"  86
 88 "TYRANOPODE_TENTACLE_M_L_010"  87
 89 "TYRANOPODE_TENTACLE_M_L_011"  88
 90 "TYRANOPODE_TENTACLE_M_L_012"  89
 91 "TYRANOPODE_TENTACLE_M_L_013"  90
end
skeleton
time 0
  0    0.000000    0.000000    0.000000    0.000000   -0.000000    0.000000
  1    0.000000    0.000000    0.000000    0.000000   -0.000000    0.000000
  2    0.000000    0.000000  -12.688735    0.785390   -1.573515    0.785390
  3   50.309212   -0.435479    0.000004   -0.000017   -0.199896    0.014098
  4   30.891541   -0.000011    0.000001    0.000017   -0.180273   -0.014097
  5   34.635597    0.000007   -0.000002   -0.000000   -0.232594   -0.000001
  6   30.584282    0.000018    0.000004   -0.000000   -0.470874    0.000001
  7   31.520187    0.000000    0.000000   -0.000000   -0.538270   -0.000001
  8   34.241192  -28.000036  -41.878006    0.979910   -0.457073    0.306696
  9   34.241123   23.441803  -41.878098   -0.979915   -0.457074   -0.306691
 10   35.246700  -52.543095    1.319138   -0.000000    0.000000    0.564623
 11   35.246532   52.726318    1.318924   -0.000000    0.000000   -0.564620
 12   34.830021  -24.891930   45.588608   -0.977825    0.464116    0.295003
 13   34.885777   27.636591   43.767822    0.977821    0.464114   -0.295002
 14   29.239319  -51.573330   94.292969    0.080816   -0.731471   -0.551643
 15   42.375053    0.000008   -0.000008   -0.098030    0.027408    0.022506
 16   42.546066    0.000034    0.000011   -0.052235    0.071378    0.068849
 17   42.234512   -0.000015    0.000000   -0.030395    0.030710    0.033215
 18   42.464996    0.000034    0.000004    0.009645   -0.217773   -0.250617
 19   42.458099   -0.000076    0.000023    0.111136   -0.438816   -0.577239
 20   42.267944    0.000015   -0.000023    0.017165   -0.218154   -0.272170
 21   42.505936    0.000000   -0.000015    0.096126   -0.371192   -0.505551
 22   42.233116   -0.000061   -0.000015    0.048505   -0.250267   -0.324256
 23   42.352295    0.000092   -0.000015    0.177604    0.479115    0.691656
 24   42.391693   -0.000061    0.000000    0.066758    0.327123    0.427790
 25   42.497528    0.000008    0.000004    0.004218    0.105675    0.131371
 26   42.272888    0.000072   -0.000015   -0.000046    0.057975    0.072145
 27   29.239342   55.382656   92.214973    1.518418   -0.591864    0.396611
 28   42.375076    0.000008   -0.000004    0.047796    0.040037    0.058788
 29   42.546082   -0.000015    0.000000    0.037366    0.027070    0.035639
 30   42.234467    0.000065   -0.000015    0.026475    0.012985    0.015426
 31   42.465027   -0.000038    0.000000    0.047730    0.219504    0.266439
 32   42.458099    0.000000   -0.000015    0.104334    0.356618    0.438065
 33   42.267899    0.000015   -0.000015    0.041203    0.212242    0.235570
 34   42.506027    0.000061    0.000031    0.134075    0.465564    0.554443
 35   42.233070   -0.000031    0.000076    0.017650    0.229466    0.247603
 36   42.352234   -0.000122    0.000061    0.205767   -0.544343   -0.707568
 37   42.391663    0.000031   -0.000015    0.067423   -0.322327   -0.366512
 38   42.497620   -0.000008   -0.000042    0.010201   -0.110609   -0.117754
 39   42.272644    0.000152   -0.000032    0.004865   -0.061815   -0.065033
 40   29.239353  106.746689    1.740858    0.000002    0.001974    0.965349
 41   42.375084    0.000019   -0.000001    0.000352   -0.000131   -0.179150
 42   42.546127    0.000023    0.000001    0.000481   -0.000017   -0.268558
 43   42.234451   -0.000015   -0.000003   -0.000087   -0.000195    0.050199
 44   42.465057   -0.000015   -0.000006   -0.000850   -0.000518    0.587561
 45   42.458069    0.000031   -0.000003   -0.000281   -0.000637    0.380480
 46   42.267883    0.000015    0.000001   -0.000029   -0.000858    0.465935
 47   42.505905    0.000000    0.000007    0.000599   -0.001298    0.844402
 48   42.233139   -0.000031   -0.000013    0.000247   -0.000074    0.135230
 49   42.352245    0.000000    0.000002   -0.000691    0.000110   -0.374449
 50   42.391693    0.000000   -0.000003   -0.001064    0.000628   -0.702508
 51   42.497650    0.000015   -0.000012   -0.000209    0.000603   -0.340155
 52   42.272705   -0.000006    0.000003    0.000002    0.000357   -0.187757
 53   29.239334   50.706898  -91.389107   -1.294100    0.775060    0.737438
 54   42.375099   -0.000011    0.000000   -0.053502    0.076313   -0.059212
 55   42.546097    0.000004    0.000025   -0.045189    0.106314   -0.097456
 56   42.234558   -0.000046   -0.000008   -0.026690    0.033399   -0.017867
 57   42.465027    0.000038    0.000011   -0.043018   -0.197149    0.234003
 58   42.458069    0.000069    0.000000   -0.079773   -0.301987    0.354657
 59   42.267944   -0.000076    0.000023   -0.098303   -0.372229    0.431119
 60   42.505951    0.000092   -0.000031   -0.129375   -0.463147    0.543694
 61   42.233170   -0.000061   -0.000046    0.010729   -0.015872    0.016569
 62   42.352242   -0.000061   -0.000031   -0.068400    0.341074   -0.386761
 63   42.391724    0.000046   -0.000015   -0.059765    0.303781   -0.338910
 64   42.497559    0.000061   -0.000008   -0.020186    0.176514   -0.187473
 65   42.272766    0.000040   -0.000025   -0.006279    0.082672   -0.086074
 66   29.239326  -56.044899  -91.389076   -0.151591    0.811513   -0.656536
 67   42.375099   -0.000008    0.000004    0.096833   -0.068100    0.053751
 68   42.546082   -0.000004    0.000031    0.049815   -0.100505    0.096710
 69   42.234467    0.000023   -0.000015    0.030832   -0.009553    0.010399
 70   42.465042   -0.000023   -0.000011   -0.008430    0.213342   -0.247576
 71   42.458069    0.000031   -0.000008   -0.031803    0.290543   -0.358513
 72   42.267944   -0.000031   -0.000023   -0.074054    0.356054   -0.473045
 73   42.505981    0.000076   -0.000031   -0.114261    0.396597   -0.554489
 74   42.233116    0.000000    0.000015   -0.008409   -0.004355    0.005527
 75   42.352142    0.000000    0.000031   -0.072329   -0.325669    0.430649
 76   42.391846    0.000015    0.000000   -0.041375   -0.266901    0.344458
 77   42.497467    0.000061    0.000008   -0.012630   -0.155248    0.196680
 78   42.272644   -0.000003    0.000010   -0.000958   -0.069799    0.087890
 79   29.239323 -106.786255    1.740884   -0.000002    0.001968   -0.976201
 80   42.375114    0.000011   -0.000004   -0.000358   -0.000127    0.183061
 81   42.546036   -0.000015    0.000002   -0.000486   -0.000014    0.271904
 82   42.234497   -0.000015   -0.000006    0.000087   -0.000195   -0.050564
 83   42.465088    0.000023   -0.000003    0.000850   -0.000521   -0.588832
 84   42.458099    0.000015   -0.000003    0.000279   -0.000637   -0.379835
 85   42.267914    0.000015   -0.000009    0.000027   -0.000859   -0.467067
 86   42.505936    0.000031    0.000018   -0.000603   -0.001295   -0.843861
 87   42.233101    0.000061   -0.000013   -0.000245   -0.000073   -0.133894
 88   42.352291   -0.000031    0.000002    0.000694    0.000109    0.376301
 89   42.391708    0.000031   -0.000006    0.001063    0.000627    0.701858
 90   42.497528   -0.000015   -0.000020    0.000210    0.000602    0.339644
 91   42.272491   -0.000007    0.000018   -0.000002    0.000355    0.187448
time 1
  0    0.000000    0.000000    0.000000    0.000000   -0.000000    0.000000
  1    0.000000    0.000000    0.000000    0.000000   -0.000000    0.000000
  2    0.000000    1.221717   -8.409834    0.600787   -1.529705    0.969968
  3   50.309216   -0.435479    0.000004   -0.000017   -0.181506    0.014098
  4   30.891544   -0.000011    0.000001    0.000017   -0.178646   -0.014097
  5   34.635605    0.000007    0.000000   -0.000000   -0.241695   -0.000001
  6   30.584290    0.000018   -0.000008   -0.000000   -0.476676    0.000001
  7   31.520195   -0.000000   -0.000008   -0.000000   -0.544001   -0.000001
  8   34.241196  -28.000032  -41.878006    1.023156   -0.382975    0.173513
  9   34.241127   23.441803  -41.878098   -1.023430   -0.381504   -0.156808
 10   35.246696  -52.543091    1.319122    0.110429   -0.127680    0.231490
 11   35.246536   52.726322    1.318924   -0.110661   -0.127484   -0.219390
 12   34.830017  -24.891926   45.588608   -0.827054    0.052652    0.010534
 13   34.885780   27.636587   43.767822    0.826597    0.052856   -0.009591
 14   29.239315  -51.573360   94.292961    0.289215   -0.908262   -0.876726
 15   42.375046   -0.000006   -0.000006   -0.094297    0.117773    0.137691
 16   42.546082    0.000031    0.000015   -0.038696    0.131327    0.172446
 17   42.234467    0.000000   -0.000004   -0.030312    0.008382    0.022053
 18   42.464996   -0.000008    0.000015   -0.005939   -0.199012   -0.263814
 19   42.458130   -0.000053    0.000008    0.015848   -0.259033   -0.372374
 20   42.267944    0.000031   -0.000008    0.009657   -0.176183   -0.270911
 21   42.505920    0.000000   -0.000023    0.024101   -0.153963   -0.250044
 22   42.233200   -0.000015   -0.000015    0.016691   -0.073896   -0.114835
 23   42.352264    0.000031    0.000031    0.000367   -0.005731   -0.003281
 24   42.391693    0.000000   -0.000031   -0.005727    0.047486    0.089352
 25   42.497437    0.000046    0.000000   -0.000988    0.038437    0.099599
 26   42.272766    0.000092   -0.000046    0.003835    0.043253    0.114590
 27   29.239330   55.382614   92.214943    1.252914   -0.841077    0.790109
 28   42.375061    0.000004   -0.000015    0.051500   -0.077080   -0.066592
 29   42.546082   -0.000038    0.000015    0.042499   -0.109029   -0.106467
 30   42.234467    0.000042   -0.000023    0.026008   -0.027108   -0.015050
 31   42.465057   -0.000061   -0.000011    0.053573    0.218007    0.255419
 32   42.458038    0.000008   -0.000008    0.104258    0.351813    0.408491
 33   42.267883    0.000000    0.000000    0.044207    0.223254    0.241026
 34   42.506042    0.000107    0.000031    0.081904    0.379088    0.423278
 35   42.233109   -0.000031   -0.000031    0.005184   -0.166112   -0.181357
 36   42.352295   -0.000061    0.000031    0.010258   -0.130576   -0.142451
 37   42.391693    0.000076   -0.000031    0.008509   -0.043725   -0.047740
 38   42.497650    0.000076    0.000015    0.004428   -0.029099   -0.031285
 39   42.272644    0.000198    0.000031    0.003074   -0.012546   -0.013360
 40   29.239346  106.746666    1.740833    0.000442   -0.055828    1.112079
 41   42.375061    0.000002   -0.000005   -0.013312    0.011283   -0.240810
 42   42.546112    0.000015   -0.000000   -0.012422    0.008177   -0.294613
 43   42.234497    0.000023   -0.000003    0.002881    0.007607    0.088199
 44   42.465057    0.000015   -0.000006    0.011562    0.010520    0.478929
 45   42.458069    0.000031   -0.000002    0.003278    0.010305    0.278705
 46   42.267914   -0.000008    0.000001    0.000561    0.013447    0.442133
 47   42.505951    0.000015    0.000005   -0.007479    0.018748    0.671639
 48   42.233139   -0.000031   -0.000013   -0.003118    0.000810    0.111629
 49   42.352242    0.000000    0.000001    0.007387   -0.006746   -0.260819
 50   42.391678    0.000031   -0.000006    0.005399   -0.008843   -0.259470
 51   42.497711    0.000031   -0.000013    0.002185   -0.007846   -0.189612
 52   42.272736    0.000046   -0.000001    0.000402   -0.004797   -0.111600
 53   26.969524   50.706902  -90.730873   -1.293430    0.680846    0.690120
 54   42.375092   -0.000008    0.000001   -0.052451    0.061412   -0.027987
 55   42.546066    0.000031    0.000021   -0.047443    0.093376   -0.077343
 56   42.234497   -0.000019    0.000000   -0.027296    0.030248   -0.004302
 57   42.464981    0.000031   -0.000008   -0.042815   -0.204679    0.286515
 58   42.458069    0.000053    0.000023   -0.073346   -0.261198    0.365194
 59   42.268005   -0.000053    0.000000   -0.087603   -0.306066    0.401924
 60   42.505890    0.000107    0.000000   -0.153262   -0.439767    0.583759
 61   42.233200   -0.000061   -0.000015    0.008643   -0.037503    0.040956
 62   42.352249   -0.000092   -0.000015   -0.050020    0.314650   -0.391652
 63   42.391663    0.000092   -0.000046   -0.055403    0.293390   -0.372761
 64   42.497589    0.000069    0.000000   -0.019261    0.166201   -0.204067
 65   42.272766    0.000049    0.000013   -0.006732    0.079493   -0.095954
 66   28.404045  -56.044865  -92.250244   -0.093925    0.730540   -0.570525
 67   42.375107    0.000011   -0.000011    0.097557   -0.049921    0.051567
 68   42.546097    0.000008    0.000000    0.050066   -0.090253    0.097561
 69   42.234451    0.000015   -0.000027    0.030800    0.001344    0.004520
 70   42.465027   -0.000038    0.000000   -0.009033    0.226515   -0.262224
 71   42.458099    0.000023   -0.000023   -0.022880    0.275174   -0.336548
 72   42.267914   -0.000038   -0.000015   -0.040344    0.286882   -0.373976
 73   42.505997    0.000092    0.000015   -0.126846    0.409708   -0.586053
 74   42.233162    0.000000   -0.000015   -0.013747    0.083944   -0.108231
 75   42.352196    0.000031   -0.000015   -0.023703   -0.203661    0.253145
 76   42.391815   -0.000031   -0.000031   -0.064600   -0.334118    0.436835
 77   42.497467    0.000015    0.000000   -0.026152   -0.222418    0.284336
 78   42.272736   -0.000005   -0.000006   -0.003679   -0.106107    0.134092
 79   29.239311 -106.786247    1.740908   -0.000448   -0.054387   -1.027935
 80   42.375092    0.000004   -0.000005    0.010524    0.014341    0.194693
 81   42.546051   -0.000015    0.000002    0.009151    0.009962    0.237485
 82   42.234528    0.000008   -0.000005   -0.003975    0.007016   -0.143475
 83   42.465088   -0.000015   -0.000003   -0.008534    0.006995   -0.426481
 84   42.458130    0.000000   -0.000001   -0.002856    0.007846   -0.241637
 85   42.267883    0.000015   -0.000004   -0.002115    0.021626   -0.569478
 86   42.505951    0.000000    0.000015    0.012304    0.024020   -0.750731
 87   42.233070    0.000000   -0.000010    0.000131    0.000882   -0.003545
 88   42.352257   -0.000031    0.000000   -0.018046   -0.003670    0.494475
 89   42.391724   -0.000031   -0.000007   -0.011046   -0.008751    0.377258
 90   42.497559    0.000046   -0.000019   -0.004869   -0.008275    0.255565
 91   42.272552    0.000019    0.000020   -0.000880   -0.003083    0.084426
time 2
  0    0.000000    0.000000    0.000000    0.000000   -0.000000    0.000000
  1    0.000000    0.000000    0.000000    0.000000   -0.000000    0.000000
  2    0.000000    4.225108    1.793704    0.390710   -1.479866    1.179996
  3   50.309216   -0.435479    0.000004   -0.000017   -0.137210    0.014098
  4   30.891544   -0.000011    0.000001    0.000017   -0.173655   -0.014097
  5   34.635605    0.000006    0.000000   -0.000000   -0.263399   -0.000001
  6   30.584290    0.000017    0.000004   -0.000000   -0.490511    0.000001
  7   31.520195   -0.000001    0.000008   -0.000000   -0.557668   -0.000001
  8   34.241203  -28.000034  -41.878006    1.103470   -0.212687   -0.095891
  9   34.241127   23.441797  -41.878113   -1.104244   -0.209671    0.129757
 10   35.246704  -52.543087    1.319138    0.315512   -0.364799   -0.397002
 11   35.246544   52.726315    1.318924   -0.316173   -0.364239    0.421751
 12   34.830025  -24.891924   45.588608   -0.547050   -0.711493   -0.517764
 13   34.885780   27.636581   43.767830    0.545753   -0.710911    0.520459
 14   29.239319  -51.573353   94.292961    1.028726   -0.981622   -1.782304
 15   42.375061    0.000000   -0.000004   -0.057797    0.290526    0.375512
 16   42.546066    0.000029    0.000002    0.002911    0.218352    0.343771
 17   42.234482    0.000023   -0.000004   -0.026465    0.024286    0.047935
 18   42.464981    0.000000    0.000027   -0.025247   -0.138741   -0.216774
 19   42.458099   -0.000069   -0.000004   -0.021632   -0.138386   -0.231829
 20   42.267944    0.000038   -0.000015   -0.009851   -0.102723   -0.195294
 21   42.505798   -0.000015    0.000008    0.007416   -0.081083   -0.182462
 22   42.233124   -0.000015   -0.000015    0.016247   -0.062565   -0.129865
 23   42.352264    0.000046    0.000031    0.024896   -0.132947   -0.213396
 24   42.391693   -0.000061    0.000000    0.114534   -0.325256   -0.532755
 25   42.497543    0.000031    0.000000    0.100911   -0.309689   -0.484187
 26   42.272835    0.000000    0.000000    0.012686   -0.105740   -0.147290
 27   29.239342   55.382614   92.214958    0.493947   -0.997431    1.672664
 28   42.375076    0.000002    0.000006    0.090735   -0.243561   -0.291718
 29   42.546082   -0.000017    0.000025    0.059116   -0.237985   -0.259674
 30   42.234482    0.000046    0.000008    0.024403   -0.040925   -0.036257
 31   42.465042   -0.000069    0.000015    0.049654    0.186738    0.198417
 32   42.458069    0.000000    0.000015    0.059474    0.233871    0.237222
 33   42.267883   -0.000031    0.000034    0.043412    0.222258    0.237209
 34   42.506042    0.000076    0.000015    0.028103    0.243198    0.254298
 35   42.233063    0.000000   -0.000015   -0.007299    0.111758    0.108982
 36   42.352173   -0.000031   -0.000031   -0.000480    0.051188    0.050486
 37   42.391785    0.000122   -0.000046    0.006480    0.037310    0.037466
 38   42.497650    0.000061    0.000000    0.003043    0.026442    0.026234
 39   42.272614    0.000153    0.000031    0.002512    0.010922    0.010740
 40   29.239349  106.746605    1.740832    0.001555   -0.146740    1.332961
 41   42.375053   -0.000019   -0.000006   -0.052936    0.028539   -0.368753
 42   42.546143   -0.000011    0.000000   -0.035554    0.026447   -0.336761
 43   42.234467   -0.000015   -0.000006    0.008867    0.018624    0.118633
 44   42.465088    0.000015   -0.000009    0.019070    0.018219    0.347059
 45   42.458069   -0.000031   -0.000003    0.006906    0.017876    0.198975
 46   42.267853    0.000000    0.000002    0.006659    0.029761    0.406716
 47   42.505859   -0.000031    0.000002   -0.006708    0.038416    0.515817
 48   42.233124    0.000031   -0.000015   -0.008352    0.008888    0.168628
 49   42.352295    0.000000   -0.000008    0.000133   -0.004463   -0.002298
 50   42.391632    0.000031   -0.000002   -0.001583   -0.003092    0.029749
 51   42.497589   -0.000061   -0.000013   -0.003192   -0.001139    0.063784
 52   42.272705    0.000000    0.000000   -0.002122   -0.000916    0.043542
 53   21.556919   50.706905  -89.161339   -1.306627    0.570957    0.632642
 54   42.375084   -0.000004    0.000013   -0.048860    0.050536    0.002675
 55   42.546082    0.000019    0.000006   -0.047868    0.083945   -0.055477
 56   42.234558   -0.000057    0.000004   -0.026268    0.023565    0.018996
 57   42.464981    0.000034   -0.000008   -0.044650   -0.215274    0.351984
 58   42.458099   -0.000008    0.000011   -0.065731   -0.217880    0.359119
 59   42.267914   -0.000076    0.000038   -0.078133   -0.251223    0.369631
 60   42.505875    0.000122    0.000000   -0.168160   -0.411650    0.609072
 61   42.233147   -0.000122    0.000031    0.004730   -0.054617    0.063902
 62   42.352234   -0.000031    0.000061   -0.035343    0.293634   -0.398400
 63   42.391693    0.000046    0.000031   -0.050137    0.280769   -0.400728
 64   42.497528    0.000046   -0.000023   -0.018171    0.155155   -0.217283
 65   42.272705    0.000015   -0.000005   -0.007106    0.075094   -0.103615
 66   26.412228  -56.044842  -94.317238   -0.066045    0.627065   -0.550734
 67   42.375092   -0.000008   -0.000011    0.102603   -0.031359    0.073258
 68   42.546112    0.000008    0.000008    0.053267   -0.082492    0.119320
 69   42.234467    0.000023    0.000004    0.030697    0.034250   -0.019374
 70   42.464996   -0.000038    0.000027   -0.019350    0.258022   -0.305828
 71   42.458099    0.000031   -0.000027   -0.014953    0.253524   -0.309184
 72   42.267853   -0.000053   -0.000038   -0.022552    0.244114   -0.316843
 73   42.505981    0.000076    0.000000   -0.104403    0.383903   -0.550019
 74   42.233101   -0.000031    0.000000   -0.018750    0.130916   -0.173856
 75   42.352173    0.000000    0.000000   -0.006134   -0.097310    0.116957
 76   42.391754   -0.000031   -0.000015   -0.069455   -0.341168    0.445844
 77   42.497528    0.000031   -0.000015   -0.049704   -0.301314    0.389754
 78   42.272644    0.000008   -0.000012   -0.008208   -0.156611    0.198420
 79   29.239311 -106.786293    1.740912   -0.001610   -0.147661   -1.246870
 80   42.375107    0.000000    0.000000    0.044758    0.048394    0.308013
 81   42.546036   -0.000004    0.000009    0.019657    0.032924    0.215935
 82   42.234512   -0.000023   -0.000002   -0.009909    0.013638   -0.176078
 83   42.465042   -0.000023   -0.000003   -0.008256    0.006186   -0.196173
 84   42.458069    0.000023    0.000000   -0.006238    0.014881   -0.175960
 85   42.267883    0.000000   -0.000005   -0.011854    0.054464   -0.604897
 86   42.505859    0.000015    0.000019    0.020951    0.051500   -0.611852
 87   42.233063    0.000061   -0.000010   -0.000526    0.001893    0.006489
 88   42.352341    0.000061    0.000000   -0.019722   -0.007882    0.239970
 89   42.391754    0.000000   -0.000006   -0.009239   -0.004456    0.126946
 90   42.497498    0.000031   -0.000013   -0.005947   -0.003850    0.087459
 91   42.272583    0.000031    0.000032   -0.000535   -0.000418    0.008361
time 3
  0    0.000000    0.000000    0.000000    0.000000   -0.000000    0.000000
  1    0.000000    0.000000    0.000000    0.000000   -0.000000    0.000000
  2    0.000000    8.017531   13.972119    0.193369   -1.433049    1.377293
  3   50.309216   -0.435479    0.000005   -0.000017   -0.083319    0.014098
  4   30.891548   -0.000011    0.000001    0.000017   -0.165139   -0.014097
  5   34.635612    0.000007    0.000000   -0.000000   -0.289303   -0.000001
  6   30.584305    0.000018    0.000000   -0.000000   -0.507025    0.000001
  7   31.520195    0.000000    0.000008   -0.000000   -0.573980   -0.000001
  8   34.241196  -28.000042  -41.878021    1.146716   -0.024218   -0.306296
  9   34.241127   23.441809  -41.878128   -1.147759   -0.023886    0.308383
 10   35.246704  -52.543106    1.319138    0.425941   -0.492478   -0.764495
 11   35.246544   52.726334    1.318924   -0.426834   -0.491723    0.766980
 12   34.830017  -24.891935   45.588623   -0.396279   -1.122957   -0.802232
 13   34.885773   27.636597   43.767838    0.394530   -1.122169    0.805870
 14   29.239323  -51.573380   94.292969   -1.568070   -2.456533    0.682366
 15   42.375084   -0.000023    0.000008   -0.066134    0.338710    0.442326
 16   42.546097    0.000031    0.000004    0.074725    0.332767    0.604225
 17   42.234497    0.000015    0.000000    0.003802    0.109416    0.195304
 18   42.464996    0.000015    0.000015   -0.031576   -0.072376   -0.127023
 19   42.458084   -0.000046    0.000004   -0.032193   -0.077182   -0.155680
 20   42.267914    0.000031    0.000019   -0.018589   -0.052624   -0.105730
 21   42.505920    0.000000    0.000011   -0.001291   -0.106233   -0.205238
 22   42.233154   -0.000008   -0.000023    0.015319   -0.120053   -0.236959
 23   42.352234   -0.000015    0.000038    0.014192   -0.113157   -0.232117
 24   42.391724    0.000000   -0.000015    0.082322   -0.226605   -0.497884
 25   42.497498    0.000031    0.000000    0.120503   -0.241092   -0.496638
 26   42.272789    0.000122   -0.000061    0.047631   -0.130535   -0.222878
 27   29.239338   55.382641   92.214996   -0.129506   -0.802759    2.382039
 28   42.375084   -0.000008   -0.000011    0.098872   -0.258746   -0.323908
 29   42.546112   -0.000031    0.000004    0.081757   -0.347849   -0.389133
 30   42.234482    0.000023   -0.000015    0.017925   -0.110230   -0.124899
 31   42.465042   -0.000095    0.000023    0.031935    0.110742    0.068583
 32   42.458084   -0.000011    0.000004    0.026930    0.053050    0.016099
 33   42.267975   -0.000076    0.000023    0.043416    0.205569    0.218637
 34   42.506012    0.000000    0.000019    0.049145    0.307096    0.334376
 35   42.233154   -0.000031    0.000000    0.000535    0.193783    0.193230
 36   42.352173   -0.000076   -0.000031    0.000080    0.131513    0.127765
 37   42.391724    0.000122   -0.000031    0.004185    0.105066    0.106339
 38   42.497620    0.000092    0.000031   -0.000499    0.077095    0.078114
 39   42.272629    0.000153    0.000000    0.000110    0.033648    0.034257
 40   29.239349  106.746681    1.740838    0.001925   -0.228981    1.565145
 41   42.375076   -0.000008   -0.000006   -0.110998    0.027660   -0.502786
 42   42.546127    0.000008   -0.000002   -0.065012    0.045780   -0.388167
 43   42.234451    0.000015   -0.000002    0.011932    0.025956    0.105858
 44   42.465042    0.000015   -0.000006    0.018659    0.016388    0.217437
 45   42.458099    0.000008   -0.000003    0.008883    0.018667    0.130255
 46   42.267914    0.000008    0.000011    0.018007    0.041472    0.372140
 47   42.505890    0.000015    0.000002    0.002759    0.062815    0.520536
 48   42.233215    0.000031   -0.000011   -0.012948    0.024142    0.227344
 49   42.352295    0.000031    0.000004   -0.008742    0.005970    0.109761
 50   42.391647    0.000031    0.000000   -0.011082    0.006435    0.130625
 51   42.497620    0.000000   -0.000008   -0.012814    0.006877    0.141940
 52   42.272766    0.000000    0.000002   -0.010236    0.003749    0.106450
 53   15.096719   50.706921  -87.288040   -1.340621    0.469152    0.568478
 54   42.375092   -0.000004    0.000013   -0.044269    0.040759    0.027571
 55   42.546082    0.000015    0.000010   -0.046169    0.075893   -0.033751
 56   42.234558   -0.000042   -0.000015   -0.024288    0.016497    0.043985
 57   42.465027    0.000015    0.000008   -0.049330   -0.226564    0.406880
 58   42.458008    0.000019    0.000015   -0.060246   -0.186305    0.338196
 59   42.268005   -0.000061    0.000000   -0.069900   -0.216046    0.333422
 60   42.505859    0.000122    0.000000   -0.175311   -0.399493    0.620539
 61   42.233139    0.000000   -0.000046   -0.000030   -0.074728    0.090774
 62   42.352280    0.000031    0.000000   -0.027462    0.278760   -0.393894
 63   42.391739    0.000015    0.000000   -0.049869    0.279877   -0.422841
 64   42.497528    0.000069   -0.000008   -0.018189    0.151306   -0.225899
 65   42.272827    0.000027    0.000010   -0.007596    0.074369   -0.109435
 66   24.034912  -56.044876  -96.815269   -0.055849    0.526365   -0.589119
 67   42.375107   -0.000013   -0.000011    0.114147   -0.016827    0.122433
 68   42.546112   -0.000004   -0.000004    0.060136   -0.069766    0.143985
 69   42.234467    0.000046   -0.000050    0.027751    0.073042   -0.054852
 70   42.465042   -0.000046    0.000031   -0.036091    0.285892   -0.354981
 71   42.458099    0.000053    0.000000   -0.007874    0.224915   -0.274176
 72   42.267914   -0.000046   -0.000008   -0.012412    0.216406   -0.281186
 73   42.505920    0.000015    0.000031   -0.078476    0.356594   -0.510246
 74   42.233124    0.000000    0.000015   -0.016845    0.153101   -0.210258
 75   42.352180    0.000031    0.000031   -0.002152   -0.033526    0.036575
 76   42.391808    0.000000   -0.000015   -0.055625   -0.288225    0.372670
 77   42.497528    0.000061    0.000031   -0.091594   -0.392044    0.519169
 78   42.272766   -0.000011   -0.000001   -0.016131   -0.232447    0.295947
 79   29.239323 -106.786285    1.740906   -0.002036   -0.219629   -1.630340
 80   42.375099    0.000004   -0.000008    0.104279    0.062411    0.494598
 81   42.546066   -0.000004   -0.000001    0.032910    0.053888    0.256481
 82   42.234528    0.000000   -0.000008   -0.006519    0.008645   -0.091491
 83   42.465073   -0.000023   -0.000005   -0.002258   -0.006315   -0.036146
 84   42.458008   -0.000008   -0.000003   -0.007696    0.015118   -0.111771
 85   42.267944   -0.000008   -0.000007   -0.025703    0.069391   -0.495775
 86   42.506012    0.000015    0.000010    0.011337    0.082874   -0.573105
 87   42.233063    0.000000   -0.000015    0.016921    0.022691   -0.169707
 88   42.352280    0.000000   -0.000008    0.011009    0.015266   -0.090758
 89   42.391663   -0.000031   -0.000019    0.027166    0.023298   -0.200540
 90   42.497543    0.000031   -0.000023    0.019977    0.011090   -0.127687
 91   42.272461    0.000031    0.000013    0.001430    0.000569   -0.008584
time 4
  0    0.000000    0.000000    0.000000    0.000000   -0.000000    0.000000
  1    0.000000    0.000000    0.000000    0.000000   -0.000000    0.000000
  2    0.000000   11.606346   24.175653    0.046954   -1.398313    1.523676
  3   50.309212   -0.435479    0.000001   -0.000017   -0.036144    0.014098
  4   30.891541   -0.000011    0.000000    0.000017   -0.152937   -0.014097
  5   34.635612    0.000007    0.000000   -0.000000   -0.311006   -0.000001
  6   30.584274    0.000018    0.000000   -0.000000   -0.520860    0.000001
  7   31.520195   -0.000000    0.000000   -0.000000   -0.587647   -0.000001
  8   34.241196  -28.000031  -41.878006    1.120679    0.173757   -0.398050
  9   34.241119   23.441799  -41.878098   -1.102959    0.159284    0.343449
 10   35.246696  -52.543087    1.319138    0.375776   -0.417393   -0.798168
 11   35.246544   52.726311    1.318939   -0.361221   -0.430221    0.752014
 12   34.830025  -24.891922   45.588608   -0.450073   -1.042662   -0.772558
 13   34.885780   27.636585   43.767822    0.469232   -1.049086    0.754184
 14   29.239309  -51.573357   94.292938   -1.421550   -2.671990    0.477242
 15   42.375072   -0.000008    0.000000   -0.113246    0.233293    0.283355
 16   42.546089    0.000031    0.000004    0.064832    0.368701    0.670176
 17   42.234482    0.000011    0.000014    0.084750    0.247046    0.491125
 18   42.464981    0.000046    0.000015   -0.021722   -0.007768   -0.020285
 19   42.458069   -0.000061    0.000015   -0.035221   -0.062125   -0.139649
 20   42.267944    0.000008    0.000034   -0.015288   -0.006352   -0.028846
 21   42.505920    0.000015    0.000027   -0.006380   -0.050640   -0.084563
 22   42.233154    0.000031    0.000031    0.001768   -0.159876   -0.235534
 23   42.352264    0.000046    0.000038   -0.001414   -0.206497   -0.311413
 24   42.391724   -0.000015    0.000031    0.012023   -0.137524   -0.428398
 25   42.497467   -0.000031    0.000015    0.094775   -0.126450   -0.532859
 26   42.272812    0.000031   -0.000015    0.091512   -0.109655   -0.307601
 27   29.239336   55.382610   92.214951   -0.326706   -0.614313    2.606226
 28   42.375069   -0.000008    0.000011    0.074833   -0.167890   -0.197802
 29   42.546120   -0.000023    0.000019    0.072264   -0.305698   -0.308541
 30   42.234482    0.000042    0.000004    0.022827   -0.273215   -0.291222
 31   42.465073   -0.000053   -0.000011    0.006746   -0.021611   -0.134638
 32   42.458084   -0.000057   -0.000015    0.019936   -0.053384   -0.113368
 33   42.267914   -0.000046   -0.000008    0.022120    0.062210    0.054147
 34   42.506042    0.000053   -0.000008    0.050129    0.271431    0.299731
 35   42.233032   -0.000099    0.000000    0.029195    0.290134    0.306831
 36   42.352173   -0.000107    0.000031    0.007855    0.210680    0.208961
 37   42.391663    0.000061   -0.000015    0.005411    0.210833    0.210291
 38   42.497574    0.000092   -0.000031   -0.007419    0.173328    0.181142
 39   42.272614    0.000122    0.000000   -0.008613    0.089648    0.097048
 40   29.239347  106.746643    1.740836    0.000864   -0.277414    1.752301
 41   42.375053    0.000000   -0.000006   -0.155105    0.009843   -0.583499
 42   42.546112    0.000015   -0.000004   -0.095393    0.060284   -0.446677
 43   42.234436    0.000000   -0.000004    0.007963    0.028592    0.057469
 44   42.465057    0.000000   -0.000009    0.013257    0.007659    0.121073
 45   42.458130   -0.000008   -0.000005    0.006632    0.013554    0.065508
 46   42.268005   -0.000038   -0.000002    0.025154    0.038129    0.291948
 47   42.505890    0.000000    0.000000    0.025150    0.082979    0.578624
 48   42.233154    0.000000   -0.000011   -0.013283    0.045357    0.304849
 49   42.352249   -0.000031    0.000019   -0.013876    0.015949    0.159161
 50   42.391724    0.000061    0.000000   -0.016522    0.012720    0.162091
 51   42.497589    0.000031   -0.000015   -0.018530    0.012008    0.163608
 52   42.272720   -0.000061    0.000011   -0.016265    0.007087    0.131315
 53    9.684095   50.706894  -85.718498   -1.377426    0.396200    0.518561
 54   42.375069   -0.000008   -0.000006   -0.041195    0.034236    0.043186
 55   42.546036    0.000034    0.000019   -0.044213    0.071269   -0.017204
 56   42.234543   -0.000042   -0.000023   -0.022719    0.010551    0.064720
 57   42.464966    0.000046    0.000015   -0.056494   -0.238686    0.440290
 58   42.458069    0.000061    0.000000   -0.057580   -0.169393    0.314199
 59   42.267944   -0.000092    0.000015   -0.064641   -0.200042    0.303876
 60   42.505859    0.000092    0.000000   -0.177564   -0.404349    0.620858
 61   42.233170   -0.000092   -0.000031   -0.003750   -0.094997    0.114837
 62   42.352261    0.000000    0.000031   -0.026154    0.270813   -0.380816
 63   42.391632    0.000031   -0.000031   -0.054671    0.290530   -0.437899
 64   42.497528    0.000038   -0.000023   -0.019183    0.154940   -0.230368
 65   42.272675    0.000044   -0.000026   -0.008053    0.077367   -0.113275
 66   22.043081  -56.044876  -98.969337   -0.056268    0.453059   -0.654988
 67   42.375069    0.000004    0.000000    0.132578   -0.011986    0.189928
 68   42.546112   -0.000008    0.000019    0.067262   -0.054217    0.158460
 69   42.234451    0.000031   -0.000031    0.021534    0.104636   -0.091917
 70   42.464996   -0.000027   -0.000011   -0.050517    0.297732   -0.388648
 71   42.458038    0.000038    0.000000   -0.002731    0.197771   -0.242066
 72   42.267883   -0.000061   -0.000023   -0.007311    0.199175   -0.259831
 73   42.505981    0.000092    0.000000   -0.060799    0.338421   -0.484083
 74   42.233101    0.000000   -0.000031   -0.012057    0.165631   -0.233216
 75   42.352127    0.000000   -0.000015    0.000333    0.001562   -0.009796
 76   42.391785    0.000061   -0.000031   -0.035961   -0.208167    0.265089
 77   42.497559    0.000092    0.000000   -0.143708   -0.468327    0.639205
 78   42.272705   -0.000034    0.000032   -0.036324   -0.352161    0.458849
 79   29.239302 -106.786270    1.740902   -0.000928   -0.229607   -2.023930
 80   42.375092    0.000015    0.000002    0.131909    0.037074    0.608921
 81   42.546021   -0.000013   -0.000002    0.054150    0.068221    0.368655
 82   42.234482    0.000008    0.000001    0.002032    0.000613    0.028126
 83   42.465073   -0.000019    0.000000    0.004637   -0.026573    0.064833
 84   42.458038   -0.000023    0.000008   -0.002181    0.004466   -0.022319
 85   42.267883    0.000008   -0.000004   -0.028556    0.053475   -0.311405
 86   42.506012   -0.000023    0.000017   -0.018905    0.101467   -0.556786
 87   42.233093   -0.000031   -0.000004    0.022559    0.060272   -0.321945
 88   42.352295    0.000000    0.000008    0.043052    0.057940   -0.340731
 89   42.391754    0.000000    0.000004    0.066509    0.042214   -0.377640
 90   42.497543   -0.000031   -0.000021    0.049898    0.009162   -0.240174
 91   42.272518    0.000000    0.000020    0.013818   -0.000814   -0.065034
time 5
  0    0.000000    0.000000    0.000000    0.000000   -0.000000    0.000000
  1    0.000000    0.000000    0.000000    0.000000   -0.000000    0.000000
  2    0.000000   13.998913   28.454557   -0.010339   -1.384721    1.580956
  3   50.309223   -0.435479    0.000003   -0.000017   -0.011996    0.014098
  4   30.891548   -0.000011    0.000002    0.000017   -0.136888   -0.014097
  5   34.635605    0.000007    0.000000   -0.000000   -0.320108   -0.000001
  6   30.584290    0.000018   -0.000008   -0.000000   -0.526662    0.000001
  7   31.520203   -0.000000    0.000015   -0.000000   -0.593378   -0.000001
  8   34.241203  -28.000036  -41.878021    1.055147    0.401423   -0.455107
  9   34.241127   23.441805  -41.878098   -0.994067    0.362813    0.364718
 10   35.246704  -52.543098    1.319153    0.251552   -0.235500   -0.807101
 11   35.246544   52.726326    1.318924   -0.202734   -0.278154    0.712206
 12   34.830032  -24.891928   45.588623   -0.582262   -0.846662   -0.701796
 13   34.885773   27.636593   43.767838    0.647368   -0.868876    0.624133
 14   29.239334  -51.573364   94.292946   -1.395401   -2.723712    0.442279
 15   42.375069    0.000008   -0.000015   -0.122730    0.174240    0.207595
 16   42.546097    0.000023   -0.000015    0.001900    0.313067    0.536163
 17   42.234451    0.000006   -0.000002    0.127999    0.307598    0.659721
 18   42.464996    0.000031   -0.000027   -0.008614    0.036115    0.057734
 19   42.458115   -0.000046   -0.000034   -0.032311   -0.036114   -0.091881
 20   42.267929    0.000031   -0.000008   -0.010842    0.014647    0.009728
 21   42.505890   -0.000023   -0.000027   -0.003912   -0.024183   -0.036302
 22   42.233215    0.000015   -0.000053   -0.003639   -0.100802   -0.138737
 23   42.352264    0.000000   -0.000008   -0.014401   -0.265945   -0.310714
 24   42.391754   -0.000061   -0.000046   -0.015014   -0.181263   -0.452057
 25   42.497498    0.000061    0.000015    0.052106   -0.027245   -0.571870
 26   42.272781    0.000092    0.000000    0.116501   -0.072485   -0.357740
 27   29.239346   55.382645   92.214943   -0.372865   -0.562658    2.652231
 28   42.375084    0.000015    0.000004    0.064967   -0.124839   -0.140781
 29   42.546097   -0.000008    0.000011    0.057560   -0.220879   -0.206036
 30   42.234467    0.000038   -0.000004    0.031723   -0.313652   -0.298597
 31   42.465073   -0.000060    0.000011    0.000142   -0.137131   -0.287495
 32   42.458099   -0.000031    0.000000    0.017651   -0.100044   -0.178379
 33   42.267944   -0.000069    0.000031    0.017562    0.016433    0.001676
 34   42.506042    0.000031    0.000031    0.024665    0.163012    0.175010
 35   42.233093   -0.000061    0.000015    0.049679    0.313270    0.346457
 36   42.352264   -0.000099    0.000023    0.017064    0.228796    0.233865
 37   42.391754    0.000031   -0.000015    0.010155    0.238245    0.226830
 38   42.497620    0.000031    0.000015   -0.003647    0.285144    0.292039
 39   42.272675    0.000153   -0.000031   -0.019304    0.177130    0.195213
 40   29.239353  106.746674    1.740843    0.000002   -0.293257    1.874463
 41   42.375084    0.000000   -0.000008   -0.171082   -0.004630   -0.608328
 42   42.546127    0.000004    0.000002   -0.115696    0.067717   -0.492176
 43   42.234467    0.000000   -0.000004   -0.000648    0.029199   -0.004381
 44   42.465073   -0.000023   -0.000003    0.007467   -0.000481    0.062948
 45   42.458099   -0.000023   -0.000002    0.001836    0.008104    0.015452
 46   42.267975    0.000015   -0.000004    0.022159    0.026381    0.202036
 47   42.505890    0.000031    0.000008    0.043908    0.077862    0.568264
 48   42.233154    0.000031   -0.000008   -0.003499    0.065600    0.398570
 49   42.352234    0.000031    0.000000   -0.015286    0.025551    0.207559
 50   42.391647    0.000031   -0.000004   -0.018272    0.017029    0.186917
 51   42.497635    0.000000   -0.000008   -0.020076    0.015256    0.177283
 52   42.272720    0.000000    0.000004   -0.017350    0.008842    0.136555
 53    7.414303   50.706921  -85.060303   -1.394894    0.359811    0.500502
 54   42.375092   -0.000015   -0.000005   -0.039481    0.033223    0.052185
 55   42.546082    0.000011    0.000017   -0.043227    0.071651   -0.008081
 56   42.234543   -0.000042   -0.000023   -0.021756    0.006015    0.079659
 57   42.465012    0.000038    0.000004   -0.060779   -0.243037    0.450605
 58   42.458069    0.000015    0.000008   -0.056317   -0.160207    0.297731
 59   42.268005   -0.000092    0.000000   -0.064081   -0.198206    0.293912
 60   42.505859    0.000076   -0.000015   -0.180963   -0.414868    0.623716
 61   42.233192   -0.000092   -0.000076   -0.004687   -0.104541    0.123911
 62   42.352295    0.000031   -0.000031   -0.027317    0.268083   -0.371866
 63   42.391785    0.000031   -0.000015   -0.059344    0.300627   -0.446143
 64   42.497559    0.000038   -0.000015   -0.020070    0.159671   -0.232914
 65   42.272766    0.000040    0.000025   -0.008263    0.080336   -0.115316
 66   21.207821  -56.044865 -100.004562   -0.061260    0.417380   -0.697283
 67   42.375076    0.000004   -0.000008    0.147096   -0.015845    0.240217
 68   42.546112   -0.000004    0.000000    0.070471   -0.046341    0.166418
 69   42.234467    0.000015   -0.000023    0.017872    0.117345   -0.109948
 70   42.465012   -0.000046    0.000000   -0.054954    0.295130   -0.398551
 71   42.458099    0.000023   -0.000015   -0.000719    0.181352   -0.224877
 72   42.267944   -0.000053   -0.000008   -0.006194    0.189585   -0.247595
 73   42.505981    0.000046    0.000015   -0.055960    0.332047   -0.472862
 74   42.233093    0.000000    0.000015   -0.011665    0.183851   -0.259844
 75   42.352173   -0.000061    0.000000    0.002652    0.024146   -0.040402
 76   42.391785    0.000031    0.000046   -0.016546   -0.129027    0.158786
 77   42.497528    0.000061    0.000031   -0.157959   -0.483974    0.650777
 78   42.272644    0.000008    0.000050   -0.108564   -0.524646    0.731332
 79   29.239315 -106.786285    1.740908   -0.000002   -0.223019   -2.227347
 80   42.375092    0.000008   -0.000006    0.127495    0.028169    0.604052
 81   42.546051    0.000008    0.000008    0.063470    0.080422    0.422213
 82   42.234512    0.000000   -0.000003    0.007804   -0.001631    0.127823
 83   42.465134   -0.000031   -0.000006    0.008259   -0.045481    0.132340
 84   42.458069   -0.000015   -0.000004    0.007091   -0.009958    0.065865
 85   42.267914   -0.000008   -0.000005   -0.018691    0.029914   -0.160303
 86   42.505981   -0.000061    0.000006   -0.041083    0.094457   -0.501542
 87   42.233154    0.000000   -0.000008    0.007436    0.083469   -0.390963
 88   42.352356    0.000000    0.000011    0.048139    0.096536   -0.486001
 89   42.391693   -0.000031    0.000008    0.088130    0.061484   -0.482160
 90   42.497608    0.000031   -0.000008    0.058317    0.006901   -0.256452
 91   42.272461    0.000061    0.000027    0.024190   -0.003384   -0.105859
time 6
  0    0.000000    0.000000    0.000000    0.000000   -0.000000    0.000000
  1    0.000000    0.000000    0.000000    0.000000   -0.000000    0.000000
  2    0.000000   15.407124   27.069096   -0.010195   -1.384755    1.580812
  3   50.309227   -0.435479    0.000002   -0.000017   -0.006142    0.044111
  4   30.891548   -0.000011    0.000002    0.000017   -0.111114   -0.005787
  5   34.635597    0.000007    0.000000   -0.000000   -0.286817   -0.011995
  6   30.584305    0.000018    0.000004   -0.000000   -0.471890   -0.031830
  7   31.520195   -0.000000    0.000000   -0.000000   -0.531667   -0.014153
  8   34.241203  -28.000042  -41.878006    0.968985    0.624061   -0.497653
  9   34.241135   23.441811  -41.878098   -0.859339    0.563697    0.375641
 10   35.246719  -52.543102    1.319138    0.092680   -0.011846   -0.807788
 11   35.246552   52.726326    1.318924   -0.008901   -0.084181    0.655186
 12   34.830032  -24.891932   45.588623   -0.749058   -0.602278   -0.617338
 13   34.885788   27.636595   43.767853    0.859982   -0.640103    0.453231
 14   29.239332  -51.573364   94.292999   -1.417776   -2.688528    0.479289
 15   42.375080    0.000008    0.000008   -0.124209    0.154801    0.189152
 16   42.546082    0.000031    0.000000   -0.028449    0.256622    0.438856
 17   42.234482    0.000021    0.000008    0.096951    0.283194    0.616450
 18   42.464996    0.000023    0.000013   -0.003034    0.050930    0.094489
 19   42.458084   -0.000053    0.000023   -0.022796    0.002429   -0.011034
 20   42.267914    0.000046    0.000042   -0.007847    0.018171    0.031361
 21   42.505890    0.000008    0.000034   -0.003238   -0.016943   -0.024332
 22   42.233124    0.000008    0.000011   -0.005166   -0.079317   -0.117724
 23   42.352295    0.000061    0.000038   -0.021129   -0.195733   -0.228047
 24   42.391754   -0.000031    0.000008   -0.011670   -0.124045   -0.477436
 25   42.497589    0.000031    0.000031    0.115559   -0.020867   -0.682167
 26   42.272827    0.000061   -0.000015    0.167515   -0.080013   -0.370426
 27   29.239332   55.382629   92.214943   -0.366045   -0.586698    2.642909
 28   42.375072    0.000008   -0.000015    0.062303   -0.120018   -0.134713
 29   42.546097   -0.000023    0.000000    0.052356   -0.199678   -0.184241
 30   42.234482    0.000046   -0.000004    0.028239   -0.286813   -0.266736
 31   42.465042   -0.000089    0.000015    0.003275   -0.177975   -0.330368
 32   42.458084   -0.000031   -0.000015    0.017739   -0.122634   -0.208085
 33   42.267929   -0.000053    0.000000    0.016977    0.010813   -0.005169
 34   42.506042    0.000023    0.000000    0.023676    0.154631    0.166320
 35   42.233002   -0.000053    0.000031    0.047898    0.298513    0.332961
 36   42.352173   -0.000092    0.000031    0.016118    0.204902    0.209862
 37   42.391693    0.000046    0.000031    0.012342    0.225526    0.208736
 38   42.497620    0.000046   -0.000046    0.004874    0.333989    0.330549
 39   42.272675    0.000214    0.000061   -0.021594    0.245068    0.265971
 40   29.239363  106.746696    1.740835    0.000004   -0.296914    1.949317
 41   42.375069   -0.000015   -0.000002   -0.174313   -0.011788   -0.611181
 42   42.546127    0.000004   -0.000004   -0.124836    0.072047   -0.513069
 43   42.234497   -0.000015   -0.000006   -0.010019    0.030034   -0.067132
 44   42.465088    0.000023   -0.000013    0.002320   -0.006224    0.019474
 45   42.458115    0.000008   -0.000006   -0.003269    0.004323   -0.026097
 46   42.268005    0.000008   -0.000003    0.017622    0.017714    0.146576
 47   42.505890    0.000015    0.000013    0.047052    0.056872    0.483393
 48   42.233032   -0.000046   -0.000006    0.013513    0.066330    0.423499
 49   42.352203    0.000000    0.000008   -0.010018    0.038468    0.278402
 50   42.391693    0.000000   -0.000008   -0.018880    0.028524    0.258966
 51   42.497650   -0.000031   -0.000015   -0.020845    0.020584    0.209928
 52   42.272736   -0.000061    0.000000   -0.017505    0.011166    0.148165
 53    8.781660   50.706924  -85.726883   -1.390763    0.346623    0.513927
 54   42.375107   -0.000008    0.000003   -0.038802    0.039653    0.055768
 55   42.546097    0.000046    0.000010   -0.043331    0.078690   -0.003487
 56   42.234558   -0.000015   -0.000008   -0.021264    0.007698    0.087380
 57   42.465027    0.000053    0.000000   -0.059633   -0.236371    0.439000
 58   42.458069    0.000031    0.000015   -0.056187   -0.157200    0.293279
 59   42.268036   -0.000076    0.000015   -0.060665   -0.189062    0.277613
 60   42.505981    0.000092   -0.000031   -0.123386   -0.342070    0.491759
 61   42.233177   -0.000061    0.000015   -0.002546   -0.092526    0.109649
 62   42.352310   -0.000031    0.000015   -0.007836    0.183140   -0.264149
 63   42.391785    0.000061   -0.000031   -0.032517    0.216507   -0.329487
 64   42.497681    0.000000   -0.000053   -0.022364    0.156413   -0.240332
 65   42.272797    0.000023   -0.000023   -0.009250    0.073530   -0.110585
 66   22.116240  -56.044884 -100.181526   -0.064074    0.400042   -0.708295
 67   42.375099    0.000011   -0.000015    0.153124   -0.021324    0.265119
 68   42.546097    0.000015    0.000015    0.071048   -0.046693    0.176832
 69   42.234451    0.000061    0.000000    0.018712    0.115312   -0.107891
 70   42.465027   -0.000031   -0.000015   -0.053331    0.287445   -0.397719
 71   42.458130    0.000061   -0.000023   -0.000931    0.173480   -0.220236
 72   42.267914   -0.000046   -0.000015   -0.005707    0.176488   -0.230133
 73   42.505981    0.000061   -0.000015   -0.057900    0.328046   -0.462206
 74   42.233124    0.000061   -0.000061   -0.018331    0.215529   -0.301652
 75   42.352188    0.000000    0.000000    0.003693    0.039475   -0.060849
 76   42.391830    0.000000   -0.000015   -0.006462   -0.085248    0.098785
 77   42.497559    0.000031   -0.000015   -0.085692   -0.374900    0.444169
 78   42.272766    0.000031   -0.000008   -0.190254   -0.639985    0.903865
 79   29.239317 -106.786301    1.740908   -0.000005   -0.224054   -2.242163
 80   42.375107    0.000008    0.000000    0.112241    0.033222    0.520832
 81   42.546051   -0.000023    0.000010    0.065253    0.091484    0.418435
 82   42.234497   -0.000008   -0.000004    0.010535    0.005010    0.190333
 83   42.465088    0.000015    0.000002    0.008913   -0.056693    0.179637
 84   42.458099   -0.000015    0.000009    0.013510   -0.021382    0.127601
 85   42.267944   -0.000015   -0.000011   -0.011050    0.017948   -0.087510
 86   42.506012   -0.000008    0.000005   -0.044457    0.080035   -0.426558
 87   42.233063   -0.000023   -0.000008   -0.007387    0.092531   -0.422115
 88   42.352295    0.000000    0.000011    0.042595    0.121962   -0.582733
 89   42.391724    0.000000    0.000000    0.096548    0.071887   -0.534105
 90   42.497589    0.000000   -0.000008    0.055600    0.005475   -0.238718
 91   42.272537    0.000031    0.000031    0.025352   -0.003596   -0.108753
time 7
  0    0.000000    0.000000    0.000000    0.000000   -0.000000    0.000000
  1    0.000000    0.000000    0.000000    0.000000   -0.000000    0.000000
  2    0.000000   16.699537   23.308540   -0.009767   -1.384857    1.580384
  3   50.309212   -0.435479    0.000003   -0.000017   -0.002591    0.115680
  4   30.891533   -0.000010    0.000001    0.000017   -0.075723    0.015734
  5   34.635612    0.000007    0.000004   -0.000000   -0.207430   -0.040597
  6   30.584290    0.000019    0.000000   -0.000000   -0.341277   -0.107735
  7   31.520187   -0.000003    0.000015   -0.000000   -0.384509   -0.047899
  8   34.241180  -28.000034  -41.878006    0.881058    0.806954   -0.545873
  9   34.241119   23.441801  -41.878098   -0.737032    0.738930    0.379665
 10   35.246704  -52.543083    1.319138   -0.061435    0.188525   -0.816722
 11   35.246536   52.726318    1.318924    0.162750    0.103040    0.588588
 12   34.830032  -24.891924   45.588608   -0.906670   -0.376836   -0.546577
 13   34.885788   27.636591   43.767838    1.038118   -0.421327    0.278990
 14   29.239319  -51.573372   94.292946   -1.453110   -2.632129    0.532946
 15   42.375065   -0.000008   -0.000008   -0.124049    0.135186    0.171894
 16   42.546043    0.000023    0.000000   -0.048167    0.198563    0.344559
 17   42.234482    0.000019    0.000019    0.048350    0.234255    0.508512
 18   42.465027    0.000038    0.000005    0.002881    0.063780    0.146677
 19   42.458130   -0.000046    0.000008   -0.011571    0.024043    0.067296
 20   42.267944    0.000046    0.000008   -0.006514    0.015626    0.037009
 21   42.505829    0.000000    0.000015   -0.001521   -0.001880   -0.013841
 22   42.233215    0.000031    0.000011   -0.000193   -0.022991   -0.066686
 23   42.352264    0.000053    0.000031   -0.007161   -0.026349   -0.061930
 24   42.391785   -0.000023    0.000031    0.002672   -0.030969   -0.467515
 25   42.497467    0.000031    0.000000    0.247063   -0.039653   -0.802119
 26   42.272751    0.000092    0.000000    0.197988   -0.097177   -0.330099
 27   29.239334   55.382633   92.214966   -0.350293   -0.624434    2.619987
 28   42.375057    0.000008   -0.000008    0.060518   -0.120522   -0.134844
 29   42.546097   -0.000031   -0.000004    0.047368   -0.180335   -0.163928
 30   42.234482    0.000042   -0.000010    0.023390   -0.242051   -0.219142
 31   42.465027   -0.000067    0.000023    0.008976   -0.222833   -0.371472
 32   42.458099   -0.000031    0.000015    0.018820   -0.159654   -0.257999
 33   42.267914   -0.000031   -0.000023    0.015801    0.000224   -0.018562
 34   42.506012    0.000015   -0.000023    0.022322    0.142557    0.154154
 35   42.233093   -0.000069    0.000023    0.044050    0.273716    0.308811
 36   42.352234   -0.000099    0.000008    0.016171    0.179949    0.185667
 37   42.391724    0.000008    0.000015    0.016592    0.212416    0.196412
 38   42.497681    0.000031    0.000031    0.015776    0.356622    0.342993
 39   42.272644    0.000153   -0.000031   -0.016660    0.301286    0.319693
 40   29.239346  106.746628    1.740837    0.000012   -0.303277    2.000313
 41   42.375053    0.000000    0.000004   -0.178275   -0.017026   -0.610430
 42   42.546097   -0.000010    0.000000   -0.130928    0.077390   -0.517370
 43   42.234451   -0.000015   -0.000003   -0.018586    0.031713   -0.122147
 44   42.465073    0.000000   -0.000007   -0.003682   -0.011452   -0.030711
 45   42.458084    0.000000    0.000002   -0.009808    0.000580   -0.074759
 46   42.267883   -0.000031    0.000001    0.014397    0.012220    0.110834
 47   42.505859    0.000000    0.000004    0.046461    0.038120    0.409567
 48   42.233032   -0.000015   -0.000006    0.024864    0.051360    0.369641
 49   42.352203   -0.000046    0.000008    0.003909    0.044121    0.308610
 50   42.391663   -0.000031    0.000008   -0.011384    0.047267    0.364310
 51   42.497620    0.000031   -0.000015   -0.020960    0.031714    0.274254
 52   42.272614    0.000031   -0.000004   -0.018842    0.016287    0.177974
 53   12.149868   50.706921  -87.316322   -1.377055    0.340765    0.544326
 54   42.375076   -0.000015    0.000011   -0.039870    0.052317    0.052722
 55   42.546051    0.000038    0.000010   -0.044437    0.091903   -0.001274
 56   42.234512   -0.000031   -0.000008   -0.021315    0.018598    0.087275
 57   42.464996    0.000023    0.000015   -0.054139   -0.220693    0.404527
 58   42.458069    0.000023    0.000008   -0.052850   -0.149205    0.277393
 59   42.268005   -0.000107   -0.000023   -0.061806   -0.190836    0.286150
 60   42.505905    0.000076   -0.000031   -0.095912   -0.288787    0.421042
 61   42.233124   -0.000031   -0.000015   -0.001183   -0.080267    0.093811
 62   42.352295    0.000031   -0.000046    0.001908    0.108025   -0.183057
 63   42.391785    0.000031   -0.000076   -0.015452    0.120383   -0.219680
 64   42.497650    0.000031   -0.000061   -0.017511    0.100431   -0.192339
 65   42.272736    0.000023   -0.000023   -0.008850    0.042776   -0.079767
 66   24.506218  -56.044857 -100.288841   -0.063153    0.378662   -0.715184
 67   42.375084    0.000002    0.000000    0.158959   -0.023996    0.286434
 68   42.546066    0.000004    0.000008    0.071778   -0.046558    0.188353
 69   42.234467    0.000046   -0.000008    0.020117    0.110563   -0.102010
 70   42.465027   -0.000031   -0.000004   -0.051226    0.278210   -0.395625
 71   42.458069    0.000023   -0.000015   -0.002190    0.168820   -0.220952
 72   42.267883   -0.000069    0.000015   -0.003950    0.155790   -0.203640
 73   42.505920    0.000046    0.000000   -0.055910    0.311055   -0.432204
 74   42.233170    0.000000    0.000000   -0.030546    0.256146   -0.356206
 75   42.352203   -0.000061    0.000000    0.004128    0.053667   -0.080446
 76   42.391800    0.000000    0.000015   -0.003315   -0.073186    0.078052
 77   42.497498    0.000031    0.000031   -0.016690   -0.179943    0.167812
 78   42.272675    0.000000    0.000015   -0.017052   -0.362019    0.309054
 79   29.239300 -106.786224    1.740905   -0.000013   -0.220343   -2.165202
 80   42.375092    0.000000   -0.000004    0.081980    0.032188    0.378051
 81   42.546082   -0.000008    0.000006    0.066582    0.089532    0.397102
 82   42.234497   -0.000017    0.000000    0.017665    0.027136    0.256623
 83   42.465042   -0.000015   -0.000002    0.008463   -0.063348    0.211168
 84   42.458115    0.000000    0.000016    0.017702   -0.031323    0.172119
 85   42.267944    0.000015   -0.000006   -0.006956    0.012670   -0.052331
 86   42.505920   -0.000015    0.000020   -0.043917    0.071208   -0.376585
 87   42.233093   -0.000046   -0.000012   -0.016253    0.093099   -0.417571
 88   42.352264   -0.000046    0.000000    0.033222    0.134851   -0.617050
 89   42.391785    0.000031    0.000000    0.101502    0.085263   -0.579700
 90   42.497643    0.000000   -0.000006    0.057008    0.006401   -0.239364
 91   42.272472    0.000000    0.000015    0.026503   -0.003407   -0.110832
time 8
  0    0.000000    0.000000    0.000000    0.000000   -0.000000    0.000000
  1    0.000000    0.000000    0.000000    0.000000   -0.000000    0.000000
  2    0.000000   17.868523   17.766676   -0.009059   -1.385025    1.579675
  3   50.309204   -0.435479    0.000003   -0.000017   -0.000768    0.201101
  4   30.891541   -0.000012    0.000002    0.000017   -0.039531    0.045352
  5   34.635605    0.000006    0.000006   -0.000000   -0.112678   -0.074734
  6   30.584290    0.000019   -0.000004   -0.000000   -0.185385   -0.198330
  7   31.520187    0.000000    0.000008   -0.000000   -0.208869   -0.088176
  8   34.241180  -28.000027  -41.877998    0.810233    0.915384   -0.619955
  9   34.241119   23.441799  -41.878105   -0.665404    0.865509    0.380239
 10   35.246704  -52.543079    1.319145   -0.171382    0.300567   -0.850395
 11   35.246552   52.726311    1.318932    0.254691    0.234850    0.520044
 12   34.830017  -24.891922   45.588615   -1.011308   -0.237659   -0.516902
 13   34.885788   27.636589   43.767826    1.112821   -0.271111    0.138921
 14   29.239317  -51.573353   94.292969   -1.502208   -2.560968    0.602539
 15   42.375080    0.000000    0.000008   -0.122760    0.112437    0.149381
 16   42.546097    0.000050   -0.000004   -0.059767    0.144504    0.253774
 17   42.234512    0.000021    0.000008    0.002519    0.173733    0.370389
 18   42.464996    0.000027    0.000006    0.005684    0.064247    0.210720
 19   42.458069   -0.000053    0.000010   -0.006006    0.012668    0.114078
 20   42.267929    0.000038   -0.000023   -0.001278    0.025983    0.053791
 21   42.505829    0.000015   -0.000002    0.008966    0.050817    0.023006
 22   42.233124    0.000046   -0.000011    0.029717    0.113964    0.080482
 23   42.352264    0.000076   -0.000023    0.009533    0.091041    0.049738
 24   42.391693   -0.000031   -0.000015    0.002403   -0.014548   -0.294582
 25   42.497498    0.000061    0.000023    0.198946   -0.046344   -0.732850
 26   42.272827    0.000061    0.000000    0.280245   -0.101235   -0.492064
 27   29.239328   55.382626   92.214973   -0.324276   -0.675172    2.582308
 28   42.375065    0.000000   -0.000004    0.058666   -0.122363   -0.136202
 29   42.546089   -0.000023    0.000011    0.042510   -0.158530   -0.140389
 30   42.234467    0.000042   -0.000008    0.020105   -0.191067   -0.167765
 31   42.465057   -0.000076    0.000023    0.015224   -0.258060   -0.398277
 32   42.458069   -0.000031    0.000015    0.022652   -0.207675   -0.323015
 33   42.267929   -0.000031   -0.000015    0.014191   -0.014093   -0.037084
 34   42.506073    0.000076   -0.000015    0.020533    0.128866    0.140215
 35   42.233124   -0.000023    0.000015    0.043267    0.257292    0.295572
 36   42.352295   -0.000122    0.000023    0.015938    0.156078    0.163797
 37   42.391754    0.000046    0.000015    0.018121    0.178710    0.166925
 38   42.497711    0.000015    0.000031    0.024651    0.349397    0.324382
 39   42.272614    0.000122    0.000031   -0.005580    0.346621    0.354696
 40   29.239344  106.746643    1.740839    0.000024   -0.314140    2.024914
 41   42.375069    0.000000    0.000004   -0.182989   -0.017344   -0.602710
 42   42.546112    0.000015    0.000011   -0.132951    0.085094   -0.504408
 43   42.234467    0.000015   -0.000003   -0.025037    0.033940   -0.161522
 44   42.465088    0.000008   -0.000008   -0.010271   -0.016058   -0.085681
 45   42.458084    0.000031    0.000000   -0.018152   -0.003727   -0.134159
 46   42.267975    0.000000   -0.000002    0.010851    0.008299    0.078685
 47   42.505981    0.000000    0.000004    0.046527    0.024544    0.369301
 48   42.233124    0.000015   -0.000006    0.030143    0.037092    0.321471
 49   42.352234   -0.000008    0.000010    0.014139    0.035867    0.267912
 50   42.391693    0.000015   -0.000008    0.006257    0.054690    0.410594
 51   42.497681    0.000000    0.000000   -0.014652    0.048317    0.370574
 52   42.272736    0.000000    0.000011   -0.019541    0.025016    0.228438
 53   16.418139   50.706909  -89.213455   -1.357895    0.340942    0.582101
 54   42.375107   -0.000008   -0.000013   -0.042996    0.067094    0.043828
 55   42.546082    0.000023    0.000015   -0.046595    0.107565   -0.002571
 56   42.234512   -0.000046    0.000004   -0.021955    0.036735    0.079217
 57   42.465027    0.000046   -0.000004   -0.047081   -0.201350    0.360965
 58   42.458038    0.000053    0.000008   -0.047576   -0.136965    0.253350
 59   42.268036   -0.000053   -0.000015   -0.058644   -0.180599    0.282911
 60   42.505920    0.000122    0.000008   -0.085596   -0.254148    0.393864
 61   42.233231   -0.000061   -0.000031   -0.001314   -0.079449    0.082016
 62   42.352295    0.000000   -0.000061    0.004265    0.042169   -0.135564
 63   42.391724    0.000000   -0.000015   -0.007343    0.001459   -0.082049
 64   42.497620    0.000046   -0.000046   -0.005725   -0.005061   -0.062253
 65   42.272766   -0.000015   -0.000031   -0.004042   -0.001483   -0.019611
 66   27.874865  -56.044888 -100.343918   -0.058786    0.355023   -0.717890
 67   42.375076   -0.000013   -0.000015    0.163978   -0.023119    0.301466
 68   42.546082   -0.000004    0.000031    0.072747   -0.045940    0.200185
 69   42.234467    0.000031    0.000000    0.021831    0.103830   -0.092553
 70   42.464966   -0.000053    0.000015   -0.047925    0.266765   -0.389190
 71   42.458099    0.000038   -0.000015   -0.004291    0.167571   -0.226564
 72   42.267914   -0.000069   -0.000031   -0.001939    0.134044   -0.176585
 73   42.505951    0.000076   -0.000015   -0.047756    0.275894   -0.377220
 74   42.233063    0.000031   -0.000015   -0.048407    0.298179   -0.414229
 75   42.352135    0.000000    0.000046    0.003878    0.074370   -0.109578
 76   42.391762    0.000031   -0.000031    0.001170   -0.051787    0.042748
 77   42.497498    0.000061    0.000031    0.003311   -0.020838   -0.023979
 78   42.272629   -0.000031   -0.000031    0.001595    0.001847   -0.073861
 79   29.239309 -106.786278    1.740905   -0.000026   -0.217049   -2.056631
 80   42.375076    0.000000   -0.000006    0.054926    0.028410    0.253437
 81   42.546021   -0.000004    0.000004    0.059042    0.074492    0.331140
 82   42.234512   -0.000002   -0.000003    0.030250    0.059007    0.316433
 83   42.465088   -0.000023    0.000002    0.008158   -0.065553    0.245097
 84   42.458038   -0.000031    0.000010    0.020429   -0.041474    0.208299
 85   42.267914    0.000000   -0.000010   -0.004101    0.009599   -0.029711
 86   42.505951    0.000015    0.000017   -0.042942    0.065753   -0.343308
 87   42.233093   -0.000015    0.000002   -0.021518    0.091760   -0.405531
 88   42.352325   -0.000023    0.000000    0.024040    0.137775   -0.605315
 89   42.391785    0.000000    0.000008    0.101655    0.100111   -0.613943
 90   42.497566    0.000031   -0.000015    0.061058    0.009618   -0.251987
 91   42.272530    0.000031    0.000033    0.027952   -0.002693   -0.113692
time 9
  0    0.000000    0.000000    0.000000    0.000000   -0.000000    0.000000
  1    0.000000    0.000000    0.000000    0.000000   -0.000000    0.000000
  2    0.000000   18.906427   11.037267   -0.008073   -1.385259    1.578691
  3   50.309212   -0.435479    0.000004   -0.000017   -0.000096    0.272671
  4   30.891552   -0.000015    0.000004    0.000017   -0.011352    0.077952
  5   34.635590    0.000006   -0.000004   -0.000000   -0.033291   -0.103336
  6   30.584274    0.000019   -0.000004   -0.000000   -0.054773   -0.274234
  7   31.520203   -0.000002    0.000004   -0.000000   -0.061711   -0.121922
  8   34.241196  -28.000031  -41.878002    0.754799    0.963879   -0.744818
  9   34.241104   23.441803  -41.878094   -0.638128    0.942437    0.339241
 10   35.246689  -52.543083    1.319138   -0.234803    0.338139   -0.934303
 11   35.246552   52.726303    1.318924    0.281458    0.306934    0.433209
 12   34.830017  -24.891920   45.588612   -1.058854   -0.177794   -0.560687
 13   34.885773   27.636581   43.767822    1.112745   -0.192693    0.022680
 14   29.239302  -51.573334   94.292923   -1.563394   -2.484463    0.684533
 15   42.375072    0.000000    0.000000   -0.120749    0.090105    0.121878
 16   42.546104    0.000023    0.000008   -0.064834    0.104816    0.176145
 17   42.234482    0.000011   -0.000004   -0.025563    0.123667    0.244412
 18   42.465012    0.000012   -0.000003   -0.003741    0.030765    0.240067
 19   42.458054   -0.000069   -0.000004   -0.009486   -0.032251    0.129490
 20   42.267914    0.000023    0.000010    0.014016    0.055654    0.094954
 21   42.505920    0.000031   -0.000004    0.046519    0.165176    0.125739
 22   42.233185    0.000015   -0.000008    0.062839    0.218228    0.208271
 23   42.352295    0.000046    0.000061    0.007255    0.092329    0.056140
 24   42.391724    0.000031    0.000061   -0.003901   -0.005992   -0.132788
 25   42.497528    0.000092    0.000046    0.076541   -0.081324   -0.464602
 26   42.272827    0.000061   -0.000076    0.242485   -0.080225   -0.639979
 27   29.239328   55.382607   92.214951   -0.285422   -0.737502    2.527435
 28   42.375061    0.000015   -0.000015    0.056081   -0.121399   -0.133566
 29   42.546120   -0.000015    0.000019    0.038298   -0.132036   -0.111169
 30   42.234451    0.000050   -0.000009    0.019161   -0.142926   -0.120398
 31   42.464981   -0.000065    0.000006    0.019376   -0.275879   -0.404345
 32   42.458084   -0.000031   -0.000008    0.030288   -0.258797   -0.392654
 33   42.267899   -0.000031    0.000000    0.012490   -0.030314   -0.058493
 34   42.506027    0.000031   -0.000015    0.018810    0.117208    0.128163
 35   42.233093   -0.000061   -0.000023    0.046580    0.255517    0.299376
 36   42.352142   -0.000145   -0.000008    0.016625    0.145112    0.155853
 37   42.391693    0.000046   -0.000015    0.016956    0.142131    0.133910
 38   42.497620   -0.000023   -0.000023    0.021131    0.289292    0.254430
 39   42.272552    0.000061    0.000000    0.009439    0.385697    0.375654
 40   29.239347  106.746590    1.740842    0.000041   -0.331090    2.019942
 41   42.375053   -0.000008   -0.000004   -0.187492   -0.009421   -0.582882
 42   42.546082    0.000000   -0.000008   -0.129730    0.096075   -0.473411
 43   42.234436   -0.000015   -0.000006   -0.029197    0.036429   -0.186696
 44   42.465027    0.000023   -0.000007   -0.016483   -0.020516   -0.139537
 45   42.458084    0.000031   -0.000010   -0.026644   -0.008004   -0.194277
 46   42.267899    0.000015    0.000002    0.006284    0.005603    0.043866
 47   42.505920    0.000000   -0.000001    0.046023    0.014770    0.342053
 48   42.233093    0.000000   -0.000010    0.036441    0.029895    0.325016
 49   42.352295   -0.000031    0.000006    0.017707    0.027553    0.228545
 50   42.391602    0.000031   -0.000006    0.017168    0.044778    0.361443
 51   42.497559    0.000000   -0.000008    0.000284    0.057423    0.437029
 52   42.272675    0.000000    0.000015   -0.015993    0.035034    0.284387
 53   20.485682   50.706894  -90.802887   -1.337868    0.346024    0.617742
 54   42.375099   -0.000008   -0.000005   -0.047922    0.079901    0.030464
 55   42.546082    0.000015    0.000006   -0.049860    0.121753   -0.008550
 56   42.234528   -0.000031   -0.000008   -0.023423    0.059464    0.063907
 57   42.465012    0.000046    0.000000   -0.039859   -0.179688    0.317006
 58   42.458069    0.000038   -0.000004   -0.041825   -0.120863    0.224328
 59   42.267975   -0.000084    0.000008   -0.049106   -0.157506    0.251867
 60   42.505859    0.000092    0.000015   -0.070100   -0.221081    0.356774
 61   42.233124    0.000000    0.000015   -0.008213   -0.115993    0.113970
 62   42.352264    0.000000   -0.000015   -0.000791   -0.065242   -0.009883
 63   42.391663    0.000092   -0.000031   -0.008584   -0.084713    0.043448
 64   42.497559    0.000000   -0.000046   -0.002235   -0.059599    0.030435
 65   42.272797    0.000000   -0.000061   -0.002237   -0.013809    0.007019
 66   31.719275  -56.044842 -100.364243   -0.051411    0.330898   -0.716364
 67   42.375076    0.000000    0.000015    0.167432   -0.018254    0.307880
 68   42.546082   -0.000008    0.000015    0.074033   -0.044659    0.211214
 69   42.234482    0.000023   -0.000008    0.023597    0.095957   -0.080031
 70   42.464996   -0.000031    0.000023   -0.043089    0.252770   -0.376199
 71   42.458069    0.000015   -0.000038   -0.006758    0.168605   -0.234811
 72   42.267883   -0.000069   -0.000015   -0.000326    0.116062   -0.154727
 73   42.506012    0.000076   -0.000008   -0.036000    0.227191   -0.306457
 74   42.233124    0.000000    0.000000   -0.065869    0.325881   -0.453289
 75   42.352142   -0.000031    0.000061    0.001352    0.110863   -0.160641
 76   42.391777    0.000000    0.000000    0.006852    0.000948   -0.031804
 77   42.497520    0.000031   -0.000031    0.003424    0.061203   -0.115399
 78   42.272667    0.000031    0.000000    0.001139    0.062893   -0.116003
 79   29.239309 -106.786217    1.740902   -0.000044   -0.219992   -1.955884
 80   42.375099    0.000000   -0.000004    0.039152    0.026260    0.177053
 81   42.546082   -0.000011   -0.000004    0.047683    0.060775    0.252832
 82   42.234558   -0.000024    0.000002    0.039515    0.087180    0.326561
 83   42.465057   -0.000019    0.000006    0.008629   -0.062337    0.293253
 84   42.458054   -0.000061    0.000003    0.022073   -0.052750    0.243432
 85   42.267899   -0.000061    0.000002   -0.001057    0.006704   -0.007466
 86   42.505951    0.000000    0.000017   -0.040399    0.059980   -0.306068
 87   42.233063   -0.000046   -0.000013   -0.025665    0.089175   -0.387465
 88   42.352295   -0.000023    0.000011    0.014216    0.134084   -0.565163
 89   42.391724   -0.000031    0.000008    0.096335    0.117399   -0.643978
 90   42.497543    0.000031   -0.000019    0.067466    0.015899   -0.276694
 91   42.272476    0.000000    0.000013    0.030004   -0.001369   -0.118819
time 10
  0    0.000000    0.000000    0.000000    0.000000   -0.000000    0.000000
  1    0.000000    0.000000    0.000000    0.000000   -0.000000    0.000000
  2    0.000000   19.805616    3.714092   -0.006816   -1.385557    1.577433
  3   50.309196   -0.435479    0.000006   -0.000017   -0.000000    0.302684
  4   30.891533   -0.000013    0.000000    0.000017    0.000000    0.108421
  5   34.635590    0.000004    0.000000   -0.000000   -0.000000   -0.115330
  6   30.584282    0.000013    0.000000   -0.000000    0.000000   -0.306065
  7   31.520187    0.000000    0.000000   -0.000000    0.000000   -0.136073
  8   34.241180  -28.000023  -41.877987    0.702179    0.993294   -0.907007
  9   34.241104   23.441784  -41.878078   -0.621584    0.989098    0.241476
 10   35.246689  -52.543068    1.319138   -0.277970    0.360928   -1.059855
 11   35.246536   52.726299    1.318928    0.297693    0.351729    0.322997
 12   34.830017  -24.891922   45.588596   -1.081914   -0.141483   -0.665096
 13   34.885757   27.636578   43.767811    1.112214   -0.145127   -0.094741
 14   29.239321  -51.573299   94.292915    1.512633   -0.726590   -2.372856
 15   42.375053    0.000000    0.000000   -0.118948    0.078553    0.098128
 16   42.546043    0.000015    0.000008   -0.066484    0.091698    0.126610
 17   42.234467    0.000008    0.000019   -0.037544    0.105779    0.165111
 18   42.464981    0.000015    0.000009   -0.020504   -0.037278    0.211223
 19   42.458099   -0.000031    0.000008   -0.024887   -0.116365    0.103486
 20   42.267944    0.000046    0.000000    0.037816    0.082937    0.149322
 21   42.505890    0.000031    0.000004    0.118925    0.289541    0.273297
 22   42.233246    0.000015    0.000023    0.074272    0.248425    0.245897
 23   42.352264    0.000122    0.000031    0.005510    0.077879    0.048774
 24   42.391785    0.000000    0.000015   -0.005865    0.005457   -0.066342
 25   42.497467    0.000031    0.000061    0.035112   -0.087540   -0.329121
 26   42.272766    0.000107    0.000031    0.147294   -0.083076   -0.560601
 27   29.239332   55.382610   92.214958   -0.230453   -0.807999    2.452543
 28   42.375057    0.000000   -0.000017    0.052621   -0.114008   -0.122388
 29   42.546066   -0.000023    0.000015    0.035550   -0.101991   -0.077314
 30   42.234482    0.000069    0.000001    0.019932   -0.102747   -0.080856
 31   42.465012   -0.000053    0.000022    0.020364   -0.275471   -0.391178
 32   42.458069   -0.000038    0.000000    0.040165   -0.301413   -0.451276
 33   42.267883   -0.000092    0.000015    0.011188   -0.045377   -0.078718
 34   42.506012    0.000015    0.000015    0.018049    0.112173    0.123063
 35   42.233063   -0.000076   -0.000015    0.054289    0.269949    0.321441
 36   42.352234   -0.000130    0.000023    0.019112    0.152962    0.166902
 37   42.391632    0.000015    0.000008    0.014445    0.114750    0.106730
 38   42.497559   -0.000038    0.000000    0.009818    0.195691    0.152107
 39   42.272644    0.000137    0.000031    0.010584    0.379445    0.335188
 40   29.239351  106.746628    1.740843    0.000063   -0.355232    1.981126
 41   42.375069   -0.000008   -0.000004   -0.188863    0.010261   -0.543262
 42   42.546112   -0.000002    0.000004   -0.119744    0.111102   -0.422131
 43   42.234421    0.000008   -0.000006   -0.031591    0.038898   -0.203941
 44   42.465042    0.000000   -0.000006   -0.021920   -0.026210   -0.192992
 45   42.458084   -0.000015   -0.000002   -0.032268   -0.010915   -0.235053
 46   42.267914    0.000000    0.000006    0.001607    0.003959    0.011038
 47   42.505829    0.000015    0.000007    0.041427    0.008282    0.297430
 48   42.233154    0.000015   -0.000017    0.046609    0.027470    0.377623
 49   42.352203   -0.000015    0.000004    0.021206    0.026310    0.238160
 50   42.391724   -0.000031    0.000000    0.018743    0.034239    0.312364
 51   42.497620    0.000000   -0.000011    0.009437    0.048664    0.406809
 52   42.272675   -0.000031    0.000004   -0.007805    0.036831    0.295621
 53   23.251719   50.706882  -91.469460   -1.322137    0.355203    0.642286
 54   42.375069    0.000000   -0.000007   -0.053613    0.087610    0.014416
 55   42.546036    0.000023    0.000000   -0.054026    0.130709   -0.019891
 56   42.234528   -0.000031   -0.000004   -0.026127    0.083065    0.042189
 57   42.464996    0.000046   -0.000004   -0.033475   -0.158924    0.281505
 58   42.458099    0.000053    0.000004   -0.036885   -0.104399    0.196740
 59   42.267944   -0.000061    0.000000   -0.039159   -0.131480    0.211736
 60   42.505859    0.000122    0.000000   -0.054240   -0.191024    0.317142
 61   42.233154   -0.000061   -0.000015   -0.023733   -0.170842    0.188056
 62   42.352356    0.000000   -0.000031   -0.014368   -0.153506    0.106403
 63   42.391693    0.000031   -0.000046   -0.012692   -0.125580    0.107751
 64   42.497681    0.000061   -0.000031   -0.002836   -0.077993    0.065856
 65   42.272705   -0.000031    0.000000   -0.002043   -0.017851    0.015027
 66   35.536587  -56.044846 -100.367126   -0.041493    0.307874   -0.710420
 67   42.375069   -0.000001   -0.000008    0.168491   -0.009214    0.303839
 68   42.546082    0.000000   -0.000008    0.075672   -0.042281    0.219771
 69   42.234436    0.000015    0.000008    0.025226    0.087718   -0.065058
 70   42.464996   -0.000038   -0.000004   -0.036920    0.236490   -0.355812
 71   42.458069    0.000023   -0.000023   -0.008737    0.169661   -0.241601
 72   42.267944   -0.000061   -0.000023    0.000659    0.104150   -0.140469
 73   42.505951    0.000038   -0.000015   -0.026240    0.181847   -0.244018
 74   42.233185    0.000000    0.000000   -0.072001    0.324654   -0.449292
 75   42.352203    0.000000    0.000000   -0.007125    0.166231   -0.237633
 76   42.391800    0.000061    0.000000    0.007378    0.066228   -0.120239
 77   42.497482    0.000092   -0.000031    0.002106    0.089019   -0.143827
 78   42.272667    0.000031    0.000092    0.002016    0.070619   -0.115277
 79   29.239302 -106.786201    1.740904   -0.000068   -0.236777   -1.877152
 80   42.375061   -0.000015   -0.000011    0.034283    0.031748    0.143625
 81   42.546005   -0.000008    0.000011    0.039910    0.063116    0.197809
 82   42.234543    0.000003   -0.000010    0.036041    0.107544    0.270007
 83   42.465012   -0.000004   -0.000000    0.007753   -0.060070    0.342099
 84   42.458069   -0.000015    0.000000    0.023318   -0.064217    0.286536
 85   42.267929    0.000000   -0.000013    0.002769    0.003257    0.019296
 86   42.505951   -0.000076    0.000017   -0.034625    0.051627   -0.251043
 87   42.233063    0.000000   -0.000008   -0.028565    0.083363   -0.350164
 88   42.352264   -0.000015   -0.000015    0.002454    0.125320   -0.505905
 89   42.391693   -0.000015    0.000008    0.083911    0.138419   -0.681284
 90   42.497574    0.000061   -0.000008    0.076221    0.026750   -0.317324
 91   42.272476    0.000031    0.000027    0.033094    0.000644   -0.128349
time 11
  0    0.000000    0.000000    0.000000    0.000000   -0.000000    0.000000
  1    0.000000    0.000000    0.000000    0.000000   -0.000000    0.000000
  2    0.000000   20.558455   -3.609086   -0.005291   -1.385919    1.575909
  3   50.309212   -0.435479    0.000004   -0.000017    0.000000    0.281251
  4   30.891544   -0.000011    0.000002    0.000017    0.000000    0.142212
  5   34.635597    0.000006    0.000002   -0.000000    0.000000   -0.074530
  6   30.584282    0.000021    0.000000   -0.000000    0.000000   -0.245428
  7   31.520203    0.000000    0.000004   -0.000000   -0.000000   -0.095535
  8   34.241180  -28.000029  -41.878017    0.654939    1.008399   -1.069138
  9   34.241135   23.441807  -41.878113   -0.613088    1.013059    0.124789
 10   35.246704  -52.543091    1.319138   -0.304421    0.372631   -1.192416
 11   35.246536   52.726318    1.318920    0.306031    0.375712    0.213922
 12   34.830017  -24.891924   45.588608   -1.091794   -0.122837   -0.789714
 13   34.885773   27.636581   43.767822    1.110773   -0.120702   -0.197825
 14   29.239319  -51.573357   94.292931    1.451472   -0.800939   -2.298019
 15   42.375084    0.000000    0.000004   -0.116510    0.081313    0.069164
 16   42.546089    0.000031    0.000019   -0.067794    0.102886    0.084910
 17   42.234482    0.000019    0.000011   -0.046948    0.127017    0.104801
 18   42.465012    0.000018    0.000027   -0.031558   -0.103029    0.164779
 19   42.458115   -0.000046    0.000011   -0.038973   -0.214428    0.063717
 20   42.267944    0.000046    0.000000    0.034661    0.044599    0.160225
 21   42.505859   -0.000015   -0.000015    0.182099    0.315630    0.378273
 22   42.233154    0.000000    0.000015    0.107052    0.271139    0.290063
 23   42.352325    0.000031    0.000015    0.010127    0.074905    0.055218
 24   42.391693   -0.000061   -0.000046   -0.008625   -0.009544   -0.057448
 25   42.497559    0.000031    0.000031    0.005762   -0.117018   -0.268167
 26   42.272888    0.000061   -0.000015    0.053670   -0.120116   -0.437382
 27   29.239326   55.382622   92.214981   -0.159007   -0.878762    2.359033
 28   42.375076    0.000023   -0.000004    0.049148   -0.100889   -0.104076
 29   42.546120   -0.000023    0.000012    0.034605   -0.075319   -0.047890
 30   42.234451    0.000053   -0.000008    0.021491   -0.071543   -0.050105
 31   42.465012   -0.000061    0.000003    0.015494   -0.240007   -0.335767
 32   42.458069   -0.000038    0.000000    0.045174   -0.314326   -0.468390
 33   42.267899   -0.000061   -0.000015    0.010396   -0.063819   -0.103733
 34   42.506027    0.000061    0.000000    0.016564    0.107618    0.117313
 35   42.233093   -0.000031   -0.000015    0.048543    0.257660    0.305595
 36   42.352295   -0.000092    0.000000    0.016117    0.141913    0.149705
 37   42.391663    0.000023    0.000023    0.008664    0.064674    0.034567
 38   42.497559    0.000000   -0.000015    0.000671    0.107261    0.013911
 39   42.272614    0.000137    0.000015   -0.025109    0.295430    0.129100
 40   29.239349  106.746620    1.740845    0.000089   -0.381125    1.918404
 41   42.375069    0.000000   -0.000008   -0.180148    0.038885   -0.478522
 42   42.546097   -0.000010    0.000008   -0.104951    0.127497   -0.360221
 43   42.234467    0.000008   -0.000004   -0.032956    0.042190   -0.218526
 44   42.465088    0.000015   -0.000008   -0.026260   -0.033291   -0.248668
 45   42.458038    0.000000   -0.000005   -0.033721   -0.010852   -0.248914
 46   42.267914    0.000031    0.000001   -0.000427    0.002809   -0.002979
 47   42.505859    0.000015    0.000009    0.035557    0.003787    0.255864
 48   42.233124   -0.000015   -0.000013    0.047633    0.021049    0.369980
 49   42.352295    0.000031    0.000006    0.027055    0.024411    0.269647
 50   42.391632    0.000008   -0.000011    0.024763    0.029946    0.344148
 51   42.497589    0.000000   -0.000023    0.014224    0.040120    0.371586
 52   42.272705    0.000000    0.000008   -0.000926    0.031348    0.261522
 53   24.953159   50.706909  -91.469452   -1.303097    0.372009    0.668440
 54   42.375107    0.000008   -0.000027   -0.061617    0.098444   -0.006899
 55   42.546097    0.000031    0.000019   -0.060732    0.142271   -0.040729
 56   42.234543   -0.000031   -0.000004   -0.030332    0.103865    0.014681
 57   42.465027    0.000046    0.000015   -0.027467   -0.137208    0.247089
 58   42.458069    0.000046   -0.000015   -0.032690   -0.088798    0.171442
 59   42.268005   -0.000092   -0.000008   -0.033619   -0.117310    0.190244
 60   42.505920    0.000099    0.000000   -0.047203   -0.181296    0.303513
 61   42.233185   -0.000061    0.000015   -0.032930   -0.190015    0.234380
 62   42.352264    0.000061   -0.000015   -0.028618   -0.208852    0.177371
 63   42.391769    0.000031   -0.000015   -0.017549   -0.160137    0.151006
 64   42.497589    0.000000   -0.000061   -0.003543   -0.099706    0.092784
 65   42.272766   -0.000061   -0.000092   -0.001584   -0.026018    0.024156
 66   40.155052  -56.044865  -99.686508   -0.043272    0.304534   -0.714538
 67   42.375099    0.000001    0.000000    0.169695   -0.010315    0.304139
 68   42.546112    0.000008    0.000000    0.076663   -0.041713    0.226549
 69   42.234436    0.000031   -0.000015    0.026660    0.079808   -0.052121
 70   42.465027   -0.000031    0.000031   -0.029653    0.216681   -0.330781
 71   42.458069    0.000046   -0.000015   -0.008754    0.163574   -0.239100
 72   42.267883   -0.000046   -0.000046    0.000935    0.095901   -0.131115
 73   42.505981    0.000092   -0.000015   -0.021382    0.152446   -0.203972
 74   42.233124    0.000000   -0.000031   -0.067136    0.301509   -0.409448
 75   42.352234   -0.000031   -0.000031   -0.021064    0.218500   -0.311417
 76   42.391800    0.000031   -0.000031    0.001471    0.126178   -0.205699
 77   42.497536    0.000061    0.000000    0.000057    0.106444   -0.166345
 78   42.272675   -0.000031    0.000000    0.001904    0.071609   -0.113326
 79   29.239307 -106.786240    1.740904   -0.000096   -0.263452   -1.806177
 80   42.375099    0.000000   -0.000015    0.032950    0.044039    0.123840
 81   42.546021    0.000000    0.000008    0.033644    0.077410    0.155140
 82   42.234497    0.000001   -0.000011    0.026686    0.123444    0.196165
 83   42.465118   -0.000011    0.000011    0.003958   -0.060105    0.358690
 84   42.458054    0.000000    0.000003    0.021282   -0.070328    0.303425
 85   42.267975   -0.000031    0.000004    0.006865    0.000270    0.049571
 86   42.505890    0.000031    0.000023   -0.018853    0.040620   -0.137608
 87   42.233032    0.000031    0.000002   -0.012712    0.056165   -0.133846
 88   42.352325    0.000000    0.000004   -0.018532    0.120299   -0.502521
 89   42.391754    0.000015    0.000000    0.056725    0.137567   -0.696776
 90   42.497620    0.000000   -0.000031    0.060755    0.034087   -0.296657
 91   42.272461   -0.000061    0.000019    0.026489    0.005719   -0.113920
time 12
  0    0.000000    0.000000    0.000000    0.000000   -0.000000    0.000000
  1    0.000000    0.000000    0.000000    0.000000   -0.000000    0.000000
  2    0.000000   21.157290  -10.338489   -0.003502   -1.386343    1.574119
  3   50.309216   -0.435479    0.000004   -0.000017    0.000000    0.226897
  4   30.891541   -0.000010    0.000000    0.000017    0.000000    0.182734
  5   34.635590    0.000010   -0.000002   -0.000000    0.000000    0.022763
  6   30.584297    0.000019    0.000000   -0.000000   -0.000000   -0.100833
  7   31.520187   -0.000002    0.000000   -0.000000    0.000000    0.002064
  8   34.241196  -28.000031  -41.878006    0.615642    1.013964   -1.193830
  9   34.241119   23.441799  -41.878090   -0.609958    1.021886    0.027025
 10   35.246719  -52.543076    1.319139   -0.317697    0.376943   -1.297352
 11   35.246552   52.726303    1.318928    0.309102    0.385353    0.130499
 12   34.830032  -24.891914   45.588608   -1.099800   -0.115967   -0.894123
 13   34.885773   27.636585   43.767822    1.107968   -0.111703   -0.271055
 14   29.239319  -51.573357   94.292961    1.396338   -0.886447   -2.232107
 15   42.375092    0.000000   -0.000004   -0.113637    0.089848    0.027930
 16   42.546097    0.000034    0.000008   -0.068612    0.118723    0.035626
 17   42.234482    0.000006    0.000021   -0.057770    0.173390    0.037177
 18   42.465027    0.000002   -0.000004   -0.030569   -0.123117    0.120980
 19   42.458069   -0.000059    0.000010   -0.034657   -0.289753    0.050346
 20   42.267944    0.000050    0.000023   -0.000999   -0.053197    0.111413
 21   42.505920    0.000008    0.000008    0.153029    0.188395    0.354552
 22   42.233185    0.000015   -0.000015    0.189101    0.261239    0.389379
 23   42.352264    0.000000    0.000053    0.035700    0.078908    0.103044
 24   42.391754   -0.000031   -0.000015   -0.021118   -0.059828   -0.039361
 25   42.497528    0.000061   -0.000008   -0.031512   -0.096744   -0.067817
 26   42.272858    0.000092    0.000008   -0.024614   -0.075809   -0.034127
 27   29.239326   55.382633   92.214958   -0.075166   -0.941486    2.253355
 28   42.375061    0.000000    0.000002    0.046503   -0.084708   -0.082499
 29   42.546097   -0.000023    0.000014    0.034714   -0.055787   -0.027895
 30   42.234482    0.000057   -0.000004    0.023194   -0.048546   -0.027578
 31   42.465073   -0.000038    0.000008    0.009792   -0.176952   -0.248360
 32   42.458115    0.000006    0.000004    0.038965   -0.281535   -0.422092
 33   42.267868   -0.000076    0.000031    0.010905   -0.092420   -0.141755
 34   42.506058    0.000092   -0.000015    0.008456    0.070567    0.074130
 35   42.233093   -0.000031    0.000015    0.013642    0.152812    0.173971
 36   42.352295   -0.000076    0.000015   -0.000244    0.017851   -0.011096
 37   42.391632    0.000076    0.000008    0.019196   -0.126476   -0.213982
 38   42.497681    0.000031   -0.000023    0.020426   -0.105731   -0.198300
 39   42.272705    0.000122   -0.000015    0.014836   -0.065785   -0.120456
 40   29.239353  106.746666    1.740841    0.000119   -0.402525    1.851027
 41   42.375069    0.000004   -0.000008   -0.160141    0.068039   -0.399159
 42   42.546097   -0.000002    0.000000   -0.088189    0.142480   -0.297250
 43   42.234482    0.000000   -0.000002   -0.033196    0.047440   -0.228330
 44   42.465057   -0.000008    0.000001   -0.028887   -0.040421   -0.305921
 45   42.458099    0.000046   -0.000001   -0.032511   -0.008434   -0.248835
 46   42.267929    0.000076    0.000003   -0.000497    0.000694   -0.003647
 47   42.505890    0.000046    0.000007    0.029950   -0.003309    0.222591
 48   42.233093    0.000000   -0.000010    0.031397    0.004808    0.233820
 49   42.352173    0.000000    0.000010    0.036982    0.011469    0.295945
 50   42.391663   -0.000015    0.000008    0.050559    0.031315    0.479992
 51   42.497681    0.000000    0.000000    0.023947    0.041307    0.372697
 52   42.272797   -0.000031    0.000008    0.004072    0.026458    0.204938
 53   26.565144   50.706905  -91.469337   -1.269050    0.400243    0.713644
 54   42.375099    0.000000   -0.000018   -0.074891    0.119634   -0.037823
 55   42.546036    0.000038    0.000023   -0.071625    0.164064   -0.072671
 56   42.234528   -0.000092   -0.000004   -0.034919    0.119569   -0.012618
 57   42.464996    0.000046    0.000000   -0.022416   -0.113546    0.206938
 58   42.458069    0.000046    0.000008   -0.028723   -0.069754    0.140165
 59   42.267914   -0.000076   -0.000015   -0.029879   -0.109489    0.178828
 60   42.505859    0.000122   -0.000008   -0.047776   -0.194898    0.317769
 61   42.233154    0.000000    0.000000   -0.033226   -0.184935    0.251525
 62   42.352356   -0.000015    0.000015   -0.039031   -0.232997    0.219100
 63   42.391754    0.000031   -0.000015   -0.025941   -0.200628    0.197164
 64   42.497559    0.000000    0.000000   -0.005810   -0.133402    0.130712
 65   42.272705   -0.000061    0.000000   -0.000902   -0.040358    0.039460
 66   45.909939  -56.044880  -98.043953   -0.065497    0.330169   -0.738167
 67   42.375092   -0.000005    0.000008    0.173008   -0.029358    0.318692
 68   42.546097    0.000000    0.000023    0.076334   -0.045194    0.234245
 69   42.234467    0.000053    0.000000    0.027847    0.072688   -0.044668
 70   42.465012   -0.000061    0.000008   -0.022127    0.194046   -0.306188
 71   42.458099    0.000038   -0.000031   -0.006075    0.146571   -0.223404
 72   42.267975   -0.000061   -0.000038    0.000942    0.087297   -0.122060
 73   42.505951    0.000038    0.000008   -0.019641    0.134532   -0.178661
 74   42.233154    0.000000   -0.000015   -0.059518    0.271878   -0.358318
 75   42.352173    0.000000    0.000015   -0.034810    0.251150   -0.359163
 76   42.391800    0.000061   -0.000031   -0.013041    0.189582   -0.303207
 77   42.497551    0.000031    0.000031   -0.005014    0.132397   -0.205065
 78   42.272713    0.000000    0.000031    0.000367    0.080323   -0.125641
 79   29.239311 -106.786285    1.740900   -0.000129   -0.287265   -1.732706
 80   42.375069    0.000000    0.000004    0.028481    0.055538    0.098008
 81   42.546066   -0.000011    0.000008    0.026213    0.089567    0.113949
 82   42.234543   -0.000005   -0.000002    0.018817    0.137506    0.135990
 83   42.465042   -0.000004    0.000000    0.000147   -0.056016    0.341315
 84   42.458084    0.000015    0.000004    0.015846   -0.070545    0.282692
 85   42.267899   -0.000015    0.000000    0.010366   -0.001915    0.082793
 86   42.505951    0.000000    0.000023    0.002326    0.028819    0.018405
 87   42.233093    0.000000   -0.000011    0.011663    0.023937    0.120041
 88   42.352264   -0.000031    0.000010   -0.028464    0.077282   -0.402730
 89   42.391724    0.000000    0.000004    0.005860    0.099778   -0.598527
 90   42.497559   -0.000015   -0.000031    0.030338    0.044143   -0.281347
 91   42.272614    0.000000    0.000015    0.018916    0.015403   -0.126850
time 13
  0    0.000000    0.000000    0.000000    0.000000   -0.000000    0.000000
  1    0.000000    0.000000    0.000000    0.000000   -0.000000    0.000000
  2    0.000000   21.594494  -15.880363   -0.001453   -1.386829    1.572071
  3   50.309219   -0.435479    0.000006   -0.000017   -0.000000    0.154537
  4   30.891544   -0.000011    0.000000    0.000017    0.000000    0.221808
  5   34.635597    0.000004    0.000002   -0.000000   -0.000000    0.138887
  6   30.584290    0.000015    0.000000   -0.000000    0.000000    0.071749
  7   31.520187   -0.000011    0.000000   -0.000000   -0.000000    0.120699
  8   34.241196  -28.000046  -41.878006    0.586856    1.014759   -1.243701
  9   34.241119   23.441803  -41.878098   -0.609511    1.023148   -0.013974
 10   35.246719  -52.543098    1.319139   -0.321336    0.377559   -1.340027
 11   35.246536   52.726303    1.318928    0.309541    0.387129    0.097243
 12   34.830048  -24.891937   45.588615   -1.117235   -0.114986   -0.937907
 13   34.885773   27.636581   43.767830    1.103342   -0.110418   -0.298913
 14   29.239326  -51.573368   94.292961    1.350086   -0.962731   -2.176136
 15   42.375076   -0.000010    0.000004   -0.112062    0.098608   -0.009517
 16   42.546104    0.000019    0.000013   -0.068599    0.129399   -0.004767
 17   42.234482    0.000023    0.000002   -0.068107    0.221670   -0.019488
 18   42.464981    0.000015    0.000008   -0.022733   -0.093723    0.071114
 19   42.458099   -0.000080   -0.000010   -0.019906   -0.330428    0.060432
 20   42.267914    0.000027   -0.000008   -0.020767   -0.135504    0.056511
 21   42.505890   -0.000040    0.000008    0.054157    0.000454    0.225303
 22   42.233124    0.000000   -0.000015    0.173557    0.059928    0.379345
 23   42.352264    0.000046    0.000008    0.132855    0.048354    0.237994
 24   42.391724   -0.000031   -0.000010    0.062786    0.029507    0.107951
 25   42.497437    0.000061   -0.000008    0.063584    0.033364    0.094751
 26   42.272705    0.000061    0.000000    0.061347    0.036879    0.083577
 27   29.239349   55.382633   92.214981    0.011887   -0.990722    2.146956
 28   42.375053   -0.000008   -0.000010    0.044979   -0.067430   -0.060127
 29   42.546089   -0.000023    0.000011    0.035261   -0.041048   -0.013547
 30   42.234451    0.000053   -0.000009    0.024675   -0.032566   -0.011966
 31   42.464981   -0.000061    0.000006    0.008618   -0.121393   -0.174309
 32   42.458069   -0.000022    0.000027    0.028302   -0.217410   -0.337285
 33   42.267883   -0.000046    0.000023    0.013639   -0.119628   -0.177785
 34   42.506012    0.000000    0.000000   -0.002592   -0.027743   -0.035559
 35   42.233093   -0.000107    0.000015   -0.014074   -0.040144   -0.051240
 36   42.352234   -0.000153    0.000015    0.000481   -0.117495   -0.182172
 37   42.391754    0.000092    0.000015    0.012958   -0.117043   -0.188496
 38   42.497650    0.000061   -0.000031    0.009195   -0.087946   -0.139118
 39   42.272614    0.000122   -0.000061    0.005323   -0.045601   -0.071342
 40   29.239353  106.746674    1.740841    0.000154   -0.419427    1.787195
 41   42.375053    0.000004    0.000004   -0.133670    0.094153   -0.317608
 42   42.546097   -0.000007    0.000008   -0.069410    0.156197   -0.231605
 43   42.234467   -0.000004   -0.000006   -0.031643    0.054681   -0.228487
 44   42.465012    0.000000   -0.000007   -0.028800   -0.046180   -0.359516
 45   42.458069    0.000031   -0.000006   -0.029809   -0.005660   -0.245014
 46   42.267914   -0.000046    0.000005   -0.001602   -0.005227   -0.012828
 47   42.505951    0.000000    0.000007    0.014570   -0.018124    0.111908
 48   42.233185    0.000031   -0.000016    0.007546   -0.015690    0.050954
 49   42.352234    0.000015    0.000002    0.060056   -0.009524    0.375480
 50   42.391724   -0.000015   -0.000010    0.095156    0.026029    0.632869
 51   42.497650    0.000000   -0.000011    0.039029    0.047233    0.387308
 52   42.272797    0.000000    0.000000    0.006158    0.019730    0.127233
 53   28.094280   50.706917  -91.469170   -1.218247    0.439873    0.777600
 54   42.375099   -0.000015   -0.000031   -0.094149    0.147503   -0.079484
 55   42.546082    0.000008    0.000013   -0.086247    0.192454   -0.113051
 56   42.234558   -0.000038    0.000000   -0.038620    0.129382   -0.034552
 57   42.464996    0.000031    0.000000   -0.019269   -0.092251    0.169845
 58   42.458099    0.000038   -0.000031   -0.025862   -0.047111    0.104074
 59   42.268005   -0.000107   -0.000004   -0.026418   -0.100761    0.165061
 60   42.505951    0.000076   -0.000023   -0.050835   -0.216963    0.341314
 61   42.233185   -0.000107   -0.000023   -0.031741   -0.181462    0.263291
 62   42.352234    0.000000    0.000015   -0.039788   -0.223105    0.226632
 63   42.391693    0.000000   -0.000031   -0.037251   -0.240158    0.242189
 64   42.497620    0.000092    0.000031   -0.010957   -0.176747    0.180039
 65   42.272675    0.000000   -0.000031   -0.000104   -0.069335    0.070386
 66   51.558826  -56.044884  -96.038788   -0.101399    0.373275   -0.774763
 67   42.375107    0.000011   -0.000008    0.176018   -0.058018    0.338852
 68   42.546097   -0.000008    0.000031    0.075131   -0.050821    0.243106
 69   42.234467    0.000015   -0.000015    0.028821    0.066184   -0.040885
 70   42.465042   -0.000015    0.000015   -0.015042    0.170397   -0.283101
 71   42.458099    0.000046   -0.000015   -0.001449    0.122234   -0.197208
 72   42.267883   -0.000053    0.000000    0.001183    0.077879   -0.112114
 73   42.505981    0.000061    0.000008   -0.019411    0.124206   -0.163325
 74   42.233215   -0.000008   -0.000015   -0.053223    0.244698   -0.313217
 75   42.352142    0.000000    0.000015   -0.043143    0.259700   -0.373750
 76   42.391800    0.000000    0.000000   -0.040535    0.257909   -0.417568
 77   42.497559    0.000031    0.000000   -0.015751    0.170022   -0.263353
 78   42.272701    0.000000    0.000000   -0.001539    0.084265   -0.130338
 79   29.239315 -106.786263    1.740910   -0.000166   -0.306276   -1.665964
 80   42.375092   -0.000006   -0.000008    0.021993    0.064902    0.070890
 81   42.546036    0.000000    0.000008    0.018543    0.099103    0.077132
 82   42.234558    0.000000    0.000002    0.012130    0.149605    0.086571
 83   42.465057   -0.000011    0.000006   -0.002784   -0.048367    0.300445
 84   42.458130    0.000031    0.000007    0.009521   -0.066920    0.243098
 85   42.267944   -0.000031    0.000008    0.013621   -0.005051    0.129454
 86   42.505981    0.000031    0.000027    0.017107    0.017416    0.156942
 87   42.233032    0.000015   -0.000014    0.015242    0.012699    0.169084
 88   42.352356    0.000031   -0.000001   -0.002207    0.025715   -0.028866
 89   42.391754    0.000000   -0.000006   -0.005066    0.040653   -0.100142
 90   42.497589    0.000031   -0.000015   -0.000676    0.048667   -0.069024
 91   42.272461    0.000031    0.000023    0.001309    0.023669   -0.033603
time 14
  0    0.000000    0.000000    0.000000    0.000000   -0.000000    0.000000
  1    0.000000    0.000000    0.000000    0.000000   -0.000000    0.000000
  2    0.000000   21.862419  -19.640909    0.000852   -1.387377    1.569767
  3   50.309223   -0.435479    0.000004   -0.000017    0.000000    0.079086
  4   30.891544   -0.000012    0.000004    0.000017    0.000000    0.251251
  5   34.635605    0.000002    0.000002   -0.000000    0.000000    0.236180
  6   30.584290    0.000015    0.000002   -0.000000   -0.000000    0.216345
  7   31.520203   -0.000015    0.000002   -0.000000    0.000000    0.224346
  8   34.241196  -28.000053  -41.878021    0.568411    0.976403   -1.077299
  9   34.241104   23.441795  -41.878105   -0.667185    1.011141    0.108402
 10   35.246719  -52.543114    1.319141   -0.321299    0.339119   -1.170580
 11   35.246506   52.726307    1.318922    0.269554    0.384855    0.252814
 12   34.830032  -24.891945   45.588631   -1.149760   -0.146215   -0.764003
 13   34.885757   27.636574   43.767830    1.065483   -0.122519   -0.122628
 14   29.239330  -51.573376   94.292953    1.314523   -1.013199   -2.132649
 15   42.375069    0.000008    0.000008   -0.111664    0.103187   -0.033196
 16   42.546097    0.000027    0.000000   -0.068118    0.132796   -0.029087
 17   42.234482    0.000013   -0.000003   -0.074785    0.252145   -0.053966
 18   42.464996    0.000008    0.000011   -0.019091   -0.046315    0.032193
 19   42.458038   -0.000046    0.000011   -0.004569   -0.335628    0.062203
 20   42.267914    0.000019   -0.000008   -0.017916   -0.167278    0.028219
 21   42.505890    0.000010    0.000023    0.003068   -0.109508    0.130108
 22   42.233185    0.000015    0.000031    0.034685   -0.170218    0.232478
 23   42.352234    0.000061    0.000015    0.082415   -0.145881    0.235094
 24   42.391785    0.000015    0.000031    0.352491    0.083429    0.310932
 25   42.497559   -0.000061   -0.000015    0.254332    0.154252    0.178949
 26   42.272842    0.000031   -0.000046    0.121818    0.092514    0.090296
 27   29.239342   55.382614   92.214996    0.083437   -1.023311    2.061485
 28   42.375076    0.000000    0.000007    0.044442   -0.052691   -0.042187
 29   42.546104   -0.000008    0.000015    0.035678   -0.032586   -0.006950
 30   42.234467    0.000061    0.000013    0.025505   -0.024027   -0.004604
 31   42.465073   -0.000053   -0.000002    0.010201   -0.075117   -0.115049
 32   42.458115   -0.000027    0.000008    0.020237   -0.130014   -0.227659
 33   42.267914   -0.000076    0.000000    0.016768   -0.124379   -0.186789
 34   42.506042   -0.000008    0.000015    0.001854   -0.158487   -0.180260
 35   42.233185   -0.000015    0.000046   -0.010892   -0.157041   -0.187900
 36   42.352264   -0.000107    0.000015    0.011343   -0.203418   -0.292578
 37   42.391708    0.000061   -0.000015    0.029597   -0.207299   -0.315369
 38   42.497665    0.000061   -0.000031    0.016170   -0.135834   -0.202064
 39   42.272659    0.000153    0.000000    0.007193   -0.067262   -0.098569
 40   29.239353  106.746620    1.740835    0.000192   -0.432688    1.734368
 41   42.375038   -0.000004    0.000008   -0.106446    0.116252   -0.244260
 42   42.546143    0.000006    0.000011   -0.049843    0.168304   -0.166126
 43   42.234467   -0.000019    0.000006   -0.027903    0.063149   -0.214861
 44   42.465103    0.000015    0.000001   -0.025340   -0.048750   -0.399844
 45   42.458130    0.000015   -0.000002   -0.026945   -0.004837   -0.250356
 46   42.267929    0.000015    0.000007   -0.005940   -0.018452   -0.053835
 47   42.505890    0.000061    0.000009   -0.009925   -0.035985   -0.076774
 48   42.233063   -0.000031   -0.000019   -0.007011   -0.022050   -0.042310
 49   42.352264    0.000000    0.000005    0.071370   -0.033202    0.388171
 50   42.391663    0.000015    0.000011    0.139581   -0.005189    0.742005
 51   42.497681    0.000000   -0.000008    0.063999    0.051131    0.423100
 52   42.272766    0.000061    0.000017    0.008308    0.016318    0.091354
 53   29.547169   50.706894  -91.468994   -1.148670    0.490375    0.860337
 54   42.375099   -0.000015   -0.000007   -0.118626    0.176309   -0.130884
 55   42.546082    0.000031    0.000002   -0.104516    0.224510   -0.160721
 56   42.234528    0.000015   -0.000008   -0.041154    0.135184   -0.050493
 57   42.465012    0.000038    0.000000   -0.017760   -0.075519    0.140919
 58   42.458069    0.000015    0.000008   -0.024596   -0.023884    0.069369
 59   42.268005   -0.000092   -0.000008   -0.023799   -0.091898    0.149540
 60   42.505890    0.000092    0.000015   -0.051650   -0.233165    0.353835
 61   42.233185   -0.000069   -0.000008   -0.030381   -0.185306    0.274187
 62   42.352234    0.000000   -0.000008   -0.034749   -0.200039    0.217823
 63   42.391724    0.000031    0.000015   -0.047080   -0.267379    0.277538
 64   42.497620    0.000061    0.000000   -0.018295   -0.216428    0.229126
 65   42.272751    0.000000   -0.000031   -0.000291   -0.095439    0.100388
 66   55.859276  -56.044876  -94.270309   -0.143579    0.422345   -0.817339
 67   42.375099    0.000002   -0.000015    0.176919   -0.087125    0.355997
 68   42.546112    0.000023    0.000008    0.073560   -0.056460    0.252974
 69   42.234482    0.000015   -0.000015    0.029630    0.060174   -0.039060
 70   42.465042   -0.000038   -0.000008   -0.008486    0.146072   -0.260499
 71   42.458130    0.000031   -0.000031    0.004078    0.094537   -0.163921
 72   42.267944   -0.000061   -0.000015    0.001833    0.068416   -0.101565
 73   42.505981    0.000061    0.000000   -0.020071    0.119788   -0.156443
 74   42.233154    0.000023   -0.000008   -0.048837    0.221737   -0.279681
 75   42.352173    0.000000   -0.000031   -0.046291    0.250451   -0.365326
 76   42.391754   -0.000061   -0.000046   -0.084655    0.326762   -0.546307
 77   42.497559    0.000061    0.000000   -0.033856    0.215128   -0.333769
 78   42.272659   -0.000061   -0.000061   -0.002771    0.080721   -0.122261
 79   29.239323 -106.786301    1.740906   -0.000207   -0.319297   -1.615208
 80   42.375107    0.000002   -0.000008    0.015306    0.071728    0.047289
 81   42.546036   -0.000001    0.000011    0.011757    0.105977    0.047595
 82   42.234589   -0.000009   -0.000008    0.006731    0.158720    0.047933
 83   42.465118   -0.000001    0.000003   -0.004358   -0.037744    0.244858
 84   42.458069    0.000000   -0.000003    0.003718   -0.058956    0.183929
 85   42.267944    0.000000   -0.000010    0.016574   -0.013513    0.211141
 86   42.505951   -0.000015    0.000011    0.027130   -0.004298    0.303419
 87   42.233032    0.000000   -0.000004    0.017254    0.000405    0.191016
 88   42.352264   -0.000031    0.000007    0.016559    0.017685    0.187897
 89   42.391739   -0.000031    0.000002    0.026073    0.047671    0.386268
 90   42.497574   -0.000061   -0.000008    0.007646    0.061033    0.484557
 91   42.272522    0.000061    0.000008   -0.008478    0.022448    0.182637
time 15
  0    0.000000    0.000000    0.000000    0.000000   -0.000000    0.000000
  1    0.000000    0.000000    0.000000    0.000000   -0.000000    0.000000
  2    0.000000   21.953423  -21.026371    0.003408   -1.387983    1.567212
  3   50.309208   -0.435479    0.000004   -0.000017    0.000000    0.015462
  4   30.891544   -0.000011    0.000002    0.000017    0.000000    0.262884
  5   34.635593    0.000008   -0.000002   -0.000000   -0.000000    0.276981
  6   30.584282    0.000019    0.000000   -0.000000    0.000000    0.276982
  7   31.520187    0.000000    0.000000   -0.000000    0.000000    0.276980
  8   34.241196  -28.000038  -41.878002    0.557224    0.884940   -0.680494
  9   34.241119   23.441795  -41.878094   -0.804717    0.980014    0.400221
 10   35.246689  -52.543083    1.319134   -0.321042    0.247456   -0.766514
 11   35.246536   52.726307    1.318928    0.174200    0.377147    0.623790
 12   34.830032  -24.891914   45.588608   -1.189840   -0.222254   -0.349307
 13   34.885788   27.636581   43.767830    0.983428   -0.153995    0.297745
 14   29.239315  -51.573364   94.292961    1.291332   -1.024459   -2.104787
 15   42.375069    0.000001    0.000008   -0.111747    0.101017   -0.038709
 16   42.546089    0.000027    0.000004   -0.067590    0.128853   -0.034530
 17   42.234436    0.000021   -0.000003   -0.075586    0.256676   -0.060743
 18   42.464966    0.000019   -0.000004   -0.019105   -0.022167    0.016234
 19   42.458069   -0.000063   -0.000008    0.004740   -0.312132    0.048641
 20   42.267944    0.000015   -0.000008   -0.011220   -0.152013    0.012914
 21   42.505829    0.000017   -0.000008   -0.005985   -0.140273    0.098700
 22   42.233154    0.000027   -0.000015   -0.010565   -0.263842    0.201400
 23   42.352203    0.000031    0.000046   -0.036505   -0.269378    0.167947
 24   42.391785   -0.000031    0.000031    0.342265   -0.022240    0.297213
 25   42.497559    0.000061    0.000031    0.458791    0.178592    0.260759
 26   42.272827    0.000061   -0.000002    0.188476    0.115791    0.107777
 27   29.239332   55.382633   92.214973    0.117988   -1.038177    2.021110
 28   42.375076    0.000004    0.000003    0.044416   -0.043294   -0.031815
 29   42.546112   -0.000008    0.000013    0.035768   -0.029759   -0.006412
 30   42.234482    0.000057   -0.000009    0.025676   -0.021625   -0.003799
 31   42.465012   -0.000034    0.000020    0.012482   -0.043587   -0.077032
 32   42.458084    0.000013    0.000013    0.019334   -0.050065   -0.131349
 33   42.267914   -0.000069    0.000011    0.017197   -0.095144   -0.153942
 34   42.506042    0.000031   -0.000008    0.025962   -0.272442   -0.312878
 35   42.233093   -0.000061    0.000000    0.001755   -0.235029   -0.283663
 36   42.352219   -0.000092    0.000015    0.033743   -0.283321   -0.405929
 37   42.391663    0.000031    0.000031    0.042427   -0.246532   -0.370304
 38   42.497635    0.000061    0.000000    0.014322   -0.125307   -0.182154
 39   42.272614    0.000153   -0.000015    0.006886   -0.066239   -0.094952
 40   29.239344  106.746651    1.740839    0.000234   -0.443686    1.699672
 41   42.375084    0.000000    0.000000   -0.083824    0.135727   -0.187456
 42   42.546066   -0.000002   -0.000008   -0.031938    0.178341   -0.107486
 43   42.234467   -0.000015    0.000002   -0.022565    0.070369   -0.189366
 44   42.465027    0.000004   -0.000005   -0.019450   -0.047904   -0.420620
 45   42.458115    0.000015   -0.000002   -0.024457   -0.006772   -0.270851
 46   42.267975    0.000000    0.000003   -0.011745   -0.035874   -0.123724
 47   42.505890    0.000061    0.000006   -0.026659   -0.044386   -0.204618
 48   42.233170   -0.000061   -0.000008   -0.009801   -0.020364   -0.056486
 49   42.352234    0.000000    0.000003    0.058109   -0.040850    0.302363
 50   42.391693    0.000015   -0.000011    0.154074   -0.049030    0.743498
 51   42.497650   -0.000015   -0.000011    0.107128    0.043678    0.525931
 52   42.272705   -0.000031    0.000004    0.015201    0.019913    0.108304
 53   30.930382   50.706909  -91.468758   -1.060006    0.549700    0.960688
 54   42.375092   -0.000023   -0.000006   -0.143481    0.197192   -0.184871
 55   42.546097    0.000031    0.000025   -0.127251    0.258433   -0.216593
 56   42.234512   -0.000046    0.000008   -0.043120    0.140960   -0.062744
 57   42.464996    0.000015    0.000008   -0.017278   -0.062615    0.120843
 58   42.458069    0.000008    0.000000   -0.024511   -0.003849    0.042303
 59   42.268005   -0.000092    0.000000   -0.022974   -0.088874    0.140486
 60   42.505951    0.000137    0.000046   -0.049276   -0.239451    0.348497
 61   42.233154   -0.000031   -0.000008   -0.024919   -0.183003    0.265354
 62   42.352295    0.000000    0.000000   -0.029314   -0.184384    0.211331
 63   42.391785    0.000061    0.000031   -0.054489   -0.288293    0.313097
 64   42.497620    0.000031   -0.000031   -0.027104   -0.253712    0.281512
 65   42.272720    0.000000   -0.000092   -0.001132   -0.115584    0.127003
 66   57.568840  -56.044880  -93.337730   -0.182355    0.465339   -0.856400
 67   42.375099    0.000003    0.000000    0.175504   -0.105750    0.361761
 68   42.546097   -0.000004   -0.000008    0.072244   -0.059343    0.262969
 69   42.234497    0.000015    0.000000    0.030275    0.055000   -0.038392
 70   42.464996    0.000000    0.000038   -0.002255    0.120553   -0.235947
 71   42.458099    0.000038    0.000023    0.009607    0.067180   -0.126665
 72   42.267914   -0.000084    0.000000    0.002799    0.060323   -0.091870
 73   42.505951    0.000076   -0.000008   -0.021475    0.120441   -0.158544
 74   42.233154   -0.000015   -0.000023   -0.045141    0.198817   -0.254412
 75   42.352203   -0.000046    0.000000   -0.050835    0.240908   -0.361898
 76   42.391785    0.000061    0.000031   -0.143981    0.390540   -0.677961
 77   42.497559    0.000092    0.000000   -0.049553    0.246176   -0.376724
 78   42.272690   -0.000031    0.000000   -0.002155    0.069069   -0.100937
 79   29.239305 -106.786255    1.740904   -0.000253   -0.325684   -1.589340
 80   42.375076    0.000000    0.000000    0.010331    0.076460    0.031289
 81   42.546051    0.000000    0.000008    0.007034    0.110366    0.028274
 82   42.234528    0.000006    0.000000    0.003116    0.163221    0.022556
 83   42.465073   -0.000004   -0.000001   -0.004782   -0.026950    0.194886
 84   42.458008   -0.000015    0.000010    0.000356   -0.051531    0.132622
 85   42.267914   -0.000031   -0.000006    0.015331   -0.021824    0.286438
 86   42.505981    0.000031    0.000013    0.028299   -0.018643    0.393042
 87   42.232986   -0.000031   -0.000005    0.017627   -0.003265    0.204413
 88   42.352325   -0.000061    0.000000    0.025569    0.012896    0.294382
 89   42.391708    0.000031   -0.000003    0.034352    0.035970    0.503475
 90   42.497559   -0.000031   -0.000025    0.009478    0.033697    0.368429
 91   42.272522    0.000031    0.000011   -0.001851    0.019445    0.202230
time 16
  0    0.000000    0.000000    0.000000    0.000000   -0.000000    0.000000
  1    0.000000    0.000000    0.000000    0.000000   -0.000000    0.000000
  2    0.000000   21.953423  -21.026371    0.006212   -1.388648    1.564407
  3   50.309212   -0.435479    0.000006   -0.000017   -0.000000   -0.043269
  4   30.891544   -0.000011   -0.000002    0.000017    0.000000    0.223999
  5   34.635597    0.000008    0.000000   -0.000000    0.000000    0.259342
  6   30.584290    0.000015    0.000004   -0.000000    0.000000    0.273154
  7   31.520180    0.000000    0.000000   -0.000000   -0.000000    0.289277
  8   34.241196  -28.000038  -41.878010    0.551479    0.775774   -0.206887
  9   34.241119   23.441811  -41.878094   -0.968867    0.937110    0.748521
 10   35.246689  -52.543068    1.319130   -0.320344    0.138051   -0.284242
 11   35.246536   52.726322    1.318928    0.060390    0.362677    1.066567
 12   34.830002  -24.891899   45.588612   -1.228983   -0.316629    0.145652
 13   34.885773   27.636604   43.767822    0.887400   -0.197603    0.799481
 14   29.239304  -51.573334   94.292999    1.269258   -1.009272   -2.078827
 15   42.375084    0.000000    0.000000   -0.112105    0.092840   -0.035328
 16   42.546097    0.000027    0.000004   -0.067085    0.118753   -0.031698
 17   42.234482    0.000011    0.000004   -0.071181    0.239901   -0.060294
 18   42.465012    0.000011   -0.000019   -0.021338   -0.020598    0.021787
 19   42.458099   -0.000042   -0.000011   -0.002527   -0.269366    0.056728
 20   42.267944    0.000021    0.000000   -0.010406   -0.117882    0.017347
 21   42.505890    0.000023    0.000008   -0.006004   -0.138473    0.093199
 22   42.233185    0.000015   -0.000008   -0.018436   -0.288618    0.207307
 23   42.352234    0.000069   -0.000015   -0.042599   -0.292877    0.182346
 24   42.391785    0.000000    0.000000    0.233982   -0.048352    0.229544
 25   42.497498    0.000061    0.000000    0.379840    0.115330    0.213786
 26   42.272797    0.000092   -0.000038    0.213755    0.077952    0.122445
 27   29.239326   55.382614   92.214951    0.130217   -1.044359    2.007486
 28   42.375069    0.000004    0.000000    0.044590   -0.035851   -0.023535
 29   42.546089   -0.000015    0.000008    0.035992   -0.026524   -0.003888
 30   42.234497    0.000061   -0.000004    0.025883   -0.019437   -0.002379
 31   42.465042   -0.000051    0.000005    0.013942   -0.027872   -0.060039
 32   42.458069   -0.000015   -0.000013    0.020952   -0.013779   -0.088150
 33   42.267944   -0.000063    0.000021    0.016619   -0.062117   -0.115012
 34   42.506042    0.000042    0.000004    0.035323   -0.289747   -0.335229
 35   42.233093   -0.000046    0.000000    0.022697   -0.301870   -0.371110
 36   42.352234   -0.000122   -0.000015    0.055017   -0.323733   -0.474076
 37   42.391747    0.000031   -0.000061    0.037161   -0.220165   -0.326161
 38   42.497650   -0.000031   -0.000031    0.012025   -0.106576   -0.152336
 39   42.272598    0.000092   -0.000015    0.005349   -0.048676   -0.068583
 40   29.239344  106.746613    1.740839    0.000279   -0.454287    1.678130
 41   42.375061   -0.000002    0.000008   -0.066060    0.154758   -0.144488
 42   42.546143    0.000008    0.000004   -0.017671    0.184964   -0.060541
 43   42.234467   -0.000003    0.000003   -0.016678    0.076459   -0.153529
 44   42.465027    0.000008   -0.000002   -0.012456   -0.042743   -0.406593
 45   42.458099    0.000000    0.000001   -0.020621   -0.008157   -0.291947
 46   42.267960    0.000000    0.000001   -0.015609   -0.051533   -0.203870
 47   42.505920    0.000031    0.000006   -0.034904   -0.051204   -0.276138
 48   42.233093    0.000000   -0.000003   -0.012169   -0.019977   -0.069544
 49   42.352219   -0.000061    0.000005    0.044547   -0.040968    0.228971
 50   42.391663   -0.000031    0.000008    0.139287   -0.075835    0.634955
 51   42.497589   -0.000031   -0.000008    0.145635    0.008697    0.589199
 52   42.272705    0.000031   -0.000004    0.029791    0.022951    0.143964
 53   32.250507   50.706902  -91.468384   -0.954109    0.613706    1.076787
 54   42.375099   -0.000011   -0.000002   -0.159249    0.202019   -0.226137
 55   42.546066    0.000023    0.000016   -0.150917    0.286668   -0.271775
 56   42.234543   -0.000023   -0.000023   -0.047432    0.156686   -0.083826
 57   42.465012    0.000046    0.000031   -0.017027   -0.035282    0.083753
 58   42.458054    0.000053    0.000023   -0.025028    0.018783    0.012052
 59   42.267975   -0.000114    0.000000   -0.023104   -0.090076    0.135541
 60   42.505951    0.000114    0.000000   -0.049349   -0.251197    0.348789
 61   42.233185   -0.000069   -0.000023   -0.019415   -0.182539    0.253746
 62   42.352295    0.000015   -0.000038   -0.025001   -0.180177    0.211681
 63   42.391724    0.000046   -0.000015   -0.057775   -0.301905    0.343734
 64   42.497559    0.000000   -0.000092   -0.032206   -0.271735    0.315243
 65   42.272751    0.000000    0.000000   -0.001975   -0.122301    0.140367
 66   56.390884  -56.044849  -93.084869   -0.214049    0.506009   -0.886202
 67   42.375084    0.000003   -0.000023    0.171116   -0.113817    0.344789
 68   42.546097    0.000004    0.000023    0.071919   -0.065041    0.280887
 69   42.234436    0.000008    0.000015    0.031078    0.048094   -0.030292
 70   42.464996   -0.000031    0.000031    0.004135    0.094969   -0.205748
 71   42.458130    0.000046   -0.000015    0.014521    0.044997   -0.090329
 72   42.267944   -0.000076    0.000023    0.003841    0.055980   -0.088019
 73   42.505981    0.000069    0.000000   -0.023650    0.123228   -0.174474
 74   42.233124   -0.000031    0.000015   -0.040728    0.165024   -0.229973
 75   42.352142   -0.000031   -0.000008   -0.058238    0.228384   -0.358817
 76   42.391785    0.000000   -0.000031   -0.201088    0.430946   -0.764875
 77   42.497543    0.000092    0.000000   -0.056620    0.257669   -0.378675
 78   42.272690    0.000061   -0.000031   -0.000855    0.054188   -0.075052
 79   29.239311 -106.786285    1.740900   -0.000301   -0.328964   -1.576868
 80   42.375084   -0.000007   -0.000015    0.006771    0.080466    0.020309
 81   42.546021    0.000001    0.000008    0.003951    0.113317    0.015928
 82   42.234558   -0.000000   -0.000010    0.000964    0.164033    0.007157
 83   42.465042    0.000009    0.000000   -0.004251   -0.015190    0.147232
 84   42.458130   -0.000031    0.000006   -0.001195   -0.045048    0.088568
 85   42.267944   -0.000011   -0.000006    0.010272   -0.024907    0.331435
 86   42.506012   -0.000031    0.000010    0.023432   -0.026215    0.442369
 87   42.233063    0.000000   -0.000010    0.016351   -0.004558    0.217957
 88   42.352295    0.000000    0.000002    0.025034    0.012307    0.325765
 89   42.391724   -0.000061   -0.000007    0.027666    0.029197    0.465749
 90   42.497574    0.000031   -0.000017    0.007941    0.024549    0.313542
 91   42.272522    0.000000    0.000017   -0.000023    0.015030    0.180577
time 17
  0    0.000000    0.000000    0.000000    0.000000   -0.000000    0.000000
  1    0.000000    0.000000    0.000000    0.000000   -0.000000    0.000000
  2    0.000000   21.953424  -21.026375    0.009260   -1.389371    1.561361
  3   50.309219   -0.435479    0.000004   -0.000017    0.000000   -0.107051
  4   30.891544   -0.000011    0.000000    0.000017    0.000000    0.129624
  5   34.635597    0.000006    0.000002   -0.000000    0.000000    0.214041
  6   30.584290    0.000019    0.000000   -0.000000   -0.000000    0.260784
  7   31.520195    0.000004    0.000002   -0.000000    0.000000    0.296736
  8   34.241196  -28.000046  -41.878014    0.549362    0.684311    0.189918
  9   34.241135   23.441803  -41.878105   -1.106398    0.889769    1.040339
 10   35.246704  -52.543106    1.319136   -0.318985    0.046387    0.119824
 11   35.246552   52.726334    1.318920   -0.034964    0.340117    1.437543
 12   34.830017  -24.891937   45.588623   -1.258695   -0.402866    0.560348
 13   34.885788   27.636581   43.767838    0.807620   -0.246100    1.219854
 14   29.239323  -51.573364   94.292984    1.239173   -0.989253   -2.043192
 15   42.375076    0.000001   -0.000011   -0.112504    0.081786   -0.033692
 16   42.546082    0.000031   -0.000011   -0.066359    0.105570   -0.032177
 17   42.234512    0.000002   -0.000001   -0.063242    0.211762   -0.072562
 18   42.465012    0.000015   -0.000011   -0.028084   -0.019666    0.042160
 19   42.458115   -0.000055    0.000004   -0.024045   -0.213382    0.105729
 20   42.267975    0.000038   -0.000038   -0.014011   -0.085531    0.046285
 21   42.505981   -0.000021    0.000011   -0.005381   -0.133496    0.081042
 22   42.233154   -0.000031   -0.000038   -0.023055   -0.282165    0.153736
 23   42.352264    0.000031    0.000000   -0.046592   -0.274248    0.147179
 24   42.391724   -0.000031   -0.000031    0.086941   -0.094279    0.161169
 25   42.497467    0.000015   -0.000031    0.193181   -0.004956    0.156676
 26   42.272797    0.000092    0.000061    0.165373   -0.020004    0.123288
 27   29.239330   55.382637   92.215012    0.145241   -1.051118    1.990657
 28   42.375069    0.000004   -0.000005    0.044951   -0.027075   -0.013205
 29   42.546097   -0.000015    0.000015    0.036414   -0.021445    0.001252
 30   42.234482    0.000065    0.000000    0.026287   -0.015701    0.001036
 31   42.464981   -0.000053    0.000011    0.015264   -0.014682   -0.046277
 32   42.458084   -0.000006    0.000020    0.022494    0.008989   -0.060577
 33   42.267883   -0.000034    0.000025    0.016355   -0.032876   -0.080768
 34   42.506104    0.000042    0.000010    0.025616   -0.236949   -0.273529
 35   42.233093   -0.000092    0.000023    0.034402   -0.315783   -0.389617
 36   42.352234   -0.000198    0.000015    0.087196   -0.373064   -0.551829
 37   42.391743    0.000000    0.000000    0.039858   -0.221359   -0.318886
 38   42.497665    0.000000   -0.000061    0.011641   -0.101209   -0.139964
 39   42.272675    0.000122   -0.000061    0.004487   -0.036629   -0.049874
 40   29.239357  106.746689    1.740839    0.000328   -0.464763    1.660145
 41   42.375084   -0.000008   -0.000008   -0.050512    0.172667   -0.108229
 42   42.546112    0.000007    0.000000   -0.007540    0.187855   -0.026340
 43   42.234482    0.000000    0.000001   -0.011453    0.082341   -0.113407
 44   42.465057   -0.000002   -0.000003   -0.006327   -0.032434   -0.352262
 45   42.458115    0.000008   -0.000006   -0.014068   -0.004249   -0.287790
 46   42.267929    0.000000    0.000002   -0.015073   -0.066139   -0.294315
 47   42.505920    0.000000    0.000006   -0.042075   -0.064625   -0.368037
 48   42.233154    0.000031   -0.000014   -0.016709   -0.021148   -0.095866
 49   42.352264    0.000000   -0.000003    0.034807   -0.040965    0.178029
 50   42.391693    0.000000   -0.000002    0.108552   -0.082656    0.472185
 51   42.497620    0.000000   -0.000008    0.149770   -0.044722    0.528777
 52   42.272705    0.000000    0.000031    0.055614    0.013697    0.187379
 53   33.514191   50.706928  -91.468079   -0.844252    0.670553    1.195991
 54   42.375114   -0.000019   -0.000011   -0.159403    0.191160   -0.240251
 55   42.546082    0.000031    0.000007   -0.165952    0.299241   -0.306737
 56   42.234543   -0.000046    0.000023   -0.057977    0.190620   -0.127809
 57   42.465042    0.000031    0.000000   -0.018651    0.016628    0.012634
 58   42.458038    0.000015    0.000008   -0.026201    0.044553   -0.024703
 59   42.268005   -0.000076    0.000015   -0.022651   -0.087142    0.124858
 60   42.505951    0.000069    0.000031   -0.052731   -0.271590    0.361765
 61   42.233185   -0.000076   -0.000015   -0.018466   -0.197211    0.263334
 62   42.352295    0.000000    0.000000   -0.021889   -0.183028    0.218011
 63   42.391754    0.000015   -0.000015   -0.054695   -0.301412    0.354272
 64   42.497559    0.000000   -0.000061   -0.031031   -0.267444    0.320281
 65   42.272720   -0.000031   -0.000031   -0.002513   -0.122427    0.145485
 66   53.563492  -56.044891  -92.936104   -0.239080    0.548538   -0.907027
 67   42.375099   -0.000001   -0.000023    0.163739   -0.112498    0.305320
 68   42.546097   -0.000004    0.000046    0.072256   -0.074835    0.304269
 69   42.234451    0.000038    0.000000    0.032051    0.036338   -0.007505
 70   42.465012   -0.000008    0.000008    0.010855    0.067592   -0.165544
 71   42.458130    0.000031    0.000004    0.018306    0.028373   -0.058438
 72   42.267883   -0.000061   -0.000023    0.004475    0.056089   -0.095506
 73   42.505951    0.000069   -0.000015   -0.026266    0.121534   -0.201813
 74   42.233063    0.000023   -0.000038   -0.036200    0.123707   -0.201936
 75   42.352173   -0.000015    0.000015   -0.061745    0.202895   -0.332718
 76   42.391785    0.000061   -0.000061   -0.234151    0.437336   -0.778406
 77   42.497482    0.000031    0.000000   -0.070038    0.277151   -0.390927
 78   42.272690    0.000000    0.000000   -0.001508    0.055674   -0.072457
 79   29.239319 -106.786293    1.740904   -0.000353   -0.332891   -1.560663
 80   42.375114    0.000006   -0.000008    0.003131    0.084481    0.009281
 81   42.546051   -0.000008    0.000004    0.001141    0.115962    0.004608
 82   42.234512   -0.000001   -0.000011   -0.000632    0.163863   -0.004784
 83   42.465103    0.000009    0.000005   -0.002896   -0.001611    0.092241
 84   42.458069    0.000001   -0.000006   -0.000819   -0.035042    0.027602
 85   42.267883   -0.000008   -0.000015    0.001847   -0.024922    0.358149
 86   42.505981    0.000000    0.000024    0.012948   -0.032106    0.450068
 87   42.233093    0.000000   -0.000011    0.012595   -0.006683    0.215748
 88   42.352295    0.000000   -0.000005    0.022971    0.009792    0.367060
 89   42.391739   -0.000031   -0.000013    0.023733    0.023889    0.497171
 90   42.497589    0.000061   -0.000030    0.005974    0.018735    0.307747
 91   42.272552    0.000061    0.000017   -0.000003    0.010891    0.168530
time 18
  0    0.000000    0.000000    0.000000    0.000000   -0.000000    0.000000
  1    0.000000    0.000000    0.000000    0.000000   -0.000000    0.000000
  2    0.000000   21.953424  -21.026375    0.012546   -1.390151    1.558076
  3   50.309223   -0.435479    0.000002   -0.000017    0.000000   -0.165485
  4   30.891556   -0.000011    0.000002    0.000017    0.000000    0.013175
  5   34.635605    0.000006    0.000000   -0.000000   -0.000000    0.152497
  6   30.584290    0.000017   -0.000002   -0.000000    0.000000    0.238547
  7   31.520210    0.000000    0.000002   -0.000000    0.000000    0.300567
  8   34.241196  -28.000031  -41.878010    0.549060    0.645955    0.356320
  9   34.241150   23.441799  -41.878109   -1.164073    0.845332    1.162715
 10   35.246704  -52.543091    1.319138   -0.316744    0.007948    0.289271
 11   35.246552   52.726322    1.318922   -0.074951    0.308137    1.593114
 12   34.830032  -24.891930   45.588615   -1.270487   -0.454492    0.734253
 13   34.885773   27.636589   43.767826    0.774311   -0.292244    1.396139
 14   29.239319  -51.573376   94.292984    1.205597   -0.964672   -2.003208
 15   42.375084   -0.000004   -0.000004   -0.112619    0.068873   -0.032547
 16   42.546082    0.000034    0.000004   -0.065133    0.089918   -0.034163
 17   42.234436    0.000013    0.000003   -0.052251    0.175295   -0.089816
 18   42.464996   -0.000004    0.000000   -0.038591   -0.014758    0.074130
 19   42.458115   -0.000061    0.000000   -0.046644   -0.146459    0.172168
 20   42.267914    0.000034    0.000001   -0.017249   -0.056712    0.078726
 21   42.505920   -0.000004    0.000006   -0.004302   -0.128131    0.055640
 22   42.233215   -0.000008   -0.000031   -0.022030   -0.257302    0.068134
 23   42.352295    0.000015   -0.000031   -0.049625   -0.242669    0.079307
 24   42.391724   -0.000015   -0.000061   -0.041944   -0.172879    0.077916
 25   42.497528    0.000015    0.000000   -0.033728   -0.136683    0.066626
 26   42.272919    0.000031   -0.000061   -0.057731   -0.125464    0.047394
 27   29.239342   55.382633   92.214958    0.160735   -1.057683    1.973385
 28   42.375069    0.000000   -0.000008    0.045450   -0.018443   -0.002940
 29   42.546135   -0.000008    0.000014    0.036903   -0.016001    0.006987
 30   42.234497    0.000065   -0.000009    0.026744   -0.011536    0.005027
 31   42.465042   -0.000057    0.000007    0.016397   -0.003666   -0.035036
 32   42.458115   -0.000021    0.000015    0.023612    0.023307   -0.042867
 33   42.267883   -0.000027    0.000033    0.016370   -0.011607   -0.055877
 34   42.506042    0.000050   -0.000013    0.012901   -0.160162   -0.186918
 35   42.233124   -0.000053   -0.000019    0.018594   -0.242521   -0.294442
 36   42.352325   -0.000137   -0.000015    0.118153   -0.408059   -0.602690
 37   42.391693    0.000000   -0.000061    0.056432   -0.262638   -0.368592
 38   42.497643   -0.000031   -0.000031    0.013349   -0.110566   -0.146610
 39   42.272644    0.000122   -0.000122    0.004028   -0.028726   -0.037409
 40   29.239359  106.746620    1.740843    0.000379   -0.474223    1.646151
 41   42.375069    0.000000   -0.000015   -0.037727    0.187903   -0.079416
 42   42.546127    0.000009    0.000004   -0.001363    0.188215   -0.004886
 43   42.234512   -0.000008    0.000003   -0.007739    0.086618   -0.080378
 44   42.465088    0.000004    0.000001   -0.002678   -0.020409   -0.283219
 45   42.458099    0.000000    0.000004   -0.007145    0.005972   -0.244631
 46   42.267975    0.000000    0.000008   -0.007909   -0.073031   -0.356881
 47   42.505905    0.000000    0.000009   -0.044701   -0.087020   -0.488477
 48   42.233170   -0.000061   -0.000018   -0.023615   -0.024222   -0.137595
 49   42.352303    0.000061   -0.000004    0.027777   -0.041281    0.141881
 50   42.391678   -0.000031   -0.000006    0.077059   -0.075086    0.326542
 51   42.497681   -0.000031   -0.000027    0.108163   -0.074505    0.357231
 52   42.272736   -0.000046   -0.000008    0.064994   -0.015789    0.178540
 53   34.727966   50.706913  -91.467697   -0.751805    0.710490    1.296415
 54   42.375114   -0.000004   -0.000011   -0.146475    0.171380   -0.225611
 55   42.546082    0.000046    0.000026   -0.164294    0.292485   -0.305967
 56   42.234558   -0.000069    0.000023   -0.075529    0.237389   -0.191255
 57   42.464996    0.000031    0.000015   -0.025439    0.083853   -0.081973
 58   42.458099    0.000015   -0.000015   -0.027540    0.064988   -0.055997
 59   42.267990   -0.000107   -0.000015   -0.021746   -0.079994    0.109464
 60   42.505951    0.000076    0.000031   -0.054009   -0.285383    0.366832
 61   42.233185   -0.000076   -0.000008   -0.019245   -0.217326    0.280578
 62   42.352264    0.000008    0.000015   -0.019666   -0.190491    0.228569
 63   42.391785    0.000046    0.000000   -0.049368   -0.296998    0.356610
 64   42.497620    0.000092   -0.000015   -0.026744   -0.255199    0.312574
 65   42.272766    0.000000   -0.000092   -0.002399   -0.119983    0.146635
 66   50.146526  -56.044872  -92.861237   -0.256318    0.585075   -0.919864
 67   42.375107    0.000003   -0.000011    0.155181   -0.099255    0.257751
 68   42.546112   -0.000011    0.000000    0.072838   -0.076526    0.314620
 69   42.234467    0.000015   -0.000008    0.032553    0.018842    0.027273
 70   42.465042   -0.000084   -0.000015    0.016844    0.032735   -0.110297
 71   42.458130    0.000046    0.000027    0.020535    0.015910   -0.034928
 72   42.267944   -0.000084   -0.000023    0.004264    0.059745   -0.117214
 73   42.505981    0.000069    0.000008   -0.027643    0.109190   -0.223058
 74   42.233154    0.000000   -0.000008   -0.032530    0.088233   -0.171843
 75   42.352142    0.000008    0.000023   -0.064118    0.181674   -0.306138
 76   42.391754    0.000031    0.000015   -0.240824    0.422208   -0.741551
 77   42.497543    0.000061   -0.000031   -0.086368    0.296130   -0.405995
 78   42.272659   -0.000031   -0.000031   -0.002905    0.060769   -0.074889
 79   29.239323 -106.786316    1.740908   -0.000409   -0.337216   -1.540988
 80   42.375092    0.000006   -0.000004   -0.000637    0.088222   -0.001872
 81   42.546036    0.000000    0.000008   -0.001653    0.118463   -0.006641
 82   42.234497   -0.000007   -0.000008   -0.002019    0.163683   -0.015507
 83   42.465073    0.000002    0.000004   -0.001441    0.010545    0.043486
 84   42.458130   -0.000007    0.000000    0.001610   -0.024098   -0.036820
 85   42.267853   -0.000002   -0.000008   -0.006716   -0.020623    0.349432
 86   42.505951   -0.000023    0.000015    0.000865   -0.035373    0.438294
 87   42.233063   -0.000031   -0.000014    0.007485   -0.008578    0.203044
 88   42.352264   -0.000031    0.000002    0.017215    0.007245    0.394375
 89   42.391754   -0.000061    0.000000    0.018516    0.019769    0.577525
 90   42.497589   -0.000061   -0.000027    0.002792    0.014072    0.335781
 91   42.272476   -0.000061    0.000021   -0.001012    0.007074    0.164846
time 19
  0    0.000000    0.000000    0.000000    0.000000   -0.000000    0.000000
  1    0.000000    0.000000    0.000000    0.000000   -0.000000    0.000000
  2    0.000000   21.953419  -21.026371    0.016067   -1.390986    1.554555
  3   50.309196   -0.435479    0.000006   -0.000017   -0.000000   -0.208171
  4   30.891533   -0.000010    0.000002    0.000017    0.000000   -0.091928
  5   34.635586    0.000007    0.000000   -0.000000    0.000000    0.086132
  6   30.584274    0.000019    0.000002   -0.000000    0.000000    0.205114
  7   31.520187    0.000000    0.000000   -0.000000    0.000000    0.301978
  8   34.241165  -28.000008  -41.877991    0.585237    0.647274    0.303062
  9   34.241104   23.441784  -41.878075   -1.130352    0.800912    1.107070
 10   35.246689  -52.543053    1.319136   -0.287954    0.015671    0.215486
 11   35.246521   52.726276    1.318922   -0.058748    0.260126    1.520337
 12   34.830017  -24.891914   45.588585   -1.239284   -0.473416    0.644885
 13   34.885757   27.636570   43.767799    0.799665   -0.339368    1.312396
 14   29.239307  -51.573303   94.292938    1.172499   -0.936061   -1.963560
 15   42.375053   -0.000004   -0.000006   -0.112298    0.055134   -0.030656
 16   42.546074    0.000031    0.000013   -0.063332    0.072606   -0.035713
 17   42.234467    0.000023    0.000010   -0.040051    0.134635   -0.103434
 18   42.464951    0.000008    0.000002   -0.049661   -0.004136    0.109762
 19   42.458038   -0.000057    0.000000   -0.060751   -0.076532    0.230445
 20   42.267944    0.000027    0.000015   -0.018755   -0.033949    0.098809
 21   42.505890   -0.000008    0.000001   -0.002739   -0.126415    0.024295
 22   42.233093    0.000000    0.000015   -0.016770   -0.235281   -0.010776
 23   42.352264    0.000023   -0.000015   -0.045536   -0.216330    0.015226
 24   42.391663   -0.000038    0.000031   -0.095682   -0.243018    0.005080
 25   42.497437    0.000061    0.000031   -0.135327   -0.216172   -0.017070
 26   42.272766    0.000038    0.000031   -0.147783   -0.156581   -0.033928
 27   29.239326   55.382610   92.214912    0.174169   -1.063369    1.958650
 28   42.375053    0.000008   -0.000002    0.045950   -0.011435    0.005137
 29   42.546066   -0.000011   -0.000002    0.037295   -0.011727    0.011232
 30   42.234451    0.000053   -0.000014    0.027101   -0.008157    0.008081
 31   42.465027   -0.000034    0.000007    0.017384    0.005821   -0.025305
 32   42.458069    0.000011    0.000015    0.024473    0.034253   -0.029395
 33   42.267853   -0.000038   -0.000002    0.016459    0.003327   -0.038626
 34   42.506012    0.000060   -0.000010    0.006234   -0.102439   -0.123656
 35   42.233002    0.000000    0.000015   -0.000491   -0.134389   -0.163187
 36   42.352234   -0.000122   -0.000015    0.101230   -0.367048   -0.526517
 37   42.391693    0.000061    0.000000    0.091633   -0.330420   -0.463808
 38   42.497650    0.000031   -0.000061    0.020263   -0.143633   -0.184632
 39   42.272621    0.000153    0.000000    0.004685   -0.036771   -0.046050
 40   29.239342  106.746559    1.740841    0.000434   -0.481765    1.636616
 41   42.375069    0.000000   -0.000008   -0.028306    0.198931   -0.058776
 42   42.546066    0.000000    0.000000    0.001562    0.187301    0.005525
 43   42.234467    0.000009   -0.000001   -0.005488    0.089546   -0.058127
 44   42.465027    0.000003    0.000000   -0.001071   -0.009188   -0.220121
 45   42.458160    0.000023    0.000001   -0.002485    0.018270   -0.180037
 46   42.268036   -0.000008    0.000006    0.001674   -0.067547   -0.361564
 47   42.505920   -0.000015    0.000001   -0.036926   -0.114474   -0.617648
 48   42.233109    0.000000   -0.000010   -0.032722   -0.030487   -0.196165
 49   42.352226   -0.000031   -0.000006    0.022846   -0.042489    0.116297
 50   42.391647    0.000000   -0.000005    0.052268   -0.063707    0.217546
 51   42.497620    0.000000   -0.000004    0.054967   -0.068169    0.179890
 52   42.272705    0.000046   -0.000008    0.044164   -0.036741    0.117676
 53   35.898422   50.706875  -91.467255   -0.694148    0.730816    1.359313
 54   42.375069   -0.000002   -0.000008   -0.128842    0.151263   -0.192893
 55   42.546036    0.000042    0.000001   -0.143602    0.267963   -0.261229
 56   42.234482   -0.000053    0.000004   -0.095561    0.282734   -0.257312
 57   42.464996    0.000000    0.000015   -0.039689    0.158945   -0.193457
 58   42.458054    0.000031   -0.000015   -0.028229    0.075414   -0.075020
 59   42.268005   -0.000092    0.000015   -0.021205   -0.075242    0.098165
 60   42.505859    0.000046   -0.000031   -0.051877   -0.288026    0.359254
 61   42.233185   -0.000084    0.000000   -0.017893   -0.227469    0.284982
 62   42.352295   -0.000061    0.000031   -0.018036   -0.200511    0.239610
 63   42.391785   -0.000015    0.000008   -0.044655   -0.297110    0.360315
 64   42.497620    0.000000    0.000000   -0.021427   -0.244285    0.302954
 65   42.272736    0.000000   -0.000031   -0.001238   -0.114958    0.143287
 66   47.199814  -56.044834  -92.830132   -0.270438    0.612660   -0.931170
 67   42.375069   -0.000003    0.000008    0.147179   -0.077941    0.216558
 68   42.546097   -0.000011    0.000000    0.073417   -0.059184    0.302164
 69   42.234451    0.000008    0.000008    0.031692   -0.005128    0.065947
 70   42.464996   -0.000046    0.000015    0.019437   -0.013854   -0.038080
 71   42.458099    0.000031    0.000015    0.021436    0.006910   -0.024495
 72   42.267853   -0.000053   -0.000008    0.002829    0.064826   -0.150097
 73   42.505981    0.000069    0.000038   -0.025284    0.083844   -0.214991
 74   42.233093   -0.000008    0.000015   -0.030332    0.066128   -0.147238
 75   42.352112   -0.000031    0.000008   -0.069978    0.175415   -0.299137
 76   42.391785    0.000015   -0.000015   -0.239868    0.405082   -0.702750
 77   42.497498    0.000061    0.000000   -0.094138    0.297488   -0.398469
 78   42.272720    0.000000    0.000031   -0.004076    0.061081   -0.072328
 79   29.239300 -106.786247    1.740902   -0.000467   -0.341674   -1.518155
 80   42.375092    0.000001    0.000000   -0.004546    0.091387   -0.013150
 81   42.546005    0.000010    0.000000   -0.004685    0.120966   -0.018745
 82   42.234497   -0.000005   -0.000008   -0.003603    0.164496   -0.027942
 83   42.465042    0.000002   -0.000004   -0.000402    0.018748    0.011445
 84   42.458008    0.000010    0.000000    0.004246   -0.017204   -0.078663
 85   42.267853   -0.000008   -0.000009   -0.011009   -0.012551    0.304815
 86   42.505890    0.000015    0.000004   -0.009041   -0.032670    0.411551
 87   42.233093   -0.000015   -0.000001    0.002172   -0.008756    0.184743
 88   42.352295    0.000000   -0.000006    0.007787    0.007820    0.394653
 89   42.391739    0.000000   -0.000014    0.006704    0.018368    0.682089
 90   42.497520   -0.000092   -0.000015   -0.003893    0.008601    0.385434
 91   42.272552   -0.000061    0.000023   -0.002909    0.002746    0.159481
time 20
  0    0.000000    0.000000    0.000000    0.000000   -0.000000    0.000000
  1    0.000000    0.000000    0.000000    0.000000   -0.000000    0.000000
  2    0.000000   21.953423  -21.026371    0.019820   -1.391876    1.550803
  3   50.309219   -0.435479    0.000006   -0.000017    0.000000   -0.224711
  4   30.891544   -0.000011    0.000000    0.000017    0.000000   -0.152270
  5   34.635597    0.000008   -0.000002   -0.000000   -0.000000    0.026368
  6   30.584290    0.000013    0.000002   -0.000000   -0.000000    0.159160
  7   31.520187   -0.000004   -0.000004   -0.000000   -0.000000    0.302179
  8   34.241211  -28.000038  -41.878014    0.674235    0.650420    0.165798
  9   34.241135   23.441803  -41.878105   -1.049942    0.751616    0.963599
 10   35.246719  -52.543098    1.319136   -0.220802    0.034088    0.027558
 11   35.246552   52.726318    1.318926   -0.020111    0.196968    1.334858
 12   34.830032  -24.891930   45.588608   -1.162134   -0.482369    0.418392
 13   34.885788   27.636593   43.767822    0.860138   -0.392300    1.099992
 14   29.239319  -51.573360   94.292946    1.143207   -0.904289   -1.928171
 15   42.375069   -0.000004    0.000002   -0.111667    0.041721   -0.026715
 16   42.546074    0.000025    0.000012   -0.061309    0.054927   -0.034357
 17   42.234467    0.000006    0.000001   -0.030229    0.095203   -0.104561
 18   42.464996    0.000008   -0.000011   -0.055906    0.008371    0.134843
 19   42.458099   -0.000051   -0.000008   -0.064016   -0.014032    0.252456
 20   42.267944    0.000046   -0.000006   -0.019984   -0.019201    0.100740
 21   42.505920   -0.000015    0.000007   -0.000635   -0.136179    0.006251
 22   42.233185   -0.000008   -0.000011   -0.013079   -0.241512   -0.042966
 23   42.352264    0.000015   -0.000031   -0.043164   -0.212501   -0.009442
 24   42.391693   -0.000011    0.000015   -0.102749   -0.266466   -0.021920
 25   42.497467    0.000046   -0.000031   -0.147869   -0.235779   -0.044994
 26   42.272797    0.000053    0.000000   -0.146985   -0.155805   -0.055435
 27   29.239330   55.382610   92.214966    0.182838   -1.067565    1.949618
 28   42.375092    0.000004    0.000002    0.046248   -0.007527    0.008895
 29   42.546097   -0.000019    0.000008    0.037397   -0.010201    0.011853
 30   42.234482    0.000061   -0.000009    0.027200   -0.006831    0.008647
 31   42.465027   -0.000038    0.000016    0.018347    0.014699   -0.015791
 32   42.458069   -0.000008    0.000011    0.025431    0.046602   -0.014924
 33   42.267914   -0.000021    0.000021    0.016536    0.015229   -0.025490
 34   42.506042    0.000069    0.000019    0.003809   -0.072007   -0.090393
 35   42.233093   -0.000056    0.000009   -0.007080   -0.071375   -0.089544
 36   42.352264   -0.000076    0.000004    0.062915   -0.279751   -0.392088
 37   42.391693    0.000046    0.000015    0.114494   -0.356077   -0.507085
 38   42.497681   -0.000031   -0.000092    0.033602   -0.186458   -0.238535
 39   42.272621    0.000153   -0.000061    0.006462   -0.050495   -0.061904
 40   29.239353  106.746651    1.740845    0.000490   -0.486477    1.632009
 41   42.375084    0.000000   -0.000023   -0.022821    0.204186   -0.046984
 42   42.546097    0.000009    0.000004    0.001843    0.186137    0.006526
 43   42.234497   -0.000007    0.000009   -0.004388    0.092098   -0.046041
 44   42.465118    0.000000    0.000003   -0.000560    0.000846   -0.169025
 45   42.458130    0.000008    0.000010   -0.000277    0.029260   -0.118188
 46   42.267975    0.000015    0.000008    0.008686   -0.056498   -0.327125
 47   42.505920    0.000015    0.000013   -0.020257   -0.136543   -0.710870
 48   42.233078    0.000031   -0.000010   -0.041289   -0.040931   -0.257809
 49   42.352219    0.000061   -0.000001    0.018806   -0.044675    0.094447
 50   42.391708   -0.000031   -0.000003    0.030435   -0.052387    0.123607
 51   42.497650    0.000000   -0.000019    0.017953   -0.048595    0.059415
 52   42.272675    0.000000    0.000000    0.014851   -0.032909    0.041838
 53   37.032219   50.706913  -91.466866   -0.683034    0.730817    1.371535
 54   42.375084   -0.000011    0.000000   -0.112247    0.136545   -0.151711
 55   42.546066    0.000027    0.000006   -0.110180    0.232561   -0.177757
 56   42.234543   -0.000023   -0.000011   -0.108510    0.312554   -0.304229
 57   42.465027    0.000031    0.000008   -0.061603    0.234450   -0.315398
 58   42.458084    0.000000    0.000046   -0.027685    0.072463   -0.077254
 59   42.267990   -0.000107   -0.000031   -0.022038   -0.083125    0.103251
 60   42.505920    0.000092    0.000046   -0.048590   -0.284584    0.347699
 61   42.233215   -0.000076   -0.000038   -0.010659   -0.210157    0.255459
 62   42.352295   -0.000015   -0.000023   -0.016767   -0.211218    0.246483
 63   42.391632    0.000031   -0.000015   -0.041387   -0.306689    0.369301
 64   42.497650    0.000000   -0.000046   -0.015176   -0.238303    0.294951
 65   42.272736   -0.000031    0.000031    0.001262   -0.104943    0.131781
 66   45.783295  -56.044880  -92.812881   -0.289713    0.631564   -0.950995
 67   42.375084    0.000003   -0.000004    0.141022   -0.051699    0.190578
 68   42.546082   -0.000019    0.000011    0.073336   -0.017457    0.269415
 69   42.234467    0.000008   -0.000008    0.028458   -0.039310    0.099978
 70   42.465042   -0.000069   -0.000031    0.016297   -0.069476    0.039428
 71   42.458084    0.000031    0.000015    0.021717   -0.001633   -0.022821
 72   42.267944   -0.000084   -0.000031    0.001013    0.063843   -0.171871
 73   42.505981    0.000053   -0.000031   -0.019625    0.054002   -0.175249
 74   42.233124   -0.000008    0.000008   -0.028857    0.054798   -0.130141
 75   42.352173    0.000015    0.000015   -0.084256    0.187964   -0.326385
 76   42.391815    0.000031    0.000000   -0.254334    0.403508   -0.707703
 77   42.497482    0.000031    0.000000   -0.086196    0.273331   -0.355152
 78   42.272675   -0.000031   -0.000031   -0.003139    0.045674   -0.052634
 79   29.239319 -106.786255    1.740910   -0.000528   -0.345992   -1.492534
 80   42.375092   -0.000002   -0.000004   -0.008559    0.093661   -0.024446
 81   42.546051   -0.000006   -0.000004   -0.008210    0.123600   -0.032614
 82   42.234482    0.000000   -0.000004   -0.005815    0.167287   -0.045346
 83   42.465042    0.000013    0.000000   -0.000153    0.021114    0.004011
 84   42.458099    0.000004    0.000004    0.004221   -0.019414   -0.070399
 85   42.267914   -0.000004    0.000004   -0.009505   -0.002182    0.237135
 86   42.505859    0.000000    0.000022   -0.012827   -0.018926    0.351273
 87   42.233093   -0.000015   -0.000005   -0.002728   -0.005044    0.169084
 88   42.352234   -0.000015    0.000011   -0.004435    0.014770    0.411807
 89   42.391632    0.000031    0.000003   -0.017705    0.021727    0.777290
 90   42.497559   -0.000092   -0.000031   -0.016198   -0.000334    0.416607
 91   42.272415    0.000061   -0.000006   -0.004754   -0.002214    0.130981
time 21
  0    0.000000    0.000000    0.000000    0.000000   -0.000000    0.000000
  1    0.000000    0.000000    0.000000    0.000000   -0.000000    0.000000
  2    0.000000   21.953423  -21.026371    0.023799   -1.392820    1.546825
  3   50.309212   -0.435479    0.000004   -0.000017    0.000000   -0.224017
  4   30.891544   -0.000009    0.000004    0.000017    0.000000   -0.174084
  5   34.635601    0.000008    0.000004   -0.000000   -0.000000   -0.036033
  6   30.584290    0.000017   -0.000002   -0.000000    0.000000    0.088370
  7   31.520195    0.000004    0.000002   -0.000000   -0.000000    0.244795
  8   34.241196  -28.000031  -41.878006    0.786754    0.654175   -0.021704
  9   34.241135   23.441803  -41.878098   -0.953968    0.701774    0.767500
 10   35.246689  -52.543083    1.319138   -0.135850    0.056069   -0.224369
 11   35.246536   52.726315    1.318920    0.026004    0.128583    1.085956
 12   34.830032  -24.891922   45.588608   -1.063720   -0.486109    0.117185
 13   34.885788   27.636591   43.767826    0.932347   -0.446041    0.817165
 14   29.239319  -51.573353   94.292969    1.118350   -0.872379   -1.897883
 15   42.375076   -0.000002    0.000004   -0.110837    0.029268   -0.021890
 16   42.546074    0.000036    0.000011   -0.059359    0.038241   -0.030890
 17   42.234467    0.000011    0.000010   -0.024380    0.060795   -0.094270
 18   42.464996    0.000015    0.000008   -0.056049    0.019779    0.140786
 19   42.458145   -0.000066   -0.000014   -0.062692    0.038620    0.232233
 20   42.267914    0.000050    0.000027   -0.021954   -0.013855    0.090687
 21   42.505920    0.000008    0.000002    0.001546   -0.165290    0.009972
 22   42.233185   -0.000008    0.000004   -0.014619   -0.267907   -0.020099
 23   42.352173    0.000061    0.000000   -0.044582   -0.218875    0.007684
 24   42.391785   -0.000023   -0.000015   -0.098561   -0.256418    0.000661
 25   42.497498    0.000038   -0.000061   -0.143396   -0.229981   -0.022128
 26   42.272827    0.000099   -0.000031   -0.152838   -0.159658   -0.039907
 27   29.239325   55.382610   92.214966    0.188982   -1.070938    1.943632
 28   42.375053    0.000000   -0.000002    0.046388   -0.005578    0.010022
 29   42.546074   -0.000011    0.000019    0.037345   -0.010128    0.010672
 30   42.234436    0.000061   -0.000005    0.027163   -0.006615    0.007942
 31   42.465027   -0.000038   -0.000004    0.019182    0.022044   -0.007854
 32   42.458115    0.000027    0.000009    0.026328    0.057698   -0.002449
 33   42.267883   -0.000027    0.000015    0.016590    0.024549   -0.015531
 34   42.506104    0.000059    0.000010    0.002769   -0.055440   -0.072011
 35   42.233063   -0.000048    0.000010   -0.008712   -0.046980   -0.061137
 36   42.352234   -0.000092    0.000022    0.038692   -0.204206   -0.292179
 37   42.391724    0.000061    0.000023    0.104999   -0.318334   -0.463299
 38   42.497620    0.000000    0.000000    0.047625   -0.205740   -0.270485
 39   42.272644    0.000122   -0.000061    0.009542   -0.059074   -0.072812
 40   29.239353  106.746567    1.740841    0.000549   -0.489275    1.630946
 41   42.375046   -0.000008    0.000000   -0.020289    0.205635   -0.041552
 42   42.546112    0.000007    0.000008    0.000650    0.184970    0.002235
 43   42.234390    0.000000    0.000003   -0.003837    0.094586   -0.039195
 44   42.465073    0.000002    0.000008   -0.000449    0.009889   -0.128735
 45   42.458069   -0.000004    0.000010    0.000481    0.038084   -0.074025
 46   42.267914    0.000011    0.000019    0.012473   -0.047126   -0.283304
 47   42.505890    0.000000    0.000019   -0.002705   -0.148545   -0.734435
 48   42.233109    0.000092    0.000001   -0.046240   -0.056737   -0.305403
 49   42.352180    0.000061    0.000009    0.013032   -0.048125    0.063415
 50   42.391678    0.000031    0.000007    0.008416   -0.042721    0.032807
 51   42.497604    0.000031   -0.000006   -0.001856   -0.034769   -0.006109
 52   42.272675    0.000031    0.000008   -0.001415   -0.023302   -0.004141
 53   38.135902   50.706902  -91.466431   -0.705682    0.717890    1.346949
 54   42.375092   -0.000010   -0.000008   -0.094544    0.123775   -0.101475
 55   42.546066    0.000027    0.000006   -0.072614    0.188068   -0.069270
 56   42.234528   -0.000031    0.000002   -0.111301    0.328004   -0.327927
 57   42.464981    0.000053    0.000000   -0.086815    0.303178   -0.433566
 58   42.458099    0.000000    0.000031   -0.026215    0.060515   -0.068165
 59   42.267975   -0.000137    0.000015   -0.025099   -0.106146    0.124235
 60   42.505890    0.000061    0.000000   -0.036332   -0.255189    0.298564
 61   42.233124   -0.000084   -0.000008   -0.000208   -0.173452    0.198219
 62   42.352264   -0.000015    0.000000   -0.017047   -0.239439    0.268211
 63   42.391632    0.000061   -0.000023   -0.035308   -0.321544    0.381674
 64   42.497528    0.000061   -0.000046   -0.004894   -0.224855    0.276121
 65   42.272736    0.000031   -0.000061    0.004235   -0.081847    0.103395
 66   45.485592  -56.044842  -92.792282   -0.322591    0.648933   -0.988063
 67   42.375069   -0.000001    0.000004    0.135167   -0.015959    0.173022
 68   42.546127   -0.000008    0.000019    0.071788    0.049375    0.210930
 69   42.234467    0.000008   -0.000011    0.020112   -0.091478    0.147578
 70   42.464966   -0.000053    0.000023    0.005798   -0.135100    0.127745
 71   42.458130    0.000015    0.000008    0.021918   -0.017241   -0.014392
 72   42.267883   -0.000046    0.000046    0.001538    0.048283   -0.169952
 73   42.505920    0.000053    0.000038   -0.012542    0.020461   -0.123110
 74   42.233154    0.000008   -0.000008   -0.028829    0.048258   -0.122215
 75   42.352112   -0.000031    0.000038   -0.112048    0.213127   -0.385988
 76   42.391785    0.000015   -0.000023   -0.274666    0.402881   -0.719054
 77   42.497543    0.000061   -0.000061   -0.068538    0.225619   -0.280726
 78   42.272644   -0.000031   -0.000031    0.000450    0.012647   -0.014179
 79   29.239307 -106.786232    1.740904   -0.000591   -0.349724   -1.467277
 80   42.375099    0.000000    0.000000   -0.011448    0.094636   -0.032340
 81   42.546036    0.000000   -0.000004   -0.010864    0.125424   -0.042715
 82   42.234512    0.000008   -0.000002   -0.007566    0.170417   -0.058660
 83   42.465012   -0.000006    0.000002   -0.000104    0.021088    0.002596
 84   42.458130    0.000011    0.000008    0.002798   -0.024632   -0.044823
 85   42.267944    0.000000   -0.000004   -0.006075    0.009612    0.161628
 86   42.506012   -0.000002    0.000027   -0.012638    0.003995    0.272194
 87   42.233093    0.000023    0.000000   -0.007693    0.005100    0.156339
 88   42.352295    0.000000    0.000006   -0.023289    0.036135    0.444259
 89   42.391663    0.000031   -0.000004   -0.064071    0.038292    0.845697
 90   42.497574    0.000031   -0.000013   -0.035463   -0.012262    0.381561
 91   42.272522    0.000000    0.000017   -0.004625   -0.004012    0.060712
time 22
  0    0.000000    0.000000    0.000000    0.000000   -0.000000    0.000000
  1    0.000000    0.000000    0.000000    0.000000   -0.000000    0.000000
  2    0.000000   21.953424  -21.026375    0.028001   -1.393817    1.542624
  3   50.309219   -0.435479    0.000006   -0.000017    0.000000   -0.219158
  4   30.891548   -0.000011    0.000002    0.000017    0.000000   -0.187316
  5   34.635605    0.000008    0.000002   -0.000000   -0.000000   -0.108685
  6   30.584297    0.000015    0.000000   -0.000000   -0.000000   -0.006371
  7   31.520203   -0.000008    0.000002   -0.000000    0.000000    0.107955
  8   34.241196  -28.000034  -41.878017    0.893494    0.657321   -0.225675
  9   34.241135   23.441807  -41.878109   -0.873557    0.655714    0.553969
 10   35.246704  -52.543091    1.319141   -0.053658    0.074486   -0.490153
 11   35.246536   52.726326    1.318920    0.064641    0.064892    0.822908
 12   34.830032  -24.891930   45.588619   -0.968729   -0.489395   -0.196321
 13   34.885788   27.636589   43.767830    0.992911   -0.495589    0.522154
 14   29.239311  -51.573341   94.292969    1.097122   -0.843928   -1.871958
 15   42.375084   -0.000008   -0.000006   -0.109746    0.018097   -0.018256
 16   42.546082    0.000031    0.000001   -0.057384    0.023228   -0.027886
 17   42.234436    0.000015    0.000004   -0.020927    0.031766   -0.081113
 18   42.464996    0.000008   -0.000005   -0.053549    0.032458    0.132121
 19   42.458145   -0.000066   -0.000010   -0.062491    0.083432    0.188376
 20   42.267914    0.000046    0.000027   -0.023831   -0.017457    0.079468
 21   42.505859    0.000008    0.000031    0.001607   -0.211618    0.034955
 22   42.233185    0.000015    0.000000   -0.018540   -0.283684    0.029228
 23   42.352264    0.000053   -0.000015   -0.039914   -0.211020    0.042746
 24   42.391663   -0.000015   -0.000015   -0.077816   -0.235968    0.052527
 25   42.497406    0.000046    0.000031   -0.122654   -0.226907    0.034024
 26   42.272705    0.000095   -0.000031   -0.159283   -0.173061    0.002778
 27   29.239332   55.382618   92.214966    0.196038   -1.074373    1.936643
 28   42.375084    0.000000   -0.000005    0.046550   -0.003619    0.011386
 29   42.546104   -0.000008    0.000009    0.037377   -0.009405    0.010582
 30   42.234467    0.000061   -0.000010    0.027197   -0.005923    0.007969
 31   42.465027   -0.000046    0.000002    0.019705    0.026742   -0.003203
 32   42.458069    0.000008   -0.000002    0.026733    0.063052    0.003142
 33   42.267792   -0.000046    0.000002    0.016614    0.030210   -0.009471
 34   42.506012    0.000084    0.000008    0.001881   -0.041393   -0.056405
 35   42.233063   -0.000045    0.000013   -0.009350   -0.035212   -0.047286
 36   42.352203   -0.000065    0.000009    0.021352   -0.132254   -0.205508
 37   42.391602    0.000023    0.000015    0.069438   -0.221140   -0.342869
 38   42.497620    0.000000    0.000015    0.051877   -0.178940   -0.256835
 39   42.272644    0.000061    0.000015    0.014045   -0.059479   -0.078823
 40   29.239351  106.746628    1.740845    0.000609   -0.491823    1.631383
 41   42.375069   -0.000002   -0.000023   -0.019085    0.206556   -0.038897
 42   42.546097    0.000000    0.000000   -0.000906    0.183629   -0.003295
 43   42.234451   -0.000001    0.000002   -0.003389    0.096611   -0.033604
 44   42.465118    0.000000   -0.000003   -0.000437    0.017837   -0.097221
 45   42.458099    0.000002    0.000002    0.000634    0.045318   -0.047119
 46   42.267914    0.000008    0.000006    0.013827   -0.039337   -0.237549
 47   42.505920    0.000023    0.000008    0.011422   -0.151864   -0.676885
 48   42.233154    0.000000   -0.000015   -0.047848   -0.080066   -0.348450
 49   42.352219   -0.000031    0.000003   -0.001693   -0.052308   -0.007847
 50   42.391678    0.000061    0.000008   -0.012701   -0.035515   -0.047020
 51   42.497620   -0.000031   -0.000013   -0.014162   -0.025110   -0.045999
 52   42.272690    0.000031    0.000004   -0.009412   -0.014833   -0.028139
 53   39.216057   50.706913  -91.466003   -0.736542    0.702769    1.313472
 54   42.375107   -0.000015    0.000015   -0.074861    0.108383   -0.045409
 55   42.546051    0.000023    0.000000   -0.040881    0.137524    0.040370
 56   42.234528   -0.000029   -0.000002   -0.101124    0.326721   -0.313508
 57   42.464966    0.000038    0.000000   -0.111008    0.365315   -0.541510
 58   42.458084    0.000031    0.000015   -0.024804    0.053989   -0.067062
 59   42.267944   -0.000092    0.000061   -0.028096   -0.125591    0.131995
 60   42.505890    0.000031    0.000015   -0.013619   -0.176917    0.180270
 61   42.233154   -0.000076   -0.000023    0.007188   -0.148621    0.150054
 62   42.352264   -0.000038   -0.000015   -0.019034   -0.292109    0.318682
 63   42.391724    0.000031    0.000000   -0.020191   -0.320600    0.374557
 64   42.497559    0.000046   -0.000015    0.007771   -0.189707    0.231848
 65   42.272705    0.000000   -0.000031    0.004468   -0.048882    0.062275
 66   45.188950  -56.044868  -92.771561   -0.367447    0.669164   -1.038779
 67   42.375107    0.000000   -0.000011    0.127758    0.029886    0.153185
 68   42.546127    0.000008    0.000038    0.067294    0.119807    0.135070
 69   42.234467    0.000038   -0.000017    0.007388   -0.135688    0.203810
 70   42.465042    0.000000    0.000011   -0.019635   -0.213149    0.242860
 71   42.458099    0.000061    0.000000    0.021297   -0.047409    0.010529
 72   42.267914   -0.000046    0.000031    0.005635    0.013530   -0.150210
 73   42.505981    0.000031    0.000023   -0.005749   -0.015909   -0.075326
 74   42.233124    0.000031    0.000015   -0.030398    0.043855   -0.120586
 75   42.352173    0.000015    0.000015   -0.128756    0.217570   -0.405699
 76   42.391846    0.000015   -0.000023   -0.255228    0.365739   -0.650303
 77   42.497528    0.000031    0.000000   -0.063581    0.190757   -0.234843
 78   42.272690   -0.000061    0.000031    0.004830   -0.014737    0.016277
 79   29.239311 -106.786278    1.740906   -0.000656   -0.352863   -1.444443
 80   42.375076    0.000000    0.000004   -0.012432    0.094527   -0.034791
 81   42.546051    0.000001   -0.000004   -0.011512    0.125813   -0.044691
 82   42.234558    0.000004   -0.000004   -0.007824    0.171951   -0.059380
 83   42.465118    0.000000    0.000002    0.000556    0.022933   -0.013781
 84   42.458069    0.000015    0.000015    0.002867   -0.024963   -0.045527
 85   42.267944    0.000019   -0.000008   -0.003441    0.020840    0.090753
 86   42.506012   -0.000005    0.000025   -0.011413    0.030259    0.195022
 87   42.233124   -0.000023    0.000004   -0.011634    0.022271    0.132043
 88   42.352295   -0.000023    0.000000   -0.037198    0.062213    0.342038
 89   42.391724   -0.000061   -0.000004   -0.116459    0.092409    0.759494
 90   42.497581   -0.000153   -0.000028   -0.071699   -0.006790    0.340541
 91   42.272514    0.000061    0.000015    0.000000   -0.000001    0.000000
time 23
  0    0.000000    0.000000    0.000000    0.000000   -0.000000    0.000000
  1    0.000000    0.000000    0.000000    0.000000   -0.000000    0.000000
  2    0.000000   21.953424  -21.026375    0.032421   -1.394866    1.538204
  3   50.309223   -0.435479    0.000004   -0.000017    0.000000   -0.205970
  4   30.891552   -0.000010    0.000000    0.000017    0.000000   -0.194111
  5   34.635601    0.000004   -0.000006   -0.000000    0.000000   -0.177732
  6   30.584305    0.000015    0.000000   -0.000000   -0.000000   -0.106592
  7   31.520203    0.000000    0.000004   -0.000000   -0.000000   -0.055371
  8   34.241196  -28.000042  -41.878021    0.965153    0.658641   -0.412348
  9   34.241135   23.441811  -41.878113   -0.839837    0.617767    0.358205
 10   35.246719  -52.543098    1.319138    0.005212    0.082209   -0.719651
 11   35.246552   52.726326    1.318926    0.080844    0.015814    0.594993
 12   34.830032  -24.891945   45.588623   -0.901845   -0.496985   -0.459713
 13   34.885773   27.636589   43.767838    1.018445   -0.535944    0.273196
 14   29.239319  -51.573360   94.292999    1.080114   -0.820970   -1.851250
 15   42.375069   -0.000010   -0.000006   -0.108584    0.008976   -0.015722
 16   42.546089    0.000023   -0.000010   -0.055641    0.010815   -0.025207
 17   42.234482    0.000031    0.000009   -0.019331    0.009113   -0.067719
 18   42.464996   -0.000008   -0.000007   -0.049636    0.044914    0.112000
 19   42.458099   -0.000046   -0.000001   -0.062577    0.116965    0.131213
 20   42.267944    0.000031    0.000000   -0.025033   -0.027295    0.073120
 21   42.505890   -0.000008    0.000015   -0.004718   -0.260995    0.084852
 22   42.233185    0.000008   -0.000008   -0.021731   -0.287782    0.080975
 23   42.352295    0.000092   -0.000046   -0.026928   -0.191581    0.081843
 24   42.391754    0.000031   -0.000031   -0.034037   -0.208120    0.118309
 25   42.497437    0.000061   -0.000061   -0.049436   -0.210404    0.112347
 26   42.272766    0.000122    0.000000   -0.079991   -0.168800    0.076247
 27   29.239334   55.382641   92.214996    0.202996   -1.077631    1.929837
 28   42.375084    0.000004   -0.000007    0.046708   -0.001879    0.012629
 29   42.546104   -0.000015    0.000011    0.037452   -0.008421    0.011040
 30   42.234436    0.000061   -0.000013    0.027264   -0.005045    0.008347
 31   42.465042   -0.000038    0.000009    0.019983    0.029523   -0.000953
 32   42.458069    0.000011   -0.000012    0.026791    0.064715    0.004294
 33   42.267975   -0.000027    0.000011    0.016613    0.033163   -0.006334
 34   42.506042    0.000065   -0.000008    0.001204   -0.030189   -0.043915
 35   42.233063   -0.000046   -0.000004   -0.009584   -0.029972   -0.041073
 36   42.352234   -0.000096    0.000006    0.010015   -0.068870   -0.132645
 37   42.391693    0.000069    0.000032    0.033292   -0.102461   -0.196336
 38   42.497711    0.000000    0.000000    0.033392   -0.095930   -0.173407
 39   42.272552    0.000076    0.000008    0.014287   -0.039429   -0.066790
 40   29.239357  106.746704    1.740843    0.000671   -0.494290    1.632782
 41   42.375069    0.000010   -0.000015   -0.018729    0.207248   -0.037989
 42   42.546112   -0.000007    0.000004   -0.002605    0.182280   -0.009259
 43   42.234497   -0.000001   -0.000005   -0.003022    0.098234   -0.029086
 44   42.465103   -0.000006    0.000001   -0.000432    0.025005   -0.071896
 45   42.458099   -0.000008    0.000006    0.000575    0.051954   -0.030063
 46   42.267975    0.000010    0.000004    0.013788   -0.033866   -0.195330
 47   42.505951    0.000008    0.000008    0.018813   -0.145831   -0.544832
 48   42.233154    0.000061   -0.000010   -0.045074   -0.108890   -0.395005
 49   42.352219    0.000000    0.000004   -0.029703   -0.060825   -0.134797
 50   42.391678    0.000031    0.000006   -0.029923   -0.030895   -0.106074
 51   42.497620   -0.000031   -0.000006   -0.022835   -0.018157   -0.072853
 52   42.272705   -0.000031    0.000012   -0.013262   -0.008975   -0.039957
 53   40.279289   50.706932  -91.465546   -0.766701    0.687844    1.280860
 54   42.375084   -0.000008    0.000000   -0.056198    0.091971    0.008448
 55   42.546112    0.000027    0.000029   -0.020164    0.091722    0.130605
 56   42.234558   -0.000025   -0.000010   -0.077801    0.299069   -0.247212
 57   42.465027    0.000042    0.000008   -0.130550    0.420446   -0.629734
 58   42.458084    0.000015   -0.000015   -0.023146    0.060782   -0.085796
 59   42.268005   -0.000107    0.000000   -0.025150   -0.112498    0.088124
 60   42.505890    0.000122    0.000031   -0.000328   -0.082953    0.045333
 61   42.233185   -0.000092    0.000015    0.011655   -0.136799    0.118373
 62   42.352264    0.000031    0.000000   -0.018450   -0.337584    0.363519
 63   42.391724    0.000031    0.000038   -0.002531   -0.304877    0.346607
 64   42.497498    0.000015   -0.000031    0.016232   -0.162167    0.196340
 65   42.272766    0.000061   -0.000015    0.004453   -0.035840    0.045682
 66   44.893414  -56.044884  -92.750717   -0.416613    0.688609   -1.093927
 67   42.375092   -0.000011   -0.000008    0.119963    0.076602    0.133399
 68   42.546112   -0.000001    0.000019    0.061445    0.166473    0.071305
 69   42.234467    0.000036   -0.000017    0.003272   -0.134184    0.217749
 70   42.465012   -0.000046    0.000002   -0.063582   -0.288186    0.374059
 71   42.458069    0.000031    0.000015    0.016500   -0.096134    0.058673
 72   42.267944   -0.000076    0.000053    0.011346   -0.036097   -0.116816
 73   42.505981    0.000061    0.000000    0.000316   -0.049139   -0.034571
 74   42.233093    0.000015    0.000031   -0.031552    0.041106   -0.117234
 75   42.352203   -0.000046    0.000061   -0.118314    0.198359   -0.363025
 76   42.391754    0.000015   -0.000023   -0.190087    0.290238   -0.507256
 77   42.497467    0.000000    0.000046   -0.069358    0.173794   -0.226231
 78   42.272705    0.000000   -0.000015    0.004719   -0.010099    0.011676
 79   29.239319 -106.786324    1.740910   -0.000722   -0.355763   -1.422786
 80   42.375114    0.000005   -0.000011   -0.012151    0.093879   -0.033705
 81   42.546051   -0.000009   -0.000004   -0.010763    0.125280   -0.041200
 82   42.234528   -0.000005   -0.000006   -0.007002    0.172231   -0.051535
 83   42.465042    0.000017    0.000010    0.001501    0.026397   -0.041377
 84   42.458038    0.000004    0.000008    0.004082   -0.021868   -0.065355
 85   42.267944    0.000004    0.000011   -0.001285    0.029428    0.031787
 86   42.506012    0.000000    0.000027   -0.008266    0.056571    0.117731
 87   42.233154    0.000004    0.000008   -0.011171    0.042395    0.087737
 88   42.352356    0.000008    0.000008   -0.026237    0.046293    0.153971
 89   42.391754   -0.000015    0.000015   -0.059591    0.077769    0.274776
 90   42.497650   -0.000061    0.000008   -0.058695    0.043362    0.201392
 91   42.272552   -0.000031    0.000031    0.004065   -0.001870   -0.012288
time 24
  0    0.000000    0.000000    0.000000    0.000000   -0.000000    0.000000
  1    0.000000    0.000000    0.000000    0.000000   -0.000000    0.000000
  2    0.000000   21.953419  -21.026371    0.037056   -1.395965    1.533571
  3   50.309196   -0.435479    0.000002   -0.000017    0.000000   -0.180288
  4   30.891533   -0.000013   -0.000004    0.000017    0.000000   -0.196614
  5   34.635586    0.000002   -0.000002   -0.000000   -0.000000   -0.229320
  6   30.584274    0.000011    0.000000   -0.000000    0.000000   -0.193824
  7   31.520187    0.000008    0.000004   -0.000000    0.000000   -0.192211
  8   34.241180  -28.000027  -41.878006    1.001227    0.650694   -0.612577
  9   34.241104   23.441788  -41.878090   -0.840789    0.586922    0.147625
 10   35.246689  -52.543068    1.319138    0.039524    0.076690   -0.941720
 11   35.246521   52.726295    1.318926    0.077672   -0.018403    0.373007
 12   34.830002  -24.891918   45.588604   -0.865254   -0.511598   -0.700993
 13   34.885757   27.636574   43.767815    1.018629   -0.567874    0.043031
 14   29.239304  -51.573341   94.292938    1.067890   -0.805545   -1.836536
 15   42.375053    0.000000   -0.000010   -0.107629    0.002610   -0.014101
 16   42.546104    0.000032    0.000004   -0.054421    0.002058   -0.022913
 17   42.234497    0.000027    0.000006   -0.019040   -0.005982   -0.056483
 18   42.464981    0.000027   -0.000009   -0.045333    0.053998    0.087414
 19   42.458130   -0.000053   -0.000004   -0.060774    0.136130    0.076211
 20   42.267944    0.000033   -0.000015   -0.025894   -0.038225    0.072633
 21   42.505890    0.000011    0.000010   -0.016393   -0.297461    0.142749
 22   42.233246    0.000008   -0.000023   -0.021684   -0.282669    0.119111
 23   42.352264    0.000038    0.000000   -0.010729   -0.172064    0.113731
 24   42.391724   -0.000015    0.000031    0.020243   -0.179914    0.176497
 25   42.497559    0.000015   -0.000031    0.065953   -0.176952    0.180596
 26   42.272797    0.000092    0.000000    0.127362   -0.129109    0.143662
 27   29.239317   55.382607   92.214958    0.208807   -1.080487    1.924441
 28   42.375061    0.000004    0.000007    0.046831   -0.000589    0.013397
 29   42.546112   -0.000027    0.000013    0.037524   -0.007569    0.011494
 30   42.234467    0.000065   -0.000016    0.027324   -0.004277    0.008694
 31   42.465012   -0.000046    0.000008    0.020105    0.031137   -0.000190
 32   42.458069   -0.000004   -0.000002    0.026708    0.064836    0.003581
 33   42.267853   -0.000034    0.000015    0.016599    0.034359   -0.005114
 34   42.506073    0.000072    0.000019    0.000806   -0.023133   -0.035901
 35   42.233063   -0.000032    0.000011   -0.009575   -0.029002   -0.039697
 36   42.352203   -0.000099   -0.000004    0.003604   -0.020156   -0.076629
 37   42.391693    0.000019   -0.000010    0.014759   -0.019170   -0.090246
 38   42.497589    0.000038   -0.000001    0.014023   -0.021272   -0.084066
 39   42.272644    0.000092   -0.000006    0.009117   -0.011441   -0.042779
 40   29.239334  106.746613    1.740835    0.000734   -0.496837    1.634596
 41   42.375053    0.000002    0.000000   -0.018726    0.207999   -0.037795
 42   42.546127    0.000002    0.000008   -0.004216    0.181080   -0.014843
 43   42.234467    0.000000    0.000003   -0.002706    0.099544   -0.025339
 44   42.465088    0.000001    0.000005   -0.000392    0.031528   -0.051070
 45   42.458069   -0.000005    0.000010    0.000434    0.058364   -0.018047
 46   42.267914   -0.000008    0.000011    0.012844   -0.030173   -0.156683
 47   42.505890    0.000008    0.000021    0.018767   -0.130099   -0.373515
 48   42.233093   -0.000015    0.000008   -0.034837   -0.133861   -0.428720
 49   42.352219    0.000061    0.000011   -0.062867   -0.083114   -0.296361
 50   42.391678    0.000000    0.000013   -0.044614   -0.029615   -0.153491
 51   42.497635    0.000000    0.000002   -0.029987   -0.013632   -0.094083
 52   42.272705    0.000061    0.000019   -0.015783   -0.005420   -0.047572
 53   41.332169   50.706894  -91.465012   -0.787638    0.676166    1.258349
 54   42.375069   -0.000004   -0.000008   -0.041462    0.077291    0.051643
 55   42.546066    0.000034    0.000006   -0.009211    0.058375    0.190734
 56   42.234528   -0.000020   -0.000019   -0.055001    0.255290   -0.159506
 57   42.465027    0.000040    0.000015   -0.134346    0.455882   -0.663641
 58   42.458054    0.000015   -0.000031   -0.020438    0.083936   -0.126321
 59   42.267944   -0.000153    0.000000   -0.017898   -0.065624   -0.004651
 60   42.505875    0.000092    0.000031   -0.000110   -0.003276   -0.066205
 61   42.233185   -0.000076   -0.000015    0.014035   -0.127774    0.095990
 62   42.352234    0.000015   -0.000008   -0.013599   -0.355915    0.374891
 63   42.391693   -0.000031   -0.000015    0.010098   -0.290925    0.316948
 64   42.497528    0.000031   -0.000015    0.022408   -0.157609    0.185640
 65   42.272614    0.000000    0.000000    0.005766   -0.034851    0.043683
 66   44.598991  -56.044846  -92.729706   -0.456417    0.702605   -1.137958
 67   42.375069    0.000002    0.000000    0.113076    0.115416    0.115950
 68   42.546082    0.000001    0.000025    0.057410    0.186781    0.033178
 69   42.234436    0.000017   -0.000019    0.010107   -0.096546    0.186401
 70   42.465027   -0.000038   -0.000006   -0.105068   -0.325552    0.470219
 71   42.458099    0.000061   -0.000015    0.002729   -0.159115    0.127889
 72   42.267914   -0.000061    0.000015    0.016059   -0.096319   -0.074939
 73   42.506042    0.000092    0.000000    0.005114   -0.074091   -0.002751
 74   42.233124    0.000000    0.000015   -0.032800    0.042539   -0.114417
 75   42.352112   -0.000031   -0.000015   -0.102482    0.180713   -0.312830
 76   42.391815    0.000031   -0.000038   -0.122452    0.213599   -0.361662
 77   42.497620    0.000092   -0.000031   -0.065494    0.151098   -0.209511
 78   42.272675    0.000000   -0.000046   -0.001758    0.012515   -0.015430
 79   29.239305 -106.786232    1.740902   -0.000790   -0.358743   -1.401015
 80   42.375092   -0.000014   -0.000004   -0.011283    0.093164   -0.031019
 81   42.546005    0.000006    0.000004   -0.009284    0.124349   -0.035017
 82   42.234497   -0.000013   -0.000011   -0.005524    0.171568   -0.039304
 83   42.465073    0.000002   -0.000001    0.002335    0.031150   -0.075906
 84   42.458038    0.000011   -0.000004    0.006013   -0.016681   -0.097570
 85   42.267822    0.000000   -0.000015    0.000393    0.033927   -0.008708
 86   42.505981   -0.000008    0.000002   -0.004779    0.074514    0.060267
 87   42.233093    0.000008   -0.000011   -0.006977    0.058362    0.044816
 88   42.352386    0.000008   -0.000023   -0.017235    0.015216    0.080196
 89   42.391602    0.000017    0.000000   -0.019036    0.020753    0.082562
 90   42.497437   -0.000004   -0.000046   -0.016760    0.018498    0.066537
 91   42.272522    0.000000    0.000008   -0.005460    0.005241    0.020190
time 25
  0    0.000000    0.000000    0.000000    0.000000   -0.000000    0.000000
  1    0.000000    0.000000    0.000000    0.000000   -0.000000    0.000000
  2    0.000000   21.953423  -21.026371    0.041902   -1.397115    1.528726
  3   50.309219   -0.435479    0.000006   -0.000017    0.000000   -0.137947
  4   30.891541   -0.000012    0.000002    0.000017    0.000000   -0.196971
  5   34.635601    0.000008    0.000000   -0.000000   -0.000000   -0.249595
  6   30.584290    0.000019   -0.000002   -0.000000   -0.000000   -0.249594
  7   31.520187   -0.000008   -0.000004   -0.000000    0.000000   -0.249596
  8   34.241196  -28.000023  -41.878014    1.023107    0.631743   -0.848873
  9   34.241119   23.441788  -41.878098   -0.843059    0.560292   -0.101236
 10   35.246704  -52.543076    1.319143    0.062987    0.063528   -1.189788
 11   35.246536   52.726295    1.318918    0.070106   -0.044375    0.124099
 12   34.830017  -24.891930   45.588612   -0.842499   -0.530062   -0.961769
 13   34.885773   27.636589   43.767826    1.018741   -0.594711   -0.207166
 14   29.239307  -51.573364   94.292969    1.061120   -0.799640   -1.828675
 15   42.375092   -0.000006   -0.000009   -0.107185   -0.000380   -0.013134
 16   42.546097    0.000029   -0.000001   -0.053985   -0.001984   -0.021216
 17   42.234482    0.000000    0.000003   -0.019601   -0.012269   -0.049407
 18   42.465012    0.000015    0.000013   -0.041806    0.056184    0.069496
 19   42.458099   -0.000053    0.000004   -0.057048    0.139813    0.042149
 20   42.268005    0.000031   -0.000004   -0.025927   -0.044315    0.072358
 21   42.505920   -0.000009    0.000010   -0.024327   -0.309784    0.176402
 22   42.233154    0.000000    0.000015   -0.020142   -0.276554    0.136717
 23   42.352264    0.000076   -0.000015   -0.001200   -0.163407    0.130821
 24   42.391693   -0.000031   -0.000046    0.052389   -0.166972    0.207647
 25   42.497498    0.000061   -0.000031    0.134802   -0.154083    0.211589
 26   42.272781    0.000122    0.000000    0.234795   -0.096418    0.168278
 27   29.239330   55.382648   92.214989    0.212391   -1.082728    1.921717
 28   42.375069    0.000004    0.000001    0.046886    0.000025    0.013333
 29   42.546082   -0.000015    0.000019    0.037541   -0.007247    0.011386
 30   42.234482    0.000061   -0.000002    0.027338   -0.003912    0.008629
 31   42.465027   -0.000038    0.000007    0.020175    0.032361    0.000042
 32   42.458099   -0.000008    0.000001    0.026698    0.065613    0.003631
 33   42.267853   -0.000023    0.000017    0.016575    0.034635   -0.004920
 34   42.506012    0.000061    0.000034    0.000751   -0.021899   -0.034087
 35   42.233063   -0.000032    0.000002   -0.009364   -0.031755   -0.042049
 36   42.352234   -0.000110   -0.000006    0.001056    0.004574   -0.045414
 37   42.391785    0.000047   -0.000017    0.008694    0.016726   -0.040509
 38   42.497742    0.000023   -0.000006    0.006349    0.008677   -0.037508
 39   42.272583    0.000084    0.000008    0.004940    0.005160   -0.022969
 40   29.239346  106.746674    1.740841    0.000799   -0.499636    1.636282
 41   42.375061    0.000010    0.000000   -0.018570    0.209097   -0.037282
 42   42.546097   -0.000007   -0.000004   -0.005508    0.180182   -0.019250
 43   42.234497    0.000008   -0.000005   -0.002401    0.100658   -0.021976
 44   42.465073    0.000002   -0.000006   -0.000306    0.037408   -0.033541
 45   42.458008    0.000010   -0.000006    0.000220    0.064424   -0.007710
 46   42.267975    0.000003    0.000004    0.011348   -0.027293   -0.122579
 47   42.505890    0.000000    0.000002    0.014537   -0.111557   -0.225946
 48   42.233093    0.000046   -0.000017   -0.019076   -0.139538   -0.400479
 49   42.352203    0.000000    0.000004   -0.085424   -0.123179   -0.465199
 50   42.391647   -0.000031    0.000011   -0.060437   -0.033379   -0.204940
 51   42.497650    0.000031   -0.000002   -0.037368   -0.011443   -0.115238
 52   42.272705   -0.000031    0.000015   -0.018650   -0.003415   -0.055789
 53   42.381355   50.706913  -91.464584   -0.791049    0.671155    1.254885
 54   42.375084   -0.000015   -0.000008   -0.033259    0.067840    0.075681
 55   42.546066    0.000029    0.000004   -0.004797    0.040598    0.217453
 56   42.234528   -0.000031    0.000006   -0.043946    0.224730   -0.101821
 57   42.465027    0.000030    0.000011   -0.115205    0.459037   -0.619264
 58   42.458069    0.000031    0.000031   -0.016572    0.110251   -0.166923
 59   42.267960   -0.000122    0.000046   -0.012454   -0.004896   -0.113241
 60   42.505920    0.000122    0.000015   -0.004784    0.049120   -0.138521
 61   42.233185   -0.000107   -0.000031    0.014744   -0.118380    0.078672
 62   42.352295   -0.000015    0.000046   -0.007836   -0.353644    0.358947
 63   42.391754    0.000008    0.000008    0.017874   -0.280262    0.287669
 64   42.497528    0.000061    0.000015    0.028224   -0.165205    0.184667
 65   42.272736    0.000031   -0.000031    0.008501   -0.040415    0.048653
 66   44.305824  -56.044884  -92.708694   -0.468244    0.706333   -1.150099
 67   42.375107   -0.000008   -0.000004    0.107275    0.143175    0.100134
 68   42.546097   -0.000006    0.000008    0.055595    0.195035    0.015888
 69   42.234512    0.000031   -0.000019    0.017112   -0.060011    0.150412
 70   42.465012   -0.000027   -0.000018   -0.111696   -0.307008    0.477450
 71   42.458084    0.000061   -0.000038   -0.015895   -0.215341    0.184160
 72   42.267883   -0.000046   -0.000015    0.018038   -0.167945   -0.019002
 73   42.505920    0.000046    0.000000    0.007999   -0.083469    0.014848
 74   42.233154    0.000000   -0.000046   -0.037606    0.055008   -0.122404
 75   42.352234   -0.000031    0.000000   -0.089320    0.167590   -0.272131
 76   42.391785    0.000015   -0.000008   -0.081324    0.162687   -0.264896
 77   42.497559    0.000038   -0.000069   -0.050425    0.120430   -0.170511
 78   42.272675    0.000061   -0.000015   -0.003936    0.018110   -0.023361
 79   29.239309 -106.786316    1.740904   -0.000858   -0.362090   -1.377794
 80   42.375107    0.000001   -0.000004   -0.010538    0.092796   -0.028682
 81   42.546036    0.000002    0.000004   -0.007831    0.123545   -0.029108
 82   42.234528    0.000006   -0.000010   -0.003956    0.170442   -0.027260
 83   42.465134   -0.000004    0.000002    0.002782    0.036496   -0.111584
 84   42.458069    0.000004   -0.000004    0.008337   -0.010469   -0.136662
 85   42.267883    0.000008    0.000002    0.001388    0.033993   -0.027592
 86   42.505951    0.000008    0.000019   -0.004379    0.076456    0.051624
 87   42.233032    0.000008   -0.000004   -0.005335    0.067668    0.032604
 88   42.352295    0.000000    0.000015   -0.015936    0.008710    0.068600
 89   42.391724   -0.000002    0.000000   -0.015378    0.009095    0.063798
 90   42.497681   -0.000012    0.000008   -0.013640    0.012610    0.054448
 91   42.272644   -0.000019    0.000015   -0.005638    0.004647    0.021418
time 26
  0    0.000000    0.000000    0.000000    0.000000   -0.000000    0.000000
  1    0.000000    0.000000    0.000000    0.000000   -0.000000    0.000000
  2    0.000000   21.953421  -21.026371    0.046954   -1.398313    1.523676
  3   50.309212   -0.435479    0.000002   -0.000017    0.000000   -0.058804
  4   30.891541   -0.000011    0.000000    0.000017    0.000000   -0.172568
  5   34.635597    0.000008    0.000000   -0.000000   -0.000000   -0.244057
  6   30.584282    0.000023    0.000002   -0.000000    0.000000   -0.277152
  7   31.520187    0.000000    0.000004   -0.000000   -0.000000   -0.246215
  8   34.241211  -28.000015  -41.878002    1.034343    0.609125   -1.074956
  9   34.241119   23.441803  -41.878101   -0.845768    0.539393   -0.339504
 10   35.246689  -52.543072    1.319134    0.077453    0.047819   -1.420571
 11   35.246552   52.726318    1.318928    0.061077   -0.062469   -0.107927
 12   34.830017  -24.891922   45.588608   -0.830302   -0.548298   -1.200039
 13   34.885773   27.636581   43.767822    1.018798   -0.615305   -0.436505
 14   29.239323  -51.573353   94.292938    1.059296   -0.798630   -1.826773
 15   42.375069   -0.000002   -0.000009   -0.107520   -0.000417   -0.010892
 16   42.546089    0.000032    0.000017   -0.054656   -0.002074   -0.017633
 17   42.234467    0.000004   -0.000002   -0.021827   -0.011592   -0.040679
 18   42.465027    0.000008   -0.000015   -0.038460    0.053061    0.056658
 19   42.458115   -0.000067   -0.000011   -0.052395    0.135042    0.022149
 20   42.267944    0.000008    0.000011   -0.024042   -0.047977    0.067225
 21   42.505859   -0.000003    0.000027   -0.025519   -0.311390    0.181469
 22   42.233124    0.000008   -0.000038   -0.019587   -0.274934    0.139463
 23   42.352295    0.000053   -0.000015   -0.001067   -0.166216    0.133948
 24   42.391785   -0.000015    0.000000    0.052939   -0.174282    0.213033
 25   42.497498    0.000031    0.000031    0.139293   -0.158107    0.213611
 26   42.272736    0.000122    0.000000    0.247980   -0.096392    0.168247
 27   29.239334   55.382618   92.214951    0.203367   -1.082053    1.933837
 28   42.375084    0.000000    0.000009    0.046551   -0.002659    0.008562
 29   42.546097   -0.000008    0.000006    0.037285   -0.009227    0.008356
 30   42.234482    0.000061   -0.000010    0.027103   -0.005455    0.006297
 31   42.465012   -0.000031    0.000001    0.019751    0.029846   -0.004282
 32   42.458099   -0.000015    0.000000    0.026074    0.059402   -0.004775
 33   42.267883   -0.000050   -0.000015    0.016539    0.031220   -0.009134
 34   42.506073    0.000053    0.000000    0.000390   -0.016593   -0.027261
 35   42.233124   -0.000032    0.000017   -0.009910   -0.025187   -0.033672
 36   42.352264   -0.000087    0.000021   -0.000170    0.019147   -0.024272
 37   42.391663    0.000073   -0.000002    0.006382    0.035309   -0.015866
 38   42.497620    0.000032   -0.000008    0.003557    0.022687   -0.017268
 39   42.272644    0.000118    0.000031    0.002825    0.015860   -0.012161
 40   29.239349  106.746613    1.740839    0.000864   -0.502764    1.637898
 41   42.375084    0.000000   -0.000015   -0.018318    0.210637   -0.036564
 42   42.546112    0.000008   -0.000008   -0.006509    0.179576   -0.022614
 43   42.234451   -0.000002   -0.000008   -0.002114    0.101556   -0.018993
 44   42.465118    0.000000   -0.000007   -0.000202    0.042582   -0.019573
 45   42.458069   -0.000001    0.000000    0.000024    0.069913   -0.000715
 46   42.268005    0.000009    0.000011    0.009126   -0.024827   -0.089384
 47   42.505859   -0.000010    0.000004    0.008189   -0.093888   -0.106753
 48   42.233124   -0.000015   -0.000005   -0.004949   -0.118568   -0.287590
 49   42.352295    0.000000   -0.000004   -0.082390   -0.176441   -0.628585
 50   42.391647   -0.000031   -0.000004   -0.083884   -0.047554   -0.287527
 51   42.497681   -0.000061   -0.000019   -0.047905   -0.011294   -0.144873
 52   42.272720    0.000061    0.000010   -0.023209   -0.002006   -0.068398
 53   43.246483   50.706898  -91.463989   -0.775486    0.672411    1.272063
 54   42.375092   -0.000004   -0.000004   -0.031194    0.065813    0.081674
 55   42.546082    0.000031    0.000019   -0.004364    0.037800    0.217849
 56   42.234558   -0.000023    0.000008   -0.040660    0.213793   -0.079170
 57   42.465027    0.000051    0.000000   -0.085657    0.434436   -0.530470
 58   42.458099    0.000046    0.000015   -0.012641    0.129676   -0.193641
 59   42.267960   -0.000092    0.000015   -0.010923    0.055233   -0.213288
 60   42.505920    0.000092    0.000000   -0.008688    0.079755   -0.180558
 61   42.233185   -0.000122   -0.000015    0.014724   -0.116030    0.071067
 62   42.352264    0.000000    0.000015   -0.002558   -0.341487    0.332667
 63   42.391663    0.000092    0.000015    0.022457   -0.259567    0.248680
 64   42.497620    0.000031   -0.000015    0.032100   -0.168108    0.175122
 65   42.272736   -0.000008   -0.000015    0.011082   -0.045868    0.051797
 66   44.013885  -56.044876  -92.687515   -0.462074    0.704358   -1.141782
 67   42.375092   -0.000008   -0.000015    0.102901    0.160448    0.087656
 68   42.546112   -0.000004    0.000023    0.055150    0.198285    0.010878
 69   42.234482    0.000024   -0.000015    0.021522   -0.035161    0.123916
 70   42.464966   -0.000048    0.000002   -0.088556   -0.253799    0.415492
 71   42.458099    0.000061   -0.000008   -0.028421   -0.248212    0.207108
 72   42.267914   -0.000046    0.000015    0.016612   -0.229073    0.036385
 73   42.505966    0.000031    0.000061    0.008455   -0.079147    0.016180
 74   42.233154    0.000031    0.000061   -0.039423    0.063531   -0.120788
 75   42.352142   -0.000031    0.000015   -0.057715    0.117910   -0.188851
 76   42.391785    0.000015    0.000031   -0.045822    0.099940   -0.171857
 77   42.497559    0.000046    0.000023   -0.030500    0.070937   -0.111693
 78   42.272705    0.000038    0.000008   -0.001241    0.008417   -0.012462
 79   29.239313 -106.786270    1.740902   -0.000928   -0.371825   -1.334446
 80   42.375107    0.000000   -0.000008   -0.012343    0.096547   -0.032695
 81   42.546036   -0.000002   -0.000004   -0.008705    0.126784   -0.031660
 82   42.234512   -0.000002   -0.000002   -0.004215    0.168966   -0.028524
 83   42.465042   -0.000008    0.000006    0.002628    0.037808   -0.126628
 84   42.458099    0.000004    0.000006    0.008573   -0.009196   -0.147550
 85   42.267914    0.000023    0.000008    0.002117    0.033275   -0.043599
 86   42.505920    0.000000    0.000019   -0.001941    0.075912    0.023634
 87   42.233063    0.000015   -0.000008   -0.000469    0.075237    0.002984
 88   42.352325    0.000008    0.000000   -0.019291    0.020490    0.081094
 89   42.391754    0.000008    0.000015   -0.024698    0.012715    0.095576
 90   42.497681    0.000004   -0.000008   -0.023049    0.019992    0.084883
 91   42.272522    0.000004    0.000038   -0.010803    0.007808    0.037053
time 27
  0    0.000000    0.000000    0.000000    0.000000   -0.000000    0.000000
  1    0.000000    0.000000    0.000000    0.000000   -0.000000    0.000000
  2    0.000000   21.953423  -21.026371    0.052207   -1.399560    1.518423
  3   50.309212   -0.435479    0.000004   -0.000017    0.000000    0.054637
  4   30.891541   -0.000010   -0.000002    0.000017    0.000000   -0.111546
  5   34.635597    0.000006    0.000002   -0.000000   -0.000000   -0.227609
  6   30.584290    0.000017   -0.000006   -0.000000   -0.000000   -0.293867
  7   31.520180    0.000000   -0.000002   -0.000000    0.000000   -0.234911
  8   34.241180  -28.000031  -41.878014    1.038483    0.590175   -1.244545
  9   34.241119   23.441795  -41.878105   -0.848038    0.525743   -0.518306
 10   35.246704  -52.543095    1.319141    0.084774    0.034658   -1.590783
 11   35.246536   52.726303    1.318922    0.053512   -0.073055   -0.279266
 12   34.830032  -24.891922   45.588612   -0.825387   -0.562230   -1.373802
 13   34.885773   27.636589   43.767826    1.018819   -0.628506   -0.604095
 14   29.239317  -51.573349   94.292961    1.060135   -0.797123   -1.827883
 15   42.375069   -0.000002   -0.000014   -0.108455    0.001124   -0.006666
 16   42.546097    0.000032    0.000006   -0.056206   -0.000270   -0.010976
 17   42.234436    0.000025    0.000018   -0.025727   -0.007795   -0.026158
 18   42.464996    0.000015    0.000000   -0.034259    0.048737    0.040275
 19   42.458038   -0.000059   -0.000023   -0.046868    0.129336    0.000057
 20   42.267914    0.000000    0.000000   -0.020812   -0.053432    0.059027
 21   42.505829   -0.000014   -0.000008   -0.024835   -0.317256    0.178465
 22   42.233154    0.000011   -0.000023   -0.020021   -0.277080    0.137720
 23   42.352264    0.000046    0.000000   -0.005171   -0.173118    0.129865
 24   42.391693   -0.000015    0.000031    0.037886   -0.190462    0.205456
 25   42.497467    0.000000   -0.000031    0.112978   -0.176341    0.203925
 26   42.272827    0.000122   -0.000031    0.227944   -0.113492    0.160262
 27   29.239325   55.382629   92.214966    0.177516   -1.077160    1.965824
 28   42.375061   -0.000004   -0.000013    0.045730   -0.009831   -0.002628
 29   42.546089   -0.000019    0.000002    0.036675   -0.014246    0.001435
 30   42.234451    0.000057   -0.000016    0.026524   -0.009620    0.000834
 31   42.465027   -0.000046   -0.000005    0.018569    0.021346   -0.015809
 32   42.458099   -0.000004   -0.000002    0.024510    0.040011   -0.028814
 33   42.267853   -0.000034   -0.000008    0.016502    0.023386   -0.018487
 34   42.505981    0.000060    0.000011   -0.000479    0.002901   -0.004726
 35   42.233063   -0.000023    0.000015   -0.011111   -0.003931   -0.009366
 36   42.352264   -0.000096    0.000017   -0.001156    0.038415    0.001832
 37   42.391754    0.000059   -0.000008    0.004477    0.058105    0.009792
 38   42.497528    0.000033   -0.000008    0.000642    0.042827    0.004916
 39   42.272522    0.000124    0.000038   -0.000182    0.033449    0.003814
 40   29.239349  106.746658    1.740841    0.000929   -0.506125    1.639807
 41   42.375084   -0.000004   -0.000023   -0.018313    0.212439   -0.036329
 42   42.546188    0.000000   -0.000004   -0.007374    0.179157   -0.025474
 43   42.234482    0.000000    0.000005   -0.001887    0.102185   -0.016677
 44   42.465057    0.000009    0.000006   -0.000112    0.047075   -0.009780
 45   42.458069    0.000002    0.000008   -0.000037    0.074980    0.001065
 46   42.268005    0.000003    0.000019    0.006066   -0.023260   -0.054894
 47   42.505951   -0.000003    0.000019    0.000947   -0.078599   -0.010874
 48   42.233093    0.000010    0.000007    0.001070   -0.077656   -0.129366
 49   42.352264    0.000008    0.000011   -0.045352   -0.209823   -0.687373
 50   42.391754    0.000061    0.000008   -0.118723   -0.091778   -0.447127
 51   42.497635    0.000000   -0.000008   -0.066273   -0.015241   -0.195984
 52   42.272690   -0.000122    0.000000   -0.031209   -0.000925   -0.089635
 53   43.791790   50.706898  -91.463196   -0.749639    0.675816    1.300437
 54   42.375099   -0.000004   -0.000008   -0.032251    0.069265    0.079063
 55   42.546036    0.000021    0.000019   -0.006150    0.044901    0.205413
 56   42.234558   -0.000025   -0.000015   -0.039045    0.208767   -0.067923
 57   42.465012    0.000072   -0.000004   -0.058294    0.392086   -0.434032
 58   42.458038    0.000015   -0.000015   -0.009706    0.144968   -0.209049
 59   42.267990   -0.000168   -0.000015   -0.013284    0.114835   -0.304190
 60   42.505920    0.000092   -0.000015   -0.012265    0.104443   -0.215564
 61   42.233200   -0.000092   -0.000015    0.014575   -0.118818    0.069134
 62   42.352280    0.000000    0.000000    0.001637   -0.327285    0.307787
 63   42.391724    0.000000   -0.000023    0.023714   -0.230231    0.206332
 64   42.497498    0.000015   -0.000038    0.032809   -0.162241    0.156767
 65   42.272736    0.000031    0.000000    0.012622   -0.049403    0.051687
 66   43.723259  -56.044876  -92.666214   -0.459831    0.704185   -1.137803
 67   42.375092   -0.000002   -0.000004    0.100422    0.169707    0.080844
 68   42.546097    0.000002    0.000011    0.055606    0.195347    0.013108
 69   42.234497    0.000024    0.000015    0.024967   -0.015165    0.100645
 70   42.465027   -0.000044    0.000000   -0.056769   -0.190577    0.327456
 71   42.458130    0.000046   -0.000008   -0.032260   -0.251288    0.208175
 72   42.267883   -0.000076   -0.000015    0.013802   -0.258740    0.062294
 73   42.506012    0.000046    0.000015    0.009531   -0.083364    0.023379
 74   42.233124   -0.000015   -0.000031   -0.023338    0.030288   -0.063959
 75   42.352142   -0.000061   -0.000046   -0.016771    0.030648   -0.068682
 76   42.391846   -0.000015   -0.000031   -0.006998    0.012900   -0.056245
 77   42.497437    0.000053    0.000000   -0.005935    0.008609   -0.036422
 78   42.272614    0.000031   -0.000031    0.001282    0.000873   -0.003597
 79   29.239311 -106.786324    1.740902   -0.000997   -0.389159   -1.263486
 80   42.375099    0.000006   -0.000004   -0.018274    0.105168   -0.046238
 81   42.546036   -0.000006    0.000008   -0.013155    0.134530   -0.046459
 82   42.234543    0.000011    0.000000   -0.006887    0.167038   -0.046426
 83   42.464981   -0.000004    0.000002    0.002092    0.034396   -0.114307
 84   42.458038    0.000019    0.000000    0.006119   -0.015188   -0.116862
 85   42.267944    0.000015   -0.000002    0.002305    0.032885   -0.062433
 86   42.505951    0.000015    0.000013    0.003698    0.081926   -0.052501
 87   42.233124    0.000031    0.000000    0.012781    0.085747   -0.082418
 88   42.352325    0.000031   -0.000008   -0.016877    0.035697    0.069464
 89   42.391754    0.000023   -0.000015   -0.044544    0.018718    0.159799
 90   42.497650    0.000004   -0.000031   -0.042596    0.032806    0.143435
 91   42.272583    0.000011    0.000046   -0.027720    0.015367    0.084222
time 28
  0    0.000000    0.000000    0.000000    0.000000   -0.000000    0.000000
  1    0.000000    0.000000    0.000000    0.000000   -0.000000    0.000000
  2    0.000000   21.953421  -21.026371    0.057660   -1.400854    1.512973
  3   50.309212   -0.435479    0.000004   -0.000017   -0.000000    0.172570
  4   30.891537   -0.000012   -0.000004    0.000017    0.000000   -0.032187
  5   34.635605    0.000006    0.000002   -0.000000    0.000000   -0.200505
  6   30.584290    0.000017    0.000000   -0.000000    0.000000   -0.302451
  7   31.520187    0.000000    0.000004   -0.000000   -0.000000   -0.213946
  8   34.241211  -28.000034  -41.878010    1.039074    0.582227   -1.311359
  9   34.241135   23.441803  -41.878101   -0.848989    0.520855   -0.588767
 10   35.246719  -52.543087    1.319139    0.086802    0.029139   -1.657139
 11   35.246552   52.726318    1.318928    0.050339   -0.076502   -0.346114
 12   34.830017  -24.891922   45.588608   -0.824476   -0.567780   -1.441057
 13   34.885788   27.636597   43.767822    1.018822   -0.633162   -0.669045
 14   29.239325  -51.573360   94.292953    1.061800   -0.795862   -1.829946
 15   42.375069   -0.000004   -0.000003   -0.109578    0.003367   -0.001987
 16   42.546112    0.000023    0.000009   -0.058002    0.002436   -0.003525
 17   42.234497    0.000019    0.000008   -0.029836   -0.002641   -0.010316
 18   42.464951    0.000004    0.000004   -0.030063    0.044149    0.023329
 19   42.458099   -0.000071    0.000011   -0.041599    0.123872   -0.020000
 20   42.267944    0.000032    0.000000   -0.017175   -0.059118    0.050209
 21   42.505859    0.000008   -0.000013   -0.023007   -0.324411    0.171128
 22   42.233154    0.000011   -0.000038   -0.020839   -0.280776    0.133447
 23   42.352234    0.000069    0.000000   -0.011181   -0.180906    0.121425
 24   42.391724   -0.000015   -0.000031    0.014283   -0.208328    0.189103
 25   42.497528    0.000031   -0.000031    0.063045   -0.199019    0.185502
 26   42.272797    0.000092   -0.000031    0.153243   -0.138309    0.143313
 27   29.239338   55.382622   92.214981    0.143189   -1.069300    2.008012
 28   42.375069    0.000004    0.000005    0.044748   -0.019571   -0.017339
 29   42.546074   -0.000015    0.000020    0.035877   -0.021153   -0.007855
 30   42.234406    0.000057    0.000001    0.025734   -0.015461   -0.006592
 31   42.465042   -0.000031   -0.000002    0.017039    0.009489   -0.031288
 32   42.458115   -0.000008   -0.000011    0.022869    0.012562   -0.061862
 33   42.267914   -0.000031    0.000012    0.016443    0.014620   -0.028616
 34   42.505920    0.000025    0.000015   -0.000644    0.032941    0.028423
 35   42.233124   -0.000040   -0.000004   -0.011708    0.021972    0.019413
 36   42.352234   -0.000084    0.000011   -0.001496    0.056582    0.026575
 37   42.391724    0.000069    0.000011    0.003233    0.082227    0.036372
 38   42.497650    0.000088    0.000015   -0.002250    0.067209    0.030381
 39   42.272705    0.000103    0.000015   -0.004092    0.057408    0.026198
 40   29.239357  106.746613    1.740837    0.000994   -0.509606    1.641906
 41   42.375053    0.000000    0.000015   -0.018469    0.214369   -0.036406
 42   42.546127   -0.000002   -0.000004   -0.008042    0.178923   -0.027635
 43   42.234451    0.000006   -0.000009   -0.001725    0.102622   -0.015035
 44   42.465134   -0.000017   -0.000012   -0.000046    0.050917   -0.003752
 45   42.458130    0.000005   -0.000010    0.000015    0.079576   -0.000387
 46   42.267975   -0.000003   -0.000004    0.002815   -0.022539   -0.023884
 47   42.505859   -0.000003    0.000000   -0.004683   -0.069097    0.049542
 48   42.233093    0.000008   -0.000021    0.000670   -0.047306   -0.026346
 49   42.352234   -0.000003    0.000001   -0.011502   -0.188092   -0.550601
 50   42.391754   -0.000046   -0.000015   -0.129066   -0.170096   -0.637373
 51   42.497650    0.000000   -0.000023   -0.095920   -0.030133   -0.278668
 52   42.272758   -0.000061    0.000000   -0.043946   -0.001085   -0.120846
 53   44.090557   50.706879  -91.462311   -0.720551    0.679267    1.332264
 54   42.375069   -0.000006   -0.000008   -0.034966    0.075399    0.072005
 55   42.546082    0.000033    0.000015   -0.009208    0.057017    0.186825
 56   42.234512   -0.000036   -0.000008   -0.038073    0.206373   -0.061605
 57   42.465027    0.000040    0.000011   -0.037458    0.340053   -0.341590
 58   42.458084    0.000023    0.000015   -0.007886    0.153073   -0.209615
 59   42.267990   -0.000076    0.000015   -0.018748    0.172823   -0.385049
 60   42.505859    0.000061    0.000000   -0.016400    0.131580   -0.254864
 61   42.233170   -0.000061    0.000000    0.014244   -0.120682    0.065603
 62   42.352203    0.000000    0.000031    0.004229   -0.316077    0.287134
 63   42.391724    0.000046    0.000008    0.023086   -0.205462    0.172321
 64   42.497589    0.000076    0.000000    0.032077   -0.154151    0.138042
 65   42.272705    0.000000   -0.000015    0.016006   -0.060153    0.058110
 66   43.434006  -56.044853  -92.644928   -0.460418    0.705316   -1.136951
 67   42.375092    0.000004    0.000008    0.099417    0.173152    0.078251
 68   42.546082    0.000001   -0.000001    0.056580    0.188180    0.020091
 69   42.234436    0.000040   -0.000051    0.027668    0.001487    0.080156
 70   42.465057   -0.000046   -0.000013   -0.027501   -0.126751    0.234947
 71   42.458069    0.000023    0.000017   -0.025749   -0.222819    0.183224
 72   42.267883   -0.000061   -0.000008    0.011390   -0.258686    0.059292
 73   42.505920    0.000031    0.000061    0.012576   -0.107528    0.049972
 74   42.233124   -0.000015   -0.000031    0.002574   -0.049694    0.042364
 75   42.352203   -0.000015    0.000046    0.012370   -0.053328    0.041205
 76   42.391815    0.000015   -0.000031    0.018875   -0.052214    0.037982
 77   42.497589    0.000061    0.000015    0.012219   -0.032723    0.024797
 78   42.272675    0.000031    0.000000    0.003786   -0.005229    0.004063
 79   29.239321 -106.786270    1.740906   -0.001067   -0.407308   -1.182632
 80   42.375092   -0.000004    0.000004   -0.027197    0.114383   -0.065754
 81   42.546051    0.000004    0.000000   -0.019946    0.142634   -0.068481
 82   42.234528   -0.000008   -0.000002   -0.010382    0.165233   -0.070007
 83   42.465088    0.000011    0.000000    0.001536    0.030341   -0.092208
 84   42.458069    0.000004   -0.000015    0.003290   -0.023962   -0.070281
 85   42.267944    0.000004    0.000006    0.001581    0.030215   -0.069618
 86   42.505981    0.000023    0.000013    0.006413    0.087530   -0.120657
 87   42.233063    0.000038   -0.000015    0.024568    0.096026   -0.172345
 88   42.352325    0.000031    0.000000   -0.001883    0.047882    0.007871
 89   42.391724    0.000015   -0.000008   -0.058475    0.030881    0.201956
 90   42.497437    0.000015   -0.000015   -0.061934    0.053076    0.193581
 91   42.272522   -0.000004    0.000031   -0.054408    0.031559    0.146177
time 29
  0    0.000000    0.000000    0.000000    0.000000   -0.000000    0.000000
  1    0.000000    0.000000    0.000000    0.000000   -0.000000    0.000000
  2    0.000000   21.953423  -21.026371    0.063305   -1.402192    1.507328
  3   50.309212   -0.435479    0.000008   -0.000017    0.000000    0.265188
  4   30.891541   -0.000010   -0.000002    0.000017    0.000000    0.047229
  5   34.635593    0.000006    0.000002   -0.000000    0.000000   -0.162995
  6   30.584282    0.000019    0.000006   -0.000000    0.000000   -0.305613
  7   31.520195    0.000004    0.000002   -0.000000   -0.000000   -0.181580
  8   34.241196  -28.000034  -41.878006    1.037751    0.587228   -1.242344
  9   34.241119   23.441803  -41.878105   -0.848038    0.525327   -0.517687
 10   35.246719  -52.543087    1.319138    0.083836    0.032973   -1.587689
 11   35.246536   52.726318    1.318922    0.053512   -0.072644   -0.276773
 12   34.830017  -24.891922   45.588608   -0.827216   -0.563697   -1.369913
 13   34.885788   27.636597   43.767822    1.018819   -0.628625   -0.600272
 14   29.239319  -51.573334   94.292969    1.062466   -0.795595   -1.830917
 15   42.375084    0.000004   -0.000003   -0.110483    0.005431    0.001607
 16   42.546082    0.000036    0.000012   -0.059434    0.005003    0.002324
 17   42.234451    0.000010    0.000013   -0.032939    0.002107    0.002088
 18   42.464981    0.000029    0.000011   -0.026826    0.040381    0.009866
 19   42.458130   -0.000069   -0.000013   -0.037666    0.119622   -0.034312
 20   42.267944    0.000053    0.000008   -0.014176   -0.063689    0.043226
 21   42.506012   -0.000015    0.000019   -0.021030   -0.330366    0.163577
 22   42.233185    0.000008   -0.000008   -0.021551   -0.284044    0.128944
 23   42.352264    0.000053   -0.000031   -0.016481   -0.186865    0.112745
 24   42.391724   -0.000031   -0.000061   -0.007391   -0.221622    0.171598
 25   42.497498    0.000046    0.000031    0.012028   -0.216686    0.165603
 26   42.272781    0.000031    0.000000    0.047972   -0.158839    0.122870
 27   29.239338   55.382626   92.214996    0.108217   -1.060083    2.051259
 28   42.375092    0.000008    0.000000    0.043865   -0.029952   -0.032704
 29   42.546097   -0.000015    0.000022    0.035045   -0.028783   -0.017967
 30   42.234482    0.000059    0.000001    0.024872   -0.021954   -0.014725
 31   42.465027   -0.000038   -0.000002    0.015559   -0.002717   -0.047032
 32   42.458099   -0.000002    0.000004    0.021797   -0.015601   -0.094901
 33   42.267853   -0.000042    0.000021    0.016328    0.007057   -0.036951
 34   42.505981    0.000050    0.000013    0.000611    0.064434    0.061595
 35   42.233093   -0.000048    0.000023   -0.011475    0.045609    0.044775
 36   42.352203   -0.000080    0.000044   -0.001362    0.071037    0.046568
 37   42.391724    0.000076    0.000008    0.002772    0.104471    0.061996
 38   42.497650    0.000031    0.000008   -0.004547    0.091968    0.056739
 39   42.272644    0.000168    0.000015   -0.008080    0.084157    0.052947
 40   29.239349  106.746597    1.740852    0.001060   -0.513093    1.644095
 41   42.375053   -0.000004   -0.000008   -0.018697    0.216293   -0.036620
 42   42.546082   -0.000001    0.000004   -0.008454    0.178872   -0.028899
 43   42.234497    0.000001    0.000006   -0.001637    0.102945   -0.014082
 44   42.465088    0.000009    0.000007   -0.000012    0.054117   -0.001093
 45   42.458130   -0.000000    0.000002    0.000131    0.083496   -0.003306
 46   42.267914   -0.000006    0.000023    0.000169   -0.022386   -0.001308
 47   42.505920    0.000010    0.000027   -0.007932   -0.065357    0.078944
 48   42.233124   -0.000004    0.000006   -0.000605   -0.033887    0.017190
 49   42.352203    0.000000    0.000004    0.000464   -0.141657   -0.361898
 50   42.391632    0.000031    0.000008   -0.096343   -0.226665   -0.710763
 51   42.497559    0.000031   -0.000008   -0.132148   -0.067537   -0.387380
 52   42.272690   -0.000061    0.000013   -0.062704   -0.005103   -0.161228
 53   44.216049   50.706871  -91.461273   -0.695714    0.681080    1.359394
 54   42.375061   -0.000008    0.000000   -0.037704    0.081443    0.065054
 55   42.546066    0.000031    0.000004   -0.012352    0.069143    0.169170
 56   42.234528   -0.000036    0.000008   -0.037010    0.203798   -0.055000
 57   42.464981    0.000059    0.000006   -0.024035    0.286266   -0.260396
 58   42.458008    0.000023    0.000008   -0.007116    0.152163   -0.194549
 59   42.268005   -0.000084    0.000015   -0.025523    0.227012   -0.452252
 60   42.505875    0.000092    0.000000   -0.022467    0.168684   -0.308609
 61   42.233170   -0.000092   -0.000015    0.013720   -0.113048    0.051273
 62   42.352310   -0.000061    0.000031    0.004674   -0.311314    0.271850
 63   42.391663    0.000046   -0.000008    0.022450   -0.193779    0.151527
 64   42.497589    0.000046   -0.000008    0.031146   -0.146538    0.121061
 65   42.272766   -0.000046   -0.000031    0.017190   -0.063509    0.056462
 66   43.146133  -56.044865  -92.623459   -0.462767    0.707233   -1.138041
 67   42.375099    0.000000   -0.000023    0.099373    0.172888    0.078405
 68   42.546097    0.000009    0.000021    0.057724    0.178463    0.029549
 69   42.234436    0.000029   -0.000011    0.029834    0.016216    0.061870
 70   42.464996   -0.000031   -0.000004   -0.005795   -0.068520    0.152701
 71   42.458130    0.000023   -0.000002   -0.014189   -0.177308    0.143043
 72   42.267914   -0.000076    0.000019    0.009740   -0.239978    0.042448
 73   42.505981    0.000061    0.000000    0.013348   -0.137578    0.078618
 74   42.233124   -0.000031    0.000000    0.019181   -0.147014    0.156344
 75   42.352203   -0.000061   -0.000046    0.028140   -0.115285    0.123238
 76   42.391754   -0.000031    0.000031    0.029891   -0.082850    0.089699
 77   42.497589   -0.000061    0.000031    0.020466   -0.051858    0.059943
 78   42.272644    0.000000    0.000031    0.006905   -0.012464    0.015045
 79   29.239313 -106.786247    1.740906   -0.001137   -0.420472   -1.114507
 80   42.375099   -0.000008   -0.000004   -0.035865    0.120597   -0.084015
 81   42.546051    0.000011    0.000008   -0.026499    0.148349   -0.089141
 82   42.234497    0.000015    0.000000   -0.013364    0.164478   -0.090054
 83   42.465073    0.000008    0.000015    0.001182    0.027413   -0.074033
 84   42.458099    0.000031    0.000004    0.001407   -0.030975   -0.032506
 85   42.267822    0.000015    0.000002    0.000776    0.025846   -0.063572
 86   42.505920    0.000023    0.000025    0.005763    0.088551   -0.151427
 87   42.233063    0.000031    0.000000    0.029085    0.104962   -0.227685
 88   42.352295    0.000015    0.000008    0.011312    0.054258   -0.048185
 89   42.391785    0.000076    0.000008   -0.051610    0.042364    0.177403
 90   42.497620    0.000031   -0.000015   -0.068270    0.074654    0.202700
 91   42.272522    0.000013    0.000046   -0.076375    0.062168    0.183688
time 30
  0    0.000000    0.000000    0.000000    0.000000   -0.000000    0.000000
  1    0.000000    0.000000    0.000000    0.000000   -0.000000    0.000000
  2    0.000000   21.953424  -21.026375    0.069140   -1.403577    1.501495
  3   50.309223   -0.435479    0.000004   -0.000017    0.000000    0.302684
  4   30.891548   -0.000011    0.000000    0.000017    0.000000    0.108421
  5   34.635605    0.000010    0.000000   -0.000000    0.000000   -0.115330
  6   30.584297    0.000021   -0.000002   -0.000000   -0.000000   -0.306065
  7   31.520203   -0.000004    0.000002   -0.000000    0.000000   -0.136073
  8   34.241196  -28.000046  -41.878025    1.032148    0.600286   -1.068351
  9   34.241119   23.441803  -41.878117   -0.845768    0.538146   -0.337647
 10   35.246719  -52.543106    1.319138    0.074641    0.042766   -1.411288
 11   35.246536   52.726318    1.318922    0.061077   -0.061237   -0.100446
 12   34.830032  -24.891939   45.588623   -0.835790   -0.552699   -1.188370
 13   34.885788   27.636597   43.767838    1.018798   -0.615663   -0.425037
 14   29.239321  -51.573372   94.292969    1.060309   -0.797066   -1.828755
 15   42.375092    0.000008   -0.000007   -0.110781    0.006425    0.002587
 16   42.546120    0.000032   -0.000015   -0.059935    0.006364    0.004084
 17   42.234512    0.000004   -0.000011   -0.034047    0.004680    0.006109
 18   42.465012    0.000025    0.000010   -0.025541    0.038599    0.004522
 19   42.458084   -0.000050    0.000018   -0.036111    0.117411   -0.039369
 20   42.267914    0.000031   -0.000008   -0.012915   -0.065965    0.040561
 21   42.505981   -0.000015    0.000019   -0.020131   -0.333002    0.160131
 22   42.233154    0.000019    0.000000   -0.021831   -0.285227    0.126728
 23   42.352295    0.000015    0.000000   -0.018715   -0.189188    0.108765
 24   42.391754   -0.000023    0.000061   -0.016629   -0.226703    0.163422
 25   42.497559    0.000061    0.000000   -0.010501   -0.223394    0.156094
 26   42.272797    0.000076    0.000000   -0.003239   -0.166673    0.112702
 27   29.239326   55.382645   92.215027    0.079346   -1.051663    2.087521
 28   42.375092    0.000000   -0.000008    0.043216   -0.039057   -0.045939
 29   42.546127   -0.000019    0.000015    0.034304   -0.035938   -0.027318
 30   42.234482    0.000065    0.000001    0.024071   -0.028012   -0.022237
 31   42.464981   -0.000048    0.000009    0.014457   -0.011947   -0.059019
 32   42.458130   -0.000008    0.000002    0.021305   -0.035915   -0.117771
 33   42.267853   -0.000051    0.000017    0.016172    0.001628   -0.042519
 34   42.506042    0.000042    0.000006    0.002355    0.086410    0.082708
 35   42.233124   -0.000042    0.000017   -0.010932    0.062489    0.061147
 36   42.352234   -0.000088    0.000011   -0.001151    0.081779    0.060764
 37   42.391693    0.000042    0.000015    0.002783    0.122632    0.084493
 38   42.497620    0.000008   -0.000015   -0.005940    0.112015    0.079544
 39   42.272552    0.000153   -0.000015   -0.010678    0.104143    0.075914
 40   29.239353  106.746681    1.740835    0.001125   -0.516468    1.646268
 41   42.375076    0.000008    0.000000   -0.018900    0.218064   -0.036791
 42   42.546143    0.000008    0.000004   -0.008544    0.178997   -0.029059
 43   42.234467   -0.000009    0.000001   -0.001628    0.103232   -0.013842
 44   42.465103    0.000008   -0.000002   -0.000018    0.056668   -0.001374
 45   42.458038   -0.000016    0.000010    0.000244    0.086431   -0.005931
 46   42.267944    0.000009    0.000008   -0.000951   -0.022374    0.007499
 47   42.505859   -0.000005    0.000023   -0.008436   -0.067214    0.080531
 48   42.233063    0.000008   -0.000006   -0.000998   -0.031935    0.026608
 49   42.352264    0.000000    0.000016    0.001420   -0.116152   -0.254745
 50   42.391724   -0.000008   -0.000004   -0.067845   -0.234689   -0.623769
 51   42.497559    0.000031   -0.000008   -0.152034   -0.119440   -0.453510
 52   42.272675    0.000000    0.000000   -0.081725   -0.016592   -0.189782
 53   44.241611   50.706924  -91.460312   -0.682920    0.679998    1.373419
 54   42.375084   -0.000006   -0.000008   -0.038634    0.084725    0.063095
 55   42.546082    0.000034    0.000027   -0.013994    0.076036    0.160148
 56   42.234528   -0.000029   -0.000008   -0.035458    0.199441   -0.044819
 57   42.465012    0.000036    0.000002   -0.016824    0.237976   -0.195433
 58   42.458069    0.000031   -0.000015   -0.007457    0.141655   -0.165837
 59   42.268005   -0.000122   -0.000015   -0.030044    0.271531   -0.495394
 60   42.505905    0.000076    0.000031   -0.032640    0.222739   -0.386897
 61   42.233208    0.000000    0.000046    0.013006   -0.086104    0.016803
 62   42.352341    0.000000    0.000076    0.002667   -0.310679    0.257285
 63   42.391754    0.000031    0.000031    0.023146   -0.203053    0.147297
 64   42.497559    0.000031   -0.000031    0.033378   -0.153257    0.115367
 65   42.272736    0.000061    0.000000    0.020531   -0.072073    0.058739
 66   42.859753  -56.044888  -92.601974   -0.465810    0.709420   -1.139886
 67   42.375092    0.000002   -0.000011    0.099751    0.170991    0.079819
 68   42.546112    0.000005    0.000027    0.058736    0.167921    0.039159
 69   42.234482    0.000029   -0.000004    0.031560    0.029742    0.045970
 70   42.464966   -0.000031   -0.000017    0.008573   -0.017135    0.086886
 71   42.458130    0.000015   -0.000017   -0.004262   -0.135197    0.104851
 72   42.267883   -0.000061   -0.000011    0.007667   -0.229198    0.035209
 73   42.506012    0.000031    0.000015    0.011239   -0.150611    0.086980
 74   42.233154   -0.000031   -0.000076    0.021668   -0.219642    0.235042
 75   42.352203    0.000015    0.000000    0.035732   -0.158324    0.179676
 76   42.391876    0.000031    0.000031    0.034239   -0.096897    0.115044
 77   42.497528    0.000000    0.000031    0.024050   -0.061516    0.078988
 78   42.272644    0.000061   -0.000031    0.009031   -0.017577    0.023794
 79   29.239321 -106.786316    1.740906   -0.001205   -0.424456   -1.085098
 80   42.375099   -0.000004    0.000000   -0.039327    0.121972   -0.091257
 81   42.546066   -0.000010    0.000008   -0.029330    0.150494   -0.097947
 82   42.234512    0.000011   -0.000010   -0.014689    0.165452   -0.099032
 83   42.465103    0.000031   -0.000004    0.001159    0.025425   -0.067776
 84   42.458038    0.000000    0.000008    0.001036   -0.032607   -0.024366
 85   42.267944    0.000019   -0.000004    0.000540    0.023445   -0.055475
 86   42.505951    0.000015    0.000023    0.004479    0.084945   -0.134960
 87   42.233063    0.000031   -0.000011    0.025400    0.107458   -0.212848
 88   42.352325    0.000015   -0.000008    0.014720    0.060518   -0.064161
 89   42.391724    0.000015   -0.000008   -0.037511    0.049795    0.127862
 90   42.497528    0.000000   -0.000015   -0.050119    0.093099    0.141933
 91   42.272522    0.000000   -0.000031   -0.061327    0.091342    0.132089
time 31
  0    0.000000    0.000000    0.000000    0.000000   -0.000000    0.000000
  1    0.000000    0.000000    0.000000    0.000000   -0.000000    0.000000
  2    0.000000   21.953424  -21.026375    0.075160   -1.405005    1.495475
  3   50.309223   -0.435479    0.000006   -0.000017   -0.000000    0.281251
  4   30.891548   -0.000011    0.000002    0.000017    0.000000    0.153916
  5   34.635609    0.000002    0.000004   -0.000000   -0.000000   -0.040829
  6   30.584290    0.000010    0.000000   -0.000000   -0.000000   -0.245428
  7   31.520203   -0.000002    0.000004   -0.000000   -0.000000   -0.061834
  8   34.241211  -28.000038  -41.878006    1.019814    0.618484   -0.838966
  9   34.241119   23.441813  -41.878105   -0.843059    0.558421   -0.098450
 10   35.246719  -52.543098    1.319143    0.058769    0.055948   -1.175864
 11   35.246552   52.726318    1.318928    0.070106   -0.042526    0.135320
 12   34.830017  -24.891932   45.588619   -0.850732   -0.536664   -0.944266
 13   34.885773   27.636591   43.767838    1.018741   -0.595248   -0.189964
 14   29.239334  -51.573376   94.292976    1.056074   -0.799697   -1.824274
 15   42.375069   -0.000002   -0.000018   -0.110648    0.006611    0.001726
 16   42.546074    0.000042    0.000005   -0.059786    0.006792    0.002950
 17   42.234451    0.000000    0.000010   -0.033833    0.005628    0.004217
 18   42.464966    0.000013   -0.000003   -0.025570    0.038189    0.004785
 19   42.458145   -0.000061    0.000015   -0.036095    0.116475   -0.038602
 20   42.267944    0.000034    0.000015   -0.012894   -0.066721    0.040903
 21   42.505890   -0.000019   -0.000008   -0.020202   -0.333330    0.160207
 22   42.233185    0.000034   -0.000008   -0.021806   -0.284869    0.126515
 23   42.352325    0.000046   -0.000015   -0.018709   -0.189197    0.108788
 24   42.391663    0.000000    0.000000   -0.016622   -0.226819    0.163475
 25   42.497528    0.000046   -0.000031   -0.010533   -0.223319    0.155954
 26   42.272842    0.000107   -0.000031   -0.003294   -0.166605    0.112604
 27   29.239342   55.382637   92.214989    0.051865   -1.042807    2.122376
 28   42.375084    0.000008    0.000006    0.042684   -0.048096   -0.058925
 29   42.546112   -0.000023    0.000012    0.033534   -0.043823   -0.037507
 30   42.234512    0.000059   -0.000010    0.023215   -0.034552   -0.030286
 31   42.465073   -0.000053    0.000010    0.013667   -0.017956   -0.067362
 32   42.458099   -0.000008   -0.000006    0.021014   -0.048038   -0.131163
 33   42.267883   -0.000057    0.000008    0.016020   -0.001966   -0.045886
 34   42.506042    0.000027    0.000015    0.003869    0.100747    0.095350
 35   42.233093   -0.000046    0.000011   -0.010259    0.077689    0.075190
 36   42.352203   -0.000065    0.000015   -0.001025    0.089392    0.070518
 37   42.391754    0.000069    0.000031    0.002916    0.137267    0.102247
 38   42.497711    0.000031    0.000000   -0.007160    0.132872    0.101573
 39   42.272614    0.000137    0.000061   -0.013118    0.123425    0.097477
 40   29.239361  106.746666    1.740839    0.001189   -0.519733    1.648420
 41   42.375076    0.000004    0.000000   -0.019080    0.219693   -0.036923
 42   42.546112   -0.000002    0.000000   -0.008203    0.179358   -0.027764
 43   42.234482   -0.000006   -0.000003   -0.001733    0.103436   -0.014583
 44   42.465103    0.000000    0.000001   -0.000108    0.058281   -0.006685
 45   42.458130    0.000001    0.000004    0.000511    0.087988   -0.012222
 46   42.268005    0.000010    0.000015   -0.001124   -0.022115    0.008714
 47   42.505920    0.000000    0.000023   -0.007408   -0.071730    0.069162
 48   42.233124    0.000000   -0.000004   -0.000855   -0.034856    0.024104
 49   42.352234    0.000008    0.000005    0.000107   -0.105245   -0.183356
 50   42.391602   -0.000008    0.000000   -0.047926   -0.220708   -0.452704
 51   42.497711    0.000031   -0.000046   -0.150929   -0.184209   -0.450864
 52   42.272705    0.000031    0.000008   -0.100450   -0.042213   -0.198720
 53   44.089821   50.706921  -91.459290   -0.682184    0.676456    1.374376
 54   42.375114   -0.000004   -0.000011   -0.037728    0.085382    0.066068
 55   42.546097    0.000043    0.000000   -0.013813    0.077423    0.160695
 56   42.234573   -0.000031   -0.000006   -0.033900    0.194849   -0.034290
 57   42.465057    0.000049    0.000023   -0.013933    0.196384   -0.148906
 58   42.458099    0.000013    0.000023   -0.009985    0.118139   -0.124031
 59   42.268005   -0.000092    0.000008   -0.022762    0.272995   -0.462768
 60   42.505920    0.000076    0.000000   -0.049489    0.294147   -0.491452
 61   42.233223   -0.000092   -0.000015    0.011532   -0.023367   -0.055526
 62   42.352257   -0.000061    0.000000    0.003239   -0.267415    0.191267
 63   42.391724    0.000031    0.000000    0.023421   -0.227307    0.139411
 64   42.497559    0.000000   -0.000023    0.040002   -0.180116    0.105948
 65   42.272736    0.000000   -0.000008    0.028853   -0.092428    0.060202
 66   42.574875  -56.044884  -92.580437   -0.469705    0.711911   -1.142669
 67   42.375076    0.000006   -0.000015    0.100604    0.167255    0.082729
 68   42.546112    0.000000   -0.000005    0.059670    0.156422    0.049351
 69   42.234451    0.000031   -0.000008    0.032937    0.042308    0.032024
 70   42.465073   -0.000025   -0.000010    0.018467    0.030055    0.032465
 71   42.458160    0.000040    0.000011    0.003304   -0.102256    0.072148
 72   42.267944   -0.000053    0.000008    0.004346   -0.233566    0.042616
 73   42.506012    0.000072   -0.000008    0.008975   -0.146084    0.077458
 74   42.233185    0.000015   -0.000031    0.018987   -0.249300    0.258943
 75   42.352264   -0.000031   -0.000031    0.040062   -0.194745    0.219903
 76   42.391785   -0.000061    0.000000    0.038703   -0.112957    0.135869
 77   42.497528    0.000031   -0.000061    0.027058   -0.069280    0.091255
 78   42.272675    0.000092    0.000000    0.010031   -0.019624    0.027457
 79   29.239319 -106.786285    1.740900   -0.001273   -0.420317   -1.133116
 80   42.375099   -0.000008    0.000004   -0.034052    0.124377   -0.079869
 81   42.546082    0.000000    0.000000   -0.025566    0.154267   -0.087181
 82   42.234497    0.000004   -0.000011   -0.012270    0.164755   -0.088330
 83   42.465073    0.000019    0.000002    0.001289    0.015400   -0.049845
 84   42.458130    0.000011   -0.000002    0.000880   -0.031357   -0.021329
 85   42.267975    0.000023    0.000008    0.000410    0.026545   -0.042131
 86   42.505890    0.000008    0.000029    0.003238    0.087273   -0.088894
 87   42.233185    0.000015   -0.000004    0.014866    0.100627   -0.118176
 88   42.352295    0.000046    0.000015    0.010260    0.065362   -0.044452
 89   42.391754    0.000031    0.000000   -0.004651    0.059405    0.015485
 90   42.497620    0.000031    0.000000    0.007388    0.101316   -0.019424
 91   42.272491    0.000031    0.000046    0.008283    0.077473   -0.016421
time 32
  0    0.000000    0.000000    0.000000    0.000000   -0.000000    0.000000
  1    0.000000    0.000000    0.000000    0.000000   -0.000000    0.000000
  2    0.000000   21.953423  -21.026371    0.081363   -1.406477    1.489275
  3   50.309212   -0.435479    0.000002   -0.000017    0.000000    0.226897
  4   30.891544   -0.000010    0.000000    0.000017    0.000000    0.195901
  5   34.635593    0.000008    0.000000   -0.000000   -0.000000    0.060677
  6   30.584290    0.000015    0.000002   -0.000000    0.000000   -0.100833
  7   31.520172   -0.000004    0.000004   -0.000000    0.000000    0.039978
  8   34.241196  -28.000034  -41.878002    0.998299    0.638908   -0.603770
  9   34.241135   23.441792  -41.878101   -0.840788    0.585259    0.150102
 10   35.246704  -52.543076    1.319134    0.035775    0.069952   -0.929342
 11   35.246552   52.726303    1.318922    0.077672   -0.016760    0.382982
 12   34.830017  -24.891922   45.588608   -0.872573   -0.517467   -0.685435
 13   34.885773   27.636581   43.767822    1.018629   -0.568351    0.058322
 14   29.239315  -51.573338   94.292969    1.051736   -0.802405   -1.819661
 15   42.375092   -0.000004   -0.000011   -0.110513    0.006828    0.000826
 16   42.546066    0.000034   -0.000001   -0.059635    0.007275    0.001758
 17   42.234467    0.000023    0.000010   -0.033616    0.006678    0.002224
 18   42.464996    0.000015    0.000020   -0.025601    0.037749    0.005058
 19   42.458069   -0.000057    0.000002   -0.036087    0.115517   -0.037820
 20   42.267975    0.000027    0.000008   -0.012873   -0.067481    0.041251
 21   42.505859    0.000015    0.000000   -0.020284   -0.333740    0.160344
 22   42.233124    0.000031    0.000015   -0.021797   -0.284589    0.126359
 23   42.352325    0.000061    0.000015   -0.018703   -0.189208    0.108818
 24   42.391693   -0.000008    0.000000   -0.016611   -0.226919    0.163525
 25   42.497498    0.000061   -0.000061   -0.010556   -0.223241    0.155827
 26   42.272766    0.000061    0.000031   -0.003329   -0.166538    0.112512
 27   29.239325   55.382626   92.214966    0.021807   -1.031948    2.160644
 28   42.375069   -0.000004    0.000002    0.042230   -0.058294   -0.073434
 29   42.546074   -0.000015    0.000011    0.032686   -0.053299   -0.049616
 30   42.234482    0.000061    0.000000    0.022220   -0.042307   -0.039744
 31   42.465057   -0.000046    0.000008    0.012963   -0.022554   -0.074471
 32   42.458054   -0.000002    0.000029    0.020773   -0.056303   -0.141035
 33   42.267975   -0.000031    0.000000    0.015889   -0.005096   -0.048814
 34   42.506042    0.000069    0.000027    0.005252    0.111731    0.105478
 35   42.233063   -0.000008    0.000008   -0.009131    0.095340    0.093058
 36   42.352264   -0.000088    0.000027   -0.000877    0.094601    0.077550
 37   42.391693    0.000061    0.000031    0.003152    0.151849    0.116990
 38   42.497620    0.000031    0.000015   -0.008835    0.166629    0.132257
 39   42.272552    0.000137    0.000092   -0.017627    0.157088    0.130451
 40   29.239349  106.746651    1.740839    0.001252   -0.522973    1.650612
 41   42.375084    0.000008   -0.000008   -0.019300    0.221273   -0.037132
 42   42.546097   -0.000007   -0.000004   -0.007468    0.179946   -0.025162
 43   42.234497    0.000001    0.000004   -0.001959    0.103508   -0.016326
 44   42.465103    0.000001    0.000001   -0.000309    0.058983   -0.017700
 45   42.458069    0.000008    0.000002    0.001041    0.088375   -0.025043
 46   42.267944    0.000010    0.000015   -0.001413   -0.021682    0.010927
 47   42.505890    0.000001    0.000019   -0.006522   -0.075661    0.060597
 48   42.233154    0.000000   -0.000002   -0.000762   -0.037443    0.023692
 49   42.352356    0.000004    0.000012   -0.000542   -0.091957   -0.099915
 50   42.391632    0.000014    0.000004   -0.024223   -0.189823   -0.241835
 51   42.497681    0.000015   -0.000031   -0.096791   -0.236733   -0.306493
 52   42.272797    0.000031    0.000000   -0.092572   -0.094755   -0.158867
 53   43.711792   50.706894  -91.458237   -0.686369    0.671969    1.370032
 54   42.375122   -0.000011    0.000015   -0.036406    0.085546    0.070131
 55   42.546066    0.000032    0.000015   -0.012953    0.077362    0.164911
 56   42.234543   -0.000019   -0.000010   -0.032785    0.191718   -0.027070
 57   42.465027    0.000055    0.000006   -0.013245    0.162005   -0.118062
 58   42.458069    0.000004   -0.000008   -0.013841    0.090398   -0.084256
 59   42.267975   -0.000107    0.000031   -0.008922    0.220640   -0.353334
 60   42.505890    0.000092    0.000000   -0.062071    0.347711   -0.566853
 61   42.233215   -0.000061   -0.000015    0.007025    0.060886   -0.153237
 62   42.352325    0.000061    0.000000    0.004674   -0.157128    0.063192
 63   42.391708    0.000000   -0.000046    0.017489   -0.218382    0.081865
 64   42.497589    0.000061    0.000000    0.038016   -0.194385    0.035013
 65   42.272766    0.000000    0.000000    0.037200   -0.124268    0.027594
 66   42.291550  -56.044861  -92.558777   -0.475058    0.714940   -1.147078
 67   42.375107   -0.000006   -0.000015    0.102186    0.160614    0.087989
 68   42.546112   -0.000003    0.000015    0.060638    0.143189    0.061559
 69   42.234451    0.000038   -0.000025    0.034053    0.054014    0.019031
 70   42.465027   -0.000026   -0.000015    0.025601    0.073795   -0.016720
 71   42.458130    0.000048   -0.000019    0.010068   -0.074175    0.041199
 72   42.267914   -0.000065   -0.000002    0.000577   -0.239786    0.054699
 73   42.505981    0.000046    0.000000    0.006812   -0.130827    0.058904
 74   42.233185   -0.000015    0.000008    0.015718   -0.241290    0.233461
 75   42.352234   -0.000061    0.000046    0.042906   -0.235282    0.251155
 76   42.391785    0.000000   -0.000061    0.046930   -0.143702    0.165935
 77   42.497482    0.000092   -0.000031    0.032235   -0.080692    0.104275
 78   42.272705   -0.000031    0.000031    0.010489   -0.019468    0.027039
 79   29.239311 -106.786247    1.740900   -0.001340   -0.409555   -1.252738
 80   42.375092    0.000002   -0.000004   -0.021440    0.128887   -0.051709
 81   42.546082   -0.000002    0.000008   -0.017037    0.160959   -0.061122
 82   42.234528    0.000006   -0.000011   -0.006929    0.159472   -0.058449
 83   42.465057    0.000000   -0.000004    0.000046   -0.004579   -0.001008
 84   42.458008   -0.000004   -0.000002   -0.000149   -0.030315    0.004248
 85   42.267944    0.000008   -0.000011    0.000041    0.034182   -0.006236
 86   42.505981    0.000015    0.000015   -0.000240    0.090051    0.006163
 87   42.233063    0.000011   -0.000011   -0.000923    0.081142    0.007075
 88   42.352325    0.000000    0.000000    0.029747    0.076869   -0.136416
 89   42.391754    0.000008    0.000015    0.058214    0.080200   -0.194193
 90   42.497528   -0.000031   -0.000061    0.068589    0.075066   -0.177678
 91   42.272522    0.000000    0.000015    0.044002    0.032135   -0.094919
time 33
  0    0.000000    0.000000    0.000000    0.000000   -0.000000    0.000000
  1    0.000000    0.000000    0.000000    0.000000   -0.000000    0.000000
  2    0.000000   21.953423  -21.026371    0.087742   -1.407990    1.482896
  3   50.309212   -0.435479    0.000006   -0.000017   -0.000000    0.154537
  4   30.891541   -0.000013    0.000004    0.000017    0.000000    0.230586
  5   34.635597    0.000000    0.000002   -0.000000   -0.000000    0.164163
  6   30.584297    0.000008    0.000004   -0.000000    0.000000    0.071749
  7   31.520187   -0.000011    0.000004   -0.000000   -0.000000    0.145975
  8   34.241180  -28.000038  -41.877998    0.965153    0.658641   -0.412348
  9   34.241104   23.441784  -41.878098   -0.839837    0.617767    0.358205
 10   35.246719  -52.543091    1.319134    0.005212    0.082209   -0.719651
 11   35.246521   52.726303    1.318918    0.080844    0.015814    0.594993
 12   34.830032  -24.891945   45.588608   -0.901845   -0.496985   -0.459713
 13   34.885757   27.636581   43.767815    1.018445   -0.535944    0.273196
 14   29.239315  -51.573322   94.292923    1.047299   -0.805190   -1.814920
 15   42.375053   -0.000006   -0.000017   -0.110376    0.007079   -0.000117
 16   42.546097    0.000032    0.000008   -0.059484    0.007808    0.000512
 17   42.234467    0.000010   -0.000010   -0.033394    0.007828    0.000128
 18   42.464981    0.000031    0.000005   -0.025636    0.037277    0.005344
 19   42.458084   -0.000065   -0.000010   -0.036083    0.114537   -0.037026
 20   42.267975    0.000038    0.000019   -0.012854   -0.068240    0.041605
 21   42.505890    0.000011    0.000025   -0.020378   -0.334223    0.160538
 22   42.233185    0.000011   -0.000023   -0.021802   -0.284388    0.126262
 23   42.352295    0.000053   -0.000015   -0.018697   -0.189220    0.108854
 24   42.391693    0.000015    0.000031   -0.016593   -0.226993    0.163565
 25   42.497528    0.000031    0.000061   -0.010569   -0.223160    0.155711
 26   42.272781    0.000092   -0.000031   -0.003340   -0.166469    0.112433
 27   29.239334   55.382614   92.214928   -0.004628   -1.021414    2.194824
 28   42.375076    0.000000    0.000002    0.041930   -0.067832   -0.086692
 29   42.546089   -0.000027   -0.000003    0.031919   -0.062570   -0.061180
 30   42.234467    0.000048   -0.000013    0.021256   -0.049840   -0.048754
 31   42.465042   -0.000059    0.000013    0.012370   -0.025573   -0.079909
 32   42.458115   -0.000008    0.000010    0.020529   -0.060371   -0.146658
 33   42.267853   -0.000076    0.000004    0.015786   -0.007780   -0.051512
 34   42.505981    0.000031    0.000004    0.005919    0.115987    0.108869
 35   42.233093   -0.000004    0.000019   -0.007962    0.108806    0.107328
 36   42.352142   -0.000103    0.000015   -0.000727    0.097547    0.081352
 37   42.391754    0.000084   -0.000008    0.003433    0.169441    0.131068
 38   42.497681    0.000061    0.000000   -0.010952    0.219328    0.176466
 39   42.272644    0.000153    0.000000   -0.024649    0.200474    0.172263
 40   29.239353  106.746574    1.740839    0.001314   -0.526180    1.652833
 41   42.375046   -0.000006    0.000000   -0.019556    0.222790   -0.037408
 42   42.546097    0.000000   -0.000004   -0.006496    0.180658   -0.021800
 43   42.234406    0.000007    0.000006   -0.002267    0.103517   -0.018727
 44   42.465027   -0.000010   -0.000004   -0.000590    0.059226   -0.031854
 45   42.458038   -0.000004   -0.000004    0.001672    0.088131   -0.040876
 46   42.267883   -0.000003    0.000008   -0.001581   -0.021285    0.012312
 47   42.505981   -0.000013    0.000000   -0.005631   -0.079386    0.052596
 48   42.233032   -0.000002   -0.000004   -0.000667   -0.039804    0.023840
 49   42.352203   -0.000002    0.000016   -0.000213   -0.078598   -0.017201
 50   42.391571    0.000001    0.000004   -0.004306   -0.146436   -0.045978
 51   42.497528    0.000004    0.000023   -0.014062   -0.211146   -0.053658
 52   42.272644    0.000004    0.000015   -0.017542   -0.124326   -0.033913
 53   43.223602   50.706882  -91.457100   -0.692555    0.667021    1.363569
 54   42.375092   -0.000004   -0.000011   -0.034918    0.085566    0.074598
 55   42.546021    0.000039    0.000011   -0.011840    0.076907    0.170529
 56   42.234497   -0.000027   -0.000021   -0.031868    0.189282   -0.021362
 57   42.464996    0.000063   -0.000017   -0.013244    0.136249   -0.097356
 58   42.458069    0.000048   -0.000031   -0.016946    0.069203   -0.056999
 59   42.268005   -0.000093   -0.000023   -0.003083    0.163185   -0.249174
 60   42.505798    0.000092    0.000015   -0.051850    0.344953   -0.554238
 61   42.233154   -0.000122   -0.000015   -0.000754    0.138551   -0.244349
 62   42.352272    0.000061    0.000015    0.000580   -0.039718   -0.057452
 63   42.391739    0.000031    0.000000    0.005182   -0.154587   -0.015837
 64   42.497543    0.000031   -0.000031   -0.002606   -0.121931   -0.122803
 65   42.272720   -0.000031   -0.000015   -0.007014   -0.104696   -0.108227
 66   42.009850  -56.044842  -92.537094   -0.481471    0.718301   -1.152670
 67   42.375107   -0.000008    0.000008    0.104251    0.151855    0.095023
 68   42.546112   -0.000003    0.000027    0.061517    0.129150    0.074871
 69   42.234436    0.000033   -0.000020    0.034926    0.064565    0.007208
 70   42.465012   -0.000013   -0.000023    0.030345    0.112352   -0.059825
 71   42.458069    0.000042   -0.000008    0.015648   -0.051607    0.014015
 72   42.267914   -0.000063    0.000015   -0.002696   -0.243940    0.065678
 73   42.505920    0.000071    0.000008    0.005156   -0.115789    0.042884
 74   42.233124   -0.000031   -0.000008    0.012076   -0.203188    0.176290
 75   42.352203   -0.000023   -0.000031    0.042829   -0.260889    0.251841
 76   42.391785    0.000015   -0.000092    0.058323   -0.189971    0.199457
 77   42.497559    0.000061    0.000031    0.040582   -0.097457    0.118000
 78   42.272675    0.000000    0.000031    0.009760   -0.016138    0.021376
 79   29.239311 -106.786217    1.740902   -0.001405   -0.390775   -1.398502
 80   42.375092    0.000012    0.000004   -0.006294    0.127986   -0.015912
 81   42.546051   -0.000006    0.000015   -0.007653    0.164327   -0.029248
 82   42.234543    0.000002   -0.000006   -0.001842    0.153255   -0.018783
 83   42.465057    0.000004    0.000000   -0.003443   -0.024583    0.062796
 84   42.458008    0.000000    0.000014   -0.001359   -0.029602    0.045013
 85   42.267914    0.000008   -0.000007   -0.000039    0.042145    0.057347
 86   42.505951    0.000008    0.000008   -0.006801    0.069316    0.157940
 87   42.233093    0.000000   -0.000011   -0.005204    0.056357    0.046020
 88   42.352295    0.000038   -0.000008    0.054778    0.112526   -0.320730
 89   42.391754    0.000008   -0.000023    0.098565    0.096224   -0.352110
 90   42.497589   -0.000046   -0.000046    0.089157    0.047030   -0.243192
 91   42.272491   -0.000031   -0.000015    0.047520    0.011478   -0.116894
time 34
  0    0.000000    0.000000    0.000000    0.000000   -0.000000    0.000000
  1    0.000000    0.000000    0.000000    0.000000   -0.000000    0.000000
  2    0.000000   21.953421  -21.026371    0.094296   -1.409545    1.476344
  3   50.309208   -0.435479    0.000002   -0.000017    0.000000    0.079087
  4   30.891537   -0.000010    0.000000    0.000017    0.000000    0.254177
  5   34.635586    0.000011   -0.000004   -0.000000    0.000000    0.244606
  6   30.584282    0.000015    0.000004   -0.000000    0.000000    0.216345
  7   31.520195    0.000000    0.000000   -0.000000    0.000000    0.232771
  8   34.241180  -28.000023  -41.878006    0.906012    0.681631   -0.248791
  9   34.241135   23.441795  -41.878098   -0.851759    0.666567    0.547468
 10   35.246689  -52.543068    1.319143   -0.044256    0.094376   -0.522643
 11   35.246536   52.726307    1.318926    0.079526    0.066520    0.796725
 12   34.830017  -24.891930   45.588608   -0.949519   -0.469911   -0.237162
 13   34.885788   27.636589   43.767822    1.008002   -0.487528    0.482014
 14   29.239323  -51.573353   94.292938    1.042765   -0.808045   -1.810050
 15   42.375061   -0.000011    0.000002   -0.110237    0.007360   -0.001099
 16   42.546074    0.000038    0.000006   -0.059332    0.008391   -0.000784
 17   42.234482    0.000008    0.000001   -0.033169    0.009077   -0.002065
 18   42.465027    0.000011    0.000001   -0.025671    0.036775    0.005637
 19   42.458084   -0.000061    0.000016   -0.036088    0.113535   -0.036218
 20   42.267975    0.000011    0.000023   -0.012835   -0.068998    0.041963
 21   42.505859    0.000006    0.000025   -0.020483   -0.334779    0.160791
 22   42.233185    0.000000   -0.000031   -0.021820   -0.284259    0.126219
 23   42.352325    0.000061    0.000015   -0.018694   -0.189231    0.108899
 24   42.391724   -0.000046   -0.000061   -0.016569   -0.227044    0.163597
 25   42.497498    0.000046   -0.000031   -0.010570   -0.223077    0.155607
 26   42.272781    0.000092    0.000000   -0.003324   -0.166403    0.112367
 27   29.239338   55.382610   92.214935   -0.022309   -1.013894    2.218508
 28   42.375069    0.000000   -0.000001    0.041754   -0.074972   -0.096088
 29   42.546104   -0.000013    0.000023    0.031330   -0.069797   -0.069653
 30   42.234436    0.000050    0.000000    0.020471   -0.055669   -0.055405
 31   42.465057   -0.000057   -0.000004    0.011902   -0.027032   -0.083527
 32   42.458115   -0.000023    0.000000    0.020259   -0.060534   -0.148099
 33   42.267853   -0.000076    0.000031    0.015713   -0.009600   -0.053706
 34   42.505981    0.000015    0.000011    0.005601    0.112687    0.104108
 35   42.233032   -0.000061    0.000011   -0.007600    0.111008    0.110058
 36   42.352234   -0.000111    0.000004   -0.000655    0.096800    0.079858
 37   42.391632    0.000034    0.000000    0.003612    0.191958    0.144522
 38   42.497650    0.000015   -0.000015   -0.013672    0.296336    0.236471
 39   42.272614    0.000137   -0.000031   -0.036592    0.253500    0.223194
 40   29.239346  106.746651    1.740841    0.001374   -0.529342    1.655068
 41   42.375069    0.000000   -0.000008   -0.019840    0.224229   -0.037736
 42   42.546127    0.000001   -0.000004   -0.005454    0.181393   -0.018241
 43   42.234482    0.000000   -0.000008   -0.002615    0.103535   -0.021416
 44   42.465088   -0.000006    0.000000   -0.000909    0.059448   -0.046588
 45   42.458008   -0.000005   -0.000002    0.002262    0.087806   -0.056293
 46   42.267944   -0.000008    0.000015   -0.001428   -0.021194    0.011219
 47   42.505890    0.000002    0.000011   -0.004592   -0.083196    0.043281
 48   42.233185    0.000002   -0.000001   -0.000517   -0.042150    0.022173
 49   42.352173    0.000002    0.000013    0.000994   -0.067889    0.052176
 50   42.391602    0.000000    0.000000    0.007945   -0.110827    0.089959
 51   42.497559    0.000008    0.000008    0.024419   -0.145699    0.117674
 52   42.272766    0.000000    0.000000    0.030501   -0.096133    0.082612
 53   42.741291   50.706902  -91.455994   -0.697836    0.662123    1.358133
 54   42.375099   -0.000002   -0.000019   -0.033525    0.085825    0.078779
 55   42.546082    0.000046    0.000000   -0.010924    0.077135    0.175139
 56   42.234558   -0.000034   -0.000013   -0.030907    0.186725   -0.015139
 57   42.464996    0.000046    0.000004   -0.013304    0.117928   -0.081119
 58   42.458069    0.000016    0.000011   -0.018809    0.055977   -0.040587
 59   42.267883   -0.000071    0.000023   -0.002645    0.128376   -0.189069
 60   42.505981    0.000114    0.000031   -0.031527    0.306919   -0.490675
 61   42.233185   -0.000015   -0.000031   -0.006368    0.183565   -0.297803
 62   42.352264    0.000092    0.000000   -0.003855    0.030543   -0.126746
 63   42.391754    0.000000    0.000000   -0.009232   -0.063243   -0.114601
 64   42.497574    0.000122    0.000015   -0.051269   -0.016069   -0.254980
 65   42.272751   -0.000031    0.000000   -0.100633    0.007314   -0.269124
 66   41.729809  -56.044861  -92.515396   -0.488543    0.721792   -1.158998
 67   42.375107    0.000002    0.000015    0.106564    0.141775    0.103248
 68   42.546127    0.000008    0.000008    0.062219    0.115284    0.088360
 69   42.234421    0.000050   -0.000023    0.035570    0.073394   -0.002965
 70   42.464951   -0.000044    0.000010    0.033097    0.143353   -0.095133
 71   42.458130    0.000031   -0.000038    0.020045   -0.034033   -0.008854
 72   42.267853   -0.000053   -0.000019   -0.004247   -0.241835    0.069880
 73   42.505951    0.000054    0.000011    0.003983   -0.104384    0.031795
 74   42.233124   -0.000008   -0.000015    0.007425   -0.156970    0.116786
 75   42.352203   -0.000015    0.000046    0.039414   -0.252661    0.210644
 76   42.391815    0.000015   -0.000015    0.069105   -0.240054    0.215251
 77   42.497467    0.000061    0.000061    0.052387   -0.120738    0.128484
 78   42.272705   -0.000061    0.000000    0.006560   -0.008446    0.010064
 79   29.239307 -106.786270    1.740904   -0.001469   -0.370286   -1.517899
 80   42.375092    0.000005   -0.000008    0.004072    0.121927    0.010943
 81   42.546036   -0.000001    0.000019   -0.001215    0.163375   -0.004854
 82   42.234543   -0.000009   -0.000007    0.001192    0.150730    0.013920
 83   42.465057    0.000011   -0.000004   -0.007891   -0.038497    0.120142
 84   42.458069   -0.000002    0.000003   -0.002380   -0.029758    0.088268
 85   42.267944   -0.000011   -0.000005    0.000347    0.044921    0.129786
 86   42.505920   -0.000015    0.000023   -0.011058    0.037629    0.262107
 87   42.233063    0.000000   -0.000011   -0.002704    0.040747    0.034092
 88   42.352264    0.000000   -0.000004    0.046117    0.129415   -0.385160
 89   42.391724    0.000000   -0.000015    0.113431    0.121024   -0.468022
 90   42.497650    0.000000    0.000000    0.098767    0.042414   -0.286173
 91   42.272552    0.000092    0.000023    0.055524    0.006521   -0.147500
time 35
  0    0.000000    0.000000    0.000000    0.000000   -0.000000    0.000000
  1    0.000000    0.000000    0.000000    0.000000   -0.000000    0.000000
  2    0.000000   21.953421  -21.026371    0.101018   -1.411140    1.469623
  3   50.309212   -0.435479    0.000004   -0.000017    0.000000    0.015462
  4   30.891544   -0.000011    0.000002    0.000017    0.000000    0.262884
  5   34.635609    0.000004    0.000002   -0.000000   -0.000000    0.276981
  6   30.584290    0.000015    0.000002   -0.000000    0.000000    0.276982
  7   31.520195   -0.000008    0.000000   -0.000000   -0.000000    0.276980
  8   34.241180  -28.000038  -41.878006    0.822509    0.709822   -0.080044
  9   34.241104   23.441795  -41.878105   -0.880189    0.732252    0.751093
 10   35.246704  -52.543083    1.319139   -0.112331    0.108165   -0.306369
 11   35.246521   52.726303    1.318926    0.076383    0.135520    1.019875
 12   34.830017  -24.891930   45.588615   -1.015237   -0.434993    0.014111
 13   34.885757   27.636581   43.767822    0.983425   -0.422453    0.715860
 14   29.239326  -51.573353   94.292961    1.038141   -0.810964   -1.805057
 15   42.375069    0.000010    0.000008   -0.110095    0.007671   -0.002118
 16   42.546082    0.000046    0.000008   -0.059179    0.009021   -0.002130
 17   42.234451    0.000038    0.000018   -0.032940    0.010420   -0.004354
 18   42.465012    0.000015    0.000010   -0.025710    0.036243    0.005943
 19   42.458084   -0.000076   -0.000011   -0.036095    0.112515   -0.035403
 20   42.267914    0.000027    0.000034   -0.012819   -0.069760    0.042331
 21   42.505829    0.000017    0.000048   -0.020600   -0.335410    0.161103
 22   42.233154    0.000027    0.000015   -0.021853   -0.284198    0.126233
 23   42.352325    0.000084    0.000000   -0.018690   -0.189244    0.108953
 24   42.391754   -0.000038   -0.000061   -0.016536   -0.227073    0.163626
 25   42.497528    0.000076   -0.000061   -0.010558   -0.222987    0.155516
 26   42.272827    0.000046   -0.000061   -0.003278   -0.166331    0.112310
 27   29.239346   55.382614   92.214981   -0.026627   -1.012218    2.225811
 28   42.375076    0.000011    0.000007    0.041620   -0.078047   -0.099124
 29   42.546120   -0.000017    0.000017    0.030981   -0.073106   -0.072444
 30   42.234467    0.000055    0.000004    0.020011   -0.058296   -0.057760
 31   42.465027   -0.000054    0.000006    0.011561   -0.027057   -0.085360
 32   42.458084   -0.000013    0.000019    0.019971   -0.057207   -0.145619
 33   42.267883   -0.000046    0.000011    0.015669   -0.010224   -0.055196
 34   42.506012    0.000053    0.000019    0.004332    0.101656    0.090655
 35   42.233124   -0.000004    0.000011   -0.008727    0.095214    0.093778
 36   42.352234   -0.000095    0.000008   -0.000753    0.090213    0.070223
 37   42.391724    0.000046    0.000019    0.003300    0.219974    0.155289
 38   42.497711    0.000046   -0.000015   -0.018957    0.392535    0.302956
 39   42.272644    0.000153    0.000031   -0.056272    0.300520    0.267971
 40   29.239349  106.746666    1.740841    0.001433   -0.532452    1.657306
 41   42.375084    0.000008   -0.000015   -0.020147    0.225576   -0.038105
 42   42.546158   -0.000002    0.000004   -0.004514    0.182055   -0.015056
 43   42.234482   -0.000007   -0.000004   -0.002957    0.103640   -0.023991
 44   42.465057   -0.000014   -0.000001   -0.001217    0.060090   -0.059351
 45   42.457977    0.000006   -0.000008    0.002714    0.087979   -0.068055
 46   42.267914    0.000010    0.000000   -0.000793   -0.021759    0.006273
 47   42.505951   -0.000006    0.000000   -0.003264   -0.087343    0.030986
 48   42.233154    0.000006   -0.000016   -0.000302   -0.044689    0.016200
 49   42.352264    0.000004    0.000001    0.002558   -0.062293    0.096760
 50   42.391754   -0.000004    0.000000    0.015138   -0.093593    0.168891
 51   42.497559   -0.000008   -0.000008    0.034540   -0.107649    0.184918
 52   42.272552   -0.000015    0.000015    0.038551   -0.067827    0.128692
 53   42.380905   50.706913  -91.454971   -0.699330    0.657809    1.356833
 54   42.375092   -0.000002   -0.000004   -0.032502    0.086740    0.081984
 55   42.546021    0.000040    0.000000   -0.010665    0.079125    0.176214
 56   42.234528   -0.000023    0.000010   -0.029669    0.183232   -0.006168
 57   42.465073    0.000051    0.000011   -0.013240    0.105531   -0.064474
 58   42.458038    0.000058   -0.000004   -0.019564    0.049619   -0.031713
 59   42.268036   -0.000074   -0.000008   -0.002365    0.114532   -0.167438
 60   42.505829    0.000107    0.000008   -0.019311    0.277790   -0.447529
 61   42.233215   -0.000076   -0.000031   -0.006092    0.190924   -0.307041
 62   42.352264    0.000000   -0.000031   -0.005693    0.058407   -0.152448
 63   42.391739    0.000061    0.000000   -0.018691   -0.003894   -0.171710
 64   42.497559   -0.000031   -0.000061   -0.078882    0.049296   -0.332320
 65   42.272751    0.000092    0.000000   -0.153772    0.093449   -0.360605
 66   41.451500  -56.044853  -92.493744   -0.495862    0.725219   -1.165604
 67   42.375092   -0.000002    0.000000    0.108915    0.131205    0.112085
 68   42.546097    0.000015   -0.000006    0.062698    0.102615    0.101086
 69   42.234451    0.000040   -0.000031    0.036002    0.079719   -0.010811
 70   42.465042   -0.000031   -0.000010    0.034324    0.163901   -0.120224
 71   42.458069    0.000044   -0.000038    0.023444   -0.020058   -0.027821
 72   42.267883   -0.000053    0.000000   -0.003047   -0.229621    0.062461
 73   42.505920    0.000069   -0.000011    0.003079   -0.094695    0.022457
 74   42.233154    0.000024   -0.000065    0.003265   -0.123455    0.075939
 75   42.352112   -0.000031   -0.000008    0.033336   -0.221527    0.154728
 76   42.391785    0.000000   -0.000031    0.072579   -0.264539    0.193540
 77   42.497528    0.000031    0.000061    0.062811   -0.143945    0.126395
 78   42.272705    0.000000   -0.000031    0.002199   -0.000066    0.000067
 79   29.239311 -106.786270    1.740906   -0.001530   -0.360698   -1.561695
 80   42.375107    0.000007   -0.000004    0.005669    0.118478    0.015625
 81   42.546021    0.000006    0.000004   -0.000395    0.163349   -0.001569
 82   42.234497   -0.000001   -0.000008    0.001744    0.152461    0.021964
 83   42.465057    0.000000   -0.000002   -0.010357   -0.044070    0.140886
 84   42.458099   -0.000011   -0.000004   -0.003005   -0.028137    0.103328
 85   42.267883   -0.000008   -0.000011   -0.000197    0.042746    0.183934
 86   42.506042   -0.000031    0.000024   -0.013075    0.021999    0.299961
 87   42.233063   -0.000046   -0.000011   -0.002463    0.032169    0.038096
 88   42.352295   -0.000076    0.000000    0.033340    0.121475   -0.345333
 89   42.391724   -0.000023   -0.000015    0.110208    0.144644   -0.519193
 90   42.497589    0.000015    0.000000    0.110299    0.053835   -0.326814
 91   42.272491    0.000031    0.000015    0.066323    0.008255   -0.175936
time 36
  0    0.000000    0.000000    0.000000    0.000000   -0.000000    0.000000
  1    0.000000    0.000000    0.000000    0.000000   -0.000000    0.000000
  2    0.000000   21.953423  -21.026371    0.107904   -1.412774    1.462739
  3   50.309208   -0.435479    0.000004   -0.000017    0.000000   -0.043269
  4   30.891541   -0.000011    0.000000    0.000017    0.000000    0.223999
  5   34.635593    0.000009    0.000000   -0.000000   -0.000000    0.259342
  6   30.584290    0.000015    0.000002   -0.000000   -0.000000    0.273154
  7   31.520203   -0.000008    0.000002   -0.000000   -0.000000    0.289277
  8   34.241196  -28.000038  -41.877998    0.736191    0.737292    0.070032
  9   34.241119   23.441811  -41.878090   -0.914120    0.798893    0.936666
 10   35.246704  -52.543083    1.319143   -0.182010    0.121092   -0.107046
 11   35.246521   52.726315    1.318922    0.072632    0.205833    1.226386
 12   34.830032  -24.891930   45.588608   -1.082548   -0.400194    0.249194
 13   34.885773   27.636589   43.767822    0.954167   -0.356471    0.933699
 14   29.239315  -51.573357   94.292984    1.033430   -0.813945   -1.799943
 15   42.375046   -0.000002   -0.000018   -0.109954    0.008011   -0.003171
 16   42.546097    0.000032    0.000011   -0.059026    0.009697   -0.003522
 17   42.234467    0.000031    0.000003   -0.032708    0.011857   -0.006736
 18   42.464996    0.000015   -0.000005   -0.025750    0.035684    0.006255
 19   42.458084   -0.000065    0.000005   -0.036109    0.111473   -0.034574
 20   42.267944    0.000046    0.000027   -0.012803   -0.070513    0.042701
 21   42.505920    0.000004    0.000027   -0.020727   -0.336104    0.161473
 22   42.233185    0.000027   -0.000023   -0.021899   -0.284211    0.126305
 23   42.352356    0.000031   -0.000015   -0.018687   -0.189252    0.109013
 24   42.391754   -0.000031   -0.000061   -0.016498   -0.227073    0.163647
 25   42.497467    0.000061   -0.000031   -0.010528   -0.222896    0.155441
 26   42.272827    0.000076   -0.000061   -0.003201   -0.166261    0.112273
 27   29.239334   55.382618   92.214958   -0.016954   -1.016945    2.215864
 28   42.375076    0.000000   -0.000003    0.041560   -0.074789   -0.092517
 29   42.546089   -0.000029    0.000010    0.031038   -0.070428   -0.066812
 30   42.234467    0.000055    0.000002    0.020127   -0.055999   -0.053530
 31   42.465042   -0.000049    0.000002    0.011463   -0.024974   -0.084663
 32   42.458054   -0.000027   -0.000004    0.019844   -0.046034   -0.137047
 33   42.267914   -0.000061    0.000000    0.015788   -0.010368   -0.058456
 34   42.506012    0.000046    0.000011    0.001326    0.068765    0.056074
 35   42.233032   -0.000050    0.000015   -0.011298    0.035579    0.031799
 36   42.352264   -0.000137    0.000004   -0.000818    0.086041    0.057114
 37   42.391693    0.000038    0.000011    0.005707    0.304475    0.214255
 38   42.497559    0.000038    0.000061   -0.029761    0.460475    0.363081
 39   42.272675    0.000122    0.000061   -0.065125    0.259938    0.243751
 40   29.239349  106.746605    1.740839    0.001489   -0.535515    1.659528
 41   42.375084    0.000000    0.000000   -0.020462    0.226842   -0.038489
 42   42.546082    0.000000   -0.000004   -0.003529    0.182751   -0.011758
 43   42.234467    0.000008   -0.000004   -0.003329    0.103715   -0.026758
 44   42.464981    0.000002    0.000000   -0.001550    0.061018   -0.072026
 45   42.458130   -0.000001   -0.000004    0.003112    0.088854   -0.078136
 46   42.267975   -0.000004    0.000004    0.000455   -0.024024   -0.003451
 47   42.505951    0.000008    0.000000   -0.001139   -0.092742    0.011009
 48   42.233154   -0.000004   -0.000009   -0.000053   -0.047693    0.004107
 49   42.352295   -0.000002   -0.000002    0.004608   -0.059734    0.127250
 50   42.391724   -0.000006    0.000004    0.022000   -0.085807    0.228165
 51   42.497681    0.000000    0.000000    0.041749   -0.090768    0.227621
 52   42.272766    0.000000   -0.000008    0.042539   -0.052897    0.154562
 53   42.159309   50.706898  -91.453865   -0.694773    0.654715    1.362069
 54   42.375069    0.000000    0.000000   -0.032201    0.088743    0.083327
 55   42.546112    0.000027    0.000011   -0.011599    0.084329    0.171150
 56   42.234512   -0.000034    0.000002   -0.027978    0.177382    0.007524
 57   42.465027    0.000046   -0.000011   -0.013332    0.094798   -0.044636
 58   42.458038    0.000038    0.000004   -0.019925    0.046011   -0.025000
 59   42.267975   -0.000072    0.000023   -0.001331    0.108504   -0.158393
 60   42.505951    0.000076    0.000038   -0.012372    0.265791   -0.430381
 61   42.233185   -0.000092    0.000000   -0.003673    0.188497   -0.306598
 62   42.352264   -0.000031   -0.000015   -0.006828    0.067918   -0.171894
 63   42.391693    0.000031    0.000000   -0.028806    0.027195   -0.229811
 64   42.497589    0.000031    0.000031   -0.105838    0.092632   -0.382510
 65   42.272781    0.000031    0.000000   -0.151980    0.124080   -0.343277
 66   41.174950  -56.044868  -92.471962   -0.503009    0.728401   -1.172018
 67   42.375107    0.000004   -0.000011    0.111105    0.121016    0.120919
 68   42.546112   -0.000006    0.000013    0.062944    0.092568    0.111602
 69   42.234436    0.000027   -0.000024    0.036193    0.081979   -0.014495
 70   42.465012   -0.000038    0.000025    0.034523    0.168891   -0.127959
 71   42.458130    0.000027   -0.000015    0.026080   -0.008592   -0.044051
 72   42.267883   -0.000076   -0.000023    0.001745   -0.205061    0.036800
 73   42.506012    0.000069    0.000005    0.002376   -0.083327    0.009123
 74   42.233154   -0.000006   -0.000061    0.000242   -0.099764    0.047210
 75   42.352203   -0.000025    0.000031    0.026027   -0.180478    0.100049
 76   42.391815    0.000008   -0.000046    0.064808   -0.246328    0.136160
 77   42.497620   -0.000015    0.000000    0.062339   -0.151278    0.099324
 78   42.272675   -0.000046    0.000031   -0.000505    0.005213   -0.003936
 79   29.239305 -106.786278    1.740908   -0.001590   -0.360749   -1.553812
 80   42.375061    0.000009   -0.000008    0.002881    0.118911    0.007956
 81   42.546082    0.000000    0.000000   -0.002307    0.165482   -0.009529
 82   42.234512   -0.000010   -0.000008    0.001076    0.155270    0.013911
 83   42.465088   -0.000002    0.000002   -0.009685   -0.043413    0.122892
 84   42.458069    0.000000    0.000005   -0.003053   -0.023667    0.086991
 85   42.267975    0.000004    0.000009   -0.002385    0.043348    0.206797
 86   42.505951    0.000015    0.000021   -0.016725    0.021771    0.307633
 87   42.233093    0.000000   -0.000004   -0.003240    0.031434    0.043304
 88   42.352264    0.000061    0.000013    0.031351    0.112509   -0.294275
 89   42.391815   -0.000015   -0.000015    0.098772    0.145113   -0.455785
 90   42.497650    0.000000   -0.000015    0.117058    0.074135   -0.334978
 91   42.272522    0.000000    0.000031    0.072128    0.016265   -0.176089
time 37
  0    0.000000    0.000000    0.000000    0.000000   -0.000000    0.000000
  1    0.000000    0.000000    0.000000    0.000000   -0.000000    0.000000
  2    0.000000   21.953421  -21.026371    0.114952   -1.414446    1.455693
  3   50.309204   -0.435479    0.000004   -0.000017   -0.000000   -0.107051
  4   30.891533   -0.000011    0.000002    0.000017    0.000000    0.129624
  5   34.635593    0.000008   -0.000004   -0.000000    0.000000    0.214041
  6   30.584274    0.000019    0.000000   -0.000000   -0.000000    0.260784
  7   31.520187    0.000000   -0.000004   -0.000000   -0.000000    0.296736
  8   34.241196  -28.000031  -41.877998    0.668600    0.758117    0.177575
  9   34.241119   23.441803  -41.878105   -0.942550    0.850560    1.071779
 10   35.246704  -52.543076    1.319132   -0.236287    0.130670    0.039108
 11   35.246552   52.726307    1.318920    0.069489    0.260475    1.378200
 12   34.830032  -24.891930   45.588600   -1.135000   -0.373475    0.423178
 13   34.885788   27.636581   43.767815    0.929681   -0.305331    1.094495
 14   29.239315  -51.573353   94.292984    1.028635   -0.816980   -1.794706
 15   42.375053   -0.000006   -0.000002   -0.109809    0.008378   -0.004258
 16   42.546074    0.000023    0.000004   -0.058874    0.010416   -0.004957
 17   42.234421    0.000019    0.000015   -0.032474    0.013385   -0.009209
 18   42.464981    0.000008    0.000009   -0.025791    0.035097    0.006575
 19   42.458069   -0.000076    0.000007   -0.036130    0.110412   -0.033735
 20   42.267944    0.000015    0.000008   -0.012789   -0.071267    0.043078
 21   42.505859   -0.000034    0.000017   -0.020867   -0.336861    0.161903
 22   42.233154    0.000011   -0.000015   -0.021957   -0.284289    0.126432
 23   42.352264    0.000069    0.000031   -0.018684   -0.189258    0.109081
 24   42.391785   -0.000015   -0.000031   -0.016454   -0.227051    0.163668
 25   42.497498    0.000061    0.000000   -0.010480   -0.222798    0.155378
 26   42.272766    0.000122   -0.000031   -0.003087   -0.166189    0.112251
 27   29.239332   55.382603   92.214958    0.001139   -1.025139    2.195631
 28   42.375069    0.000000   -0.000004    0.041721   -0.066297   -0.078028
 29   42.546074   -0.000031   -0.000003    0.031545   -0.063053   -0.054668
 30   42.234467    0.000055   -0.000012    0.020812   -0.049749   -0.044020
 31   42.464996   -0.000065    0.000008    0.011716   -0.020048   -0.080713
 32   42.458099   -0.000010    0.000013    0.020099   -0.022091   -0.119203
 33   42.267914   -0.000050    0.000004    0.016404   -0.018356   -0.073046
 34   42.506012    0.000027    0.000004   -0.000032   -0.018090   -0.029020
 35   42.233093   -0.000069    0.000011   -0.008787   -0.056146   -0.064027
 36   42.352203   -0.000130    0.000023    0.000208    0.117276    0.072220
 37   42.391663    0.000031   -0.000019    0.023253    0.452673    0.354496
 38   42.497620    0.000038   -0.000061   -0.043660    0.421977    0.360270
 39   42.272614    0.000122   -0.000031   -0.049601    0.173436    0.176482
 40   29.239346  106.746651    1.740839    0.001544   -0.538541    1.661731
 41   42.375076   -0.000008   -0.000023   -0.020790    0.228034   -0.038893
 42   42.546112    0.000008    0.000000   -0.002379    0.183555   -0.007957
 43   42.234497   -0.000006    0.000003   -0.003765    0.103690   -0.030000
 44   42.465088    0.000008    0.000000   -0.001950    0.062008   -0.086484
 45   42.458099   -0.000006    0.000000    0.003550    0.090174   -0.089088
 46   42.267914    0.000004    0.000011    0.002201   -0.028056   -0.016842
 47   42.505920    0.000004    0.000019    0.001733   -0.099345   -0.016996
 48   42.233093    0.000008    0.000000    0.000023   -0.050766   -0.012325
 49   42.352325    0.000004    0.000006    0.007607   -0.057158    0.156644
 50   42.391693   -0.000004    0.000004    0.030579   -0.078007    0.289942
 51   42.497681    0.000000    0.000000    0.047998   -0.074499    0.263748
 52   42.272705    0.000031    0.000015    0.044585   -0.039158    0.175317
 53   41.999138   50.706902  -91.452782   -0.685574    0.652560    1.372293
 54   42.375099   -0.000015   -0.000004   -0.032572    0.091712    0.082989
 55   42.546082    0.000036    0.000011   -0.013549    0.092303    0.161322
 56   42.234558   -0.000031   -0.000002   -0.026115    0.169498    0.024191
 57   42.465027    0.000044    0.000002   -0.013842    0.083778   -0.024751
 58   42.458069    0.000044    0.000015   -0.020523    0.041833   -0.017289
 59   42.267944   -0.000074    0.000015   -0.000867    0.098000   -0.141128
 60   42.506012    0.000099   -0.000046   -0.003575    0.253952   -0.404890
 61   42.233246   -0.000061    0.000000   -0.000972    0.194562   -0.319090
 62   42.352325    0.000000    0.000000   -0.010917    0.081539   -0.226670
 63   42.391708    0.000092    0.000046   -0.056956    0.066949   -0.340748
 64   42.497589    0.000061    0.000000   -0.124849    0.122673   -0.373663
 65   42.272766    0.000000    0.000061   -0.102114    0.105476   -0.231870
 66   40.900234  -56.044865  -92.450241   -0.509554    0.731162   -1.177760
 67   42.375092   -0.000004   -0.000004    0.112981    0.112061    0.129176
 68   42.546097   -0.000000    0.000031    0.063015    0.085640    0.119376
 69   42.234497    0.000027   -0.000001    0.036178    0.080264   -0.013982
 70   42.465012   -0.000034   -0.000013    0.034157    0.159789   -0.119044
 71   42.458069    0.000025   -0.000023    0.028189    0.001163   -0.058634
 72   42.267914   -0.000069   -0.000023    0.008198   -0.172871   -0.002632
 73   42.505981    0.000050   -0.000009    0.001718   -0.069673   -0.009058
 74   42.233063    0.000015   -0.000032   -0.002679   -0.075397    0.018933
 75   42.352203   -0.000061    0.000015    0.016536   -0.127640    0.043269
 76   42.391815    0.000000    0.000023    0.042898   -0.181761    0.053888
 77   42.497528   -0.000002    0.000000    0.042800   -0.127755    0.044429
 78   42.272675   -0.000031    0.000000    0.001626    0.001391   -0.000556
 79   29.239309 -106.786255    1.740910   -0.001647   -0.360798   -1.547697
 80   42.375092    0.000000   -0.000011    0.001076    0.119315    0.002991
 81   42.546066    0.000008    0.000000   -0.002924    0.166749   -0.012115
 82   42.234528    0.000000   -0.000007    0.000608    0.157237    0.007945
 83   42.465103    0.000008    0.000000   -0.007664   -0.040548    0.092971
 84   42.458099   -0.000015    0.000009   -0.002688   -0.018591    0.064453
 85   42.267944   -0.000008   -0.000002   -0.004703    0.048925    0.202623
 86   42.505981   -0.000023    0.000013   -0.020049    0.031685    0.280326
 87   42.233032    0.000000   -0.000006   -0.004594    0.035173    0.045072
 88   42.352295   -0.000046    0.000000    0.030376    0.099362   -0.219215
 89   42.391785   -0.000046   -0.000008    0.071974    0.127116   -0.298375
 90   42.497681   -0.000015    0.000031    0.104794    0.105729   -0.281420
 91   42.272614   -0.000015    0.000015    0.066341    0.034843   -0.139753
time 38
  0    0.000000    0.000000    0.000000    0.000000   -0.000000    0.000000
  1    0.000000    0.000000    0.000000    0.000000   -0.000000    0.000000
  2    0.000000   21.953419  -21.026371    0.122156   -1.416154    1.448489
  3   50.309204   -0.435479    0.000002   -0.000017    0.000000   -0.165485
  4   30.891537   -0.000011    0.000000    0.000017    0.000000    0.013175
  5   34.635593    0.000008   -0.000004   -0.000000    0.000000    0.152497
  6   30.584282    0.000018    0.000000   -0.000000   -0.000000    0.238547
  7   31.520180    0.000004    0.000006   -0.000000    0.000000    0.300567
  8   34.241165  -28.000023  -41.877998    0.641282    0.766376    0.218726
  9   34.241104   23.441803  -41.878090   -0.954472    0.871322    1.124019
 10   35.246689  -52.543076    1.319134   -0.258158    0.134415    0.095875
 11   35.246536   52.726311    1.318924    0.068172    0.282463    1.437262
 12   34.830002  -24.891922   45.588600   -1.156140   -0.362800    0.491153
 13   34.885757   27.636589   43.767815    0.919418   -0.284784    1.157212
 14   29.239307  -51.573334   94.292953    1.023763   -0.820064   -1.789353
 15   42.375053    0.000010   -0.000005   -0.109663    0.008771   -0.005375
 16   42.546066    0.000029   -0.000007   -0.058721    0.011177   -0.006434
 17   42.234482    0.000019    0.000005   -0.032237    0.015000   -0.011770
 18   42.464996    0.000004    0.000002   -0.025834    0.034484    0.006901
 19   42.458130   -0.000061   -0.000003   -0.036155    0.109334   -0.032888
 20   42.267944    0.000038    0.000015   -0.012777   -0.072013    0.043459
 21   42.505920   -0.000010    0.000010   -0.021016   -0.337679    0.162391
 22   42.233246    0.000023   -0.000015   -0.022028   -0.284434    0.126617
 23   42.352356    0.000038   -0.000046   -0.018680   -0.189263    0.109159
 24   42.391693    0.000023   -0.000061   -0.016400   -0.227005    0.163686
 25   42.497498    0.000061   -0.000061   -0.010418   -0.222696    0.155335
 26   42.272797    0.000137   -0.000031   -0.002930   -0.166112    0.112242
 27   29.239315   55.382610   92.214981    0.022981   -1.034356    2.170951
 28   42.375069    0.000004   -0.000005    0.042164   -0.055972   -0.060739
 29   42.546097   -0.000027    0.000011    0.032347   -0.054155   -0.040384
 30   42.234467    0.000053   -0.000001    0.021798   -0.042150   -0.032731
 31   42.465073   -0.000044    0.000023    0.012299   -0.012534   -0.073909
 32   42.458054   -0.000028   -0.000004    0.020958    0.013753   -0.092235
 33   42.267914   -0.000032    0.000034    0.019232   -0.048101   -0.111752
 34   42.506073    0.000061    0.000019    0.015590   -0.162840   -0.170558
 35   42.233093   -0.000046    0.000000   -0.004532   -0.111157   -0.123637
 36   42.352173   -0.000107    0.000015    0.005521    0.184837    0.125938
 37   42.391724    0.000046    0.000027    0.045882    0.541038    0.462639
 38   42.497620    0.000031    0.000000   -0.047550    0.358099    0.324145
 39   42.272614    0.000153    0.000092   -0.038389    0.134747    0.143424
 40   29.239342  106.746643    1.740839    0.001596   -0.541519    1.663926
 41   42.375053    0.000015   -0.000008   -0.021146    0.229138   -0.039346
 42   42.546127    0.000008   -0.000004   -0.001288    0.184323   -0.004395
 43   42.234436   -0.000008   -0.000002   -0.004208    0.103706   -0.033236
 44   42.465073    0.000000   -0.000005   -0.002361    0.063361   -0.100055
 45   42.458038    0.000008   -0.000004    0.003962    0.091847   -0.098569
 46   42.267944    0.000011    0.000000    0.004236   -0.032794   -0.032002
 47   42.505920    0.000015    0.000000    0.004742   -0.106035   -0.047957
 48   42.233093    0.000015   -0.000006   -0.000222   -0.053360   -0.029988
 49   42.352142    0.000015    0.000002    0.010742   -0.055367    0.177138
 50   42.391632    0.000008    0.000008    0.039586   -0.072547    0.344741
 51   42.497681    0.000000    0.000000    0.053377   -0.062524    0.291269
 52   42.272614   -0.000031    0.000008    0.046312   -0.029221    0.191860
 53   41.875084   50.706902  -91.451660   -0.674374    0.650527    1.384672
 54   42.375061   -0.000010   -0.000015   -0.033273    0.095234    0.081886
 55   42.546051    0.000031    0.000004   -0.015873    0.101252    0.150213
 56   42.234543   -0.000029    0.000011   -0.024480    0.161500    0.040400
 57   42.464981    0.000046    0.000008   -0.014530    0.074739   -0.008768
 58   42.458069    0.000027    0.000000   -0.021243    0.037762   -0.009903
 59   42.267944   -0.000092    0.000015   -0.001516    0.083265   -0.117220
 60   42.505920    0.000090    0.000015    0.007564    0.231278   -0.356382
 61   42.233215   -0.000061    0.000000    0.002515    0.206931   -0.342254
 62   42.352264   -0.000031    0.000031   -0.027344    0.108679   -0.357056
 63   42.391693    0.000031    0.000031   -0.103167    0.114365   -0.430190
 64   42.497589    0.000092   -0.000031   -0.106061    0.115624   -0.283058
 65   42.272690   -0.000092   -0.000031   -0.055915    0.067516   -0.129087
 66   40.627388  -56.044849  -92.428467   -0.515060    0.733338   -1.182343
 67   42.375107    0.000015   -0.000004    0.114425    0.105158    0.136332
 68   42.546097    0.000007    0.000004    0.062986    0.081505    0.124816
 69   42.234467    0.000021   -0.000019    0.036050    0.076300   -0.011332
 70   42.464981   -0.000034   -0.000004    0.033299    0.143341   -0.102585
 71   42.458099    0.000029    0.000000    0.029787    0.009518   -0.071129
 72   42.267883   -0.000061    0.000008    0.013622   -0.139745   -0.044033
 73   42.506042    0.000046    0.000012    0.000895   -0.055553   -0.028087
 74   42.233185    0.000000   -0.000037   -0.005540   -0.053097   -0.005430
 75   42.352142   -0.000031   -0.000023    0.007701   -0.080952    0.000424
 76   42.391785    0.000027   -0.000061    0.020509   -0.110055   -0.008152
 77   42.497620    0.000046   -0.000015    0.018597   -0.085120   -0.004576
 78   42.272583    0.000004   -0.000046    0.003713   -0.007415   -0.000264
 79   29.239307 -106.786201    1.740904   -0.001701   -0.360835   -1.542907
 80   42.375114   -0.000001    0.000000    0.000003    0.119691    0.000045
 81   42.546051   -0.000008    0.000004   -0.002759    0.167541   -0.011440
 82   42.234497    0.000008   -0.000005    0.000284    0.158591    0.003666
 83   42.465103    0.000002    0.000006   -0.005197   -0.037184    0.061179
 84   42.458069    0.000000    0.000003   -0.001981   -0.013894    0.041571
 85   42.267914   -0.000002   -0.000001   -0.005889    0.057621    0.173554
 86   42.505981    0.000000    0.000025   -0.019962    0.049020    0.218322
 87   42.233032   -0.000015   -0.000008   -0.008267    0.038711    0.059037
 88   42.352325   -0.000031    0.000000    0.014833    0.073682   -0.081594
 89   42.391693    0.000000   -0.000015    0.021598    0.096504   -0.082071
 90   42.497620   -0.000015   -0.000015    0.027841    0.105221   -0.073928
 91   42.272583    0.000008    0.000015    0.016747    0.045235   -0.033854
time 39
  0    0.000000    0.000000    0.000000    0.000000   -0.000000    0.000000
  1    0.000000    0.000000    0.000000    0.000000   -0.000000    0.000000
  2    0.000000   21.953419  -21.026371    0.129514   -1.417900    1.441134
  3   50.309204   -0.435479    0.000002   -0.000017   -0.000000   -0.208171
  4   30.891537   -0.000012    0.000004    0.000017    0.000000   -0.091928
  5   34.635590    0.000003    0.000000   -0.000000   -0.000000    0.086132
  6   30.584282    0.000013    0.000000   -0.000000   -0.000000    0.205114
  7   31.520180   -0.000002    0.000000   -0.000000   -0.000000    0.301978
  8   34.241180  -28.000031  -41.877995    0.667859    0.755171    0.172988
  9   34.241104   23.441799  -41.878094   -0.945995    0.849662    1.066718
 10   35.246674  -52.543076    1.319141   -0.236292    0.128985    0.034958
 11   35.246536   52.726303    1.318924    0.068273    0.260042    1.374154
 12   34.830002  -24.891922   45.588600   -1.135409   -0.376755    0.419231
 13   34.885757   27.636585   43.767815    0.926448   -0.307368    1.091298
 14   29.239315  -51.573338   94.292976    1.018816   -0.823193   -1.783885
 15   42.375076   -0.000008    0.000000   -0.109516    0.009188   -0.006521
 16   42.546097    0.000025   -0.000003   -0.058569    0.011976   -0.007950
 17   42.234482    0.000011   -0.000024   -0.031995    0.016700   -0.014416
 18   42.464981    0.000019   -0.000018   -0.025878    0.033846    0.007232
 19   42.458099   -0.000057    0.000004   -0.036188    0.108237   -0.032030
 20   42.267975    0.000027   -0.000023   -0.012763   -0.072752    0.043843
 21   42.505798    0.000027    0.000019   -0.021179   -0.338550    0.162938
 22   42.233185   -0.000008   -0.000038   -0.022112   -0.284644    0.126858
 23   42.352356    0.000000   -0.000046   -0.018676   -0.189262    0.109245
 24   42.391785   -0.000015    0.000000   -0.016338   -0.226931    0.163701
 25   42.497498    0.000061    0.000000   -0.010335   -0.222590    0.155311
 26   42.272766    0.000061   -0.000031   -0.002727   -0.166033    0.112254
 27   29.239323   55.382633   92.214989    0.043290   -1.042378    2.148290
 28   42.375061    0.000004   -0.000001    0.042727   -0.047272   -0.045813
 29   42.546089   -0.000015    0.000005    0.033145   -0.046845   -0.028130
 30   42.234467    0.000057    0.000001    0.022710   -0.035836   -0.023106
 31   42.465042   -0.000042    0.000008    0.012981   -0.004320   -0.066908
 32   42.458115   -0.000008    0.000008    0.022341    0.051943   -0.064508
 33   42.267883   -0.000051    0.000003    0.027209   -0.097818   -0.170604
 34   42.505951    0.000023    0.000000    0.049558   -0.295106   -0.306003
 35   42.233032   -0.000092    0.000046   -0.005936   -0.111173   -0.125193
 36   42.352264   -0.000168   -0.000015    0.010215    0.215227    0.151004
 37   42.391693    0.000076    0.000023    0.051072    0.558697    0.479919
 38   42.497650    0.000053    0.000000   -0.048966    0.343995    0.310203
 39   42.272614    0.000107   -0.000031   -0.038176    0.133187    0.140922
 40   29.239342  106.746635    1.740839    0.001645   -0.544445    1.666126
 41   42.375031    0.000000   -0.000008   -0.021548    0.230137   -0.039881
 42   42.546112   -0.000015   -0.000004   -0.000493    0.184914   -0.001821
 43   42.234467    0.000000   -0.000005   -0.004603    0.103919   -0.035970
 44   42.465088   -0.000016   -0.000002   -0.002712    0.065376   -0.109900
 45   42.458008   -0.000011   -0.000002    0.004281    0.093821   -0.103945
 46   42.267944    0.000015   -0.000004    0.006339   -0.037129   -0.046906
 47   42.505890    0.000000    0.000004    0.007535   -0.112057   -0.077403
 48   42.233215    0.000000   -0.000009   -0.000699   -0.055574   -0.046691
 49   42.352295   -0.000015    0.000004    0.013034   -0.055089    0.184984
 50   42.391693    0.000000    0.000004    0.047390   -0.070884    0.383440
 51   42.497528    0.000000    0.000000    0.058245   -0.056530    0.309408
 52   42.272766    0.000000   -0.000008    0.048817   -0.023783    0.204333
 53   41.761864   50.706909  -91.450615   -0.663860    0.647856    1.396339
 54   42.375076   -0.000010    0.000000   -0.033935    0.098899    0.080983
 55   42.546066    0.000040    0.000023   -0.017814    0.109380    0.141408
 56   42.234558   -0.000024   -0.000008   -0.023352    0.155431    0.052573
 57   42.465057    0.000048    0.000021   -0.014947    0.070017   -0.000655
 58   42.458099    0.000013    0.000015   -0.021862    0.034674   -0.004353
 59   42.267914   -0.000086    0.000011   -0.003438    0.066112   -0.090346
 60   42.505920    0.000093    0.000023    0.017560    0.190527   -0.279251
 61   42.233185   -0.000076    0.000031    0.007057    0.219386   -0.369941
 62   42.352264    0.000061    0.000015   -0.071830    0.154932   -0.562071
 63   42.391708    0.000061    0.000031   -0.129240    0.134852   -0.415775
 64   42.497597    0.000031   -0.000031   -0.077715    0.091717   -0.193196
 65   42.272789   -0.000031    0.000000   -0.030814    0.039116   -0.069112
 66   40.356461  -56.044846  -92.406700   -0.519086    0.734770   -1.185271
 67   42.375076   -0.000006    0.000008    0.115341    0.101130    0.141862
 68   42.546112    0.000000    0.000019    0.062910    0.079845    0.128304
 69   42.234436    0.000031    0.000002    0.035915    0.071983   -0.008751
 70   42.464966   -0.000040    0.000017    0.032231    0.126701   -0.087694
 71   42.458099    0.000027   -0.000015    0.030730    0.015274   -0.080070
 72   42.267853   -0.000067   -0.000011    0.016748   -0.112969   -0.075662
 73   42.505920    0.000046    0.000013    0.000064   -0.043848   -0.042588
 74   42.233124   -0.000023   -0.000031   -0.007766   -0.036902   -0.022197
 75   42.352173   -0.000031   -0.000023    0.002046   -0.051316   -0.024461
 76   42.391785    0.000008   -0.000008    0.008623   -0.066728   -0.038730
 77   42.497559    0.000023    0.000000    0.005619   -0.055048   -0.031398
 78   42.272705    0.000015    0.000046    0.002588   -0.009963   -0.005613
 79   29.239305 -106.786232    1.740902   -0.001752   -0.360842   -1.539000
 80   42.375076   -0.000001   -0.000008   -0.000581    0.120020   -0.001560
 81   42.546066    0.000001    0.000004   -0.002357    0.168244   -0.009773
 82   42.234528   -0.000009   -0.000003    0.000075    0.159519    0.000837
 83   42.465027    0.000008    0.000011   -0.003272   -0.035022    0.037661
 84   42.458099   -0.000003    0.000011   -0.001304   -0.010498    0.025210
 85   42.267914   -0.000008   -0.000004   -0.005330    0.067187    0.128200
 86   42.505920   -0.000004    0.000038   -0.014321    0.068216    0.130598
 87   42.233032   -0.000015    0.000000   -0.014977    0.041056    0.083667
 88   42.352356   -0.000015    0.000023   -0.020687    0.044738    0.093203
 89   42.391724    0.000000   -0.000008   -0.033186    0.055248    0.122899
 90   42.497528   -0.000015    0.000000   -0.043044    0.052970    0.130638
 91   42.272552   -0.000061    0.000031   -0.020708    0.019076    0.053963
time 40
  0    0.000000    0.000000    0.000000    0.000000   -0.000000    0.000000
  1    0.000000    0.000000    0.000000    0.000000   -0.000000    0.000000
  2    0.000000   21.953421  -21.026371    0.137020   -1.419681    1.433630
  3   50.309212   -0.435479    0.000002   -0.000017    0.000000   -0.224711
  4   30.891541   -0.000012    0.000004    0.000017    0.000000   -0.152270
  5   34.635597    0.000004   -0.000004   -0.000000    0.000000    0.026368
  6   30.584290    0.000017    0.000002   -0.000000   -0.000000    0.159160
  7   31.520172    0.000002    0.000002   -0.000000    0.000000    0.302179
  8   34.241211  -28.000034  -41.878006    0.733968    0.728453    0.056270
  9   34.241135   23.441803  -41.878090   -0.924455    0.796199    0.921483
 10   35.246704  -52.543087    1.319139   -0.182026    0.116038   -0.119495
 11   35.246552   52.726315    1.318924    0.068983    0.204533    1.214246
 12   34.830032  -24.891933   45.588608   -1.083777   -0.410033    0.237353
 13   34.885773   27.636585   43.767822    0.944468   -0.362583    0.924110
 14   29.239315  -51.573345   94.292946    1.013801   -0.826363   -1.778306
 15   42.375076    0.000008    0.000004   -0.109369    0.009629   -0.007695
 16   42.546104    0.000034    0.000002   -0.058417    0.012814   -0.009503
 17   42.234482    0.000019    0.000003   -0.031754    0.018481   -0.017142
 18   42.465027    0.000032    0.000012   -0.025922    0.033185    0.007566
 19   42.458160   -0.000048   -0.000017   -0.036225    0.107121   -0.031163
 20   42.268005    0.000008   -0.000019   -0.012753   -0.073484    0.044232
 21   42.505859    0.000002   -0.000017   -0.021352   -0.339476    0.163543
 22   42.233124    0.000000   -0.000015   -0.022206   -0.284916    0.127154
 23   42.352295    0.000038    0.000015   -0.018672   -0.189257    0.109343
 24   42.391724   -0.000053   -0.000031   -0.016268   -0.226833    0.163718
 25   42.497528    0.000015    0.000031   -0.010229   -0.222476    0.155304
 26   42.272720    0.000061    0.000000   -0.002477   -0.165953    0.112282
 27   29.239326   55.382607   92.214951    0.056102   -1.047258    2.134810
 28   42.375061   -0.000008   -0.000014    0.043024   -0.043693   -0.038499
 29   42.546066   -0.000023    0.000006    0.033504   -0.044142   -0.021823
 30   42.234451    0.000059   -0.000010    0.023086   -0.033352   -0.018366
 31   42.465027   -0.000051    0.000010    0.013194    0.000904   -0.064862
 32   42.458054    0.000004    0.000013    0.022983    0.072761   -0.053884
 33   42.267883   -0.000031    0.000021    0.034447   -0.126988   -0.204675
 34   42.505981    0.000038   -0.000011    0.066695   -0.342748   -0.351276
 35   42.233063   -0.000076    0.000031   -0.007337   -0.102980   -0.116552
 36   42.352234   -0.000153   -0.000015    0.007545    0.198003    0.125650
 37   42.391663    0.000076   -0.000008    0.025944    0.518275    0.395575
 38   42.497681    0.000023   -0.000015   -0.060702    0.367555    0.296713
 39   42.272583    0.000107   -0.000031   -0.048893    0.148617    0.144438
 40   29.239344  106.746628    1.740837    0.001691   -0.547312    1.668342
 41   42.375069    0.000000    0.000000   -0.022014    0.231014   -0.040533
 42   42.546127    0.000008   -0.000004   -0.000234    0.185185   -0.000991
 43   42.234451   -0.000002   -0.000004   -0.004883    0.104496   -0.037665
 44   42.465057   -0.000007   -0.000008   -0.002915    0.068334   -0.113049
 45   42.458099    0.000011   -0.000008    0.004414    0.096037   -0.102445
 46   42.267944    0.000000   -0.000008    0.008260   -0.039886   -0.059353
 47   42.505920   -0.000008    0.000000    0.010073   -0.117120   -0.102231
 48   42.233154   -0.000008   -0.000015   -0.001159   -0.058074   -0.061285
 49   42.352234   -0.000015    0.000002    0.014062   -0.056960    0.182662
 50   42.391693    0.000023   -0.000011    0.052258   -0.073464    0.396664
 51   42.497650   -0.000031   -0.000015    0.062333   -0.057240    0.314627
 52   42.272675    0.000000    0.000008    0.052164   -0.023346    0.209609
 53   41.634178   50.706882  -91.449554   -0.656774    0.643844    1.404389
 54   42.375076   -0.000013    0.000000   -0.034151    0.102302    0.081309
 55   42.546051    0.000027   -0.000004   -0.018516    0.114899    0.138581
 56   42.234573   -0.000044   -0.000008   -0.022921    0.153419    0.056997
 57   42.465027    0.000065    0.000011   -0.014606    0.071993   -0.004425
 58   42.458038    0.000032    0.000015   -0.022094    0.033549   -0.002273
 59   42.267975   -0.000074    0.000004   -0.006145    0.049595   -0.065586
 60   42.505981    0.000101    0.000008    0.020548    0.136819   -0.189103
 61   42.233185   -0.000053    0.000008    0.013960    0.213690   -0.374358
 62   42.352325   -0.000015    0.000046   -0.132425    0.190715   -0.754226
 63   42.391724    0.000031    0.000061   -0.140081    0.137902   -0.376404
 64   42.497597   -0.000031   -0.000031   -0.061697    0.072899   -0.140053
 65   42.272758    0.000031    0.000061   -0.016164    0.018779   -0.031440
 66   40.087517  -56.044861  -92.385002   -0.521194    0.735304   -1.186054
 67   42.375099    0.000000   -0.000004    0.115636    0.100806    0.145232
 68   42.546082   -0.000004    0.000017    0.062822    0.080327    0.130209
 69   42.234436    0.000011   -0.000003    0.035939    0.069330   -0.008522
 70   42.464981   -0.000036    0.000027    0.031697    0.117209   -0.083228
 71   42.458130    0.000023   -0.000023    0.030907    0.016606   -0.084063
 72   42.267944   -0.000036   -0.000042    0.017445   -0.100242   -0.085711
 73   42.505981    0.000061   -0.000042   -0.000314   -0.037792   -0.046637
 74   42.233063    0.000015   -0.000045   -0.008672   -0.030246   -0.028724
 75   42.352142   -0.000031    0.000030    0.000011   -0.041697   -0.034653
 76   42.391663    0.000000   -0.000004    0.005010   -0.055013   -0.051210
 77   42.497620    0.000031    0.000027    0.001506   -0.048103   -0.044457
 78   42.272705   -0.000015    0.000008    0.001588   -0.010832   -0.009995
 79   29.239305 -106.786247    1.740908   -0.001800   -0.360798   -1.535540
 80   42.375099   -0.000001   -0.000004   -0.000920    0.120266   -0.002491
 81   42.546066   -0.000010    0.000000   -0.002293    0.169249   -0.009512
 82   42.234528    0.000017   -0.000009   -0.000026    0.160177   -0.000568
 83   42.465118   -0.000007   -0.000004   -0.002884   -0.035730    0.032465
 84   42.458069   -0.000009   -0.000004   -0.001161   -0.009084    0.021938
 85   42.267883   -0.000007   -0.000008   -0.003495    0.076225    0.078976
 86   42.505951   -0.000015    0.000008   -0.005069    0.083794    0.041543
 87   42.233063   -0.000004   -0.000015   -0.020172    0.044395    0.096671
 88   42.352295    0.000000    0.000000   -0.059309    0.028175    0.235107
 89   42.391754   -0.000015    0.000023   -0.067380    0.022841    0.245276
 90   42.497528   -0.000092   -0.000008   -0.063062    0.008694    0.217193
 91   42.272491   -0.000122    0.000027   -0.024359   -0.001962    0.082851
time 41
  0    0.000000    0.000000    0.000000    0.000000   -0.000000    0.000000
  1    0.000000    0.000000    0.000000    0.000000   -0.000000    0.000000
  2    0.000000   21.953423  -21.026371    0.144668   -1.421496    1.425983
  3   50.309216   -0.435479    0.000004   -0.000017    0.000000   -0.222719
  4   30.891544   -0.000010   -0.000002    0.000017    0.000000   -0.174084
  5   34.635601    0.000011    0.000000   -0.000000   -0.000000   -0.036033
  6   30.584290    0.000019    0.000002   -0.000000    0.000000    0.088370
  7   31.520187   -0.000004    0.000002   -0.000000    0.000000    0.244795
  8   34.241196  -28.000029  -41.878010    0.819176    0.696563   -0.100687
  9   34.241135   23.441803  -41.878101   -0.895690    0.728211    0.728318
 10   35.246719  -52.543068    1.319134   -0.112355    0.100586   -0.325043
 11   35.246552   52.726311    1.318926    0.070909    0.133569    1.001665
 12   34.830032  -24.891928   45.588608   -1.017080   -0.449752   -0.003651
 13   34.885773   27.636589   43.767822    0.968876   -0.431622    0.701477
 14   29.239328  -51.573334   94.292953    1.008721   -0.829566   -1.772618
 15   42.375076    0.000004   -0.000002   -0.109220    0.010092   -0.008893
 16   42.546074    0.000038    0.000013   -0.058267    0.013686   -0.011090
 17   42.234467    0.000019    0.000004   -0.031510    0.020341   -0.019949
 18   42.464996    0.000019    0.000004   -0.025967    0.032500    0.007902
 19   42.458115   -0.000069   -0.000018   -0.036268    0.105992   -0.030290
 20   42.267914    0.000027    0.000008   -0.012745   -0.074198    0.044623
 21   42.505890   -0.000004    0.000000   -0.021535   -0.340446    0.164205
 22   42.233185    0.000008   -0.000031   -0.022314   -0.285256    0.127511
 23   42.352234    0.000046    0.000015   -0.018667   -0.189250    0.109450
 24   42.391754   -0.000023   -0.000031   -0.016188   -0.226707    0.163733
 25   42.497528    0.000061    0.000031   -0.010103   -0.222359    0.155321
 26   42.272827    0.000076    0.000000   -0.002175   -0.165866    0.112331
 27   29.239342   55.382618   92.214958    0.063203   -1.050026    2.128270
 28   42.375053    0.000004   -0.000009    0.043026   -0.043868   -0.036894
 29   42.546112   -0.000023    0.000008    0.033492   -0.044650   -0.019691
 30   42.234451    0.000057   -0.000005    0.023016   -0.033613   -0.017241
 31   42.465042   -0.000046    0.000009    0.012835    0.002517   -0.068064
 32   42.458084    0.000013    0.000015    0.022533    0.071506   -0.060421
 33   42.267883   -0.000038    0.000015    0.032317   -0.112228   -0.189175
 34   42.506012    0.000046    0.000000    0.056021   -0.311912   -0.309988
 35   42.233124   -0.000076   -0.000031   -0.005302   -0.113414   -0.128326
 36   42.352264   -0.000092    0.000000   -0.000969    0.118317    0.030905
 37   42.391663    0.000000    0.000015   -0.011762    0.264706    0.101092
 38   42.497650    0.000000    0.000000   -0.050078    0.259998    0.077655
 39   42.272675    0.000076    0.000031   -0.051470    0.157236    0.056836
 40   29.239353  106.746651    1.740843    0.001735   -0.550108    1.670532
 41   42.375069    0.000006   -0.000023   -0.022511    0.231746   -0.041233
 42   42.546097   -0.000008    0.000000   -0.000712    0.185068   -0.002510
 43   42.234482    0.000008   -0.000001   -0.004969    0.105547   -0.037709
 44   42.465042    0.000000   -0.000005   -0.002866    0.072749   -0.106538
 45   42.458038    0.000010    0.000006    0.004228    0.099132   -0.091053
 46   42.267914    0.000000    0.000011    0.010513   -0.041964   -0.072231
 47   42.505798    0.000000    0.000008    0.013489   -0.122686   -0.131430
 48   42.233185    0.000008   -0.000011   -0.001585   -0.061582   -0.077181
 49   42.352203   -0.000046    0.000000    0.014409   -0.060768    0.175263
 50   42.391693    0.000008   -0.000008    0.054510   -0.078712    0.386231
 51   42.497620   -0.000008   -0.000008    0.065045   -0.062964    0.304879
 52   42.272766    0.000000   -0.000008    0.055687   -0.027237    0.206059
 53   41.499321   50.706890  -91.448563   -0.651220    0.638289    1.410898
 54   42.375069    0.000000   -0.000023   -0.034465    0.106546    0.081625
 55   42.546082    0.000026    0.000015   -0.018738    0.120278    0.138093
 56   42.234558   -0.000026    0.000013   -0.022893    0.154186    0.056201
 57   42.465012    0.000061    0.000008   -0.013894    0.077022   -0.013888
 58   42.458099    0.000031   -0.000019   -0.022088    0.033487   -0.002121
 59   42.268005   -0.000080    0.000015   -0.009109    0.034541   -0.043808
 60   42.505951    0.000094    0.000031    0.016657    0.086488   -0.109762
 61   42.233185   -0.000061    0.000000    0.024392    0.167915   -0.319843
 62   42.352386    0.000076    0.000015   -0.166596    0.163302   -0.867724
 63   42.391663    0.000000    0.000000   -0.188338    0.139883   -0.412855
 64   42.497574   -0.000031   -0.000061   -0.057397    0.057142   -0.105433
 65   42.272682   -0.000031    0.000000   -0.004218    0.001472   -0.002391
 66   39.820602  -56.044849  -92.363312   -0.517556    0.733644   -1.180370
 67   42.375092   -0.000008   -0.000011    0.113995    0.111379    0.140907
 68   42.546097   -0.000001    0.000000    0.062828    0.091157    0.122919
 69   42.234482    0.000031   -0.000010    0.035812    0.064254   -0.005937
 70   42.464981   -0.000027   -0.000008    0.030553    0.100437   -0.070288
 71   42.458099    0.000029   -0.000031    0.029403    0.006405   -0.074309
 72   42.267944   -0.000071    0.000019    0.016586   -0.105284   -0.075035
 73   42.505951    0.000061   -0.000010   -0.000030   -0.040327   -0.039836
 74   42.233124    0.000008   -0.000032   -0.009641   -0.023501   -0.035902
 75   42.352112    0.000015    0.000000   -0.003639   -0.028015   -0.055719
 76   42.391785    0.000015   -0.000042   -0.000722   -0.045265   -0.078127
 77   42.497559    0.000046   -0.000004   -0.006365   -0.042431   -0.073430
 78   42.272705    0.000031   -0.000031   -0.000813   -0.010016   -0.017628
 79   29.239317 -106.786255    1.740902   -0.001845   -0.360709   -1.532206
 80   42.375130    0.000008    0.000004   -0.001196    0.120439   -0.003250
 81   42.546051   -0.000002    0.000000   -0.002588    0.170703   -0.010758
 82   42.234497   -0.000001   -0.000010   -0.000059    0.160886   -0.001066
 83   42.465042   -0.000008    0.000000   -0.003639   -0.038614    0.039863
 84   42.458099    0.000005   -0.000008   -0.001395   -0.008587    0.026563
 85   42.267944    0.000006   -0.000007   -0.001552    0.084598    0.035241
 86   42.506042    0.000000    0.000023    0.002940    0.094037   -0.022115
 87   42.233093   -0.000010    0.000008   -0.019357    0.049045    0.084582
 88   42.352234   -0.000015    0.000008   -0.078887    0.029809    0.285645
 89   42.391724   -0.000061    0.000008   -0.085902    0.017113    0.290874
 90   42.497528   -0.000031   -0.000046   -0.073221   -0.002207    0.243663
 91   42.272430   -0.000092    0.000019   -0.026168   -0.007379    0.089824
time 42
  0    0.000000    0.000000    0.000000    0.000000   -0.000000    0.000000
  1    0.000000    0.000000    0.000000    0.000000   -0.000000    0.000000
  2    0.000000   21.953424  -21.026375    0.152459   -1.423343    1.418193
  3   50.309223   -0.435479    0.000006   -0.000017    0.000000   -0.215266
  4   30.891548   -0.000010    0.000002    0.000017    0.000000   -0.187316
  5   34.635601    0.000006    0.000000   -0.000000   -0.000000   -0.108685
  6   30.584282    0.000019    0.000002   -0.000000    0.000000   -0.006371
  7   31.520180    0.000002   -0.000004   -0.000000   -0.000000    0.107955
  8   34.241196  -28.000034  -41.878014    0.903049    0.669845   -0.267140
  9   34.241150   23.441814  -41.878105   -0.865538    0.662975    0.527224
 10   35.246704  -52.543087    1.319139   -0.044277    0.087639   -0.539243
 11   35.246567   52.726330    1.318928    0.074660    0.064785    0.780539
 12   34.830017  -24.891926   45.588627   -0.951157   -0.483030   -0.252950
 13   34.885803   27.636597   43.767841    0.995070   -0.495678    0.469229
 14   29.239315  -51.573349   94.293007    1.003582   -0.832800   -1.766824
 15   42.375069    0.000008   -0.000008   -0.109070    0.010574   -0.010114
 16   42.546097    0.000050    0.000009   -0.058117    0.014592   -0.012709
 17   42.234467    0.000010    0.000017   -0.031264    0.022278   -0.022831
 18   42.465012    0.000027    0.000009   -0.026011    0.031796    0.008239
 19   42.458176   -0.000065    0.000014   -0.036318    0.104844   -0.029408
 20   42.268005    0.000019    0.000008   -0.012738   -0.074903    0.045019
 21   42.505920   -0.000002   -0.000010   -0.021729   -0.341463    0.164924
 22   42.233154    0.000031   -0.000015   -0.022433   -0.285650    0.127924
 23   42.352173    0.000069    0.000015   -0.018661   -0.189234    0.109565
 24   42.391754   -0.000031   -0.000031   -0.016097   -0.226552    0.163747
 25   42.497437    0.000046   -0.000061   -0.009953   -0.222237    0.155359
 26   42.272720    0.000061   -0.000031   -0.001819   -0.165776    0.112403
 27   29.239334   55.382622   92.214973    0.070411   -1.052860    2.121615
 28   42.375084    0.000000    0.000001    0.043013   -0.044111   -0.035590
 29   42.546127   -0.000019    0.000019    0.033476   -0.045188   -0.017726
 30   42.234482    0.000055   -0.000006    0.022925   -0.033949   -0.016430
 31   42.465057   -0.000050    0.000012    0.012419    0.003693   -0.071728
 32   42.458084   -0.000021    0.000001    0.021994    0.064130   -0.069156
 33   42.267975   -0.000022    0.000014    0.027656   -0.085401   -0.160233
 34   42.506042    0.000038   -0.000008    0.040547   -0.258586   -0.251332
 35   42.233093    0.000000    0.000000   -0.001719   -0.126736   -0.143785
 36   42.352234   -0.000107    0.000015    0.000549    0.021930   -0.080572
 37   42.391693    0.000076    0.000015    0.008838    0.053371   -0.088042
 38   42.497620    0.000061   -0.000015    0.017102    0.020466   -0.106164
 39   42.272705    0.000092    0.000031    0.016540    0.013125   -0.075353
 40   29.239355  106.746643    1.740843    0.001776   -0.552844    1.672647
 41   42.375069    0.000000    0.000008   -0.022991    0.232350   -0.041900
 42   42.546143    0.000000    0.000004   -0.001798    0.184672   -0.005921
 43   42.234482   -0.000002    0.000003   -0.004857    0.106987   -0.036192
 44   42.465073   -0.000002   -0.000004   -0.002569    0.078539   -0.091788
 45   42.458099    0.000008    0.000000    0.003669    0.103217   -0.071715
 46   42.267914    0.000000    0.000015    0.013659   -0.044604   -0.088530
 47   42.505920    0.000008    0.000011    0.018543   -0.129497   -0.171132
 48   42.233154    0.000015   -0.000015   -0.002122   -0.065735   -0.096516
 49   42.352295    0.000000   -0.000008    0.014426   -0.065082    0.164037
 50   42.391693    0.000031   -0.000004    0.055077   -0.084218    0.362583
 51   42.497589    0.000000   -0.000046    0.065682   -0.070682    0.283983
 52   42.272705    0.000000    0.000008    0.058704   -0.034000    0.197360
 53   41.374168   50.706894  -91.447495   -0.644034    0.631912    1.419215
 54   42.375099   -0.000004   -0.000015   -0.035586    0.112417    0.080265
 55   42.546051    0.000029    0.000008   -0.019685    0.128167    0.134542
 56   42.234528   -0.000028    0.000008   -0.022862    0.155017    0.055324
 57   42.465042    0.000040    0.000036   -0.013374    0.080355   -0.020413
 58   42.458099    0.000036    0.000027   -0.022159    0.033059   -0.001365
 59   42.267975   -0.000099    0.000004   -0.012268    0.020197   -0.023352
 60   42.506012    0.000082    0.000031    0.009195    0.044143   -0.043654
 61   42.233215   -0.000070    0.000000    0.029595    0.079730   -0.202648
 62   42.352386    0.000015    0.000031   -0.102097    0.006593   -0.800067
 63   42.391754   -0.000031    0.000015   -0.264276    0.067556   -0.491012
 64   42.497604    0.000061    0.000000   -0.063351    0.034442   -0.083894
 65   42.272667   -0.000061   -0.000031   -0.003001    0.000001   -0.000001
 66   39.555756  -56.044861  -92.341614   -0.507590    0.729560   -1.167550
 67   42.375099   -0.000004   -0.000011    0.109962    0.134296    0.127553
 68   42.546112   -0.000011    0.000031    0.062896    0.115046    0.103817
 69   42.234482    0.000023   -0.000012    0.035014    0.053160    0.003182
 70   42.465012   -0.000029   -0.000021    0.026763    0.065798   -0.035541
 71   42.458099    0.000044   -0.000023    0.025910   -0.014577   -0.050000
 72   42.267975   -0.000046   -0.000015    0.015214   -0.119461   -0.057862
 73   42.505981    0.000065   -0.000006    0.000684   -0.049875   -0.027271
 74   42.233185    0.000023    0.000013   -0.011093   -0.014376   -0.045363
 75   42.352173   -0.000038    0.000023   -0.011924    0.001898   -0.095248
 76   42.391785    0.000015   -0.000019   -0.016237   -0.014323   -0.135340
 77   42.497498    0.000061    0.000004   -0.030674   -0.013628   -0.140017
 78   42.272705   -0.000031    0.000015   -0.008877   -0.002430   -0.036954
 79   29.239317 -106.786278    1.740906   -0.001886   -0.360604   -1.528973
 80   42.375130   -0.000001   -0.000004   -0.001439    0.120604   -0.003917
 81   42.546036    0.000000    0.000000   -0.002871    0.172331   -0.011954
 82   42.234467    0.000008   -0.000005   -0.000077    0.161700   -0.001367
 83   42.464981    0.000001    0.000008   -0.004418   -0.041624    0.047006
 84   42.458130   -0.000009    0.000010   -0.001556   -0.007684    0.029791
 85   42.267883   -0.000001    0.000004    0.000033    0.091997   -0.000320
 86   42.505951    0.000002    0.000015    0.008056    0.099800   -0.057279
 87   42.233063    0.000000    0.000000   -0.013665    0.053498    0.056085
 88   42.352386   -0.000004    0.000023   -0.074973    0.041768    0.251499
 89   42.391785    0.000000    0.000000   -0.093510    0.036505    0.280996
 90   42.497589   -0.000031   -0.000015   -0.088527    0.014131    0.247375
 91   42.272614    0.000000    0.000023   -0.033160   -0.002975    0.091213
time 43
  0    0.000000    0.000000    0.000000    0.000000   -0.000000    0.000000
  1    0.000000    0.000000    0.000000    0.000000   -0.000000    0.000000
  2    0.000000   21.953424  -21.026375    0.160385   -1.425224    1.410269
  3   50.309219   -0.435479    0.000004   -0.000017    0.000000   -0.200131
  4   30.891548   -0.000010    0.000004    0.000017    0.000000   -0.194111
  5   34.635609    0.000010    0.000002   -0.000000   -0.000000   -0.177732
  6   30.584297    0.000027    0.000000   -0.000000    0.000000   -0.106592
  7   31.520203    0.000000    0.000004   -0.000000    0.000000   -0.055371
  8   34.241211  -28.000038  -41.878014    0.965153    0.658641   -0.412348
  9   34.241135   23.441826  -41.878105   -0.839837    0.617767    0.358205
 10   35.246704  -52.543098    1.319138    0.005212    0.082209   -0.719651
 11   35.246552   52.726334    1.318924    0.080844    0.015814    0.594993
 12   34.830032  -24.891937   45.588615   -0.901845   -0.496985   -0.459713
 13   34.885788   27.636597   43.767834    1.018445   -0.535944    0.273196
 14   29.239325  -51.573357   94.292984    0.998386   -0.836059   -1.760928
 15   42.375099   -0.000004   -0.000017   -0.108920    0.011077   -0.011358
 16   42.546066    0.000038    0.000006   -0.057969    0.015528   -0.014358
 17   42.234482    0.000010   -0.000004   -0.031017    0.024286   -0.025787
 18   42.465027    0.000002   -0.000002   -0.026055    0.031073    0.008574
 19   42.458130   -0.000065    0.000002   -0.036372    0.103682   -0.028519
 20   42.268036    0.000057    0.000011   -0.012734   -0.075593    0.045417
 21   42.505890   -0.000006    0.000031   -0.021934   -0.342521    0.165700
 22   42.233246    0.000019    0.000008   -0.022563   -0.286107    0.128397
 23   42.352295    0.000046    0.000015   -0.018654   -0.189214    0.109693
 24   42.391815   -0.000031    0.000061   -0.015997   -0.226373    0.163764
 25   42.497589    0.000092   -0.000031   -0.009777   -0.222106    0.155419
 26   42.272781    0.000061    0.000031   -0.001400   -0.165682    0.112494
 27   29.239338   55.382614   92.214981    0.077616   -1.055688    2.114976
 28   42.375092    0.000000   -0.000001    0.042988   -0.044437   -0.034519
 29   42.546104   -0.000015    0.000018    0.033446   -0.045849   -0.015962
 30   42.234497    0.000057   -0.000012    0.022808   -0.034377   -0.015887
 31   42.465057   -0.000050    0.000015    0.011993    0.004865   -0.075433
 32   42.458038   -0.000030    0.000010    0.021480    0.054570   -0.078474
 33   42.267883   -0.000057    0.000024    0.023490   -0.058465   -0.130545
 34   42.505981    0.000023    0.000019    0.027349   -0.203225   -0.195867
 35   42.233063   -0.000038    0.000000    0.000295   -0.128124   -0.144474
 36   42.352295   -0.000107   -0.000031    0.011485   -0.043450   -0.173896
 37   42.391724    0.000076   -0.000015    0.038582   -0.040583   -0.213008
 38   42.497650   -0.000092   -0.000031    0.054983   -0.061284   -0.197055
 39   42.272675    0.000183   -0.000076    0.037868   -0.040194   -0.109488
 40   29.239353  106.746643    1.740835    0.001812   -0.555542    1.674685
 41   42.375069    0.000000    0.000000   -0.023461    0.232874   -0.042542
 42   42.546112   -0.000002    0.000004   -0.003238    0.184117   -0.010393
 43   42.234451   -0.000002    0.000000   -0.004602    0.108684   -0.033640
 44   42.465134   -0.000006   -0.000002   -0.002103    0.085040   -0.072453
 45   42.458130    0.000004    0.000008    0.002775    0.107456   -0.049020
 46   42.267914    0.000002    0.000023    0.017338   -0.047093   -0.105762
 47   42.505890    0.000000    0.000015    0.024632   -0.136389   -0.214340
 48   42.233154    0.000031   -0.000004   -0.002676   -0.069900   -0.116914
 49   42.352264    0.000031    0.000000    0.013810   -0.069038    0.148270
 50   42.391693    0.000023   -0.000008    0.053606   -0.089071    0.330776
 51   42.497681    0.000000   -0.000015    0.063401   -0.078953    0.254796
 52   42.272614   -0.000015    0.000031    0.060338   -0.043190    0.185089
 53   41.247757   50.706909  -91.446503   -0.636088    0.625454    1.428339
 54   42.375084   -0.000004   -0.000011   -0.037297    0.118980    0.077672
 55   42.546082    0.000025    0.000019   -0.021123    0.137024    0.129015
 56   42.234512   -0.000034    0.000006   -0.022839    0.155993    0.054425
 57   42.465027    0.000063    0.000011   -0.012991    0.082652   -0.024371
 58   42.458038    0.000021    0.000015   -0.022274    0.032473   -0.000225
 59   42.267975   -0.000095    0.000008   -0.015320    0.007617   -0.005680
 60   42.505920    0.000109   -0.000008    0.000559    0.010421    0.008232
 61   42.233215   -0.000059    0.000008    0.019054   -0.008993   -0.073869
 62   42.352234    0.000004    0.000027    0.022670   -0.198198   -0.427035
 63   42.391754    0.000046    0.000031   -0.085328   -0.153607   -0.361021
 64   42.497650    0.000031   -0.000008   -0.055094   -0.032363   -0.105079
 65   42.272736    0.000031   -0.000034   -0.002998    0.000001    0.000001
 66   39.293053  -56.044876  -92.319962   -0.495688    0.724492   -1.152543
 67   42.375099   -0.000008    0.000008    0.104806    0.161643    0.111074
 68   42.546097    0.000006    0.000004    0.062833    0.143317    0.080868
 69   42.234482    0.000027   -0.000007    0.033589    0.039576    0.015034
 70   42.465012   -0.000034   -0.000008    0.020624    0.026330    0.004131
 71   42.458160    0.000025    0.000008    0.021389   -0.036881   -0.021663
 72   42.267853   -0.000067   -0.000004    0.013654   -0.133571   -0.040956
 73   42.505951    0.000048   -0.000013    0.001509   -0.062472   -0.012453
 74   42.233124   -0.000006   -0.000027   -0.011445   -0.011620   -0.046279
 75   42.352142   -0.000017    0.000019   -0.019283    0.026316   -0.125399
 76   42.391876   -0.000015   -0.000046   -0.036223    0.021502   -0.198925
 77   42.497437    0.000031   -0.000010   -0.070249    0.028396   -0.230841
 78   42.272705    0.000061   -0.000022   -0.025586    0.013719   -0.071201
 79   29.239317 -106.786278    1.740908   -0.001924   -0.360491   -1.525840
 80   42.375099   -0.000002   -0.000011   -0.001663    0.120808   -0.004533
 81   42.546082    0.000000    0.000000   -0.003141    0.173904   -0.013101
 82   42.234512    0.000000   -0.000007   -0.000088    0.162329   -0.001589
 83   42.465088    0.000002    0.000006   -0.005135   -0.044338    0.053204
 84   42.458038    0.000006    0.000004   -0.001644   -0.006590    0.031610
 85   42.267975   -0.000005   -0.000002    0.001255    0.097881   -0.026823
 86   42.506042   -0.000004    0.000023    0.010702    0.102775   -0.072470
 87   42.233063    0.000000    0.000000   -0.006510    0.056714    0.025658
 88   42.352356   -0.000001    0.000038   -0.054792    0.052429    0.173631
 89   42.391693   -0.000008    0.000000   -0.078428    0.064553    0.211217
 90   42.497589   -0.000031    0.000000   -0.091156    0.053406    0.208470
 91   42.272552    0.000000   -0.000015   -0.040606    0.013105    0.083407
time 44
  0    0.000000    0.000000    0.000000    0.000000   -0.000000    0.000000
  1    0.000000    0.000000    0.000000    0.000000   -0.000000    0.000000
  2    0.000000   21.953423  -21.026371    0.168444   -1.427136    1.402214
  3   50.309219   -0.435479    0.000002   -0.000017    0.000000   -0.175098
  4   30.891541   -0.000009    0.000002    0.000017    0.000000   -0.196614
  5   34.635597    0.000008    0.000000   -0.000000    0.000000   -0.229320
  6   30.584290    0.000019   -0.000002   -0.000000   -0.000000   -0.193823
  7   31.520187    0.000004    0.000002   -0.000000   -0.000000   -0.192211
  8   34.241196  -28.000023  -41.878006    1.006078    0.660943   -0.555604
  9   34.241119   23.441811  -41.878098   -0.815587    0.593828    0.203242
 10   35.246674  -52.543072    1.319138    0.035831    0.087650   -0.885769
 11   35.246552   52.726326    1.318922    0.093151   -0.012208    0.425471
 12   34.830002  -24.891914   45.588608   -0.868272   -0.493635   -0.643992
 13   34.885788   27.636589   43.767815    1.042474   -0.553922    0.091884
 14   29.239319  -51.573330   94.292915    0.993140   -0.839339   -1.754932
 15   42.375061   -0.000008   -0.000008   -0.108769    0.011598   -0.012620
 16   42.546066    0.000025    0.000010   -0.057822    0.016492   -0.016034
 17   42.234497    0.000008    0.000010   -0.030769    0.026363   -0.028813
 18   42.465012    0.000006   -0.000003   -0.026099    0.030335    0.008907
 19   42.458084   -0.000072   -0.000002   -0.036433    0.102505   -0.027622
 20   42.268005    0.000019    0.000023   -0.012730   -0.076274    0.045819
 21   42.505890   -0.000015    0.000015   -0.022151   -0.343620    0.166536
 22   42.233154    0.000027    0.000008   -0.022704   -0.286614    0.128923
 23   42.352234    0.000053    0.000031   -0.018645   -0.189189    0.109833
 24   42.391724   -0.000031    0.000061   -0.015887   -0.226167    0.163787
 25   42.497498    0.000061    0.000000   -0.009574   -0.221966    0.155502
 26   42.272751    0.000076    0.000000   -0.000920   -0.165581    0.112609
 27   29.239330   55.382599   92.214951    0.084960   -1.058546    2.108179
 28   42.375053    0.000008   -0.000006    0.042958   -0.044796   -0.033579
 29   42.546074   -0.000023    0.000007    0.033406   -0.046592   -0.014326
 30   42.234467    0.000069    0.000001    0.022674   -0.034851   -0.015528
 31   42.465012   -0.000046    0.000015    0.011567    0.006121   -0.079103
 32   42.458084   -0.000005    0.000013    0.021026    0.044333   -0.087779
 33   42.267822   -0.000059    0.000013    0.020523   -0.035661   -0.104660
 34   42.505981    0.000027   -0.000005    0.014894   -0.138138   -0.133489
 35   42.233093   -0.000069    0.000046   -0.001076   -0.107748   -0.121523
 36   42.352203   -0.000092    0.000015    0.041057   -0.133675   -0.302639
 37   42.391724   -0.000061   -0.000015    0.098781   -0.159873   -0.363578
 38   42.497681    0.000000    0.000000    0.083442   -0.134036   -0.239323
 39   42.272644    0.000153   -0.000031    0.040018   -0.069731   -0.105751
 40   29.239349  106.746567    1.740837    0.001846   -0.558235    1.676647
 41   42.375031   -0.000002    0.000008   -0.023925    0.233370   -0.043167
 42   42.546097    0.000002   -0.000004   -0.004761    0.183530   -0.015059
 43   42.234451   -0.000010   -0.000005   -0.004279    0.110493   -0.030692
 44   42.465088    0.000007   -0.000007   -0.001571    0.091606   -0.052381
 45   42.458099   -0.000006    0.000008    0.001692    0.111224   -0.027289
 46   42.267914    0.000007    0.000000    0.021008   -0.049016   -0.121273
 47   42.505859    0.000000    0.000019    0.030828   -0.142325   -0.253586
 48   42.233063    0.000000   -0.000008   -0.003105   -0.073435   -0.135635
 49   42.352234   -0.000015    0.000006    0.012399   -0.072126    0.128109
 50   42.391602    0.000000   -0.000008    0.050341   -0.093198    0.296309
 51   42.497528   -0.000038    0.000015    0.058578   -0.086915    0.222141
 52   42.272827    0.000031    0.000015    0.060210   -0.054093    0.170792
 53   41.109108   50.706879  -91.445473   -0.628247    0.619708    1.437291
 54   42.375092   -0.000006   -0.000008   -0.039325    0.125238    0.074330
 55   42.546036    0.000031    0.000019   -0.022791    0.145301    0.122617
 56   42.234512   -0.000029    0.000018   -0.022836    0.157325    0.053455
 57   42.464996    0.000057   -0.000004   -0.012720    0.084475   -0.026022
 58   42.458069    0.000010    0.000004   -0.022388    0.031962    0.001013
 59   42.267975   -0.000092    0.000004   -0.017852   -0.002082    0.007612
 60   42.505859    0.000107    0.000008   -0.007260   -0.014717    0.045280
 61   42.233124   -0.000042    0.000008    0.003480   -0.065699    0.011011
 62   42.352234   -0.000038    0.000025    0.023260   -0.235253   -0.195839
 63   42.391663    0.000069    0.000015    0.008272   -0.190020   -0.140416
 64   42.497589    0.000053   -0.000031    0.000717   -0.085167   -0.062484
 65   42.272766    0.000015   -0.000015   -0.003172    0.007278    0.005328
 66   39.032513  -56.044827  -92.298332   -0.486096    0.719984   -1.140154
 67   42.375084    0.000002    0.000000    0.100245    0.185448    0.097761
 68   42.546082   -0.000002    0.000016    0.062809    0.167360    0.062484
 69   42.234436    0.000043    0.000011    0.032056    0.027855    0.024576
 70   42.465027   -0.000042    0.000011    0.014538   -0.005921    0.033210
 71   42.458130    0.000046   -0.000010    0.017437   -0.053362    0.000922
 72   42.267914   -0.000065    0.000003    0.012220   -0.142592   -0.027528
 73   42.505859    0.000051   -0.000008    0.002070   -0.073645   -0.000128
 74   42.233124    0.000017   -0.000015   -0.010609   -0.015236   -0.039332
 75   42.352173   -0.000038    0.000031   -0.020346    0.031517   -0.128626
 76   42.391663    0.000008    0.000000   -0.048184    0.039211   -0.235824
 77   42.497498    0.000092    0.000000   -0.109206    0.055771   -0.313019
 78   42.272705    0.000000    0.000038   -0.049847    0.032840   -0.114620
 79   29.239307 -106.786194    1.740906   -0.001958   -0.360378   -1.522807
 80   42.375084   -0.000000    0.000000   -0.001885    0.121090   -0.005144
 81   42.546066    0.000000    0.000015   -0.003396    0.175167   -0.014197
 82   42.234528    0.000009   -0.000002   -0.000103    0.162503   -0.001871
 83   42.465073    0.000001    0.000008   -0.005668   -0.046289    0.057633
 84   42.458099   -0.000004    0.000004   -0.001679   -0.005596    0.032354
 85   42.267944   -0.000010    0.000005    0.002059    0.101737   -0.043428
 86   42.505920    0.000008    0.000023    0.011611    0.103996   -0.076074
 87   42.233093    0.000011    0.000031   -0.000642    0.058734    0.002569
 88   42.352417   -0.000006    0.000031   -0.032722    0.057862    0.100302
 89   42.391846   -0.000008    0.000000   -0.048246    0.080282    0.121910
 90   42.497620    0.000000    0.000015   -0.064207    0.087351    0.129502
 91   42.272522    0.000000    0.000061   -0.034861    0.034054    0.058714
time 45
  0    0.000000    0.000000    0.000000    0.000000   -0.000000    0.000000
  1    0.000000    0.000000    0.000000    0.000000   -0.000000    0.000000
  2    0.000000   21.953424  -21.026375    0.176630   -1.429078    1.394028
  3   50.309223   -0.435479    0.000004   -0.000017   -0.000000   -0.137947
  4   30.891556   -0.000010   -0.000002    0.000017    0.000000   -0.196971
  5   34.635605    0.000008    0.000002   -0.000000   -0.000000   -0.249595
  6   30.584297    0.000015   -0.000004   -0.000000   -0.000000   -0.249594
  7   31.520187    0.000000    0.000000   -0.000000   -0.000000   -0.249596
  8   34.241188  -28.000031  -41.878025    1.039446    0.666434   -0.717402
  9   34.241127   23.441818  -41.878117   -0.788898    0.579307    0.035666
 10   35.246696  -52.543098    1.319132    0.058912    0.100625   -1.065893
 11   35.246544   52.726334    1.318930    0.111502   -0.031037    0.242555
 12   34.830040  -24.891922   45.588627   -0.839879   -0.485644   -0.839671
 13   34.885765   27.636612   43.767841    1.070223   -0.564826   -0.105260
 14   29.239323  -51.573368   94.292984    0.987849   -0.842633   -1.748842
 15   42.375076   -0.000002   -0.000014   -0.108617    0.012135   -0.013901
 16   42.546097    0.000027    0.000003   -0.057676    0.017482   -0.017735
 17   42.234467    0.000006    0.000008   -0.030520    0.028505   -0.031906
 18   42.464981    0.000011   -0.000000   -0.026141    0.029582    0.009235
 19   42.458115   -0.000072   -0.000029   -0.036499    0.101313   -0.026720
 20   42.267914    0.000050   -0.000008   -0.012731   -0.076929    0.046223
 21   42.505920   -0.000029   -0.000011   -0.022377   -0.344751    0.167427
 22   42.233215    0.000031    0.000038   -0.022857   -0.287183    0.129512
 23   42.352234    0.000038    0.000015   -0.018634   -0.189155    0.109982
 24   42.391754   -0.000015    0.000061   -0.015763   -0.225931    0.163808
 25   42.497437    0.000046    0.000031   -0.009344   -0.221818    0.155609
 26   42.272858    0.000061    0.000031   -0.000372   -0.165476    0.112749
 27   29.239330   55.382637   92.214996    0.092605   -1.061513    2.101027
 28   42.375076    0.000000   -0.000007    0.042922   -0.045127   -0.032748
 29   42.546097   -0.000023    0.000011    0.033325   -0.047565   -0.013185
 30   42.234528    0.000061   -0.000002    0.022522   -0.035365   -0.015361
 31   42.465088   -0.000057    0.000008    0.011307    0.008524   -0.081436
 32   42.458145    0.000002   -0.000003    0.020644    0.036819   -0.097064
 33   42.267944   -0.000036    0.000005    0.019008   -0.019801   -0.086611
 34   42.506073    0.000023    0.000008    0.005858   -0.075511   -0.070015
 35   42.233215   -0.000038    0.000019   -0.006547   -0.058597   -0.066282
 36   42.352325   -0.000137    0.000011    0.080086   -0.213102   -0.415552
 37   42.391754    0.000092   -0.000015    0.163089   -0.262242   -0.486780
 38   42.497650   -0.000061   -0.000092    0.081111   -0.161067   -0.227135
 39   42.272621    0.000153    0.000000    0.034448   -0.079308   -0.096894
 40   29.239355  106.746651    1.740835    0.001876   -0.560949    1.678532
 41   42.375061    0.000000   -0.000008   -0.024389    0.233894   -0.043783
 42   42.546097   -0.000010    0.000004   -0.006076    0.183039   -0.019022
 43   42.234467   -0.000008   -0.000002   -0.003992    0.112245   -0.028129
 44   42.465042   -0.000014    0.000002   -0.001101    0.097643   -0.035607
 45   42.458038    0.000008    0.000008    0.000692    0.114167   -0.010463
 46   42.267853    0.000009    0.000015    0.024052   -0.050439   -0.132710
 47   42.505890    0.000000    0.000008    0.035838   -0.146492   -0.281133
 48   42.233154   -0.000015    0.000000   -0.003255   -0.075691   -0.149387
 49   42.352295   -0.000015    0.000011    0.010256   -0.074249    0.104644
 50   42.391724    0.000015   -0.000008    0.045873   -0.097464    0.263243
 51   42.497589   -0.000015   -0.000008    0.052797   -0.095253    0.191819
 52   42.272644   -0.000015    0.000015    0.059046   -0.066460    0.156715
 53   40.947304   50.706917  -91.444626   -0.621373    0.615501    1.445123
 54   42.375114   -0.000011   -0.000011   -0.041328    0.130139    0.070771
 55   42.546082    0.000036    0.000019   -0.024384    0.151450    0.116465
 56   42.234528   -0.000025   -0.000009   -0.022881    0.159341    0.052253
 57   42.465042    0.000051    0.000000   -0.012545    0.086301   -0.025514
 58   42.458160    0.000033    0.000000   -0.022448    0.031775    0.002021
 59   42.267975   -0.000084   -0.000004   -0.019378   -0.007743    0.014838
 60   42.506012    0.000082    0.000000   -0.012778   -0.031677    0.066953
 61   42.233185   -0.000050   -0.000011   -0.005388   -0.091650    0.047189
 62   42.352325    0.000008   -0.000019    0.017409   -0.222415   -0.153397
 63   42.391693    0.000057   -0.000038    0.006346   -0.157756   -0.085590
 64   42.497620    0.000053   -0.000046    0.004681   -0.084656   -0.044751
 65   42.272766    0.000046   -0.000015   -0.001989   -0.010535   -0.005516
 66   38.774212  -56.044872  -92.276840   -0.482923    0.717666   -1.135056
 67   42.375092   -0.000002    0.000015    0.098469    0.197748    0.094307
 68   42.546112    0.000001    0.000010    0.063352    0.179064    0.057302
 69   42.234467    0.000024   -0.000027    0.031342    0.021983    0.026540
 70   42.465042   -0.000029    0.000004    0.012426   -0.020344    0.037654
 71   42.458130    0.000042   -0.000023    0.016004   -0.059170    0.009135
 72   42.267914   -0.000053    0.000023    0.011231   -0.144911   -0.018270
 73   42.505920    0.000050    0.000023    0.002227   -0.079064    0.005426
 74   42.233154   -0.000008   -0.000008   -0.009457   -0.021355   -0.030730
 75   42.352173   -0.000053    0.000008   -0.015881    0.018701   -0.109935
 76   42.391846    0.000004   -0.000015   -0.040782    0.020415   -0.219859
 77   42.497559    0.000046    0.000011   -0.111868    0.028687   -0.328080
 78   42.272705    0.000000    0.000019   -0.065677    0.027729   -0.140195
 79   29.239313 -106.786316    1.740900   -0.001988   -0.360272   -1.519872
 80   42.375107    0.000001    0.000008   -0.002122    0.121498   -0.005798
 81   42.546051   -0.000007    0.000011   -0.003635    0.175852   -0.015234
 82   42.234512    0.000008    0.000004   -0.000131    0.161955   -0.002369
 83   42.465088   -0.000006    0.000017   -0.005884   -0.047010    0.059435
 84   42.458069   -0.000003    0.000010   -0.001682   -0.005021    0.032468
 85   42.267853   -0.000002    0.000002    0.002361    0.103072   -0.049320
 86   42.506012   -0.000001    0.000023    0.011716    0.103992   -0.075802
 87   42.233063    0.000004    0.000031    0.001776    0.059641   -0.006625
 88   42.352264   -0.000004    0.000008   -0.022821    0.060035    0.069215
 89   42.391785   -0.000002    0.000031   -0.032788    0.083964    0.081202
 90   42.497620   -0.000019    0.000015   -0.044409    0.097164    0.086375
 91   42.272614   -0.000015    0.000046   -0.025967    0.042261    0.041271
time 46
  0    0.000000    0.000000    0.000000    0.000000   -0.000000    0.000000
  1    0.000000    0.000000    0.000000    0.000000   -0.000000    0.000000
  2    0.000000   21.953424  -21.026375    0.184940   -1.431050    1.385721
  3   50.309219   -0.435479    0.000006   -0.000017   -0.000000   -0.081249
  4   30.891556   -0.000010    0.000006    0.000017    0.000000   -0.172568
  5   34.635612    0.000010    0.000000   -0.000000    0.000000   -0.244057
  6   30.584305    0.000019    0.000004   -0.000000    0.000000   -0.277152
  7   31.520195    0.000000    0.000004   -0.000000   -0.000000   -0.246215
  8   34.241203  -28.000038  -41.878014    1.064373    0.672988   -0.868802
  9   34.241127   23.441811  -41.878098   -0.764266    0.571850   -0.117494
 10   35.246696  -52.543098    1.319138    0.074875    0.116110   -1.230769
 11   35.246544   52.726318    1.318926    0.130855   -0.042377    0.075581
 12   34.830040  -24.891922   45.588619   -0.817975   -0.476107   -1.016678
 13   34.885796   27.636597   43.767838    1.096488   -0.570426   -0.285995
 14   29.239319  -51.573372   94.293022    0.982516   -0.845938   -1.742660
 15   42.375076   -0.000002    0.000000   -0.108464    0.012686   -0.015198
 16   42.546089    0.000023   -0.000009   -0.057533    0.018496   -0.019458
 17   42.234512    0.000017    0.000014   -0.030271    0.030708   -0.035064
 18   42.464981    0.000023   -0.000003   -0.026181    0.028815    0.009556
 19   42.458115   -0.000067   -0.000013   -0.036571    0.100107   -0.025808
 20   42.267944    0.000042   -0.000011   -0.012731   -0.077562    0.046623
 21   42.505981   -0.000023   -0.000004   -0.022612   -0.345904    0.168371
 22   42.233215    0.000015   -0.000015   -0.023020   -0.287809    0.130161
 23   42.352295    0.000015   -0.000015   -0.018622   -0.189114    0.110141
 24   42.391754   -0.000031    0.000000   -0.015631   -0.225667    0.163835
 25   42.497559    0.000031   -0.000031   -0.009085   -0.221670    0.155747
 26   42.272827    0.000092   -0.000031    0.000249   -0.165365    0.112913
 27   29.239336   55.382637   92.214981    0.100438   -1.064516    2.093657
 28   42.375084    0.000000    0.000000    0.042882   -0.045476   -0.032013
 29   42.546082   -0.000019    0.000005    0.033023   -0.049982   -0.014054
 30   42.234482    0.000063   -0.000013    0.022275   -0.036326   -0.015819
 31   42.465073   -0.000057    0.000002    0.012173    0.018418   -0.075181
 32   42.458084   -0.000015    0.000001    0.020764    0.043744   -0.093726
 33   42.267883   -0.000040    0.000002    0.018118   -0.005456   -0.071040
 34   42.505981    0.000065   -0.000001    0.001511   -0.034063   -0.022520
 35   42.233032   -0.000038    0.000004   -0.010471   -0.013111   -0.011609
 36   42.352234   -0.000114    0.000006    0.082308   -0.218505   -0.415520
 37   42.391663    0.000000    0.000015    0.219741   -0.323361   -0.596804
 38   42.497650   -0.000031    0.000000    0.089971   -0.184508   -0.243756
 39   42.272629    0.000153   -0.000031    0.036644   -0.091477   -0.103610
 40   29.239365  106.746628    1.740843    0.001902   -0.563683    1.680333
 41   42.375076   -0.000008   -0.000023   -0.024850    0.234444   -0.044386
 42   42.546112    0.000006    0.000004   -0.007183    0.182645   -0.022294
 43   42.234482    0.000001    0.000002   -0.003753    0.113935   -0.025999
 44   42.465073    0.000000   -0.000005   -0.000750    0.103023   -0.023603
 45   42.458069    0.000003   -0.000008    0.000040    0.116167   -0.000819
 46   42.267944    0.000002    0.000000    0.024854   -0.050938   -0.132338
 47   42.505859    0.000004    0.000011    0.036810   -0.147260   -0.276052
 48   42.233124    0.000000   -0.000014   -0.002487   -0.077277   -0.149367
 49   42.352203   -0.000015    0.000006    0.006444   -0.080637    0.068203
 50   42.391663   -0.000015    0.000000    0.034750   -0.110804    0.193978
 51   42.497650    0.000000   -0.000023    0.041757   -0.118282    0.139025
 52   42.272644   -0.000015    0.000046    0.051275   -0.090619    0.117521
 53   40.767418   50.706902  -91.443771   -0.614730    0.612516    1.452651
 54   42.375114   -0.000011   -0.000019   -0.043652    0.134328    0.066255
 55   42.546066    0.000032    0.000008   -0.026403    0.156899    0.108608
 56   42.234543   -0.000025    0.000008   -0.022886    0.161386    0.052058
 57   42.465027    0.000055   -0.000004   -0.012611    0.086731   -0.020702
 58   42.458099    0.000047   -0.000023   -0.022548    0.031520    0.003429
 59   42.267975   -0.000090   -0.000015   -0.019986   -0.010197    0.017056
 60   42.505890    0.000051    0.000023   -0.015201   -0.040447    0.073903
 61   42.233185   -0.000069    0.000000   -0.007557   -0.100143    0.054388
 62   42.352386   -0.000008   -0.000011    0.017010   -0.211248   -0.158046
 63   42.391663    0.000031   -0.000008    0.004903   -0.151622   -0.086901
 64   42.497498    0.000031   -0.000046    0.003762   -0.083336   -0.046476
 65   42.272888   -0.000008   -0.000015   -0.001989   -0.011922   -0.006602
 66   38.518227  -56.044857  -92.255402   -0.484486    0.716788   -1.135377
 67   42.375092    0.000010    0.000008    0.098983    0.201967    0.098775
 68   42.546112    0.000007    0.000003    0.064521    0.182347    0.062848
 69   42.234467    0.000030   -0.000015    0.031571    0.020533    0.021445
 70   42.465042   -0.000031   -0.000008    0.014239   -0.021604    0.021150
 71   42.458099    0.000038   -0.000010    0.016515   -0.058938    0.006804
 72   42.267975   -0.000040   -0.000015    0.010399   -0.144561   -0.008302
 73   42.505951    0.000067   -0.000008    0.002225   -0.079852    0.007042
 74   42.233124    0.000008   -0.000008   -0.008189   -0.029018   -0.021044
 75   42.352173   -0.000031   -0.000053   -0.008783   -0.005640   -0.078556
 76   42.391754   -0.000008    0.000008   -0.018076   -0.028957   -0.157583
 77   42.497620    0.000092   -0.000015   -0.061275   -0.056362   -0.251939
 78   42.272705    0.000031    0.000000   -0.049204   -0.019321   -0.124672
 79   29.239315 -106.786240    1.740908   -0.002014   -0.360212   -1.517008
 80   42.375099   -0.000006   -0.000004   -0.002375    0.121970   -0.006494
 81   42.546036   -0.000009    0.000011   -0.003866    0.176121   -0.016243
 82   42.234512    0.000008   -0.000004   -0.000170    0.160951   -0.003026
 83   42.465057   -0.000008   -0.000002   -0.005894   -0.046883    0.059661
 84   42.458130   -0.000003    0.000005   -0.001676   -0.004721    0.032394
 85   42.267883    0.000010   -0.000004    0.002384    0.102964   -0.049570
 86   42.505920    0.000000    0.000000    0.011762    0.103465   -0.076049
 87   42.233032   -0.000004    0.000000    0.001783    0.059950   -0.006660
 88   42.352295    0.000008   -0.000015   -0.022855    0.061500    0.069308
 89   42.391693    0.000001    0.000000   -0.032897    0.085547    0.081078
 90   42.497589   -0.000004    0.000000   -0.044687    0.098655    0.086168
 91   42.272552   -0.000008    0.000000   -0.026190    0.042894    0.041189
time 47
  0    0.000000    0.000000    0.000000    0.000000   -0.000000    0.000000
  1    0.000000    0.000000    0.000000    0.000000   -0.000000    0.000000
  2    0.000000   21.953421  -21.026371    0.193369   -1.433049    1.377293
  3   50.309212   -0.435479    0.000004   -0.000017    0.000000   -0.005745
  4   30.891537   -0.000011   -0.000004    0.000017    0.000000   -0.111546
  5   34.635601    0.000006   -0.000004   -0.000000    0.000000   -0.227609
  6   30.584290    0.000015    0.000000   -0.000000   -0.000000   -0.293867
  7   31.520203    0.000004    0.000004   -0.000000    0.000000   -0.234911
  8   34.241196  -28.000031  -41.878002    1.079977    0.678479   -0.980866
  9   34.241119   23.441795  -41.878094   -0.746189    0.569103   -0.229211
 10   35.246704  -52.543083    1.319138    0.084143    0.129085   -1.351147
 11   35.246552   52.726303    1.318926    0.146165   -0.047931   -0.046116
 12   34.830017  -24.891922   45.588608   -0.803872   -0.468117   -1.144936
 13   34.885773   27.636581   43.767818    1.116065   -0.572489   -0.418080
 14   29.239315  -51.573349   94.292946    0.977148   -0.849248   -1.736391
 15   42.375099    0.000000   -0.000003   -0.108311    0.013251   -0.016508
 16   42.546097    0.000038    0.000010   -0.057391    0.019532   -0.021200
 17   42.234451    0.000013   -0.000005   -0.030021    0.032970   -0.038284
 18   42.465027    0.000019   -0.000018   -0.026221    0.028039    0.009871
 19   42.458038   -0.000051    0.000028   -0.036649    0.098889   -0.024892
 20   42.267944    0.000046    0.000031   -0.012735   -0.078177    0.047028
 21   42.505859    0.000015   -0.000004   -0.022861   -0.347089    0.169376
 22   42.233154   -0.000004   -0.000023   -0.023193   -0.288487    0.130866
 23   42.352203    0.000031   -0.000031   -0.018608   -0.189065    0.110315
 24   42.391693   -0.000023    0.000000   -0.015487   -0.225376    0.163866
 25   42.497437    0.000031   -0.000061   -0.008794   -0.221507    0.155907
 26   42.272736    0.000076   -0.000061    0.000943   -0.165246    0.113101
 27   29.239330   55.382618   92.214943    0.108381   -1.067498    2.086160
 28   42.375069    0.000004   -0.000003    0.042836   -0.045872   -0.031342
 29   42.546066   -0.000015    0.000020    0.032445   -0.054196   -0.017251
 30   42.234467    0.000065    0.000001    0.021916   -0.037762   -0.016916
 31   42.465042   -0.000046    0.000008    0.014758    0.037820   -0.058032
 32   42.458038   -0.000009   -0.000003    0.021772    0.068751   -0.071300
 33   42.267883   -0.000049    0.000028    0.017326    0.009323   -0.054841
 34   42.505981    0.000027    0.000003    0.000413   -0.023122   -0.004240
 35   42.233063   -0.000055   -0.000011   -0.011591    0.003756    0.014468
 36   42.352264   -0.000095    0.000000    0.044745   -0.148834   -0.296594
 37   42.391693    0.000000    0.000000    0.246878   -0.324377   -0.670243
 38   42.497589    0.000000   -0.000046    0.136042   -0.230054   -0.327467
 39   42.272675    0.000122   -0.000061    0.052757   -0.116409   -0.131778
 40   29.239355  106.746628    1.740831    0.001925   -0.566423    1.682041
 41   42.375053    0.000002   -0.000008   -0.025303    0.234985   -0.044967
 42   42.546082    0.000002   -0.000004   -0.008272    0.182264   -0.025465
 43   42.234467   -0.000008    0.000002   -0.003491    0.115670   -0.023793
 44   42.465027    0.000000   -0.000006   -0.000476    0.108062   -0.014618
 45   42.458130   -0.000009    0.000011   -0.000286    0.117491    0.003444
 46   42.267944    0.000001    0.000015    0.022869   -0.050415   -0.118152
 47   42.505920    0.000008    0.000019    0.032628   -0.144339   -0.233068
 48   42.233154   -0.000015   -0.000010   -0.000833   -0.078691   -0.133868
 49   42.352203    0.000000    0.000008    0.000390   -0.095674    0.004836
 50   42.391663    0.000000    0.000008    0.011480   -0.137781    0.061173
 51   42.497589    0.000015   -0.000015    0.007526   -0.158750    0.021776
 52   42.272705   -0.000031    0.000031    0.009780   -0.122272    0.017875
 53   40.582039   50.706902  -91.442848   -0.607569    0.609722    1.460729
 54   42.375092   -0.000010   -0.000011   -0.046545    0.138829    0.060536
 55   42.546082    0.000036   -0.000004   -0.029193    0.163305    0.098053
 56   42.234497   -0.000026   -0.000018   -0.022756    0.162718    0.053812
 57   42.464996    0.000042    0.000019   -0.012982    0.085067   -0.011278
 58   42.458008    0.000031    0.000027   -0.022766    0.030897    0.005649
 59   42.267944   -0.000088    0.000038   -0.020137   -0.011225    0.016788
 60   42.505951    0.000088   -0.000031   -0.014807   -0.041837    0.069239
 61   42.233215   -0.000038    0.000000   -0.007133   -0.102840    0.051402
 62   42.352234   -0.000023    0.000004    0.015790   -0.213286   -0.144917
 63   42.391754    0.000053    0.000000    0.005682   -0.152124   -0.078709
 64   42.497620    0.000050   -0.000015    0.005031   -0.085156   -0.042656
 65   42.272705   -0.000015    0.000000   -0.001621   -0.013447   -0.006666
 66   38.264534  -56.044846  -92.233948   -0.486355    0.715616   -1.136104
 67   42.375076   -0.000002   -0.000008    0.099733    0.206715    0.104391
 68   42.546112   -0.000005   -0.000004    0.066004    0.186240    0.070403
 69   42.234436    0.000035   -0.000015    0.032134    0.019411    0.013836
 70   42.465012   -0.000039   -0.000004    0.016940   -0.021670   -0.001425
 71   42.458038    0.000014   -0.000036    0.017212   -0.059511    0.003075
 72   42.267914   -0.000072    0.000000    0.009418   -0.145390    0.005669
 73   42.506012    0.000059    0.000031    0.002263   -0.079846    0.009597
 74   42.233124   -0.000011   -0.000015   -0.006795   -0.037908   -0.009353
 75   42.352112   -0.000027   -0.000008   -0.001402   -0.033977   -0.041544
 76   42.391785   -0.000031    0.000000    0.005587   -0.082584   -0.078623
 77   42.497620    0.000042   -0.000015    0.007061   -0.148095   -0.124585
 78   42.272705   -0.000061    0.000015    0.000615   -0.079563   -0.066751
 79   29.239309 -106.786232    1.740904   -0.002036   -0.360232   -1.514194
 80   42.375099    0.000000   -0.000008   -0.002631    0.122424   -0.007198
 81   42.546051    0.000007    0.000015   -0.004099    0.176320   -0.017257
 82   42.234497    0.000000    0.000001   -0.000208    0.159918   -0.003672
 83   42.465012    0.000010    0.000008   -0.005894   -0.046593    0.059899
 84   42.458099   -0.000012    0.000006   -0.001670   -0.004350    0.032339
 85   42.267883    0.000000    0.000011    0.002409    0.102842   -0.049818
 86   42.505981   -0.000001    0.000015    0.011813    0.102931   -0.076323
 87   42.233063    0.000000    0.000000    0.001787    0.060311   -0.006686
 88   42.352325   -0.000004    0.000008   -0.022911    0.063080    0.069449
 89   42.391693    0.000002    0.000000   -0.033029    0.087239    0.080961
 90   42.497528    0.000000    0.000000   -0.044989    0.100192    0.085936
 91   42.272522   -0.000008    0.000061   -0.026412    0.043522    0.041073
time 48
  0    0.000000    0.000000    0.000000    0.000000   -0.000000    0.000000
  1    0.000000    0.000000    0.000000    0.000000   -0.000000    0.000000
  2    0.000000   21.953421  -21.026371    0.201914   -1.435076    1.368750
  3   50.309196   -0.435479    0.000004   -0.000017    0.000000    0.078532
  4   30.891537   -0.000012    0.000000    0.000017    0.000000   -0.032187
  5   34.635586    0.000006    0.000004   -0.000000   -0.000000   -0.200505
  6   30.584282    0.000019    0.000000   -0.000000    0.000000   -0.302451
  7   31.520180    0.000000    0.000002   -0.000000   -0.000000   -0.213947
  8   34.241180  -28.000023  -41.877991    1.085375    0.680782   -1.024651
  9   34.241119   23.441803  -41.878082   -0.739164    0.568711   -0.272456
 10   35.246689  -52.543072    1.319139    0.087139    0.134526   -1.397773
 11   35.246536   52.726303    1.318922    0.152389   -0.049404   -0.093201
 12   34.830017  -24.891918   45.588593   -0.798880   -0.464766   -1.194372
 13   34.885788   27.636597   43.767807    1.123747   -0.572783   -0.469273
 14   29.239311  -51.573334   94.292892    0.971751   -0.852560   -1.730040
 15   42.375038    0.000004    0.000004   -0.108158    0.013828   -0.017831
 16   42.546089    0.000023    0.000006   -0.057251    0.020586   -0.022963
 17   42.234482    0.000010   -0.000002   -0.029771    0.035286   -0.041561
 18   42.464981    0.000011   -0.000003   -0.026257    0.027254    0.010175
 19   42.458099   -0.000046   -0.000015   -0.036732    0.097658   -0.023968
 20   42.267914    0.000057    0.000004   -0.012742   -0.078765    0.047431
 21   42.505920    0.000002   -0.000025   -0.023117   -0.348291    0.170433
 22   42.233124    0.000008   -0.000023   -0.023377   -0.289218    0.131632
 23   42.352234    0.000076    0.000015   -0.018592   -0.189010    0.110499
 24   42.391724    0.000008    0.000000   -0.015332   -0.225054    0.163902
 25   42.497375    0.000031   -0.000031   -0.008471   -0.221339    0.156096
 26   42.272873    0.000107   -0.000031    0.001717   -0.165123    0.113318
 27   29.239321   55.382614   92.214935    0.116664   -1.070563    2.078256
 28   42.375053    0.000004    0.000003    0.042791   -0.046224   -0.030688
 29   42.546066   -0.000015    0.000018    0.031760   -0.059027   -0.021321
 30   42.234436    0.000059   -0.000006    0.021544   -0.039159   -0.018078
 31   42.465012   -0.000036    0.000002    0.018508    0.061013   -0.036443
 32   42.458084   -0.000011   -0.000009    0.023752    0.101950   -0.039811
 33   42.267914   -0.000043    0.000017    0.016680    0.020902   -0.041268
 34   42.506012    0.000053    0.000017    0.001097   -0.033530   -0.008203
 35   42.233063   -0.000041   -0.000010   -0.011600   -0.000095    0.017828
 36   42.352173   -0.000118    0.000000    0.016663   -0.076776   -0.172729
 37   42.391693    0.000031   -0.000002    0.179931   -0.242120   -0.580162
 38   42.497650   -0.000061    0.000000    0.208106   -0.256289   -0.460551
 39   42.272644    0.000061   -0.000061    0.095256   -0.157140   -0.196952
 40   29.239340  106.746613    1.740833    0.001944   -0.569170    1.683654
 41   42.375046    0.000004    0.000000   -0.025750    0.235523   -0.045530
 42   42.546097    0.000000    0.000008   -0.009322    0.181908   -0.028475
 43   42.234436    0.000008   -0.000001   -0.003216    0.117431   -0.021575
 44   42.465088   -0.000015   -0.000001   -0.000262    0.112888   -0.007851
 45   42.458069    0.000009    0.000000   -0.000401    0.118465    0.004663
 46   42.267914    0.000000    0.000008    0.019229   -0.049599   -0.096690
 47   42.505859    0.000004    0.000008    0.024785   -0.138918   -0.168954
 48   42.233063   -0.000015    0.000001    0.000757   -0.078603   -0.108455
 49   42.352203    0.000015    0.000017   -0.006205   -0.117129   -0.085145
 50   42.391693    0.000000   -0.000008   -0.022034   -0.170486   -0.110162
 51   42.497589   -0.000015   -0.000031   -0.057526   -0.179010   -0.141796
 52   42.272766   -0.000031    0.000000   -0.064889   -0.112970   -0.102393
 53   40.391464   50.706894  -91.441895   -0.600738    0.606933    1.468477
 54   42.375099    0.000000   -0.000023   -0.049420    0.143116    0.054961
 55   42.546051    0.000027    0.000000   -0.032121    0.169478    0.087405
 56   42.234497   -0.000034   -0.000008   -0.022532    0.163696    0.056697
 57   42.464981    0.000045    0.000004   -0.013506    0.082748   -0.000023
 58   42.458008    0.000036    0.000000   -0.023013    0.030258    0.008032
 59   42.267944   -0.000092    0.000015   -0.019883   -0.011061    0.014494
 60   42.505951    0.000088    0.000000   -0.012279   -0.037564    0.056073
 61   42.233154   -0.000057    0.000008   -0.004852   -0.101174    0.040889
 62   42.352295    0.000031    0.000009    0.014005   -0.224486   -0.120395
 63   42.391754    0.000038   -0.000023    0.007725   -0.156950   -0.064755
 64   42.497528    0.000029   -0.000015    0.007571   -0.088940   -0.035250
 65   42.272705    0.000027   -0.000031   -0.000954   -0.015097   -0.005862
 66   38.013237  -56.044838  -92.212570   -0.488484    0.714317   -1.137162
 67   42.375069    0.000015    0.000004    0.100663    0.211727    0.110774
 68   42.546082    0.000005    0.000001    0.067674    0.190555    0.079237
 69   42.234436    0.000035    0.000004    0.033016    0.018373    0.004455
 70   42.465042   -0.000018    0.000015    0.020024   -0.021493   -0.026855
 71   42.458069    0.000020    0.000000    0.018026   -0.060202   -0.001649
 72   42.267914   -0.000072   -0.000008    0.008638   -0.145634    0.020330
 73   42.505890    0.000071    0.000015    0.002306   -0.078894    0.012354
 74   42.233124    0.000013   -0.000023   -0.005477   -0.047025    0.002741
 75   42.352081   -0.000023    0.000015    0.004928   -0.062247   -0.004790
 76   42.391785    0.000015    0.000000    0.022251   -0.125509   -0.005769
 77   42.497498    0.000038    0.000031    0.049275   -0.204109   -0.002056
 78   42.272614   -0.000008    0.000061    0.039197   -0.111652    0.004386
 79   29.239305 -106.786217    1.740902   -0.002054   -0.360331   -1.511433
 80   42.375061    0.000000   -0.000004   -0.002889    0.122858   -0.007906
 81   42.546021    0.000000    0.000008   -0.004334    0.176449   -0.018275
 82   42.234497    0.000009   -0.000010   -0.000246    0.158863   -0.004308
 83   42.465027    0.000001    0.000002   -0.005883   -0.046145    0.060146
 84   42.458069   -0.000009    0.000001   -0.001664   -0.003913    0.032303
 85   42.267853    0.000011   -0.000004    0.002436    0.102704   -0.050060
 86   42.505981   -0.000010    0.000015    0.011871    0.102394   -0.076624
 87   42.233063   -0.000008    0.000000    0.001791    0.060720   -0.006709
 88   42.352264    0.000004   -0.000031   -0.022987    0.064774    0.069633
 89   42.391663   -0.000002   -0.000015   -0.033182    0.089032    0.080850
 90   42.497498   -0.000011   -0.000046   -0.045312    0.101769    0.085678
 91   42.272522    0.000008    0.000000   -0.026631    0.044138    0.040922
time 49
  0    0.000000    0.000000    0.000000    0.000000   -0.000000    0.000000
  1    0.000000    0.000000    0.000000    0.000000   -0.000000    0.000000
  2    0.000000   21.953421  -21.026371    0.210570   -1.437130    1.360095
  3   50.309212   -0.435479    0.000004   -0.000017    0.000000    0.161547
  4   30.891539   -0.000011   -0.000002    0.000017    0.000000    0.047229
  5   34.635605    0.000005   -0.000004   -0.000000   -0.000000   -0.162995
  6   30.584282    0.000017    0.000002   -0.000000    0.000000   -0.305613
  7   31.520187    0.000000    0.000000   -0.000000    0.000000   -0.181580
  8   34.241180  -28.000038  -41.878006    1.072872    0.678479   -0.988376
  9   34.241104   23.441788  -41.878098   -0.749634    0.573812   -0.234322
 10   35.246689  -52.543087    1.319136    0.078618    0.129085   -1.353089
 11   35.246521   52.726303    1.318924    0.144948   -0.042621   -0.047119
 12   34.830002  -24.891930   45.588612   -0.809588   -0.468117   -1.143052
 13   34.885773   27.636574   43.767830    1.112795   -0.569970   -0.416125
 14   29.239319  -51.573322   94.292938    0.966328   -0.855870   -1.723611
 15   42.375061   -0.000004   -0.000009   -0.108004    0.014416   -0.019165
 16   42.546082    0.000031    0.000012   -0.057113    0.021658   -0.024742
 17   42.234451    0.000029    0.000005   -0.029522    0.037652   -0.044892
 18   42.464996    0.000015   -0.000018   -0.026292    0.026466    0.010467
 19   42.458115   -0.000076   -0.000015   -0.036821    0.096414   -0.023038
 20   42.267975    0.000011   -0.000011   -0.012750   -0.079332    0.047836
 21   42.505951    0.000019   -0.000002   -0.023384   -0.349517    0.171547
 22   42.233185    0.000038    0.000000   -0.023572   -0.289995    0.132458
 23   42.352234    0.000023    0.000000   -0.018571   -0.188945    0.110695
 24   42.391754   -0.000008    0.000000   -0.015163   -0.224706    0.163944
 25   42.497559    0.000092    0.000000   -0.008117   -0.221161    0.156314
 26   42.272781    0.000092   -0.000061    0.002575   -0.164989    0.113560
 27   29.239326   55.382622   92.214966    0.125525   -1.073810    2.069661
 28   42.375076    0.000004   -0.000002    0.042750   -0.046439   -0.030006
 29   42.546082   -0.000008    0.000012    0.031144   -0.063262   -0.024748
 30   42.234451    0.000053   -0.000010    0.021246   -0.040102   -0.018850
 31   42.465057   -0.000050    0.000004    0.022314    0.081935   -0.017431
 32   42.458008    0.000002   -0.000001    0.026116    0.131999   -0.011060
 33   42.267914   -0.000027    0.000015    0.016278    0.027058   -0.032846
 34   42.505951    0.000058    0.000011    0.002867   -0.051763   -0.021978
 35   42.233032   -0.000066   -0.000002   -0.011153   -0.012755    0.010218
 36   42.352203   -0.000106   -0.000006    0.006812   -0.038849   -0.106690
 37   42.391754    0.000065   -0.000005    0.087488   -0.125014   -0.392697
 38   42.497650    0.000076   -0.000008    0.209946   -0.193868   -0.503307
 39   42.272614    0.000153   -0.000031    0.171225   -0.182194   -0.306612
 40   29.239351  106.746635    1.740845    0.001959   -0.571927    1.685168
 41   42.375046    0.000011   -0.000015   -0.026192    0.236056   -0.046076
 42   42.546097    0.000000   -0.000004   -0.010312    0.181588   -0.031263
 43   42.234497    0.000001   -0.000005   -0.002940    0.119205   -0.019424
 44   42.465042   -0.000007   -0.000006   -0.000081    0.117632   -0.002367
 45   42.458099    0.000008    0.000008   -0.000444    0.119330    0.004923
 46   42.267975   -0.000008    0.000000    0.015190   -0.049096   -0.074441
 47   42.505890    0.000002    0.000008    0.015844   -0.132818   -0.103689
 48   42.233185   -0.000004   -0.000017    0.001582   -0.076495   -0.079569
 49   42.352264   -0.000008   -0.000002   -0.010229   -0.138766   -0.178597
 50   42.391663    0.000015    0.000000   -0.056230   -0.196243   -0.273707
 51   42.497711    0.000031   -0.000031   -0.109111   -0.157115   -0.255306
 52   42.272705   -0.000031    0.000015   -0.095294   -0.072400   -0.158416
 53   40.195946   50.706890  -91.440964   -0.595085    0.603981    1.475015
 54   42.375084   -0.000002   -0.000023   -0.051645    0.146668    0.050919
 55   42.546051    0.000031    0.000027   -0.034442    0.174235    0.079339
 56   42.234512   -0.000029    0.000005   -0.022270    0.164791    0.059730
 57   42.464966    0.000057   -0.000004   -0.013989    0.081168    0.010338
 58   42.458069    0.000027    0.000069   -0.023197    0.029926    0.009953
 59   42.267975   -0.000080    0.000000   -0.019281   -0.009943    0.010644
 60   42.505890    0.000105    0.000004   -0.008423   -0.029292    0.037478
 61   42.233154   -0.000076    0.000034   -0.001510   -0.096473    0.025449
 62   42.352203    0.000027   -0.000011    0.011797   -0.240977   -0.090335
 63   42.391724    0.000032    0.000015    0.010263   -0.164029   -0.048610
 64   42.497498    0.000015   -0.000046    0.010590   -0.093592   -0.026296
 65   42.272705   -0.000023    0.000046   -0.000134   -0.016787   -0.004535
 66   37.764397  -56.044846  -92.191368   -0.490827    0.713064   -1.138478
 67   42.375069   -0.000008   -0.000008    0.101709    0.216740    0.117525
 68   42.546097   -0.000003    0.000002    0.069413    0.195101    0.088607
 69   42.234436    0.000021    0.000011    0.034162    0.017188   -0.005868
 70   42.465042   -0.000036    0.000015    0.023025   -0.021997   -0.051999
 71   42.458069    0.000011   -0.000019    0.018893   -0.060421   -0.007052
 72   42.267914   -0.000085    0.000000    0.008319   -0.143632    0.032553
 73   42.505951    0.000067   -0.000019    0.002304   -0.076691    0.014459
 74   42.233154   -0.000044   -0.000008   -0.004434   -0.055143    0.013354
 75   42.352142   -0.000044    0.000023    0.009519   -0.087042    0.026269
 76   42.391785   -0.000011   -0.000092    0.031303   -0.153891    0.046867
 77   42.497559    0.000015   -0.000061    0.063399   -0.225992    0.076784
 78   42.272766   -0.000015   -0.000031    0.050175   -0.117944    0.049300
 79   29.239307 -106.786255    1.740906   -0.002068   -0.360504   -1.508731
 80   42.375076   -0.000007    0.000000   -0.003150    0.123274   -0.008619
 81   42.545990    0.000008   -0.000004   -0.004569    0.176514   -0.019293
 82   42.234528   -0.000008   -0.000009   -0.000282    0.157785   -0.004929
 83   42.465073    0.000001   -0.000006   -0.005861   -0.045548    0.060402
 84   42.458069    0.000010    0.000003   -0.001657   -0.003410    0.032283
 85   42.267944   -0.000001   -0.000006    0.002465    0.102553   -0.050302
 86   42.506042    0.000000    0.000023    0.011934    0.101849   -0.076949
 87   42.233063    0.000000   -0.000008    0.001793    0.061180   -0.006723
 88   42.352325    0.000000    0.000031   -0.023084    0.066580    0.069861
 89   42.391754    0.000005    0.000000   -0.033357    0.090922    0.080741
 90   42.497589   -0.000015    0.000000   -0.045654    0.103376    0.085393
 91   42.272675    0.000000    0.000031   -0.026843    0.044735    0.040733
time 50
  0    0.000000    0.000000    0.000000    0.000000   -0.000000    0.000000
  1    0.000000    0.000000    0.000000    0.000000   -0.000000    0.000000
  2    0.000000   21.953421  -21.026371    0.219334   -1.439210    1.351334
  3   50.309200   -0.435479    0.000004   -0.000017    0.000000    0.233267
  4   30.891535   -0.000013    0.000004    0.000017    0.000000    0.108421
  5   34.635586    0.000004    0.000004   -0.000000   -0.000000   -0.115330
  6   30.584290    0.000017    0.000000   -0.000000    0.000000   -0.306065
  7   31.520180    0.000000    0.000002   -0.000000   -0.000000   -0.136073
  8   34.241196  -28.000023  -41.878002    1.043057    0.672988   -0.891334
  9   34.241119   23.441788  -41.878094   -0.774601    0.585979   -0.132830
 10   35.246689  -52.543072    1.319132    0.058301    0.116110   -1.236595
 11   35.246536   52.726303    1.318926    0.127205   -0.026447    0.072572
 12   34.830017  -24.891914   45.588600   -0.835124   -0.476107   -1.011025
 13   34.885773   27.636581   43.767815    1.086681   -0.562869   -0.280131
 14   29.239319  -51.573334   94.292923    0.960886   -0.859171   -1.717107
 15   42.375038    0.000010   -0.000003   -0.107850    0.015012   -0.020507
 16   42.546059    0.000025   -0.000014   -0.056978    0.022744   -0.026534
 17   42.234436    0.000004    0.000010   -0.029273    0.040062   -0.048276
 18   42.465012    0.000004   -0.000003   -0.026322    0.025674    0.010744
 19   42.458038   -0.000050    0.000010   -0.036916    0.095158   -0.022101
 20   42.267944    0.000057   -0.000004   -0.012763   -0.079868    0.048239
 21   42.505890   -0.000032    0.000011   -0.023660   -0.350752    0.172712
 22   42.233154    0.000011   -0.000015   -0.023776   -0.290828    0.133346
 23   42.352295    0.000038    0.000000   -0.018550   -0.188870    0.110905
 24   42.391663   -0.000069   -0.000031   -0.014982   -0.224327    0.163992
 25   42.497498    0.000046    0.000031   -0.007727   -0.220976    0.156561
 26   42.272797    0.000076    0.000000    0.003517   -0.164850    0.113831
 27   29.239334   55.382603   92.214951    0.135222   -1.077332    2.060065
 28   42.375061    0.000004    0.000003    0.042720   -0.046429   -0.029251
 29   42.546089   -0.000019    0.000007    0.030782   -0.065646   -0.025961
 30   42.234482    0.000057   -0.000005    0.021095   -0.040273   -0.018903
 31   42.465027   -0.000048    0.000006    0.024425    0.094206   -0.008657
 32   42.458069   -0.000002    0.000002    0.027253    0.147156    0.001948
 33   42.268005   -0.000013    0.000027    0.016171    0.028014   -0.029934
 34   42.506042    0.000074    0.000038    0.004372   -0.064852   -0.031953
 35   42.233093   -0.000041    0.000029   -0.010572   -0.025051    0.000797
 36   42.352203   -0.000093   -0.000002    0.003517   -0.019906   -0.076720
 37   42.391693    0.000057   -0.000006    0.042032   -0.041451   -0.261838
 38   42.497650    0.000046    0.000011    0.136557   -0.085404   -0.413612
 39   42.272675    0.000092    0.000008    0.208920   -0.126367   -0.375809
 40   29.239342  106.746605    1.740841    0.001970   -0.574698    1.686582
 41   42.375053    0.000000   -0.000015   -0.026631    0.236596   -0.046611
 42   42.546127    0.000002    0.000004   -0.011219    0.181315   -0.033766
 43   42.234451    0.000009    0.000008   -0.002676    0.120972   -0.017424
 44   42.465073    0.000002    0.000011    0.000102    0.122425    0.002921
 45   42.458069   -0.000005    0.000019   -0.000566    0.120262    0.006038
 46   42.267883    0.000010    0.000023    0.012134   -0.049473   -0.057964
 47   42.505951    0.000003    0.000031    0.009080   -0.128577   -0.057490
 48   42.233154   -0.000019    0.000006    0.001680   -0.074193   -0.057199
 49   42.352234    0.000008    0.000025   -0.010830   -0.152480   -0.240478
 50   42.391663    0.000000    0.000008   -0.076558   -0.206970   -0.373422
 51   42.497559   -0.000061    0.000000   -0.123613   -0.130258   -0.290518
 52   42.272736    0.000061   -0.000008   -0.094643   -0.049769   -0.170060
 53   39.995735   50.706894  -91.439987   -0.591464    0.600710    1.479462
 54   42.375076   -0.000008   -0.000015   -0.052539    0.148966    0.049842
 55   42.546082    0.000048    0.000000   -0.035326    0.176388    0.076578
 56   42.234528   -0.000026   -0.000023   -0.022047    0.166565    0.061788
 57   42.465027    0.000054   -0.000008   -0.014173    0.081690    0.017128
 58   42.458099    0.000036    0.000031   -0.023206    0.030196    0.010823
 59   42.267944   -0.000080    0.000008   -0.018411   -0.008132    0.005736
 60   42.505951    0.000071    0.000008   -0.004030   -0.018674    0.016552
 61   42.233154   -0.000072   -0.000015    0.002182   -0.090150    0.007462
 62   42.352234   -0.000004    0.000015    0.009487   -0.259049   -0.060492
 63   42.391815    0.000050   -0.000008    0.012754   -0.171468   -0.033573
 64   42.497559    0.000046    0.000015    0.013462   -0.098133   -0.017789
 65   42.272644    0.000001   -0.000015    0.000698   -0.018371   -0.003081
 66   37.518028  -56.044849  -92.170181   -0.493340    0.712031   -1.139981
 67   42.375076    0.000010   -0.000019    0.102794    0.221484    0.124222
 68   42.546082    0.000010    0.000000    0.071116    0.199686    0.097761
 69   42.234467    0.000029   -0.000038    0.035443    0.015625   -0.016182
 70   42.465012   -0.000040    0.000008    0.025538   -0.024103   -0.073775
 71   42.458069    0.000029   -0.000031    0.019758   -0.059659   -0.012952
 72   42.267883   -0.000066   -0.000032    0.008590   -0.137862    0.039420
 73   42.505920    0.000075    0.000011    0.002201   -0.072788    0.014972
 74   42.233124   -0.000006   -0.000031   -0.003860   -0.060773    0.020294
 75   42.352142   -0.000021   -0.000031    0.012242   -0.105694    0.046867
 76   42.391785   -0.000019   -0.000031    0.035859   -0.171795    0.076923
 77   42.497528    0.000015   -0.000031    0.067686   -0.234938    0.115680
 78   42.272583    0.000031    0.000061    0.052072   -0.117870    0.069542
 79   29.239309 -106.786247    1.740902   -0.002078   -0.360750   -1.506090
 80   42.375114    0.000002   -0.000004   -0.003412    0.123671   -0.009334
 81   42.546066    0.000000    0.000000   -0.004806    0.176511   -0.020311
 82   42.234528    0.000002   -0.000010   -0.000319    0.156691   -0.005537
 83   42.465042    0.000009   -0.000002   -0.005830   -0.044804    0.060665
 84   42.458130   -0.000010   -0.000007   -0.001651   -0.002846    0.032279
 85   42.268005   -0.000017    0.000000    0.002495    0.102387   -0.050540
 86   42.505981    0.000008    0.000008    0.012003    0.101300   -0.077300
 87   42.233032   -0.000004   -0.000015    0.001794    0.061688   -0.006733
 88   42.352264    0.000008    0.000015   -0.023201    0.068495    0.070128
 89   42.391754   -0.000003    0.000015   -0.033551    0.092903    0.080633
 90   42.497650   -0.000004    0.000000   -0.046015    0.105007    0.085081
 91   42.272522    0.000000    0.000031   -0.027048    0.045307    0.040508
time 51
  0    0.000000    0.000000    0.000000    0.000000   -0.000000    0.000000
  1    0.000000    0.000000    0.000000    0.000000   -0.000000    0.000000
  2    0.000000   21.953421  -21.026371    0.228201   -1.441312    1.342469
  3   50.309212   -0.435479    0.000002   -0.000017   -0.000000    0.283657
  4   30.891541   -0.000012    0.000002    0.000017    0.000000    0.153916
  5   34.635601    0.000006    0.000000   -0.000000   -0.000000   -0.040829
  6   30.584282    0.000013    0.000000   -0.000000    0.000000   -0.245428
  7   31.520187   -0.000001    0.000002   -0.000000   -0.000000   -0.061834
  8   34.241196  -28.000027  -41.877998    1.007471    0.666434   -0.751199
  9   34.241119   23.441799  -41.878098   -0.804400    0.600499    0.012663
 10   35.246704  -52.543076    1.319139    0.034050    0.100624   -1.074632
 11   35.246552   52.726315    1.318928    0.106028   -0.007142    0.238042
 12   34.830017  -24.891918   45.588600   -0.865602   -0.485644   -0.831192
 13   34.885773   27.636593   43.767815    1.055511   -0.553491   -0.096464
 14   29.239321  -51.573345   94.292915    0.955429   -0.862460   -1.710535
 15   42.375046    0.000008    0.000014   -0.107696    0.015617   -0.021858
 16   42.546066    0.000019    0.000001   -0.056844    0.023841   -0.028338
 17   42.234406    0.000019   -0.000002   -0.029025    0.042515   -0.051708
 18   42.464966    0.000015   -0.000005   -0.026349    0.024881    0.011007
 19   42.458084   -0.000084    0.000008   -0.037018    0.093893   -0.021158
 20   42.267944    0.000011    0.000004   -0.012776   -0.080377    0.048640
 21   42.505951   -0.000006    0.000011   -0.023946   -0.352001    0.173934
 22   42.233124    0.000031   -0.000031   -0.023992   -0.291706    0.134295
 23   42.352234    0.000046   -0.000015   -0.018524   -0.188788    0.111126
 24   42.391693    0.000008    0.000000   -0.014790   -0.223922    0.164048
 25   42.497498    0.000076   -0.000031   -0.007303   -0.220780    0.156837
 26   42.272858    0.000046   -0.000031    0.004553   -0.164698    0.114127
 27   29.239338   55.382633   92.214935    0.146455   -1.081582    2.048629
 28   42.375061    0.000004   -0.000010    0.042691   -0.046182   -0.028354
 29   42.546097   -0.000008    0.000010    0.030591   -0.066747   -0.025448
 30   42.234482    0.000065   -0.000005    0.021035   -0.039891   -0.018482
 31   42.464996   -0.000038    0.000004    0.025054    0.100706   -0.007792
 32   42.458038    0.000000    0.000008    0.027071    0.151423    0.002544
 33   42.267853   -0.000023    0.000008    0.016221    0.026666   -0.029452
 34   42.506073    0.000054   -0.000004    0.005184   -0.071898   -0.035754
 35   42.233002   -0.000040   -0.000011   -0.010035   -0.034487   -0.006965
 36   42.352203   -0.000084    0.000019    0.001938   -0.006454   -0.059557
 37   42.391693    0.000036    0.000000    0.021762    0.015726   -0.183804
 38   42.497711    0.000023   -0.000010    0.071418    0.010487   -0.306445
 39   42.272644    0.000122    0.000019    0.164800   -0.016850   -0.353378
 40   29.239351  106.746651    1.740841    0.001977   -0.577482    1.687894
 41   42.375061    0.000008    0.000015   -0.027071    0.237138   -0.047139
 42   42.546143   -0.000008    0.000004   -0.012066    0.181079   -0.036055
 43   42.234467   -0.000001   -0.000001   -0.002418    0.122739   -0.015528
 44   42.465012   -0.000001    0.000000    0.000298    0.127334    0.008392
 45   42.458069   -0.000009    0.000000   -0.000790    0.121271    0.008120
 46   42.267853    0.000008    0.000008    0.010156   -0.050761   -0.047279
 47   42.505859   -0.000001    0.000008    0.005402   -0.126924   -0.033281
 48   42.233063    0.000000   -0.000008    0.001543   -0.072952   -0.043869
 49   42.352203   -0.000011    0.000011   -0.009723   -0.158393   -0.256905
 50   42.391724   -0.000015   -0.000008   -0.083168   -0.217024   -0.408845
 51   42.497620    0.000000   -0.000015   -0.131325   -0.127393   -0.304189
 52   42.272690   -0.000031    0.000000   -0.095881   -0.044359   -0.172380
 53   39.791100   50.706886  -91.438995   -0.591281    0.597098    1.480363
 54   42.375069   -0.000010   -0.000008   -0.051007    0.148723    0.053857
 55   42.546021    0.000027    0.000019   -0.033489    0.173283    0.083339
 56   42.234528   -0.000031    0.000008   -0.022001    0.170926    0.060918
 57   42.465027    0.000053   -0.000004   -0.013589    0.087327    0.017243
 58   42.458038    0.000017    0.000011   -0.022800    0.031786    0.009582
 59   42.267975   -0.000090   -0.000008   -0.017008   -0.005288   -0.001647
 60   42.505981    0.000109    0.000008    0.001811   -0.003781   -0.012096
 61   42.233124   -0.000067   -0.000008    0.006569   -0.082191   -0.015339
 62   42.352264    0.000006    0.000010    0.005753   -0.284066   -0.017940
 63   42.391663    0.000038   -0.000008    0.016108   -0.182198   -0.012667
 64   42.497620    0.000061   -0.000015    0.017327   -0.104315   -0.005723
 65   42.272705    0.000038    0.000031    0.001863   -0.020393   -0.000765
 66   37.274223  -56.044861  -92.149170   -0.495981    0.711389   -1.141602
 67   42.375076   -0.000002    0.000000    0.103845    0.225623    0.130489
 68   42.546127    0.000002    0.000008    0.072657    0.203579    0.106529
 69   42.234482    0.000023   -0.000011    0.036988    0.014629   -0.026927
 70   42.464981   -0.000030    0.000000    0.027671   -0.026559   -0.092349
 71   42.458130    0.000027   -0.000019    0.020719   -0.056877   -0.020459
 72   42.267944   -0.000071    0.000009    0.009417   -0.127608    0.039349
 73   42.505981    0.000053   -0.000008    0.002014   -0.067654    0.014058
 74   42.233093    0.000001   -0.000015   -0.004028   -0.060511    0.020003
 75   42.352203   -0.000038   -0.000023    0.012355   -0.109343    0.047524
 76   42.391724    0.000008   -0.000031    0.036303   -0.174926    0.077186
 77   42.497620    0.000015    0.000000    0.068621   -0.237089    0.115460
 78   42.272705    0.000031    0.000000    0.052945   -0.119170    0.069776
 79   29.239311 -106.786278    1.740906   -0.002083   -0.361065   -1.503515
 80   42.375076    0.000007    0.000000   -0.003677    0.124047   -0.010051
 81   42.546066    0.000003    0.000000   -0.005044    0.176443   -0.021324
 82   42.234573    0.000002   -0.000005   -0.000355    0.155584   -0.006128
 83   42.465103    0.000000    0.000008   -0.005788   -0.043921    0.060932
 84   42.458038    0.000003    0.000006   -0.001644   -0.002222    0.032288
 85   42.267975   -0.000004   -0.000010    0.002527    0.102208   -0.050774
 86   42.506012    0.000001    0.000031    0.012077    0.100746   -0.077675
 87   42.233154    0.000000   -0.000015    0.001793    0.062246   -0.006737
 88   42.352386    0.000004    0.000023   -0.023337    0.070519    0.070435
 89   42.391754    0.000003    0.000000   -0.033765    0.094966    0.080524
 90   42.497650   -0.000008    0.000000   -0.046392    0.106654    0.084739
 91   42.272552   -0.000008    0.000046   -0.027248    0.045859    0.040252
time 52
  0    0.000000    0.000000    0.000000    0.000000   -0.000000    0.000000
  1    0.000000    0.000000    0.000000    0.000000   -0.000000    0.000000
  2    0.000000   21.953423  -21.026371    0.237165   -1.443439    1.333507
  3   50.309216   -0.435479    0.000002   -0.000017   -0.000000    0.302684
  4   30.891541   -0.000010    0.000000    0.000017    0.000000    0.195901
  5   34.635605    0.000004   -0.000002   -0.000000   -0.000000    0.060677
  6   30.584290    0.000019   -0.000002   -0.000000   -0.000000   -0.100833
  7   31.520203    0.000000    0.000008   -0.000000    0.000000    0.039977
  8   34.241196  -28.000038  -41.878006    0.977656    0.660944   -0.585646
  9   34.241119   23.441807  -41.878098   -0.829367    0.612665    0.182795
 10   35.246704  -52.543087    1.319138    0.013732    0.087650   -0.893537
 11   35.246552   52.726322    1.318920    0.088285    0.009032    0.421459
 12   34.830017  -24.891926   45.588612   -0.891137   -0.493635   -0.636455
 13   34.885788   27.636578   43.767822    1.029397   -0.543846    0.099703
 14   29.239305  -51.573345   94.292976    0.949962   -0.865735   -1.703900
 15   42.375084    0.000004   -0.000006   -0.107541    0.016229   -0.023215
 16   42.546112    0.000032    0.000004   -0.056714    0.024948   -0.030150
 17   42.234497    0.000004    0.000005   -0.028776    0.045004   -0.055187
 18   42.464996    0.000023    0.000008   -0.026372    0.024091    0.011250
 19   42.458130   -0.000057   -0.000021   -0.037124    0.092615   -0.020208
 20   42.267944    0.000015    0.000011   -0.012794   -0.080853    0.049040
 21   42.505890   -0.000010    0.000013   -0.024243   -0.353252    0.175207
 22   42.233154   -0.000008   -0.000031   -0.024215   -0.292635    0.135304
 23   42.352325    0.000038   -0.000015   -0.018497   -0.188698    0.111363
 24   42.391815   -0.000031    0.000031   -0.014583   -0.223486    0.164109
 25   42.497559    0.000046   -0.000031   -0.006842   -0.220573    0.157144
 26   42.272827    0.000061   -0.000031    0.005681   -0.164542    0.114454
 27   29.239334   55.382622   92.214973    0.159140   -1.086462    2.035460
 28   42.375061    0.000004    0.000003    0.042662   -0.045771   -0.027351
 29   42.546112   -0.000019    0.000018    0.030386   -0.067843   -0.024855
 30   42.234467    0.000055   -0.000002    0.020992   -0.039300   -0.018009
 31   42.465042   -0.000046    0.000008    0.025742    0.108020   -0.006955
 32   42.458115   -0.000002    0.000005    0.026795    0.155450    0.002857
 33   42.267853   -0.000032    0.000019    0.016281    0.025142   -0.028857
 34   42.506012    0.000059   -0.000004    0.005975   -0.078257   -0.038859
 35   42.233032   -0.000037   -0.000002   -0.009478   -0.042913   -0.014062
 36   42.352234   -0.000122    0.000022    0.000875    0.004964   -0.045470
 37   42.391663    0.000061   -0.000008    0.009877    0.061020   -0.124476
 38   42.497711   -0.000008   -0.000019    0.024275    0.086349   -0.208115
 39   42.272675    0.000122    0.000053    0.073214    0.096063   -0.272633
 40   29.239344  106.746620    1.740837    0.001980   -0.580282    1.689098
 41   42.375092   -0.000008    0.000000   -0.027509    0.237682   -0.047657
 42   42.546097    0.000000    0.000011   -0.012862    0.180876   -0.038160
 43   42.234436    0.000010    0.000001   -0.002164    0.124510   -0.013713
 44   42.465057   -0.000011   -0.000005    0.000482    0.132290    0.013329
 45   42.458069    0.000003    0.000008   -0.001014    0.122258    0.010009
 46   42.267853    0.000010    0.000000    0.008351   -0.052574   -0.037900
 47   42.505829   -0.000005    0.000008    0.003273   -0.126567   -0.019668
 48   42.233124    0.000015   -0.000010    0.001317   -0.071945   -0.033726
 49   42.352234    0.000008    0.000007   -0.007901   -0.160842   -0.239791
 50   42.391754    0.000031   -0.000015   -0.084227   -0.240298   -0.415186
 51   42.497620    0.000031    0.000031   -0.152998   -0.150924   -0.330754
 52   42.272705    0.000000    0.000015   -0.106077   -0.045923   -0.173811
 53   39.582283   50.706909  -91.438049   -0.594107    0.593256    1.478181
 54   42.375092   -0.000015    0.000000   -0.047303    0.146108    0.062315
 55   42.546112    0.000027    0.000008   -0.029322    0.165281    0.098324
 56   42.234528   -0.000046    0.000011   -0.022130    0.178070    0.057308
 57   42.465057    0.000067    0.000011   -0.012277    0.097707    0.012425
 58   42.458069    0.000042    0.000015   -0.021939    0.034688    0.006420
 59   42.268005   -0.000082    0.000023   -0.014883   -0.001343   -0.012328
 60   42.505859    0.000095    0.000008    0.009214    0.016201   -0.051529
 61   42.233246   -0.000061   -0.000008    0.011193   -0.072444   -0.041832
 62   42.352173   -0.000023    0.000034   -0.000576   -0.316572    0.041870
 63   42.391724    0.000031   -0.000023    0.020294   -0.197833    0.016487
 64   42.497559    0.000004    0.000000    0.022433   -0.113381    0.011332
 65   42.272736    0.000013   -0.000061    0.003599   -0.023522    0.002890
 66   37.032997  -56.044872  -92.128273   -0.498713    0.711315   -1.143274
 67   42.375099    0.000004   -0.000004    0.104783    0.228822    0.135923
 68   42.546112    0.000012   -0.000020    0.073887    0.206138    0.114615
 69   42.234482    0.000040   -0.000019    0.038876    0.015011   -0.038279
 70   42.464996   -0.000028   -0.000004    0.029597   -0.027484   -0.108606
 71   42.458069    0.000021   -0.000015    0.021679   -0.052185   -0.029290
 72   42.267975   -0.000057   -0.000010    0.010425   -0.115096    0.034202
 73   42.505920    0.000056   -0.000019    0.001818   -0.062728    0.012586
 74   42.233093    0.000000   -0.000011   -0.004804   -0.054286    0.013111
 75   42.352234   -0.000017   -0.000015    0.009939   -0.095685    0.029051
 76   42.391907    0.000023   -0.000015    0.031702   -0.158061    0.048891
 77   42.497498    0.000042    0.000031    0.063121   -0.225844    0.077906
 78   42.272705   -0.000008    0.000000    0.051077   -0.120651    0.051079
 79   29.239305 -106.786301    1.740906   -0.002084   -0.361447   -1.501009
 80   42.375107   -0.000000   -0.000008   -0.003942    0.124407   -0.010769
 81   42.546097   -0.000001    0.000000   -0.005282    0.176314   -0.022332
 82   42.234482    0.000002   -0.000002   -0.000391    0.154463   -0.006702
 83   42.465103    0.000011    0.000002   -0.005736   -0.042905    0.061202
 84   42.458160   -0.000010    0.000010   -0.001637   -0.001540    0.032311
 85   42.267975   -0.000009    0.000010    0.002561    0.102017   -0.051007
 86   42.505981   -0.000002    0.000027    0.012156    0.100186   -0.078072
 87   42.233032   -0.000004    0.000000    0.001791    0.062852   -0.006735
 88   42.352264   -0.000004    0.000008   -0.023490    0.072649    0.070774
 89   42.391693    0.000007    0.000031   -0.033996    0.097105    0.080411
 90   42.497559   -0.000008   -0.000015   -0.046783    0.108310    0.084370
 91   42.272552   -0.000008    0.000000   -0.027440    0.046385    0.039964
time 53
  0    0.000000    0.000000    0.000000    0.000000   -0.000000    0.000000
  1    0.000000    0.000000    0.000000    0.000000   -0.000000    0.000000
  2    0.000000   21.953421  -21.026371    0.246226   -1.445590    1.324448
  3   50.309204   -0.435479    0.000006   -0.000017   -0.000000    0.296237
  4   30.891535   -0.000009    0.000000    0.000017    0.000000    0.230586
  5   34.635582    0.000013    0.000000   -0.000000   -0.000000    0.164163
  6   30.584282    0.000019   -0.000004   -0.000000   -0.000000    0.071749
  7   31.520187    0.000000    0.000002   -0.000000   -0.000000    0.145975
  8   34.241180  -28.000023  -41.877998    0.965153    0.658641   -0.412348
  9   34.241104   23.441788  -41.878082   -0.839837    0.617767    0.358205
 10   35.246689  -52.543060    1.319136    0.005212    0.082209   -0.719651
 11   35.246521   52.726295    1.318922    0.080844    0.015814    0.594993
 12   34.830002  -24.891914   45.588593   -0.901845   -0.496985   -0.459713
 13   34.885757   27.636581   43.767811    1.018445   -0.535944    0.273196
 14   29.239315  -51.573345   94.292923    0.944492   -0.868989   -1.697206
 15   42.375053   -0.000016   -0.000008   -0.107386    0.016845   -0.024575
 16   42.546066    0.000017   -0.000010   -0.056584    0.026064   -0.031973
 17   42.234497    0.000023   -0.000002   -0.028530    0.047527   -0.058706
 18   42.465012    0.000019   -0.000011   -0.026391    0.023305    0.011475
 19   42.458084   -0.000072    0.000008   -0.037236    0.091326   -0.019251
 20   42.267914   -0.000011   -0.000015   -0.012813   -0.081296    0.049435
 21   42.505890   -0.000013   -0.000019   -0.024548   -0.354506    0.176533
 22   42.233124   -0.000027   -0.000031   -0.024449   -0.293608    0.136375
 23   42.352295    0.000046    0.000000   -0.018467   -0.188598    0.111612
 24   42.391754   -0.000015   -0.000031   -0.014366   -0.223020    0.164179
 25   42.497498    0.000031    0.000000   -0.006341   -0.220359    0.157478
 26   42.272766    0.000107    0.000000    0.006905   -0.164372    0.114810
 27   29.239326   55.382599   92.214958    0.172300   -1.091256    2.021740
 28   42.375038   -0.000008   -0.000017    0.042649   -0.045212   -0.026357
 29   42.546082   -0.000031    0.000004    0.030209   -0.068699   -0.024284
 30   42.234467    0.000050   -0.000023    0.020994   -0.038479   -0.017535
 31   42.465012   -0.000050    0.000013    0.026407    0.114904   -0.005986
 32   42.458069   -0.000006    0.000009    0.026540    0.158164    0.003330
 33   42.267853   -0.000053    0.000000    0.016347    0.023530   -0.028316
 34   42.506012    0.000047    0.000000    0.006632   -0.083114   -0.041561
 35   42.233032   -0.000029    0.000011   -0.008973   -0.049385   -0.020001
 36   42.352264   -0.000098   -0.000004    0.000180    0.014230   -0.034520
 37   42.391663    0.000057    0.000006    0.003089    0.095296   -0.080920
 38   42.497650    0.000031    0.000008   -0.003278    0.137644   -0.133343
 39   42.272644    0.000107    0.000046   -0.002988    0.173920   -0.180967
 40   29.239346  106.746613    1.740837    0.001980   -0.583095    1.690185
 41   42.375053    0.000002    0.000000   -0.027937    0.238227   -0.048150
 42   42.546127    0.000008   -0.000008   -0.013561    0.180724   -0.039953
 43   42.234436   -0.000015   -0.000002   -0.001938    0.126274   -0.012127
 44   42.465073    0.000001    0.000005    0.000636    0.137247    0.017286
 45   42.458099    0.000002    0.000019   -0.001202    0.123162    0.011385
 46   42.267975   -0.000001    0.000031    0.006723   -0.054916   -0.029762
 47   42.505920    0.000001    0.000038    0.002235   -0.127043   -0.013148
 48   42.233215    0.000002    0.000006    0.001086   -0.071335   -0.026176
 49   42.352234    0.000013    0.000011   -0.006025   -0.160383   -0.200883
 50   42.391754    0.000015   -0.000015   -0.079188   -0.271427   -0.389689
 51   42.497620    0.000061   -0.000015   -0.187239   -0.202702   -0.361701
 52   42.272736   -0.000031   -0.000015   -0.125886   -0.053804   -0.173895
 53   39.369564   50.706890  -91.436935   -0.598046    0.589212    1.474904
 54   42.375069    0.000000    0.000000   -0.042789    0.142810    0.072469
 55   42.546051    0.000022    0.000015   -0.024535    0.155842    0.115862
 56   42.234512   -0.000044    0.000017   -0.022264    0.185734    0.053356
 57   42.464935    0.000053    0.000004   -0.010725    0.109215    0.007142
 58   42.458038    0.000023    0.000008   -0.020842    0.038103    0.002676
 59   42.267944   -0.000097    0.000008   -0.012281    0.003029   -0.024830
 60   42.505829    0.000072    0.000038    0.016405    0.037603   -0.094402
 61   42.233063   -0.000048    0.000023    0.014897   -0.062196   -0.066337
 62   42.352234    0.000034    0.000000   -0.007810   -0.346336    0.099941
 63   42.391693    0.000034    0.000000    0.024027   -0.214988    0.045091
 64   42.497620    0.000008   -0.000061    0.027502   -0.123885    0.028365
 65   42.272797   -0.000008    0.000000    0.005658   -0.027548    0.007129
 66   36.794415  -56.044853  -92.107430   -0.501496    0.711981   -1.144934
 67   42.375061   -0.000013    0.000000    0.105496    0.230808    0.140033
 68   42.546097   -0.000014    0.000029    0.074701    0.207312    0.121072
 69   42.234451    0.000025    0.000000    0.040754    0.016268   -0.048676
 70   42.464981   -0.000037   -0.000004    0.031066   -0.026689   -0.120657
 71   42.458099    0.000034   -0.000004    0.022431   -0.046896   -0.037458
 72   42.267914   -0.000057    0.000004    0.011252   -0.103442    0.026422
 73   42.505920    0.000057    0.000000    0.001651   -0.058985    0.010694
 74   42.233063    0.000008   -0.000015   -0.005792   -0.045768    0.003716
 75   42.352142   -0.000031    0.000038    0.006164   -0.073301    0.003171
 76   42.391785    0.000027    0.000015    0.022769   -0.125092    0.006716
 77   42.497437    0.000057    0.000015    0.046431   -0.192569    0.015687
 78   42.272705    0.000006    0.000061    0.039750   -0.113514    0.014699
 79   29.239313 -106.786209    1.740902   -0.002082   -0.361893   -1.498577
 80   42.375061    0.000008    0.000000   -0.004208    0.124745   -0.011485
 81   42.546082   -0.000008   -0.000015   -0.005519    0.176121   -0.023331
 82   42.234573    0.000009   -0.000004   -0.000428    0.153338   -0.007259
 83   42.465103   -0.000007    0.000010   -0.005674   -0.041759    0.061470
 84   42.458130    0.000002    0.000008   -0.001630   -0.000808    0.032348
 85   42.267944   -0.000005    0.000001    0.002596    0.101813   -0.051234
 86   42.506012   -0.000010    0.000046    0.012240    0.099622   -0.078493
 87   42.233124   -0.000011   -0.000008    0.001788    0.063509   -0.006728
 88   42.352325   -0.000004    0.000031   -0.023662    0.074885    0.071148
 89   42.391785   -0.000003   -0.000015   -0.034244    0.099315    0.080293
 90   42.497559   -0.000004    0.000015   -0.047186    0.109965    0.083970
 91   42.272644   -0.000023    0.000061   -0.027619    0.046878    0.039641
time 54
  0    0.000000    0.000000    0.000000    0.000000   -0.000000    0.000000
  1    0.000000    0.000000    0.000000    0.000000   -0.000000    0.000000
  2    0.000000   21.953423  -21.026371    0.255378   -1.447760    1.315299
  3   50.309212   -0.435479    0.000004   -0.000017    0.000000    0.278346
  4   30.891541   -0.000011    0.000002    0.000017    0.000000    0.254177
  5   34.635590    0.000008   -0.000002   -0.000000   -0.000000    0.244606
  6   30.584290    0.000019    0.000000   -0.000000   -0.000000    0.216345
  7   31.520203   -0.000008    0.000004   -0.000000   -0.000000    0.232771
  8   34.241196  -28.000038  -41.878017    0.994507    0.674306   -0.188278
  9   34.241119   23.441795  -41.878101   -0.807728    0.613908    0.580900
 10   35.246704  -52.543083    1.319138    0.019710    0.104887   -0.518852
 11   35.246552   52.726318    1.318932    0.106484    0.008124    0.791070
 12   34.830032  -24.891945   45.588615   -0.881605   -0.477714   -0.272734
 13   34.885773   27.636589   43.767830    1.049186   -0.529274    0.448705
 14   29.239317  -51.573357   94.292992    0.939024   -0.872218   -1.690458
 15   42.375069    0.000006    0.000000   -0.107231    0.017465   -0.025939
 16   42.546066    0.000023   -0.000004   -0.056458    0.027184   -0.033799
 17   42.234497    0.000013    0.000001   -0.028284    0.050077   -0.062265
 18   42.464981    0.000015    0.000008   -0.026404    0.022529    0.011676
 19   42.458054   -0.000061    0.000015   -0.037355    0.090029   -0.018289
 20   42.267944    0.000019    0.000015   -0.012838   -0.081706    0.049829
 21   42.505920   -0.000021   -0.000029   -0.024861   -0.355761    0.177910
 22   42.233093    0.000023    0.000000   -0.024693   -0.294627    0.137510
 23   42.352264    0.000061    0.000015   -0.018434   -0.188489    0.111876
 24   42.391754   -0.000015    0.000000   -0.014132   -0.222525    0.164254
 25   42.497589    0.000061   -0.000031   -0.005806   -0.220133    0.157849
 26   42.272812    0.000061    0.000000    0.008231   -0.164195    0.115195
 27   29.239330   55.382633   92.214973    0.184854   -1.095286    2.008762
 28   42.375061    0.000004   -0.000009    0.042665   -0.044509   -0.025477
 29   42.546097   -0.000010    0.000025    0.030109   -0.069042   -0.023834
 30   42.234467    0.000059   -0.000027    0.021061   -0.037443   -0.017101
 31   42.465073   -0.000042    0.000004    0.026955    0.119977   -0.004722
 32   42.458054   -0.000008   -0.000004    0.026441    0.158631    0.004384
 33   42.267944   -0.000023    0.000004    0.016407    0.021960   -0.028036
 34   42.506012    0.000069   -0.000011    0.007026   -0.085630   -0.044057
 35   42.233093   -0.000031    0.000008   -0.008612   -0.053006   -0.024317
 36   42.352203   -0.000117    0.000017   -0.000230    0.020766   -0.027373
 37   42.391754    0.000084    0.000015   -0.000438    0.117649   -0.053221
 38   42.497620    0.000019    0.000015   -0.016834    0.167015   -0.087333
 39   42.272583    0.000145    0.000031   -0.041356    0.213572   -0.117217
 40   29.239349  106.746628    1.740839    0.001975   -0.585929    1.691144
 41   42.375076   -0.000008    0.000008   -0.028349    0.238784   -0.048607
 42   42.546112    0.000000    0.000008   -0.014117    0.180639   -0.041305
 43   42.234467    0.000001   -0.000002   -0.001768    0.128014   -0.010929
 44   42.465073   -0.000005   -0.000002    0.000740    0.142160    0.019796
 45   42.458038    0.000009    0.000004   -0.001315    0.123935    0.011941
 46   42.267853   -0.000008    0.000000    0.005276   -0.057788   -0.022803
 47   42.505859    0.000010    0.000000    0.001761   -0.127870   -0.010184
 48   42.233124   -0.000004   -0.000008    0.000871   -0.071120   -0.020321
 49   42.352234    0.000003    0.000010   -0.004384   -0.157795   -0.153842
 50   42.391632   -0.000008   -0.000008   -0.067462   -0.300507   -0.331239
 51   42.497681    0.000092   -0.000015   -0.219502   -0.277889   -0.369028
 52   42.272705    0.000031    0.000031   -0.139587   -0.064397   -0.154227
 53   39.153210   50.706913  -91.435959   -0.601207    0.584994    1.472507
 54   42.375092   -0.000011    0.000000   -0.038852    0.140623    0.081543
 55   42.546066    0.000035    0.000008   -0.020751    0.148699    0.130169
 56   42.234604   -0.000029    0.000014   -0.022158    0.191283    0.051971
 57   42.465027    0.000050    0.000015   -0.009458    0.118273    0.005734
 58   42.458130    0.000029    0.000038   -0.019798    0.041184   -0.000210
 59   42.268036   -0.000074   -0.000015   -0.009495    0.007119   -0.037551
 60   42.505920    0.000078    0.000023    0.022272    0.056930   -0.133056
 61   42.233246   -0.000050   -0.000038    0.017297   -0.053906   -0.085175
 62   42.352234    0.000000   -0.000023   -0.012897   -0.365201    0.138696
 63   42.391754    0.000034   -0.000008    0.026899   -0.229951    0.065177
 64   42.497467    0.000011   -0.000015    0.031908   -0.134170    0.040816
 65   42.272705    0.000031   -0.000092    0.007722   -0.031774    0.010822
 66   36.558556  -56.044868  -92.086823   -0.504297    0.713567   -1.146521
 67   42.375092    0.000004   -0.000015    0.105874    0.231308    0.142315
 68   42.546127   -0.000002    0.000003    0.075022    0.207046    0.124947
 69   42.234451    0.000015   -0.000008    0.042187    0.017835   -0.056411
 70   42.465042   -0.000042   -0.000004    0.031877   -0.023903   -0.126683
 71   42.458038    0.000019   -0.000034    0.022906   -0.042368   -0.043155
 72   42.267914   -0.000061   -0.000019    0.011745   -0.095687    0.018242
 73   42.506012    0.000076    0.000003    0.001551   -0.057360    0.008421
 74   42.233124    0.000004    0.000023   -0.006616   -0.038714   -0.004425
 75   42.352142   -0.000015    0.000008    0.002648   -0.052810   -0.018427
 76   42.391785    0.000000   -0.000023    0.013624   -0.091162   -0.029182
 77   42.497681    0.000008    0.000000    0.025220   -0.148613   -0.041206
 78   42.272705    0.000038    0.000031    0.021184   -0.094357   -0.023804
 79   29.239317 -106.786232    1.740904   -0.002075   -0.362401   -1.496222
 80   42.375084    0.000000    0.000004   -0.004475    0.125066   -0.012198
 81   42.546021    0.000000    0.000000   -0.005757    0.175869   -0.024319
 82   42.234528    0.000008   -0.000014   -0.000465    0.152207   -0.007797
 83   42.465042   -0.000014   -0.000011   -0.005602   -0.040491    0.061738
 84   42.458099    0.000004    0.000007   -0.001623   -0.000025    0.032398
 85   42.267944   -0.000007   -0.000015    0.002632    0.101596   -0.051456
 86   42.505920   -0.000002    0.000023    0.012329    0.099055   -0.078935
 87   42.233093    0.000008   -0.000008    0.001784    0.064213   -0.006720
 88   42.352295    0.000000    0.000015   -0.023849    0.077222    0.071547
 89   42.391693    0.000009   -0.000031   -0.034507    0.101585    0.080168
 90   42.497559   -0.000011    0.000000   -0.047601    0.111616    0.083542
 91   42.272552   -0.000031    0.000031   -0.027794    0.047350    0.039297
time 55
  0    0.000000    0.000000    0.000000    0.000000   -0.000000    0.000000
  1    0.000000    0.000000    0.000000    0.000000   -0.000000    0.000000
  2    0.000000   21.953423  -21.026371    0.264616   -1.449952    1.306063
  3   50.309212   -0.435479    0.000006   -0.000017    0.000000    0.251187
  4   30.891541   -0.000012    0.000000    0.000017    0.000000    0.262884
  5   34.635593    0.000002   -0.000004   -0.000000    0.000000    0.276981
  6   30.584290    0.000011   -0.000002   -0.000000    0.000000    0.276982
  7   31.520180   -0.000008    0.000002   -0.000000    0.000000    0.276980
  8   34.241196  -28.000031  -41.878014    1.064505    0.711661    0.098345
  9   34.241119   23.441803  -41.878090   -0.731160    0.604704    0.863784
 10   35.246704  -52.543106    1.319136    0.054283    0.158963   -0.273580
 11   35.246536   52.726315    1.318920    0.167626   -0.010216    1.028245
 12   34.830017  -24.891937   45.588600   -0.833340   -0.431758   -0.053582
 13   34.885773   27.636589   43.767815    1.122491   -0.522493    0.649679
 14   29.239311  -51.573338   94.292946    0.933563   -0.875421   -1.683663
 15   42.375053    0.000006    0.000009   -0.107075    0.018086   -0.027304
 16   42.546082    0.000031    0.000008   -0.056334    0.028307   -0.035631
 17   42.234467    0.000017    0.000004   -0.028040    0.052653   -0.065859
 18   42.464996   -0.000004   -0.000013   -0.026412    0.021762    0.011854
 19   42.458130   -0.000084   -0.000015   -0.037478    0.088721   -0.017318
 20   42.267944    0.000038    0.000023   -0.012865   -0.082080    0.050218
 21   42.505829    0.000000    0.000008   -0.025184   -0.357008    0.179337
 22   42.233124    0.000000   -0.000038   -0.024947   -0.295689    0.138706
 23   42.352295    0.000038    0.000000   -0.018395   -0.188367    0.112150
 24   42.391754   -0.000015    0.000031   -0.013888   -0.222002    0.164339
 25   42.497437    0.000031    0.000000   -0.005229   -0.219898    0.158249
 26   42.272827    0.000061   -0.000031    0.009659   -0.164009    0.115614
 27   29.239330   55.382607   92.214943    0.195626   -1.097906    1.997920
 28   42.375076    0.000008   -0.000008    0.042721   -0.043654   -0.024806
 29   42.546112   -0.000011    0.000013    0.030136   -0.068578   -0.023601
 30   42.234451    0.000059   -0.000004    0.021211   -0.036231   -0.016751
 31   42.465073   -0.000053    0.000006    0.027285    0.121760   -0.003000
 32   42.458115    0.000002    0.000000    0.026633    0.156024    0.006426
 33   42.267853   -0.000025    0.000004    0.016449    0.020576   -0.028254
 34   42.506012    0.000057    0.000011    0.007012   -0.084916   -0.046464
 35   42.233063   -0.000031    0.000019   -0.008488   -0.052940   -0.026594
 36   42.352295   -0.000090    0.000019   -0.000381    0.023683   -0.025077
 37   42.391724    0.000046    0.000008   -0.001645    0.125814   -0.043499
 38   42.497650    0.000046    0.000008   -0.021139    0.177197   -0.071879
 39   42.272644    0.000122    0.000046   -0.052814    0.226359   -0.095467
 40   29.239351  106.746590    1.740833    0.001966   -0.588782    1.691967
 41   42.375023   -0.000011    0.000015   -0.028734    0.239349   -0.049013
 42   42.546082    0.000006   -0.000004   -0.014479    0.180633   -0.042079
 43   42.234436   -0.000003   -0.000009   -0.001687    0.129720   -0.010299
 44   42.465057   -0.000002   -0.000018    0.000772    0.146976    0.020372
 45   42.458069    0.000008   -0.000019   -0.001306    0.124539    0.011371
 46   42.267883   -0.000002   -0.000015    0.004012   -0.061172   -0.016946
 47   42.505890   -0.000002   -0.000008    0.001252   -0.128576   -0.007131
 48   42.233002   -0.000001   -0.000021    0.000670   -0.071245   -0.015370
 49   42.352203   -0.000004    0.000001   -0.003194   -0.154442   -0.114196
 50   42.391693   -0.000011    0.000015   -0.052492   -0.313401   -0.258992
 51   42.497620   -0.000031    0.000015   -0.210786   -0.332867   -0.319771
 52   42.272675   -0.000031    0.000000   -0.160418   -0.092581   -0.146024
 53   38.933445   50.706882  -91.434845   -0.601704    0.580624    1.472942
 54   42.375092   -0.000015    0.000015   -0.036905    0.141454    0.086741
 55   42.546066    0.000031    0.000015   -0.019447    0.147725    0.135511
 56   42.234497   -0.000015    0.000004   -0.021563    0.192024    0.056178
 57   42.464996    0.000044    0.000004   -0.009122    0.121163    0.012576
 58   42.458069    0.000032    0.000000   -0.019211    0.042980   -0.000628
 59   42.267914   -0.000076   -0.000015   -0.006905    0.010180   -0.048729
 60   42.505859    0.000090    0.000023    0.026489    0.071421   -0.160530
 61   42.233124   -0.000038   -0.000008    0.018527   -0.050901   -0.096226
 62   42.352234    0.000008   -0.000015   -0.012692   -0.368270    0.145011
 63   42.391754    0.000019   -0.000015    0.028927   -0.237519    0.068136
 64   42.497589    0.000034    0.000000    0.035081   -0.141626    0.043496
 65   42.272705   -0.000011   -0.000031    0.009291   -0.035020    0.012166
 66   36.325401  -56.044842  -92.066177   -0.507076    0.716246   -1.147975
 67   42.375069   -0.000004    0.000011    0.105806    0.230045    0.142240
 68   42.546097    0.000004    0.000012    0.074785    0.205270    0.125298
 69   42.234436    0.000011   -0.000019    0.042721    0.019122   -0.059622
 70   42.464966   -0.000046    0.000011    0.031888   -0.018804   -0.124987
 71   42.458191    0.000050   -0.000027    0.023078   -0.039937   -0.044698
 72   42.267944   -0.000061    0.000013    0.011864   -0.094720    0.011672
 73   42.505951    0.000065    0.000026    0.001553   -0.058705    0.005656
 74   42.233154    0.000023   -0.000015   -0.006925   -0.036425   -0.008364
 75   42.352203   -0.000027    0.000008    0.001131   -0.043914   -0.026972
 76   42.391846    0.000027    0.000015    0.009643   -0.075795   -0.043167
 77   42.497498    0.000061   -0.000038    0.015434   -0.126723   -0.063903
 78   42.272644    0.000008    0.000000    0.011897   -0.082212   -0.040146
 79   29.239304 -106.786209    1.740910   -0.002064   -0.362968   -1.493947
 80   42.375076    0.000002    0.000004   -0.004742    0.125369   -0.012908
 81   42.546021    0.000007    0.000000   -0.005993    0.175559   -0.025294
 82   42.234512    0.000001    0.000001   -0.000502    0.151074   -0.008315
 83   42.465042    0.000002    0.000013   -0.005521   -0.039110    0.062004
 84   42.458008    0.000002    0.000010   -0.001616    0.000809    0.032457
 85   42.267883   -0.000002    0.000000    0.002670    0.101368   -0.051676
 86   42.505951    0.000006    0.000023    0.012422    0.098483   -0.079398
 87   42.233032    0.000004   -0.000008    0.001779    0.064968   -0.006705
 88   42.352264    0.000015    0.000008   -0.024054    0.079660    0.071977
 89   42.391785   -0.000010    0.000015   -0.034786    0.103912    0.080032
 90   42.497559    0.000008    0.000000   -0.048024    0.113250    0.083083
 91   42.272552    0.000000    0.000031   -0.027954    0.047774    0.038918
time 56
  0    0.000000    0.000000    0.000000    0.000000   -0.000000    0.000000
  1    0.000000    0.000000    0.000000    0.000000   -0.000000    0.000000
  2    0.000000   21.953423  -21.026371    0.273935   -1.452162    1.296745
  3   50.309216   -0.435479    0.000004   -0.000017    0.000000    0.216937
  4   30.891539   -0.000010    0.000002    0.000017    0.000000    0.228833
  5   34.635601    0.000006    0.000000   -0.000000   -0.000000    0.259995
  6   30.584290    0.000023    0.000002   -0.000000    0.000000    0.274013
  7   31.520195   -0.000015    0.000002   -0.000000   -0.000000    0.289277
  8   34.241180  -28.000031  -41.878006    1.148052    0.756246    0.382983
  9   34.241135   23.441803  -41.878098   -0.639773    0.593720    1.143853
 10   35.246704  -52.543076    1.319138    0.095547    0.223507   -0.035017
 11   35.246552   52.726311    1.318928    0.240601   -0.032105    1.257877
 12   34.830032  -24.891907   45.588615   -0.775733   -0.376907    0.155391
 13   34.885788   27.636589   43.767830    1.209984   -0.516373    0.839084
 14   29.239323  -51.573353   94.292953    0.928114   -0.878592   -1.676826
 15   42.375069   -0.000008    0.000002   -0.106919    0.018710   -0.028670
 16   42.546082    0.000032    0.000016   -0.056212    0.029429   -0.037464
 17   42.234482    0.000029   -0.000004   -0.027797    0.055247   -0.069485
 18   42.465012    0.000019   -0.000005   -0.026415    0.021008    0.012006
 19   42.458054   -0.000050   -0.000021   -0.037607    0.087404   -0.016341
 20   42.267944    0.000042   -0.000011   -0.012896   -0.082420    0.050604
 21   42.505951   -0.000008   -0.000002   -0.025517   -0.358248    0.180814
 22   42.233185    0.000004   -0.000031   -0.025209   -0.296790    0.139964
 23   42.352295    0.000031   -0.000061   -0.018356   -0.188241    0.112443
 24   42.391693   -0.000061   -0.000061   -0.013629   -0.221452    0.164433
 25   42.497437    0.000015    0.000031   -0.004613   -0.219648    0.158678
 26   42.272751    0.000061   -0.000031    0.011195   -0.163810    0.116061
 27   29.239338   55.382652   92.214966    0.205409   -1.099348    1.988265
 28   42.375061   -0.000004    0.000001    0.042812   -0.042786   -0.024215
 29   42.546089   -0.000015    0.000011    0.030253   -0.067638   -0.023466
 30   42.234451    0.000051   -0.000008    0.021410   -0.035003   -0.016398
 31   42.465027   -0.000048    0.000017    0.027481    0.121193   -0.000854
 32   42.458084   -0.000017   -0.000010    0.027041    0.151447    0.009241
 33   42.267944   -0.000031    0.000011    0.016464    0.019412   -0.028845
 34   42.506042    0.000066    0.000019    0.006729   -0.082132   -0.048987
 35   42.233063   -0.000026    0.000015   -0.008513   -0.050728   -0.027784
 36   42.352234   -0.000117    0.000019   -0.000401    0.024494   -0.025645
 37   42.391724    0.000032    0.000011   -0.001780    0.125908   -0.043879
 38   42.497620    0.000038    0.000046   -0.021444    0.177775   -0.072748
 39   42.272644    0.000153    0.000000   -0.053750    0.227944   -0.097010
 40   29.239349  106.746643    1.740850    0.001955   -0.591506    1.692625
 41   42.375084    0.000008   -0.000015   -0.029103    0.240054   -0.049400
 42   42.546127    0.000000    0.000011   -0.014693    0.180778   -0.042449
 43   42.234497    0.000001    0.000003   -0.001659    0.131368   -0.010023
 44   42.465073    0.000010    0.000005    0.000751    0.151891    0.019726
 45   42.458069    0.000000    0.000008   -0.001216    0.124503    0.010108
 46   42.267883   -0.000008    0.000023    0.003015   -0.066072   -0.012450
 47   42.505859    0.000000    0.000015    0.000856   -0.128572   -0.004834
 48   42.233063   -0.000001   -0.000006    0.000505   -0.071641   -0.011644
 49   42.352295    0.000000    0.000011   -0.002320   -0.150190   -0.080740
 50   42.391663   -0.000004    0.000015   -0.035898   -0.303525   -0.180101
 51   42.497620    0.000015    0.000000   -0.160381   -0.359738   -0.238482
 52   42.272705    0.000000    0.000031   -0.151679   -0.126797   -0.122633
 53   38.710571   50.706890  -91.433784   -0.600335    0.576170    1.475362
 54   42.375107   -0.000002   -0.000015   -0.036426    0.144464    0.089093
 55   42.546082    0.000035    0.000019   -0.020117    0.151567    0.133508
 56   42.234573   -0.000029   -0.000004   -0.020506    0.188395    0.066449
 57   42.465027    0.000050    0.000034   -0.009877    0.118753    0.028125
 58   42.458038    0.000015    0.000015   -0.019146    0.043495    0.001494
 59   42.267975   -0.000088    0.000031   -0.004297    0.012096   -0.059470
 60   42.505920    0.000092    0.000061    0.029619    0.080441   -0.177503
 61   42.233124   -0.000023    0.000008    0.019264   -0.053213   -0.103334
 62   42.352264   -0.000053    0.000015   -0.006056   -0.352658    0.115963
 63   42.391724    0.000019   -0.000015    0.029993   -0.234641    0.048984
 64   42.497589    0.000011    0.000046    0.036434   -0.144572    0.032658
 65   42.272736   -0.000011   -0.000061    0.009851   -0.036343    0.009653
 66   36.095078  -56.044861  -92.045822   -0.509870    0.719595   -1.149392
 67   42.375099   -0.000006    0.000000    0.105461    0.227706    0.140684
 68   42.546127    0.000000    0.000006    0.074212    0.202552    0.123409
 69   42.234451    0.000031   -0.000011    0.042642    0.020263   -0.059731
 70   42.464981   -0.000043    0.000019    0.031477   -0.012253   -0.118717
 71   42.458130    0.000046   -0.000015    0.023068   -0.038970   -0.043619
 72   42.267914   -0.000065    0.000013    0.011782   -0.098167    0.006554
 73   42.505920    0.000065   -0.000011    0.001625   -0.061907    0.002543
 74   42.233154    0.000008   -0.000004   -0.006853   -0.037605   -0.009370
 75   42.352264   -0.000053    0.000011    0.001171   -0.043725   -0.026668
 76   42.391815    0.000011   -0.000008    0.009692   -0.075325   -0.042768
 77   42.497620    0.000084    0.000015    0.015507   -0.126215   -0.063695
 78   42.272583    0.000000    0.000031    0.011939   -0.081772   -0.039953
 79   29.239319 -106.786285    1.740896   -0.002049   -0.363591   -1.491756
 80   42.375114    0.000009   -0.000011   -0.005008    0.125653   -0.013612
 81   42.546036   -0.000007    0.000000   -0.006228    0.175193   -0.026253
 82   42.234497   -0.000007   -0.000002   -0.000540    0.149941   -0.008812
 83   42.465103    0.000010    0.000000   -0.005430   -0.037616    0.062265
 84   42.458008    0.000002    0.000000   -0.001609    0.001687    0.032528
 85   42.267883   -0.000006   -0.000006    0.002710    0.101131   -0.051892
 86   42.505951   -0.000009    0.000019    0.012521    0.097906   -0.079880
 87   42.233063    0.000019   -0.000008    0.001772    0.065770   -0.006685
 88   42.352295   -0.000004    0.000008   -0.024273    0.082196    0.072429
 89   42.391846    0.000005    0.000000   -0.035079    0.106288    0.079887
 90   42.497498    0.000008   -0.000031   -0.048455    0.114863    0.082594
 91   42.272522   -0.000015    0.000000   -0.028105    0.048174    0.038518
time 57
  0    0.000000    0.000000    0.000000    0.000000   -0.000000    0.000000
  1    0.000000    0.000000    0.000000    0.000000   -0.000000    0.000000
  2    0.000000   21.953423  -21.026371    0.283334   -1.454393    1.287350
  3   50.309212   -0.435479    0.000004   -0.000017    0.000000    0.177770
  4   30.891541   -0.000010   -0.000002    0.000017    0.000000    0.144125
  5   34.635597    0.000010    0.000000   -0.000000   -0.000000    0.215999
  6   30.584290    0.000019    0.000004   -0.000000    0.000000    0.263363
  7   31.520187    0.000008   -0.000004   -0.000000   -0.000000    0.296736
  8   34.241196  -28.000031  -41.878006    1.218050    0.793601    0.601095
  9   34.241119   23.441803  -41.878090   -0.563205    0.584516    1.358098
 10   35.246704  -52.543076    1.319138    0.130119    0.277584    0.145654
 11   35.246536   52.726315    1.318922    0.301743   -0.050444    1.431326
 12   34.830032  -24.891907   45.588608   -0.727467   -0.330951    0.311833
 13   34.885788   27.636597   43.767818    1.283290   -0.511681    0.979885
 14   29.239328  -51.573349   94.292953    0.922685   -0.881727   -1.669954
 15   42.375076   -0.000004   -0.000003   -0.106763    0.019331   -0.030034
 16   42.546082    0.000036    0.000003   -0.056093    0.030552   -0.039298
 17   42.234482    0.000015   -0.000018   -0.027555    0.057856   -0.073140
 18   42.464966    0.000008    0.000022   -0.026411    0.020270    0.012130
 19   42.458130   -0.000069    0.000004   -0.037743    0.086077   -0.015356
 20   42.267914    0.000031    0.000011   -0.012930   -0.082721    0.050984
 21   42.505920   -0.000019    0.000021   -0.025857   -0.359475    0.182339
 22   42.233185    0.000015    0.000008   -0.025482   -0.297934    0.141287
 23   42.352203    0.000031   -0.000015   -0.018311   -0.188102    0.112748
 24   42.391693   -0.000061   -0.000031   -0.013358   -0.220872    0.164536
 25   42.497437    0.000046    0.000000   -0.003955   -0.219388    0.159141
 26   42.272751    0.000092   -0.000061    0.012839   -0.163600    0.116539
 27   29.239342   55.382648   92.214966    0.215788   -1.100265    1.977911
 28   42.375076    0.000000    0.000000    0.042925   -0.042050   -0.023514
 29   42.546097   -0.000021    0.000003    0.030391   -0.066756   -0.023252
 30   42.234467    0.000055    0.000000    0.021618   -0.033871   -0.015925
 31   42.465042   -0.000053    0.000010    0.027693    0.120234    0.001575
 32   42.458054   -0.000006    0.000003    0.027509    0.146546    0.012326
 33   42.267914   -0.000032    0.000008    0.016458    0.018393   -0.029528
 34   42.506012    0.000044   -0.000023    0.006404   -0.079084   -0.051770
 35   42.233063   -0.000035   -0.000017   -0.008548   -0.048422   -0.029076
 36   42.352203   -0.000093   -0.000020   -0.000424    0.025399   -0.026293
 37   42.391724    0.000031    0.000008   -0.001939    0.126184   -0.044382
 38   42.497650    0.000027    0.000000   -0.021819    0.178636   -0.073839
 39   42.272614    0.000114    0.000031   -0.054843    0.229788   -0.098790
 40   29.239351  106.746696    1.740847    0.001939   -0.594103    1.693123
 41   42.375076    0.000000    0.000000   -0.029464    0.240900   -0.049783
 42   42.546097   -0.000002    0.000000   -0.014852    0.181040   -0.042691
 43   42.234467   -0.000001    0.000009   -0.001635    0.133009   -0.009794
 44   42.465088    0.000007    0.000010    0.000717    0.157084    0.018949
 45   42.458069   -0.000010    0.000023   -0.001128    0.123833    0.008913
 46   42.267914    0.000007    0.000038    0.002308   -0.072594   -0.009311
 47   42.505951   -0.000001    0.000023    0.001037   -0.127929   -0.005957
 48   42.233154    0.000007    0.000004    0.000375   -0.072360   -0.008926
 49   42.352234   -0.000000    0.000013   -0.001431   -0.144721   -0.046222
 50   42.391602   -0.000011    0.000008   -0.018658   -0.277030   -0.095984
 51   42.497620    0.000000   -0.000015   -0.082835   -0.354102   -0.132001
 52   42.272766    0.000015    0.000000   -0.093838   -0.155787   -0.075654
 53   38.484810   50.706909  -91.432739   -0.599152    0.571694    1.477630
 54   42.375069   -0.000010   -0.000023   -0.035916    0.147505    0.091525
 55   42.546082    0.000038   -0.000004   -0.021106    0.155948    0.130324
 56   42.234543   -0.000032   -0.000005   -0.019335    0.183414    0.079497
 57   42.464996    0.000038    0.000023   -0.011273    0.115203    0.047586
 58   42.458099    0.000050   -0.000015   -0.019305    0.043561    0.004613
 59   42.267944   -0.000107    0.000023   -0.001261    0.013416   -0.071459
 60   42.505920    0.000088   -0.000008    0.032026    0.084185   -0.187007
 61   42.233093   -0.000076   -0.000046    0.020180   -0.056826   -0.111897
 62   42.352264    0.000015    0.000008    0.003294   -0.322234    0.063445
 63   42.391785    0.000008    0.000008    0.028494   -0.221468    0.012071
 64   42.497681    0.000038    0.000015    0.034310   -0.142033    0.009291
 65   42.272797    0.000008   -0.000031    0.008998   -0.035934    0.003598
 66   35.867577  -56.044891  -92.025589   -0.512735    0.723064   -1.150908
 67   42.375084   -0.000010    0.000008    0.105072    0.225149    0.138866
 68   42.546082   -0.000002   -0.000006    0.073567    0.199524    0.121204
 69   42.234421    0.000013   -0.000008    0.042524    0.021812   -0.059457
 70   42.465012   -0.000047   -0.000015    0.031093   -0.005366   -0.112094
 71   42.458099    0.000021    0.000000    0.023060   -0.037980   -0.042564
 72   42.267853   -0.000072   -0.000021    0.011717   -0.101747    0.001415
 73   42.505981    0.000061   -0.000027    0.001705   -0.065274   -0.000669
 74   42.233154    0.000015   -0.000023   -0.006776   -0.038921   -0.010472
 75   42.352203   -0.000031   -0.000008    0.001219   -0.043758   -0.026530
 76   42.391724   -0.000031   -0.000015    0.009776   -0.075263   -0.042638
 77   42.497559    0.000038   -0.000008    0.015668   -0.126230   -0.063853
 78   42.272644    0.000000   -0.000015    0.012025   -0.081520   -0.039908
 79   29.239317 -106.786285    1.740910   -0.002030   -0.364268   -1.489652
 80   42.375076   -0.000007   -0.000008   -0.005274    0.125919   -0.014310
 81   42.546051    0.000000    0.000000   -0.006462    0.174773   -0.027196
 82   42.234497    0.000009   -0.000005   -0.000578    0.148809   -0.009286
 83   42.465057    0.000003   -0.000008   -0.005330   -0.036020    0.062520
 84   42.458130   -0.000001    0.000003   -0.001601    0.002611    0.032606
 85   42.268036    0.000002    0.000000    0.002750    0.100883   -0.052102
 86   42.505981    0.000001    0.000011    0.012623    0.097326   -0.080381
 87   42.233032    0.000008    0.000015    0.001765    0.066624   -0.006663
 88   42.352325   -0.000004    0.000008   -0.024507    0.084828    0.072904
 89   42.391754   -0.000002    0.000031   -0.035384    0.108704    0.079728
 90   42.497559   -0.000011   -0.000015   -0.048890    0.116450    0.082075
 91   42.272552   -0.000046    0.000031   -0.028241    0.048529    0.038090
time 58
  0    0.000000    0.000000    0.000000    0.000000   -0.000000    0.000000
  1    0.000000    0.000000    0.000000    0.000000   -0.000000    0.000000
  2    0.000000   21.953423  -21.026371    0.292807   -1.456639    1.277877
  3   50.309216   -0.435479    0.000004   -0.000017    0.000000    0.135864
  4   30.891539   -0.000010    0.000000    0.000017    0.000000    0.034927
  5   34.635605    0.000007    0.000002   -0.000000   -0.000000    0.155435
  6   30.584282    0.000021    0.000002   -0.000000   -0.000000    0.242415
  7   31.520203    0.000000    0.000002   -0.000000   -0.000000    0.300567
  8   34.241180  -28.000023  -41.878006    1.247404    0.809266    0.688141
  9   34.241135   23.441803  -41.878105   -0.531096    0.580657    1.443515
 10   35.246689  -52.543083    1.319138    0.144617    0.300261    0.217251
 11   35.246552   52.726311    1.318926    0.327383   -0.058135    1.499951
 12   34.830032  -24.891937   45.588608   -0.707227   -0.311679    0.373392
 13   34.885788   27.636581   43.767830    1.314030   -0.509186    1.035048
 14   29.239315  -51.573349   94.292953    0.917280   -0.884826   -1.663053
 15   42.375076    0.000005   -0.000010   -0.106607    0.019952   -0.031395
 16   42.546097    0.000021   -0.000001   -0.055976    0.031670   -0.041130
 17   42.234451    0.000000    0.000009   -0.027313    0.060474   -0.076821
 18   42.464981    0.000031    0.000005   -0.026402    0.019552    0.012224
 19   42.458054   -0.000069   -0.000010   -0.037884    0.084743   -0.014363
 20   42.268036    0.000008    0.000004   -0.012967   -0.082985    0.051359
 21   42.505920    0.000011   -0.000013   -0.026207   -0.360688    0.183913
 22   42.233185    0.000008    0.000031   -0.025762   -0.299114    0.142671
 23   42.352325    0.000061    0.000015   -0.018263   -0.187955    0.113069
 24   42.391724   -0.000015    0.000031   -0.013073   -0.220265    0.164648
 25   42.497498    0.000076    0.000031   -0.003256   -0.219116    0.159636
 26   42.272720    0.000076    0.000031    0.014597   -0.163377    0.117047
 27   29.239334   55.382633   92.214973    0.226716   -1.100666    1.966911
 28   42.375107    0.000008    0.000009    0.043056   -0.041440   -0.022708
 29   42.546127   -0.000019    0.000017    0.030548   -0.065927   -0.022962
 30   42.234467    0.000063   -0.000017    0.021832   -0.032839   -0.015332
 31   42.465057   -0.000055   -0.000002    0.027919    0.118880    0.004281
 32   42.458084    0.000017    0.000007    0.028030    0.141352    0.015658
 33   42.267853   -0.000038   -0.000004    0.016426    0.017533   -0.030307
 34   42.506012    0.000036    0.000027    0.006038   -0.075785   -0.054798
 35   42.233124   -0.000046    0.000008   -0.008591   -0.046037   -0.030467
 36   42.352264   -0.000088    0.000005   -0.000450    0.026383   -0.027012
 37   42.391693    0.000057    0.000008   -0.002116    0.126616   -0.044995
 38   42.497650    0.000008   -0.000015   -0.022265    0.179760   -0.075142
 39   42.272583    0.000099    0.000076   -0.056085    0.231884   -0.100796
 40   29.239351  106.746666    1.740841    0.001919   -0.596801    1.693491
 41   42.375061   -0.000002   -0.000015   -0.029798    0.241699   -0.050107
 42   42.546127    0.000002   -0.000004   -0.014982    0.181273   -0.042828
 43   42.234467   -0.000008   -0.000009   -0.001627    0.134713   -0.009657
 44   42.465042    0.000000   -0.000008    0.000685    0.162469    0.018151
 45   42.458099   -0.000001    0.000000   -0.001053    0.123292    0.007924
 46   42.267944    0.000008    0.000008    0.001831   -0.079263   -0.007205
 47   42.505951   -0.000010   -0.000008    0.001550   -0.127528   -0.009080
 48   42.233093   -0.000002   -0.000019    0.000262   -0.073413   -0.006465
 49   42.352264   -0.000007    0.000001   -0.000565   -0.139489   -0.016363
 50   42.391693   -0.000006    0.000008   -0.005834   -0.247075   -0.030391
 51   42.497589   -0.000004    0.000000   -0.024066   -0.323904   -0.042800
 52   42.272675    0.000011    0.000000   -0.028538   -0.160881   -0.025829
 53   38.256458   50.706894  -91.431648   -0.598158    0.567198    1.479746
 54   42.375053   -0.000004    0.000000   -0.035375    0.150578    0.094040
 55   42.546066    0.000038    0.000011   -0.022097    0.160300    0.127186
 56   42.234528   -0.000014   -0.000010   -0.018306    0.178418    0.092493
 57   42.465042    0.000053   -0.000008   -0.013034    0.111809    0.067112
 58   42.458069    0.000042   -0.000023   -0.019641    0.043356    0.008103
 59   42.267975   -0.000065    0.000023    0.001762    0.014115   -0.082489
 60   42.505890    0.000082    0.000023    0.033372    0.081510   -0.186796
 61   42.233154   -0.000046   -0.000015    0.021559   -0.059026   -0.123376
 62   42.352295    0.000015   -0.000008    0.011047   -0.283972   -0.000929
 63   42.391663    0.000053   -0.000042    0.022180   -0.197984   -0.035186
 64   42.497620    0.000076   -0.000061    0.026033   -0.131573   -0.023150
 65   42.272766    0.000031   -0.000015    0.006144   -0.033831   -0.005071
 66   35.642998  -56.044865  -92.005524   -0.515674    0.726651   -1.152532
 67   42.375107    0.000013   -0.000004    0.104643    0.222377    0.136792
 68   42.546112   -0.000009    0.000024    0.072853    0.196190    0.118692
 69   42.234451    0.000025   -0.000008    0.042369    0.023781   -0.058784
 70   42.465012   -0.000029   -0.000008    0.030745    0.001823   -0.105150
 71   42.458069    0.000013    0.000004    0.023057   -0.036966   -0.041531
 72   42.267914   -0.000061   -0.000015    0.011668   -0.105447   -0.003736
 73   42.505951    0.000069   -0.000010    0.001795   -0.068807   -0.003982
 74   42.233185    0.000000   -0.000023   -0.006693   -0.040374   -0.011671
 75   42.352173   -0.000061    0.000034    0.001279   -0.044003   -0.026556
 76   42.391876    0.000008    0.000015    0.009894   -0.075593   -0.042768
 77   42.497620    0.000038    0.000000    0.015910   -0.126742   -0.064359
 78   42.272644   -0.000023    0.000015    0.012151   -0.081451   -0.040010
 79   29.239315 -106.786270    1.740906   -0.002008   -0.364997   -1.487639
 80   42.375122   -0.000000   -0.000008   -0.005538    0.126168   -0.014999
 81   42.546082    0.000009    0.000004   -0.006694    0.174298   -0.028117
 82   42.234528   -0.000005   -0.000005   -0.000616    0.147683   -0.009740
 83   42.465042    0.000002    0.000000   -0.005221   -0.034326    0.062766
 84   42.458038    0.000007   -0.000002   -0.001593    0.003575    0.032694
 85   42.267914    0.000000    0.000004    0.002792    0.100626   -0.052309
 86   42.505981   -0.000002    0.000023    0.012730    0.096743   -0.080901
 87   42.233032    0.000008    0.000000    0.001757    0.067527   -0.006636
 88   42.352264   -0.000004    0.000015   -0.024756    0.087555    0.073399
 89   42.391724   -0.000009    0.000031   -0.035701    0.111152    0.079554
 90   42.497620   -0.000011    0.000031   -0.049328    0.118002    0.081526
 91   42.272552    0.000008    0.000000   -0.028369    0.048856    0.037646
time 59
  0    0.000000    0.000000    0.000000    0.000000   -0.000000    0.000000
  1    0.000000    0.000000    0.000000    0.000000   -0.000000    0.000000
  2    0.000000   21.953423  -21.026371    0.302351   -1.458904    1.268336
  3   50.309204   -0.435479    0.000002   -0.000017    0.000000    0.093393
  4   30.891537   -0.000010   -0.000002    0.000017    0.000000   -0.072593
  5   34.635593    0.000007    0.000000   -0.000000    0.000000    0.088744
  6   30.584282    0.000017    0.000002   -0.000000    0.000000    0.208553
  7   31.520203    0.000004   -0.000002   -0.000000   -0.000000    0.301978
  8   34.241211  -28.000031  -41.877998    1.218652    0.795306    0.631823
  9   34.241135   23.441803  -41.878098   -0.562187    0.586472    1.390781
 10   35.246704  -52.543091    1.319139    0.128741    0.278877    0.184752
 11   35.246552   52.726318    1.318922    0.302741   -0.049197    1.470739
 12   34.830032  -24.891922   45.588600   -0.729168   -0.329216    0.357688
 13   34.885773   27.636593   43.767815    1.284379   -0.508441    1.027188
 14   29.239304  -51.573364   94.292961    0.911902   -0.887881   -1.656126
 15   42.375076   -0.000012   -0.000012   -0.106449    0.020569   -0.032753
 16   42.546066    0.000034    0.000003   -0.055861    0.032781   -0.042957
 17   42.234497    0.000006   -0.000003   -0.027074    0.063098   -0.080522
 18   42.464981    0.000019    0.000000   -0.026384    0.018854    0.012284
 19   42.458099   -0.000076   -0.000023   -0.038030    0.083400   -0.013363
 20   42.267914    0.000027   -0.000015   -0.013009   -0.083202    0.051725
 21   42.505920   -0.000015   -0.000015   -0.026561   -0.361875    0.185528
 22   42.233093   -0.000004   -0.000023   -0.026054   -0.300339    0.144123
 23   42.352295    0.000053    0.000015   -0.018210   -0.187798    0.113403
 24   42.391693   -0.000015   -0.000031   -0.012774   -0.219626    0.164765
 25   42.497498    0.000061   -0.000031   -0.002515   -0.218831    0.160164
 26   42.272766    0.000061    0.000000    0.016466   -0.163144    0.117588
 27   29.239334   55.382603   92.214920    0.238143   -1.100562    1.955323
 28   42.375061   -0.000004   -0.000014    0.043204   -0.040951   -0.021800
 29   42.546097   -0.000015    0.000005    0.030724   -0.065148   -0.022597
 30   42.234451    0.000053   -0.000004    0.022053   -0.031909   -0.014620
 31   42.465027   -0.000034    0.000004    0.028158    0.117137    0.007260
 32   42.458069    0.000004    0.000018    0.028596    0.135887    0.019216
 33   42.267914   -0.000027    0.000015    0.016369    0.016837   -0.031187
 34   42.506042    0.000051   -0.000008    0.005632   -0.072247   -0.058058
 35   42.233063   -0.000027    0.000008   -0.008644   -0.043580   -0.031947
 36   42.352203   -0.000109   -0.000001   -0.000479    0.027445   -0.027801
 37   42.391663    0.000069    0.000004   -0.002314    0.127208   -0.045720
 38   42.497620    0.000008    0.000008   -0.022778    0.181140   -0.076647
 39   42.272644    0.000130   -0.000015   -0.057481    0.234210   -0.103016
 40   29.239338  106.746620    1.740833    0.001896   -0.599825    1.693758
 41   42.375053    0.000008   -0.000008   -0.030082    0.242248   -0.050311
 42   42.546082   -0.000010    0.000000   -0.015112    0.181333   -0.042891
 43   42.234436   -0.000003   -0.000010   -0.001648    0.136527   -0.009645
 44   42.465088    0.000001   -0.000006    0.000669    0.167880    0.017487
 45   42.458038    0.000008    0.000004   -0.001004    0.123836    0.007248
 46   42.267914   -0.000010    0.000008    0.001549   -0.084519   -0.005940
 47   42.505890    0.000000    0.000015    0.002087   -0.128465   -0.012269
 48   42.233185   -0.000015   -0.000004    0.000174   -0.074800   -0.004408
 49   42.352234    0.000013    0.000003    0.000126   -0.135766    0.004358
 50   42.391724   -0.000001    0.000000    0.001523   -0.224379    0.008983
 51   42.497620   -0.000010   -0.000015    0.004292   -0.284274    0.009403
 52   42.272797    0.000008    0.000031    0.005797   -0.169156    0.006459
 53   38.025726   50.706909  -91.430534   -0.597354    0.562680    1.481709
 54   42.375107   -0.000017    0.000008   -0.034799    0.153676    0.096640
 55   42.546036    0.000022    0.000011   -0.022765    0.164064    0.125316
 56   42.234512   -0.000052    0.000004   -0.017575    0.174766    0.102658
 57   42.465027    0.000046    0.000019   -0.014507    0.110216    0.082187
 58   42.458038    0.000031    0.000011   -0.020026    0.043159    0.011314
 59   42.267944   -0.000099   -0.000015    0.003852    0.013155   -0.089225
 60   42.505890    0.000092    0.000031    0.033264    0.072912   -0.175599
 61   42.233154   -0.000053    0.000000    0.023444   -0.059832   -0.137295
 62   42.352264   -0.000031    0.000000    0.015217   -0.244870   -0.067596
 63   42.391724    0.000061    0.000034    0.011254   -0.168067   -0.082043
 64   42.497589   -0.000031    0.000000    0.012049   -0.113644   -0.056650
 65   42.272736    0.000015    0.000015    0.001442   -0.030095   -0.014605
 66   35.421356  -56.044838  -91.985550   -0.518691    0.730352   -1.154264
 67   42.375076   -0.000010    0.000008    0.104176    0.219388    0.134466
 68   42.546082   -0.000008    0.000013    0.072077    0.192557    0.115881
 69   42.234451    0.000019   -0.000027    0.042179    0.026182   -0.057698
 70   42.464996   -0.000050    0.000000    0.030440    0.009288   -0.097921
 71   42.458008    0.000008    0.000000    0.023058   -0.035928   -0.040516
 72   42.267914   -0.000046   -0.000015    0.011637   -0.109252   -0.008894
 73   42.505951    0.000088   -0.000006    0.001897   -0.072508   -0.007398
 74   42.233063    0.000011   -0.000031   -0.006603   -0.041961   -0.012966
 75   42.352203   -0.000019    0.000023    0.001348   -0.044454   -0.026737
 76   42.391693   -0.000019   -0.000046    0.010047   -0.076304   -0.043156
 77   42.497559    0.000023    0.000000    0.016235   -0.127721   -0.065199
 78   42.272644   -0.000008   -0.000015    0.012317   -0.081549   -0.040245
 79   29.239302 -106.786263    1.740913   -0.001982   -0.365775   -1.485720
 80   42.375099   -0.000001   -0.000004   -0.005801    0.126399   -0.015678
 81   42.546051   -0.000007   -0.000004   -0.006923    0.173774   -0.029018
 82   42.234497    0.000002   -0.000001   -0.000656    0.146565   -0.010170
 83   42.465027    0.000001    0.000010   -0.005103   -0.032537    0.063003
 84   42.458008   -0.000002    0.000012   -0.001585    0.004575    0.032790
 85   42.267914   -0.000005    0.000008    0.002835    0.100359   -0.052508
 86   42.506042   -0.000008    0.000034    0.012841    0.096158   -0.081439
 87   42.233002   -0.000004    0.000015    0.001749    0.068479   -0.006610
 88   42.352295    0.000008    0.000008   -0.025017    0.090371    0.073908
 89   42.391754   -0.000010    0.000031   -0.036029    0.113627    0.079364
 90   42.497559   -0.000011    0.000015   -0.049768    0.119513    0.080949
 91   42.272522   -0.000031    0.000061   -0.028482    0.049134    0.037178
time 60
  0    0.000000    0.000000    0.000000    0.000000   -0.000000    0.000000
  1    0.000000    0.000000    0.000000    0.000000   -0.000000    0.000000
  2    0.000000   21.953423  -21.026371    0.311959   -1.461182    1.258729
  3   50.309216   -0.435479    0.000002   -0.000017   -0.000000    0.052534
  4   30.891537   -0.000011   -0.000002    0.000017    0.000000   -0.152270
  5   34.635593    0.000008    0.000000   -0.000000    0.000000    0.026368
  6   30.584282    0.000019   -0.000006   -0.000000   -0.000000    0.159160
  7   31.520210    0.000000   -0.000002   -0.000000    0.000000    0.302179
  8   34.241196  -28.000038  -41.878006    1.145204    0.759438    0.497526
  9   34.241119   23.441795  -41.878098   -0.641716    0.600810    1.264062
 10   35.246704  -52.543083    1.319139    0.088324    0.224521    0.107255
 11   35.246536   52.726303    1.318924    0.240039   -0.026104    1.401081
 12   34.830017  -24.891930   45.588615   -0.785185   -0.373571    0.320242
 13   34.885773   27.636581   43.767830    1.208579   -0.508244    1.008444
 14   29.239319  -51.573353   94.292953    0.906561   -0.890892   -1.649184
 15   42.375069    0.000003   -0.000002   -0.106292    0.021182   -0.034104
 16   42.546082    0.000034    0.000010   -0.055749    0.033886   -0.044782
 17   42.234421    0.000023   -0.000016   -0.026837    0.065723   -0.084242
 18   42.464981    0.000027    0.000000   -0.026360    0.018179    0.012314
 19   42.458069   -0.000076    0.000004   -0.038182    0.082049   -0.012354
 20   42.267944    0.000038    0.000011   -0.013054   -0.083380    0.052085
 21   42.505829    0.000011   -0.000019   -0.026926   -0.363040    0.187190
 22   42.233154    0.000004    0.000038   -0.026355   -0.301598    0.145638
 23   42.352203    0.000031   -0.000015   -0.018154   -0.187633    0.113754
 24   42.391724   -0.000046   -0.000031   -0.012461   -0.218962    0.164894
 25   42.497528    0.000046    0.000031   -0.001733   -0.218533    0.160721
 26   42.272766    0.000061   -0.000031    0.018452   -0.162898    0.118159
 27   29.239330   55.382629   92.214973    0.250014   -1.099961    1.943203
 28   42.375092    0.000000   -0.000005    0.043366   -0.040577   -0.020794
 29   42.546127   -0.000019   -0.000002    0.030916   -0.064414   -0.022161
 30   42.234497    0.000069    0.000013    0.022278   -0.031082   -0.013787
 31   42.465042   -0.000061    0.000008    0.028408    0.115011    0.010503
 32   42.458099    0.000002    0.000002    0.029201    0.130177    0.022978
 33   42.267853   -0.000019    0.000023    0.016285    0.016308   -0.032168
 34   42.506012    0.000063    0.000004    0.005184   -0.068478   -0.061538
 35   42.233063   -0.000038    0.000019   -0.008704   -0.041067   -0.033510
 36   42.352295   -0.000105   -0.000008   -0.000511    0.028573   -0.028652
 37   42.391663    0.000034    0.000002   -0.002532    0.127937   -0.046550
 38   42.497711    0.000023   -0.000008   -0.023357    0.182762   -0.078346
 39   42.272644    0.000114   -0.000015   -0.059025    0.236755   -0.105437
 40   29.239349  106.746651    1.740841    0.001870   -0.603381    1.693941
 41   42.375069    0.000000   -0.000015   -0.030293    0.242345   -0.050330
 42   42.546112   -0.000008    0.000000   -0.015270    0.181071   -0.042909
 43   42.234482    0.000008   -0.000005   -0.001707    0.138453   -0.009778
 44   42.465057    0.000007   -0.000010    0.000686    0.173088    0.017133
 45   42.458160   -0.000006    0.000000   -0.000998    0.126550    0.006993
 46   42.267853    0.000000   -0.000008    0.001424   -0.086819   -0.005311
 47   42.505859   -0.000001    0.000008    0.002327   -0.131763   -0.013393
 48   42.233185   -0.000007   -0.000010    0.000138   -0.076664   -0.003477
 49   42.352173    0.000007    0.000010    0.000409   -0.134709    0.011948
 50   42.391754   -0.000008   -0.000008    0.003872   -0.214667    0.021771
 51   42.497498   -0.000006    0.000000    0.011267   -0.263262    0.024542
 52   42.272705   -0.000004    0.000061    0.014793   -0.161515    0.017223
 53   37.792938   50.706913  -91.429466   -0.596742    0.558141    1.483518
 54   42.375092   -0.000013   -0.000008   -0.034189    0.156801    0.099326
 55   42.546051    0.000031    0.000015   -0.022777    0.166677    0.125928
 56   42.234528   -0.000023   -0.000001   -0.017216    0.173829    0.107257
 57   42.464966    0.000038    0.000046   -0.014708    0.112328    0.087807
 58   42.458038    0.000038    0.000019   -0.020255    0.043370    0.013540
 59   42.267975   -0.000061    0.000015    0.003847    0.009295   -0.088015
 60   42.505859    0.000103    0.000023    0.031039    0.059243   -0.152229
 61   42.233215   -0.000074    0.000031    0.025701   -0.061419   -0.151419
 62   42.352295   -0.000015    0.000015    0.016211   -0.211539   -0.129477
 63   42.391754    0.000046    0.000019   -0.000913   -0.138904   -0.118554
 64   42.497559    0.000092   -0.000023   -0.002674   -0.093304   -0.082282
 65   42.272675    0.000000   -0.000031   -0.003618   -0.025450   -0.022656
 66   35.202744  -56.044865  -91.965881   -0.521786    0.734159   -1.156114
 67   42.375114    0.000004    0.000000    0.103675    0.216188    0.131895
 68   42.546112   -0.000001    0.000027    0.071242    0.188628    0.112781
 69   42.234497    0.000019   -0.000004    0.041954    0.029025   -0.056186
 70   42.465012   -0.000050   -0.000019    0.030189    0.016995   -0.090438
 71   42.458099    0.000031    0.000004    0.023061   -0.034864   -0.039515
 72   42.267944   -0.000061    0.000000    0.011626   -0.113143   -0.014054
 73   42.506012    0.000053    0.000010    0.002014   -0.076382   -0.010920
 74   42.233154    0.000015   -0.000046   -0.006508   -0.043687   -0.014358
 75   42.352173   -0.000034   -0.000015    0.001427   -0.045108   -0.027071
 76   42.391785    0.000000   -0.000053    0.010237   -0.077388   -0.043798
 77   42.497559    0.000023    0.000008    0.016644   -0.129138   -0.066356
 78   42.272644    0.000031    0.000015    0.012523   -0.081799   -0.040601
 79   29.239315 -106.786270    1.740910   -0.001952   -0.366600   -1.483897
 80   42.375092    0.000007   -0.000011   -0.006061    0.126614   -0.016346
 81   42.546021    0.000000    0.000008   -0.007150    0.173201   -0.029894
 82   42.234512    0.000001   -0.000005   -0.000696    0.145454   -0.010577
 83   42.465118    0.000002    0.000006   -0.004977   -0.030665    0.063229
 84   42.458069   -0.000001    0.000000   -0.001577    0.005615    0.032893
 85   42.267944    0.000002    0.000010    0.002878    0.100084   -0.052704
 86   42.506012    0.000006    0.000023    0.012956    0.095569   -0.081993
 87   42.233093   -0.000008    0.000008    0.001740    0.069481   -0.006578
 88   42.352325   -0.000004    0.000023   -0.025292    0.093274    0.074432
 89   42.391663    0.000010   -0.000015   -0.036366    0.116122    0.079158
 90   42.497620   -0.000004   -0.000015   -0.050207    0.120980    0.080341
 91   42.272552   -0.000046    0.000061   -0.028579    0.049375    0.036690
time 61
  0    0.000000    0.000000    0.000000    0.000000   -0.000000    0.000000
  1    0.000000    0.000000    0.000000    0.000000   -0.000000    0.000000
  2    0.000000   21.953423  -21.026371    0.321631   -1.463478    1.249061
  3   50.309219   -0.435479    0.000004   -0.000017    0.000000    0.015462
  4   30.891542   -0.000011    0.000002    0.003040    0.019703   -0.200926
  5   34.635601    0.000009    0.000004    0.004071    0.013613   -0.036537
  6   30.584290    0.000018    0.000002    0.003941   -0.007499    0.081534
  7   31.520195    0.000000    0.000006   -0.001782   -0.015635    0.247178
  8   34.241180  -28.000031  -41.878002    1.046276    0.710679    0.337236
  9   34.241104   23.441801  -41.878094   -0.749072    0.619009    1.110577
 10   35.246704  -52.543087    1.319136    0.034185    0.151886    0.014759
 11   35.246536   52.726311    1.318926    0.156113    0.005565    1.317940
 12   34.830017  -24.891926   45.588600   -0.860566   -0.432363    0.275547
 13   34.885788   27.636589   43.767822    1.106362   -0.508228    0.986072
 14   29.239330  -51.573345   94.292969    0.901259   -0.893855   -1.642230
 15   42.375076    0.000004    0.000003   -0.106134    0.021789   -0.035450
 16   42.546066    0.000038    0.000006   -0.055638    0.034980   -0.046598
 17   42.234482    0.000004    0.000004   -0.026600    0.068343   -0.087976
 18   42.464981    0.000031    0.000010   -0.026326    0.017529    0.012305
 19   42.458054   -0.000061   -0.000008   -0.038341    0.080694   -0.011339
 20   42.267944    0.000031    0.000023   -0.013103   -0.083516    0.052437
 21   42.505890    0.000027    0.000000   -0.027295   -0.364172    0.188890
 22   42.233215    0.000019   -0.000023   -0.026666   -0.302893    0.147218
 23   42.352234    0.000053    0.000015   -0.018093   -0.187461    0.114119
 24   42.391724    0.000015   -0.000031   -0.012138   -0.218270    0.165032
 25   42.497559    0.000061   -0.000031   -0.000906   -0.218223    0.161312
 26   42.272797    0.000122   -0.000031    0.020554   -0.162637    0.118762
 27   29.239344   55.382645   92.214966    0.262277   -1.098876    1.930612
 28   42.375076   -0.000002   -0.000014    0.043540   -0.040313   -0.019692
 29   42.546112   -0.000015    0.000010    0.031123   -0.063722   -0.021656
 30   42.234436    0.000053   -0.000004    0.022505   -0.030364   -0.012835
 31   42.465042   -0.000053    0.000008    0.028666    0.112507    0.014003
 32   42.458099   -0.000011   -0.000024    0.029837    0.124250    0.026924
 33   42.267822   -0.000038   -0.000008    0.016173    0.015952   -0.033252
 34   42.506012    0.000051    0.000000    0.004694   -0.064495   -0.065224
 35   42.233093   -0.000045    0.000025   -0.008772   -0.038501   -0.035150
 36   42.352264   -0.000099    0.000016   -0.000546    0.029762   -0.029564
 37   42.391693    0.000061    0.000019   -0.002768    0.128800   -0.047477
 38   42.497650    0.000027   -0.000038   -0.024001    0.184609   -0.080229
 39   42.272705    0.000130    0.000015   -0.060717    0.239499   -0.108045
 40   29.239357  106.746635    1.740849    0.001840   -0.607276    1.694007
 41   42.375061    0.000000   -0.000008   -0.030441    0.242162   -0.050210
 42   42.546112    0.000008    0.000011   -0.015442    0.180596   -0.042887
 43   42.234497   -0.000003    0.000005   -0.001787    0.140363   -0.009983
 44   42.465088   -0.000008    0.000012    0.000725    0.178040    0.017001
 45   42.458099    0.000008    0.000027   -0.001021    0.130812    0.007012
 46   42.267944   -0.000015    0.000015    0.001358   -0.086981   -0.004930
 47   42.505951    0.000007    0.000038    0.002315   -0.136607   -0.012838
 48   42.233124    0.000007    0.000006    0.000139   -0.078836   -0.003354
 49   42.352264   -0.000009    0.000017    0.000402   -0.135364    0.011555
 50   42.391724    0.000007    0.000000    0.003721   -0.212880    0.020785
 51   42.497528   -0.000010    0.000000    0.010572   -0.258808    0.023157
 52   42.272644    0.000008    0.000031    0.013690   -0.158628    0.016186
 53   37.558319   50.706921  -91.428314   -0.596323    0.553582    1.485173
 54   42.375099   -0.000017    0.000015   -0.033541    0.159947    0.102102
 55   42.546097    0.000033    0.000011   -0.022346    0.168526    0.128214
 56   42.234558   -0.000015   -0.000008   -0.017059    0.174666    0.108177
 57   42.465042    0.000057    0.000004   -0.013926    0.116801    0.087006
 58   42.458008    0.000034   -0.000008   -0.020325    0.043964    0.015056
 59   42.268036   -0.000107    0.000000    0.002299    0.003913   -0.081479
 60   42.505951    0.000122    0.000000    0.026972    0.044329   -0.122090
 61   42.233185   -0.000059    0.000015    0.028499   -0.063969   -0.166563
 62   42.352356    0.000015    0.000023    0.015202   -0.184013   -0.184206
 63   42.391724    0.000092   -0.000011   -0.011700   -0.113245   -0.142293
 64   42.497589    0.000046   -0.000008   -0.014465   -0.074775   -0.098437
 65   42.272705    0.000061    0.000046   -0.007863   -0.021128   -0.028797
 66   34.987175  -56.044861  -91.946335   -0.524962    0.738069   -1.158083
 67   42.375107   -0.000002   -0.000004    0.103141    0.212770    0.129078
 68   42.546082   -0.000004    0.000006    0.070355    0.184413    0.109404
 69   42.234436    0.000036   -0.000031    0.041701    0.032324   -0.054234
 70   42.464996   -0.000038   -0.000027    0.029998    0.024915   -0.082730
 71   42.458130    0.000018    0.000004    0.023070   -0.033768   -0.038527
 72   42.267944   -0.000059   -0.000015    0.011635   -0.117105   -0.019208
 73   42.505951    0.000061    0.000019    0.002146   -0.080431   -0.014549
 74   42.233093    0.000019    0.000011   -0.006405   -0.045554   -0.015848
 75   42.352112   -0.000031    0.000004    0.001517   -0.045959   -0.027555
 76   42.391785    0.000000    0.000023    0.010466   -0.078836   -0.044693
 77   42.497620    0.000053    0.000000    0.017132   -0.130976   -0.067813
 78   42.272705    0.000015    0.000000    0.012768   -0.082186   -0.041071
 79   29.239319 -106.786278    1.740900   -0.001919   -0.367467   -1.482173
 80   42.375099   -0.000000    0.000004   -0.006318    0.126811   -0.017002
 81   42.546036    0.000000   -0.000011   -0.007373    0.172583   -0.030745
 82   42.234512   -0.000005   -0.000008   -0.000736    0.144354   -0.010961
 83   42.465073    0.000004   -0.000011   -0.004843   -0.028710    0.063443
 84   42.458069    0.000006   -0.000008   -0.001568    0.006688    0.033002
 85   42.267914   -0.000007   -0.000015    0.002923    0.099803   -0.052893
 86   42.505920   -0.000010    0.000011    0.013075    0.094978   -0.082564
 87   42.233032    0.000004   -0.000015    0.001730    0.070533   -0.006545
 88   42.352386    0.000011    0.000015   -0.025578    0.096262    0.074967
 89   42.391754    0.000001   -0.000015   -0.036711    0.118628    0.078932
 90   42.497437   -0.000004   -0.000031   -0.050644    0.122396    0.079705
 91   42.272644   -0.000031   -0.000061   -0.028666    0.049583    0.036189
time 62
  0    0.000000    0.000000    0.000000    0.000000   -0.000000    0.000000
  1    0.000000    0.000000    0.000000    0.000000   -0.000000    0.000000
  2    0.000000   21.953423  -21.026371    0.331358   -1.465786    1.239335
  3   50.309212   -0.435479    0.000004    0.001345    0.000182   -0.023177
  4   30.891544   -0.000011    0.000000    0.010655    0.067744   -0.236005
  5   34.635605    0.000010   -0.000002    0.014402    0.047472   -0.106931
  6   30.584297    0.000013    0.000000    0.013992   -0.025382   -0.022582
  7   31.520195    0.000002    0.000000   -0.006032   -0.052917    0.113045
  8   34.241196  -28.000042  -41.878002    0.941082    0.658044    0.202938
  9   34.241135   23.441807  -41.878094   -0.863639    0.636407    0.977550
 10   35.246719  -52.543098    1.319138   -0.022858    0.075665   -0.062738
 11   35.246567   52.726326    1.318924    0.067799    0.040228    1.248282
 12   34.830048  -24.891926   45.588608   -0.940599   -0.493210    0.238101
 13   34.885803   27.636597   43.767822    0.997460   -0.508031    0.967328
 14   29.239323  -51.573353   94.292953    0.896005   -0.896769   -1.635273
 15   42.375061    0.000001   -0.000007   -0.105975    0.022390   -0.036789
 16   42.546066    0.000036    0.000009   -0.055530    0.036062   -0.048407
 17   42.234512   -0.000008   -0.000001   -0.026365    0.070954   -0.091721
 18   42.464981    0.000027    0.000019   -0.026285    0.016908    0.012261
 19   42.458160   -0.000084    0.000000   -0.038504    0.079329   -0.010314
 20   42.267944    0.000034   -0.000008   -0.013157   -0.083611    0.052782
 21   42.505890    0.000019   -0.000002   -0.027673   -0.365280    0.190636
 22   42.233154   -0.000004   -0.000023   -0.026983   -0.304217    0.148859
 23   42.352264    0.000031    0.000000   -0.018030   -0.187278    0.114502
 24   42.391663    0.000000   -0.000031   -0.011799   -0.217552    0.165180
 25   42.497467   -0.000015    0.000031   -0.000039   -0.217899    0.161934
 26   42.272812    0.000107    0.000000    0.022778   -0.162363    0.119394
 27   29.239340   55.382637   92.214981    0.274874   -1.097317    1.917611
 28   42.375076   -0.000004   -0.000002    0.043723   -0.040153   -0.018500
 29   42.546112   -0.000023    0.000017    0.031344   -0.063067   -0.021084
 30   42.234467    0.000057   -0.000002    0.022734   -0.029759   -0.011765
 31   42.465027   -0.000048    0.000006    0.028930    0.109633    0.017751
 32   42.458069   -0.000006    0.000011    0.030499    0.118128    0.031035
 33   42.267944   -0.000011    0.000015    0.016033    0.015770   -0.034437
 34   42.506042    0.000055    0.000011    0.004161   -0.060308   -0.069103
 35   42.233093   -0.000031    0.000008   -0.008847   -0.035895   -0.036862
 36   42.352234   -0.000093    0.000008   -0.000586    0.031003   -0.030533
 37   42.391754    0.000038    0.000027   -0.003019    0.129782   -0.048495
 38   42.497620    0.000019   -0.000046   -0.024708    0.186672   -0.082290
 39   42.272705    0.000130    0.000000   -0.062557    0.242433   -0.110830
 40   29.239359  106.746696    1.740835    0.001808   -0.611180    1.693905
 41   42.375076    0.000000   -0.000015   -0.030556    0.242007   -0.050034
 42   42.546112    0.000000   -0.000004   -0.015595    0.180120   -0.042817
 43   42.234482    0.000001   -0.000010   -0.001866    0.142162   -0.010169
 44   42.465073    0.000001   -0.000005    0.000768    0.182897    0.016899
 45   42.458069    0.000001   -0.000004   -0.001048    0.135232    0.007061
 46   42.267853    0.000000   -0.000008    0.001298   -0.086993   -0.004588
 47   42.505890    0.000009   -0.000015    0.002308   -0.141454   -0.012345
 48   42.233154   -0.000006   -0.000010    0.000140   -0.081015   -0.003253
 49   42.352234    0.000008    0.000000    0.000393   -0.136010    0.011177
 50   42.391663    0.000002   -0.000008    0.003575   -0.211179    0.019852
 51   42.497559    0.000000   -0.000015    0.009930   -0.254630    0.021870
 52   42.272644    0.000008   -0.000061    0.012686   -0.155848    0.015219
 53   37.322121   50.706924  -91.427246   -0.596098    0.548998    1.486675
 54   42.375092   -0.000013    0.000000   -0.032854    0.163118    0.104971
 55   42.546082    0.000035    0.000019   -0.021904    0.170369    0.130548
 56   42.234573   -0.000018   -0.000003   -0.016907    0.175421    0.109111
 57   42.465027    0.000046    0.000015   -0.013147    0.121050    0.086251
 58   42.458069    0.000038    0.000008   -0.020418    0.044592    0.016652
 59   42.268097   -0.000092    0.000046    0.000540   -0.001105   -0.074488
 60   42.505890    0.000076    0.000023    0.021968    0.031179   -0.092003
 61   42.233185   -0.000058    0.000046    0.032147   -0.065656   -0.185348
 62   42.352356   -0.000008    0.000015    0.012808   -0.159337   -0.231696
 63   42.391724    0.000046    0.000015   -0.020324   -0.090920   -0.156048
 64   42.497620    0.000061    0.000019   -0.022959   -0.059092   -0.108283
 65   42.272675    0.000031    0.000038   -0.011246   -0.017368   -0.033807
 66   34.774712  -56.044853  -91.926971   -0.528221    0.742077   -1.160178
 67   42.375084   -0.000002   -0.000008    0.102578    0.209141    0.126024
 68   42.546097   -0.000007    0.000010    0.069422    0.179916    0.105759
 69   42.234451    0.000034   -0.000025    0.041422    0.036079   -0.051838
 70   42.465012   -0.000029    0.000008    0.029872    0.033020   -0.074828
 71   42.458069    0.000034   -0.000027    0.023083   -0.032642   -0.037545
 72   42.267883   -0.000057    0.000004    0.011664   -0.121121   -0.024347
 73   42.505981    0.000061   -0.000021    0.002296   -0.084661   -0.018291
 74   42.233185    0.000000   -0.000038   -0.006292   -0.047560   -0.017438
 75   42.352142   -0.000023   -0.000008    0.001618   -0.047007   -0.028187
 76   42.391693    0.000000   -0.000046    0.010734   -0.080649   -0.045843
 77   42.497559    0.000053   -0.000015    0.017704   -0.133207   -0.069559
 78   42.272705    0.000038    0.000031    0.013047   -0.082665   -0.041624
 79   29.239321 -106.786293    1.740906   -0.001883   -0.368378   -1.480552
 80   42.375084   -0.000001   -0.000004   -0.006572    0.126992   -0.017643
 81   42.546051    0.000002    0.000004   -0.007592    0.171920   -0.031567
 82   42.234528    0.000011   -0.000006   -0.000777    0.143266   -0.011319
 83   42.465134   -0.000010    0.000004   -0.004701   -0.026682    0.063644
 84   42.458038   -0.000002    0.000005   -0.001559    0.007792    0.033117
 85   42.268005    0.000002   -0.000004    0.002968    0.099513   -0.053075
 86   42.506012    0.000000    0.000031    0.013198    0.094386   -0.083150
 87   42.233063    0.000008   -0.000008    0.001720    0.071634   -0.006510
 88   42.352295    0.000015    0.000008   -0.025876    0.099330    0.075510
 89   42.391754    0.000014    0.000000   -0.037064    0.121139    0.078688
 90   42.497589   -0.000011    0.000000   -0.051076    0.123754    0.079042
 91   42.272552   -0.000031    0.000000   -0.028738    0.049749    0.035672
time 63
  0    0.000000    0.000000    0.000000    0.000000   -0.000000    0.000000
  1    0.000000    0.000000    0.000000    0.000000   -0.000000    0.000000
  2    0.000000   21.953423  -21.026371    0.341142   -1.468106    1.229555
  3   50.309212   -0.435479    0.000006    0.005040    0.000805   -0.068236
  4   30.891548   -0.000010    0.000000    0.020684    0.127525   -0.262274
  5   34.635597    0.000010    0.000002    0.028165    0.091105   -0.177549
  6   30.584290    0.000023    0.000000    0.027488   -0.046726   -0.134132
  7   31.520187    0.000008    0.000000   -0.011104   -0.097416   -0.053915
  8   34.241180  -28.000027  -41.877998    0.848836    0.610551    0.146620
  9   34.241104   23.441807  -41.878090   -0.964804    0.648342    0.912199
 10   35.246674  -52.543087    1.319141   -0.071986    0.010551   -0.095237
 11   35.246552   52.726322    1.318926   -0.008068    0.072305    1.219070
 12   34.830017  -24.891918   45.588608   -1.010574   -0.543728    0.222397
 13   34.885773   27.636600   43.767822    0.901606   -0.507286    0.959468
 14   29.239313  -51.573334   94.292946    0.890801   -0.899628   -1.628317
 15   42.375061    0.000010    0.000007   -0.105816    0.022982   -0.038118
 16   42.546082    0.000034    0.000020   -0.055423    0.037131   -0.050207
 17   42.234451    0.000025    0.000015   -0.026131    0.073552   -0.095473
 18   42.464981    0.000015    0.000011   -0.026235    0.016317    0.012178
 19   42.458069   -0.000057   -0.000004   -0.038673    0.077960   -0.009282
 20   42.267883    0.000046   -0.000023   -0.013215   -0.083663    0.053119
 21   42.505859    0.000011    0.000019   -0.028058   -0.366352    0.192419
 22   42.233124    0.000008   -0.000008   -0.027310   -0.305573    0.150564
 23   42.352264    0.000046    0.000015   -0.017962   -0.187086    0.114898
 24   42.391693    0.000000    0.000031   -0.011447   -0.216807    0.165335
 25   42.497467    0.000046    0.000000    0.000873   -0.217560    0.162587
 26   42.272797    0.000031   -0.000031    0.025118   -0.162075    0.120058
 27   29.239332   55.382587   92.214973    0.287751   -1.095296    1.904259
 28   42.375076    0.000002    0.000004    0.043914   -0.040092   -0.017222
 29   42.546082   -0.000015    0.000015    0.031577   -0.062448   -0.020447
 30   42.234467    0.000061    0.000004    0.022962   -0.029264   -0.010579
 31   42.465012   -0.000048    0.000011    0.029198    0.106397    0.021737
 32   42.458023    0.000002    0.000019    0.031179    0.111836    0.035293
 33   42.267853   -0.000034   -0.000019    0.015865    0.015763   -0.035720
 34   42.505951    0.000051    0.000000    0.003587   -0.055931   -0.073162
 35   42.233063   -0.000048    0.000006   -0.008929   -0.033257   -0.038638
 36   42.352173   -0.000132    0.000013   -0.000628    0.032291   -0.031555
 37   42.391663    0.000065   -0.000027   -0.003287    0.130875   -0.049604
 38   42.497650    0.000023   -0.000008   -0.025478    0.188941   -0.084518
 39   42.272552    0.000145    0.000031   -0.064540    0.245536   -0.113776
 40   29.239349  106.746643    1.740839    0.001772   -0.615096    1.693635
 41   42.375061    0.000000   -0.000008   -0.030637    0.241877   -0.049805
 42   42.546127   -0.000002    0.000000   -0.015730    0.179647   -0.042697
 43   42.234451   -0.000009   -0.000006   -0.001944    0.143848   -0.010338
 44   42.465118    0.000000   -0.000005    0.000812    0.187650    0.016823
 45   42.458038   -0.000010    0.000000   -0.001077    0.139821    0.007141
 46   42.267944   -0.000001    0.000008    0.001243   -0.086836   -0.004281
 47   42.505859    0.000000    0.000015    0.002308   -0.146316   -0.011913
 48   42.233154    0.000000   -0.000011    0.000143   -0.083202   -0.003172
 49   42.352325   -0.000008   -0.000006    0.000384   -0.136649    0.010809
 50   42.391632   -0.000001   -0.000015    0.003435   -0.209558    0.018972
 51   42.497711   -0.000004   -0.000015    0.009337   -0.250705    0.020672
 52   42.272705    0.000019   -0.000031    0.011773   -0.153178    0.014320
 53   37.084614   50.706902  -91.426064   -0.596068    0.544394    1.488022
 54   42.375092   -0.000015    0.000008   -0.032126    0.166308    0.107935
 55   42.546082    0.000024    0.000023   -0.021452    0.172207    0.132934
 56   42.234558   -0.000030    0.000016   -0.016757    0.176096    0.110056
 57   42.465057    0.000053    0.000011   -0.012364    0.125154    0.085549
 58   42.458069    0.000031   -0.000008   -0.020538    0.045226    0.018323
 59   42.267944   -0.000107    0.000031   -0.001470   -0.005962   -0.067078
 60   42.505951    0.000065    0.000015    0.016041    0.019306   -0.062485
 61   42.233215   -0.000067    0.000008    0.036542   -0.066807   -0.206856
 62   42.352295    0.000031    0.000015    0.009786   -0.138459   -0.271033
 63   42.391693    0.000061    0.000025   -0.026301   -0.073368   -0.162396
 64   42.497559    0.000000    0.000008   -0.028346   -0.047027   -0.113604
 65   42.272766   -0.000031    0.000011   -0.013666   -0.014222   -0.037514
 66   34.565411  -56.044849  -91.907829   -0.531565    0.746178   -1.162402
 67   42.375099    0.000004    0.000000    0.101990    0.205299    0.122736
 68   42.546097   -0.000007    0.000006    0.068448    0.175148    0.101861
 69   42.234467    0.000023   -0.000015    0.041121    0.040296   -0.048988
 70   42.464996   -0.000039   -0.000027    0.029819    0.041283   -0.066761
 71   42.458160    0.000031   -0.000027    0.023101   -0.031476   -0.036564
 72   42.267914   -0.000071   -0.000011    0.011713   -0.125168   -0.029461
 73   42.505859    0.000034   -0.000018    0.002465   -0.089078   -0.022150
 74   42.233063   -0.000015   -0.000038   -0.006172   -0.049711   -0.019128
 75   42.352203   -0.000053    0.000000    0.001733   -0.048250   -0.028968
 76   42.391876    0.000000   -0.000031    0.011042   -0.082818   -0.047244
 77   42.497559    0.000053   -0.000031    0.018363   -0.135808   -0.071580
 78   42.272583    0.000023   -0.000061    0.013360   -0.083240   -0.042257
 79   29.239311 -106.786224    1.740906   -0.001844   -0.369327   -1.479035
 80   42.375069   -0.000009    0.000000   -0.006822    0.127158   -0.018269
 81   42.546066    0.000008   -0.000004   -0.007807    0.171214   -0.032360
 82   42.234558    0.000003   -0.000004   -0.000818    0.142191   -0.011656
 83   42.465103    0.000010    0.000004   -0.004552   -0.024585    0.063831
 84   42.457977   -0.000018    0.000006   -0.001550    0.008927    0.033237
 85   42.267914   -0.000006    0.000000    0.003015    0.099219   -0.053253
 86   42.505890    0.000010    0.000023    0.013324    0.093791   -0.083750
 87   42.233002   -0.000011    0.000000    0.001709    0.072786   -0.006472
 88   42.352325    0.000011    0.000008   -0.026185    0.102477    0.076063
 89   42.391663    0.000001    0.000000   -0.037423    0.123647    0.078421
 90   42.497589   -0.000004   -0.000015   -0.051501    0.125052    0.078351
 91   42.272522   -0.000023    0.000092   -0.028796    0.049878    0.035143
time 64
  0    0.000000    0.000000    0.000000    0.000000   -0.000000    0.000000
  1    0.000000    0.000000    0.000000    0.000000   -0.000000    0.000000
  2    0.000000   21.953423  -21.026371    0.350972   -1.470439    1.219726
  3   50.309212   -0.435479    0.000004    0.010481    0.001985   -0.116788
  4   30.891541   -0.000010    0.000000    0.030949    0.182446   -0.284496
  5   34.635601    0.000006   -0.000004    0.042535    0.134041   -0.241127
  6   30.584282    0.000015    0.000004    0.041769   -0.064609   -0.234064
  7   31.520187    0.000000   -0.000004   -0.015353   -0.134698   -0.207393
  8   34.241196  -28.000038  -41.878010    0.750497    0.564005    0.170262
  9   34.241119   23.441803  -41.878094   -1.076425    0.650892    0.906942
 10   35.246704  -52.543091    1.319136   -0.119552   -0.049580   -0.029592
 11   35.246552   52.726318    1.318935   -0.080457    0.111311    1.250269
 12   34.830017  -24.891930   45.588608   -1.084057   -0.582305    0.347096
 13   34.885773   27.636597   43.767826    0.797492   -0.493407    1.095906
 14   29.239319  -51.573338   94.292931    0.885654   -0.902433   -1.621372
 15   42.375076    0.000006   -0.000011   -0.105655    0.023565   -0.039437
 16   42.546097    0.000027   -0.000007   -0.055318    0.038184   -0.051995
 17   42.234467    0.000019    0.000012   -0.025898    0.076133   -0.099230
 18   42.465012    0.000034    0.000010   -0.026176    0.015758    0.012055
 19   42.458130   -0.000061    0.000017   -0.038848    0.076584   -0.008239
 20   42.267975    0.000019    0.000004   -0.013276   -0.083671    0.053445
 21   42.505920   -0.000023   -0.000021   -0.028450   -0.367388    0.194242
 22   42.233185   -0.000019    0.000008   -0.027644   -0.306956    0.152330
 23   42.352295    0.000069   -0.000015   -0.017891   -0.186887    0.115313
 24   42.391785   -0.000015    0.000031   -0.011083   -0.216037    0.165501
 25   42.497467    0.000015   -0.000061    0.001827   -0.217205    0.163270
 26   42.272812    0.000046   -0.000031    0.027582   -0.161773    0.120751
 27   29.239336   55.382633   92.214935    0.300852   -1.092826    1.890620
 28   42.375061   -0.000004    0.000002    0.044110   -0.040125   -0.015859
 29   42.546089   -0.000013    0.000014    0.031821   -0.061858   -0.019749
 30   42.234467    0.000051   -0.000004    0.023189   -0.028884   -0.009278
 31   42.465027   -0.000065    0.000008    0.029464    0.102810    0.025949
 32   42.458008    0.000015    0.000006    0.031873    0.105397    0.039677
 33   42.267853   -0.000042   -0.000015    0.015670    0.015925   -0.037093
 34   42.505951    0.000053   -0.000008    0.002970   -0.051374   -0.077389
 35   42.233063   -0.000042   -0.000002   -0.009018   -0.030595   -0.040478
 36   42.352173   -0.000105   -0.000018   -0.000672    0.033618   -0.032625
 37   42.391632    0.000008   -0.000019   -0.003569    0.132068   -0.050795
 38   42.497681    0.000027   -0.000008   -0.026308    0.191397   -0.086904
 39   42.272552    0.000092   -0.000015   -0.066670    0.248796   -0.116874
 40   29.239344  106.746674    1.740856    0.001733   -0.619023    1.693196
 41   42.375076    0.000000    0.000008   -0.030684    0.241774   -0.049521
 42   42.546097   -0.000008    0.000004   -0.015846    0.179180   -0.042529
 43   42.234482   -0.000010    0.000002   -0.002019    0.145414   -0.010489
 44   42.465073    0.000006    0.000007    0.000860    0.192293    0.016772
 45   42.458069   -0.000003    0.000023   -0.001110    0.144586    0.007252
 46   42.267975    0.000005    0.000023    0.001193   -0.086515   -0.004008
 47   42.505890   -0.000010    0.000023    0.002315   -0.151190   -0.011541
 48   42.233124   -0.000002    0.000008    0.000146   -0.085397   -0.003113
 49   42.352295   -0.000010    0.000023    0.000374   -0.137278    0.010455
 50   42.391663    0.000000    0.000008    0.003300   -0.208014    0.018144
 51   42.497711    0.000006    0.000015    0.008788   -0.247018    0.019558
 52   42.272766    0.000000   -0.000092    0.010940   -0.150593    0.013483
 53   36.846062   50.706879  -91.424896   -0.596233    0.539767    1.489215
 54   42.375084   -0.000011    0.000000   -0.031355    0.169518    0.110996
 55   42.546066    0.000031    0.000019   -0.020989    0.174034    0.135370
 56   42.234558   -0.000030    0.000008   -0.016612    0.176697    0.111014
 57   42.465027    0.000050    0.000019   -0.011563    0.129194    0.084910
 58   42.458130    0.000061   -0.000031   -0.020688    0.045836    0.020063
 59   42.268036   -0.000084    0.000000   -0.003769   -0.010882   -0.059312
 60   42.505920    0.000103    0.000023    0.009273    0.008235   -0.034187
 61   42.233185   -0.000061   -0.000008    0.041455   -0.067864   -0.229777
 62   42.352264    0.000008    0.000023    0.006667   -0.121731   -0.302278
 63   42.391724    0.000015   -0.000001   -0.030092   -0.060544   -0.164229
 64   42.497559    0.000031   -0.000013   -0.030728   -0.037340   -0.113078
 65   42.272675    0.000000   -0.000004   -0.017523   -0.013994   -0.047459
 66   34.359314  -56.044861  -91.888893   -0.534995    0.750366   -1.164759
 67   42.375084   -0.000008   -0.000008    0.101379    0.201244    0.119218
 68   42.546112    0.000002    0.000007    0.067440    0.170114    0.097719
 69   42.234451    0.000032   -0.000021    0.040806    0.044980   -0.045681
 70   42.465027   -0.000049    0.000008    0.029842    0.049676   -0.058556
 71   42.458099    0.000039   -0.000027    0.023123   -0.030269   -0.035578
 72   42.268005   -0.000074   -0.000042    0.011784   -0.129232   -0.034545
 73   42.506012    0.000061   -0.000000    0.002655   -0.093685   -0.026128
 74   42.233185    0.000011   -0.000031   -0.006040   -0.052012   -0.020925
 75   42.352203   -0.000046   -0.000015    0.001860   -0.049687   -0.029894
 76   42.391815    0.000000   -0.000031    0.011398   -0.085345   -0.048902
 77   42.497498    0.000061    0.000015    0.019110   -0.138758   -0.073858
 78   42.272705    0.000000    0.000000    0.013709   -0.083881   -0.042949
 79   29.239311 -106.786293    1.740887   -0.001802   -0.370314   -1.477624
 80   42.375069    0.000000   -0.000008   -0.007068    0.127307   -0.018878
 81   42.546051    0.000001    0.000000   -0.008017    0.170470   -0.033121
 82   42.234512   -0.000007   -0.000009   -0.000860    0.141133   -0.011967
 83   42.465088    0.000001    0.000000   -0.004396   -0.022424    0.064002
 84   42.458099    0.000007    0.000006   -0.001540    0.010090    0.033361
 85   42.267914    0.000007    0.000002    0.003061    0.098919   -0.053423
 86   42.505920   -0.000008    0.000008    0.013454    0.093196   -0.084364
 87   42.232971    0.000011   -0.000008    0.001698    0.073986   -0.006432
 88   42.352325    0.000004    0.000000   -0.026505    0.105695    0.076617
 89   42.391785    0.000007   -0.000031   -0.037787    0.126145    0.078133
 90   42.497681   -0.000004   -0.000076   -0.051919    0.126285    0.077634
 91   42.272461    0.000000    0.000031   -0.028836    0.049963    0.034599
time 65
  0    0.000000    0.000000    0.000000    0.000000   -0.000000    0.000000
  1    0.000000    0.000000    0.000000    0.000000   -0.000000    0.000000
  2    0.000000   21.953423  -21.026371    0.360849   -1.472783    1.209851
  3   50.309212   -0.435479    0.000006    0.017080    0.003836   -0.165904
  4   30.891546   -0.000012    0.000000    0.039272    0.215908   -0.307436
  5   34.635605    0.000010    0.000000    0.054685    0.165808   -0.290399
  6   30.584290    0.000015    0.000008    0.054173   -0.072109   -0.303322
  7   31.520187    0.000008    0.000006   -0.017135   -0.150333   -0.301085
  8   34.241180  -28.000038  -41.878006    0.691840    0.515848    0.193903
  9   34.241104   23.441803  -41.878098   -1.144250    0.653441    0.901685
 10   35.246704  -52.543091    1.319138   -0.146336   -0.082379    0.036309
 11   35.246536   52.726318    1.318930   -0.120831    0.144333    1.281467
 12   34.830032  -24.891930   45.588608   -1.127518   -0.600268    0.471794
 13   34.885773   27.636597   43.767830    0.734755   -0.469869    1.232343
 14   29.239315  -51.573368   94.292984    0.880569   -0.905179   -1.614442
 15   42.375076    0.000003   -0.000002   -0.105495    0.024138   -0.040745
 16   42.546082    0.000029    0.000008   -0.055214    0.039219   -0.053770
 17   42.234482    0.000021    0.000004   -0.025666    0.078691   -0.102987
 18   42.465012    0.000004   -0.000015   -0.026107    0.015233    0.011891
 19   42.458054   -0.000053   -0.000004   -0.039029    0.075206   -0.007190
 20   42.267975    0.000011    0.000000   -0.013341   -0.083637    0.053762
 21   42.505981    0.000023    0.000002   -0.028846   -0.368383    0.196099
 22   42.233185    0.000008   -0.000015   -0.027991   -0.308369    0.154165
 23   42.352234    0.000023   -0.000031   -0.017812   -0.186676    0.115739
 24   42.391785    0.000031    0.000031   -0.010706   -0.215242    0.165675
 25   42.497467    0.000076   -0.000031    0.002824   -0.216839    0.163984
 26   42.272797    0.000137    0.000000    0.030166   -0.161454    0.121475
 27   29.239336   55.382633   92.214905    0.314124   -1.089919    1.876748
 28   42.375069    0.000006    0.000004    0.044310   -0.040245   -0.014418
 29   42.546104   -0.000019    0.000008    0.032074   -0.061298   -0.018989
 30   42.234467    0.000051   -0.000015    0.023412   -0.028617   -0.007865
 31   42.465057   -0.000051    0.000008    0.029728    0.098886    0.030378
 32   42.458069    0.000008   -0.000010    0.032573    0.098831    0.044171
 33   42.267914   -0.000011    0.000019    0.015448    0.016255   -0.038552
 34   42.506012    0.000050    0.000004    0.002310   -0.046652   -0.081771
 35   42.233063   -0.000030    0.000010   -0.009114   -0.027914   -0.042377
 36   42.352203   -0.000095    0.000021   -0.000719    0.034981   -0.033743
 37   42.391693    0.000053   -0.000015   -0.003865    0.133352   -0.052063
 38   42.497711    0.000053    0.000000   -0.027198    0.194036   -0.089442
 39   42.272644    0.000130    0.000031   -0.068943    0.252192   -0.120107
 40   29.239349  106.746689    1.740841    0.001692   -0.622960    1.692586
 41   42.375053    0.000002    0.000008   -0.030696    0.241700   -0.049185
 42   42.546082   -0.000002    0.000000   -0.015941    0.178718   -0.042311
 43   42.234421    0.000006    0.000002   -0.002091    0.146859   -0.010620
 44   42.465103    0.000007   -0.000010    0.000910    0.196821    0.016744
 45   42.458069   -0.000008    0.000008   -0.001146    0.149526    0.007394
 46   42.267944    0.000000   -0.000008    0.001148   -0.086022   -0.003765
 47   42.505829    0.000001   -0.000008    0.002331   -0.156082   -0.011227
 48   42.233093   -0.000001   -0.000010    0.000151   -0.087602   -0.003074
 49   42.352264   -0.000001    0.000001    0.000363   -0.137899    0.010113
 50   42.391693   -0.000001   -0.000008    0.003171   -0.206544    0.017365
 51   42.497681    0.000004   -0.000015    0.008279   -0.243546    0.018521
 52   42.272766   -0.000008   -0.000031    0.010178   -0.148098    0.012703
 53   36.606720   50.706894  -91.423798   -0.596593    0.535117    1.490255
 54   42.375076   -0.000010    0.000008   -0.030540    0.172745    0.114157
 55   42.546066    0.000039    0.000000   -0.020516    0.175847    0.137855
 56   42.234543   -0.000024    0.000001   -0.016470    0.177225    0.111984
 57   42.465042    0.000042    0.000015   -0.010733    0.133254    0.084343
 58   42.458038    0.000031    0.000015   -0.020877    0.046388    0.021864
 59   42.267944   -0.000092    0.000008   -0.006394   -0.016109   -0.051270
 60   42.505920    0.000092    0.000008    0.001846   -0.002516   -0.007870
 61   42.233215   -0.000053    0.000000    0.046495   -0.069345   -0.252436
 62   42.352264   -0.000027    0.000023    0.003745   -0.109116   -0.326065
 63   42.391693    0.000000   -0.000025   -0.032414   -0.051815   -0.163906
 64   42.497620   -0.000031   -0.000004   -0.031357   -0.030447   -0.109837
 65   42.272766   -0.000031    0.000031   -0.018544   -0.011940   -0.049240
 66   34.156487  -56.044891  -91.870178   -0.538515    0.754638   -1.167254
 67   42.375084   -0.000007   -0.000004    0.100750    0.196981    0.115479
 68   42.546127    0.000009   -0.000005    0.066406    0.164825    0.093347
 69   42.234467    0.000034    0.000008    0.040481    0.050124   -0.041919
 70   42.465012   -0.000024   -0.000011    0.029944    0.058175   -0.050234
 71   42.458130    0.000035   -0.000023    0.023154   -0.029014   -0.034583
 72   42.267914   -0.000057   -0.000019    0.011871   -0.133293   -0.039583
 73   42.505981    0.000065    0.000019    0.002867   -0.098489   -0.030230
 74   42.233124   -0.000027   -0.000057   -0.005896   -0.054461   -0.022828
 75   42.352264   -0.000042    0.000008    0.002002   -0.051324   -0.030970
 76   42.391907    0.000000   -0.000023    0.011801   -0.088229   -0.050817
 77   42.497437    0.000031    0.000000    0.019949   -0.142031   -0.076383
 78   42.272583    0.000015    0.000031    0.014090   -0.084561   -0.043681
 79   29.239311 -106.786278    1.740902   -0.001758   -0.371335   -1.476323
 80   42.375076   -0.000005    0.000004   -0.007309    0.127441   -0.019469
 81   42.546066    0.000007    0.000000   -0.008223    0.169686   -0.033848
 82   42.234528   -0.000006   -0.000006   -0.000902    0.140091   -0.012255
 83   42.465118    0.000009   -0.000002   -0.004233   -0.020205    0.064155
 84   42.458008   -0.000002    0.000002   -0.001531    0.011276    0.033490
 85   42.267914   -0.000008   -0.000004    0.003108    0.098613   -0.053585
 86   42.505890   -0.000020    0.000015    0.013586    0.092601   -0.084993
 87   42.233093    0.000008   -0.000015    0.001688    0.075235   -0.006394
 88   42.352264    0.000000   -0.000015   -0.026832    0.108980    0.077172
 89   42.391693   -0.000009   -0.000031   -0.038154    0.128628    0.077823
 90   42.497589    0.000004    0.000031   -0.052326    0.127451    0.076893
 91   42.272552   -0.000015   -0.000061   -0.028862    0.050009    0.034046
time 66
  0    0.000000    0.000000    0.000000    0.000000   -0.000000    0.000000
  1    0.000000    0.000000    0.000000    0.000000   -0.000000    0.000000
  2    0.000000   21.953423  -21.026371    0.370769   -1.475135    1.199934
  3   50.309212   -0.435479    0.000004    0.024250    0.006475   -0.212656
  4   30.891541   -0.000010    0.000004    0.046319    0.229896   -0.333111
  5   34.635605    0.000008    0.000004    0.065041    0.186687   -0.324148
  6   30.584282    0.000015    0.000000    0.066309   -0.065152   -0.342012
  7   31.520195    0.000015    0.000006   -0.013587   -0.143848   -0.336764
  8   34.241173  -28.000031  -41.878006    0.716825    0.463950    0.165557
  9   34.241112   23.441795  -41.878098   -1.134573    0.664649    0.839339
 10   35.246689  -52.543083    1.319138   -0.143884   -0.082271    0.036726
 11   35.246544   52.726326    1.318920   -0.108194    0.161655    1.228324
 12   34.830009  -24.891914   45.588608   -1.097782   -0.552696    0.408850
 13   34.885780   27.636604   43.767818    0.742955   -0.447272    1.164624
 14   29.239317  -51.573330   94.292969    0.875552   -0.907865   -1.607536
 15   42.375107   -0.000001    0.000001   -0.105332    0.024700   -0.042041
 16   42.546143    0.000031    0.000003   -0.055112    0.040235   -0.055531
 17   42.234451    0.000031   -0.000003   -0.025434    0.081221   -0.106740
 18   42.464996    0.000015   -0.000011   -0.026029    0.014745    0.011682
 19   42.458099   -0.000050   -0.000010   -0.039214    0.073822   -0.006131
 20   42.267944    0.000038   -0.000004   -0.013412   -0.083552    0.054067
 21   42.505951   -0.000019    0.000004   -0.029246   -0.369324    0.197983
 22   42.233185   -0.000004   -0.000031   -0.028344   -0.309814    0.156062
 23   42.352295    0.000046   -0.000015   -0.017732   -0.186461    0.116184
 24   42.391815   -0.000046   -0.000031   -0.010316   -0.214418    0.165855
 25   42.497467    0.000076    0.000000    0.003863   -0.216455    0.164728
 26   42.272781    0.000031    0.000000    0.032867   -0.161122    0.122228
 27   29.239332   55.382599   92.214966    0.327513   -1.086591    1.862705
 28   42.375099    0.000000    0.000004    0.044510   -0.040450   -0.012900
 29   42.546089   -0.000021    0.000019    0.032334   -0.060762   -0.018173
 30   42.234497    0.000069   -0.000010    0.023630   -0.028468   -0.006343
 31   42.465057   -0.000036    0.000015    0.029984    0.094636    0.035009
 32   42.458099    0.000008    0.000015    0.033277    0.092164    0.048761
 33   42.267792   -0.000015    0.000025    0.015197    0.016747   -0.040088
 34   42.506042    0.000055   -0.000011    0.001608   -0.041778   -0.086292
 35   42.233154   -0.000055    0.000010   -0.009218   -0.025220   -0.044334
 36   42.352264   -0.000099   -0.000009   -0.000770    0.036370   -0.034902
 37   42.391663    0.000053   -0.000006   -0.004171    0.134714   -0.053402
 38   42.497620    0.000008    0.000023   -0.028146    0.196835   -0.092120
 39   42.272644    0.000092    0.000015   -0.071357    0.255712   -0.123464
 40   29.239355  106.746628    1.740845    0.001649   -0.626909    1.691804
 41   42.375061    0.000000    0.000000   -0.030673    0.241650   -0.048794
 42   42.546097   -0.000008    0.000000   -0.016016    0.178271   -0.042045
 43   42.234497   -0.000002   -0.000002   -0.002161    0.148184   -0.010732
 44   42.465103   -0.000000   -0.000009    0.000963    0.201235    0.016737
 45   42.458084   -0.000001    0.000000   -0.001186    0.154641    0.007568
 46   42.267883   -0.000002    0.000000    0.001108   -0.085363   -0.003550
 47   42.505890    0.000000    0.000008    0.002357   -0.160985   -0.010972
 48   42.233093   -0.000001   -0.000010    0.000157   -0.089819   -0.003056
 49   42.352203    0.000000    0.000002    0.000352   -0.138518    0.009787
 50   42.391632   -0.000009    0.000008    0.003047   -0.205146    0.016634
 51   42.497559    0.000006    0.000015    0.007809   -0.240279    0.017556
 52   42.272827   -0.000006    0.000000    0.009482   -0.145688    0.011979
 53   36.366856   50.706890  -91.422668   -0.597149    0.530443    1.491143
 54   42.375107   -0.000021    0.000008   -0.029678    0.175989    0.117422
 55   42.546036    0.000031    0.000004   -0.020033    0.177642    0.140387
 56   42.234528   -0.000028    0.000009   -0.016334    0.177688    0.112959
 57   42.465012    0.000076   -0.000004   -0.009802    0.137479    0.083425
 58   42.458038    0.000031    0.000000   -0.021165    0.046814    0.023914
 59   42.267944   -0.000061   -0.000015   -0.009658   -0.021867   -0.042019
 60   42.505890    0.000095    0.000015   -0.004483   -0.009401    0.012836
 61   42.233124   -0.000038   -0.000015    0.049654   -0.082908   -0.262707
 62   42.352264    0.000023    0.000023    0.004351   -0.114580   -0.327984
 63   42.391663    0.000031   -0.000010   -0.031086   -0.054062   -0.158365
 64   42.497589    0.000061   -0.000019   -0.029567   -0.031915   -0.105194
 65   42.272705    0.000000   -0.000019   -0.017710   -0.012912   -0.047799
 66   33.956978  -56.044857  -91.851715   -0.542125    0.758987   -1.169891
 67   42.375084    0.000000   -0.000015    0.100107    0.192510    0.111521
 68   42.546127    0.000001    0.000009    0.065351    0.159287    0.088760
 69   42.234467    0.000017   -0.000038    0.040155    0.055729   -0.037700
 70   42.465012   -0.000051   -0.000019    0.030129    0.066757   -0.041823
 71   42.458099    0.000010   -0.000015    0.023189   -0.027705   -0.033570
 72   42.267883   -0.000053   -0.000015    0.011977   -0.137327   -0.044566
 73   42.506073    0.000069    0.000010    0.003107   -0.103494   -0.034465
 74   42.233032   -0.000027   -0.000015   -0.005741   -0.057070   -0.024840
 75   42.352142   -0.000050    0.000015    0.002160   -0.053156   -0.032195
 76   42.391754   -0.000015   -0.000015    0.012259   -0.091469   -0.052994
 77   42.497559    0.000038    0.000000    0.020881   -0.145602   -0.079132
 78   42.272766    0.000000   -0.000031    0.014504   -0.085258   -0.044435
 79   29.239313 -106.786247    1.740902   -0.001711   -0.372387   -1.475133
 80   42.375061   -0.000008    0.000008   -0.007545    0.127561   -0.020041
 81   42.546051    0.000001    0.000000   -0.008422    0.168872   -0.034542
 82   42.234528    0.000010   -0.000007   -0.000944    0.139064   -0.012516
 83   42.465103    0.000002    0.000000   -0.004065   -0.017937    0.064293
 84   42.458130   -0.000010    0.000008   -0.001520    0.012489    0.033620
 85   42.267975   -0.000006    0.000000    0.003156    0.098305   -0.053743
 86   42.505920   -0.000009    0.000019    0.013722    0.092003   -0.085631
 87   42.233154    0.000008    0.000000    0.001676    0.076534   -0.006352
 88   42.352325    0.000008    0.000000   -0.027170    0.112331    0.077728
 89   42.391785   -0.000001    0.000015   -0.038524    0.131087    0.077490
 90   42.497589   -0.000008   -0.000046   -0.052722    0.128546    0.076127
 91   42.272583    0.000008    0.000031   -0.028876    0.050023    0.033488
time 67
  0    0.000000    0.000000    0.000000    0.000000   -0.000000    0.000000
  1    0.000000    0.000000    0.000000    0.000000   -0.000000    0.000000
  2    0.000000   21.953423  -21.026371    0.380725   -1.477498    1.189981
  3   50.309212   -0.435479    0.000006    0.031403    0.010016   -0.254116
  4   30.891542   -0.000013    0.000002    0.053544    0.238380   -0.358343
  5   34.635601    0.000000   -0.000002    0.075485    0.203659   -0.347216
  6   30.584290    0.000015    0.000000    0.079952   -0.048563   -0.365480
  7   31.520203    0.000000   -0.000008   -0.004680   -0.128385   -0.353310
  8   34.241196  -28.000015  -41.878021    0.776403    0.405468    0.091962
  9   34.241142   23.441818  -41.878113   -1.108640    0.681699    0.699026
 10   35.246704  -52.543076    1.319141   -0.135565   -0.081510    0.036980
 11   35.246567   52.726334    1.318924   -0.074327    0.179293    1.084929
 12   34.830017  -24.891907   45.588623   -1.023216   -0.439255    0.249987
 13   34.885780   27.636597   43.767830    0.764932   -0.421444    0.983137
 14   29.239321  -51.573364   94.293015    0.870608   -0.910490   -1.600659
 15   42.375092    0.000005   -0.000002   -0.105170    0.025250   -0.043325
 16   42.546097    0.000023    0.000001   -0.055012    0.041230   -0.057276
 17   42.234482    0.000023   -0.000005   -0.025203    0.083720   -0.110485
 18   42.465012    0.000004   -0.000004   -0.025940    0.014293    0.011431
 19   42.458008   -0.000042    0.000011   -0.039405    0.072434   -0.005064
 20   42.267944    0.000053    0.000008   -0.013486   -0.083427    0.054362
 21   42.505890    0.000008   -0.000008   -0.029655   -0.370228    0.199907
 22   42.233215    0.000015   -0.000008   -0.028705   -0.311273    0.158019
 23   42.352325    0.000031    0.000000   -0.017646   -0.186238    0.116645
 24   42.391754   -0.000061   -0.000031   -0.009915   -0.213575    0.166049
 25   42.497528    0.000000   -0.000031    0.004945   -0.216055    0.165501
 26   42.272842    0.000061   -0.000031    0.035692   -0.160773    0.123011
 27   29.239334   55.382637   92.215027    0.340971   -1.082856    1.848541
 28   42.375076    0.000000   -0.000002    0.044710   -0.040732   -0.011311
 29   42.546097   -0.000023    0.000005    0.032599   -0.060248   -0.017301
 30   42.234482    0.000065   -0.000010    0.023842   -0.028433   -0.004714
 31   42.465042   -0.000040    0.000004    0.030229    0.090075    0.039830
 32   42.458115    0.000008    0.000001    0.033977    0.085413    0.053427
 33   42.267914   -0.000019    0.000023    0.014923    0.017391   -0.041689
 34   42.506012    0.000053    0.000008    0.000863   -0.036765   -0.090946
 35   42.233093   -0.000021    0.000021   -0.009329   -0.022519   -0.046343
 36   42.352203   -0.000099    0.000016   -0.000822    0.037784   -0.036101
 37   42.391754    0.000042   -0.000017   -0.004491    0.136153   -0.054813
 38   42.497681    0.000046    0.000023   -0.029149    0.199790   -0.094929
 39   42.272552    0.000099    0.000000   -0.073911    0.259334   -0.126929
 40   29.239349  106.746643    1.740841    0.001603   -0.630868    1.690850
 41   42.375099    0.000004    0.000000   -0.030614    0.241629   -0.048351
 42   42.546082   -0.000004    0.000019   -0.016070    0.177835   -0.041729
 43   42.234451   -0.000005    0.000006   -0.002227    0.149386   -0.010824
 44   42.465088    0.000001    0.000006    0.001018    0.205524    0.016750
 45   42.458099    0.000010    0.000000   -0.001229    0.159939    0.007772
 46   42.267944    0.000002    0.000008    0.001073   -0.084525   -0.003361
 47   42.505890    0.000002    0.000023    0.002392   -0.165907   -0.010773
 48   42.233185   -0.000013    0.000004    0.000164   -0.092051   -0.003059
 49   42.352325    0.000002    0.000011    0.000340   -0.139135    0.009474
 50   42.391693    0.000004    0.000015    0.002930   -0.203819    0.015951
 51   42.497650   -0.000010   -0.000015    0.007375   -0.237201    0.016659
 52   42.272797    0.000008   -0.000031    0.008846   -0.143358    0.011305
 53   36.126740   50.706913  -91.421570   -0.597901    0.525747    1.491878
 54   42.375092   -0.000011    0.000000   -0.028767    0.179248    0.120792
 55   42.546082    0.000031    0.000008   -0.019540    0.179418    0.142967
 56   42.234543   -0.000031   -0.000019   -0.016204    0.178084    0.113937
 57   42.464981    0.000050    0.000004   -0.008776    0.141815    0.082147
 58   42.458038    0.000038    0.000008   -0.021559    0.047136    0.026223
 59   42.267975   -0.000092    0.000015   -0.013487   -0.027750   -0.031752
 60   42.505859    0.000122    0.000015   -0.008411   -0.010490    0.026291
 61   42.233124   -0.000061   -0.000023    0.049195   -0.115135   -0.254077
 62   42.352234    0.000027    0.000053    0.009409   -0.141276   -0.302732
 63   42.391724    0.000076    0.000008   -0.024937   -0.068099   -0.144824
 64   42.497528    0.000061   -0.000008   -0.024030   -0.042189   -0.096850
 65   42.272736    0.000000    0.000015   -0.014499   -0.017375   -0.042834
 66   33.760826  -56.044884  -91.833511   -0.545826    0.763409   -1.172674
 67   42.375107   -0.000001   -0.000023    0.099451    0.187833    0.107351
 68   42.546112   -0.000003    0.000019    0.064284    0.153514    0.083970
 69   42.234497    0.000038   -0.000021    0.039833    0.061787   -0.033029
 70   42.464966   -0.000022   -0.000008    0.030397    0.075399   -0.033342
 71   42.458130    0.000026   -0.000011    0.023232   -0.026337   -0.032535
 72   42.267944   -0.000046   -0.000023    0.012099   -0.141314   -0.049482
 73   42.505981    0.000111    0.000010    0.003374   -0.108709   -0.038835
 74   42.233215    0.000031   -0.000015   -0.005570   -0.059838   -0.026968
 75   42.352173    0.000008   -0.000015    0.002335   -0.055189   -0.033568
 76   42.391876    0.000023    0.000008    0.012771   -0.095060   -0.055428
 77   42.497620    0.000076   -0.000046    0.021915   -0.149445   -0.082095
 78   42.272644    0.000076   -0.000061    0.014951   -0.085960   -0.045201
 79   29.239317 -106.786324    1.740904   -0.001662   -0.373469   -1.474057
 80   42.375099   -0.000000    0.000000   -0.007774    0.127666   -0.020591
 81   42.546051    0.000007    0.000004   -0.008616    0.168021   -0.035198
 82   42.234497   -0.000006   -0.000003   -0.000986    0.138057   -0.012755
 83   42.465073    0.000005    0.000002   -0.003890   -0.015622    0.064412
 84   42.458130    0.000006   -0.000004   -0.001509    0.013722    0.033754
 85   42.267883    0.000000    0.000000    0.003204    0.097993   -0.053892
 86   42.506012   -0.000002    0.000015    0.013861    0.091406   -0.086281
 87   42.233063    0.000011   -0.000015    0.001664    0.077880   -0.006311
 88   42.352356    0.000015    0.000023   -0.027516    0.115741    0.078279
 89   42.391724    0.000010   -0.000046   -0.038895    0.133514    0.077134
 90   42.497467   -0.000004    0.000000   -0.053106    0.129571    0.075342
 91   42.272491   -0.000015   -0.000031   -0.028872    0.049997    0.032921
time 68
  0    0.000000    0.000000    0.000000    0.000000   -0.000000    0.000000
  1    0.000000    0.000000    0.000000    0.000000   -0.000000    0.000000
  2    0.000000   21.953423  -21.026371    0.390710   -1.479866    1.179996
  3   50.309212   -0.435479    0.000006    0.037953    0.014575   -0.287355
  4   30.891541   -0.000011    0.000002    0.059945    0.242737   -0.380108
  5   34.635597    0.000008    0.000000    0.085381    0.216303   -0.361431
  6   30.584290    0.000011    0.000002    0.092687   -0.028763   -0.377531
  7   31.520195    0.000000    0.000005    0.006979   -0.109930   -0.360078
  8   34.241188  -28.000038  -41.878002    0.847513    0.350809   -0.009722
  9   34.241119   23.441795  -41.878094   -1.071095    0.702679    0.503524
 10   35.246704  -52.543083    1.319138   -0.119935   -0.079444    0.037109
 11   35.246529   52.726311    1.318920   -0.025296    0.196617    0.875339
 12   34.830025  -24.891930   45.588608   -0.925790   -0.303858    0.040154
 13   34.885765   27.636589   43.767822    0.796748   -0.393956    0.720388
 14   29.239323  -51.573353   94.292923    0.865741   -0.913049   -1.593820
 15   42.375076   -0.000004   -0.000010   -0.105005    0.025786   -0.044594
 16   42.546097    0.000027   -0.000007   -0.054913    0.042204   -0.059006
 17   42.234467    0.000013   -0.000006   -0.024972    0.086184   -0.114221
 18   42.464981    0.000015    0.000008   -0.025842    0.013879    0.011137
 19   42.458160   -0.000057    0.000002   -0.039601    0.071044   -0.003988
 20   42.267883    0.000046   -0.000011   -0.013564   -0.083261    0.054647
 21   42.505890    0.000008    0.000038   -0.030066   -0.371084    0.201858
 22   42.233185    0.000015    0.000008   -0.029077   -0.312751    0.160038
 23   42.352264    0.000023    0.000031   -0.017555   -0.186006    0.117120
 24   42.391785   -0.000031   -0.000061   -0.009503   -0.212707    0.166251
 25   42.497498    0.000015    0.000031    0.006070   -0.215640    0.166300
 26   42.272812    0.000107    0.000000    0.038636   -0.160406    0.123819
 27   29.239332   55.382603   92.214973    0.354450   -1.078731    1.834310
 28   42.375069    0.000000   -0.000004    0.044906   -0.041088   -0.009653
 29   42.546104   -0.000015    0.000016    0.032869   -0.059753   -0.016374
 30   42.234467    0.000057   -0.000006    0.024046   -0.028515   -0.002984
 31   42.465012   -0.000059    0.000002    0.030460    0.085219    0.044827
 32   42.458084   -0.000004    0.000002    0.034669    0.078602    0.058156
 33   42.267853   -0.000023   -0.000002    0.014625    0.018179   -0.043344
 34   42.506012    0.000053   -0.000011    0.000075   -0.031626   -0.095717
 35   42.233032   -0.000032    0.000004   -0.009446   -0.019815   -0.048404
 36   42.352264   -0.000114    0.000007   -0.000877    0.039212   -0.037336
 37   42.391693    0.000053   -0.000010   -0.004819    0.137647   -0.056282
 38   42.497620    0.000015    0.000008   -0.030207    0.202881   -0.097860
 39   42.272583    0.000099    0.000015   -0.076598    0.263051   -0.130490
 40   29.239349  106.746628    1.740837    0.001555   -0.634837    1.689725
 41   42.375046   -0.000008   -0.000008   -0.030518    0.241635   -0.047856
 42   42.546127   -0.000001    0.000004   -0.016102    0.177415   -0.041366
 43   42.234436   -0.000003   -0.000010   -0.002290    0.150465   -0.010896
 44   42.465012   -0.000005   -0.000014    0.001077    0.209685    0.016781
 45   42.458115    0.000006   -0.000015   -0.001275    0.165416    0.008007
 46   42.267944   -0.000010   -0.000015    0.001042   -0.083524   -0.003194
 47   42.505890   -0.000003    0.000008    0.002438   -0.170821   -0.010630
 48   42.233063   -0.000002   -0.000017    0.000173   -0.094310   -0.003083
 49   42.352234    0.000006   -0.000004    0.000328   -0.139750    0.009177
 50   42.391693   -0.000010    0.000000    0.002819   -0.202557    0.015312
 51   42.497589   -0.000004    0.000000    0.006972   -0.234296    0.015827
 52   42.272583   -0.000006    0.000092    0.008265   -0.141099    0.010680
 53   35.886589   50.706898  -91.420364   -0.598847    0.521025    1.492462
 54   42.375092   -0.000013    0.000000   -0.027806    0.182519    0.124269
 55   42.546036    0.000031    0.000015   -0.019039    0.181169    0.145593
 56   42.234558   -0.000029   -0.000001   -0.016077    0.178414    0.114929
 57   42.465027    0.000053    0.000000   -0.007760    0.146039    0.081150
 58   42.458099    0.000023    0.000038   -0.021968    0.047464    0.028506
 59   42.268005   -0.000076    0.000038   -0.017251   -0.033107   -0.022322
 60   42.505890    0.000099    0.000031   -0.010500   -0.008589    0.034270
 61   42.233215   -0.000046    0.000015    0.045273   -0.156620   -0.234217
 62   42.352264    0.000000    0.000009    0.015140   -0.173967   -0.264505
 63   42.391754    0.000031   -0.000023   -0.016351   -0.084949   -0.125287
 64   42.497498    0.000031   -0.000015   -0.015813   -0.054701   -0.084317
 65   42.272797    0.000000    0.000015   -0.010089   -0.022899   -0.036671
 66   33.568085  -56.044842  -91.815414   -0.549621    0.767897   -1.175604
 67   42.375061   -0.000004   -0.000004    0.098789    0.182951    0.102974
 68   42.546097    0.000006    0.000007    0.063211    0.147514    0.078993
 69   42.234482    0.000019   -0.000038    0.039526    0.068291   -0.027913
 70   42.464996   -0.000016   -0.000019    0.030750    0.084081   -0.024811
 71   42.458099    0.000025   -0.000038    0.023281   -0.024907   -0.031470
 72   42.267914   -0.000052   -0.000050    0.012237   -0.145232   -0.054315
 73   42.505920    0.000076    0.000005    0.003671   -0.114136   -0.043349
 74   42.233093    0.000015   -0.000050   -0.005385   -0.062774   -0.029214
 75   42.352173   -0.000011   -0.000008    0.002528   -0.057424   -0.035095
 76   42.391724    0.000000   -0.000008    0.013350   -0.099006   -0.058129
 77   42.497559    0.000046    0.000000    0.023046   -0.153529   -0.085244
 78   42.272644    0.000046    0.000015    0.015425   -0.086623   -0.045949
 79   29.239317 -106.786270    1.740913   -0.001610   -0.374578   -1.473094
 80   42.375107    0.000006    0.000000   -0.007997    0.127755   -0.021118
 81   42.546036   -0.000001    0.000008   -0.008803    0.167141   -0.035818
 82   42.234528   -0.000001   -0.000005   -0.001028    0.137069   -0.012970
 83   42.465073    0.000002   -0.000010   -0.003711   -0.013264    0.064511
 84   42.458069    0.000007   -0.000006   -0.001498    0.014972    0.033891
 85   42.267914   -0.000014   -0.000010    0.003252    0.097678   -0.054033
 86   42.505981    0.000000    0.000027    0.014002    0.090811   -0.086944
 87   42.233093    0.000008   -0.000023    0.001653    0.079275   -0.006270
 88   42.352234    0.000000   -0.000008   -0.027868    0.119203    0.078825
 89   42.391693    0.000008   -0.000015   -0.039266    0.135909    0.076754
 90   42.497620    0.000004   -0.000015   -0.053474    0.130518    0.074534
 91   42.272522   -0.000008    0.000031   -0.028856    0.049942    0.032351
time 69
  0    0.000000    0.000000    0.000000    0.000000   -0.000000    0.000000
  1    0.000000    0.000000    0.000000    0.000000   -0.000000    0.000000
  2    0.000000   21.953423  -21.026371    0.400730   -1.482243    1.169979
  3   50.309216   -0.435479    0.000002    0.043310    0.020268   -0.309446
  4   30.891544   -0.000010    0.000000    0.064520    0.244343   -0.395385
  5   34.635593    0.000008   -0.000005    0.094094    0.224198   -0.368620
  6   30.584290    0.000015   -0.000004    0.102099   -0.012174   -0.381971
  7   31.520195    0.000008   -0.000005    0.018783   -0.094467   -0.366420
  8   34.241203  -28.000031  -41.878010    0.907092    0.310382   -0.122331
  9   34.241112   23.441803  -41.878117   -1.026584    0.725678    0.275610
 10   35.246696  -52.543091    1.319132   -0.095547   -0.075421    0.037157
 11   35.246536   52.726318    1.318916    0.032833    0.213001    0.623608
 12   34.830009  -24.891930   45.588604   -0.827470   -0.190417   -0.175696
 13   34.885765   27.636581   43.767818    0.834469   -0.366382    0.408881
 14   29.239315  -51.573318   94.292961    0.860957   -0.915543   -1.587024
 15   42.375069    0.000006   -0.000005   -0.104841    0.026309   -0.045848
 16   42.546112    0.000029    0.000018   -0.054814    0.043154   -0.060718
 17   42.234467    0.000004    0.000003   -0.024740    0.088605   -0.117941
 18   42.464996    0.000019    0.000015   -0.025733    0.013506    0.010797
 19   42.458084   -0.000053    0.000031   -0.039803    0.069652   -0.002904
 20   42.267914    0.000015    0.000023   -0.013646   -0.083049    0.054918
 21   42.505920   -0.000027    0.000038   -0.030484   -0.371881    0.203835
 22   42.233185    0.000000   -0.000008   -0.029453   -0.314253    0.162118
 23   42.352295    0.000061    0.000015   -0.017462   -0.185768    0.117613
 24   42.391754   -0.000015    0.000031   -0.009078   -0.211818    0.166461
 25   42.497528    0.000031   -0.000061    0.007235   -0.215207    0.167127
 26   42.272720    0.000076    0.000000    0.041695   -0.160023    0.124656
 27   29.239326   55.382603   92.214951    0.367904   -1.074233    1.820063
 28   42.375084    0.000004   -0.000007    0.045098   -0.041511   -0.007931
 29   42.546104   -0.000017    0.000021    0.033141   -0.059276   -0.015397
 30   42.234467    0.000067   -0.000007    0.024242   -0.028711   -0.001156
 31   42.465042   -0.000048    0.000008    0.030672    0.080085    0.049986
 32   42.457993    0.000004    0.000011    0.035351    0.071747    0.062934
 33   42.267883   -0.000031   -0.000019    0.014306    0.019099   -0.045042
 34   42.505951    0.000050   -0.000011   -0.000756   -0.026375   -0.100592
 35   42.233002   -0.000004    0.000023   -0.009572   -0.017112   -0.050517
 36   42.352264   -0.000080    0.000028   -0.000934    0.040653   -0.038605
 37   42.391632    0.000076    0.000004   -0.005156    0.139191   -0.057807
 38   42.497650    0.000023   -0.000008   -0.031315    0.206094   -0.100900
 39   42.272491    0.000130    0.000031   -0.079418    0.266842   -0.134135
 40   29.239344  106.746628    1.740843    0.001506   -0.638818    1.688427
 41   42.375053   -0.000006   -0.000008   -0.030386    0.241666   -0.047308
 42   42.546082    0.000002    0.000015   -0.016112    0.177014   -0.040955
 43   42.234421   -0.000001   -0.000004   -0.002349    0.151423   -0.010948
 44   42.465042    0.000000   -0.000002    0.001138    0.213712    0.016828
 45   42.458115    0.000002    0.000015   -0.001325    0.171076    0.008272
 46   42.267944    0.000008    0.000008    0.001016   -0.082354   -0.003046
 47   42.505920    0.000001    0.000000    0.002496   -0.175723   -0.010542
 48   42.233185    0.000000   -0.000011    0.000184   -0.096600   -0.003127
 49   42.352264   -0.000016    0.000008    0.000315   -0.140361    0.008893
 50   42.391693    0.000009    0.000000    0.002714   -0.201359    0.014717
 51   42.497620    0.000006   -0.000031    0.006600   -0.231553    0.015054
 52   42.272705   -0.000008    0.000000    0.007733   -0.138924    0.010100
 53   35.646694   50.706875  -91.419235   -0.599988    0.516278    1.492896
 54   42.375053    0.000002   -0.000023   -0.026793    0.185802    0.127857
 55   42.546066    0.000023    0.000011   -0.018530    0.182892    0.148261
 56   42.234543   -0.000014   -0.000026   -0.015957    0.178678    0.115940
 57   42.465012    0.000076   -0.000015   -0.006869    0.149923    0.081090
 58   42.458038    0.000046    0.000008   -0.022283    0.047906    0.030454
 59   42.267853   -0.000069    0.000000   -0.020207   -0.037369   -0.015644
 60   42.505890    0.000107    0.000000   -0.011364   -0.006302    0.037975
 61   42.233124   -0.000053   -0.000008    0.039992   -0.194481   -0.214429
 62   42.352264    0.000036   -0.000017    0.018816   -0.199502   -0.229700
 63   42.391693    0.000031    0.000008   -0.009177   -0.097037   -0.106663
 64   42.497681    0.000046   -0.000046   -0.008538   -0.063532   -0.071675
 65   42.272675   -0.000031   -0.000031   -0.006276   -0.027404   -0.031543
 66   33.378822  -56.044861  -91.797722   -0.553510    0.772447   -1.178686
 67   42.375099    0.000009    0.000000    0.098122    0.177867    0.098396
 68   42.546112    0.000008    0.000007    0.062141    0.141302    0.073843
 69   42.234406    0.000029   -0.000004    0.039238    0.075226   -0.022360
 70   42.465057   -0.000044    0.000011    0.031189    0.092786   -0.016248
 71   42.458160    0.000026    0.000008    0.023339   -0.023409   -0.030371
 72   42.267944   -0.000060    0.000004    0.012384   -0.149058   -0.059051
 73   42.506042    0.000044   -0.000007    0.004002   -0.119781   -0.048010
 74   42.233063   -0.000019   -0.000019   -0.005182   -0.065883   -0.031584
 75   42.352234   -0.000023    0.000023    0.002743   -0.059867   -0.036778
 76   42.391815    0.000015   -0.000023    0.013995   -0.103301   -0.061092
 77   42.497589    0.000069   -0.000031    0.024283   -0.157822   -0.088561
 78   42.272675    0.000031   -0.000046    0.015927   -0.087230   -0.046661
 79   29.239304 -106.786240    1.740891   -0.001557   -0.375713   -1.472248
 80   42.375107   -0.000000    0.000000   -0.008213    0.127834   -0.021623
 81   42.546036   -0.000007    0.000011   -0.008983    0.166232   -0.036398
 82   42.234512    0.000002   -0.000004   -0.001069    0.136102   -0.013161
 83   42.465057    0.000004   -0.000010   -0.003527   -0.010873    0.064592
 84   42.458008    0.000010    0.000000   -0.001487    0.016241    0.034030
 85   42.267853   -0.000003   -0.000008    0.003301    0.097361   -0.054165
 86   42.506012   -0.000004    0.000011    0.014146    0.090216   -0.087615
 87   42.233063    0.000000   -0.000015    0.001642    0.080715   -0.006231
 88   42.352295    0.000000   -0.000015   -0.028227    0.122713    0.079361
 89   42.391663    0.000010   -0.000031   -0.039635    0.138260    0.076351
 90   42.497559    0.000011    0.000000   -0.053826    0.131395    0.073709
 91   42.272522    0.000000    0.000000   -0.028826    0.049852    0.031779
time 70
  0    0.000000    0.000000    0.000000    0.000000   -0.000000    0.000000
  1    0.000000    0.000000    0.000000    0.000000   -0.000000    0.000000
  2    0.000000   21.953423  -21.026371    0.410771   -1.484624    1.159940
  3   50.309219   -0.435479    0.000004    0.046890    0.027209   -0.317461
  4   30.891541   -0.000012    0.000000    0.066268    0.244572   -0.401149
  5   34.635597    0.000011    0.000000    0.100987    0.226923   -0.370610
  6   30.584290    0.000023    0.000006    0.105773   -0.005217   -0.382606
  7   31.520187    0.000000   -0.000005    0.028124   -0.087982   -0.381690
  8   34.241188  -28.000031  -41.878006    0.932077    0.294593   -0.228705
  9   34.241127   23.441803  -41.878090   -0.979749    0.748783    0.038059
 10   35.246696  -52.543076    1.319134   -0.060958   -0.068790    0.037164
 11   35.246544   52.726318    1.318930    0.093996    0.227815    0.353790
 12   34.830009  -24.891907   45.588600   -0.750225   -0.142845   -0.352612
 13   34.885780   27.636597   43.767830    0.874158   -0.340294    0.081121
 14   29.239319  -51.573372   94.292908    0.856260   -0.917969   -1.580278
 15   42.375084   -0.000007   -0.000010   -0.104674    0.026816   -0.047087
 16   42.546082    0.000021   -0.000019   -0.054717    0.044079   -0.062410
 17   42.234467    0.000011    0.000009   -0.024508    0.090984   -0.121644
 18   42.464996    0.000008    0.000019   -0.025613    0.013171    0.010414
 19   42.458069   -0.000061    0.000004   -0.040009    0.068260   -0.001813
 20   42.267975    0.000027    0.000000   -0.013732   -0.082796    0.055178
 21   42.505890    0.000002    0.000027   -0.030904   -0.372625    0.205836
 22   42.233185    0.000027    0.000015   -0.029840   -0.315768    0.164258
 23   42.352295   -0.000008   -0.000015   -0.017364   -0.185523    0.118121
 24   42.391754   -0.000046    0.000031   -0.008641   -0.210904    0.166675
 25   42.497498    0.000015    0.000031    0.008439   -0.214759    0.167982
 26   42.272797    0.000061   -0.000031    0.044869   -0.159625    0.125522
 27   29.239332   55.382607   92.214882    0.381295   -1.069379    1.805840
 28   42.375053    0.000008   -0.000004    0.045282   -0.041998   -0.006150
 29   42.546082   -0.000023    0.000005    0.033414   -0.058813   -0.014370
 30   42.234467    0.000053   -0.000007    0.024428   -0.029018    0.000765
 31   42.465027   -0.000042    0.000011    0.030863    0.074690    0.055291
 32   42.458084    0.000027    0.000001    0.036018    0.064869    0.067748
 33   42.267853   -0.000008    0.000013    0.013967    0.020137   -0.046765
 34   42.506012    0.000065   -0.000008   -0.001628   -0.021023   -0.105562
 35   42.233032   -0.000017   -0.000006   -0.009704   -0.014413   -0.052681
 36   42.352203   -0.000093    0.000008   -0.000993    0.042100   -0.039904
 37   42.391785    0.000034   -0.000008   -0.005498    0.140776   -0.059383
 38   42.497620    0.000023    0.000000   -0.032469    0.209415   -0.104038
 39   42.272583    0.000099    0.000015   -0.082369    0.270695   -0.137853
 40   29.239344  106.746605    1.740822    0.001455   -0.642809    1.686958
 41   42.375046    0.000000    0.000008   -0.030217    0.241723   -0.046710
 42   42.546143   -0.000007   -0.000019   -0.016100    0.176635   -0.040498
 43   42.234421   -0.000001   -0.000011   -0.002403    0.152260   -0.010979
 44   42.465042    0.000008   -0.000007    0.001203    0.217600    0.016889
 45   42.458099   -0.000007    0.000000   -0.001378    0.176914    0.008570
 46   42.267914    0.000000    0.000008    0.000993   -0.081023   -0.002918
 47   42.505951    0.000009    0.000031    0.002567   -0.180606   -0.010508
 48   42.233093    0.000000    0.000000    0.000197   -0.098927   -0.003192
 49   42.352264   -0.000015    0.000008    0.000303   -0.140977    0.008626
 50   42.391632    0.000001    0.000008    0.002616   -0.200222    0.014165
 51   42.497559   -0.000002   -0.000015    0.006257   -0.228964    0.014336
 52   42.272736   -0.000002    0.000031    0.007247   -0.136802    0.009561
 53   35.407318   50.706902  -91.418091   -0.601322    0.511508    1.493182
 54   42.375099   -0.000008    0.000008   -0.025725    0.189094    0.131557
 55   42.546051    0.000021    0.000027   -0.018012    0.184586    0.150972
 56   42.234512   -0.000035    0.000016   -0.015841    0.178876    0.116974
 57   42.464935    0.000031    0.000019   -0.006228    0.153233    0.082631
 58   42.458099    0.000023    0.000000   -0.022380    0.048577    0.031729
 59   42.267914   -0.000092    0.000031   -0.021528   -0.040066   -0.013663
 60   42.505798    0.000122   -0.000015   -0.011604   -0.005955    0.038125
 61   42.233093   -0.000076   -0.000008    0.037959   -0.214119   -0.208780
 62   42.352295    0.000017    0.000021    0.019990   -0.209685   -0.214861
 63   42.391693    0.000015   -0.000015   -0.006367   -0.101217   -0.098424
 64   42.497589    0.000031    0.000000   -0.005618   -0.066397   -0.065858
 65   42.272675   -0.000031    0.000031   -0.004709   -0.029395   -0.029564
 66   33.193062  -56.044830  -91.780151   -0.557496    0.777054   -1.181923
 67   42.375107   -0.000016    0.000019    0.097457    0.172583    0.093623
 68   42.546082    0.000006    0.000007    0.061080    0.134885    0.068535
 69   42.234451    0.000030   -0.000011    0.038981    0.082580   -0.016380
 70   42.464951   -0.000031   -0.000023    0.031713    0.101495   -0.007671
 71   42.458130    0.000032   -0.000031    0.023405   -0.021833   -0.029230
 72   42.267914   -0.000086    0.000011    0.012543   -0.152764   -0.063676
 73   42.505920    0.000067    0.000006    0.004367   -0.125654   -0.052824
 74   42.233124    0.000011   -0.000057   -0.004960   -0.069171   -0.034084
 75   42.352142   -0.000031    0.000015    0.002980   -0.062517   -0.038618
 76   42.391724   -0.000015   -0.000038    0.014712   -0.107941   -0.064319
 77   42.497437    0.000023    0.000000    0.025629   -0.162297   -0.092027
 78   42.272675    0.000076   -0.000015    0.016458   -0.087767   -0.047325
 79   29.239307 -106.786247    1.740911   -0.001503   -0.376868   -1.471519
 80   42.375099    0.000000   -0.000004   -0.008421    0.127897   -0.022104
 81   42.546036    0.000000    0.000011   -0.009156    0.165301   -0.036938
 82   42.234543    0.000000   -0.000001   -0.001110    0.135154   -0.013328
 83   42.465088   -0.000004    0.000010   -0.003339   -0.008452    0.064653
 84   42.458069    0.000014    0.000011   -0.001474    0.017527    0.034167
 85   42.267914   -0.000005    0.000006    0.003349    0.097045   -0.054294
 86   42.505951    0.000007    0.000046    0.014293    0.089620   -0.088294
 87   42.233063   -0.000004   -0.000008    0.001630    0.082202   -0.006189
 88   42.352234   -0.000004   -0.000015   -0.028593    0.126266    0.079890
 89   42.391724    0.000002    0.000000   -0.040001    0.140562    0.075923
 90   42.497589    0.000011   -0.000015   -0.054161    0.132191    0.072866
 91   42.272522    0.000000   -0.000061   -0.028777    0.049724    0.031201
time 71
  0    0.000000    0.000000    0.000000    0.000000   -0.000000    0.000000
  1    0.000000    0.000000    0.000000    0.000000   -0.000000    0.000000
  2    0.000000   21.953423  -21.026371    0.420834   -1.487012    1.149880
  3   50.309212   -0.435479    0.000004    0.048918    0.037627   -0.305293
  4   30.891541   -0.000011    0.000000    0.066231    0.244521   -0.401036
  5   34.635601    0.000013   -0.000002    0.105868    0.223930   -0.359742
  6   30.584282    0.000023    0.000000    0.105764   -0.007892   -0.377585
  7   31.520203    0.000000    0.000003    0.035583   -0.089040   -0.411697
  8   34.241196  -28.000046  -41.878014    0.913309    0.319052   -0.343813
  9   34.241119   23.441803  -41.878098   -0.935237    0.770082   -0.186351
 10   35.246704  -52.543091    1.319124    0.004790   -0.044629    0.007843
 11   35.246552   52.726318    1.318928    0.152125    0.240431    0.089940
 12   34.830017  -24.891922   45.588608   -0.692260   -0.167491   -0.484721
 13   34.885773   27.636612   43.767834    0.911879   -0.317266   -0.230386
 14   29.239319  -51.573345   94.292992    0.851656   -0.920327   -1.573590
 15   42.375069    0.000001   -0.000008   -0.104506    0.027309   -0.048310
 16   42.546066    0.000031    0.000006   -0.054619    0.044977   -0.064082
 17   42.234451    0.000027    0.000013   -0.024276    0.093314   -0.125324
 18   42.465027    0.000023   -0.000008   -0.025483    0.012878    0.009983
 19   42.458099   -0.000076   -0.000019   -0.040220    0.066870   -0.000714
 20   42.267975    0.000027   -0.000004   -0.013823   -0.082499    0.055424
 21   42.505951    0.000000    0.000013   -0.031329   -0.373313    0.207860
 22   42.233246   -0.000027   -0.000023   -0.030233   -0.317297    0.166456
 23   42.352325    0.000000   -0.000046   -0.017260   -0.185269    0.118644
 24   42.391754   -0.000031   -0.000061   -0.008195   -0.209971    0.166901
 25   42.497574    0.000031    0.000000    0.009684   -0.214294    0.168861
 26   42.272842    0.000076   -0.000031    0.048157   -0.159206    0.126409
 27   29.239342   55.382629   92.214989    0.394583   -1.064190    1.791686
 28   42.375076    0.000004    0.000001    0.045459   -0.042543   -0.004313
 29   42.546104   -0.000021    0.000007    0.033686   -0.058364   -0.013296
 30   42.234482    0.000053   -0.000009    0.024603   -0.029433    0.002773
 31   42.465042   -0.000036    0.000017    0.031028    0.069054    0.060728
 32   42.458099    0.000000   -0.000003    0.036666    0.057983    0.072584
 33   42.267914   -0.000031    0.000000    0.013612    0.021280   -0.048502
 34   42.506012    0.000057   -0.000008   -0.002543   -0.015583   -0.110615
 35   42.233093   -0.000010    0.000019   -0.009843   -0.011719   -0.054892
 36   42.352264   -0.000086    0.000038   -0.001054    0.043552   -0.041232
 37   42.391724    0.000072   -0.000027   -0.005847    0.142399   -0.061005
 38   42.497681    0.000053    0.000000   -0.033673    0.212834   -0.107270
 39   42.272552    0.000122    0.000015   -0.085444    0.274592   -0.141625
 40   29.239353  106.746643    1.740839    0.001402   -0.646809    1.685318
 41   42.375053    0.000000    0.000000   -0.030010    0.241807   -0.046061
 42   42.546066   -0.000002    0.000000   -0.016066    0.176280   -0.039994
 43   42.234436   -0.000008   -0.000010   -0.002452    0.152977   -0.010989
 44   42.465118   -0.000000   -0.000018    0.001270    0.221346    0.016962
 45   42.458023    0.000000   -0.000008   -0.001434    0.182927    0.008899
 46   42.267944    0.000000   -0.000008    0.000973   -0.079523   -0.002803
 47   42.505859   -0.000008    0.000000    0.002651   -0.185471   -0.010527
 48   42.233124    0.000008   -0.000013    0.000212   -0.101292   -0.003278
 49   42.352234   -0.000001   -0.000001    0.000290   -0.141595    0.008375
 50   42.391693   -0.000002    0.000008    0.002524   -0.199145    0.013653
 51   42.497620    0.000000    0.000015    0.005940   -0.226515    0.013673
 52   42.272736   -0.000011    0.000031    0.006802   -0.134749    0.009062
 53   35.168736   50.706886  -91.416992   -0.602847    0.506712    1.493322
 54   42.375061   -0.000004    0.000015   -0.024601    0.192394    0.135371
 55   42.546036    0.000030    0.000004   -0.017486    0.186247    0.153724
 56   42.234604   -0.000034   -0.000009   -0.015733    0.179012    0.118023
 57   42.464981    0.000053    0.000008   -0.005757    0.156166    0.085229
 58   42.458099    0.000031    0.000023   -0.022323    0.049395    0.032553
 59   42.268005   -0.000084    0.000008   -0.021749   -0.041868   -0.014699
 60   42.505859    0.000092    0.000000   -0.011729   -0.007406    0.036587
 61   42.233154   -0.000031    0.000023    0.039328   -0.219533   -0.214900
 62   42.352234    0.000021    0.000019    0.020014   -0.210290   -0.215052
 63   42.391724    0.000031    0.000008   -0.006333   -0.101167   -0.098261
 64   42.497620    0.000061   -0.000031   -0.005570   -0.066195   -0.065578
 65   42.272705    0.000031   -0.000031   -0.004691   -0.029685   -0.029816
 66   33.010899  -56.044861  -91.763016   -0.561579    0.781711   -1.185318
 67   42.375107    0.000000   -0.000004    0.096798    0.167105    0.088663
 68   42.546112   -0.000002    0.000027    0.060034    0.128277    0.063083
 69   42.234451    0.000018   -0.000006    0.038763    0.090338   -0.009990
 70   42.464981   -0.000023    0.000031    0.032319    0.110197    0.000909
 71   42.458099    0.000021    0.000000    0.023480   -0.020185   -0.028046
 72   42.267883   -0.000075    0.000000    0.012709   -0.156327   -0.068172
 73   42.505951    0.000065   -0.000001    0.004772   -0.131756   -0.057800
 74   42.233124    0.000004   -0.000034   -0.004719   -0.072645   -0.036714
 75   42.352173   -0.000008   -0.000023    0.003242   -0.065380   -0.040618
 76   42.391754   -0.000008   -0.000038    0.015509   -0.112924   -0.067810
 77   42.497650    0.000061   -0.000015    0.027083   -0.166914   -0.095610
 78   42.272766    0.000015    0.000061    0.017019   -0.088219   -0.047931
 79   29.239317 -106.786255    1.740898   -0.001447   -0.378043   -1.470909
 80   42.375092    0.000001    0.000000   -0.008621    0.127948   -0.022558
 81   42.546066    0.000008    0.000000   -0.009322    0.164344   -0.037437
 82   42.234512   -0.000014   -0.000010   -0.001150    0.134227   -0.013472
 83   42.465088    0.000004   -0.000006   -0.003147   -0.006007    0.064694
 84   42.458099    0.000010    0.000000   -0.001462    0.018825    0.034306
 85   42.267975   -0.000004   -0.000002    0.003397    0.096726   -0.054411
 86   42.505981    0.000007    0.000015    0.014441    0.089027   -0.088982
 87   42.233124   -0.000004   -0.000023    0.001620    0.083734   -0.006150
 88   42.352325   -0.000004   -0.000015   -0.028963    0.129854    0.080405
 89   42.391785    0.000000    0.000000   -0.040364    0.142816    0.075474
 90   42.497589    0.000000   -0.000046   -0.054477    0.132910    0.072007
 91   42.272583   -0.000008    0.000061   -0.028718    0.049577    0.030626
time 72
  0    0.000000    0.000000    0.000000    0.000000   -0.000000    0.000000
  1    0.000000    0.000000    0.000000    0.000000   -0.000000    0.000000
  2    0.000000   21.953423  -21.026371    0.430913   -1.489404    1.139803
  3   50.309208   -0.435479    0.000004    0.050148    0.052509   -0.276277
  4   30.891542   -0.000009    0.000002    0.066122    0.244371   -0.400705
  5   34.635601    0.000011    0.000002    0.109159    0.216521   -0.333826
  6   30.584290    0.000027   -0.000002    0.105699   -0.014622   -0.364541
  7   31.520195    0.000000    0.000003    0.042896   -0.091809   -0.450207
  8   34.241196  -28.000038  -41.878014    0.872020    0.372860   -0.476058
  9   34.241127   23.441803  -41.878105   -0.897693    0.787662   -0.374843
 10   35.246712  -52.543091    1.319128    0.097213   -0.000002   -0.066073
 11   35.246521   52.726318    1.318918    0.201156    0.250220   -0.143887
 12   34.830009  -24.891922   45.588600   -0.641940   -0.221713   -0.600584
 13   34.885750   27.636597   43.767815    0.943695   -0.298870   -0.493135
 14   29.239317  -51.573330   94.292915    0.847149   -0.922615   -1.566966
 15   42.375053    0.000003   -0.000010   -0.104337    0.027784   -0.049514
 16   42.546066    0.000021   -0.000006   -0.054523    0.045847   -0.065731
 17   42.234467    0.000019    0.000000   -0.024042    0.095593   -0.128980
 18   42.465012    0.000011   -0.000004   -0.025341    0.012627    0.009506
 19   42.458054   -0.000069   -0.000004   -0.040436    0.065480    0.000392
 20   42.267944    0.000031    0.000011   -0.013918   -0.082161    0.055658
 21   42.505920   -0.000011    0.000038   -0.031755   -0.373940    0.209903
 22   42.233276    0.000004    0.000008   -0.030633   -0.318838    0.168712
 23   42.352264    0.000053    0.000031   -0.017153   -0.185011    0.119184
 24   42.391754   -0.000046    0.000000   -0.007737   -0.209020    0.167136
 25   42.497452    0.000061    0.000000    0.010967   -0.213811    0.169767
 26   42.272812    0.000092    0.000031    0.051557   -0.158773    0.127325
 27   29.239336   55.382580   92.214951    0.407736   -1.058684    1.777638
 28   42.375076    0.000002   -0.000014    0.045625   -0.043139   -0.002425
 29   42.546089   -0.000015    0.000022    0.033955   -0.057926   -0.012178
 30   42.234436    0.000057   -0.000010    0.024766   -0.029954    0.004862
 31   42.465012   -0.000050    0.000008    0.031164    0.063195    0.066279
 32   42.458054    0.000004    0.000003    0.037295    0.051108    0.077433
 33   42.267914   -0.000015    0.000017    0.013243    0.022513   -0.050232
 34   42.506012    0.000072   -0.000008   -0.003499   -0.010069   -0.115735
 35   42.232971   -0.000046    0.000004   -0.009993   -0.009037   -0.057155
 36   42.352203   -0.000090    0.000008   -0.001115    0.045000   -0.042584
 37   42.391693    0.000061    0.000015   -0.006199    0.144034   -0.062665
 38   42.497620    0.000038   -0.000031   -0.034912    0.216325   -0.110570
 39   42.272614    0.000107    0.000046   -0.088640    0.278525   -0.145449
 40   29.239353  106.746582    1.740837    0.001348   -0.650819    1.683508
 41   42.375061    0.000006   -0.000008   -0.029766    0.241914   -0.045361
 42   42.546066    0.000000    0.000000   -0.016009    0.175948   -0.039445
 43   42.234436   -0.000010   -0.000006   -0.002497    0.153576   -0.010978
 44   42.465042   -0.000001   -0.000011    0.001340    0.224938    0.017045
 45   42.458130   -0.000002   -0.000015   -0.001493    0.189126    0.009259
 46   42.267883    0.000000    0.000000    0.000956   -0.077840   -0.002702
 47   42.505951    0.000007    0.000023    0.002750   -0.190320   -0.010595
 48   42.233093   -0.000010   -0.000019    0.000229   -0.103698   -0.003386
 49   42.352234    0.000007   -0.000003    0.000278   -0.142212    0.008139
 50   42.391724   -0.000001   -0.000015    0.002437   -0.198121    0.013183
 51   42.497650   -0.000002   -0.000031    0.005648   -0.224194    0.013059
 52   42.272705    0.000004   -0.000031    0.006395   -0.132764    0.008603
 53   34.931149   50.706871  -91.415817   -0.604562    0.501888    1.493316
 54   42.375061   -0.000008   -0.000023   -0.023419    0.195701    0.139302
 55   42.546051    0.000038    0.000000   -0.016955    0.187870    0.156513
 56   42.234573   -0.000019   -0.000008   -0.015631    0.179095    0.119077
 57   42.464981    0.000061    0.000008   -0.005284    0.159080    0.087887
 58   42.458099    0.000046    0.000015   -0.022271    0.050195    0.033388
 59   42.267944   -0.000076    0.000053   -0.021966   -0.043714   -0.015798
 60   42.505981    0.000099    0.000000   -0.011833   -0.009061    0.034851
 61   42.233246   -0.000053    0.000000    0.040642   -0.224507   -0.220701
 62   42.352264    0.000013    0.000010    0.020062   -0.210930   -0.215450
 63   42.391846    0.000038   -0.000015   -0.006303   -0.101261   -0.098316
 64   42.497498    0.000061   -0.000061   -0.005538   -0.066108   -0.065462
 65   42.272827    0.000061   -0.000015   -0.004682   -0.029943   -0.030060
 66   32.832336  -56.044823  -91.745995   -0.565760    0.786414   -1.188872
 67   42.375084    0.000012    0.000004    0.096147    0.161433    0.083521
 68   42.546112    0.000003    0.000022    0.059013    0.121491    0.057502
 69   42.234451    0.000044   -0.000008    0.038590    0.098478   -0.003201
 70   42.465027   -0.000014   -0.000019    0.033010    0.118877    0.009475
 71   42.458099    0.000031    0.000023    0.023564   -0.018453   -0.026810
 72   42.267914   -0.000052   -0.000015    0.012876   -0.159721   -0.072520
 73   42.506042    0.000065    0.000001    0.005219   -0.138093   -0.062943
 74   42.233093   -0.000008   -0.000011   -0.004454   -0.076313   -0.039487
 75   42.352203   -0.000015   -0.000023    0.003530   -0.068457   -0.042781
 76   42.391937   -0.000031    0.000000    0.016391   -0.118238   -0.071560
 77   42.497559    0.000053   -0.000015    0.028649   -0.171635   -0.099286
 78   42.272766    0.000000   -0.000092    0.017605   -0.088544   -0.048444
 79   29.239311 -106.786224    1.740910   -0.001390   -0.379234   -1.470419
 80   42.375069    0.000002   -0.000004   -0.008812    0.127986   -0.022985
 81   42.546021    0.000000    0.000000   -0.009479    0.163368   -0.037895
 82   42.234497   -0.000009   -0.000015   -0.001190    0.133322   -0.013592
 83   42.465027    0.000000   -0.000010   -0.002953   -0.003542    0.064715
 84   42.458069    0.000007   -0.000010   -0.001449    0.020134    0.034445
 85   42.267914   -0.000011   -0.000013    0.003445    0.096409   -0.054521
 86   42.506012    0.000009    0.000004    0.014592    0.088437   -0.089677
 87   42.233093    0.000000   -0.000008    0.001609    0.085308   -0.006113
 88   42.352325   -0.000015    0.000000   -0.029337    0.133471    0.080907
 89   42.391693    0.000002    0.000015   -0.040721    0.145009    0.075001
 90   42.497620    0.000023    0.000031   -0.054773    0.133557    0.071136
 91   42.272552    0.000015    0.000061   -0.028648    0.049401    0.030055
time 73
  0    0.000000    0.000000    0.000000    0.000000   -0.000000    0.000000
  1    0.000000    0.000000    0.000000    0.000000   -0.000000    0.000000
  2    0.000000   21.953423  -21.026371    0.441005   -1.491798    1.129713
  3   50.309212   -0.435479    0.000004    0.050780    0.070106   -0.241646
  4   30.891542   -0.000012   -0.000002    0.065945    0.244128   -0.400167
  5   34.635590    0.000013   -0.000001    0.111152    0.207052   -0.302894
  6   30.584282    0.000019   -0.000002    0.105524   -0.023465   -0.346496
  7   31.520180    0.000000   -0.000001    0.049196   -0.095678   -0.488504
  8   34.241192  -28.000023  -41.877998    0.830731    0.426668   -0.598429
  9   34.241116   23.441803  -41.878090   -0.871760    0.799613   -0.504642
 10   35.246685  -52.543076    1.319132    0.179593    0.047777   -0.163518
 11   35.246532   52.726303    1.318913    0.235023    0.256555   -0.323636
 12   34.830013  -24.891922   45.588593   -0.606467   -0.275934   -0.706909
 13   34.885761   27.636581   43.767807    0.965672   -0.286679   -0.674622
 14   29.239321  -51.573345   94.292931    0.842742   -0.924830   -1.560413
 15   42.375076   -0.000008   -0.000005   -0.104166    0.028243   -0.050700
 16   42.546051    0.000029    0.000007   -0.054427    0.046689   -0.067359
 17   42.234451    0.000000   -0.000008   -0.023807    0.097816   -0.132607
 18   42.465012    0.000011   -0.000013   -0.025189    0.012416    0.008986
 19   42.458069   -0.000080   -0.000008   -0.040657    0.064092    0.001505
 20   42.267883    0.000031    0.000015   -0.014017   -0.081785    0.055880
 21   42.505890   -0.000008   -0.000004   -0.032185   -0.374510    0.211964
 22   42.233124    0.000027    0.000000   -0.031041   -0.320382    0.171023
 23   42.352295    0.000061    0.000031   -0.017041   -0.184745    0.119739
 24   42.391785   -0.000015    0.000031   -0.007271   -0.208050    0.167378
 25   42.497482    0.000046    0.000031    0.012290   -0.213310    0.170692
 26   42.272781    0.000076    0.000000    0.055061   -0.158319    0.128264
 27   29.239336   55.382614   92.214905    0.420724   -1.052882    1.763728
 28   42.375053   -0.000002   -0.000003    0.045780   -0.043784   -0.000489
 29   42.546074   -0.000021    0.000009    0.034221   -0.057497   -0.011016
 30   42.234436    0.000061   -0.000015    0.024916   -0.030577    0.007028
 31   42.465012   -0.000036   -0.000008    0.031269    0.057137    0.071931
 32   42.458038   -0.000004   -0.000002    0.037898    0.044256    0.082279
 33   42.267914   -0.000023    0.000004    0.012864    0.023818   -0.051943
 34   42.506073    0.000061    0.000000   -0.004497   -0.004494   -0.120917
 35   42.232971   -0.000029   -0.000002   -0.010147   -0.006363   -0.059463
 36   42.352264   -0.000088    0.000026   -0.001180    0.046444   -0.043962
 37   42.391724    0.000050    0.000008   -0.006550    0.145688   -0.064357
 38   42.497681    0.000053    0.000000   -0.036194    0.219885   -0.113943
 39   42.272644    0.000114    0.000015   -0.091950    0.282479   -0.149305
 40   29.239349  106.746620    1.740828    0.001293   -0.654839    1.681530
 41   42.375038    0.000000    0.000000   -0.029483    0.242046   -0.044613
 42   42.546097   -0.000009    0.000000   -0.015929    0.175643   -0.038853
 43   42.234406   -0.000001   -0.000006   -0.002536    0.154061   -0.010947
 44   42.465042   -0.000008   -0.000007    0.001412    0.228374    0.017136
 45   42.458084    0.000010    0.000008   -0.001554    0.195499    0.009652
 46   42.267883   -0.000002    0.000000    0.000940   -0.075985   -0.002611
 47   42.505890   -0.000008    0.000000    0.002864   -0.195144   -0.010714
 48   42.233093    0.000006   -0.000006    0.000249   -0.106150   -0.003514
 49   42.352234   -0.000001    0.000010    0.000265   -0.142837    0.007920
 50   42.391663   -0.000010   -0.000015    0.002357   -0.197152    0.012750
 51   42.497498    0.000000    0.000031    0.005380   -0.221998    0.012493
 52   42.272736    0.000000    0.000000    0.006024   -0.130828    0.008177
 53   34.694885   50.706890  -91.414696   -0.606464    0.497039    1.493169
 54   42.375084   -0.000019    0.000000   -0.022177    0.199013    0.143352
 55   42.546082    0.000032    0.000004   -0.016417    0.189457    0.159341
 56   42.234528   -0.000032    0.000002   -0.015536    0.179126    0.120133
 57   42.465027    0.000057    0.000031   -0.004808    0.161972    0.090604
 58   42.458038    0.000031    0.000008   -0.022224    0.050973    0.034231
 59   42.268005   -0.000092   -0.000008   -0.022182   -0.045608   -0.016964
 60   42.505890    0.000076    0.000023   -0.011921   -0.010907    0.032917
 61   42.233124   -0.000023    0.000015    0.041909   -0.229071   -0.226209
 62   42.352325   -0.000032    0.000032    0.020132   -0.211608   -0.216039
 63   42.391693    0.000023   -0.000015   -0.006278   -0.101490   -0.098571
 64   42.497589    0.000046    0.000000   -0.005521   -0.066125   -0.065500
 65   42.272766    0.000031   -0.000061   -0.004681   -0.030164   -0.030290
 66   32.657455  -56.044849  -91.729317   -0.570041    0.791159   -1.192590
 67   42.375061   -0.000010    0.000011    0.095509    0.155572    0.078204
 68   42.546066    0.000003    0.000009    0.058021    0.114539    0.051809
 69   42.234451    0.000031   -0.000017    0.038473    0.106980    0.003966
 70   42.465057   -0.000029    0.000015    0.033780    0.127524    0.018021
 71   42.458099    0.000034    0.000008    0.023657   -0.016636   -0.025519
 72   42.267883   -0.000061   -0.000008    0.013045   -0.162915   -0.076702
 73   42.505890    0.000055    0.000002    0.005711   -0.144667   -0.068257
 74   42.233124    0.000015   -0.000004   -0.004167   -0.080184   -0.042405
 75   42.352112   -0.000015    0.000000    0.003851   -0.071752   -0.045112
 76   42.391724    0.000015    0.000023    0.017363   -0.123870   -0.075562
 77   42.497498    0.000076   -0.000015    0.030329   -0.176420   -0.103023
 78   42.272705    0.000015    0.000000    0.018220   -0.088761   -0.048875
 79   29.239311 -106.786278    1.740913   -0.001332   -0.380440   -1.470049
 80   42.375092   -0.000001   -0.000008   -0.008994    0.128012   -0.023385
 81   42.546051    0.000001    0.000004   -0.009627    0.162373   -0.038310
 82   42.234528    0.000010    0.000007   -0.001228    0.132439   -0.013689
 83   42.465073    0.000003    0.000008   -0.002756   -0.001063    0.064715
 84   42.458069    0.000004    0.000017   -0.001435    0.021452    0.034583
 85   42.267944   -0.000001    0.000006    0.003493    0.096093   -0.054623
 86   42.506012    0.000007    0.000031    0.014744    0.087848   -0.090378
 87   42.233063    0.000004    0.000008    0.001599    0.086925   -0.006077
 88   42.352295    0.000008    0.000015   -0.029715    0.137112    0.081393
 89   42.391724    0.000000   -0.000015   -0.041071    0.147140    0.074506
 90   42.497620    0.000008    0.000000   -0.055049    0.134125    0.070252
 91   42.272552   -0.000031    0.000000   -0.028565    0.049202    0.029485
time 74
  0    0.000000    0.000000    0.000000    0.000000   -0.000000    0.000000
  1    0.000000    0.000000    0.000000    0.000000   -0.000000    0.000000
  2    0.000000   21.953423  -21.026371    0.451103   -1.494195    1.119619
  3   50.309216   -0.435479    0.000004    0.051013    0.088672   -0.212631
  4   30.891541   -0.000012    0.000000    0.065704    0.243797   -0.399434
  5   34.635601    0.000008   -0.000004    0.112135    0.197878   -0.276977
  6   30.584290    0.000019    0.000000    0.105182   -0.032480   -0.326474
  7   31.520187    0.000000    0.000002    0.053613   -0.100039   -0.517873
  8   34.241180  -28.000031  -41.878014    0.811963    0.451126   -0.683913
  9   34.241104   23.441803  -41.878105   -0.862083    0.804021   -0.552969
 10   35.246689  -52.543083    1.319134    0.215212    0.081390   -0.263421
 11   35.246536   52.726318    1.318928    0.247659    0.258806   -0.425252
 12   34.830017  -24.891922   45.588608   -0.593042   -0.300580   -0.810400
 13   34.885773   27.636597   43.767826    0.973872   -0.282266   -0.742341
 14   29.239321  -51.573360   94.292969    0.838441   -0.926974   -1.553937
 15   42.375053   -0.000004   -0.000002   -0.103993    0.028683   -0.051868
 16   42.546051    0.000033    0.000004   -0.054331    0.047501   -0.068962
 17   42.234467    0.000011    0.000001   -0.023570    0.099978   -0.136200
 18   42.464981    0.000015    0.000002   -0.025024    0.012248    0.008416
 19   42.458084   -0.000069    0.000004   -0.040882    0.062707    0.002626
 20   42.267944    0.000019    0.000004   -0.014119   -0.081360    0.056083
 21   42.505890   -0.000002    0.000000   -0.032615   -0.375006    0.214034
 22   42.233215    0.000027    0.000023   -0.031457   -0.321941    0.173392
 23   42.352325    0.000061    0.000000   -0.016924   -0.184476    0.120308
 24   42.391785    0.000000    0.000000   -0.006795   -0.207061    0.167627
 25   42.497437    0.000076    0.000000    0.013648   -0.212794    0.171643
 26   42.272781    0.000061   -0.000031    0.058668   -0.157850    0.129226
 27   29.239338   55.382629   92.214943    0.433519   -1.046805    1.749987
 28   42.375092    0.000000    0.000004    0.045922   -0.044471    0.001488
 29   42.546082   -0.000015    0.000008    0.034481   -0.057077   -0.009814
 30   42.234451    0.000063    0.000009    0.025054   -0.031295    0.009260
 31   42.465057   -0.000048    0.000010    0.031339    0.050896    0.077665
 32   42.458069    0.000004    0.000017    0.038478    0.037446    0.087119
 33   42.267944   -0.000031    0.000007    0.012478    0.025178   -0.053616
 34   42.505981    0.000061    0.000018   -0.005534    0.001130   -0.126144
 35   42.233093   -0.000038    0.000005   -0.010313   -0.003699   -0.061824
 36   42.352203   -0.000063   -0.000011   -0.001242    0.047877   -0.045355
 37   42.391724    0.000050    0.000004   -0.006903    0.147341   -0.066077
 38   42.497620    0.000031   -0.000008   -0.037506    0.223490   -0.117363
 39   42.272583    0.000122    0.000107   -0.095369    0.286441   -0.153189
 40   29.239353  106.746658    1.740841    0.001238   -0.658866    1.679385
 41   42.375069    0.000008    0.000008   -0.029163    0.242199   -0.043816
 42   42.546143    0.000009    0.000000   -0.015826    0.175368   -0.038217
 43   42.234467    0.000000    0.000000   -0.002570    0.154435   -0.010894
 44   42.465073   -0.000005    0.000008    0.001487    0.231650    0.017235
 45   42.458084    0.000005    0.000015   -0.001618    0.202041    0.010076
 46   42.267883   -0.000007    0.000015    0.000927   -0.073952   -0.002528
 47   42.505890    0.000006    0.000015    0.002993   -0.199939   -0.010878
 48   42.233124   -0.000008    0.000002    0.000271   -0.108649   -0.003663
 49   42.352264   -0.000008    0.000019    0.000253   -0.143465    0.007716
 50   42.391693    0.000009    0.000015    0.002283   -0.196236    0.012356
 51   42.497589    0.000008    0.000015    0.005133   -0.219913    0.011972
 52   42.272736   -0.000008    0.000000    0.005685   -0.128954    0.007784
 53   34.460163   50.706902  -91.413651   -0.608552    0.492161    1.492881
 54   42.375061   -0.000008   -0.000008   -0.020873    0.202326    0.147522
 55   42.546051    0.000041    0.000015   -0.015873    0.191002    0.162201
 56   42.234543   -0.000032    0.000008   -0.015447    0.179105    0.121192
 57   42.465012    0.000050    0.000008   -0.004332    0.164849    0.093384
 58   42.458160    0.000031    0.000023   -0.022185    0.051735    0.035085
 59   42.267975   -0.000092    0.000031   -0.022391   -0.047556   -0.018202
 60   42.505981    0.000099   -0.000008   -0.011986   -0.012924    0.030806
 61   42.233215   -0.000076    0.000000    0.043118   -0.233232   -0.231424
 62   42.352325   -0.000013   -0.000002    0.020225   -0.212346   -0.216835
 63   42.391754    0.000015   -0.000031   -0.006256   -0.101853   -0.099020
 64   42.497620    0.000031   -0.000015   -0.005519   -0.066242   -0.065681
 65   42.272705    0.000000    0.000000   -0.004690   -0.030348   -0.030506
 66   32.486298  -56.044868  -91.713005   -0.574422    0.795936   -1.196472
 67   42.375099    0.000012    0.000000    0.094890    0.149526    0.072720
 68   42.546112   -0.000001    0.000008    0.057066    0.107435    0.046018
 69   42.234436    0.000027   -0.000013    0.038419    0.115821    0.011492
 70   42.464996   -0.000032    0.000011    0.034629    0.136131    0.026535
 71   42.458130    0.000033   -0.000031    0.023762   -0.014732   -0.024171
 72   42.267914   -0.000046   -0.000008    0.013209   -0.165886   -0.080699
 73   42.505981    0.000050    0.000005    0.006249   -0.151483   -0.073747
 74   42.233124   -0.000023    0.000019   -0.003850   -0.084263   -0.045479
 75   42.352234   -0.000038    0.000031    0.004201   -0.075270   -0.047610
 76   42.391693    0.000008    0.000008    0.018433   -0.129809   -0.079812
 77   42.497406    0.000000    0.000061    0.032122   -0.181228   -0.106791
 78   42.272705    0.000000    0.000000    0.018868   -0.088842   -0.049202
 79   29.239315 -106.786285    1.740898   -0.001273   -0.381658   -1.469800
 80   42.375114    0.000000    0.000004   -0.009166    0.128027   -0.023756
 81   42.546051   -0.000000    0.000004   -0.009766    0.161362   -0.038681
 82   42.234543    0.000003   -0.000003   -0.001266    0.131578   -0.013765
 83   42.465103    0.000019    0.000011   -0.002557    0.001425    0.064695
 84   42.458069    0.000002    0.000010   -0.001421    0.022778    0.034721
 85   42.267944   -0.000001    0.000002    0.003540    0.095777   -0.054715
 86   42.506012    0.000000    0.000015    0.014898    0.087263   -0.091085
 87   42.233063    0.000004    0.000000    0.001590    0.088581   -0.006045
 88   42.352264    0.000000   -0.000015   -0.030094    0.140768    0.081859
 89   42.391602    0.000004   -0.000015   -0.041414    0.149205    0.073990
 90   42.497528    0.000008   -0.000031   -0.055303    0.134623    0.069360
 91   42.272552   -0.000008    0.000000   -0.028468    0.048975    0.028918
time 75
  0    0.000000    0.000000    0.000000    0.000000   -0.000000    0.000000
  1    0.000000    0.000000    0.000000    0.000000   -0.000000    0.000000
  2    0.000000   21.953423  -21.026371    0.461208   -1.496591    1.109513
  3   50.309216   -0.435478    0.000004    0.051046    0.106460   -0.200463
  4   30.891541   -0.000010    0.000004    0.065402    0.243382   -0.398517
  5   34.635590    0.000000    0.000000    0.112398    0.191354   -0.266109
  6   30.584274    0.000015   -0.000004    0.104618   -0.039723   -0.307500
  7   31.520195    0.000000   -0.000006    0.055279   -0.104283   -0.529599
  8   34.241192  -28.000038  -41.878014    0.841466    0.451069   -0.722591
  9   34.241123   23.441803  -41.878090   -0.895900    0.768517   -0.552761
 10   35.246708  -52.543091    1.319132    0.200980    0.096531   -0.377281
 11   35.246548   52.726318    1.318928    0.246590    0.240472   -0.467288
 12   34.830021  -24.891922   45.588600   -0.624784   -0.287451   -0.927933
 13   34.885784   27.636597   43.767822    0.942884   -0.282641   -0.741365
 14   29.239319  -51.573349   94.292969    0.834250   -0.929043   -1.547545
 15   42.375061    0.000000   -0.000005   -0.103819    0.029105   -0.053014
 16   42.546097    0.000031    0.000009   -0.054235    0.048283   -0.070542
 17   42.234512    0.000019    0.000013   -0.023331    0.102079   -0.139758
 18   42.465012    0.000015   -0.000015   -0.024851    0.012117    0.007809
 19   42.458099   -0.000057   -0.000004   -0.041111    0.061332    0.003748
 20   42.268005    0.000038   -0.000004   -0.014227   -0.080913    0.056282
 21   42.505951   -0.000027    0.000010   -0.033051   -0.375452    0.216124
 22   42.233185   -0.000011   -0.000031   -0.031877   -0.323488    0.175807
 23   42.352264    0.000053   -0.000015   -0.016802   -0.184199    0.120892
 24   42.391724    0.000000    0.000000   -0.006309   -0.206056    0.167886
 25   42.497513    0.000061    0.000000    0.015040   -0.212257    0.172614
 26   42.272781    0.000061    0.000000    0.062379   -0.157358    0.130207
 27   29.239334   55.382626   92.215012    0.446101   -1.040476    1.736441
 28   42.375069   -0.000002   -0.000010    0.046050   -0.045194    0.003504
 29   42.546097   -0.000013    0.000019    0.034734   -0.056662   -0.008573
 30   42.234467    0.000063    0.000001    0.025176   -0.032106    0.011554
 31   42.465042   -0.000038    0.000002    0.031371    0.044498    0.083466
 32   42.458038   -0.000004    0.000003    0.039030    0.030688    0.091938
 33   42.267883   -0.000015   -0.000002    0.012089    0.026575   -0.055236
 34   42.506042    0.000057    0.000000   -0.006610    0.006790   -0.131406
 35   42.233093   -0.000014    0.000019   -0.010486   -0.001047   -0.064233
 36   42.352203   -0.000065    0.000032   -0.001309    0.049297   -0.046770
 37   42.391693    0.000072    0.000011   -0.007252    0.148989   -0.067815
 38   42.497620    0.000038   -0.000008   -0.038845    0.227128   -0.120824
 39   42.272614    0.000122    0.000000   -0.098889    0.290403   -0.157086
 40   29.239351  106.746635    1.740845    0.001182   -0.662902    1.677074
 41   42.375069    0.000004   -0.000015   -0.028804    0.242374   -0.042972
 42   42.546127    0.000000   -0.000004   -0.015700    0.175122   -0.037539
 43   42.234467   -0.000008   -0.000006   -0.002598    0.154701   -0.010822
 44   42.465103    0.000005    0.000002    0.001564    0.234756    0.017338
 45   42.458054    0.000001    0.000000   -0.001684    0.208757    0.010531
 46   42.267975    0.000002    0.000015    0.000914   -0.071729   -0.002450
 47   42.505920    0.000010    0.000023    0.003139   -0.204708   -0.011090
 48   42.233215   -0.000007   -0.000015    0.000297   -0.111201   -0.003835
 49   42.352264    0.000003    0.000006    0.000241   -0.144099    0.007528
 50   42.391632    0.000004    0.000008    0.002215   -0.195366    0.011999
 51   42.497589    0.000000    0.000000    0.004906   -0.217933    0.011494
 52   42.272766    0.000002    0.000031    0.005376   -0.127136    0.007424
 53   34.227242   50.706890  -91.412537   -0.610824    0.487255    1.492456
 54   42.375084    0.000000    0.000008   -0.019506    0.205638    0.151814
 55   42.546097    0.000026    0.000015   -0.015327    0.192504    0.165093
 56   42.234543   -0.000027    0.000009   -0.015367    0.179039    0.122251
 57   42.465027    0.000050    0.000019   -0.003852    0.167709    0.096227
 58   42.458069    0.000008    0.000008   -0.022152    0.052476    0.035949
 59   42.267975   -0.000092    0.000023   -0.022596   -0.049557   -0.019519
 60   42.505829    0.000114    0.000000   -0.012031   -0.015093    0.028529
 61   42.233246   -0.000069   -0.000008    0.044268   -0.236996   -0.236346
 62   42.352295    0.000010   -0.000023    0.020349   -0.213165   -0.217845
 63   42.391785    0.000038   -0.000031   -0.006237   -0.102345   -0.099656
 64   42.497559    0.000061    0.000031   -0.005531   -0.066454   -0.065996
 65   42.272705    0.000046   -0.000015   -0.004705   -0.030503   -0.030713
 66   32.318920  -56.044888  -91.696960   -0.578905    0.800742   -1.200520
 67   42.375069    0.000004   -0.000008    0.094293    0.143300    0.067075
 68   42.546082    0.000002    0.000018    0.056153    0.100191    0.040143
 69   42.234451    0.000028   -0.000015    0.038435    0.124972    0.019357
 70   42.465012   -0.000025   -0.000031    0.035555    0.144692    0.035011
 71   42.458160    0.000025   -0.000015    0.023878   -0.012738   -0.022759
 72   42.267975   -0.000072   -0.000015    0.013367   -0.168599   -0.084489
 73   42.505951    0.000069   -0.000025    0.006839   -0.158542   -0.079419
 74   42.233124   -0.000019   -0.000038   -0.003504   -0.088561   -0.048714
 75   42.352142   -0.000053    0.000008    0.004586   -0.079008   -0.050276
 76   42.391846   -0.000015    0.000000    0.019605   -0.136036   -0.084299
 77   42.497528    0.000061    0.000015    0.034030   -0.186014   -0.110557
 78   42.272614   -0.000046    0.000000    0.019539   -0.088769   -0.049404
 79   29.239311 -106.786324    1.740908   -0.001214   -0.382883   -1.469672
 80   42.375092   -0.000001   -0.000004   -0.009328    0.128029   -0.024096
 81   42.546021   -0.000016    0.000000   -0.009896    0.160339   -0.039009
 82   42.234528    0.000009   -0.000010   -0.001302    0.130738   -0.013818
 83   42.464996   -0.000006   -0.000006   -0.002356    0.003917    0.064653
 84   42.458099    0.000001   -0.000002   -0.001407    0.024109    0.034857
 85   42.267883    0.000007   -0.000010    0.003586    0.095465   -0.054800
 86   42.505981   -0.000001    0.000011    0.015053    0.086681   -0.091796
 87   42.233093    0.000008   -0.000008    0.001581    0.090277   -0.006014
 88   42.352356    0.000004    0.000000   -0.030477    0.144435    0.082308
 89   42.391693   -0.000002   -0.000015   -0.041748    0.151199    0.073454
 90   42.497589   -0.000008   -0.000031   -0.055535    0.135048    0.068459
 91   42.272583   -0.000023    0.000000   -0.028362    0.048736    0.028358
time 76
  0    0.000000    0.000000    0.000000    0.000000   -0.000000    0.000000
  1    0.000000    0.000000    0.000000    0.000000   -0.000000    0.000000
  2    0.000000   21.953423  -21.026371    0.471311   -1.498989    1.099416
  3   50.309212   -0.435479    0.000004    0.049375    0.126469   -0.212608
  4   30.891541   -0.000010    0.000002    0.065044    0.242890   -0.397429
  5   34.635597    0.000008    0.000004    0.111333    0.187638   -0.267702
  6   30.584274    0.000015    0.000006    0.103006   -0.045730   -0.286007
  7   31.520187    0.000000    0.000008    0.050247   -0.109277   -0.479224
  8   34.241196  -28.000046  -41.877998    0.906373    0.450672   -0.735464
  9   34.241119   23.441788  -41.878105   -0.975168    0.684272   -0.551303
 10   35.246719  -52.543091    1.319145    0.166387    0.103314   -0.510628
 11   35.246536   52.726303    1.318922    0.243051    0.195870   -0.488873
 12   34.830040  -24.891937   45.588615   -0.694618   -0.256489   -1.050901
 13   34.885788   27.636566   43.767826    0.870698   -0.285264   -0.734533
 14   29.239311  -51.573353   94.292946    0.830172   -0.931039   -1.541244
 15   42.375061    0.000000   -0.000013   -0.103643    0.029509   -0.054142
 16   42.546082    0.000036   -0.000007   -0.054138    0.049034   -0.072097
 17   42.234451    0.000008    0.000015   -0.023089    0.104112   -0.143275
 18   42.464951    0.000004    0.000000   -0.024665    0.012029    0.007154
 19   42.458084   -0.000080   -0.000011   -0.041345    0.059960    0.004878
 20   42.267914    0.000008   -0.000042   -0.014336   -0.080418    0.056459
 21   42.505920   -0.000019   -0.000002   -0.033487   -0.375824    0.218220
 22   42.233185   -0.000004   -0.000008   -0.032304   -0.325043    0.178276
 23   42.352325    0.000038    0.000000   -0.016678   -0.183916    0.121492
 24   42.391724    0.000000    0.000031   -0.005815   -0.205038    0.168152
 25   42.497482    0.000046    0.000000    0.016468   -0.211704    0.173604
 26   42.272858    0.000122   -0.000031    0.066180   -0.156848    0.131209
 27   29.239332   55.382618   92.214951    0.458449   -1.033916    1.723110
 28   42.375076    0.000006    0.000001    0.046162   -0.045951    0.005553
 29   42.546051   -0.000021    0.000009    0.034979   -0.056255   -0.007296
 30   42.234467    0.000051   -0.000002    0.025285   -0.033000    0.013903
 31   42.465042   -0.000048    0.000002    0.031363    0.037964    0.089318
 32   42.458084    0.000015    0.000001    0.039555    0.023997    0.096729
 33   42.267822   -0.000008    0.000005    0.011701    0.027992   -0.056788
 34   42.506012    0.000084    0.000006   -0.007723    0.012472   -0.136688
 35   42.233124   -0.000009    0.000019   -0.010670    0.001593   -0.066690
 36   42.352234   -0.000067    0.000000   -0.001375    0.050702   -0.048199
 37   42.391754    0.000038    0.000019   -0.007597    0.150619   -0.069566
 38   42.497589    0.000023   -0.000008   -0.040210    0.230788   -0.124316
 39   42.272552    0.000107   -0.000031   -0.102506    0.294354   -0.160993
 40   29.239346  106.746666    1.740833    0.001125   -0.666944    1.674600
 41   42.375053    0.000006    0.000000   -0.028406    0.242570   -0.042080
 42   42.546127    0.000001    0.000000   -0.015551    0.174906   -0.036820
 43   42.234467   -0.000000    0.000004   -0.002619    0.154863   -0.010728
 44   42.465088   -0.000009    0.000005    0.001643    0.237693    0.017444
 45   42.458069    0.000008    0.000023   -0.001751    0.215636    0.011019
 46   42.267883   -0.000008    0.000015    0.000901   -0.069329   -0.002375
 47   42.505829    0.000000    0.000031    0.003302   -0.209438   -0.011347
 48   42.233154    0.000008    0.000008    0.000327   -0.113808   -0.004026
 49   42.352356   -0.000008    0.000012    0.000229   -0.144743    0.007357
 50   42.391632    0.000007    0.000008    0.002153   -0.194544    0.011677
 51   42.497650   -0.000010   -0.000031    0.004699   -0.216052    0.011056
 52   42.272705   -0.000002    0.000000    0.005094   -0.125355    0.007093
 53   33.996422   50.706898  -91.411446   -0.613275    0.482322    1.491897
 54   42.375092    0.000000    0.000000   -0.018073    0.208950    0.156230
 55   42.546051    0.000023    0.000015   -0.014776    0.193959    0.168013
 56   42.234528   -0.000042    0.000025   -0.015292    0.178928    0.123313
 57   42.465027    0.000038    0.000008   -0.003372    0.170556    0.099134
 58   42.458008    0.000023    0.000023   -0.022125    0.053199    0.036822
 59   42.268005   -0.000069    0.000008   -0.022793   -0.051616   -0.020917
 60   42.505890    0.000107    0.000015   -0.012052   -0.017400    0.026098
 61   42.233124   -0.000053    0.000000    0.045361   -0.240392   -0.240995
 62   42.352356   -0.000018   -0.000008    0.020495   -0.214062   -0.219064
 63   42.391754    0.000031   -0.000031   -0.006221   -0.102964   -0.100471
 64   42.497498    0.000000   -0.000046   -0.005557   -0.066752   -0.066439
 65   42.272736    0.000015   -0.000046   -0.004726   -0.030631   -0.030911
 66   32.155365  -56.044865  -91.681183   -0.583490    0.805573   -1.204737
 67   42.375107    0.000002   -0.000011    0.093722    0.136896    0.061278
 68   42.546127    0.000000    0.000013    0.055290    0.092823    0.034200
 69   42.234436    0.000030   -0.000014    0.038529    0.134410    0.027539
 70   42.465042   -0.000023    0.000027    0.036555    0.153199    0.043441
 71   42.458160    0.000021   -0.000023    0.024005   -0.010657   -0.021285
 72   42.267914   -0.000060    0.000000    0.013513   -0.171030   -0.088052
 73   42.505920    0.000053    0.000011    0.007484   -0.165842   -0.085277
 74   42.233063   -0.000008   -0.000004   -0.003126   -0.093086   -0.052116
 75   42.352081   -0.000015    0.000000    0.005008   -0.082969   -0.053115
 76   42.391846    0.000008    0.000000    0.020885   -0.142525   -0.089010
 77   42.497559    0.000092    0.000031    0.036049   -0.190737   -0.114284
 78   42.272644    0.000031    0.000061    0.020248   -0.088574   -0.049510
 79   29.239309 -106.786278    1.740915   -0.001155   -0.384114   -1.469666
 80   42.375069    0.000008   -0.000008   -0.009478    0.128023   -0.024407
 81   42.546005   -0.000008    0.000011   -0.010016    0.159306   -0.039293
 82   42.234512    0.000016    0.000001   -0.001336    0.129918   -0.013848
 83   42.465073    0.000002    0.000008   -0.002155    0.006406    0.064592
 84   42.458038   -0.000010    0.000011   -0.001392    0.025445    0.034991
 85   42.267914   -0.000014    0.000011    0.003633    0.095155   -0.054879
 86   42.505951    0.000006    0.000031    0.015210    0.086101   -0.092509
 87   42.233093    0.000000    0.000000    0.001573    0.092009   -0.005986
 88   42.352356    0.000000    0.000031   -0.030860    0.148105    0.082735
 89   42.391724   -0.000001    0.000000   -0.042072    0.153123    0.072898
 90   42.497559   -0.000004   -0.000061   -0.055743    0.135401    0.067553
 91   42.272583   -0.000023    0.000031   -0.028242    0.048473    0.027801
time 77
  0    0.000000    0.000000    0.000000    0.000000   -0.000000    0.000000
  1    0.000000    0.000000    0.000000    0.000000   -0.000000    0.000000
  2    0.000000   21.953421  -21.026371    0.481412   -1.501385    1.089316
  3   50.309212   -0.435479    0.000006    0.045390    0.149865   -0.241570
  4   30.891537   -0.000010    0.000002    0.064633    0.242325   -0.396179
  5   34.635586    0.000004    0.000000    0.108692    0.185159   -0.272239
  6   30.584290    0.000015    0.000000    0.100088   -0.051793   -0.259981
  7   31.520187   -0.000008    0.000000    0.037815   -0.115429   -0.359097
  8   34.241188  -28.000038  -41.878014    0.971281    0.449593   -0.741908
  9   34.241112   23.441803  -41.878098   -1.066615    0.584686   -0.547344
 10   35.246696  -52.543091    1.319132    0.123585    0.106054   -0.633446
 11   35.246529   52.726303    1.318926    0.236546    0.140603   -0.496826
 12   34.830017  -24.891922   45.588600   -0.764452   -0.220325   -1.147791
 13   34.885773   27.636566   43.767815    0.788480   -0.292383   -0.715989
 14   29.239325  -51.573372   94.292976    0.826210   -0.932961   -1.535038
 15   42.375084    0.000003    0.000003   -0.103465    0.029894   -0.055248
 16   42.546097    0.000033    0.000001   -0.054041    0.049750   -0.073623
 17   42.234497    0.000021    0.000002   -0.022845    0.106078   -0.146750
 18   42.464981    0.000004   -0.000004   -0.024470    0.011981    0.006456
 19   42.458069   -0.000053    0.000008   -0.041583    0.058597    0.006012
 20   42.267975    0.000031    0.000000   -0.014449   -0.079889    0.056623
 21   42.505920   -0.000011   -0.000042   -0.033920   -0.376125    0.220318
 22   42.233215    0.000015   -0.000023   -0.032737   -0.326591    0.180793
 23   42.352234    0.000061    0.000000   -0.016548   -0.183629    0.122105
 24   42.391754   -0.000046    0.000000   -0.005313   -0.204002    0.168422
 25   42.497467    0.000015   -0.000031    0.017928   -0.211132    0.174613
 26   42.272827    0.000092    0.000031    0.070070   -0.156323    0.132232
 27   29.239342   55.382622   92.214951    0.470548   -1.027149    1.710015
 28   42.375069    0.000002   -0.000008    0.046257   -0.046734    0.007631
 29   42.546112   -0.000011    0.000025    0.035215   -0.055852   -0.005984
 30   42.234482    0.000057   -0.000015    0.025379   -0.033971    0.016300
 31   42.465027   -0.000032    0.000013    0.031314    0.031318    0.095205
 32   42.458099    0.000023    0.000022    0.040050    0.017383    0.101483
 33   42.267914   -0.000031    0.000010    0.011316    0.029411   -0.058255
 34   42.506012    0.000088    0.000026   -0.008873    0.018164   -0.141981
 35   42.233154   -0.000026    0.000011   -0.010863    0.004224   -0.069199
 36   42.352173   -0.000080    0.000044   -0.001442    0.052087   -0.049640
 37   42.391663    0.000069    0.000011   -0.007936    0.152230   -0.071328
 38   42.497650    0.000015    0.000008   -0.041591    0.234454   -0.127823
 39   42.272583    0.000107    0.000046   -0.106209    0.298283   -0.164893
 40   29.239353  106.746613    1.740831    0.001068   -0.670994    1.671966
 41   42.375061   -0.000008    0.000008   -0.027969    0.242785   -0.041144
 42   42.546127    0.000001    0.000000   -0.015379    0.174723   -0.036061
 43   42.234451   -0.000001    0.000000   -0.002635    0.154928   -0.010614
 44   42.465103   -0.000009   -0.000006    0.001724    0.240450    0.017552
 45   42.458023   -0.000009    0.000000   -0.001819    0.222673    0.011536
 46   42.267883    0.000013    0.000015    0.000887   -0.066734   -0.002301
 47   42.505829   -0.000009    0.000023    0.003483   -0.214132   -0.011646
 48   42.233185   -0.000009   -0.000004    0.000360   -0.116474   -0.004241
 49   42.352325   -0.000001    0.000006    0.000217   -0.145394    0.007201
 50   42.391693    0.000008    0.000000    0.002096   -0.193764    0.011389
 51   42.497711    0.000000    0.000000    0.004510   -0.214259    0.010656
 52   42.272675   -0.000004    0.000031    0.004838   -0.123632    0.006790
 53   33.767918   50.706905  -91.410362   -0.615903    0.477358    1.491206
 54   42.375076   -0.000008   -0.000015   -0.016574    0.212257    0.160770
 55   42.546066    0.000037    0.000000   -0.014223    0.195367    0.170959
 56   42.234558   -0.000023    0.000009   -0.015226    0.178774    0.124375
 57   42.465042    0.000046    0.000008   -0.002890    0.173391    0.102107
 58   42.458099    0.000023    0.000015   -0.022105    0.053904    0.037706
 59   42.267914   -0.000092    0.000015   -0.022981   -0.053738   -0.022405
 60   42.505890    0.000107    0.000015   -0.012051   -0.019822    0.023530
 61   42.233215   -0.000046    0.000008    0.046393   -0.243431   -0.245379
 62   42.352264    0.000015    0.000000    0.020672   -0.215056   -0.220498
 63   42.391663    0.000038   -0.000031   -0.006208   -0.103705   -0.101460
 64   42.497589    0.000107   -0.000061   -0.005596   -0.067140   -0.067006
 65   42.272644    0.000046   -0.000031   -0.004756   -0.030722   -0.031091
 66   31.995697  -56.044857  -91.665764   -0.588177    0.810422   -1.209124
 67   42.375099    0.000005   -0.000008    0.093182    0.130323    0.055335
 68   42.546112   -0.000003    0.000028    0.054482    0.085343    0.028202
 69   42.234467    0.000038   -0.000016    0.038706    0.144103    0.036012
 70   42.465012   -0.000018   -0.000023    0.037629    0.161650    0.051822
 71   42.458099    0.000032   -0.000023    0.024143   -0.008491   -0.019747
 72   42.267944   -0.000068   -0.000023    0.013644   -0.173155   -0.091369
 73   42.505951    0.000067   -0.000031    0.008187   -0.173378   -0.091320
 74   42.233032    0.000000   -0.000038   -0.002713   -0.097847   -0.055695
 75   42.352142   -0.000015    0.000000    0.005470   -0.087159   -0.056129
 76   42.391693    0.000000   -0.000046    0.022274   -0.149255   -0.093928
 77   42.497498    0.000046    0.000015    0.038182   -0.195346   -0.117939
 78   42.272644    0.000015    0.000061    0.020992   -0.088219   -0.049483
 79   29.239317 -106.786255    1.740913   -0.001095   -0.385349   -1.469780
 80   42.375122   -0.000001   -0.000004   -0.009618    0.128005   -0.024686
 81   42.546051    0.000001    0.000000   -0.010126    0.158262   -0.039532
 82   42.234482    0.000001   -0.000011   -0.001369    0.129123   -0.013859
 83   42.465027    0.000003   -0.000004   -0.001954    0.008891    0.064511
 84   42.458069   -0.000008    0.000002   -0.001376    0.026782    0.035122
 85   42.267975   -0.000007   -0.000008    0.003678    0.094851   -0.054949
 86   42.506012   -0.000003    0.000011    0.015367    0.085526   -0.093225
 87   42.233032    0.000011   -0.000015    0.001565    0.093775   -0.005960
 88   42.352295    0.000000    0.000000   -0.031243    0.151770    0.083142
 89   42.391724    0.000000   -0.000015   -0.042385    0.154971    0.072323
 90   42.497559    0.000000   -0.000122   -0.055929    0.135685    0.066642
 91   42.272552   -0.000008    0.000000   -0.028114    0.048196    0.027255
time 78
  0    0.000000    0.000000    0.000000    0.000000   -0.000000    0.000000
  1    0.000000    0.000000    0.000000    0.000000   -0.000000    0.000000
  2    0.000000   21.953423  -21.026371    0.491503   -1.503779    1.079228
  3   50.309212   -0.435478    0.000002    0.040634    0.172147   -0.276138
  4   30.891541   -0.000011    0.000000    0.064173    0.241692   -0.394780
  5   34.635597    0.000008   -0.000004    0.105310    0.183682   -0.279363
  6   30.584290    0.000019   -0.000006    0.096659   -0.057114   -0.234769
  7   31.520187    0.000000   -0.000006    0.021979   -0.121435   -0.215720
  8   34.241188  -28.000023  -41.878006    1.000784    0.447491   -0.761297
  9   34.241127   23.441803  -41.878105   -1.136969    0.503160   -0.539636
 10   35.246712  -52.543079    1.319139    0.084728    0.109067   -0.715717
 11   35.246544   52.726334    1.318926    0.226580    0.090271   -0.497962
 12   34.830040  -24.891922   45.588615   -0.796194   -0.191594   -1.187091
 13   34.885780   27.636597   43.767830    0.727397   -0.306246   -0.679876
 14   29.239309  -51.573368   94.292953    0.822369   -0.934806   -1.528934
 15   42.375084   -0.000006   -0.000004   -0.103285    0.030258   -0.056332
 16   42.546082    0.000031    0.000002   -0.053943    0.050435   -0.075122
 17   42.234512    0.000019   -0.000009   -0.022596    0.107970   -0.150179
 18   42.465027    0.000023    0.000008   -0.024263    0.011969    0.005719
 19   42.458069   -0.000046    0.000015   -0.041824    0.057245    0.007146
 20   42.267944    0.000015    0.000004   -0.014566   -0.079331    0.056776
 21   42.505981    0.000050    0.000034   -0.034357   -0.376363    0.222425
 22   42.233154   -0.000004   -0.000038   -0.033174   -0.328129    0.183353
 23   42.352264    0.000038   -0.000015   -0.016415   -0.183336    0.122734
 24   42.391724   -0.000031   -0.000061   -0.004803   -0.202956    0.168704
 25   42.497452    0.000046    0.000000    0.019419   -0.210542    0.175638
 26   42.272797    0.000092    0.000000    0.074046   -0.155775    0.133270
 27   29.239336   55.382603   92.214928    0.482385   -1.020199    1.697169
 28   42.375053    0.000000   -0.000013    0.046336   -0.047540    0.009732
 29   42.546097   -0.000017    0.000004    0.035439   -0.055452   -0.004642
 30   42.234451    0.000065   -0.000013    0.025458   -0.035012    0.018735
 31   42.465027   -0.000053    0.000002    0.031223    0.024580    0.101112
 32   42.458115    0.000000   -0.000006    0.040515    0.010858    0.106190
 33   42.267853    0.000008    0.000011    0.010939    0.030815   -0.059625
 34   42.506042    0.000080    0.000017   -0.010056    0.023852   -0.147269
 35   42.233124   -0.000031   -0.000001   -0.011067    0.006843   -0.071756
 36   42.352173   -0.000092   -0.000011   -0.001509    0.053451   -0.051092
 37   42.391724    0.000038   -0.000004   -0.008267    0.153805   -0.073088
 38   42.497711    0.000023   -0.000023   -0.042983    0.238107   -0.131332
 39   42.272522    0.000092   -0.000015   -0.109991    0.302186   -0.168787
 40   29.239346  106.746651    1.740833    0.001011   -0.675050    1.669173
 41   42.375061   -0.000008   -0.000008   -0.027494    0.243018   -0.040164
 42   42.546089    0.000009    0.000004   -0.015184    0.174572   -0.035264
 43   42.234451    0.000000   -0.000011   -0.002645    0.154896   -0.010480
 44   42.465057   -0.000009   -0.000007    0.001807    0.243025    0.017659
 45   42.458023    0.000007    0.000015   -0.001887    0.229867    0.012086
 46   42.267853   -0.000009    0.000000    0.000871   -0.063943   -0.002226
 47   42.505859    0.000000   -0.000008    0.003682   -0.218783   -0.011985
 48   42.233093    0.000001    0.000004    0.000398   -0.119203   -0.004476
 49   42.352203    0.000007    0.000017    0.000205   -0.146052    0.007062
 50   42.391724    0.000008    0.000000    0.002045   -0.193025    0.011135
 51   42.497742    0.000000   -0.000015    0.004338   -0.212550    0.010293
 52   42.272736    0.000000   -0.000031    0.004605   -0.121957    0.006513
 53   33.542015   50.706917  -91.409279   -0.618704    0.472364    1.490388
 54   42.375092    0.000000   -0.000015   -0.015005    0.215561    0.165437
 55   42.546112    0.000026   -0.000004   -0.013669    0.196727    0.173928
 56   42.234558   -0.000034   -0.000013   -0.015168    0.178581    0.125435
 57   42.464981    0.000057    0.000015   -0.002407    0.176214    0.105147
 58   42.458099    0.000038    0.000023   -0.022093    0.054590    0.038598
 59   42.268036   -0.000107    0.000031   -0.023157   -0.055925   -0.023986
 60   42.505890    0.000099    0.000008   -0.012025   -0.022345    0.020833
 61   42.233215   -0.000031    0.000000    0.047366   -0.246132   -0.249508
 62   42.352264    0.000013    0.000008    0.020880   -0.216152   -0.222148
 63   42.391724    0.000015   -0.000015   -0.006200   -0.104567   -0.102621
 64   42.497589    0.000076   -0.000046   -0.005648   -0.067608   -0.067690
 65   42.272675    0.000031   -0.000015   -0.004795   -0.030790   -0.031266
 66   31.839945  -56.044842  -91.650627   -0.592969    0.815284   -1.213683
 67   42.375107   -0.000005   -0.000004    0.092676    0.123583    0.049255
 68   42.546097    0.000000    0.000018    0.053735    0.077767    0.022163
 69   42.234467    0.000026    0.000005    0.038973    0.154027    0.044755
 70   42.465012   -0.000035    0.000008    0.038770    0.170038    0.060150
 71   42.458069    0.000042    0.000000    0.024293   -0.006242   -0.018145
 72   42.267883   -0.000065   -0.000015    0.013757   -0.174943   -0.094419
 73   42.505920    0.000078   -0.000032    0.008949   -0.181144   -0.097548
 74   42.233063    0.000004   -0.000042   -0.002261   -0.102852   -0.059459
 75   42.352203   -0.000015    0.000008    0.005976   -0.091569   -0.059317
 76   42.391785    0.000008    0.000000    0.023777   -0.156190   -0.099031
 77   42.497498    0.000061    0.000046    0.040423   -0.199805   -0.121487
 78   42.272675    0.000015   -0.000031    0.021779   -0.087735   -0.049344
 79   29.239304 -106.786232    1.740910   -0.001036   -0.386584   -1.470016
 80   42.375092   -0.000009    0.000000   -0.009746    0.127978   -0.024934
 81   42.546036    0.000000    0.000011   -0.010226    0.157212   -0.039725
 82   42.234512   -0.000006   -0.000003   -0.001400    0.128349   -0.013849
 83   42.465118    0.000010   -0.000001   -0.001752    0.011366    0.064408
 84   42.458130    0.000010    0.000002   -0.001361    0.028118    0.035252
 85   42.267853   -0.000008    0.000006    0.003723    0.094548   -0.055009
 86   42.506073    0.000007    0.000027    0.015525    0.084955   -0.093942
 87   42.233032    0.000008    0.000008    0.001560    0.095568   -0.005943
 88   42.352356    0.000004    0.000031   -0.031624    0.155422    0.083521
 89   42.391724    0.000003    0.000015   -0.042685    0.156741    0.071733
 90   42.497559    0.000000    0.000061   -0.056091    0.135909    0.065732
 91   42.272552   -0.000015    0.000031   -0.027978    0.047909    0.026718
time 79
  0    0.000000    0.000000    0.000000    0.000000   -0.000000    0.000000
  1    0.000000    0.000000    0.000000    0.000000   -0.000000    0.000000
  2    0.000000   21.953423  -21.026371    0.501582   -1.506169    1.069149
  3   50.309212   -0.435479    0.000004    0.036649    0.188816   -0.305101
  4   30.891541   -0.000010    0.000002    0.063668    0.240997   -0.393243
  5   34.635590    0.000004    0.000004    0.102021    0.182970   -0.288712
  6   30.584290    0.000019    0.000006    0.093514   -0.060893   -0.215719
  7   31.520195    0.000000    0.000006    0.006735   -0.125993   -0.095594
  8   34.241180  -28.000031  -41.877998    0.896269    0.436661   -0.807783
  9   34.241104   23.441803  -41.878098   -1.184802    0.437380   -0.455515
 10   35.246704  -52.543083    1.319134    0.045606    0.113056   -0.755795
 11   35.246536   52.726303    1.318924    0.211116    0.041524   -0.417393
 12   34.830017  -24.891937   45.588600   -0.665562   -0.174178   -1.186679
 13   34.885773   27.636574   43.767815    0.688258   -0.337498   -0.562497
 14   29.239319  -51.573349   94.292976    0.818652   -0.936576   -1.522939
 15   42.375061    0.000004   -0.000012   -0.103104    0.030603   -0.057394
 16   42.546082    0.000031   -0.000005   -0.053845    0.051085   -0.076592
 17   42.234451    0.000011   -0.000015   -0.022345    0.109788   -0.153556
 18   42.465012    0.000008    0.000004   -0.024047    0.011997    0.004940
 19   42.458084   -0.000072   -0.000004   -0.042068    0.055905    0.008283
 20   42.267914    0.000004    0.000000   -0.014686   -0.078738    0.056914
 21   42.505798   -0.000013    0.000013   -0.034792   -0.376527    0.224529
 22   42.233215   -0.000034   -0.000038   -0.033617   -0.329659    0.185959
 23   42.352203    0.000015    0.000015   -0.016275   -0.183039    0.123373
 24   42.391724   -0.000031   -0.000031   -0.004286   -0.201898    0.168991
 25   42.497543    0.000015   -0.000031    0.020939   -0.209935    0.176682
 26   42.272781    0.000122   -0.000031    0.078099   -0.155209    0.134326
 27   29.239334   55.382607   92.214943    0.493950   -1.013088    1.684587
 28   42.375076    0.000000   -0.000006    0.046396   -0.048361    0.011852
 29   42.546082   -0.000025   -0.000002    0.035652   -0.055056   -0.003270
 30   42.234497    0.000059   -0.000010    0.025522   -0.036115    0.021200
 31   42.465073   -0.000046    0.000000    0.031088    0.017773    0.107019
 32   42.458054    0.000004   -0.000004    0.040951    0.004431    0.110849
 33   42.267853   -0.000015    0.000000    0.010573    0.032188   -0.060882
 34   42.506042    0.000084   -0.000003   -0.011271    0.029522   -0.152539
 35   42.233063   -0.000051   -0.000021   -0.011283    0.009453   -0.074366
 36   42.352173   -0.000099   -0.000013   -0.001575    0.054793   -0.052551
 37   42.391663   -0.000004   -0.000038   -0.008587    0.155343   -0.074843
 38   42.497711    0.000015   -0.000015   -0.044384    0.241740   -0.134837
 39   42.272644    0.000137    0.000000   -0.113845    0.306056   -0.172664
 40   29.239349  106.746651    1.740847    0.000955   -0.679110    1.666224
 41   42.375046    0.000008    0.000008   -0.026981    0.243266   -0.039138
 42   42.546104    0.000001    0.000015   -0.014966    0.174454   -0.034430
 43   42.234451   -0.000001    0.000013   -0.002647    0.154777   -0.010326
 44   42.465057   -0.000008    0.000010    0.001891    0.245420    0.017765
 45   42.458023    0.000000    0.000015   -0.001955    0.237202    0.012665
 46   42.267883    0.000002    0.000046    0.000854   -0.060964   -0.002147
 47   42.505829    0.000004    0.000038    0.003900   -0.223383   -0.012363
 48   42.233124    0.000009    0.000023    0.000440   -0.121999   -0.004734
 49   42.352173   -0.000000    0.000030    0.000193   -0.146723    0.006938
 50   42.391693   -0.000008    0.000023    0.001999   -0.192326    0.010912
 51   42.497620    0.000000   -0.000015    0.004182   -0.210918    0.009964
 52   42.272797    0.000008    0.000031    0.004393   -0.120318    0.006261
 53   33.318954   50.706909  -91.408234   -0.621674    0.467339    1.489445
 54   42.375069   -0.000008   -0.000008   -0.013368    0.218855    0.170230
 55   42.546082    0.000030    0.000004   -0.013113    0.198035    0.176918
 56   42.234497   -0.000025   -0.000015   -0.015117    0.178352    0.126496
 57   42.464996    0.000057    0.000011   -0.001923    0.179029    0.108253
 58   42.458008    0.000031    0.000015   -0.022090    0.055259    0.039499
 59   42.267883   -0.000084    0.000015   -0.023321   -0.058176   -0.025664
 60   42.505829    0.000099    0.000015   -0.011972   -0.024949    0.018026
 61   42.233154   -0.000046   -0.000008    0.048278   -0.248510   -0.253387
 62   42.352264    0.000006    0.000004    0.021116   -0.217359   -0.224022
 63   42.391663    0.000053    0.000046   -0.006191   -0.105553   -0.103951
 64   42.497620    0.000061   -0.000031   -0.005716   -0.068157   -0.068492
 65   42.272705    0.000031   -0.000031   -0.004840   -0.030825   -0.031422
 66   31.688183  -56.044861  -91.635864   -0.597864    0.820154   -1.218413
 67   42.375099   -0.000008   -0.000011    0.092210    0.116682    0.043044
 68   42.546097   -0.000005    0.000021    0.053052    0.070106    0.016098
 69   42.234497    0.000035   -0.000009    0.039333    0.164144    0.053738
 70   42.465073   -0.000046   -0.000023    0.039979    0.178367    0.068424
 71   42.458099    0.000029   -0.000023    0.024457   -0.003909   -0.016479
 72   42.267944   -0.000072    0.000000    0.013847   -0.176365   -0.097179
 73   42.506012    0.000072   -0.000010    0.009777   -0.189138   -0.103965
 74   42.233093   -0.000015   -0.000023   -0.001769   -0.108116   -0.063418
 75   42.352173   -0.000038   -0.000031    0.006530   -0.096203   -0.062681
 76   42.391754    0.000023   -0.000092    0.025396   -0.163301   -0.104299
 77   42.497681    0.000046   -0.000031    0.042772   -0.204065   -0.124892
 78   42.272766    0.000000    0.000031    0.022610   -0.087115   -0.049087
 79   29.239311 -106.786217    1.740902   -0.000978   -0.387816   -1.470373
 80   42.375107   -0.000007    0.000000   -0.009861    0.127938   -0.025147
 81   42.546051   -0.000006    0.000004   -0.010315    0.156160   -0.039876
 82   42.234512    0.000002   -0.000011   -0.001429    0.127598   -0.013817
 83   42.465118   -0.000005   -0.000007   -0.001552    0.013826    0.064287
 84   42.458038    0.000010   -0.000004   -0.001344    0.029452    0.035378
 85   42.267853    0.000001   -0.000004    0.003767    0.094251   -0.055063
 86   42.506073   -0.000008    0.000023    0.015683    0.084391   -0.094660
 87   42.233124    0.000008    0.000000    0.001555    0.097393   -0.005926
 88   42.352295    0.000011    0.000000   -0.032004    0.159056    0.083879
 89   42.391785   -0.000007    0.000000   -0.042973    0.158430    0.071126
 90   42.497528   -0.000004    0.000000   -0.056228    0.136067    0.064819
 91   42.272552    0.000008    0.000061   -0.027829    0.047599    0.026186
time 80
  0    0.000000    0.000000    0.000000    0.000000   -0.000000    0.000000
  1    0.000000    0.000000    0.000000    0.000000   -0.000000    0.000000
  2    0.000000   21.953423  -21.026371    0.511644   -1.508558    1.059091
  3   50.309212   -0.435479    0.000006    0.034977    0.195372   -0.317246
  4   30.891541   -0.000010    0.000006    0.063121    0.240245   -0.391580
  5   34.635597    0.000004    0.000002    0.099657    0.182785   -0.299927
  6   30.584297    0.000015    0.000002    0.091449   -0.062330   -0.208180
  7   31.520172    0.000000   -0.000002   -0.003923   -0.127802   -0.045218
  8   34.241196  -28.000053  -41.878014    0.662817    0.413023   -0.868040
  9   34.241119   23.441788  -41.878098   -1.229797    0.367529   -0.260631
 10   35.246704  -52.543106    1.319141    0.002220    0.115869   -0.776375
 11   35.246552   52.726318    1.318933    0.190744   -0.014570   -0.215969
 12   34.830017  -24.891937   45.588615   -0.378170   -0.161168   -1.183798
 13   34.885788   27.636597   43.767838    0.652217   -0.387902   -0.341275
 14   29.239321  -51.573368   94.292946    0.815061   -0.938268   -1.517057
 15   42.375069   -0.000003   -0.000002   -0.102920    0.030926   -0.058432
 16   42.546082    0.000030    0.000003   -0.053745    0.051703   -0.078036
 17   42.234482    0.000011   -0.000004   -0.022089    0.111529   -0.156882
 18   42.465027    0.000015    0.000015   -0.023821    0.012056    0.004129
 19   42.458115   -0.000069    0.000019   -0.042314    0.054579    0.009418
 20   42.267944    0.000023    0.000008   -0.014810   -0.078125    0.057043
 21   42.505890    0.000002    0.000010   -0.035230   -0.376638    0.226640
 22   42.233093    0.000011    0.000015   -0.034061   -0.331158    0.188596
 23   42.352295    0.000023   -0.000031   -0.016133   -0.182733    0.124027
 24   42.391785   -0.000061   -0.000031   -0.003761   -0.200831    0.169286
 25   42.497559    0.000031    0.000000    0.022488   -0.209307    0.177736
 26   42.272720    0.000092   -0.000031    0.082229   -0.154625    0.135398
 27   29.239338   55.382626   92.214943    0.505237   -1.005842    1.672274
 28   42.375069    0.000006   -0.000001    0.046438   -0.049195    0.013986
 29   42.546097   -0.000015    0.000010    0.035852   -0.054664   -0.001871
 30   42.234467    0.000069   -0.000004    0.025572   -0.037271    0.023691
 31   42.465042   -0.000042    0.000002    0.030908    0.010921    0.112915
 32   42.458084    0.000015    0.000010    0.041356   -0.001887    0.115445
 33   42.267853   -0.000023   -0.000009    0.010222    0.033514   -0.062019
 34   42.505951    0.000076    0.000006   -0.012516    0.035160   -0.157778
 35   42.233124   -0.000027    0.000011   -0.011509    0.012053   -0.077022
 36   42.352264   -0.000095    0.000011   -0.001643    0.056107   -0.054017
 37   42.391693    0.000034   -0.000015   -0.008895    0.156832   -0.076587
 38   42.497681    0.000008    0.000008   -0.045784    0.245340   -0.138321
 39   42.272644    0.000137   -0.000046   -0.117759    0.309882   -0.176520
 40   29.239355  106.746651    1.740847    0.000899   -0.683175    1.663124
 41   42.375084    0.000000   -0.000008   -0.026429    0.243530   -0.038072
 42   42.546127   -0.000008    0.000000   -0.014726    0.174371   -0.033561
 43   42.234497    0.000001   -0.000011   -0.002644    0.154573   -0.010152
 44   42.465134    0.000000   -0.000002    0.001976    0.247623    0.017868
 45   42.458069    0.000009   -0.000015   -0.002022    0.244677    0.013274
 46   42.267914   -0.000008    0.000000    0.000832   -0.057787   -0.002062
 47   42.505951    0.000001    0.000008    0.004137   -0.227928   -0.012778
 48   42.233185    0.000016   -0.000015    0.000487   -0.124865   -0.005012
 49   42.352264   -0.000013    0.000003    0.000182   -0.147405    0.006829
 50   42.391693   -0.000006    0.000000    0.001959   -0.191662    0.010721
 51   42.497650    0.000006   -0.000031    0.004041   -0.209355    0.009669
 52   42.272675    0.000008    0.000061    0.004202   -0.118724    0.006033
 53   33.099037   50.706909  -91.407219   -0.624809    0.462282    1.488383
 54   42.375099   -0.000008    0.000008   -0.011658    0.222141    0.175151
 55   42.546036    0.000032    0.000019   -0.012559    0.199289    0.179923
 56   42.234497   -0.000008   -0.000008   -0.015073    0.178087    0.127555
 57   42.465012    0.000065    0.000008   -0.001437    0.181837    0.111429
 58   42.458099    0.000031    0.000008   -0.022094    0.055912    0.040412
 59   42.268005   -0.000069    0.000008   -0.023470   -0.060497   -0.027443
 60   42.505981    0.000092    0.000008   -0.011896   -0.027621    0.015116
 61   42.233154   -0.000046   -0.000015    0.049131   -0.250585   -0.257034
 62   42.352295    0.000036    0.000027    0.021387   -0.218680   -0.226114
 63   42.391663    0.000061    0.000000   -0.006188   -0.106657   -0.105450
 64   42.497650    0.000076   -0.000046   -0.005797   -0.068782   -0.069404
 65   42.272766    0.000015    0.000000   -0.004891   -0.030831   -0.031563
 66   31.540462  -56.044872  -91.621429   -0.602865    0.825025   -1.223318
 67   42.375076    0.000001    0.000011    0.091787    0.109628    0.036713
 68   42.546127   -0.000008    0.000015    0.052439    0.062374    0.010018
 69   42.234467    0.000021   -0.000005    0.039790    0.174427    0.062937
 70   42.465027   -0.000036   -0.000027    0.041252    0.186635    0.076643
 71   42.458099    0.000031   -0.000038    0.024632   -0.001495   -0.014749
 72   42.267914   -0.000076   -0.000008    0.013911   -0.177395   -0.099629
 73   42.505981    0.000054    0.000004    0.010670   -0.197344   -0.110564
 74   42.233154    0.000000   -0.000015   -0.001229   -0.113642   -0.067580
 75   42.352173   -0.000015    0.000023    0.007129   -0.101056   -0.066215
 76   42.391815    0.000015   -0.000015    0.027131   -0.170539   -0.109704
 77   42.497467    0.000061    0.000015    0.045225   -0.208099   -0.128125
 78   42.272705    0.000015    0.000000    0.023502   -0.086408   -0.048744
 79   29.239313 -106.786247    1.740898   -0.000919   -0.389043   -1.470849
 80   42.375076   -0.000007   -0.000004   -0.009964    0.127891   -0.025329
 81   42.546066    0.000001    0.000008   -0.010393    0.155103   -0.039981
 82   42.234497    0.000001   -0.000013   -0.001456    0.126868   -0.013767
 83   42.465073    0.000002   -0.000007   -0.001353    0.016266    0.064146
 84   42.458130    0.000005   -0.000011   -0.001328    0.030780    0.035502
 85   42.267883   -0.000008   -0.000010    0.003809    0.093960   -0.055109
 86   42.505951    0.000014    0.000008    0.015842    0.083831   -0.095376
 87   42.233093   -0.000008   -0.000023    0.001551    0.099242   -0.005915
 88   42.352325   -0.000004    0.000000   -0.032381    0.162663    0.084209
 89   42.391754    0.000001   -0.000031   -0.043246    0.160041    0.070505
 90   42.497528   -0.000008    0.000000   -0.056342    0.136166    0.063910
 91   42.272552   -0.000015    0.000092   -0.027676    0.047290    0.025667
time 81
  0    0.000000    0.000000    0.000000    0.000000   -0.000000    0.000000
  1    0.000000    0.000000    0.000000    0.000000   -0.000000    0.000000
  2    0.000000   21.953423  -21.026371    0.521689   -1.510941    1.049049
  3   50.309219   -0.435479    0.000004    0.034977    0.195372   -0.317246
  4   30.891544   -0.000013   -0.000002    0.062536    0.239441   -0.389803
  5   34.635612    0.000006    0.000002    0.098255    0.189527   -0.316619
  6   30.584290    0.000019    0.000006    0.090472   -0.054176   -0.227016
  7   31.520203    0.000008    0.000004   -0.009596   -0.121796   -0.045257
  8   34.241188  -28.000034  -41.878010    0.420568    0.381676   -0.920216
  9   34.241127   23.441811  -41.878109   -1.270347    0.300757   -0.011199
 10   35.246696  -52.543083    1.319134   -0.032958    0.117536   -0.783958
 11   35.246559   52.726311    1.318932    0.168908   -0.070782    0.045881
 12   34.830040  -24.891918   45.588619   -0.090778   -0.149012   -1.175978
 13   34.885780   27.636581   43.767830    0.620951   -0.446384   -0.072035
 14   29.239315  -51.573372   94.293015    0.811598   -0.939884   -1.511294
 15   42.375084    0.000001   -0.000008   -0.102734    0.031228   -0.059447
 16   42.546066    0.000030    0.000009   -0.053644    0.052283   -0.079446
 17   42.234451    0.000011   -0.000018   -0.021829    0.113190   -0.160150
 18   42.465012    0.000015    0.000019   -0.023584    0.012152    0.003277
 19   42.458115   -0.000050   -0.000008   -0.042564    0.053268    0.010555
 20   42.267883    0.000011   -0.000019   -0.014935   -0.077473    0.057151
 21   42.505920    0.000013    0.000010   -0.035665   -0.376666    0.228741
 22   42.233185    0.000015   -0.000038   -0.034511   -0.332654    0.191277
 23   42.352295    0.000008   -0.000031   -0.015985   -0.182428    0.124694
 24   42.391724    0.000031    0.000000   -0.003232   -0.199754    0.169589
 25   42.497437    0.000076   -0.000031    0.024062   -0.208665    0.178806
 26   42.272797    0.000092   -0.000031    0.086426   -0.154020    0.136479
 27   29.239328   55.382641   92.214996    0.516240   -0.998483    1.660240
 28   42.375092    0.000000   -0.000009    0.046461   -0.050035    0.016129
 29   42.546127   -0.000015    0.000000    0.036038   -0.054273   -0.000448
 30   42.234467    0.000055   -0.000017    0.025606   -0.038472    0.026195
 31   42.465057   -0.000034    0.000004    0.030684    0.004045    0.118779
 32   42.458084    0.000008    0.000004    0.041732   -0.008089    0.119981
 33   42.267853   -0.000023    0.000008    0.009888    0.034778   -0.063019
 34   42.505981    0.000092    0.000010   -0.013786    0.040753   -0.162970
 35   42.233124   -0.000057    0.000001   -0.011748    0.014646   -0.079729
 36   42.352234   -0.000103    0.000010   -0.001711    0.057396   -0.055485
 37   42.391724    0.000076    0.000000   -0.009190    0.158270   -0.078315
 38   42.497589    0.000008   -0.000046   -0.047181    0.248894   -0.141778
 39   42.272675    0.000092   -0.000031   -0.121725    0.313663   -0.180347
 40   29.239344  106.746674    1.740839    0.000844   -0.687245    1.659875
 41   42.375069    0.000006   -0.000031   -0.025838    0.243810   -0.036963
 42   42.546112   -0.000001    0.000000   -0.014464    0.174319   -0.032659
 43   42.234451    0.000002    0.000000   -0.002633    0.154293   -0.009959
 44   42.465088    0.000000   -0.000004    0.002063    0.249638    0.017967
 45   42.458054   -0.000010    0.000023   -0.002088    0.252282    0.013911
 46   42.268005   -0.000002    0.000031    0.000806   -0.054403   -0.001968
 47   42.505920    0.000000    0.000015    0.004393   -0.232413   -0.013227
 48   42.233154    0.000001    0.000008    0.000539   -0.127806   -0.005315
 49   42.352203    0.000001    0.000014    0.000171   -0.148097    0.006736
 50   42.391754   -0.000006    0.000000    0.001923   -0.191032    0.010560
 51   42.497620   -0.000001   -0.000015    0.003913   -0.207856    0.009405
 52   42.272766    0.000000    0.000092    0.004029   -0.117182    0.005827
 53   32.882465   50.706902  -91.406204   -0.628104    0.457194    1.487205
 54   42.375092   -0.000015   -0.000015   -0.009876    0.225415    0.180200
 55   42.546066    0.000031    0.000031   -0.012006    0.200491    0.182941
 56   42.234558   -0.000032    0.000014   -0.015038    0.177788    0.128611
 57   42.465012    0.000053    0.000011   -0.000951    0.184639    0.114674
 58   42.458038    0.000038   -0.000031   -0.022107    0.056549    0.041334
 59   42.267975   -0.000076    0.000008   -0.023602   -0.062887   -0.029330
 60   42.505920    0.000099    0.000000   -0.011793   -0.030342    0.012120
 61   42.233185   -0.000069   -0.000031    0.049928   -0.252376   -0.260455
 62   42.352295    0.000001   -0.000004    0.021689   -0.220123   -0.228433
 63   42.391693    0.000023   -0.000046   -0.006189   -0.107880   -0.107118
 64   42.497528    0.000031    0.000000   -0.005893   -0.069483   -0.070426
 65   42.272827    0.000031    0.000000   -0.004950   -0.030811   -0.031692
 66   31.396816  -56.044891  -91.607391   -0.607970    0.829894   -1.228396
 67   42.375122   -0.000007   -0.000011    0.091411    0.102426    0.030269
 68   42.546112    0.000001    0.000011    0.051899    0.054588    0.003938
 69   42.234467    0.000040   -0.000014    0.040347    0.184842    0.072323
 70   42.464966   -0.000035   -0.000015    0.042588    0.194843    0.084807
 71   42.458130    0.000015    0.000000    0.024821    0.000989   -0.012960
 72   42.267914   -0.000061    0.000000    0.013948   -0.178015   -0.101753
 73   42.505981    0.000068    0.000000    0.011631   -0.205750   -0.117340
 74   42.233124    0.000031   -0.000042   -0.000641   -0.119444   -0.071955
 75   42.352173   -0.000038   -0.000015    0.007784   -0.106126   -0.069924
 76   42.391785    0.000008   -0.000046    0.028980   -0.177871   -0.115216
 77   42.497528    0.000046   -0.000031    0.047781   -0.211864   -0.131157
 78   42.272705    0.000000    0.000000    0.024456   -0.085594   -0.048297
 79   29.239311 -106.786316    1.740892   -0.000862   -0.390260   -1.471445
 80   42.375114    0.000001   -0.000008   -0.010055    0.127835   -0.025476
 81   42.546082   -0.000007    0.000011   -0.010460    0.154048   -0.040042
 82   42.234512    0.000010    0.000001   -0.001480    0.126159   -0.013697
 83   42.465103    0.000005    0.000015   -0.001156    0.018682    0.063987
 84   42.458099    0.000009    0.000010   -0.001310    0.032103    0.035621
 85   42.267944   -0.000006    0.000013    0.003852    0.093675   -0.055148
 86   42.505951   -0.000006    0.000031    0.016000    0.083277   -0.096091
 87   42.233002    0.000008    0.000008    0.001548    0.101113   -0.005907
 88   42.352295    0.000004    0.000031   -0.032754    0.166236    0.084514
 89   42.391693    0.000004    0.000000   -0.043504    0.161567    0.069872
 90   42.497589    0.000000    0.000061   -0.056433    0.136213    0.063004
 91   42.272491    0.000023    0.000000   -0.027514    0.046971    0.025158
time 82
  0    0.000000    0.000000    0.000000    0.000000   -0.000000    0.000000
  1    0.000000    0.000000    0.000000    0.000000   -0.000000    0.000000
  2    0.000000   21.953423  -21.026371    0.531706   -1.513316    1.039034
  3   50.309208   -0.435479    0.000004    0.034977    0.195372   -0.317246
  4   30.891544   -0.000011    0.000004    0.061918    0.238590   -0.387922
  5   34.635597    0.000013    0.000006    0.097260    0.205605   -0.339026
  6   30.584290    0.000015    0.000004    0.089945   -0.034733   -0.271933
  7   31.520187    0.000000    0.000004   -0.012969   -0.107421   -0.045523
  8   34.241188  -28.000031  -41.878014    0.289660    0.347719   -0.942464
  9   34.241112   23.441803  -41.878117   -1.304843    0.244213    0.236567
 10   35.246712  -52.543083    1.319137   -0.047455    0.118085   -0.785041
 11   35.246529   52.726318    1.318928    0.149048   -0.119883    0.307731
 12   34.830025  -24.891922   45.588615    0.039854   -0.134158   -1.160749
 13   34.885780   27.636597   43.767838    0.596140   -0.501868    0.189396
 14   29.239311  -51.573391   94.292923    0.808268   -0.941424   -1.505655
 15   42.375076   -0.000002    0.000003   -0.102546    0.031510   -0.060438
 16   42.546097    0.000029   -0.000008   -0.053542    0.052830   -0.080827
 17   42.234497    0.000010   -0.000005   -0.021564    0.114770   -0.163360
 18   42.464996   -0.000004    0.000000   -0.023340    0.012275    0.002398
 19   42.458069   -0.000069   -0.000004   -0.042816    0.051975    0.011686
 20   42.267944    0.000015   -0.000011   -0.015064   -0.076806    0.057254
 21   42.505920   -0.000006    0.000000   -0.036100   -0.376638    0.230842
 22   42.233246   -0.000031   -0.000015   -0.034960   -0.334115    0.193983
 23   42.352295    0.000069   -0.000015   -0.015834   -0.182112    0.125372
 24   42.391754   -0.000015    0.000061   -0.002696   -0.198671    0.169900
 25   42.497528    0.000031   -0.000031    0.025664   -0.208001    0.179883
 26   42.272781    0.000122    0.000061    0.090683   -0.153397    0.137577
 27   29.239323   55.382587   92.214912    0.526958   -0.991037    1.648486
 28   42.375061    0.000005   -0.000007    0.046465   -0.050878    0.018278
 29   42.546066   -0.000021    0.000007    0.036209   -0.053883    0.000996
 30   42.234467    0.000057   -0.000013    0.025627   -0.039710    0.028709
 31   42.465042   -0.000051    0.000008    0.030417   -0.002832    0.124602
 32   42.458069    0.000015   -0.000004    0.042079   -0.014167    0.124440
 33   42.267853   -0.000015    0.000011    0.009577    0.035969   -0.063881
 34   42.505981    0.000092    0.000002   -0.015079    0.046285   -0.168101
 35   42.233063   -0.000020    0.000023   -0.012001    0.017230   -0.082485
 36   42.352295   -0.000086    0.000006   -0.001777    0.058656   -0.056954
 37   42.391754    0.000061    0.000004   -0.009470    0.159645   -0.080019
 38   42.497742    0.000038    0.000000   -0.048566    0.252391   -0.145193
 39   42.272552    0.000168    0.000015   -0.125730    0.317395   -0.184142
 40   29.239336  106.746658    1.740808    0.000789   -0.691316    1.656481
 41   42.375046   -0.000008   -0.000008   -0.025208    0.244101   -0.035814
 42   42.546074   -0.000001   -0.000004   -0.014181    0.174298   -0.031727
 43   42.234436   -0.000001   -0.000010   -0.002615    0.153940   -0.009746
 44   42.465088   -0.000001   -0.000010    0.002149    0.251456    0.018060
 45   42.458069    0.000008   -0.000008   -0.002151    0.260009    0.014578
 46   42.267944   -0.000009    0.000000    0.000775   -0.050815   -0.001865
 47   42.505890   -0.000001    0.000000    0.004669   -0.236831   -0.013708
 48   42.233063    0.000000   -0.000023    0.000597   -0.130828   -0.005639
 49   42.352203    0.000005   -0.000017    0.000159   -0.148802    0.006657
 50   42.391693    0.000000   -0.000031    0.001892   -0.190431    0.010429
 51   42.497742   -0.000003   -0.000031    0.003799   -0.206417    0.009170
 52   42.272705   -0.000011   -0.000031    0.003873   -0.115669    0.005641
 53   32.669537   50.706913  -91.405159   -0.631555    0.452073    1.485916
 54   42.375092    0.000004   -0.000008   -0.008020    0.228677    0.185380
 55   42.546051    0.000041    0.000000   -0.011456    0.201637    0.185968
 56   42.234573   -0.000036    0.000014   -0.015009    0.177461    0.129665
 57   42.464996    0.000034    0.000031   -0.000464    0.187439    0.117991
 58   42.458054    0.000023    0.000031   -0.022129    0.057167    0.042263
 59   42.267975   -0.000076    0.000023   -0.023716   -0.065349   -0.031326
 60   42.505829    0.000092    0.000000   -0.011664   -0.033103    0.009044
 61   42.233215   -0.000046    0.000008    0.050670   -0.253904   -0.263673
 62   42.352295    0.000002    0.000008    0.022026   -0.221686   -0.230971
 63   42.391724    0.000031    0.000031   -0.006193   -0.109221   -0.108951
 64   42.497650    0.000046    0.000000   -0.006004   -0.070256   -0.071557
 65   42.272827   -0.000015   -0.000046   -0.005018   -0.030761   -0.031806
 66   31.257301  -56.044827  -91.593590   -0.613181    0.834753   -1.233649
 67   42.375092   -0.000009    0.000004    0.091086    0.095083    0.023721
 68   42.546112    0.000007    0.000027    0.051436    0.046758   -0.002131
 69   42.234467    0.000032   -0.000024    0.041006    0.195355    0.081869
 70   42.464966   -0.000034    0.000011    0.043984    0.202993    0.092917
 71   42.458130    0.000027   -0.000031    0.025022    0.003547   -0.011110
 72   42.267944   -0.000067   -0.000038    0.013955   -0.178192   -0.103530
 73   42.505920    0.000072   -0.000015    0.012661   -0.214339   -0.124285
 74   42.233154   -0.000008   -0.000027    0.000001   -0.125533   -0.076554
 75   42.352234   -0.000053    0.000000    0.008492   -0.111406   -0.073804
 76   42.391815    0.000000   -0.000031    0.030939   -0.185239   -0.120798
 77   42.497467    0.000046    0.000000    0.050437   -0.215341   -0.133962
 78   42.272675    0.000015    0.000031    0.025487   -0.084711   -0.047771
 79   29.239304 -106.786270    1.740929   -0.000805   -0.391466   -1.472159
 80   42.375099   -0.000000   -0.000004   -0.010131    0.127769   -0.025590
 81   42.546036    0.000001    0.000015   -0.010515    0.152994   -0.040058
 82   42.234497    0.000002   -0.000005   -0.001502    0.125473   -0.013609
 83   42.465027    0.000002    0.000005   -0.000961    0.021071    0.063809
 84   42.458069   -0.000006    0.000011   -0.001293    0.033416    0.035737
 85   42.267914   -0.000010    0.000010    0.003892    0.093395   -0.055179
 86   42.506042    0.000010    0.000031    0.016158    0.082730   -0.096803
 87   42.233063    0.000008    0.000008    0.001547    0.103000   -0.005908
 88   42.352234    0.000000    0.000031   -0.033122    0.169770    0.084791
 89   42.391754    0.000006    0.000015   -0.043747    0.163015    0.069228
 90   42.497559   -0.000011    0.000031   -0.056499    0.136206    0.062105
 91   42.272552   -0.000023   -0.000031   -0.027348    0.046648    0.024661
time 83
  0    0.000000    0.000000    0.000000    0.000000   -0.000000    0.000000
  1    0.000000    0.000000    0.000000    0.000000   -0.000000    0.000000
  2    0.000000   21.953424  -21.026375    0.541693   -1.515686    1.029050
  3   50.309219   -0.435479    0.000004    0.034977    0.195372   -0.317246
  4   30.891552   -0.000011   -0.000004    0.061269    0.237698   -0.385948
  5   34.635609    0.000006    0.000002    0.096617    0.224795   -0.361734
  6   30.584297    0.000019    0.000002    0.089696   -0.011526   -0.325543
  7   31.520203    0.000000    0.000008   -0.014679   -0.090141   -0.046248
  8   34.241203  -28.000038  -41.878014    0.261039    0.305203   -0.886917
  9   34.241127   23.441811  -41.878109   -1.331678    0.205043    0.426451
 10   35.246712  -52.543098    1.319136   -0.038367    0.092739   -0.733282
 11   35.246544   52.726334    1.318928    0.134608   -0.154644    0.509155
 12   34.830040  -24.891930   45.588623    0.000240   -0.112728   -1.119182
 13   34.885796   27.636597   43.767838    0.579461   -0.543280    0.387194
 14   29.239326  -51.573345   94.292946    0.805071   -0.942884   -1.500145
 15   42.375061   -0.000002   -0.000011   -0.102356    0.031770   -0.061404
 16   42.546082    0.000031    0.000008   -0.053438    0.053340   -0.082176
 17   42.234467    0.000023   -0.000008   -0.021293    0.116266   -0.166507
 18   42.464951    0.000019    0.000004   -0.023087    0.012430    0.001486
 19   42.458069   -0.000076   -0.000004   -0.043070    0.050702    0.012813
 20   42.267944    0.000011    0.000000   -0.015194   -0.076110    0.057339
 21   42.505890   -0.000019    0.000023   -0.036531   -0.376528    0.232925
 22   42.233185   -0.000023   -0.000008   -0.035413   -0.335557    0.196724
 23   42.352264    0.000031    0.000031   -0.015679   -0.181795    0.126062
 24   42.391693    0.000000    0.000031   -0.002153   -0.197579    0.170214
 25   42.497528    0.000046    0.000061    0.027283   -0.207323    0.180976
 26   42.272797    0.000031    0.000031    0.094987   -0.152754    0.138681
 27   29.239338   55.382652   92.215004    0.537390   -0.983527    1.637018
 28   42.375076   -0.000004   -0.000005    0.046449   -0.051718    0.020426
 29   42.546097   -0.000019    0.000006    0.036366   -0.053495    0.002461
 30   42.234482    0.000063   -0.000003    0.025633   -0.040974    0.031219
 31   42.465012   -0.000031    0.000017    0.030107   -0.009688    0.130366
 32   42.458069    0.000015    0.000013    0.042396   -0.020112    0.128824
 33   42.267883   -0.000008   -0.000002    0.009288    0.037075   -0.064594
 34   42.505981    0.000107   -0.000008   -0.016391    0.051743   -0.173156
 35   42.233002   -0.000026    0.000009   -0.012266    0.019808   -0.085288
 36   42.352234   -0.000099   -0.000015   -0.001845    0.059884   -0.058421
 37   42.391693    0.000072    0.000000   -0.009732    0.160955   -0.081693
 38   42.497650    0.000008   -0.000023   -0.049933    0.255820   -0.148558
 39   42.272583    0.000122    0.000000   -0.129763    0.321069   -0.187900
 40   29.239363  106.746635    1.740847    0.000735   -0.695389    1.652945
 41   42.375092    0.000000   -0.000015   -0.024539    0.244405   -0.034625
 42   42.546120    0.000000    0.000004   -0.013877    0.174307   -0.030766
 43   42.234467   -0.000007    0.000006   -0.002590    0.153521   -0.009514
 44   42.465073    0.000008    0.000008    0.002236    0.253083    0.018146
 45   42.458038   -0.000001    0.000000   -0.002211    0.267845    0.015270
 46   42.267944    0.000008    0.000015    0.000737   -0.047020   -0.001748
 47   42.505859   -0.000015    0.000015    0.004965   -0.241175   -0.014219
 48   42.233154    0.000006   -0.000004    0.000662   -0.133934   -0.005985
 49   42.352356   -0.000007    0.000005    0.000148   -0.149524    0.006592
 50   42.391663    0.000008    0.000000    0.001865   -0.189861    0.010325
 51   42.497528    0.000001    0.000031    0.003697   -0.205031    0.008963
 52   42.272736    0.000008    0.000031    0.003733   -0.114196    0.005475
 53   32.460510   50.706913  -91.404182   -0.635156    0.446918    1.484520
 54   42.375092   -0.000004   -0.000023   -0.006090    0.231923    0.190687
 55   42.546066    0.000044    0.000019   -0.010910    0.202728    0.189002
 56   42.234543   -0.000027    0.000001   -0.014988    0.177106    0.130715
 57   42.465012    0.000050    0.000015    0.000024    0.190238    0.121382
 58   42.458069    0.000053    0.000008   -0.022159    0.057773    0.043205
 59   42.268036   -0.000084    0.000015   -0.023810   -0.067883   -0.033436
 60   42.505951    0.000114    0.000008   -0.011509   -0.035884    0.005906
 61   42.233154   -0.000031    0.000015    0.051358   -0.255180   -0.266683
 62   42.352203   -0.000002   -0.000038    0.022398   -0.223381   -0.233744
 63   42.391632    0.000069   -0.000015   -0.006201   -0.110679   -0.110950
 64   42.497620    0.000015   -0.000015   -0.006134   -0.071100   -0.072796
 65   42.272675    0.000046    0.000000   -0.005094   -0.030682   -0.031902
 66   31.122002  -56.044872  -91.580292   -0.618496    0.839599   -1.239078
 67   42.375084   -0.000007    0.000011    0.090815    0.087606    0.017077
 68   42.546097   -0.000007    0.000017    0.051053    0.038900   -0.008178
 69   42.234436    0.000033   -0.000028    0.041766    0.205939    0.091548
 70   42.465057   -0.000039   -0.000008    0.045438    0.211086    0.100974
 71   42.458069    0.000027   -0.000015    0.025236    0.006163   -0.009209
 72   42.267914   -0.000046    0.000038    0.013929   -0.177919   -0.104947
 73   42.506042    0.000057   -0.000008    0.013762   -0.223085   -0.131388
 74   42.233154   -0.000031   -0.000027    0.000703   -0.131913   -0.081386
 75   42.352142   -0.000031   -0.000008    0.009255   -0.116890   -0.077845
 76   42.391724    0.000031   -0.000031    0.033004   -0.192604   -0.126422
 77   42.497498    0.000046    0.000031    0.053192   -0.218496   -0.136519
 78   42.272644    0.000000    0.000061    0.026614   -0.083795   -0.047184
 79   29.239317 -106.786293    1.740906   -0.000750   -0.392656   -1.472989
 80   42.375084    0.000001   -0.000004   -0.010194    0.127695   -0.025670
 81   42.546066    0.000007    0.000000   -0.010559    0.151946   -0.040031
 82   42.234512    0.000002    0.000002   -0.001521    0.124806   -0.013501
 83   42.465195    0.000002    0.000007   -0.000769    0.023427    0.063616
 84   42.458069   -0.000009    0.000011   -0.001275    0.034719    0.035846
 85   42.267944   -0.000001    0.000017    0.003932    0.093122   -0.055204
 86   42.505920   -0.000008    0.000042    0.016315    0.082189   -0.097510
 87   42.233124    0.000011    0.000023    0.001547    0.104902   -0.005913
 88   42.352325    0.000008    0.000015   -0.033485    0.173255    0.085042
 89   42.391785   -0.000006    0.000000   -0.043972    0.164378    0.068574
 90   42.497620    0.000000   -0.000031   -0.056542    0.136153    0.061213
 91   42.272614   -0.000008    0.000000   -0.027173    0.046315    0.024173
time 84
  0    0.000000    0.000000    0.000000    0.000000   -0.000000    0.000000
  1    0.000000    0.000000    0.000000    0.000000   -0.000000    0.000000
  2    0.000000   21.953423  -21.026371    0.551648   -1.518047    1.019096
  3   50.309219   -0.435479    0.000004    0.034977    0.195372   -0.317246
  4   30.891544   -0.000012    0.000002    0.060593    0.236770   -0.383895
  5   34.635605    0.000006    0.000004    0.096272    0.240873   -0.379330
  6   30.584282    0.000023    0.000004    0.089555    0.007918   -0.370460
  7   31.520195    0.000008    0.000011   -0.015359   -0.075421   -0.047658
  8   34.241188  -28.000031  -41.878006    0.243679    0.252354   -0.753615
  9   34.241112   23.441795  -41.878098   -1.349244    0.190398    0.502238
 10   35.246696  -52.543079    1.319136   -0.016116    0.032300   -0.609858
 11   35.246559   52.726318    1.318937    0.129030   -0.167838    0.589724
 12   34.830040  -24.891914   45.588615   -0.098909   -0.086773   -1.048631
 13   34.885796   27.636597   43.767830    0.572592   -0.559545    0.465533
 14   29.239323  -51.573353   94.292984    0.802010   -0.944268   -1.494768
 15   42.375099    0.000004   -0.000016   -0.102163    0.032008   -0.062344
 16   42.546066    0.000020   -0.000013   -0.053334    0.053815   -0.083493
 17   42.234497    0.000008    0.000004   -0.021017    0.117676   -0.169587
 18   42.465012    0.000008    0.000000   -0.022825    0.012611    0.000547
 19   42.458099   -0.000084   -0.000023   -0.043325    0.049451    0.013934
 20   42.267975    0.000019   -0.000008   -0.015327   -0.075397    0.057415
 21   42.505890   -0.000008   -0.000015   -0.036962   -0.376360    0.235003
 22   42.233154    0.000015    0.000000   -0.035866   -0.336962    0.199486
 23   42.352356    0.000015    0.000031   -0.015519   -0.181473    0.126763
 24   42.391724   -0.000031    0.000000   -0.001606   -0.196485    0.170539
 25   42.497513    0.000015    0.000092    0.028927   -0.206627    0.182074
 26   42.272842    0.000092    0.000000    0.099349   -0.152092    0.139794
 27   29.239334   55.382652   92.214996    0.547537   -0.975978    1.625832
 28   42.375069   -0.000005   -0.000020    0.046413   -0.052551    0.022570
 29   42.546112   -0.000013    0.000014    0.036506   -0.053108    0.003942
 30   42.234512    0.000061   -0.000017    0.025626   -0.042255    0.033724
 31   42.465042   -0.000051   -0.000006    0.029757   -0.016504    0.136058
 32   42.458038    0.000019    0.000010    0.042685   -0.025918    0.133123
 33   42.267853   -0.000015   -0.000002    0.009025    0.038087   -0.065157
 34   42.505981    0.000069   -0.000006   -0.017717    0.057110   -0.178118
 35   42.233063   -0.000021    0.000002   -0.012546    0.022379   -0.088137
 36   42.352203   -0.000088   -0.000032   -0.001909    0.061083   -0.059881
 37   42.391663    0.000015    0.000019   -0.009978    0.162197   -0.083336
 38   42.497620    0.000008   -0.000061   -0.051279    0.259173   -0.151864
 39   42.272614    0.000122    0.000031   -0.133818    0.324687   -0.191619
 40   29.239353  106.746696    1.740839    0.000683   -0.699465    1.649272
 41   42.375084    0.000000    0.000000   -0.023833    0.244720   -0.033398
 42   42.546135    0.000001    0.000008   -0.013553    0.174346   -0.029777
 43   42.234482   -0.000001    0.000004   -0.002557    0.153042   -0.009263
 44   42.465073   -0.000001    0.000010    0.002323    0.254512    0.018224
 45   42.458115    0.000000    0.000015   -0.002267    0.275783    0.015989
 46   42.267944    0.000008    0.000061    0.000692   -0.043011   -0.001618
 47   42.505890   -0.000009    0.000046    0.005280   -0.245436   -0.014757
 48   42.233124   -0.000008    0.000004    0.000733   -0.137128   -0.006354
 49   42.352173    0.000000    0.000018    0.000136   -0.150258    0.006542
 50   42.391693    0.000007    0.000015    0.001843   -0.189316    0.010248
 51   42.497620    0.000000    0.000000    0.003607   -0.203691    0.008782
 52   42.272705    0.000006    0.000000    0.003606   -0.112765    0.005326
 53   32.255627   50.706905  -91.403221   -0.638902    0.441727    1.483024
 54   42.375092   -0.000019    0.000023   -0.004082    0.235154    0.196125
 55   42.546036    0.000031    0.000038   -0.010369    0.203762    0.192036
 56   42.234528   -0.000025    0.000011   -0.014974    0.176727    0.131762
 57   42.464996    0.000050    0.000027    0.000511    0.193036    0.124844
 58   42.458038    0.000046    0.000031   -0.022199    0.058363    0.044156
 59   42.268036   -0.000084    0.000023   -0.023881   -0.070489   -0.035663
 60   42.505890    0.000114    0.000023   -0.011328   -0.038676    0.002711
 61   42.233154   -0.000046    0.000038    0.051994   -0.256227   -0.269508
 62   42.352295   -0.000015    0.000008    0.022806   -0.225204   -0.236741
 63   42.391663    0.000008    0.000015   -0.006212   -0.112257   -0.113119
 64   42.497620    0.000015   -0.000046   -0.006281   -0.072013   -0.074140
 65   42.272705    0.000031   -0.000015   -0.005175   -0.030564   -0.031968
 66   30.990917  -56.044888  -91.567307   -0.623919    0.844427   -1.244681
 67   42.375084    0.000004    0.000000    0.090603    0.080001    0.010345
 68   42.546097    0.000006    0.000023    0.050753    0.031025   -0.014191
 69   42.234467    0.000025   -0.000001    0.042627    0.216556    0.101333
 70   42.464996   -0.000033    0.000011    0.046949    0.219127    0.108982
 71   42.458099    0.000031   -0.000038    0.025462    0.008833   -0.007259
 72   42.267944   -0.000061   -0.000008    0.013873   -0.177172   -0.105990
 73   42.505951    0.000061   -0.000011    0.014933   -0.231964   -0.138635
 74   42.233154   -0.000034    0.000011    0.001467   -0.138599   -0.086462
 75   42.352142   -0.000046    0.000023    0.010078   -0.122570   -0.082051
 76   42.391724   -0.000015   -0.000031    0.035166   -0.199913   -0.132047
 77   42.497528    0.000000    0.000061    0.056048   -0.221326   -0.138817
 78   42.272675   -0.000015    0.000000    0.027840   -0.082838   -0.046543
 79   29.239315 -106.786316    1.740908   -0.000695   -0.393828   -1.473934
 80   42.375076   -0.000008   -0.000008   -0.010243    0.127612   -0.025715
 81   42.546051   -0.000008    0.000000   -0.010591    0.150904   -0.039962
 82   42.234512   -0.000005   -0.000003   -0.001538    0.124162   -0.013377
 83   42.465103    0.000002    0.000006   -0.000580    0.025746    0.063404
 84   42.458130   -0.000007    0.000002   -0.001257    0.036008    0.035953
 85   42.267914    0.000003   -0.000004    0.003971    0.092855   -0.055221
 86   42.505981   -0.000007    0.000023    0.016472    0.081657   -0.098212
 87   42.233002    0.000008    0.000000    0.001550    0.106811   -0.005926
 88   42.352295    0.000000    0.000000   -0.033839    0.176685    0.085262
 89   42.391754    0.000003    0.000000   -0.044181    0.165661    0.067914
 90   42.497559    0.000004   -0.000031   -0.056563    0.136059    0.060330
 91   42.272522    0.000008    0.000031   -0.026996    0.045987    0.023701
time 85
  0    0.000000    0.000000    0.000000    0.000000   -0.000000    0.000000
  1    0.000000    0.000000    0.000000    0.000000   -0.000000    0.000000
  2    0.000000   21.953423  -21.026371    0.561568   -1.520401    1.009179
  3   50.309212   -0.435479    0.000004    0.034977    0.195372   -0.317246
  4   30.891541   -0.000009    0.000004    0.059895    0.235810   -0.381773
  5   34.635597    0.000015    0.000006    0.096169    0.247616   -0.386398
  6   30.584282    0.000023    0.000004    0.089351    0.016072   -0.389296
  7   31.520187    0.000000    0.000010   -0.015645   -0.068727   -0.049984
  8   34.241196  -28.000046  -41.878006    0.234764    0.200534   -0.592568
  9   34.241119   23.441788  -41.878098   -1.357343    0.216553    0.408825
 10   35.246704  -52.543106    1.319142    0.011777   -0.039838   -0.462545
 11   35.246536   52.726318    1.318932    0.146246   -0.140151    0.492631
 12   34.830032  -24.891937   45.588608   -0.228055   -0.061627   -0.971054
 13   34.885773   27.636597   43.767818    0.571676   -0.533493    0.363474
 14   29.239319  -51.573330   94.292953    0.799087   -0.945574   -1.489528
 15   42.375076    0.000010   -0.000007   -0.101969    0.032224   -0.063259
 16   42.546066    0.000026   -0.000010   -0.053226    0.054252   -0.084776
 17   42.234436    0.000013   -0.000003   -0.020736    0.119000   -0.172601
 18   42.464996    0.000011    0.000011   -0.022557    0.012813   -0.000412
 19   42.458115   -0.000034    0.000004   -0.043580    0.048227    0.015044
 20   42.267883    0.000031    0.000004   -0.015462   -0.074670    0.057482
 21   42.505859   -0.000004   -0.000004   -0.037390   -0.376129    0.237069
 22   42.233185    0.000031   -0.000008   -0.036318   -0.338329    0.202267
 23   42.352264    0.000046    0.000015   -0.015355   -0.181144    0.127472
 24   42.391724   -0.000015    0.000000   -0.001055   -0.195386    0.170871
 25   42.497452    0.000076    0.000000    0.030589   -0.205914    0.183180
 26   42.272858    0.000000   -0.000031    0.103748   -0.151410    0.140915
 27   29.239334   55.382599   92.214996    0.557402   -0.968416    1.614928
 28   42.375076   -0.000005   -0.000007    0.046358   -0.053373    0.024705
 29   42.546097   -0.000019    0.000010    0.036630   -0.052722    0.005435
 30   42.234436    0.000061   -0.000010    0.025607   -0.043546    0.036214
 31   42.464996   -0.000046    0.000004    0.029366   -0.023256    0.141662
 32   42.458054    0.000015    0.000019    0.042946   -0.031579    0.137333
 33   42.267853    0.000023    0.000021    0.008788    0.038998   -0.065570
 34   42.505981    0.000099   -0.000013   -0.019053    0.062373   -0.182973
 35   42.233093   -0.000023   -0.000001   -0.012839    0.024943   -0.091023
 36   42.352173   -0.000092    0.000008   -0.001975    0.062251   -0.061337
 37   42.391693    0.000046   -0.000027   -0.010205    0.163366   -0.084940
 38   42.497620    0.000031   -0.000015   -0.052599    0.262446   -0.155104
 39   42.272614    0.000107   -0.000061   -0.137877    0.328240   -0.195289
 40   29.239349  106.746590    1.740826    0.000631   -0.703539    1.645466
 41   42.375061    0.000000    0.000008   -0.023089    0.245043   -0.032135
 42   42.546104    0.000000   -0.000004   -0.013208    0.174414   -0.028763
 43   42.234467    0.000008   -0.000013   -0.002517    0.152508   -0.008993
 44   42.465073    0.000000   -0.000030    0.002409    0.255749    0.018294
 45   42.458023   -0.000001   -0.000008   -0.002318    0.283806    0.016732
 46   42.267914   -0.000001    0.000015    0.000638   -0.038796   -0.001472
 47   42.505981    0.000001    0.000015    0.005614   -0.249606   -0.015319
 48   42.233124   -0.000008   -0.000023    0.000812   -0.140415   -0.006746
 49   42.352295    0.000007   -0.000005    0.000125   -0.151010    0.006505
 50   42.391663   -0.000008   -0.000031    0.001825   -0.188794    0.010197
 51   42.497650   -0.000001   -0.000061    0.003527   -0.202395    0.008627
 52   42.272705   -0.000008    0.000000    0.003494   -0.111362    0.005194
 53   32.055161   50.706902  -91.402267   -0.642785    0.436502    1.481431
 54   42.375092   -0.000008    0.000000   -0.001998    0.238365    0.201689
 55   42.546051    0.000037    0.000004   -0.009834    0.204739    0.195067
 56   42.234512   -0.000015   -0.000007   -0.014966    0.176324    0.132805
 57   42.464981    0.000053    0.000008    0.001002    0.195838    0.128382
 58   42.458054    0.000031    0.000000   -0.022249    0.058944    0.045118
 59   42.267914   -0.000053    0.000015   -0.023926   -0.073166   -0.038009
 60   42.505890    0.000114    0.000008   -0.011122   -0.041467   -0.000527
 61   42.233215   -0.000046   -0.000015    0.052576   -0.257054   -0.272147
 62   42.352295    0.000015   -0.000015    0.023256   -0.227165   -0.239974
 63   42.391785    0.000015   -0.000031   -0.006230   -0.113952   -0.115459
 64   42.497589    0.000031   -0.000061   -0.006449   -0.072993   -0.075589
 65   42.272766   -0.000015    0.000000   -0.005264   -0.030424   -0.032021
 66   30.864120  -56.044823  -91.554688   -0.629448    0.849228   -1.250460
 67   42.375084    0.000008   -0.000011    0.090453    0.072278    0.003535
 68   42.546097    0.000014    0.000036    0.050537    0.023149   -0.020158
 69   42.234467    0.000025   -0.000003    0.043586    0.227179    0.111194
 70   42.465012   -0.000032   -0.000008    0.048516    0.227115    0.116941
 71   42.458069    0.000038   -0.000031    0.025699    0.011552   -0.005262
 72   42.267914   -0.000076   -0.000031    0.013786   -0.175943   -0.106650
 73   42.505951    0.000063    0.000004    0.016172   -0.240946   -0.146006
 74   42.233124   -0.000008   -0.000011    0.002301   -0.145599   -0.091794
 75   42.352173   -0.000015   -0.000015    0.010963   -0.128439   -0.086414
 76   42.391846    0.000000   -0.000031    0.037417   -0.207118   -0.137637
 77   42.497498    0.000046    0.000031    0.059002   -0.223807   -0.140835
 78   42.272614    0.000000   -0.000031    0.029187   -0.081877   -0.045860
 79   29.239313 -106.786224    1.740911   -0.000642   -0.394979   -1.474993
 80   42.375092   -0.000007   -0.000015   -0.010279    0.127521   -0.025725
 81   42.546036   -0.000015    0.000004   -0.010611    0.149869   -0.039850
 82   42.234512    0.000014   -0.000005   -0.001551    0.123537   -0.013235
 83   42.465088   -0.000008    0.000001   -0.000395    0.028026    0.063176
 84   42.458008    0.000007    0.000002   -0.001238    0.037282    0.036057
 85   42.267883   -0.000006   -0.000008    0.004008    0.092597   -0.055233
 86   42.505981   -0.000008    0.000008    0.016627    0.081132   -0.098908
 87   42.233124    0.000011    0.000000    0.001553    0.108727   -0.005944
 88   42.352356    0.000004    0.000031   -0.034187    0.180052    0.085455
 89   42.391754    0.000010    0.000000   -0.044373    0.166865    0.067249
 90   42.497589    0.000000    0.000031   -0.056561    0.135922    0.059459
 91   42.272583   -0.000008    0.000000   -0.026815    0.045660    0.023241
time 86
  0    0.000000    0.000000    0.000000    0.000000   -0.000000    0.000000
  1    0.000000    0.000000    0.000000    0.000000   -0.000000    0.000000
  2    0.000000   21.953423  -21.026371    0.571445   -1.522746    0.999304
  3   50.309212   -0.435479    0.000008    0.034977    0.195372   -0.317246
  4   30.891544   -0.000011    0.000002    0.059179    0.234824   -0.379593
  5   34.635597    0.000013    0.000002    0.096234    0.247563   -0.385930
  6   30.584297    0.000015    0.000000    0.089050    0.016056   -0.388912
  7   31.520187   -0.000008    0.000000   -0.015933   -0.067900   -0.053841
  8   34.241180  -28.000038  -41.878006    0.231480    0.161109   -0.453785
  9   34.241104   23.441795  -41.878098   -1.359491    0.281173    0.175229
 10   35.246704  -52.543098    1.319134    0.037791   -0.100278   -0.339121
 11   35.246521   52.726311    1.318924    0.187299   -0.071380    0.248971
 12   34.830032  -24.891930   45.588608   -0.357658   -0.042626   -0.908406
 13   34.885788   27.636589   43.767830    0.571432   -0.465940    0.109140
 14   29.239321  -51.573311   94.292908    0.796302   -0.946802   -1.484430
 15   42.375031    0.000008   -0.000014   -0.101772    0.032418   -0.064147
 16   42.546051    0.000037    0.000010   -0.053117    0.054653   -0.086024
 17   42.234436    0.000008   -0.000005   -0.020448    0.120234   -0.175540
 18   42.464951    0.000011    0.000015   -0.022282    0.013041   -0.001398
 19   42.458099   -0.000069   -0.000011   -0.043837    0.047025    0.016147
 20   42.267883    0.000050    0.000004   -0.015599   -0.073922    0.057535
 21   42.505829   -0.000015    0.000004   -0.037815   -0.375822    0.239115
 22   42.233185   -0.000011    0.000008   -0.036769   -0.339662    0.205066
 23   42.352203    0.000038    0.000000   -0.015188   -0.180812    0.128193
 24   42.391693    0.000000    0.000000   -0.000499   -0.194285    0.171208
 25   42.497513    0.000015   -0.000031    0.032268   -0.205184    0.184290
 26   42.272751    0.000031    0.000000    0.108174   -0.150712    0.142043
 27   29.239346   55.382618   92.214951    0.566988   -0.960861    1.604303
 28   42.375061    0.000003   -0.000002    0.046284   -0.054179    0.026827
 29   42.546112   -0.000016    0.000015    0.036737   -0.052335    0.006941
 30   42.234482    0.000053   -0.000014    0.025575   -0.044836    0.038680
 31   42.465012   -0.000038    0.000008    0.028939   -0.029927    0.147167
 32   42.458069    0.000015   -0.000008    0.043182   -0.037090    0.141450
 33   42.267883   -0.000008    0.000015    0.008581    0.039801   -0.065827
 34   42.506012    0.000053   -0.000015   -0.020394    0.067517   -0.187705
 35   42.233093   -0.000020    0.000006   -0.013146    0.027499   -0.093951
 36   42.352173   -0.000092   -0.000002   -0.002041    0.063383   -0.062783
 37   42.391724    0.000069    0.000015   -0.010410    0.164459   -0.086500
 38   42.497681   -0.000015   -0.000031   -0.053888    0.265626   -0.158269
 39   42.272614    0.000122    0.000031   -0.141928    0.331728   -0.198913
 40   29.239349  106.746605    1.740852    0.000581   -0.707612    1.641532
 41   42.375076    0.000000   -0.000015   -0.022308    0.245374   -0.030838
 42   42.546120    0.000008    0.000000   -0.012844    0.174512   -0.027724
 43   42.234467   -0.000009    0.000004   -0.002470    0.151927   -0.008705
 44   42.465134   -0.000010   -0.000000    0.002495    0.256797    0.018355
 45   42.458099    0.000008    0.000000   -0.002364    0.291901    0.017497
 46   42.267914    0.000001   -0.000015    0.000575   -0.034374   -0.001308
 47   42.505951    0.000000    0.000046    0.005968   -0.253677   -0.015904
 48   42.233185   -0.000001   -0.000004    0.000899   -0.143797   -0.007160
 49   42.352203   -0.000000    0.000009    0.000113   -0.151779    0.006480
 50   42.391632    0.000000    0.000023    0.001810   -0.188294    0.010171
 51   42.497711    0.000007    0.000031    0.003457   -0.201140    0.008495
 52   42.272766   -0.000004    0.000031    0.003392   -0.109993    0.005078
 53   31.859373   50.706890  -91.401337   -0.646801    0.431241    1.479749
 54   42.375069   -0.000015   -0.000008    0.000162    0.241556    0.207382
 55   42.546082    0.000035    0.000023   -0.009306    0.205661    0.198094
 56   42.234497   -0.000032    0.000021   -0.014967    0.175902    0.133843
 57   42.464981    0.000050    0.000019    0.001491    0.198645    0.131996
 58   42.458038    0.000053   -0.000015   -0.022308    0.059508    0.046089
 59   42.268005   -0.000084    0.000046   -0.023945   -0.075918   -0.040477
 60   42.505920    0.000076   -0.000008   -0.010891   -0.044248   -0.003805
 61   42.233185   -0.000053    0.000023    0.053116   -0.257690   -0.274628
 62   42.352264    0.000027   -0.000011    0.023742   -0.229253   -0.243431
 63   42.391785    0.000061    0.000031   -0.006252   -0.115763   -0.117966
 64   42.497559    0.000046   -0.000015   -0.006637   -0.074036   -0.077140
 65   42.272766    0.000031   -0.000046   -0.005360   -0.030248   -0.032047
 66   30.741676  -56.044857  -91.542480   -0.635081    0.854002   -1.256414
 67   42.375092    0.000004    0.000002    0.090365    0.064441   -0.003344
 68   42.546127    0.000009    0.000010    0.050408    0.015283   -0.026071
 69   42.234390    0.000029   -0.000011    0.044643    0.237778    0.121107
 70   42.464951   -0.000040    0.000011    0.050135    0.235057    0.124856
 71   42.458099    0.000027   -0.000015    0.025949    0.014307   -0.003229
 72   42.267883   -0.000080   -0.000038    0.013667   -0.174222   -0.106916
 73   42.506012    0.000050    0.000008    0.017476   -0.249990   -0.153478
 74   42.233154   -0.000008   -0.000019    0.003209   -0.152921   -0.097393
 75   42.352203   -0.000053    0.000015    0.011911   -0.134481   -0.090926
 76   42.391785   -0.000015    0.000000    0.039743   -0.214167   -0.143149
 77   42.497559    0.000046    0.000031    0.062062   -0.225952   -0.142585
 78   42.272644   -0.000015    0.000031    0.030680   -0.080941   -0.045158
 79   29.239315 -106.786270    1.740898   -0.000591   -0.396104   -1.476164
 80   42.375061    0.000001   -0.000011   -0.010299    0.127421   -0.025702
 81   42.546036    0.000000    0.000008   -0.010619    0.148846   -0.039696
 82   42.234497   -0.000006   -0.000009   -0.001562    0.122933   -0.013077
 83   42.465057    0.000001   -0.000006   -0.000214    0.030261    0.062935
 84   42.458069   -0.000006    0.000002   -0.001220    0.038539    0.036152
 85   42.267853    0.000010   -0.000008    0.004044    0.092345   -0.055240
 86   42.505981   -0.000002    0.000000    0.016781    0.080615   -0.099595
 87   42.233032   -0.000008   -0.000031    0.001559    0.110641   -0.005971
 88   42.352386    0.000004   -0.000015   -0.034525    0.183353    0.085620
 89   42.391754   -0.000002    0.000000   -0.044546    0.167991    0.066579
 90   42.497589    0.000011   -0.000031   -0.056537    0.135750    0.058599
 91   42.272522   -0.000023    0.000031   -0.026628    0.045329    0.022793
time 87
  0    0.000000    0.000000    0.000000    0.000000   -0.000000    0.000000
  1    0.000000    0.000000    0.000000    0.000000   -0.000000    0.000000
  2    0.000000   21.953423  -21.026371    0.581276   -1.525076    0.989476
  3   50.309212   -0.435479    0.000002    0.034977    0.195372   -0.317246
  4   30.891544   -0.000012    0.000004    0.058447    0.233818   -0.377368
  5   34.635601    0.000006    0.000004    0.096425    0.247412   -0.384576
  6   30.584297    0.000015    0.000010    0.088733    0.016009   -0.387801
  7   31.520187    0.000008    0.000008   -0.016198   -0.067139   -0.059579
  8   34.241196  -28.000031  -41.878006    0.231010    0.145442   -0.387274
  9   34.241135   23.441803  -41.878098   -1.359656    0.363494   -0.128592
 10   35.246719  -52.543083    1.319149    0.054406   -0.125623   -0.287363
 11   35.246552   52.726303    1.318937    0.236298    0.017047   -0.069831
 12   34.830017  -24.891922   45.588623   -0.458178   -0.035107   -0.882644
 13   34.885788   27.636581   43.767830    0.571414   -0.372791   -0.219700
 14   29.239323  -51.573357   94.292908    0.793656   -0.947951   -1.479477
 15   42.375084    0.000001    0.000000   -0.101572    0.032590   -0.065009
 16   42.546082    0.000020   -0.000013   -0.053006    0.055017   -0.087238
 17   42.234482    0.000013   -0.000009   -0.020154    0.121378   -0.178406
 18   42.465027    0.000015   -0.000015   -0.022002    0.013283   -0.002394
 19   42.458084   -0.000072    0.000011   -0.044093    0.045858    0.017233
 20   42.267944    0.000027    0.000023   -0.015736   -0.073170    0.057583
 21   42.505890   -0.000031    0.000011   -0.038239   -0.375467    0.241151
 22   42.233093   -0.000004   -0.000031   -0.037214   -0.340941    0.207868
 23   42.352295    0.000099   -0.000046   -0.015016   -0.180474    0.128922
 24   42.391663    0.000000   -0.000031    0.000061   -0.193189    0.171559
 25   42.497406    0.000061    0.000031    0.033964   -0.204435    0.185402
 26   42.272720    0.000122    0.000000    0.112638   -0.149994    0.143173
 27   29.239334   55.382626   92.214943    0.576303   -0.953342    1.593950
 28   42.375069    0.000000   -0.000003    0.046191   -0.054964    0.028930
 29   42.546097   -0.000008    0.000024    0.036828   -0.051948    0.008454
 30   42.234467    0.000071    0.000002    0.025532   -0.046116    0.041117
 31   42.464996   -0.000034    0.000006    0.028478   -0.036496    0.152558
 32   42.458038    0.000023    0.000015    0.043392   -0.042443    0.145467
 33   42.267853    0.000015    0.000015    0.008403    0.040493   -0.065933
 34   42.505981    0.000092   -0.000006   -0.021733    0.072528   -0.192297
 35   42.233093   -0.000049   -0.000003   -0.013469    0.030047   -0.096914
 36   42.352234   -0.000099   -0.000008   -0.002105    0.064484   -0.064216
 37   42.391632    0.000050   -0.000019   -0.010597    0.165469   -0.088014
 38   42.497620   -0.000031   -0.000015   -0.055136    0.268705   -0.161345
 39   42.272614    0.000076    0.000000   -0.145958    0.335149   -0.202484
 40   29.239353  106.746643    1.740831    0.000533   -0.711686    1.637475
 41   42.375069    0.000000   -0.000023   -0.021491    0.245711   -0.029507
 42   42.546089    0.000001   -0.000011   -0.012461    0.174638   -0.026663
 43   42.234482   -0.000000   -0.000013   -0.002415    0.151301   -0.008401
 44   42.465057   -0.000001   -0.000010    0.002580    0.257648    0.018406
 45   42.458054   -0.000002    0.000015   -0.002403    0.300062    0.018284
 46   42.267944    0.000000    0.000015    0.000501   -0.029728   -0.001124
 47   42.505920   -0.000008    0.000031    0.006341   -0.257640   -0.016507
 48   42.233093   -0.000002    0.000000    0.000995   -0.147284   -0.007597
 49   42.352234   -0.000009    0.000011    0.000101   -0.152567    0.006467
 50   42.391663   -0.000001    0.000000    0.001799   -0.187811    0.010168
 51   42.497498    0.000006   -0.000015    0.003396   -0.199915    0.008385
 52   42.272766    0.000000    0.000000    0.003302   -0.108659    0.004977
 53   31.668522   50.706928  -91.400452   -0.650943    0.425945    1.477982
 54   42.375092   -0.000015    0.000000    0.002401    0.244726    0.213201
 55   42.546021    0.000041    0.000019   -0.008787    0.206524    0.201108
 56   42.234512   -0.000027   -0.000007   -0.014973    0.175462    0.134876
 57   42.465073    0.000050    0.000000    0.001982    0.201457    0.135687
 58   42.458084    0.000023    0.000008   -0.022378    0.060064    0.047073
 59   42.267914   -0.000084    0.000015   -0.023934   -0.078738   -0.043071
 60   42.505798    0.000107   -0.000023   -0.010636   -0.047005   -0.007106
 61   42.233154   -0.000084    0.000008    0.053609   -0.258141   -0.276943
 62   42.352325    0.000036   -0.000015    0.024269   -0.231485   -0.247129
 63   42.391754    0.000046    0.000000   -0.006281   -0.117690   -0.120646
 64   42.497528    0.000031   -0.000015   -0.006850   -0.075140   -0.078794
 65   42.272705   -0.000015    0.000015   -0.005464   -0.030043   -0.032050
 66   30.623619  -56.044861  -91.530678   -0.640823    0.858741   -1.262542
 67   42.375092   -0.000002   -0.000010    0.090347    0.056500   -0.010285
 68   42.546082   -0.000007    0.000023    0.050366    0.007440   -0.031919
 69   42.234482    0.000034   -0.000008    0.045792    0.248318    0.131040
 70   42.465042   -0.000037    0.000023    0.051807    0.242956    0.132731
 71   42.458099    0.000023   -0.000008    0.026209    0.017096   -0.001161
 72   42.267914   -0.000069    0.000015    0.013520   -0.172001   -0.106783
 73   42.505920    0.000066    0.000008    0.018841   -0.259064   -0.161029
 74   42.233093   -0.000008   -0.000034    0.004197   -0.160574   -0.103268
 75   42.352142   -0.000015    0.000008    0.012923   -0.140690   -0.095583
 76   42.391815    0.000000   -0.000046    0.042131   -0.221015   -0.148549
 77   42.497620    0.000031    0.000031    0.065229   -0.227759   -0.144058
 78   42.272644    0.000000    0.000031    0.032337   -0.080044   -0.044447
 79   29.239317 -106.786263    1.740906   -0.000542   -0.397200   -1.477444
 80   42.375122    0.000000   -0.000008   -0.010305    0.127314   -0.025644
 81   42.546051   -0.000007   -0.000004   -0.010615    0.147835   -0.039502
 82   42.234543    0.000001    0.000000   -0.001569    0.122348   -0.012902
 83   42.465057    0.000009    0.000010   -0.000038    0.032448    0.062679
 84   42.458130   -0.000001    0.000013   -0.001201    0.039777    0.036242
 85   42.267944    0.000009    0.000019    0.004079    0.092103   -0.055242
 86   42.505981   -0.000007    0.000038    0.016933    0.080108   -0.100273
 87   42.233093    0.000019    0.000015    0.001566    0.112553   -0.006001
 88   42.352264    0.000004    0.000000   -0.034854    0.186578    0.085757
 89   42.391785   -0.000001   -0.000015   -0.044702    0.169040    0.065908
 90   42.497559   -0.000008    0.000061   -0.056493    0.135547    0.057754
 91   42.272400   -0.000015    0.000092   -0.026442    0.045012    0.022361
time 88
  0    0.000000    0.000000    0.000000    0.000000   -0.000000    0.000000
  1    0.000000    0.000000    0.000000    0.000000   -0.000000    0.000000
  2    0.000000   21.953423  -21.026371    0.591057   -1.527398    0.979696
  3   50.309212   -0.435479    0.000004    0.034977    0.195372   -0.317246
  4   30.891544   -0.000010    0.000000    0.057703    0.232796   -0.375107
  5   34.635597    0.000011   -0.000002    0.096729    0.247170   -0.382414
  6   30.584282    0.000015   -0.000002    0.088405    0.015934   -0.386027
  7   31.520187    0.000008    0.000002   -0.016440   -0.066442   -0.067024
  8   34.241188  -28.000031  -41.877995    0.301370    0.159824   -0.376128
  9   34.241112   23.441795  -41.878090   -1.361805    0.442749   -0.432677
 10   35.246696  -52.543091    1.319143    0.060871   -0.124219   -0.297318
 11   35.246529   52.726311    1.318916    0.277351    0.103699   -0.392345
 12   34.830025  -24.891930   45.588596   -0.534286   -0.048642   -0.892862
 13   34.885780   27.636589   43.767818    0.571170   -0.269950   -0.545280
 14   29.239319  -51.573357   94.292969    0.791151   -0.949023   -1.474673
 15   42.375061    0.000001   -0.000004   -0.101371    0.032740   -0.065844
 16   42.546097    0.000027    0.000020   -0.052892    0.055344   -0.088416
 17   42.234467    0.000015    0.000009   -0.019853    0.122431   -0.181194
 18   42.465027    0.000015    0.000008   -0.021716    0.013542   -0.003407
 19   42.458084   -0.000057   -0.000011   -0.044348    0.044719    0.018305
 20   42.267914    0.000023    0.000000   -0.015873   -0.072403    0.057616
 21   42.505859    0.000008   -0.000004   -0.038660   -0.375040    0.243165
 22   42.233093   -0.000023   -0.000023   -0.037659   -0.342180    0.210683
 23   42.352325    0.000053   -0.000015   -0.014840   -0.180131    0.129658
 24   42.391693   -0.000015   -0.000031    0.000624   -0.192090    0.171915
 25   42.497391    0.000031   -0.000061    0.035674   -0.203672    0.186518
 26   42.272736    0.000122    0.000000    0.117116   -0.149258    0.144306
 27   29.239334   55.382637   92.214996    0.585350   -0.945880    1.583866
 28   42.375069   -0.000003    0.000006    0.046080   -0.055727    0.031012
 29   42.546066   -0.000010    0.000010    0.036901   -0.051561    0.009973
 30   42.234451    0.000067   -0.000003    0.025479   -0.047379    0.043521
 31   42.465042   -0.000038    0.000015    0.027987   -0.042947    0.157830
 32   42.458054    0.000023    0.000000    0.043579   -0.047631    0.149372
 33   42.267883   -0.000015   -0.000008    0.008252    0.041078   -0.065907
 34   42.506012    0.000099    0.000019   -0.023066    0.077389   -0.196738
 35   42.233032   -0.000027   -0.000007   -0.013804    0.032585   -0.099900
 36   42.352203   -0.000078   -0.000013   -0.002169    0.065553   -0.065633
 37   42.391693    0.000057    0.000004   -0.010765    0.166411   -0.089483
 38   42.497467    0.000046    0.000000   -0.056348    0.271687   -0.164338
 39   42.272675    0.000092    0.000000   -0.149960    0.338489   -0.205993
 40   29.239353  106.746651    1.740845    0.000487   -0.715754    1.633298
 41   42.375046   -0.000002    0.000008   -0.020637    0.246051   -0.028145
 42   42.546120   -0.000008    0.000000   -0.012060    0.174791   -0.025582
 43   42.234451    0.000001    0.000011   -0.002354    0.150638   -0.008080
 44   42.465088    0.000009    0.000006    0.002663    0.258315    0.018447
 45   42.458084    0.000001    0.000015   -0.002434    0.308267    0.019090
 46   42.267944   -0.000001    0.000031    0.000415   -0.024872   -0.000920
 47   42.505981    0.000000    0.000000    0.006731   -0.261486   -0.017126
 48   42.233154    0.000001   -0.000004    0.001099   -0.150877   -0.008057
 49   42.352173   -0.000002    0.000014    0.000088   -0.153374    0.006466
 50   42.391724   -0.000007    0.000000    0.001791   -0.187345    0.010188
 51   42.497589   -0.000009    0.000000    0.003343   -0.198721    0.008295
 52   42.272644   -0.000008   -0.000061    0.003222   -0.107367    0.004890
 53   31.482861   50.706909  -91.399597   -0.655203    0.420609    1.476137
 54   42.375061    0.000004   -0.000031    0.004718    0.247873    0.219146
 55   42.546066    0.000040    0.000000   -0.008277    0.207333    0.204110
 56   42.234528   -0.000017    0.000017   -0.014985    0.175006    0.135904
 57   42.464981    0.000038    0.000031    0.002473    0.204279    0.139456
 58   42.458099    0.000031    0.000031   -0.022457    0.060609    0.048067
 59   42.267975   -0.000092    0.000046   -0.023892   -0.081629   -0.045791
 60   42.505920    0.000084    0.000031   -0.010357   -0.049737   -0.010430
 61   42.233185   -0.000061    0.000008    0.054060   -0.258421   -0.279107
 62   42.352234    0.000023    0.000019    0.024838   -0.233850   -0.251059
 63   42.391663   -0.000015    0.000031   -0.006316   -0.119737   -0.123500
 64   42.497620    0.000015   -0.000031   -0.007086   -0.076304   -0.080546
 65   42.272797    0.000000   -0.000046   -0.005579   -0.029815   -0.032039
 66   30.510015  -56.044868  -91.519333   -0.646668    0.863440   -1.268844
 67   42.375053    0.000006    0.000006    0.090398    0.048463   -0.017276
 68   42.546082    0.000003    0.000023    0.050411   -0.000371   -0.037694
 69   42.234451    0.000031   -0.000010    0.047028    0.258774    0.140969
 70   42.464996   -0.000031    0.000004    0.053530    0.250816    0.140569
 71   42.458130    0.000038   -0.000015    0.026478    0.019906    0.000933
 72   42.267853   -0.000072    0.000000    0.013350   -0.169286   -0.106255
 73   42.505981    0.000072   -0.000004    0.020261   -0.268117   -0.168623
 74   42.233124    0.000000   -0.000008    0.005271   -0.168566   -0.109433
 75   42.352112   -0.000031   -0.000015    0.014001   -0.147050   -0.100376
 76   42.391815   -0.000015    0.000015    0.044570   -0.227621   -0.153804
 77   42.497559    0.000046   -0.000031    0.068511   -0.229237   -0.145263
 78   42.272614    0.000031    0.000061    0.034179   -0.079196   -0.043731
 79   29.239315 -106.786263    1.740906   -0.000494   -0.398265   -1.478832
 80   42.375099    0.000000   -0.000004   -0.010297    0.127200   -0.025552
 81   42.546036    0.000010    0.000000   -0.010599    0.146835   -0.039267
 82   42.234512   -0.000006    0.000004   -0.001574    0.121784   -0.012712
 83   42.465088   -0.000004    0.000011    0.000133    0.034584    0.062409
 84   42.458130    0.000008    0.000013   -0.001182    0.040992    0.036329
 85   42.268005   -0.000005    0.000008    0.004113    0.091868   -0.055238
 86   42.505890   -0.000008    0.000008    0.017083    0.079609   -0.100942
 87   42.233002    0.000008    0.000000    0.001576    0.114452   -0.006042
 88   42.352356    0.000008    0.000000   -0.035171    0.189722    0.085866
 89   42.391693    0.000000   -0.000015   -0.044838    0.170013    0.065236
 90   42.497589   -0.000008    0.000000   -0.056428    0.135319    0.056924
 91   42.272461    0.000015   -0.000092   -0.026253    0.044691    0.021943
time 89
  0    0.000000    0.000000    0.000000    0.000000   -0.000000    0.000000
  1    0.000000    0.000000    0.000000    0.000000   -0.000000    0.000000
  2    0.000000   21.953423  -21.026371    0.600787   -1.529705    0.969968
  3   50.309216   -0.435479    0.000006    0.034977    0.195372   -0.317246
  4   30.891541   -0.000012    0.000000    0.056952    0.231763   -0.372824
  5   34.635605    0.000010    0.000000    0.097136    0.246846   -0.379521
  6   30.584297    0.000011    0.000004    0.088065    0.015834   -0.383654
  7   31.520180    0.000008    0.000006   -0.016662   -0.065805   -0.076003
  8   34.241180  -28.000038  -41.877995    0.469151    0.194119   -0.369367
  9   34.241119   23.441795  -41.878101   -1.369903    0.498174   -0.667064
 10   35.246689  -52.543087    1.319144    0.063140   -0.119875   -0.321056
 11   35.246536   52.726326    1.318924    0.294566    0.167145   -0.647147
 12   34.830032  -24.891922   45.588615   -0.605674   -0.080919   -0.918627
 13   34.885773   27.636589   43.767826    0.570253   -0.173321   -0.789832
 14   29.239321  -51.573334   94.292946    0.788788   -0.950017   -1.470020
 15   42.375069   -0.000005   -0.000002   -0.101166    0.032867   -0.066650
 16   42.546066    0.000026   -0.000002   -0.052776    0.055634   -0.089558
 17   42.234497    0.000011   -0.000019   -0.019546    0.123393   -0.183903
 18   42.464966    0.000015   -0.000011   -0.021426    0.013813   -0.004428
 19   42.458069   -0.000072   -0.000019   -0.044602    0.043615    0.019359
 20   42.267944    0.000034    0.000008   -0.016012   -0.071635    0.057647
 21   42.505920   -0.000004   -0.000004   -0.039079   -0.374567    0.245164
 22   42.233124    0.000023    0.000000   -0.038098   -0.343356    0.213491
 23   42.352234    0.000046    0.000015   -0.014659   -0.179781    0.130400
 24   42.391693    0.000000    0.000031    0.001191   -0.190995    0.172280
 25   42.497421    0.000031    0.000000    0.037395   -0.202894    0.187637
 26   42.272766    0.000061    0.000031    0.121616   -0.148502    0.145438
 27   29.239334   55.382633   92.214935    0.594138   -0.938497    1.574042
 28   42.375084    0.000007   -0.000003    0.045952   -0.056460    0.033068
 29   42.546097   -0.000010    0.000019    0.036958   -0.051173    0.011494
 30   42.234467    0.000065   -0.000001    0.025416   -0.048615    0.045881
 31   42.465042   -0.000025    0.000021    0.027469   -0.049258    0.162961
 32   42.458099    0.000031    0.000004    0.043742   -0.052653    0.153171
 33   42.267914    0.000000    0.000023    0.008133    0.041548   -0.065733
 34   42.505890    0.000084    0.000000   -0.024387    0.082090   -0.201012
 35   42.233032   -0.000004    0.000003   -0.014154    0.035109   -0.102910
 36   42.352142   -0.000097   -0.000017   -0.002232    0.066586   -0.067033
 37   42.391632    0.000076   -0.000008   -0.010911    0.167268   -0.090897
 38   42.497620    0.000069    0.000000   -0.057514    0.274560   -0.167234
 39   42.272583    0.000061    0.000000   -0.153913    0.341755   -0.209442
 40   29.239346  106.746643    1.740850    0.000442   -0.719818    1.629009
 41   42.375069    0.000000   -0.000015   -0.019749    0.246393   -0.026753
 42   42.546104   -0.000001   -0.000011   -0.011640    0.174971   -0.024480
 43   42.234451   -0.000008   -0.000002   -0.002284    0.149942   -0.007744
 44   42.465103    0.000008    0.000002    0.002745    0.258798    0.018477
 45   42.458099   -0.000010    0.000015   -0.002457    0.316505    0.019913
 46   42.267944    0.000008    0.000031    0.000317   -0.019800   -0.000692
 47   42.505829   -0.000007    0.000031    0.007139   -0.265203   -0.017758
 48   42.233093    0.000008    0.000008    0.001214   -0.154583   -0.008539
 49   42.352295   -0.000000    0.000015    0.000076   -0.154204    0.006475
 50   42.391602   -0.000009    0.000008    0.001786   -0.186891    0.010228
 51   42.497681   -0.000002   -0.000015    0.003298   -0.197551    0.008225
 52   42.272675    0.000006    0.000031    0.003151   -0.106089    0.004815
 53   31.302664   50.706894  -91.398750   -0.659574    0.415234    1.474222
 54   42.375076   -0.000023    0.000015    0.007114    0.250995    0.225214
 55   42.546082    0.000023    0.000019   -0.007778    0.208084    0.207090
 56   42.234528   -0.000019   -0.000005   -0.015005    0.174536    0.136926
 57   42.464981    0.000065    0.000008    0.002966    0.207111    0.143305
 58   42.458038    0.000038    0.000000   -0.022546    0.061152    0.049079
 59   42.268036   -0.000076   -0.000015   -0.023815   -0.084585   -0.048638
 60   42.505920    0.000099    0.000023   -0.010058   -0.052424   -0.013758
 61   42.233154   -0.000061   -0.000008    0.054469   -0.258541   -0.281118
 62   42.352264    0.000000   -0.000004    0.025453   -0.236362   -0.255236
 63   42.391724    0.000015    0.000031   -0.006360   -0.121898   -0.126529
 64   42.497528    0.000046    0.000015   -0.007351   -0.077526   -0.082400
 65   42.272736    0.000031    0.000000   -0.005702   -0.029596   -0.032044
 66   30.400902  -56.044865  -91.508339   -0.652620    0.868096   -1.275320
 67   42.375092   -0.000005    0.000004    0.090521    0.040335   -0.024311
 68   42.546112   -0.000001    0.000004    0.050547   -0.008132   -0.043385
 69   42.234436    0.000034   -0.000010    0.048345    0.269119    0.150868
 70   42.464996   -0.000028   -0.000023    0.055304    0.258637    0.148372
 71   42.458160    0.000023    0.000000    0.026757    0.022730    0.003050
 72   42.267853   -0.000057   -0.000008    0.013158   -0.166071   -0.105325
 73   42.505951    0.000077    0.000031    0.021726   -0.277106   -0.176230
 74   42.233093   -0.000015   -0.000027    0.006440   -0.176901   -0.115899
 75   42.352173    0.000023    0.000000    0.015141   -0.153549   -0.105295
 76   42.391785   -0.000046    0.000015    0.047038   -0.233936   -0.158872
 77   42.497498    0.000061    0.000061    0.071913   -0.230412   -0.146219
 78   42.272675    0.000015    0.000092    0.036243   -0.078433   -0.043036
 79   29.239311 -106.786224    1.740910   -0.000448   -0.399293   -1.480324
 80   42.375099    0.000000   -0.000004   -0.010273    0.127077   -0.025427
 81   42.546066    0.000008    0.000011   -0.010571    0.145852   -0.038994
 82   42.234497   -0.000004    0.000002   -0.001575    0.121238   -0.012507
 83   42.465088    0.000010    0.000010    0.000299    0.036665    0.062128
 84   42.458099   -0.000001    0.000017   -0.001163    0.042182    0.036409
 85   42.267975    0.000008    0.000015    0.004145    0.091641   -0.055229
 86   42.505920    0.000004    0.000023    0.017231    0.079122   -0.101599
 87   42.233032    0.000008    0.000015    0.001587    0.116333   -0.006092
 88   42.352325   -0.000004    0.000015   -0.035476    0.192779    0.085946
 89   42.391693    0.000010    0.000015   -0.044956    0.170916    0.064567
 90   42.497498    0.000011    0.000000   -0.056344    0.135067    0.056112
 91   42.272552   -0.000015    0.000031   -0.026062    0.044379    0.021537
time 90
  0    0.000000    0.000000    0.000000    0.000000   -0.000000    0.000000
  1    0.000000    0.000000    0.000000    0.000000   -0.000000    0.000000
  2    0.000000   21.953423  -21.026371    0.610458   -1.531999    0.960300
  3   50.309219   -0.435479    0.000004    0.034977    0.195372   -0.317246
  4   30.891544   -0.000014    0.000002    0.056198    0.230726   -0.370530
  5   34.635601    0.000000    0.000004    0.097634    0.246450   -0.375973
  6   30.584290    0.000011    0.000008    0.087718    0.015711   -0.380743
  7   31.520195    0.000000    0.000006   -0.016864   -0.065226   -0.086342
  8   34.241203  -28.000046  -41.878002    0.669406    0.235053   -0.365896
  9   34.241112   23.441795  -41.878086   -1.420432    0.526716   -0.841505
 10   35.246712  -52.543095    1.319143    0.063744   -0.112395   -0.349390
 11   35.246559   52.726311    1.318939    0.258012    0.205314   -0.849700
 12   34.830040  -24.891930   45.588615   -0.665339   -0.119444   -0.952607
 13   34.885780   27.636589   43.767841    0.537986   -0.067045   -0.958510
 14   29.239323  -51.573357   94.292969    0.786567   -0.950932   -1.465522
 15   42.375069   -0.000006   -0.000013   -0.100961    0.032972   -0.067428
 16   42.546127    0.000024    0.000001   -0.052658    0.055885   -0.090661
 17   42.234421    0.000002    0.000004   -0.019232    0.124261   -0.186528
 18   42.465012    0.000008   -0.000008   -0.021132    0.014094   -0.005457
 19   42.458023   -0.000076   -0.000023   -0.044855    0.042547    0.020394
 20   42.268005    0.000004   -0.000011   -0.016151   -0.070857    0.057667
 21   42.505890   -0.000011   -0.000046   -0.039491   -0.374021    0.247131
 22   42.233215   -0.000027   -0.000031   -0.038531   -0.344485    0.216299
 23   42.352264    0.000031    0.000015   -0.014476   -0.179428    0.131149
 24   42.391724    0.000000   -0.000031    0.001760   -0.189904    0.172652
 25   42.497421    0.000061    0.000031    0.039124   -0.202100    0.188753
 26   42.272766    0.000031   -0.000061    0.126111   -0.147732    0.146570
 27   29.239334   55.382645   92.214951    0.602674   -0.931220    1.564473
 28   42.375092   -0.000001   -0.000001    0.045807   -0.057163    0.035094
 29   42.546143   -0.000019    0.000012    0.036998   -0.050781    0.013014
 30   42.234482    0.000061   -0.000009    0.025345   -0.049818    0.048198
 31   42.465042   -0.000044    0.000010    0.026928   -0.055415    0.167945
 32   42.458069    0.000015   -0.000011    0.043884   -0.057500    0.156849
 33   42.267883   -0.000008    0.000000    0.008042    0.041911   -0.065436
 34   42.506012    0.000092    0.000015   -0.025689    0.086616   -0.205106
 35   42.233093   -0.000027   -0.000016   -0.014517    0.037615   -0.105932
 36   42.352264   -0.000067    0.000034   -0.002294    0.067586   -0.068411
 37   42.391663    0.000050    0.000015   -0.011037    0.168050   -0.092257
 38   42.497681    0.000000   -0.000031   -0.058633    0.277320   -0.170028
 39   42.272614    0.000092    0.000000   -0.157805    0.344936   -0.212822
 40   29.239353  106.746681    1.740850    0.000399   -0.723879    1.624612
 41   42.375069    0.000006   -0.000023   -0.018827    0.246734   -0.025334
 42   42.546097   -0.000001   -0.000004   -0.011204    0.175178   -0.023362
 43   42.234482    0.000006    0.000010   -0.002208    0.149218   -0.007391
 44   42.465134    0.000000    0.000002    0.002826    0.259098    0.018496
 45   42.458084   -0.000008    0.000023   -0.002471    0.324764    0.020752
 46   42.267960   -0.000002   -0.000015    0.000205   -0.014512   -0.000440
 47   42.505951   -0.000002    0.000015    0.007563   -0.268783   -0.018399
 48   42.233093   -0.000002    0.000004    0.001339   -0.158403   -0.009045
 49   42.352173   -0.000000    0.000021    0.000062   -0.155056    0.006493
 50   42.391724   -0.000003    0.000008    0.001784   -0.186447    0.010290
 51   42.497742   -0.000010    0.000000    0.003260   -0.196398    0.008172
 52   42.272736   -0.000002    0.000000    0.003088   -0.104851    0.004750
 53   31.128174   50.706898  -91.397934   -0.664049    0.409822    1.472240
 54   42.375092   -0.000008    0.000008    0.009588    0.254092    0.231405
 55   42.546036    0.000027    0.000000   -0.007290    0.208781    0.210048
 56   42.234558   -0.000034    0.000031   -0.015029    0.174057    0.137942
 57   42.464966    0.000050    0.000019    0.003460    0.209956    0.147235
 58   42.458038    0.000023   -0.000031   -0.022649    0.061685    0.050098
 59   42.268005   -0.000069    0.000031   -0.023702   -0.087609   -0.051614
 60   42.505981    0.000122    0.000023   -0.009735   -0.055074   -0.017096
 61   42.233185   -0.000061    0.000008    0.054843   -0.258531   -0.283012
 62   42.352234    0.000027   -0.000004    0.026111   -0.239003   -0.259638
 63   42.391785    0.000031   -0.000015   -0.006411   -0.124169   -0.129726
 64   42.497589   -0.000015   -0.000031   -0.007632   -0.078190   -0.083694
 65   42.272736    0.000000   -0.000031   -0.005330   -0.023969   -0.026149
 66   30.296337  -56.044884  -91.497810   -0.658678    0.872701   -1.281967
 67   42.375084   -0.000004   -0.000006    0.090720    0.032130   -0.031379
 68   42.546127   -0.000010    0.000025    0.050769   -0.015833   -0.048983
 69   42.234451    0.000034    0.000008    0.049740    0.279335    0.160716
 70   42.464951   -0.000028    0.000011    0.057125    0.266416    0.156140
 71   42.458130    0.000023    0.000000    0.027044    0.025554    0.005177
 72   42.267883   -0.000069    0.000015    0.012952   -0.162386   -0.104013
 73   42.506012    0.000081    0.000008    0.023228   -0.285971   -0.183807
 74   42.233185    0.000000   -0.000057    0.007708   -0.185583   -0.122673
 75   42.352203   -0.000038   -0.000015    0.016349   -0.160175   -0.110337
 76   42.391785    0.000015   -0.000015    0.049527   -0.239938   -0.163734
 77   42.497559    0.000031    0.000000    0.075444   -0.231291   -0.146930
 78   42.272675    0.000000    0.000092    0.038551   -0.077746   -0.042355
 79   29.239315 -106.786308    1.740892   -0.000404   -0.400283   -1.481918
 80   42.375099   -0.000000   -0.000011   -0.010235    0.126947   -0.025267
 81   42.546036    0.000000    0.000004   -0.010531    0.144887   -0.038684
 82   42.234528   -0.000006   -0.000006   -0.001572    0.120712   -0.012287
 83   42.465134    0.000003   -0.000005    0.000459    0.038686    0.061835
 84   42.458099   -0.000001    0.000010   -0.001144    0.043345    0.036482
 85   42.267883   -0.000005   -0.000004    0.004176    0.091422   -0.055218
 86   42.505981    0.000000    0.000031    0.017375    0.078645   -0.102243
 87   42.233185    0.000004   -0.000008    0.001601    0.118193   -0.006149
 88   42.352325    0.000008    0.000015   -0.035768    0.195742    0.085999
 89   42.391724   -0.000006    0.000015   -0.045055    0.171746    0.063900
 90   42.497589    0.000008    0.000031   -0.056242    0.134799    0.055318
 91   42.272430   -0.000008    0.000031   -0.025867    0.044065    0.021145
time 91
  0    0.000000    0.000000    0.000000    0.000000   -0.000000    0.000000
  1    0.000000    0.000000    0.000000    0.000000   -0.000000    0.000000
  2    0.000000   21.953423  -21.026371    0.620067   -1.534281    0.950694
  3   50.309216   -0.435479    0.000004    0.034977    0.195372   -0.317246
  4   30.891541   -0.000013    0.000002    0.055443    0.229688   -0.368235
  5   34.635601    0.000000    0.000000    0.098215    0.245988   -0.371848
  6   30.584290    0.000019    0.000006    0.087365    0.015569   -0.377358
  7   31.520187    0.000000    0.000013   -0.017046   -0.064702   -0.097867
  8   34.241196  -28.000046  -41.878002    0.837187    0.269349   -0.364616
  9   34.241104   23.441803  -41.878090   -1.522999    0.542335   -1.002638
 10   35.246704  -52.543098    1.319149    0.065216   -0.101580   -0.373129
 11   35.246536   52.726318    1.318943    0.170844    0.232493   -1.047624
 12   34.830048  -24.891930   45.588631   -0.706274   -0.151721   -0.987467
 13   34.885788   27.636597   43.767841    0.463071    0.059482   -1.103158
 14   29.239326  -51.573368   94.292953    0.784485   -0.951768   -1.461179
 15   42.375122   -0.000010   -0.000006   -0.100752    0.033055   -0.068178
 16   42.546112    0.000021   -0.000013   -0.052536    0.056101   -0.091729
 17   42.234467    0.000004   -0.000002   -0.018911    0.125036   -0.189069
 18   42.465012    0.000000   -0.000011   -0.020837    0.014376   -0.006478
 19   42.458099   -0.000076   -0.000015   -0.045104    0.041522    0.021399
 20   42.267944    0.000023    0.000000   -0.016291   -0.070091    0.057689
 21   42.505981   -0.000011    0.000000   -0.039901   -0.373435    0.249081
 22   42.233093    0.000019   -0.000008   -0.038954   -0.345539    0.219088
 23   42.352325    0.000046   -0.000015   -0.014287   -0.179066    0.131900
 24   42.391663    0.000000   -0.000031    0.002332   -0.188816    0.173033
 25   42.497513    0.000061    0.000031    0.040863   -0.201292    0.189867
 26   42.272827    0.000061    0.000061    0.130612   -0.146943    0.147698
 27   29.239340   55.382660   92.214973    0.610966   -0.924071    1.555149
 28   42.375076   -0.000009   -0.000008    0.045646   -0.057831    0.037087
 29   42.546097   -0.000017    0.000014    0.037021   -0.050387    0.014530
 30   42.234451    0.000063   -0.000006    0.025267   -0.050979    0.050459
 31   42.465012   -0.000040    0.000013    0.026366   -0.061401    0.172769
 32   42.458054    0.000038    0.000015    0.044007   -0.062171    0.160409
 33   42.267883    0.000008    0.000019    0.007978    0.042167   -0.065016
 34   42.506012    0.000092    0.000019   -0.026968    0.090959   -0.209010
 35   42.233093   -0.000025    0.000001   -0.014893    0.040100   -0.108959
 36   42.352264   -0.000093   -0.000008   -0.002356    0.068548   -0.069764
 37   42.391663    0.000034    0.000038   -0.011141    0.168745   -0.093554
 38   42.497620    0.000023    0.000015   -0.059698    0.279961   -0.172713
 39   42.272614    0.000122    0.000000   -0.161622    0.348038   -0.216135
 40   29.239353  106.746704    1.740850    0.000358   -0.727933    1.620113
 41   42.375092    0.000000   -0.000008   -0.017872    0.247076   -0.023889
 42   42.546112   -0.000009    0.000000   -0.010750    0.175407   -0.022229
 43   42.234451    0.000007   -0.000006   -0.002124    0.148472   -0.007024
 44   42.465057   -0.000007   -0.000006    0.002904    0.259232    0.018504
 45   42.458069    0.000006    0.000008   -0.002474    0.333017    0.021604
 46   42.267929   -0.000008    0.000000    0.000078   -0.009017   -0.000165
 47   42.505981    0.000010    0.000031    0.008003   -0.272215   -0.019046
 48   42.233063   -0.000009    0.000000    0.001475   -0.162343   -0.009574
 49   42.352264    0.000007    0.000012    0.000048   -0.155933    0.006521
 50   42.391724   -0.000008    0.000000    0.001784   -0.186013    0.010369
 51   42.497559   -0.000001    0.000000    0.003228   -0.195265    0.008135
 52   42.272797   -0.000010    0.000031    0.003032   -0.103643    0.004698
 53   30.959663   50.706924  -91.397156   -0.668619    0.404371    1.470202
 54   42.375092   -0.000004    0.000008    0.012140    0.257165    0.237717
 55   42.546066    0.000032    0.000019   -0.006815    0.209423    0.212979
 56   42.234528   -0.000031    0.000006   -0.015060    0.173568    0.138950
 57   42.464996    0.000065    0.000008    0.003954    0.212814    0.151245
 58   42.458038    0.000031    0.000008   -0.022760    0.062212    0.051133
 59   42.268005   -0.000092    0.000000   -0.023549   -0.090696   -0.054720
 60   42.505981    0.000130    0.000008   -0.009393   -0.057675   -0.020432
 61   42.233215   -0.000023   -0.000015    0.055180   -0.258392   -0.284778
 62   42.352325    0.000027    0.000046    0.026817   -0.241782   -0.264277
 63   42.391693    0.000061    0.000015   -0.006473   -0.126555   -0.133100
 64   42.497559    0.000000    0.000031   -0.007934   -0.078640   -0.084785
 65   42.272736   -0.000031    0.000015   -0.005423   -0.023653   -0.026009
 66   30.196373  -56.044899  -91.487694   -0.664842    0.877253   -1.288787
 67   42.375084   -0.000006    0.000000    0.090995    0.023850   -0.038473
 68   42.546097    0.000002    0.000029    0.051078   -0.023465   -0.054480
 69   42.234482    0.000027    0.000008    0.051203    0.289389    0.170485
 70   42.465027   -0.000048    0.000004    0.058995    0.274164    0.163879
 71   42.458069    0.000031   -0.000015    0.027338    0.028376    0.007313
 72   42.267914   -0.000080    0.000015    0.012736   -0.158229   -0.102318
 73   42.506012    0.000051    0.000038    0.024754   -0.294657   -0.191311
 74   42.233124   -0.000004    0.000023    0.009084   -0.194620   -0.129771
 75   42.352112   -0.000038    0.000000    0.017620   -0.166915   -0.115490
 76   42.391785   -0.000015   -0.000015    0.052014   -0.245594   -0.168358
 77   42.497620    0.000046   -0.000031    0.079112   -0.231907   -0.147423
 78   42.272644    0.000031    0.000031    0.041136   -0.077147   -0.041696
 79   29.239317 -106.786278    1.740894   -0.000363   -0.401230   -1.483611
 80   42.375114   -0.000003   -0.000004   -0.010182    0.126808   -0.025076
 81   42.546051    0.000000    0.000008   -0.010479    0.143938   -0.038337
 82   42.234573   -0.000005   -0.000008   -0.001567    0.120205   -0.012055
 83   42.465042    0.000003    0.000002    0.000613    0.040647    0.061532
 84   42.458069    0.000016    0.000004   -0.001125    0.044480    0.036552
 85   42.268036   -0.000015    0.000000    0.004206    0.091211   -0.055202
 86   42.505920    0.000003    0.000015    0.017517    0.078179   -0.102873
 87   42.233063    0.000000   -0.000008    0.001617    0.120023   -0.006217
 88   42.352295   -0.000004    0.000000   -0.036045    0.198608    0.086025
 89   42.391815    0.000002    0.000000   -0.045135    0.172514    0.063240
 90   42.497498    0.000004   -0.000031   -0.056123    0.134514    0.054543
 91   42.272583    0.000000    0.000000   -0.025677    0.043772    0.020769
time 92
  0    0.000000    0.000000    0.000000    0.000000   -0.000000    0.000000
  1    0.000000    0.000000    0.000000    0.000000   -0.000000    0.000000
  2    0.000000   21.953423  -21.026371    0.629611   -1.536542    0.941149
  3   50.309208   -0.435479    0.000002    0.034977    0.195372   -0.317246
  4   30.891544   -0.000012    0.000002    0.054692    0.228656   -0.365952
  5   34.635605    0.000013    0.000006    0.098865    0.245471   -0.367223
  6   30.584282    0.000023    0.000002    0.087009    0.015409   -0.373563
  7   31.520187    0.000000   -0.000006   -0.017210   -0.064231   -0.110406
  8   34.241188  -28.000038  -41.878006    0.907547    0.283731   -0.364434
  9   34.241112   23.441795  -41.878090   -1.641258    0.549781   -1.135841
 10   35.246712  -52.543098    1.319138    0.070085   -0.087234   -0.383084
 11   35.246529   52.726311    1.318930    0.066804    0.251789   -1.217719
 12   34.830040  -24.891922   45.588600   -0.721475   -0.165256   -1.015876
 13   34.885765   27.636589   43.767815    0.374126    0.182469   -1.216047
 14   29.239319  -51.573338   94.292923    0.782546   -0.952526   -1.456996
 15   42.375053    0.000000   -0.000002   -0.100541    0.033114   -0.068898
 16   42.546082    0.000029   -0.000006   -0.052413    0.056278   -0.092757
 17   42.234482    0.000006   -0.000003   -0.018582    0.125715   -0.191521
 18   42.464981    0.000015   -0.000011   -0.020540    0.014665   -0.007503
 19   42.458115   -0.000061    0.000004   -0.045350    0.040535    0.022382
 20   42.267944    0.000046   -0.000019   -0.016430   -0.069317    0.057701
 21   42.505920    0.000004   -0.000023   -0.040307   -0.372788    0.251004
 22   42.233215   -0.000027   -0.000038   -0.039368   -0.346539    0.221865
 23   42.352295    0.000015   -0.000015   -0.014098   -0.178701    0.132661
 24   42.391663   -0.000061    0.000000    0.002908   -0.187740    0.173424
 25   42.497467    0.000076    0.000000    0.042608   -0.200470    0.190978
 26   42.272827    0.000061    0.000000    0.135110   -0.146135    0.148822
 27   29.239326   55.382618   92.214943    0.619021   -0.917072    1.546061
 28   42.375053   -0.000003   -0.000001    0.045470   -0.058460    0.039043
 29   42.546082   -0.000010   -0.000003    0.037028   -0.049990    0.016040
 30   42.234451    0.000066   -0.000019    0.025181   -0.052092    0.052666
 31   42.465012   -0.000029   -0.000011    0.025791   -0.067202    0.177427
 32   42.458099    0.000023   -0.000008    0.044111   -0.066656    0.163835
 33   42.267914    0.000008   -0.000008    0.007938    0.042330   -0.064502
 34   42.505981    0.000084    0.000000   -0.028215    0.095102   -0.212714
 35   42.233093   -0.000011   -0.000008   -0.015278    0.042558   -0.111973
 36   42.352173   -0.000093    0.000015   -0.002418    0.069479   -0.071090
 37   42.391724    0.000061    0.000000   -0.011230    0.169384   -0.094799
 38   42.497620    0.000015    0.000000   -0.060716    0.282492   -0.175297
 39   42.272614    0.000137    0.000031   -0.165349    0.351033   -0.219355
 40   29.239342  106.746605    1.740837    0.000320   -0.731981    1.615518
 41   42.375053   -0.000009   -0.000008   -0.016885    0.247413   -0.022421
 42   42.546066    0.000002   -0.000004   -0.010281    0.175662   -0.021080
 43   42.234421    0.000006    0.000000   -0.002034    0.147708   -0.006644
 44   42.465073   -0.000002   -0.000008    0.002981    0.259190    0.018502
 45   42.458038    0.000007    0.000008   -0.002468    0.341263    0.022466
 46   42.267944    0.000010    0.000061   -0.000064   -0.003301    0.000138
 47   42.505859    0.000004    0.000015    0.008457   -0.275485   -0.019696
 48   42.233063   -0.000009    0.000000    0.001624   -0.166410   -0.010125
 49   42.352203   -0.000001    0.000009    0.000034   -0.156834    0.006555
 50   42.391724    0.000008    0.000008    0.001786   -0.185581    0.010466
 51   42.497559   -0.000002   -0.000031    0.003201   -0.194142    0.008113
 52   42.272644   -0.000002    0.000031    0.002982   -0.102464    0.004654
 53   30.797386   50.706879  -91.396362   -0.673276    0.398880    1.468114
 54   42.375084   -0.000008   -0.000008    0.014770    0.260210    0.244145
 55   42.546051    0.000036    0.000000   -0.006353    0.210013    0.215876
 56   42.234528   -0.000031    0.000003   -0.015096    0.173074    0.139954
 57   42.464996    0.000057    0.000008    0.004451    0.215692    0.155341
 58   42.458023    0.000038    0.000000   -0.022884    0.062735    0.052179
 59   42.267975   -0.000107    0.000008   -0.023356   -0.093845   -0.057956
 60   42.505920    0.000122    0.000000   -0.009031   -0.060223   -0.023762
 61   42.233124   -0.000061   -0.000011    0.055487   -0.258140   -0.286428
 62   42.352264    0.000010    0.000015    0.027568   -0.244693   -0.269149
 63   42.391724    0.000046    0.000000   -0.006545   -0.129049   -0.136645
 64   42.497559    0.000031    0.000000   -0.008266   -0.079084   -0.085900
 65   42.272705   -0.000061   -0.000015   -0.005516   -0.023299   -0.025828
 66   30.101055  -56.044846  -91.478050   -0.671110    0.881746   -1.295777
 67   42.375092    0.000002   -0.000011    0.091348    0.015507   -0.045581
 68   42.546097    0.000002    0.000013    0.051474   -0.031016   -0.059871
 69   42.234451    0.000031   -0.000011    0.052729    0.299261    0.180151
 70   42.465027   -0.000025   -0.000008    0.060910    0.281878    0.171591
 71   42.458099    0.000042   -0.000046    0.027638    0.031188    0.009452
 72   42.267944   -0.000072    0.000000    0.012517   -0.153619   -0.100255
 73   42.505890    0.000042    0.000015    0.026288   -0.303109   -0.198696
 74   42.233063   -0.000015   -0.000011    0.010575   -0.204010   -0.137199
 75   42.352203   -0.000046   -0.000015    0.018956   -0.173752   -0.120746
 76   42.391785    0.000061   -0.000031    0.054481   -0.250870   -0.172716
 77   42.497559    0.000015    0.000000    0.082929   -0.232296   -0.147725
 78   42.272644   -0.000031    0.000000    0.044041   -0.076651   -0.041068
 79   29.239304 -106.786232    1.740904   -0.000323   -0.402130   -1.485400
 80   42.375107    0.000000   -0.000004   -0.010115    0.126663   -0.024852
 81   42.546036    0.000008    0.000011   -0.010415    0.143010   -0.037956
 82   42.234482   -0.000005   -0.000004   -0.001558    0.119716   -0.011807
 83   42.465027   -0.000006    0.000000    0.000761    0.042541    0.061221
 84   42.458069    0.000001   -0.000002   -0.001106    0.045583    0.036612
 85   42.267914    0.000010    0.000000    0.004234    0.091009   -0.055184
 86   42.505951   -0.000002    0.000038    0.017655    0.077724   -0.103488
 87   42.233124    0.000000   -0.000008    0.001635    0.121821   -0.006291
 88   42.352295    0.000015    0.000015   -0.036308    0.201371    0.086027
 89   42.391724    0.000010    0.000000   -0.045197    0.173218    0.062588
 90   42.497589   -0.000011   -0.000031   -0.055987    0.134218    0.053788
 91   42.272491    0.000000    0.000061   -0.025485    0.043484    0.020407
time 93
  0    0.000000    0.000000    0.000000    0.000000   -0.000000    0.000000
  1    0.000000    0.000000    0.000000    0.000000   -0.000000    0.000000
  2    0.000000   21.953423  -21.026371    0.639085   -1.538791    0.931680
  3   50.309216   -0.435479    0.000004    0.034977    0.195372   -0.317246
  4   30.891548   -0.000011    0.000004    0.053949    0.227634   -0.363692
  5   34.635597    0.000011    0.000002    0.099575    0.244906   -0.362174
  6   30.584274    0.000023    0.000002    0.086651    0.015235   -0.369421
  7   31.520180    0.000000    0.000004   -0.017357   -0.063809   -0.123784
  8   34.241173  -28.000046  -41.878010    0.888211    0.278111   -0.367427
  9   34.241096   23.441803  -41.878105   -1.738867    0.553804   -1.226487
 10   35.246696  -52.543095    1.319144    0.079229   -0.068937   -0.380843
 11   35.246544   52.726334    1.318935   -0.020364    0.266311   -1.336788
 12   34.830009  -24.891922   45.588615   -0.719560   -0.152885   -1.040262
 13   34.885765   27.636581   43.767841    0.299772    0.278127   -1.289449
 14   29.239321  -51.573334   94.292953    0.780749   -0.953204   -1.452975
 15   42.375069   -0.000002   -0.000014   -0.100329    0.033151   -0.069588
 16   42.546066    0.000022    0.000004   -0.052286    0.056418   -0.093746
 17   42.234451    0.000010   -0.000004   -0.018247    0.126301   -0.193885
 18   42.464996    0.000015    0.000004   -0.020243    0.014949   -0.008513
 19   42.458099   -0.000069   -0.000011   -0.045592    0.039595    0.023335
 20   42.267914    0.000015   -0.000011   -0.016568   -0.068551    0.057711
 21   42.505859   -0.000031    0.000000   -0.040707   -0.372095    0.252898
 22   42.233215    0.000019    0.000000   -0.039771   -0.347462    0.224617
 23   42.352264    0.000046    0.000015   -0.013902   -0.178328    0.133420
 24   42.391724   -0.000015    0.000031    0.003483   -0.186669    0.173826
 25   42.497421    0.000061    0.000031    0.044358   -0.199636    0.192083
 26   42.272781    0.000031    0.000000    0.139588   -0.145314    0.149941
 27   29.239334   55.382637   92.214981    0.626850   -0.910244    1.537200
 28   42.375069    0.000010   -0.000004    0.045281   -0.059048    0.040960
 29   42.546112   -0.000003    0.000029    0.037020   -0.049589    0.017540
 30   42.234451    0.000076   -0.000001    0.025091   -0.053150    0.054810
 31   42.465042   -0.000036   -0.000002    0.025206   -0.072799    0.181902
 32   42.458054    0.000023    0.000011    0.044200   -0.070953    0.167132
 33   42.267883   -0.000015   -0.000011    0.007924    0.042395   -0.063881
 34   42.506012    0.000084    0.000011   -0.029428    0.099041   -0.216207
 35   42.233002   -0.000034   -0.000018   -0.015675    0.044982   -0.114977
 36   42.352173   -0.000084   -0.000017   -0.002478    0.070371   -0.072385
 37   42.391663    0.000092    0.000004   -0.011299    0.169938   -0.095980
 38   42.497559    0.000046   -0.000015   -0.061673    0.284896   -0.177758
 39   42.272583    0.000137    0.000000   -0.168971    0.353943   -0.222498
 40   29.239349  106.746643    1.740845    0.000283   -0.736022    1.610831
 41   42.375046    0.000000    0.000008   -0.015867    0.247745   -0.020930
 42   42.546112    0.000001    0.000008   -0.009796    0.175937   -0.019920
 43   42.234482   -0.000001    0.000002   -0.001936    0.146932   -0.006251
 44   42.465088   -0.000009    0.000000    0.003056    0.258995    0.018490
 45   42.458054    0.000000    0.000015   -0.002450    0.349476    0.023336
 46   42.267914   -0.000002    0.000046   -0.000222    0.002615    0.000468
 47   42.505798   -0.000010    0.000031    0.008923   -0.278586   -0.020345
 48   42.233154   -0.000001    0.000000    0.001785   -0.170605   -0.010698
 49   42.352295    0.000000    0.000012    0.000019   -0.157765    0.006597
 50   42.391632   -0.000008    0.000000    0.001790   -0.185155    0.010580
 51   42.497681   -0.000010   -0.000046    0.003179   -0.193027    0.008104
 52   42.272797    0.000004   -0.000061    0.002939   -0.101306    0.004619
 53   30.641611   50.706902  -91.395653   -0.678011    0.393347    1.465982
 54   42.375084   -0.000004   -0.000008    0.017477    0.263228    0.250689
 55   42.546051    0.000026    0.000010   -0.005906    0.210551    0.218737
 56   42.234512   -0.000027    0.000014   -0.015136    0.172575    0.140949
 57   42.465012    0.000038   -0.000004    0.004949    0.218585    0.159519
 58   42.458069    0.000031   -0.000008   -0.023018    0.063262    0.053246
 59   42.268036   -0.000107    0.000015   -0.023118   -0.097050   -0.061322
 60   42.505920    0.000084    0.000008   -0.008653   -0.062713   -0.027080
 61   42.233093   -0.000053    0.000015    0.055764   -0.257787   -0.287969
 62   42.352264    0.000004   -0.000019    0.028368   -0.247738   -0.274255
 63   42.391724   -0.000015   -0.000015   -0.006630   -0.131647   -0.140360
 64   42.497620    0.000031   -0.000031   -0.008624   -0.079522   -0.087032
 65   42.272766    0.000046   -0.000046   -0.005615   -0.022916   -0.025617
 66   30.010445  -56.044857  -91.468811   -0.677483    0.886176   -1.302935
 67   42.375076   -0.000006    0.000002    0.091781    0.007107   -0.052697
 68   42.546127    0.000002    0.000002    0.051955   -0.038477   -0.065147
 69   42.234436    0.000034   -0.000004    0.054307    0.308933    0.189692
 70   42.465012   -0.000016   -0.000023    0.062874    0.289563    0.179279
 71   42.458130    0.000027   -0.000008    0.027941    0.033977    0.011585
 72   42.267883   -0.000050   -0.000031    0.012302   -0.148599   -0.097852
 73   42.506012    0.000065    0.000000    0.027816   -0.311259   -0.205910
 74   42.233063    0.000011   -0.000011    0.012189   -0.213748   -0.144966
 75   42.352142   -0.000023   -0.000015    0.020353   -0.180684   -0.126102
 76   42.391754    0.000015   -0.000015    0.056918   -0.255763   -0.176801
 77   42.497467    0.000061    0.000031    0.086905   -0.232464   -0.147848
 78   42.272644    0.000000    0.000000    0.047307   -0.076255   -0.040470
 79   29.239311 -106.786293    1.740906   -0.000286   -0.402980   -1.487282
 80   42.375069    0.000000   -0.000015   -0.010033    0.126510   -0.024596
 81   42.546051    0.000008    0.000000   -0.010340    0.142104   -0.037540
 82   42.234528    0.000001   -0.000008   -0.001546    0.119246   -0.011548
 83   42.465103    0.000002   -0.000003    0.000902    0.044367    0.060901
 84   42.458099   -0.000001    0.000004   -0.001087    0.046652    0.036668
 85   42.267883   -0.000001    0.000000    0.004261    0.090815   -0.055165
 86   42.505920   -0.000006    0.000008    0.017790    0.077283   -0.104088
 87   42.233032    0.000011    0.000008    0.001656    0.123577   -0.006374
 88   42.352325    0.000000   -0.000031   -0.036555    0.204024    0.086002
 89   42.391693    0.000009    0.000031   -0.045240    0.173861    0.061944
 90   42.497559    0.000004   -0.000031   -0.055836    0.133917    0.053056
 91   42.272491   -0.000015   -0.000031   -0.025295    0.043208    0.020060
time 94
  0    0.000000    0.000000    0.000000    0.000000   -0.000000    0.000000
  1    0.000000    0.000000    0.000000    0.000000   -0.000000    0.000000
  2    0.000000   21.953423  -21.026371    0.648484   -1.541020    0.922284
  3   50.309212   -0.435479    0.000002    0.034977    0.195372   -0.317246
  4   30.891548   -0.000010    0.000002    0.053217    0.226627   -0.361467
  5   34.635605    0.000011    0.000000    0.100334    0.244303   -0.356778
  6   30.584297    0.000023    0.000000    0.086295    0.015048   -0.364995
  7   31.520180    0.000000    0.000000   -0.017488   -0.063434   -0.137829
  8   34.241203  -28.000046  -41.878006    0.837107    0.263295   -0.375678
  9   34.241127   23.441811  -41.878086   -1.779480    0.559152   -1.259952
 10   35.246712  -52.543106    1.319137    0.091034   -0.047234   -0.374937
 11   35.246544   52.726326    1.318924   -0.056918    0.279167   -1.381633
 12   34.830055  -24.891930   45.588623   -0.714511   -0.120268   -1.066826
 13   34.885780   27.636589   43.767834    0.268628    0.322666   -1.315633
 14   29.239328  -51.573368   94.292992    0.779091   -0.953804   -1.449115
 15   42.375084   -0.000002   -0.000007   -0.100114    0.033167   -0.070249
 16   42.546051    0.000040    0.000008   -0.052157    0.056520   -0.094694
 17   42.234467    0.000027    0.000004   -0.017904    0.126791   -0.196155
 18   42.464981    0.000023    0.000008   -0.019947    0.015230   -0.009512
 19   42.458130   -0.000038    0.000000   -0.045829    0.038700    0.024256
 20   42.267975    0.000011    0.000011   -0.016706   -0.067793    0.057718
 21   42.505829    0.000019    0.000011   -0.041106   -0.371357    0.254768
 22   42.233215   -0.000015   -0.000046   -0.040162   -0.348313    0.227338
 23   42.352264    0.000061   -0.000031   -0.013702   -0.177949    0.134182
 24   42.391693   -0.000015    0.000000    0.004061   -0.185609    0.174237
 25   42.497421    0.000031   -0.000061    0.046111   -0.198789    0.193183
 26   42.272797    0.000153    0.000000    0.144056   -0.144476    0.151052
 27   29.239340   55.382607   92.214958    0.634460   -0.903613    1.528557
 28   42.375053   -0.000005    0.000006    0.045079   -0.059592    0.042833
 29   42.546112   -0.000007    0.000022    0.036997   -0.049182    0.019028
 30   42.234467    0.000077    0.000011    0.024997   -0.054148    0.056891
 31   42.464966   -0.000036    0.000010    0.024615   -0.078182    0.186189
 32   42.458069    0.000023    0.000004    0.044273   -0.075055    0.170285
 33   42.267853    0.000008    0.000023    0.007929    0.042381   -0.063192
 34   42.505951    0.000084    0.000008   -0.030598    0.102766   -0.219485
 35   42.232971   -0.000013    0.000017   -0.016078    0.047363   -0.117941
 36   42.352234   -0.000078    0.000029   -0.002537    0.071228   -0.073644
 37   42.391663    0.000065    0.000015   -0.011351    0.170429   -0.097100
 38   42.497620    0.000023   -0.000015   -0.062577    0.287181   -0.180107
 39   42.272552    0.000092    0.000000   -0.172440    0.356705   -0.225518
 40   29.239353  106.746605    1.740837    0.000249   -0.740052    1.606061
 41   42.375053    0.000000   -0.000015   -0.014819    0.248071   -0.019421
 42   42.546097    0.000000    0.000004   -0.009296    0.176233   -0.018749
 43   42.234467   -0.000000    0.000002   -0.001832    0.146145   -0.005846
 44   42.465012    0.000005    0.000003    0.003128    0.258642    0.018467
 45   42.458054   -0.000002    0.000008   -0.002420    0.357645    0.024211
 46   42.267868    0.000017   -0.000015   -0.000397    0.008744    0.000825
 47   42.505890    0.000000    0.000000    0.009399   -0.281503   -0.020990
 48   42.233185    0.000002   -0.000008    0.001959   -0.174935   -0.011294
 49   42.352234    0.000008    0.000021    0.000003   -0.158723    0.006644
 50   42.391724    0.000001    0.000023    0.001796   -0.184727    0.010708
 51   42.497681   -0.000008   -0.000031    0.003160   -0.191917    0.008107
 52   42.272766   -0.000008    0.000000    0.002900   -0.100181    0.004591
 53   30.492582   50.706909  -91.394981   -0.682816    0.387773    1.463815
 54   42.375084   -0.000008   -0.000008    0.020260    0.266220    0.257345
 55   42.546066    0.000047    0.000010   -0.005474    0.211039    0.221558
 56   42.234528   -0.000029    0.000012   -0.015181    0.172076    0.141937
 57   42.465073    0.000053    0.000011    0.005448    0.221501    0.163783
 58   42.458069    0.000053    0.000000   -0.023165    0.063782    0.054324
 59   42.268036   -0.000069   -0.000008   -0.022835   -0.100312   -0.064818
 60   42.505951    0.000099    0.000015   -0.008256   -0.065146   -0.030383
 61   42.233246   -0.000061    0.000019    0.056013   -0.257349   -0.289417
 62   42.352325    0.000029    0.000027    0.029217   -0.250907   -0.279585
 63   42.391754    0.000015   -0.000031   -0.006728   -0.134343   -0.144238
 64   42.497620    0.000061   -0.000015   -0.009014   -0.079946   -0.088177
 65   42.272766   -0.000031   -0.000031   -0.005715   -0.022499   -0.025368
 66   29.924589  -56.044853  -91.460052   -0.683960    0.890539   -1.310261
 67   42.375099   -0.000003   -0.000008    0.092295   -0.001341   -0.059811
 68   42.546112    0.000002    0.000015    0.052519   -0.045836   -0.070300
 69   42.234482    0.000034   -0.000008    0.055931    0.318392    0.199095
 70   42.465057   -0.000038   -0.000019    0.064880    0.297209    0.186937
 71   42.458130    0.000034   -0.000015    0.028248    0.036738    0.013707
 72   42.267883   -0.000053   -0.000031    0.012099   -0.143183   -0.095120
 73   42.505920    0.000063   -0.000015    0.029317   -0.319046   -0.212897
 74   42.233063   -0.000031    0.000019    0.013933   -0.223835   -0.153080
 75   42.352173   -0.000031    0.000031    0.021811   -0.187685   -0.131544
 76   42.391754   -0.000031    0.000015    0.059302   -0.260253   -0.180591
 77   42.497528   -0.000015    0.000092    0.091046   -0.232465   -0.147830
 78   42.272690    0.000061    0.000061    0.050991   -0.075973   -0.039912
 79   29.239315 -106.786270    1.740915   -0.000251   -0.403775   -1.489253
 80   42.375107   -0.000002    0.000004   -0.009936    0.126349   -0.024309
 81   42.546021    0.000000    0.000011   -0.010253    0.141220   -0.037093
 82   42.234528    0.000001    0.000008   -0.001530    0.118794   -0.011276
 83   42.465027    0.000003    0.000006    0.001036    0.046121    0.060576
 84   42.458130    0.000000    0.000006   -0.001069    0.047684    0.036716
 85   42.267975    0.000005    0.000004    0.004287    0.090630   -0.055144
 86   42.505951   -0.000006    0.000038    0.017921    0.076854   -0.104668
 87   42.233032   -0.000004    0.000008    0.001679    0.125285   -0.006467
 88   42.352356    0.000004   -0.000031   -0.036784    0.206565    0.085953
 89   42.391663   -0.000007    0.000046   -0.045265    0.174445    0.061309
 90   42.497559    0.000004    0.000031   -0.055672    0.133615    0.052346
 91   42.272614    0.000000    0.000061   -0.025107    0.042943    0.019729
time 95
  0    0.000000    0.000000    0.000000    0.000000   -0.000000    0.000000
  1    0.000000    0.000000    0.000000    0.000000   -0.000000    0.000000
  2    0.000000   21.953423  -21.026371    0.657798   -1.543230    0.912972
  3   50.309216   -0.435479    0.000004    0.034977    0.195372   -0.317246
  4   30.891541   -0.000013    0.000000    0.052500    0.225642   -0.359287
  5   34.635605    0.000006   -0.000004    0.101130    0.243669   -0.351114
  6   30.584290    0.000019    0.000004    0.085942    0.014852   -0.360347
  7   31.520187    0.000000    0.000011   -0.017603   -0.063103   -0.152366
  8   34.241180  -28.000031  -41.878006    0.764585    0.242347   -0.388094
  9   34.241119   23.441795  -41.878090   -1.770415    0.566097   -1.240169
 10   35.246689  -52.543079    1.319144    0.104305   -0.023372   -0.366587
 11   35.246521   52.726311    1.318930   -0.044975    0.290578   -1.370136
 12   34.830002  -24.891922   45.588615   -0.707373   -0.074155   -1.093895
 13   34.885773   27.636589   43.767830    0.275584    0.331976   -1.292394
 14   29.239323  -51.573376   94.292984    0.777571   -0.954325   -1.445418
 15   42.375061   -0.000005   -0.000018   -0.099897    0.033160   -0.070879
 16   42.546097    0.000034    0.000004   -0.052024    0.056585   -0.095603
 17   42.234451    0.000021    0.000004   -0.017553    0.127185   -0.198330
 18   42.464966    0.000038    0.000000   -0.019655    0.015502   -0.010489
 19   42.458069   -0.000053    0.000004   -0.046059    0.037857    0.025138
 20   42.267914    0.000034   -0.000011   -0.016843   -0.067051    0.057729
 21   42.505890   -0.000008   -0.000008   -0.041498   -0.370578    0.256609
 22   42.233215    0.000000   -0.000023   -0.040540   -0.349081    0.230021
 23   42.352295    0.000046   -0.000015   -0.013499   -0.177561    0.134943
 24   42.391724   -0.000061    0.000000    0.004642   -0.184561    0.174658
 25   42.497528    0.000031   -0.000031    0.047864   -0.197931    0.194276
 26   42.272781    0.000061   -0.000031    0.148497   -0.143623    0.152153
 27   29.239346   55.382626   92.214973    0.641861   -0.897196    1.520121
 28   42.375076    0.000006   -0.000003    0.044866   -0.060090    0.044661
 29   42.546082   -0.000018    0.000006    0.036960   -0.048769    0.020499
 30   42.234451    0.000067    0.000008    0.024899   -0.055078    0.058902
 31   42.465042   -0.000046    0.000011    0.024024   -0.083335    0.190275
 32   42.458038    0.000023    0.000015    0.044332   -0.078959    0.173295
 33   42.267853    0.000008    0.000015    0.007956    0.042289   -0.062431
 34   42.505981    0.000076    0.000015   -0.031724    0.106271   -0.222544
 35   42.233063   -0.000011    0.000014   -0.016486    0.049695   -0.120864
 36   42.352234   -0.000101    0.000027   -0.002595    0.072047   -0.074864
 37   42.391724    0.000057    0.000008   -0.011387    0.170854   -0.098157
 38   42.497620    0.000000   -0.000031   -0.063419    0.289336   -0.182331
 39   42.272461    0.000092   -0.000031   -0.173738    0.357251   -0.226950
 40   29.239353  106.746689    1.740833    0.000216   -0.744074    1.601213
 41   42.375061   -0.000008   -0.000008   -0.013744    0.248389   -0.017894
 42   42.546112   -0.000002    0.000000   -0.008783    0.176550   -0.017569
 43   42.234482   -0.000000   -0.000019   -0.001720    0.145354   -0.005428
 44   42.465103    0.000001   -0.000017    0.003198    0.258152    0.018435
 45   42.458145    0.000000   -0.000008   -0.002377    0.365748    0.025090
 46   42.267853   -0.000008    0.000000   -0.000590    0.015064    0.001208
 47   42.505920    0.000010    0.000015    0.009885   -0.284229   -0.021626
 48   42.233154   -0.000009   -0.000031    0.002148   -0.179399   -0.011911
 49   42.352264   -0.000000   -0.000009   -0.000014   -0.159714    0.006696
 50   42.391693    0.000000    0.000000    0.001803   -0.184297    0.010849
 51   42.497559    0.000000   -0.000031    0.003146   -0.190806    0.008120
 52   42.272736    0.000002    0.000000    0.002865   -0.099080    0.004570
 53   30.350590   50.706921  -91.394295   -0.687680    0.382157    1.461622
 54   42.375099    0.000008   -0.000008    0.023120    0.269184    0.264108
 55   42.546051    0.000023    0.000011   -0.005058    0.211480    0.224332
 56   42.234543   -0.000031    0.000021   -0.015230    0.171575    0.142918
 57   42.465012    0.000046    0.000011    0.005951    0.224438    0.168133
 58   42.458008    0.000031    0.000015   -0.023324    0.064313    0.055424
 59   42.267944   -0.000069    0.000031   -0.022503   -0.103624   -0.068443
 60   42.505890    0.000076    0.000031   -0.007844   -0.067514   -0.033663
 61   42.233154   -0.000069    0.000023    0.056235   -0.256824   -0.290758
 62   42.352234   -0.000006    0.000027    0.030118   -0.254207   -0.285149
 63   42.391724    0.000015   -0.000015   -0.006841   -0.137134   -0.148279
 64   42.497620    0.000015   -0.000046   -0.009436   -0.080361   -0.089336
 65   42.272766    0.000092    0.000000   -0.005818   -0.022054   -0.025088
 66   29.843538  -56.044846  -91.451767   -0.690541    0.894829   -1.317752
 67   42.375084   -0.000005   -0.000008    0.092890   -0.009829   -0.066916
 68   42.546127   -0.000006    0.000015    0.053163   -0.053082   -0.075323
 69   42.234451    0.000034   -0.000015    0.057592    0.327617    0.208334
 70   42.464981   -0.000038   -0.000011    0.066930    0.304820    0.194572
 71   42.458099    0.000004   -0.000015    0.028557    0.039465    0.015812
 72   42.267944   -0.000065   -0.000061    0.011914   -0.137408   -0.092089
 73   42.505981    0.000040    0.000000    0.030772   -0.326408   -0.219605
 74   42.233154   -0.000008   -0.000046    0.015814   -0.234259   -0.161545
 75   42.352142    0.000000   -0.000031    0.023328   -0.194755   -0.137075
 76   42.391754    0.000000    0.000000    0.061623   -0.264337   -0.184084
 77   42.497498    0.000061    0.000031    0.095362   -0.232314   -0.147687
 78   42.272736    0.000015    0.000031    0.055129   -0.075787   -0.039380
 79   29.239319 -106.786263    1.740913   -0.000218   -0.404512   -1.491310
 80   42.375107    0.000008    0.000004   -0.009826    0.126182   -0.023993
 81   42.546036    0.000001    0.000000   -0.010155    0.140361   -0.036614
 82   42.234482    0.000002   -0.000011   -0.001510    0.118360   -0.010992
 83   42.465088   -0.000006   -0.000010    0.001163    0.047801    0.060244
 84   42.458069   -0.000001   -0.000002   -0.001051    0.048677    0.036759
 85   42.267914   -0.000006   -0.000008    0.004311    0.090452   -0.055124
 86   42.505981    0.000004    0.000023    0.018047    0.076438   -0.105229
 87   42.233032    0.000000   -0.000023    0.001705    0.126935   -0.006572
 88   42.352325    0.000000   -0.000015   -0.036995    0.208986    0.085880
 89   42.391754    0.000012   -0.000015   -0.045271    0.174979    0.060689
 90   42.497589    0.000000   -0.000031   -0.055494    0.133314    0.051660
 91   42.272491    0.000000    0.000061   -0.024922    0.042696    0.019413
time 96
  0    0.000000    0.000000    0.000000    0.000000   -0.000000    0.000000
  1    0.000000    0.000000    0.000000    0.000000   -0.000000    0.000000
  2    0.000000   21.953423  -21.026371    0.667040   -1.545424    0.903731
  3   50.309204   -0.435479    0.000004    0.034977    0.195372   -0.317246
  4   30.891544   -0.000013    0.000000    0.051802    0.224682   -0.357165
  5   34.635601    0.000006    0.000000    0.101954    0.243014   -0.345256
  6   30.584297    0.000008    0.000000    0.085595    0.014650   -0.355541
  7   31.520203    0.000000    0.000006   -0.017704   -0.062813   -0.167223
  8   34.241211  -28.000038  -41.878021    0.680997    0.218335   -0.403583
  9   34.241119   23.441795  -41.878101   -1.747754    0.571751   -1.190711
 10   35.246704  -52.543098    1.319128    0.117845    0.001403   -0.357014
 11   35.246552   52.726326    1.318920   -0.015119    0.298974   -1.341393
 12   34.830032  -24.891937   45.588619   -0.699190   -0.021294   -1.119797
 13   34.885788   27.636589   43.767822    0.292973    0.338217   -1.234297
 14   29.239315  -51.573380   94.292999    0.776189   -0.954766   -1.441884
 15   42.375099   -0.000006   -0.000010   -0.099677    0.033129   -0.071477
 16   42.546097    0.000027    0.000006   -0.051889    0.056612   -0.096469
 17   42.234482    0.000017    0.000015   -0.017195    0.127484   -0.200408
 18   42.465042    0.000008    0.000000   -0.019364    0.015763   -0.011445
 19   42.458099   -0.000069    0.000004   -0.046284    0.037066    0.025981
 20   42.267975    0.000031    0.000015   -0.016978   -0.066322    0.057741
 21   42.505981   -0.000023    0.000004   -0.041886   -0.369758    0.258419
 22   42.233185    0.000027   -0.000015   -0.040901   -0.349767    0.232660
 23   42.352264    0.000092    0.000000   -0.013292   -0.177167    0.135703
 24   42.391754   -0.000031   -0.000061    0.005222   -0.183522    0.175089
 25   42.497498    0.000031   -0.000031    0.049618   -0.197060    0.195356
 26   42.272736    0.000153   -0.000031    0.152904   -0.142757    0.153246
 27   29.239326   55.382668   92.215042    0.649062   -0.891018    1.511882
 28   42.375084    0.000004   -0.000002    0.044643   -0.060536    0.046440
 29   42.546143   -0.000003    0.000010    0.036910   -0.048349    0.021952
 30   42.234482    0.000061    0.000002    0.024799   -0.055939    0.060843
 31   42.465057   -0.000059   -0.000006    0.023438   -0.088248    0.194158
 32   42.458038    0.000015   -0.000008    0.044380   -0.082655    0.176148
 33   42.267883   -0.000015   -0.000015    0.007997    0.042137   -0.061631
 34   42.506042    0.000084    0.000000   -0.032799    0.109550   -0.225380
 35   42.233154   -0.000011   -0.000003   -0.016895    0.051964   -0.123718
 36   42.352203   -0.000093    0.000004   -0.002653    0.072828   -0.076043
 37   42.391602    0.000027    0.000023   -0.011410    0.171224   -0.099152
 38   42.497711    0.000031   -0.000015   -0.064205    0.291370   -0.184436
 39   42.272675    0.000137    0.000000   -0.174907    0.357754   -0.228306
 40   29.239347  106.746674    1.740831    0.000187   -0.748084    1.596292
 41   42.375080    0.000008    0.000008   -0.012641    0.248693   -0.016351
 42   42.546112   -0.000015    0.000004   -0.008257    0.176888   -0.016383
 43   42.234497    0.000010   -0.000013   -0.001603    0.144562   -0.004999
 44   42.465057    0.000008   -0.000006    0.003265    0.257528    0.018394
 45   42.458084    0.000002    0.000015   -0.002322    0.373770    0.025968
 46   42.267914   -0.000002    0.000015   -0.000801    0.021588    0.001621
 47   42.505920   -0.000002    0.000000    0.010378   -0.286744   -0.022249
 48   42.233215    0.000000    0.000008    0.002352   -0.184005   -0.012551
 49   42.352295   -0.000002    0.000014   -0.000031   -0.160738    0.006751
 50   42.391663    0.000007    0.000015    0.001811   -0.183862    0.011003
 51   42.497589   -0.000009   -0.000031    0.003133   -0.189696    0.008142
 52   42.272827    0.000006    0.000015    0.002833   -0.098005    0.004555
 53   30.215843   50.706947  -91.393692   -0.692595    0.376499    1.459410
 54   42.375099   -0.000004    0.000015    0.026052    0.272121    0.270976
 55   42.546021    0.000019    0.000008   -0.004659    0.211874    0.227055
 56   42.234558   -0.000025    0.000015   -0.015283    0.171076    0.143891
 57   42.465012    0.000061    0.000004    0.006455    0.227401    0.172572
 58   42.458099    0.000031   -0.000008   -0.023494    0.064848    0.056544
 59   42.267975   -0.000076    0.000023   -0.022122   -0.106983   -0.072197
 60   42.505920    0.000107    0.000015   -0.007418   -0.069821   -0.036920
 61   42.233154   -0.000046    0.000027    0.056436   -0.256231   -0.292012
 62   42.352325   -0.000010   -0.000004    0.031069   -0.257622   -0.290927
 63   42.391754    0.000046   -0.000031   -0.006971   -0.140013   -0.152476
 64   42.497498    0.000015   -0.000015   -0.009889   -0.080761   -0.090503
 65   42.272766    0.000061   -0.000061   -0.005922   -0.021579   -0.024771
 66   29.767334  -56.044872  -91.443985   -0.697226    0.899043   -1.325408
 67   42.375114    0.000000   -0.000008    0.093568   -0.018351   -0.074002
 68   42.546097    0.000011    0.000013    0.053885   -0.060206   -0.080209
 69   42.234482    0.000023    0.000000    0.059284    0.336602    0.217399
 70   42.465042   -0.000043   -0.000008    0.069022    0.312390    0.202175
 71   42.458115    0.000038    0.000015    0.028866    0.042146    0.017893
 72   42.267914   -0.000061   -0.000015    0.011754   -0.131331   -0.088793
 73   42.506012    0.000038    0.000008    0.032159   -0.333272   -0.225970
 74   42.233154    0.000031   -0.000031    0.017841   -0.245010   -0.170365
 75   42.352142   -0.000015    0.000000    0.024899   -0.201882   -0.142684
 76   42.391754    0.000031   -0.000031    0.063862   -0.268010   -0.187270
 77   42.497498    0.000046   -0.000031    0.099862   -0.232040   -0.147447
 78   42.272705    0.000015   -0.000031    0.059784   -0.075698   -0.038880
 79   29.239307 -106.786339    1.740911   -0.000188   -0.405187   -1.493449
 80   42.375114    0.000006   -0.000004   -0.009702    0.126007   -0.023648
 81   42.546051   -0.000000    0.000004   -0.010046    0.139527   -0.036107
 82   42.234528   -0.000005    0.000002   -0.001488    0.117943   -0.010697
 83   42.465088   -0.000004    0.000012    0.001283    0.049402    0.059908
 84   42.458069    0.000009    0.000015   -0.001034    0.049629    0.036794
 85   42.267975   -0.000013    0.000000    0.004335    0.090283   -0.055102
 86   42.506012   -0.000008    0.000038    0.018168    0.076036   -0.105770
 87   42.233093    0.000015    0.000015    0.001733    0.128526   -0.006683
 88   42.352356    0.000015    0.000031   -0.037188    0.211288    0.085786
 89   42.391815   -0.000005    0.000061   -0.045261    0.175462    0.060081
 90   42.497559   -0.000004    0.000000   -0.055304    0.133016    0.050998
 91   42.272552    0.000000    0.000031   -0.024740    0.042459    0.019111
time 97
  0    0.000000    0.000000    0.000000    0.000000   -0.000000    0.000000
  1    0.000000    0.000000    0.000000    0.000000   -0.000000    0.000000
  2    0.000000   21.953423  -21.026371    0.676187   -1.547593    0.894586
  3   50.309212   -0.435479    0.000004    0.034977    0.195372   -0.317246
  4   30.891548   -0.000011    0.000000    0.051127    0.223753   -0.355111
  5   34.635597    0.000006   -0.000004    0.102794    0.242346   -0.339284
  6   30.584305    0.000015   -0.000006    0.085257    0.014443   -0.350641
  7   31.520195    0.000008    0.000000   -0.017791   -0.062562   -0.182225
  8   34.241196  -28.000038  -41.878017    0.596696    0.194322   -0.421050
  9   34.241127   23.441803  -41.878109   -1.718296    0.576127   -1.126416
 10   35.246704  -52.543098    1.319136    0.130459    0.025843   -0.347442
 11   35.246536   52.726318    1.318924    0.023695    0.304774   -1.304028
 12   34.830017  -24.891930   45.588612   -0.691007    0.031567   -1.142855
 13   34.885773   27.636581   43.767830    0.315579    0.342002   -1.158769
 14   29.239325  -51.573341   94.292953    0.774944   -0.955126   -1.438515
 15   42.375069    0.000001   -0.000005   -0.099456    0.033076   -0.072044
 16   42.546051    0.000028   -0.000003   -0.051751    0.056602   -0.097294
 17   42.234467    0.000004   -0.000024   -0.016830    0.127685   -0.202386
 18   42.464981    0.000023   -0.000008   -0.019079    0.016009   -0.012371
 19   42.458084   -0.000053   -0.000011   -0.046501    0.036331    0.026782
 20   42.267975    0.000023   -0.000008   -0.017110   -0.065615    0.057756
 21   42.505890    0.000004    0.000000   -0.042274   -0.368911    0.260208
 22   42.233185   -0.000027    0.000008   -0.041243   -0.350361    0.235245
 23   42.352234    0.000061   -0.000031   -0.013080   -0.176765    0.136463
 24   42.391724   -0.000031   -0.000031    0.005807   -0.182503    0.175538
 25   42.497528    0.000015    0.000061    0.051371   -0.196177    0.196425
 26   42.272751    0.000153    0.000031    0.157287   -0.141871    0.154321
 27   29.239340   55.382629   92.214973    0.656071   -0.885099    1.503831
 28   42.375084   -0.000002    0.000010    0.044411   -0.060932    0.048168
 29   42.546097   -0.000010    0.000021    0.036847   -0.047918    0.023382
 30   42.234482    0.000069    0.000009    0.024698   -0.056724    0.062710
 31   42.465073   -0.000036   -0.000002    0.022862   -0.092906    0.197823
 32   42.458099    0.000031    0.000008    0.044418   -0.086143    0.178845
 33   42.267853   -0.000015    0.000008    0.008052    0.041928   -0.060793
 34   42.506012    0.000061   -0.000004   -0.033817    0.112600   -0.227991
 35   42.233093   -0.000021    0.000023   -0.017307    0.054163   -0.126500
 36   42.352264   -0.000084   -0.000008   -0.002707    0.073569   -0.077171
 37   42.391693    0.000042   -0.000011   -0.011419    0.171537   -0.100082
 38   42.497650    0.000008   -0.000031   -0.064930    0.293274   -0.186413
 39   42.272552    0.000092    0.000000   -0.175935    0.358207   -0.229579
 40   29.239357  106.746666    1.740847    0.000159   -0.752082    1.591307
 41   42.375084    0.000010   -0.000008   -0.011514    0.248989   -0.014797
 42   42.546104    0.000000   -0.000008   -0.007718    0.177240   -0.015191
 43   42.234451   -0.000001    0.000000   -0.001478    0.143772   -0.004561
 44   42.465073   -0.000001   -0.000013    0.003331    0.256785    0.018345
 45   42.458054   -0.000009    0.000008   -0.002254    0.381695    0.026843
 46   42.267899   -0.000008   -0.000015   -0.001029    0.028295    0.002061
 47   42.505829    0.000006    0.000046    0.010875   -0.289047   -0.022857
 48   42.233185   -0.000010    0.000015    0.002571   -0.188753   -0.013211
 49   42.352295    0.000009    0.000005   -0.000049   -0.161798    0.006809
 50   42.391663   -0.000008    0.000008    0.001819   -0.183419    0.011167
 51   42.497559    0.000000    0.000031    0.003123   -0.188576    0.008172
 52   42.272766   -0.000004   -0.000015    0.002805   -0.096961    0.004544
 53   30.088669   50.706879  -91.393059   -0.697549    0.370796    1.457188
 54   42.375107   -0.000004   -0.000008    0.029058    0.275032    0.277944
 55   42.546036    0.000014    0.000013   -0.004277    0.212226    0.229726
 56   42.234512   -0.000011   -0.000004   -0.015339    0.170584    0.144858
 57   42.465027    0.000053    0.000000    0.006962    0.230391    0.177098
 58   42.458084    0.000053    0.000023   -0.023677    0.065386    0.057681
 59   42.267944   -0.000076    0.000015   -0.021688   -0.110389   -0.076078
 60   42.505859    0.000114    0.000008   -0.006978   -0.072066   -0.040155
 61   42.233124   -0.000015   -0.000008    0.056616   -0.255587   -0.293195
 62   42.352234    0.000013    0.000027    0.032072   -0.261145   -0.296909
 63   42.391724    0.000031    0.000000   -0.007121   -0.142968   -0.156816
 64   42.497620    0.000000   -0.000015   -0.010380   -0.081138   -0.091670
 65   42.272675    0.000000    0.000092   -0.006025   -0.021074   -0.024416
 66   29.696053  -56.044868  -91.436653   -0.704013    0.903176   -1.333225
 67   42.375099    0.000010    0.000002    0.094327   -0.026898   -0.081061
 68   42.546112   -0.000002    0.000006    0.054683   -0.067201   -0.084954
 69   42.234421    0.000038    0.000004    0.060997    0.345332    0.226269
 70   42.465012   -0.000026   -0.000004    0.071153    0.319919    0.209750
 71   42.458084    0.000008   -0.000015    0.029174    0.044781    0.019949
 72   42.267944   -0.000061    0.000015    0.011627   -0.125115   -0.085341
 73   42.505981    0.000061   -0.000031    0.033402   -0.339325   -0.231764
 74   42.233154    0.000004   -0.000019    0.020047   -0.256207   -0.179633
 75   42.352142    0.000000   -0.000031    0.026527   -0.209064   -0.148374
 76   42.391724    0.000015    0.000000    0.066014   -0.271286   -0.190155
 77   42.497559    0.000061    0.000000    0.104547   -0.231660   -0.147122
 78   42.272675   -0.000031    0.000031    0.065022   -0.075697   -0.038405
 79   29.239323 -106.786232    1.740894   -0.000160   -0.405795   -1.495666
 80   42.375099    0.000006   -0.000008   -0.009563    0.125823   -0.023275
 81   42.546021    0.000001   -0.000008   -0.009926    0.138718   -0.035571
 82   42.234573    0.000001   -0.000013   -0.001462    0.117545   -0.010392
 83   42.465088    0.000010   -0.000004    0.001395    0.050923    0.059571
 84   42.458099   -0.000015   -0.000004   -0.001017    0.050536    0.036822
 85   42.267914   -0.000002   -0.000011    0.004357    0.090121   -0.055083
 86   42.505920    0.000015    0.000023    0.018284    0.075649   -0.106289
 87   42.233124    0.000008   -0.000023    0.001763    0.130048   -0.006806
 88   42.352386    0.000011    0.000015   -0.037360    0.213460    0.085669
 89   42.391785    0.000002    0.000000   -0.045232    0.175899    0.059489
 90   42.497620   -0.000008    0.000031   -0.055104    0.132731    0.050362
 91   42.272461   -0.000015    0.000000   -0.024558    0.042234    0.018823
time 98
  0    0.000000    0.000000    0.000000    0.000000   -0.000000    0.000000
  1    0.000000    0.000000    0.000000    0.000000   -0.000000    0.000000
  2    0.000000   21.953423  -21.026371    0.685249   -1.549743    0.885522
  3   50.309212   -0.435479    0.000004    0.034977    0.195372   -0.317246
  4   30.891541   -0.000011    0.000004    0.050478    0.222861   -0.353138
  5   34.635593    0.000008    0.000002    0.103639    0.241674   -0.333272
  6   30.584282    0.000023   -0.000004    0.084929    0.014236   -0.345709
  7   31.520180   -0.000008   -0.000002   -0.017866   -0.062347   -0.197200
  8   34.241188  -28.000038  -41.878006    0.522032    0.173375   -0.439404
  9   34.241112   23.441795  -41.878098   -1.688837    0.579238   -1.062120
 10   35.246696  -52.543098    1.319141    0.140950    0.048701   -0.339091
 11   35.246529   52.726326    1.318930    0.062509    0.308397   -1.266663
 12   34.830025  -24.891930   45.588608   -0.683869    0.077680   -1.161398
 13   34.885773   27.636589   43.767822    0.338186    0.343946   -1.083243
 14   29.239321  -51.573360   94.292969    0.773833   -0.955406   -1.435310
 15   42.375069   -0.000003   -0.000004   -0.099232    0.033001   -0.072579
 16   42.546112    0.000036    0.000003   -0.051609    0.056554   -0.098075
 17   42.234467    0.000023    0.000002   -0.016458    0.127791   -0.204263
 18   42.464996    0.000015    0.000011   -0.018799    0.016237   -0.013263
 19   42.458084   -0.000084   -0.000027   -0.046708    0.035651    0.027537
 20   42.267975    0.000042    0.000004   -0.017241   -0.064921    0.057774
 21   42.505859    0.000019    0.000004   -0.042651   -0.368021    0.261956
 22   42.233215    0.000027   -0.000023   -0.041568   -0.350871    0.237779
 23   42.352264    0.000046    0.000000   -0.012866   -0.176357    0.137219
 24   42.391785   -0.000046    0.000031    0.006391   -0.181495    0.175993
 25   42.497498    0.000031   -0.000031    0.053119   -0.195288    0.197486
 26   42.272766    0.000061    0.000031    0.161619   -0.140976    0.155387
 27   29.239334   55.382622   92.214981    0.662899   -0.879461    1.495955
 28   42.375092   -0.000002   -0.000007    0.044174   -0.061271    0.049843
 29   42.546066   -0.000018    0.000011    0.036774   -0.047479    0.024788
 30   42.234482    0.000057   -0.000017    0.024598   -0.057430    0.064503
 31   42.465042   -0.000040    0.000006    0.022300   -0.097300    0.201264
 32   42.458084    0.000008    0.000004    0.044448   -0.089412    0.181373
 33   42.267883   -0.000015    0.000008    0.008116    0.041680   -0.059947
 34   42.506042    0.000084    0.000019   -0.034777    0.115418   -0.230381
 35   42.233093   -0.000032    0.000017   -0.017713    0.056278   -0.129181
 36   42.352264   -0.000090    0.000021   -0.002762    0.074271   -0.078249
 37   42.391754    0.000069    0.000000   -0.011418    0.171807   -0.100950
 38   42.497589    0.000000    0.000000   -0.065597    0.295051   -0.188265
 39   42.272644    0.000122   -0.000031   -0.176836    0.358615   -0.230771
 40   29.239351  106.746643    1.740829    0.000134   -0.756069    1.586263
 41   42.375050    0.000000   -0.000023   -0.010362    0.249270   -0.013233
 42   42.546112    0.000000   -0.000011   -0.007167    0.177609   -0.013995
 43   42.234451    0.000008   -0.000006   -0.001348    0.142985   -0.004113
 44   42.465042   -0.000008   -0.000010    0.003394    0.255923    0.018288
 45   42.457962    0.000000    0.000000   -0.002173    0.389511    0.027712
 46   42.267929    0.000000    0.000015   -0.001277    0.035195    0.002530
 47   42.505920   -0.000002    0.000000    0.011374   -0.291118   -0.023445
 48   42.233063    0.000006    0.000000    0.002807   -0.193649   -0.013891
 49   42.352234   -0.000002    0.000002   -0.000068   -0.162895    0.006866
 50   42.391663    0.000007   -0.000008    0.001828   -0.182964    0.011340
 51   42.497681   -0.000010   -0.000015    0.003115   -0.187448    0.008206
 52   42.272644    0.000008   -0.000015    0.002779   -0.095925    0.004538
 53   29.969261   50.706913  -91.392517   -0.702533    0.365051    1.454964
 54   42.375092   -0.000023    0.000008    0.032136    0.277920    0.285011
 55   42.546066    0.000031    0.000019   -0.003913    0.212536    0.232337
 56   42.234543   -0.000031    0.000020   -0.015398    0.170096    0.145813
 57   42.464981    0.000046    0.000023    0.007472    0.233411    0.181716
 58   42.458023    0.000053    0.000008   -0.023874    0.065935    0.058840
 59   42.268036   -0.000061    0.000015   -0.021198   -0.113834   -0.080085
 60   42.505951    0.000114    0.000000   -0.006524   -0.074249   -0.043362
 61   42.233246   -0.000046   -0.000031    0.056776   -0.254892   -0.294301
 62   42.352295    0.000019   -0.000004    0.033126   -0.264772   -0.303091
 63   42.391663    0.000000   -0.000061   -0.007292   -0.145989   -0.161291
 64   42.497528    0.000015   -0.000015   -0.010907   -0.081501   -0.092843
 65   42.272705   -0.000031   -0.000031   -0.006129   -0.020549   -0.024032
 66   29.629721  -56.044849  -91.429794   -0.710902    0.907224   -1.341202
 67   42.375107    0.000002   -0.000004    0.095171   -0.035463   -0.088084
 68   42.546097    0.000002    0.000031    0.055553   -0.074058   -0.089550
 69   42.234482    0.000027   -0.000004    0.062725    0.353805    0.234938
 70   42.464966   -0.000024   -0.000019    0.073322    0.327397    0.217288
 71   42.458145    0.000023   -0.000031    0.029479    0.047360    0.021970
 72   42.267883   -0.000076   -0.000015    0.011537   -0.118873   -0.081807
 73   42.505951    0.000053   -0.000053    0.034458   -0.344410   -0.236865
 74   42.233124   -0.000008   -0.000017    0.022452   -0.267873   -0.189377
 75   42.352142   -0.000015   -0.000015    0.028206   -0.216290   -0.154138
 76   42.391785   -0.000015   -0.000015    0.068065   -0.274167   -0.192738
 77   42.497467    0.000061    0.000031    0.109423   -0.231194   -0.146736
 78   42.272675    0.000000    0.000031    0.070911   -0.075779   -0.037953
 79   29.239311 -106.786278    1.740913   -0.000135   -0.406334   -1.497957
 80   42.375092    0.000001   -0.000004   -0.009412    0.125632   -0.022875
 81   42.546082    0.000001    0.000008   -0.009796    0.137939   -0.035010
 82   42.234543    0.000003   -0.000006   -0.001432    0.117165   -0.010076
 83   42.465042    0.000002    0.000005    0.001499    0.052360    0.059230
 84   42.458038   -0.000005    0.000006   -0.001001    0.051395    0.036843
 85   42.267853    0.000005    0.000004    0.004377    0.089967   -0.055063
 86   42.505951    0.000010    0.000023    0.018395    0.075277   -0.106785
 87   42.232971   -0.000004   -0.000031    0.001796    0.131494   -0.006938
 88   42.352386    0.000008   -0.000031   -0.037512    0.215503    0.085532
 89   42.391724   -0.000009   -0.000046   -0.045187    0.176297    0.058914
 90   42.497589   -0.000008   -0.000031   -0.054894    0.132454    0.049753
 91   42.272552   -0.000015   -0.000031   -0.024385    0.042035    0.018553
time 99
  0    0.000000    0.000000    0.000000    0.000000   -0.000000    0.000000
  1    0.000000    0.000000    0.000000    0.000000   -0.000000    0.000000
  2    0.000000   21.953423  -21.026371    0.694215   -1.551872    0.876561
  3   50.309212   -0.435479    0.000004    0.034977    0.195372   -0.317246
  4   30.891541   -0.000010    0.000002    0.049859    0.222010   -0.351257
  5   34.635601    0.000006    0.000002    0.104479    0.241006   -0.327300
  6   30.584290    0.000019    0.000006    0.084614    0.014029   -0.340809
  7   31.520180    0.000000   -0.000002   -0.017929   -0.062164   -0.211974
  8   34.241173  -28.000031  -41.878010    0.467357    0.158559   -0.457551
  9   34.241112   23.441788  -41.878086   -1.666176    0.581095   -1.012663
 10   35.246681  -52.543083    1.319142    0.148122    0.068732   -0.333185
 11   35.246544   52.726303    1.318928    0.092366    0.310264   -1.237921
 12   34.830040  -24.891914   45.588612   -0.678820    0.110296   -1.173751
 13   34.885780   27.636581   43.767826    0.355575    0.344662   -1.025145
 14   29.239307  -51.573341   94.292931    0.772854   -0.955606   -1.432270
 15   42.375053   -0.000003   -0.000015   -0.099008    0.032903   -0.073081
 16   42.546082    0.000021    0.000000   -0.051465    0.056467   -0.098811
 17   42.234482    0.000004    0.000000   -0.016078    0.127800   -0.206035
 18   42.464996    0.000000    0.000000   -0.018526    0.016446   -0.014119
 19   42.458084   -0.000053    0.000008   -0.046908    0.035032    0.028243
 20   42.267975    0.000023    0.000015   -0.017370   -0.064252    0.057798
 21   42.505920    0.000004    0.000008   -0.043025   -0.367101    0.263673
 22   42.233124   -0.000008    0.000015   -0.041871   -0.351288    0.240247
 23   42.352295    0.000061    0.000000   -0.012648   -0.175938    0.137971
 24   42.391724   -0.000031    0.000031    0.006976   -0.180506    0.176462
 25   42.497559    0.000015   -0.000031    0.054862   -0.194391    0.198535
 26   42.272766    0.000061    0.000031    0.165916   -0.140069    0.156436
 27   29.239332   55.382603   92.214935    0.669555   -0.874122    1.488246
 28   42.375061    0.000002   -0.000002    0.043930   -0.061555    0.051463
 29   42.546082   -0.000023    0.000008    0.036690   -0.047026    0.026166
 30   42.234421    0.000083    0.000009    0.024498   -0.058054    0.066216
 31   42.465057   -0.000021    0.000015    0.021758   -0.101414    0.204469
 32   42.458069    0.000023    0.000015    0.044471   -0.092461    0.183734
 33   42.267883    0.000015    0.000008    0.008188    0.041397   -0.059093
 34   42.506012    0.000092   -0.000004   -0.035675    0.118005   -0.232553
 35   42.233032   -0.000008   -0.000003   -0.018112    0.058298   -0.131751
 36   42.352356   -0.000074    0.000008   -0.002812    0.074929   -0.079266
 37   42.391693    0.000050   -0.000015   -0.011409    0.172034   -0.101757
 38   42.497650    0.000038    0.000000   -0.066204    0.296700   -0.189987
 39   42.272552    0.000168    0.000031   -0.177610    0.358985   -0.231882
 40   29.239342  106.746620    1.740824    0.000111   -0.760042    1.581168
 41   42.375019   -0.000001   -0.000023   -0.009189    0.249535   -0.011660
 42   42.546112    0.000000    0.000000   -0.006606    0.177995   -0.012797
 43   42.234451   -0.000001   -0.000021   -0.001211    0.142209   -0.003657
 44   42.465042   -0.000001   -0.000012    0.003454    0.254967    0.018224
 45   42.458069   -0.000001   -0.000023   -0.002079    0.397198    0.028572
 46   42.267914    0.000000   -0.000015   -0.001542    0.042259    0.003025
 47   42.505859    0.000010   -0.000015    0.011873   -0.292949   -0.024008
 48   42.233093   -0.000008   -0.000008    0.003060   -0.198692   -0.014591
 49   42.352142   -0.000001    0.000010   -0.000088   -0.164034    0.006923
 50   42.391571    0.000000    0.000000    0.001837   -0.182499    0.011520
 51   42.497681    0.000008    0.000000    0.003107   -0.186305    0.008246
 52   42.272705    0.000000   -0.000046    0.002754   -0.094917    0.004535
 53   29.857914   50.706902  -91.391960   -0.707535    0.359261    1.452749
 54   42.375084    0.000000   -0.000008    0.035282    0.280783    0.292167
 55   42.546051    0.000046    0.000004   -0.003567    0.212809    0.234885
 56   42.234497   -0.000027    0.000031   -0.015459    0.169617    0.146763
 57   42.465012    0.000061    0.000000    0.007987    0.236461    0.186423
 58   42.458023    0.000053    0.000023   -0.024083    0.066498    0.060026
 59   42.268005   -0.000046    0.000000   -0.020652   -0.117314   -0.084214
 60   42.505859    0.000099    0.000015   -0.006061   -0.076367   -0.046539
 61   42.233185   -0.000015   -0.000008    0.056921   -0.254158   -0.295335
 62   42.352295    0.000006   -0.000011    0.034230   -0.268492   -0.309464
 63   42.391663    0.000031   -0.000046   -0.007484   -0.149069   -0.165888
 64   42.497620    0.000031   -0.000015   -0.011470   -0.081842   -0.094012
 65   42.272705    0.000031   -0.000031   -0.006233   -0.020010   -0.023627
 66   29.568396  -56.044823  -91.423386   -0.717893    0.911183   -1.349338
 67   42.375084    0.000010   -0.000002    0.096096   -0.044039   -0.095064
 68   42.546066   -0.000004    0.000013    0.056492   -0.080767   -0.093991
 69   42.234451    0.000015    0.000004    0.064460    0.362013    0.243391
 70   42.464935   -0.000035   -0.000027    0.075525    0.334821    0.224789
 71   42.458115    0.000000   -0.000061    0.029781    0.049877    0.023951
 72   42.267883   -0.000069   -0.000031    0.011486   -0.112646   -0.078222
 73   42.505981    0.000072   -0.000015    0.035301   -0.348476   -0.241212
 74   42.233093    0.000027   -0.000021    0.025067   -0.279988   -0.199601
 75   42.352112   -0.000061    0.000015    0.029937   -0.223560   -0.159982
 76   42.391815    0.000031   -0.000046    0.070002   -0.276665   -0.195025
 77   42.497559    0.000076    0.000000    0.114491   -0.230661   -0.146307
 78   42.272690    0.000000    0.000061    0.077525   -0.075930   -0.037517
 79   29.239304 -106.786240    1.740915   -0.000112   -0.406799   -1.500317
 80   42.375084   -0.000000   -0.000004   -0.009248    0.125434   -0.022449
 81   42.546021    0.000000    0.000000   -0.009656    0.137188   -0.034424
 82   42.234497   -0.000007    0.000000   -0.001400    0.116801   -0.009751
 83   42.465042    0.000002    0.000001    0.001596    0.053710    0.058888
 84   42.458008    0.000003    0.000000   -0.000985    0.052207    0.036858
 85   42.267944    0.000003   -0.000004    0.004397    0.089821   -0.055049
 86   42.505951    0.000011    0.000031    0.018501    0.074920   -0.107257
 87   42.233032   -0.000008   -0.000008    0.001831    0.132859   -0.007077
 88   42.352264    0.000008   -0.000015   -0.037643    0.217414    0.085376
 89   42.391785    0.000010    0.000015   -0.045125    0.176651    0.058357
 90   42.497559   -0.000008   -0.000061   -0.054676    0.132194    0.049170
 91   42.272461    0.000015   -0.000031   -0.024213    0.041843    0.018297
time 100
  0    0.000000    0.000000    0.000000    0.000000   -0.000000    0.000000
  1    0.000000    0.000000    0.000000    0.000000   -0.000000    0.000000
  2    0.000000   21.953423  -21.026371    0.703082   -1.553977    0.867700
  3   50.309212   -0.435479    0.000004    0.034977    0.195372   -0.317246
  4   30.891544   -0.000009    0.000002    0.049275    0.221206   -0.349479
  5   34.635601    0.000011    0.000000    0.105303    0.240351   -0.321442
  6   30.584297    0.000023   -0.000002    0.084314    0.013827   -0.336003
  7   31.520195    0.000000    0.000004   -0.017982   -0.062013   -0.226373
  8   34.241180  -28.000031  -41.878006    0.443024    0.152939   -0.474398
  9   34.241127   23.441803  -41.878094   -1.657112    0.581712   -0.992879
 10   35.246712  -52.543083    1.319143    0.150778    0.084687   -0.330945
 11   35.246552   52.726303    1.318935    0.104309    0.310793   -1.226424
 12   34.830009  -24.891922   45.588608   -0.676905    0.122668   -1.178241
 13   34.885788   27.636581   43.767818    0.362531    0.344764   -1.001906
 14   29.239323  -51.573330   94.292961    0.772005   -0.955723   -1.429393
 15   42.375053    0.000000   -0.000010   -0.098780    0.032782   -0.073550
 16   42.546112    0.000035   -0.000005   -0.051317    0.056344   -0.099505
 17   42.234436    0.000017   -0.000010   -0.015692    0.127713   -0.207701
 18   42.464981    0.000000    0.000000   -0.018263    0.016627   -0.014924
 19   42.458115   -0.000053   -0.000023   -0.047096    0.034478    0.028892
 20   42.267883    0.000015   -0.000011   -0.017496   -0.063618    0.057837
 21   42.505951    0.000000    0.000015   -0.043397   -0.366173    0.265370
 22   42.233185   -0.000011    0.000000   -0.042148   -0.351591    0.242633
 23   42.352264    0.000046    0.000015   -0.012425   -0.175510    0.138718
 24   42.391754   -0.000046   -0.000031    0.007565   -0.179536    0.176949
 25   42.497467    0.000061    0.000031    0.056603   -0.193484    0.199566
 26   42.272781    0.000122    0.000000    0.170169   -0.139143    0.157466
 27   29.239334   55.382626   92.214943    0.676046   -0.869106    1.480690
 28   42.375069   -0.000003   -0.000007    0.043684   -0.061778    0.053024
 29   42.546082   -0.000011    0.000008    0.036598   -0.046560    0.027513
 30   42.234451    0.000078    0.000008    0.024401   -0.058592    0.067851
 31   42.465042   -0.000029    0.000004    0.021241   -0.105242    0.207436
 32   42.458084    0.000023    0.000000    0.044489   -0.095278    0.185910
 33   42.267944    0.000015    0.000023    0.008263    0.041099   -0.058264
 34   42.506073    0.000107   -0.000004   -0.036508    0.120358   -0.234508
 35   42.233063   -0.000008    0.000010   -0.018499    0.060207   -0.134185
 36   42.352142   -0.000086   -0.000011   -0.002861    0.075545   -0.080224
 37   42.391724    0.000092    0.000034   -0.011392    0.172222   -0.102497
 38   42.497589    0.000038   -0.000015   -0.066749    0.298219   -0.191577
 39   42.272614    0.000107   -0.000031   -0.178267    0.359319   -0.232913
 40   29.239349  106.746613    1.740854    0.000090   -0.764000    1.576028
 41   42.375057   -0.000007    0.000015   -0.007996    0.249782   -0.010082
 42   42.546051    0.000007    0.000019   -0.006035    0.178394   -0.011599
 43   42.234436   -0.000001   -0.000008   -0.001069    0.141444   -0.003193
 44   42.465027    0.000001   -0.000009    0.003513    0.253919    0.018155
 45   42.458145    0.000007    0.000000   -0.001971    0.404741    0.029422
 46   42.267899   -0.000008    0.000000   -0.001827    0.049498    0.003547
 47   42.505890    0.000010   -0.000015    0.012369   -0.294529   -0.024544
 48   42.233185    0.000000   -0.000008    0.003331   -0.203886   -0.015310
 49   42.352173   -0.000000    0.000009   -0.000109   -0.165213    0.006978
 50   42.391693    0.000000    0.000000    0.001846   -0.182015    0.011706
 51   42.497559    0.000000   -0.000015    0.003099   -0.185148    0.008287
 52   42.272675    0.000002    0.000031    0.002731   -0.093936    0.004534
 53   29.754902   50.706882  -91.391479   -0.712545    0.353427    1.450550
 54   42.375038   -0.000011   -0.000015    0.038497    0.283627    0.299412
 55   42.546051    0.000031    0.000015   -0.003241    0.213046    0.237365
 56   42.234543   -0.000023    0.000007   -0.015523    0.169147    0.147703
 57   42.465012    0.000053    0.000011    0.008505    0.239543    0.191223
 58   42.458038    0.000046    0.000008   -0.024306    0.067074    0.061235
 59   42.267975   -0.000076    0.000000   -0.020047   -0.120829   -0.088468
 60   42.505981    0.000122    0.000000   -0.005586   -0.078422   -0.049683
 61   42.233246   -0.000053    0.000000    0.057051   -0.253391   -0.296304
 62   42.352295    0.000042   -0.000011    0.035384   -0.272295   -0.316008
 63   42.391693    0.000046   -0.000046   -0.007700   -0.152192   -0.170592
 64   42.497559    0.000046   -0.000015   -0.012072   -0.082160   -0.095175
 65   42.272705   -0.000031    0.000000   -0.006334   -0.019452   -0.023192
 66   29.512148  -56.044872  -91.417618   -0.724985    0.915049   -1.357629
 67   42.375099    0.000015   -0.000008    0.097103   -0.052619   -0.101991
 68   42.546097    0.000000    0.000013    0.057497   -0.087324   -0.098274
 69   42.234467    0.000038   -0.000011    0.066197    0.369956    0.251621
 70   42.464951   -0.000041    0.000011    0.077761    0.342182    0.232243
 71   42.458115    0.000031   -0.000015    0.030077    0.052328    0.025893
 72   42.267914   -0.000076   -0.000015    0.011473   -0.106481   -0.074623
 73   42.505920    0.000065   -0.000008    0.035915   -0.351487   -0.244763
 74   42.233124    0.000004   -0.000015    0.027903   -0.292510   -0.210296
 75   42.352203   -0.000031   -0.000015    0.031713   -0.230866   -0.165900
 76   42.391754    0.000000   -0.000092    0.071819   -0.278790   -0.197025
 77   42.497467    0.000031    0.000031    0.119743   -0.230085   -0.145853
 78   42.272675    0.000015   -0.000031    0.084960   -0.076154   -0.037101
 79   29.239311 -106.786285    1.740896   -0.000091   -0.407185   -1.502743
 80   42.375084    0.000007    0.000000   -0.009072    0.125227   -0.021999
 81   42.546066    0.000001    0.000004   -0.009506    0.136468   -0.033816
 82   42.234497    0.000001   -0.000013   -0.001364    0.116456   -0.009416
 83   42.465103   -0.000008   -0.000007    0.001684    0.054970    0.058547
 84   42.458069    0.000007   -0.000004   -0.000970    0.052965    0.036866
 85   42.267883   -0.000006   -0.000008    0.004416    0.089682   -0.055037
 86   42.505951   -0.000002    0.000000    0.018600    0.074581   -0.107704
 87   42.233124    0.000004    0.000000    0.001869    0.134132   -0.007227
 88   42.352386    0.000004   -0.000015   -0.037751    0.219185    0.085201
 89   42.391693   -0.000008    0.000046   -0.045047    0.176972    0.057819
 90   42.497559    0.000004   -0.000031   -0.054451    0.131952    0.048615
 91   42.272552   -0.000008    0.000031   -0.024046    0.041671    0.018056
time 101
  0    0.000000    0.000000    0.000000    0.000000   -0.000000    0.000000
  1    0.000000    0.000000    0.000000    0.000000   -0.000000    0.000000
  2    0.000000   21.953421  -21.026371    0.711853   -1.556050    0.858926
  3   50.309208   -0.435479    0.000006    0.034977    0.195372   -0.317246
  4   30.891544   -0.000010    0.000000    0.048728    0.220454   -0.347816
  5   34.635590    0.000006    0.000002    0.106099    0.239718   -0.315778
  6   30.584290    0.000019   -0.000002    0.084032    0.013631   -0.331356
  7   31.520187    0.000000    0.000002   -0.018026   -0.061888   -0.240224
  8   34.241165  -28.000038  -41.878006    0.437864    0.154875   -0.492124
  9   34.241104   23.441795  -41.878098   -1.660538    0.581080   -1.000357
 10   35.246704  -52.543091    1.319138    0.150537    0.097615   -0.335775
 11   35.246529   52.726311    1.318926    0.101726    0.309732   -1.234117
 12   34.830025  -24.891922   45.588608   -0.676905    0.122668   -1.178241
 13   34.885780   27.636589   43.767815    0.359902    0.344146   -1.010690
 14   29.239323  -51.573349   94.292976    0.771283   -0.955758   -1.426678
 15   42.375053   -0.000001   -0.000003   -0.098552    0.032639   -0.073986
 16   42.546082    0.000027   -0.000010   -0.051165    0.056182   -0.100152
 17   42.234436    0.000017   -0.000001   -0.015298    0.127528   -0.209259
 18   42.465012    0.000000   -0.000023   -0.018010    0.016784   -0.015682
 19   42.458099   -0.000061   -0.000019   -0.047271    0.033985    0.029485
 20   42.267944    0.000019   -0.000004   -0.017619   -0.063004    0.057880
 21   42.505890    0.000004    0.000008   -0.043760   -0.365209    0.267025
 22   42.233124    0.000008    0.000000   -0.042404   -0.351805    0.244951
 23   42.352356    0.000061   -0.000031   -0.012199   -0.175074    0.139457
 24   42.391693   -0.000015    0.000000    0.008152   -0.178583    0.177445
 25   42.497559    0.000015    0.000031    0.058333   -0.192571    0.200583
 26   42.272781    0.000092   -0.000031    0.174360   -0.138211    0.158483
 27   29.239338   55.382637   92.214973    0.682384   -0.864429    1.473278
 28   42.375069   -0.000003   -0.000008    0.043435   -0.061940    0.054527
 29   42.546112   -0.000010    0.000021    0.036498   -0.046079    0.028826
 30   42.234482    0.000069   -0.000010    0.024307   -0.059043    0.069405
 31   42.465027   -0.000029    0.000004    0.020754   -0.108772    0.210154
 32   42.458084    0.000015    0.000000    0.044503   -0.097860    0.187898
 33   42.267883   -0.000015   -0.000015    0.008340    0.040793   -0.057467
 34   42.506104    0.000076   -0.000008   -0.037274    0.122482   -0.236258
 35   42.233063   -0.000027    0.000021   -0.018868    0.061995   -0.136464
 36   42.352264   -0.000057    0.000019   -0.002907    0.076116   -0.081114
 37   42.391693    0.000057    0.000008   -0.011371    0.172389   -0.103179
 38   42.497559    0.000046    0.000000   -0.067241    0.299612   -0.193040
 39   42.272644    0.000137    0.000000   -0.178826    0.359620   -0.233865
 40   29.239353  106.746651    1.740841    0.000072   -0.767944    1.570850
 41   42.375046    0.000007   -0.000008   -0.006785    0.250010   -0.008501
 42   42.546097    0.000000    0.000000   -0.005455    0.178807   -0.010402
 43   42.234467    0.000000   -0.000015   -0.000921    0.140691   -0.002722
 44   42.465073    0.000000   -0.000010    0.003570    0.252792    0.018081
 45   42.458084    0.000000    0.000000   -0.001851    0.412131    0.030256
 46   42.267868   -0.000010    0.000015   -0.002130    0.056895    0.004096
 47   42.505890    0.000006    0.000000    0.012858   -0.295846   -0.025047
 48   42.233093   -0.000009    0.000015    0.003620   -0.209233   -0.016047
 49   42.352203    0.000007    0.000014   -0.000130   -0.166439    0.007030
 50   42.391632   -0.000001    0.000000    0.001854   -0.181514    0.011896
 51   42.497589   -0.000010   -0.000015    0.003091   -0.183972    0.008329
 52   42.272766    0.000006   -0.000015    0.002708   -0.092973    0.004534
 53   29.660454   50.706913  -91.391098   -0.717551    0.347550    1.448377
 54   42.375084   -0.000011    0.000000    0.041777    0.286451    0.306739
 55   42.546066    0.000027    0.000034   -0.002935    0.213250    0.239773
 56   42.234528   -0.000008    0.000024   -0.015586    0.168691    0.148636
 57   42.464981    0.000038    0.000027    0.009027    0.242661    0.196116
 58   42.458069    0.000069   -0.000008   -0.024543    0.067663    0.062468
 59   42.267990   -0.000061    0.000031   -0.019381   -0.124371   -0.092840
 60   42.505951    0.000092    0.000023   -0.005102   -0.080420   -0.052800
 61   42.233185   -0.000053    0.000008    0.057169   -0.252607   -0.297223
 62   42.352356   -0.000008    0.000027    0.036586   -0.276165   -0.322705
 63   42.391724    0.000061   -0.000015   -0.007943   -0.155339   -0.175377
 64   42.497559    0.000015   -0.000031   -0.012713   -0.082457   -0.096333
 65   42.272736    0.000000   -0.000061   -0.006437   -0.018881   -0.022737
 66   29.461000  -56.044861  -91.412323   -0.732176    0.918817   -1.366074
 67   42.375084   -0.000012    0.000002    0.098192   -0.061196   -0.108860
 68   42.546112   -0.000008    0.000008    0.058564   -0.093720   -0.102392
 69   42.234451    0.000023    0.000008    0.067929    0.377636    0.259624
 70   42.465027   -0.000031   -0.000008    0.080026    0.349472    0.239644
 71   42.458145    0.000038    0.000000    0.030367    0.054707    0.027785
 72   42.267883   -0.000069    0.000000    0.011493   -0.100414   -0.071034
 73   42.505920    0.000034   -0.000023    0.036291   -0.353426   -0.247494
 74   42.233093    0.000000   -0.000006    0.030962   -0.305389   -0.221440
 75   42.352234   -0.000061    0.000015    0.033536   -0.238209   -0.171897
 76   42.391754   -0.000015    0.000015    0.073504   -0.280558   -0.198747
 77   42.497559    0.000046    0.000000    0.125175   -0.229480   -0.145392
 78   42.272659    0.000031    0.000000    0.093284   -0.076426   -0.036693
 79   29.239309 -106.786278    1.740910   -0.000072   -0.407489   -1.505229
 80   42.375099   -0.000001   -0.000011   -0.008885    0.125014   -0.021527
 81   42.546051    0.000000    0.000000   -0.009347    0.135779   -0.033187
 82   42.234528    0.000010   -0.000010   -0.001325    0.116127   -0.009073
 83   42.465073   -0.000005   -0.000000    0.001764    0.056138    0.058208
 84   42.458130    0.000006    0.000004   -0.000956    0.053668    0.036866
 85   42.267914   -0.000008    0.000000    0.004433    0.089550   -0.055028
 86   42.505920    0.000001    0.000008    0.018693    0.074257   -0.108123
 87   42.233032    0.000011   -0.000008    0.001909    0.135308   -0.007387
 88   42.352295    0.000008   -0.000015   -0.037835    0.220817    0.085010
 89   42.391815   -0.000008    0.000000   -0.044953    0.177260    0.057302
 90   42.497559   -0.000004   -0.000061   -0.054219    0.131733    0.048089
 91   42.272461   -0.000008    0.000031   -0.023886    0.041521    0.017831
time 102
  0    0.000000    0.000000    0.000000    0.000000   -0.000000    0.000000
  1    0.000000    0.000000    0.000000    0.000000   -0.000000    0.000000
  2    0.000000   21.953423  -21.026371    0.720497   -1.558106    0.850286
  3   50.309212   -0.435479    0.000004    0.034977    0.195372   -0.317246
  4   30.891544   -0.000012    0.000000    0.048222    0.219760   -0.346280
  5   34.635605    0.000004   -0.000004    0.106858    0.239114   -0.310382
  6   30.584290    0.000015    0.000004    0.083769    0.013444   -0.326929
  7   31.520203    0.000000    0.000008   -0.018060   -0.061789   -0.253354
  8   34.241188  -28.000038  -41.878002    0.433732    0.160129   -0.512868
  9   34.241112   23.441795  -41.878075   -1.669838    0.579365   -1.020655
 10   35.246704  -52.543087    1.319144    0.149883    0.109365   -0.348886
 11   35.246536   52.726295    1.318932    0.094715    0.306853   -1.254999
 12   34.830025  -24.891930   45.588608   -0.676905    0.122668   -1.178241
 13   34.885788   27.636574   43.767830    0.352765    0.342466   -1.034533
 14   29.239319  -51.573357   94.292931    0.770686   -0.955710   -1.424126
 15   42.375084    0.000001    0.000010   -0.098320    0.032473   -0.074387
 16   42.546066    0.000031   -0.000006   -0.051011    0.055982   -0.100753
 17   42.234467    0.000019    0.000013   -0.014899    0.127246   -0.210706
 18   42.464996    0.000000    0.000015   -0.017767    0.016911   -0.016386
 19   42.458084   -0.000069   -0.000004   -0.047435    0.033560    0.030018
 20   42.267914    0.000011    0.000008   -0.017739   -0.062427    0.057937
 21   42.505829    0.000000   -0.000004   -0.044119   -0.364231    0.268651
 22   42.233154    0.000027   -0.000015   -0.042631   -0.351907    0.247177
 23   42.352264    0.000046    0.000000   -0.011971   -0.174631    0.140192
 24   42.391693   -0.000046   -0.000031    0.008744   -0.177654    0.177959
 25   42.497498    0.000061   -0.000031    0.060055   -0.191651    0.201583
 26   42.272736    0.000092    0.000000    0.178503   -0.137265    0.159477
 27   29.239334   55.382629   92.214981    0.688577   -0.860114    1.465998
 28   42.375061    0.000000   -0.000003    0.043187   -0.062037    0.055966
 29   42.546082   -0.000018    0.000005    0.036392   -0.045579    0.030103
 30   42.234482    0.000058    0.000005    0.024218   -0.059402    0.070877
 31   42.465073   -0.000036    0.000000    0.020300   -0.111990    0.212610
 32   42.458099    0.000023    0.000004    0.044514   -0.100201    0.189697
 33   42.267944   -0.000031    0.000008    0.008415    0.040485   -0.056711
 34   42.505951    0.000084    0.000023   -0.037971    0.124375   -0.237800
 35   42.233063   -0.000019   -0.000002   -0.019218    0.063647   -0.138575
 36   42.352203   -0.000055    0.000015   -0.002951    0.076637   -0.081934
 37   42.391754    0.000084   -0.000015   -0.011342    0.172521   -0.103790
 38   42.497467    0.000023    0.000000   -0.067669    0.300871   -0.194365
 39   42.272583    0.000107    0.000061   -0.179266    0.359882   -0.234732
 40   29.239351  106.746643    1.740845    0.000056   -0.771871    1.565641
 41   42.375057    0.000007    0.000008   -0.005557    0.250218   -0.006919
 42   42.546127   -0.000015   -0.000011   -0.004867    0.179229   -0.009209
 43   42.234451    0.000015    0.000021   -0.000767    0.139955   -0.002244
 44   42.465057   -0.000008    0.000007    0.003625    0.251603    0.018004
 45   42.458023   -0.000008    0.000023   -0.001719    0.419346    0.031072
 46   42.267914    0.000010    0.000015   -0.002450    0.064440    0.004670
 47   42.505890    0.000004    0.000015    0.013338   -0.296887   -0.025514
 48   42.233032   -0.000008    0.000023    0.003929   -0.214732   -0.016800
 49   42.352325    0.000002    0.000017   -0.000152   -0.167712    0.007075
 50   42.391663   -0.000009    0.000023    0.001862   -0.180991    0.012088
 51   42.497620   -0.000009    0.000000    0.003082   -0.182774    0.008370
 52   42.272797    0.000008   -0.000031    0.002686   -0.092040    0.004536
 53   29.574841   50.706882  -91.390633   -0.722541    0.341625    1.446241
 54   42.375099   -0.000019   -0.000015    0.045119    0.289258    0.314140
 55   42.546051    0.000038    0.000019   -0.002647    0.213426    0.242106
 56   42.234512   -0.000031    0.000012   -0.015652    0.168250    0.149561
 57   42.465012    0.000053    0.000031    0.009555    0.245817    0.201105
 58   42.458115    0.000031    0.000023   -0.024795    0.068272    0.063732
 59   42.268021   -0.000076    0.000031   -0.018652   -0.127938   -0.097330
 60   42.505798    0.000114    0.000015   -0.004609   -0.082358   -0.055883
 61   42.233215   -0.000023    0.000000    0.057276   -0.251804   -0.298084
 62   42.352264    0.000050   -0.000019    0.037833   -0.280089   -0.329534
 63   42.391693    0.000046   -0.000015   -0.008211   -0.158500   -0.180232
 64   42.497559    0.000015   -0.000031   -0.013393   -0.082730   -0.097481
 65   42.272766    0.000031    0.000031   -0.006536   -0.018312   -0.022273
 66   29.415018  -56.044872  -91.407471   -0.739467    0.922485   -1.374670
 67   42.375092    0.000000   -0.000019    0.099362   -0.069764   -0.115661
 68   42.546127    0.000004    0.000008    0.059687   -0.099950   -0.106340
 69   42.234482    0.000038   -0.000004    0.069652    0.385053    0.267395
 70   42.465012   -0.000043   -0.000011    0.082315    0.356678    0.246982
 71   42.458069    0.000031   -0.000046    0.030649    0.057011    0.029627
 72   42.267944   -0.000061   -0.000046    0.011552   -0.094476   -0.067485
 73   42.505981    0.000053    0.000000    0.036420   -0.354288   -0.249382
 74   42.233093    0.000015   -0.000031    0.034252   -0.318567   -0.233013
 75   42.352264   -0.000015    0.000031    0.035400   -0.245589   -0.177976
 76   42.391785    0.000015    0.000000    0.075050   -0.281981   -0.200201
 77   42.497589    0.000031    0.000061    0.130771   -0.228866   -0.144942
 78   42.272675    0.000000    0.000031    0.102649   -0.076766   -0.036308
 79   29.239311 -106.786263    1.740896   -0.000056   -0.407706   -1.507772
 80   42.375107   -0.000000   -0.000004   -0.008686    0.124792   -0.021033
 81   42.546051    0.000000    0.000000   -0.009180    0.135122   -0.032538
 82   42.234512    0.000001   -0.000004   -0.001284    0.115816   -0.008722
 83   42.465073   -0.000006    0.000002    0.001836    0.057210    0.057872
 84   42.458008   -0.000001    0.000000   -0.000944    0.054313    0.036859
 85   42.267883    0.000010    0.000000    0.004450    0.089424   -0.055023
 86   42.505920   -0.000007    0.000008    0.018778    0.073951   -0.108515
 87   42.233093    0.000008   -0.000023    0.001952    0.136377   -0.007558
 88   42.352295    0.000000   -0.000031   -0.037896    0.222304    0.084800
 89   42.391785    0.000006   -0.000031   -0.044844    0.177521    0.056808
 90   42.497620   -0.000008   -0.000031   -0.053983    0.131542    0.047593
 91   42.272461   -0.000008    0.000000   -0.023731    0.041386    0.017621
time 103
  0    0.000000    0.000000    0.000000    0.000000   -0.000000    0.000000
  1    0.000000    0.000000    0.000000    0.000000   -0.000000    0.000000
  2    0.000000   21.953423  -21.026371    0.729046   -1.560132    0.841736
  3   50.309208   -0.435479    0.000004    0.034977    0.195372   -0.317246
  4   30.891544   -0.000009    0.000004    0.047762    0.219127   -0.344881
  5   34.635597    0.000011    0.000004    0.107568    0.238550   -0.305333
  6   30.584290    0.000031    0.000004    0.083529    0.013270   -0.322787
  7   31.520180    0.000000   -0.000002   -0.018087   -0.061711   -0.265588
  8   34.241173  -28.000046  -41.878002    0.430514    0.167873   -0.535480
  9   34.241104   23.441788  -41.878086   -1.683543    0.576839   -1.050567
 10   35.246696  -52.543083    1.319128    0.148920    0.119895   -0.368207
 11   35.246529   52.726318    1.318939    0.084384    0.302611   -1.285773
 12   34.830025  -24.891930   45.588600   -0.676905    0.122668   -1.178241
 13   34.885765   27.636597   43.767830    0.342248    0.339991   -1.069671
 14   29.239313  -51.573364   94.292938    0.770212   -0.955577   -1.421734
 15   42.375069   -0.000007    0.000004   -0.098089    0.032284   -0.074754
 16   42.546066    0.000031    0.000018   -0.050853    0.055745   -0.101308
 17   42.234467   -0.000006   -0.000019   -0.014492    0.126866   -0.212039
 18   42.464935    0.000000   -0.000008   -0.017538    0.017006   -0.017030
 19   42.458084   -0.000092    0.000008   -0.047585    0.033204    0.030487
 20   42.267883    0.000011    0.000004   -0.017857   -0.061882    0.058008
 21   42.505951   -0.000023    0.000019   -0.044470   -0.363235    0.270239
 22   42.233246   -0.000011   -0.000038   -0.042831   -0.351903    0.249312
 23   42.352295    0.000031    0.000000   -0.011738   -0.174176    0.140914
 24   42.391754   -0.000015   -0.000031    0.009334   -0.176742    0.178485
 25   42.497452    0.000031   -0.000031    0.061767   -0.190726    0.202565
 26   42.272842    0.000061   -0.000061    0.182573   -0.136310    0.160451
 27   29.239323   55.382572   92.214935    0.694633   -0.856180    1.458840
 28   42.375069   -0.000003   -0.000007    0.042940   -0.062068    0.057344
 29   42.546082   -0.000013    0.000002    0.036281   -0.045061    0.031339
 30   42.234451    0.000073   -0.000018    0.024135   -0.059669    0.072267
 31   42.465042   -0.000025    0.000015    0.019886   -0.114894    0.214808
 32   42.458038    0.000015    0.000000    0.044525   -0.102289    0.191287
 33   42.267883   -0.000015    0.000008    0.008482    0.040197   -0.056028
 34   42.506012    0.000114    0.000000   -0.038595    0.126044   -0.239153
 35   42.233124    0.000004    0.000010   -0.019540    0.065147   -0.140488
 36   42.352295   -0.000080    0.000010   -0.002991    0.077112   -0.082674
 37   42.391602    0.000095    0.000019   -0.011317    0.172646   -0.104344
 38   42.497528    0.000046    0.000015   -0.068043    0.301999   -0.195556
 39   42.272614    0.000092    0.000061   -0.179619    0.360115   -0.235511
 40   29.239338  106.746574    1.740822    0.000042   -0.775781    1.560410
 41   42.375042    0.000000    0.000000   -0.004316    0.250403   -0.005340
 42   42.546066   -0.000001    0.000015   -0.004272    0.179663   -0.008019
 43   42.234421    0.000001   -0.000011   -0.000609    0.139236   -0.001763
 44   42.465088   -0.000000   -0.000012    0.003678    0.250365    0.017924
 45   42.458023   -0.000002    0.000000   -0.001575    0.426379    0.031868
 46   42.267960    0.000008    0.000031   -0.002788    0.072117    0.005267
 47   42.505890    0.000000    0.000000    0.013806   -0.297653   -0.025943
 48   42.233093   -0.000002   -0.000015    0.004256   -0.220383   -0.017568
 49   42.352295   -0.000009    0.000003   -0.000174   -0.169038    0.007115
 50   42.391724    0.000001    0.000000    0.001869   -0.180445    0.012280
 51   42.497467   -0.000009    0.000000    0.003071   -0.181551    0.008410
 52   42.272705   -0.000002   -0.000046    0.002663   -0.091118    0.004537
 53   29.498335   50.706890  -91.390259   -0.727504    0.335654    1.444149
 54   42.375069   -0.000011   -0.000015    0.048522    0.292054    0.321613
 55   42.546036    0.000030    0.000011   -0.002380    0.213575    0.244357
 56   42.234482   -0.000034    0.000030   -0.015718    0.167820    0.150475
 57   42.464996    0.000053    0.000000    0.010087    0.249009    0.206185
 58   42.458054    0.000038    0.000023   -0.025059    0.068912    0.065035
 59   42.267960   -0.000107    0.000008   -0.017858   -0.131522   -0.101932
 60   42.505890    0.000069    0.000023   -0.004109   -0.084240   -0.058934
 61   42.233154   -0.000053   -0.000015    0.057372   -0.250992   -0.298894
 62   42.352264    0.000015    0.000011    0.039126   -0.284057   -0.336481
 63   42.391693    0.000000    0.000000   -0.008509   -0.161655   -0.185129
 64   42.497589    0.000031   -0.000061   -0.014109   -0.082980   -0.098614
 65   42.272705    0.000061    0.000000   -0.006637   -0.017746   -0.021805
 66   29.374258  -56.044823  -91.403183   -0.746857    0.926049   -1.383415
 67   42.375092   -0.000003    0.000002    0.100611   -0.078318   -0.122388
 68   42.546066   -0.000010    0.000015    0.060866   -0.106007   -0.110114
 69   42.234451    0.000031    0.000019    0.071363    0.392214    0.274931
 70   42.464966   -0.000031    0.000011    0.084622    0.363791    0.254247
 71   42.458115    0.000015   -0.000015    0.030922    0.059236    0.031415
 72   42.267975   -0.000069   -0.000046    0.011641   -0.088696   -0.063997
 73   42.505920    0.000046   -0.000015    0.036307   -0.354083   -0.250431
 74   42.233093    0.000011   -0.000032    0.037771   -0.331979   -0.244981
 75   42.352112   -0.000015    0.000015    0.037304   -0.253008   -0.184144
 76   42.391693    0.000000    0.000031    0.076445   -0.283076   -0.201395
 77   42.497498    0.000000    0.000031    0.136515   -0.228256   -0.144520
 78   42.272720   -0.000015    0.000000    0.113148   -0.077152   -0.035936
 79   29.239305 -106.786240    1.740921   -0.000042   -0.407833   -1.510366
 80   42.375084   -0.000006   -0.000004   -0.008476    0.124562   -0.020519
 81   42.546066    0.000009    0.000004   -0.009004    0.134498   -0.031872
 82   42.234528    0.000002   -0.000002   -0.001239    0.115523   -0.008365
 83   42.465073    0.000000    0.000005    0.001899    0.058184    0.057540
 84   42.458038   -0.000008    0.000010   -0.000932    0.054897    0.036845
 85   42.267944   -0.000004    0.000000    0.004465    0.089305   -0.055026
 86   42.505981    0.000000    0.000046    0.018858    0.073663   -0.108877
 87   42.233002    0.000011    0.000000    0.001997    0.137340   -0.007735
 88   42.352264   -0.000004    0.000031   -0.037933    0.223643    0.084577
 89   42.391785   -0.000001    0.000046   -0.044721    0.177754    0.056336
 90   42.497498   -0.000008   -0.000031   -0.053741    0.131374    0.047125
 91   42.272552    0.000000    0.000000   -0.023581    0.041268    0.017426
time 104
  0    0.000000    0.000000    0.000000    0.000000   -0.000000    0.000000
  1    0.000000    0.000000    0.000000    0.000000   -0.000000    0.000000
  2    0.000000   21.953423  -21.026371    0.737472   -1.562137    0.833320
  3   50.309216   -0.435479    0.000004    0.034977    0.195372   -0.317246
  4   30.891542   -0.000011    0.000000    0.047351    0.218562   -0.343631
  5   34.635601    0.000004    0.000000    0.108219    0.238032   -0.300708
  6   30.584290    0.000023    0.000002    0.083313    0.013110   -0.318992
  7   31.520180    0.000008    0.000004   -0.018108   -0.061653   -0.276754
  8   34.241196  -28.000038  -41.878014    0.428096    0.177276   -0.558809
  9   34.241112   23.441811  -41.878090   -1.700185    0.573770   -1.086889
 10   35.246704  -52.543098    1.319128    0.147749    0.129161   -0.391669
 11   35.246544   52.726326    1.318926    0.071839    0.297459   -1.323140
 12   34.830025  -24.891922   45.588615   -0.676905    0.122668   -1.178241
 13   34.885780   27.636589   43.767830    0.329477    0.336986   -1.112338
 14   29.239317  -51.573345   94.292992    0.769856   -0.955360   -1.419501
 15   42.375099    0.000005    0.000017   -0.097855    0.032072   -0.075085
 16   42.546112    0.000037    0.000004   -0.050692    0.055469   -0.101815
 17   42.234451   -0.000010   -0.000006   -0.014079    0.126389   -0.213259
 18   42.464996    0.000015   -0.000011   -0.017324    0.017064   -0.017604
 19   42.458054   -0.000069    0.000004   -0.047719    0.032922    0.030883
 20   42.267975    0.000027   -0.000015   -0.017971   -0.061380    0.058099
 21   42.505798   -0.000023   -0.000027   -0.044820   -0.362235    0.271802
 22   42.233154    0.000000    0.000000   -0.042998   -0.351781    0.251341
 23   42.352264    0.000031    0.000015   -0.011502   -0.173711    0.141627
 24   42.391785   -0.000061   -0.000061    0.009927   -0.175858    0.179032
 25   42.497467    0.000107   -0.000031    0.063467   -0.189795    0.203529
 26   42.272751    0.000061    0.000000    0.186595   -0.135344    0.161402
 27   29.239326   55.382622   92.214973    0.700564   -0.852647    1.451791
 28   42.375069    0.000004    0.000005    0.042697   -0.062031    0.058656
 29   42.546143   -0.000008    0.000011    0.036167   -0.044520    0.032533
 30   42.234451    0.000076    0.000002    0.024058   -0.059841    0.073572
 31   42.465073   -0.000025    0.000010    0.019514   -0.117466    0.216731
 32   42.458115    0.000023    0.000008    0.044536   -0.104120    0.192667
 33   42.267914   -0.000015    0.000000    0.008543    0.039932   -0.055419
 34   42.506012    0.000084    0.000019   -0.039148    0.127488   -0.240318
 35   42.233063   -0.000031    0.000010   -0.019834    0.066482   -0.142190
 36   42.352295   -0.000101    0.000010   -0.003025    0.077533   -0.083329
 37   42.391724    0.000031    0.000008   -0.011289    0.172753   -0.104833
 38   42.497650    0.000008   -0.000015   -0.068359    0.302990   -0.196606
 39   42.272614    0.000122    0.000031   -0.179873    0.360314   -0.236203
 40   29.239346  106.746666    1.740833    0.000031   -0.779674    1.555161
 41   42.375076    0.000000   -0.000008   -0.003061    0.250566   -0.003765
 42   42.546097    0.000008    0.000004   -0.003670    0.180105   -0.006837
 43   42.234482    0.000001   -0.000015   -0.000445    0.138539   -0.001276
 44   42.465073   -0.000002   -0.000002    0.003731    0.249090    0.017843
 45   42.458023    0.000007   -0.000008   -0.001420    0.433217    0.032643
 46   42.267899   -0.000008    0.000000   -0.003142    0.079910    0.005885
 47   42.505920   -0.000008   -0.000015    0.014259   -0.298127   -0.026327
 48   42.233154   -0.000002   -0.000008    0.004604   -0.226183   -0.018350
 49   42.352203   -0.000001    0.000012   -0.000197   -0.170417    0.007147
 50   42.391663    0.000007    0.000023    0.001875   -0.179874    0.012471
 51   42.497620   -0.000010    0.000015    0.003058   -0.180303    0.008446
 52   42.272705   -0.000002    0.000015    0.002639   -0.090214    0.004538
 53   29.431183   50.706921  -91.390015   -0.732426    0.329638    1.442114
 54   42.375114    0.000000   -0.000015    0.051982    0.294839    0.329149
 55   42.546066    0.000031    0.000025   -0.002132    0.213703    0.246526
 56   42.234528   -0.000031    0.000014   -0.015784    0.167409    0.151381
 57   42.465042    0.000023   -0.000004    0.010625    0.252244    0.211362
 58   42.458099    0.000031    0.000015   -0.025340    0.069572    0.066367
 59   42.268005   -0.000076    0.000000   -0.016997   -0.135122   -0.106646
 60   42.505951    0.000092    0.000000   -0.003602   -0.086065   -0.061949
 61   42.233185   -0.000053   -0.000008    0.057461   -0.250177   -0.299656
 62   42.352356    0.000002    0.000019    0.040457   -0.288045   -0.343512
 63   42.391693    0.000046   -0.000061   -0.008833   -0.164782   -0.190040
 64   42.497559    0.000000   -0.000031   -0.014862   -0.083213   -0.099740
 65   42.272797    0.000031   -0.000092   -0.006736   -0.017188   -0.021337
 66   29.338768  -56.044853  -91.399536   -0.754345    0.929503   -1.392305
 67   42.375099   -0.000004   -0.000006    0.101940   -0.086850   -0.129031
 68   42.546112    0.000000    0.000023    0.062095   -0.111888   -0.113711
 69   42.234467    0.000046   -0.000023    0.073060    0.399134    0.282243
 70   42.465057   -0.000028    0.000011    0.086945    0.370797    0.261426
 71   42.458145    0.000031    0.000015    0.031183    0.061371    0.033141
 72   42.267914   -0.000076    0.000015    0.011761   -0.083098   -0.060589
 73   42.505890    0.000065    0.000015    0.035957   -0.352829   -0.250645
 74   42.233154    0.000011   -0.000017    0.041514   -0.345546   -0.257299
 75   42.352173   -0.000061    0.000015    0.039246   -0.260467   -0.190407
 76   42.391785    0.000046    0.000000    0.077685   -0.283862   -0.202348
 77   42.497589    0.000061    0.000000    0.142384   -0.227664   -0.144139
 78   42.272675    0.000015    0.000061    0.124902   -0.077585   -0.035579
 79   29.239309 -106.786285    1.740910   -0.000030   -0.407866   -1.513006
 80   42.375114   -0.000001   -0.000011   -0.008257    0.124326   -0.019986
 81   42.546051    0.000000   -0.000008   -0.008821    0.133909   -0.031190
 82   42.234543    0.000002   -0.000010   -0.001192    0.115248   -0.008000
 83   42.465103   -0.000005    0.000005    0.001954    0.059056    0.057213
 84   42.458099    0.000008    0.000010   -0.000921    0.055419    0.036824
 85   42.267883    0.000001   -0.000004    0.004480    0.089193   -0.055034
 86   42.506012   -0.000010    0.000023    0.018929    0.073394   -0.109209
 87   42.233124    0.000015    0.000008    0.002044    0.138180   -0.007924
 88   42.352234    0.000000    0.000000   -0.037943    0.224830    0.084339
 89   42.391785   -0.000006    0.000046   -0.044584    0.177967    0.055889
 90   42.497620   -0.000008   -0.000031   -0.053497    0.131239    0.046688
 91   42.272552    0.000008    0.000031   -0.023440    0.041183    0.017249
time 105
  0    0.000000    0.000000    0.000000    0.000000   -0.000000    0.000000
  1    0.000000    0.000000    0.000000    0.000000   -0.000000    0.000000
  2    0.000000   21.953423  -21.026371    0.745792   -1.564101    0.825001
  3   50.309216   -0.435479    0.000004    0.034977    0.195372   -0.317246
  4   30.891546   -0.000010    0.000000    0.046993    0.218069   -0.342542
  5   34.635605    0.000013    0.000002    0.108799    0.237571   -0.296583
  6   30.584282    0.000027    0.000002    0.083124    0.012967   -0.315607
  7   31.520180    0.000000    0.000002   -0.018122   -0.061611   -0.286679
  8   34.241188  -28.000031  -41.878014    0.426363    0.187508   -0.581705
  9   34.241119   23.441803  -41.878105   -1.718296    0.570432   -1.126416
 10   35.246696  -52.543083    1.319135    0.146476    0.137121   -0.417201
 11   35.246544   52.726318    1.318924    0.058186    0.291853   -1.363805
 12   34.830002  -24.891922   45.588615   -0.676905    0.122668   -1.178241
 13   34.885773   27.636581   43.767826    0.315579    0.333715   -1.158770
 14   29.239321  -51.573357   94.292969    0.769616   -0.955057   -1.417424
 15   42.375084   -0.000001   -0.000008   -0.097620    0.031838   -0.075380
 16   42.546082    0.000034    0.000005   -0.050528    0.055155   -0.102272
 17   42.234482    0.000032    0.000006   -0.013661    0.125813   -0.214359
 18   42.464981    0.000023   -0.000004   -0.017124    0.017088   -0.018116
 19   42.458130   -0.000069   -0.000004   -0.047839    0.032709    0.031213
 20   42.267914    0.000031    0.000027   -0.018080   -0.060913    0.058202
 21   42.505920    0.000004    0.000004   -0.045161   -0.361226    0.273328
 22   42.233154    0.000011   -0.000023   -0.043136   -0.351547    0.253267
 23   42.352386    0.000000   -0.000015   -0.011262   -0.173235    0.142329
 24   42.391754    0.000000   -0.000031    0.010521   -0.174996    0.179594
 25   42.497467    0.000046   -0.000031    0.065156   -0.188864    0.204477
 26   42.272797    0.000061   -0.000031    0.190550   -0.134368    0.162327
 27   29.239326   55.382648   92.214966    0.706377   -0.849534    1.444841
 28   42.375084    0.000003    0.000002    0.042460   -0.061922    0.059903
 29   42.546097   -0.000011    0.000009    0.036051   -0.043957    0.033681
 30   42.234482    0.000067   -0.000017    0.023990   -0.059917    0.074792
 31   42.465057   -0.000029    0.000017    0.019190   -0.119699    0.218371
 32   42.458084    0.000000    0.000011    0.044547   -0.105685    0.193828
 33   42.267853    0.000015    0.000015    0.008593    0.039701   -0.054900
 34   42.506042    0.000084    0.000019   -0.039627    0.128710   -0.241302
 35   42.233124   -0.000011    0.000025   -0.020091    0.067639   -0.143660
 36   42.352234   -0.000086    0.000027   -0.003056    0.077903   -0.083898
 37   42.391693    0.000053    0.000011   -0.011266    0.172855   -0.105260
 38   42.497589    0.000053    0.000000   -0.068620    0.303854   -0.197523
 39   42.272644    0.000122    0.000000   -0.180048    0.360481   -0.236802
 40   29.239342  106.746689    1.740831    0.000021   -0.783549    1.549903
 41   42.375057    0.000008    0.000008   -0.001797    0.250704   -0.002198
 42   42.546089    0.000000   -0.000004   -0.003063    0.180552   -0.005662
 43   42.234482    0.000000   -0.000004   -0.000277    0.137862   -0.000785
 44   42.465042   -0.000007   -0.000018    0.003782    0.247785    0.017762
 45   42.458115    0.000008   -0.000008   -0.001255    0.439854    0.033391
 46   42.267853    0.000000    0.000031   -0.003513    0.087817    0.006524
 47   42.505859   -0.000002   -0.000015    0.014692   -0.298303   -0.026665
 48   42.233124   -0.000009   -0.000015    0.004971   -0.232134   -0.019144
 49   42.352325   -0.000003    0.000011   -0.000220   -0.171855    0.007169
 50   42.391693    0.000007    0.000008    0.001880   -0.179272    0.012658
 51   42.497650   -0.000010   -0.000015    0.003043   -0.179025    0.008476
 52   42.272705   -0.000004    0.000000    0.002614   -0.089341    0.004538
 53   29.373648   50.706921  -91.389694   -0.737295    0.323575    1.440145
 54   42.375092   -0.000004   -0.000008    0.055497    0.297620    0.336743
 55   42.546066    0.000045    0.000021   -0.001904    0.213811    0.248607
 56   42.234543   -0.000023   -0.000002   -0.015850    0.167020    0.152280
 57   42.464935    0.000061    0.000015    0.011172    0.255522    0.216638
 58   42.458069    0.000031    0.000015   -0.025638    0.070258    0.067731
 59   42.267944   -0.000061    0.000000   -0.016068   -0.138734   -0.111469
 60   42.505890    0.000114    0.000023   -0.003087   -0.087841   -0.064938
 61   42.233124   -0.000053   -0.000004    0.057546   -0.249373   -0.300385
 62   42.352203   -0.000008    0.000019    0.041820   -0.292032   -0.350592
 63   42.391754    0.000046   -0.000046   -0.009186   -0.167862   -0.194935
 64   42.497467    0.000000   -0.000046   -0.015648   -0.083423   -0.100847
 65   42.272644    0.000000   -0.000061   -0.006835   -0.016653   -0.020885
 66   29.308601  -56.044868  -91.396378   -0.761930    0.932846   -1.401339
 67   42.375069    0.000009   -0.000015    0.103346   -0.095358   -0.135588
 68   42.546112   -0.000008    0.000019    0.063369   -0.117583   -0.117122
 69   42.234451    0.000046   -0.000038    0.074738    0.405814    0.289324
 70   42.465027   -0.000042   -0.000011    0.089275    0.377681    0.268506
 71   42.458130    0.000015   -0.000046    0.031436    0.063423    0.034806
 72   42.267944   -0.000076   -0.000015    0.011905   -0.077699   -0.057276
 73   42.505951    0.000050   -0.000015    0.035385   -0.350563   -0.250049
 74   42.233093    0.000019   -0.000041    0.045474   -0.359189   -0.269925
 75   42.352142   -0.000031    0.000000    0.041225   -0.267972   -0.196773
 76   42.391785    0.000061   -0.000031    0.078761   -0.284350   -0.203065
 77   42.497543    0.000061    0.000031    0.148338   -0.227103   -0.143815
 78   42.272675    0.000031    0.000061    0.138042   -0.078052   -0.035239
 79   29.239304 -106.786285    1.740902   -0.000021   -0.407799   -1.515687
 80   42.375107    0.000000    0.000008   -0.008029    0.124079   -0.019436
 81   42.546036    0.000001    0.000004   -0.008630    0.133356   -0.030494
 82   42.234543   -0.000007   -0.000015   -0.001142    0.114991   -0.007629
 83   42.465042    0.000010   -0.000010    0.002000    0.059824    0.056893
 84   42.458130   -0.000010   -0.000004   -0.000912    0.055874    0.036795
 85   42.267883   -0.000004   -0.000008    0.004493    0.089085   -0.055050
 86   42.505920    0.000004    0.000015    0.018993    0.073143   -0.109508
 87   42.233124    0.000015   -0.000015    0.002094    0.138901   -0.008120
 88   42.352234    0.000000    0.000015   -0.037929    0.225863    0.084087
 89   42.391815    0.000002   -0.000015   -0.044432    0.178155    0.055466
 90   42.497620    0.000000   -0.000031   -0.053250    0.131135    0.046283
 91   42.272522   -0.000008    0.000061   -0.023303    0.041105    0.017084
time 106
  0    0.000000    0.000000    0.000000    0.000000   -0.000000    0.000000
  1    0.000000    0.000000    0.000000    0.000000   -0.000000    0.000000
  2    0.000000   21.953423  -21.026371    0.753973   -1.566050    0.816819
  3   50.309212   -0.435479    0.000002    0.034977    0.195372   -0.317246
  4   30.891541   -0.000013   -0.000002    0.046692    0.217655   -0.341626
  5   34.635597    0.000010    0.000002    0.109297    0.237174   -0.293035
  6   30.584297    0.000023    0.000004    0.082964    0.012845   -0.312696
  7   31.520187    0.000008    0.000004   -0.018132   -0.061583   -0.295188
  8   34.241203  -28.000031  -41.878006    0.425202    0.197741   -0.603018
  9   34.241135   23.441788  -41.878082   -1.736406    0.567093   -1.165943
 10   35.246704  -52.543083    1.319135    0.145202    0.143730   -0.442733
 11   35.246552   52.726303    1.318939    0.044534    0.286246   -1.404470
 12   34.830032  -24.891922   45.588600   -0.676905    0.122668   -1.178241
 13   34.885803   27.636581   43.767822    0.301682    0.330445   -1.205201
 14   29.239319  -51.573318   94.292961    0.769489   -0.954667   -1.415502
 15   42.375092    0.000004   -0.000008   -0.097384    0.031580   -0.075638
 16   42.546082    0.000039   -0.000002   -0.050360    0.054801   -0.102679
 17   42.234482    0.000008   -0.000004   -0.013237    0.125139   -0.215340
 18   42.465012    0.000008    0.000008   -0.016940    0.017074   -0.018553
 19   42.458099   -0.000069   -0.000008   -0.047943    0.032572    0.031467
 20   42.267914    0.000019    0.000008   -0.018185   -0.060489    0.058326
 21   42.505890    0.000004   -0.000027   -0.045497   -0.360209    0.274820
 22   42.233215   -0.000015   -0.000023   -0.043238   -0.351195    0.255076
 23   42.352325    0.000015   -0.000046   -0.011020   -0.172751    0.143019
 24   42.391754   -0.000061   -0.000031    0.011117   -0.174158    0.180172
 25   42.497543   -0.000015   -0.000031    0.066832   -0.187929    0.205400
 26   42.272827    0.000031   -0.000031    0.194432   -0.133385    0.163232
 27   29.239334   55.382622   92.214989    0.712083   -0.846862    1.437977
 28   42.375061    0.000001    0.000003    0.042230   -0.061737    0.061079
 29   42.546082   -0.000018    0.000006    0.035934   -0.043367    0.034782
 30   42.234436    0.000069   -0.000009    0.023930   -0.059892    0.075923
 31   42.465027   -0.000040   -0.000011    0.018917   -0.121582    0.219722
 32   42.458069    0.000008   -0.000004    0.044560   -0.106978    0.194765
 33   42.267883    0.000000    0.000000    0.008630    0.039512   -0.054482
 34   42.505951    0.000084   -0.000011   -0.040030    0.129712   -0.242110
 35   42.233032   -0.000008    0.000000   -0.020309    0.068605   -0.144883
 36   42.352203   -0.000118   -0.000017   -0.003083    0.078214   -0.084372
 37   42.391663    0.000061    0.000004   -0.011243    0.172951   -0.105620
 38   42.497589    0.000038   -0.000031   -0.068821    0.304575   -0.198291
 39   42.272644    0.000092    0.000000   -0.180140    0.360617   -0.237310
 40   29.239349  106.746658    1.740841    0.000013   -0.787406    1.544644
 41   42.375057   -0.000008    0.000023   -0.000526    0.250814   -0.000641
 42   42.546104    0.000007   -0.000011   -0.002451    0.181008   -0.004497
 43   42.234436    0.000001   -0.000010   -0.000104    0.137207   -0.000292
 44   42.465042   -0.000000   -0.000006    0.003832    0.246466    0.017681
 45   42.458054    0.000000   -0.000004   -0.001080    0.446277    0.034111
 46   42.267975    0.000010    0.000031   -0.003898    0.095824    0.007182
 47   42.505951    0.000000   -0.000031    0.015104   -0.298168   -0.026952
 48   42.233093   -0.000002    0.000000    0.005359   -0.238237   -0.019949
 49   42.352234    0.000001   -0.000002   -0.000243   -0.173355    0.007180
 50   42.391724   -0.000008   -0.000004    0.001883   -0.178640    0.012839
 51   42.497650    0.000001   -0.000031    0.003025   -0.177715    0.008499
 52   42.272614    0.000008    0.000015    0.002588   -0.088481    0.004535
 53   29.325993   50.706894  -91.389496   -0.742098    0.317466    1.438251
 54   42.375076   -0.000008    0.000000    0.059063    0.300402    0.344389
 55   42.546066    0.000040    0.000021   -0.001696    0.213906    0.250596
 56   42.234528   -0.000031    0.000006   -0.015914    0.166650    0.153168
 57   42.465057    0.000061   -0.000004    0.011725    0.258846    0.222012
 58   42.458115    0.000069    0.000000   -0.025951    0.070974    0.069135
 59   42.267883   -0.000061    0.000015   -0.015069   -0.142350   -0.116394
 60   42.505890    0.000107    0.000000   -0.002568   -0.089569   -0.067895
 61   42.233124   -0.000023   -0.000011    0.057626   -0.248580   -0.301081
 62   42.352264    0.000008    0.000000    0.043214   -0.295999   -0.357693
 63   42.391724    0.000015    0.000015   -0.009564   -0.170871   -0.199780
 64   42.497559   -0.000031   -0.000046   -0.016464   -0.083619   -0.101940
 65   42.272705    0.000000   -0.000061   -0.006937   -0.016145   -0.020457
 66   29.283794  -56.044861  -91.393761   -0.769611    0.936073   -1.410515
 67   42.375069    0.000006    0.000006    0.104828   -0.103836   -0.142048
 68   42.546097    0.000000    0.000015    0.064686   -0.123094   -0.120348
 69   42.234451    0.000050   -0.000015    0.076402    0.412279    0.296192
 70   42.465012   -0.000039   -0.000008    0.091607    0.384429    0.275469
 71   42.458145    0.000031    0.000015    0.031674    0.065378    0.036404
 72   42.267883   -0.000061    0.000000    0.012072   -0.072518   -0.054076
 73   42.505981    0.000046    0.000015    0.034609   -0.347335   -0.248679
 74   42.233185   -0.000004   -0.000032    0.049637   -0.372815   -0.282795
 75   42.352173   -0.000031    0.000000    0.043237   -0.275525   -0.203249
 76   42.391785   -0.000031   -0.000031    0.079671   -0.284563   -0.203568
 77   42.497482    0.000061    0.000031    0.153071   -0.225707   -0.142975
 78   42.272705    0.000000    0.000000    0.186510   -0.089560   -0.039958
 79   29.239311 -106.786255    1.740894   -0.000013   -0.407631   -1.518405
 80   42.375076   -0.000006   -0.000004   -0.007793    0.123826   -0.018871
 81   42.546005    0.000002    0.000004   -0.008433    0.132838   -0.029787
 82   42.234528    0.000002   -0.000006   -0.001090    0.114752   -0.007253
 83   42.465103    0.000002   -0.000000    0.002037    0.060485    0.056579
 84   42.458130   -0.000010    0.000008   -0.000904    0.056261    0.036760
 85   42.267914   -0.000002   -0.000004    0.004506    0.088983   -0.055073
 86   42.506042    0.000000    0.000023    0.019049    0.072913   -0.109776
 87   42.233124    0.000011    0.000023    0.002146    0.139487   -0.008326
 88   42.352264    0.000004   -0.000046   -0.037887    0.226737    0.083822
 89   42.391724   -0.000001    0.000046   -0.044268    0.178327    0.055070
 90   42.497559   -0.000015   -0.000031   -0.053002    0.131070    0.045909
 91   42.272491    0.000015   -0.000061   -0.023176    0.041059    0.016937
time 107
  0    0.000000    0.000000    0.000000    0.000000   -0.000000    0.000000
  1    0.000000    0.000000    0.000000    0.000000   -0.000000    0.000000
  2    0.000000   21.953423  -21.026371    0.762016   -1.567949    0.808773
  3   50.309219   -0.435479    0.000004    0.034977    0.195372   -0.317246
  4   30.891541   -0.000011   -0.000002    0.046451    0.217324   -0.340893
  5   34.635597    0.000011    0.000002    0.109704    0.236851   -0.290142
  6   30.584290    0.000015    0.000002    0.082836    0.012745   -0.310323
  7   31.520195    0.000000   -0.000004   -0.018138   -0.061566   -0.302107
  8   34.241188  -28.000031  -41.878006    0.424497    0.207144   -0.621598
  9   34.241119   23.441803  -41.878105   -1.753048    0.564025   -1.202264
 10   35.246696  -52.543091    1.319135    0.144032    0.148946   -0.466195
 11   35.246544   52.726334    1.318928    0.031989    0.281094   -1.441838
 12   34.830009  -24.891914   45.588600   -0.676905    0.122668   -1.178241
 13   34.885765   27.636581   43.767818    0.288911    0.327439   -1.247868
 14   29.239323  -51.573345   94.292946    0.769468   -0.954188   -1.413730
 15   42.375092   -0.000005   -0.000003   -0.097147    0.031297   -0.075858
 16   42.546082    0.000041    0.000012   -0.050189    0.054409   -0.103035
 17   42.234451    0.000008    0.000010   -0.012808    0.124365   -0.216198
 18   42.465027    0.000008    0.000004   -0.016775    0.017021   -0.018914
 19   42.458084   -0.000076    0.000000   -0.048028    0.032511    0.031643
 20   42.267944    0.000034    0.000011   -0.018288   -0.060107    0.058471
 21   42.505920   -0.000034    0.000019   -0.045825   -0.359191    0.276276
 22   42.233185    0.000000   -0.000015   -0.043306   -0.350724    0.256765
 23   42.352295    0.000061    0.000015   -0.010774   -0.172255    0.143695
 24   42.391693   -0.000061    0.000000    0.011715   -0.173348    0.180771
 25   42.497452    0.000015    0.000031    0.068493   -0.186991    0.206301
 26   42.272766    0.000061    0.000000    0.198244   -0.132394    0.164110
 27   29.239334   55.382626   92.214996    0.717690   -0.844649    1.431188
 28   42.375061   -0.000003   -0.000006    0.042010   -0.061478    0.062186
 29   42.546051    0.000000    0.000020    0.035820   -0.042749    0.035832
 30   42.234467    0.000069   -0.000005    0.023881   -0.059768    0.076969
 31   42.465027   -0.000019    0.000023    0.018699   -0.123108    0.220780
 32   42.458084    0.000000    0.000008    0.044576   -0.107983    0.195458
 33   42.267914   -0.000015    0.000000    0.008651    0.039378   -0.054185
 34   42.506042    0.000092    0.000023   -0.040355    0.130495   -0.242753
 35   42.233124    0.000019    0.000028   -0.020483    0.069363   -0.145833
 36   42.352203   -0.000086    0.000036   -0.003103    0.078468   -0.084746
 37   42.391663    0.000072    0.000015   -0.011224    0.173050   -0.105914
 38   42.497650    0.000046    0.000000   -0.068969    0.305157   -0.198916
 39   42.272644    0.000137    0.000031   -0.180153    0.360716   -0.237714
 40   29.239349  106.746620    1.740841    0.000008   -0.791242    1.539390
 41   42.375053   -0.000008    0.000023    0.000752    0.250899    0.000905
 42   42.546074   -0.000002    0.000011   -0.001836    0.181469   -0.003343
 43   42.234451    0.000008   -0.000002    0.000074    0.136578    0.000204
 44   42.465042   -0.000007    0.000002    0.003882    0.245154    0.017603
 45   42.458099    0.000000    0.000019   -0.000897    0.452475    0.034802
 46   42.267899    0.000000    0.000000   -0.004296    0.103897    0.007854
 47   42.505859    0.000000    0.000015    0.015490   -0.297729   -0.027186
 48   42.233154    0.000000    0.000015    0.005767   -0.244478   -0.020760
 49   42.352203    0.000000    0.000016   -0.000266   -0.174919    0.007178
 50   42.391693    0.000006   -0.000008    0.001885   -0.177976    0.013013
 51   42.497650   -0.000010   -0.000015    0.003003   -0.176373    0.008515
 52   42.272705   -0.000004   -0.000015    0.002559   -0.087631    0.004528
 53   29.288462   50.706905  -91.389313   -0.746821    0.311309    1.436445
 54   42.375076    0.000000    0.000000    0.062677    0.303189    0.352081
 55   42.546127    0.000037    0.000006   -0.001508    0.213988    0.252487
 56   42.234512   -0.000015    0.000008   -0.015977    0.166299    0.154047
 57   42.464966    0.000069    0.000019    0.012285    0.262214    0.227480
 58   42.458099    0.000046    0.000038   -0.026281    0.071731    0.070588
 59   42.267975   -0.000092    0.000031   -0.013998   -0.145969   -0.121420
 60   42.505890    0.000092    0.000015   -0.002042   -0.091250   -0.070819
 61   42.233124   -0.000046    0.000019    0.057701   -0.247797   -0.301733
 62   42.352325    0.000004   -0.000008    0.044631   -0.299930   -0.364785
 63   42.391724    0.000061   -0.000015   -0.009966   -0.173791   -0.204546
 64   42.497498    0.000092   -0.000015   -0.017307   -0.083805   -0.103026
 65   42.272797    0.000061    0.000031   -0.007041   -0.015679   -0.020069
 66   29.264412  -56.044861  -91.391685   -0.777386    0.939182   -1.419827
 67   42.375084   -0.000002    0.000001    0.106386   -0.112278   -0.148406
 68   42.546066    0.000008    0.000027    0.066042   -0.128415   -0.123384
 69   42.234451    0.000038    0.000008    0.078048    0.418532    0.302845
 70   42.465027   -0.000037   -0.000019    0.093932    0.391025    0.282304
 71   42.458084    0.000031   -0.000046    0.031900    0.067241    0.037935
 72   42.267914   -0.000069   -0.000031    0.012257   -0.067553   -0.050989
 73   42.505859    0.000069   -0.000015    0.033648   -0.343178   -0.246562
 74   42.233154    0.000010   -0.000049    0.053987   -0.386349   -0.295857
 75   42.352203   -0.000046   -0.000015    0.045282   -0.283136   -0.209853
 76   42.391754    0.000031    0.000000    0.080403   -0.284513   -0.203862
 77   42.497559    0.000031    0.000031    0.155287   -0.222807   -0.141192
 78   42.272720    0.000000    0.000031    0.201415   -0.090186   -0.039999
 79   29.239311 -106.786247    1.740910   -0.000008   -0.407355   -1.521155
 80   42.375092    0.000008    0.000000   -0.007549    0.123565   -0.018292
 81   42.546036   -0.000007   -0.000011   -0.008230    0.132358   -0.029069
 82   42.234512    0.000009   -0.000010   -0.001036    0.114532   -0.006871
 83   42.465042   -0.000006   -0.000008    0.002065    0.061035    0.056274
 84   42.458099    0.000008   -0.000011   -0.000898    0.056577    0.036718
 85   42.267883   -0.000001   -0.000011    0.004518    0.088888   -0.055106
 86   42.506042   -0.000003    0.000008    0.019097    0.072703   -0.110009
 87   42.233124    0.000008   -0.000031    0.002199    0.139940   -0.008538
 88   42.352264    0.000008    0.000015   -0.037819    0.227448    0.083544
 89   42.391663    0.000000   -0.000031   -0.044090    0.178482    0.054701
 90   42.497559   -0.000010    0.000031   -0.052752    0.131040    0.045568
 91   42.272491   -0.000015    0.000031   -0.023055    0.041030    0.016806
time 108
  0    0.000000    0.000000    0.000000    0.000000   -0.000000    0.000000
  1    0.000000    0.000000    0.000000    0.000000   -0.000000    0.000000
  2    0.000000   21.953423  -21.026371    1.570792   -1.569820    0.000000
  3   50.309219   -0.435479    0.000004    0.034977    0.195372   -0.317246
  4   30.891542   -0.000011    0.000002    0.046274    0.217080   -0.340355
  5   34.635605    0.000008    0.000004    0.110008    0.236609   -0.287980
  6   30.584282    0.000008    0.000006    0.082741    0.012670   -0.308549
  7   31.520195    0.000000    0.000004   -0.018141   -0.061557   -0.307265
  8   34.241180  -28.000031  -41.878006    0.424135    0.214887   -0.636293
  9   34.241119   23.441803  -41.878090   -1.766753    0.561498   -1.232177
 10   35.246696  -52.543076    1.319133    0.143068    0.152725   -0.485517
 11   35.246552   52.726318    1.318943    0.021658    0.276852   -1.472611
 12   34.830032  -24.891922   45.588608   -0.676905    0.122668   -1.178241
 13   34.885803   27.636597   43.767818    0.278394    0.324964   -1.283006
 14   29.239323  -51.573372   94.292938    0.769553   -0.953619   -1.412109
 15   42.375053    0.000005   -0.000003   -0.096908    0.030992   -0.076039
 16   42.546112    0.000033    0.000022   -0.050014    0.053975   -0.103338
 17   42.234451    0.000019   -0.000010   -0.012375    0.123491   -0.216929
 18   42.464981    0.000031    0.000000   -0.016628    0.016931   -0.019200
 19   42.458084   -0.000061   -0.000004   -0.048096    0.032524    0.031740
 20   42.267914    0.000050    0.000008   -0.018385   -0.059765    0.058633
 21   42.505829    0.000011    0.000011   -0.046144   -0.358164    0.277692
 22   42.233124   -0.000011   -0.000008   -0.043338   -0.350135    0.258330
 23   42.352234    0.000046   -0.000015   -0.010526   -0.171751    0.144357
 24   42.391724   -0.000015   -0.000061    0.012313   -0.172566    0.181385
 25   42.497528    0.000092   -0.000061    0.070138   -0.186056    0.207185
 26   42.272797    0.000092   -0.000061    0.201985   -0.131399    0.164964
 27   29.239336   55.382610   92.214966    0.723209   -0.842916    1.424461
 28   42.375038   -0.000000    0.000000    0.041801   -0.061137    0.063220
 29   42.546082   -0.000015    0.000015    0.035707   -0.042100    0.036829
 30   42.234451    0.000066   -0.000006    0.023843   -0.059541    0.077925
 31   42.465027   -0.000032    0.000013    0.018539   -0.124263    0.221532
 32   42.458054    0.000023    0.000004    0.044595   -0.108696    0.195904
 33   42.267868    0.000015    0.000015    0.008654    0.039302   -0.054014
 34   42.506073    0.000069    0.000004   -0.040602    0.131058   -0.243229
 35   42.233124    0.000011    0.000014   -0.020607    0.069905   -0.146498
 36   42.352234   -0.000109    0.000017   -0.003119    0.078662   -0.085018
 37   42.391693    0.000095    0.000042   -0.011212    0.173152   -0.106142
 38   42.497620    0.000038    0.000000   -0.069058    0.305594   -0.199389
 39   42.272614    0.000168    0.000031   -0.180099    0.360784   -0.238021
 40   29.239353  106.746643    1.740824    0.000004   -0.795058    1.534149
 41   42.375053    0.000001    0.000000    0.002032    0.250953    0.002435
 42   42.546112    0.000000    0.000000   -0.001218    0.181934   -0.002201
 43   42.234436    0.000000   -0.000008    0.000255    0.135973    0.000700
 44   42.465088   -0.000001    0.000004    0.003932    0.243853    0.017529
 45   42.458130   -0.000001    0.000008   -0.000706    0.458450    0.035461
 46   42.267883   -0.000008    0.000000   -0.004706    0.112034    0.008541
 47   42.505920    0.000000    0.000000    0.015848   -0.296976   -0.027365
 48   42.233124   -0.000001    0.000008    0.006195   -0.250859   -0.021577
 49   42.352203   -0.000003    0.000011   -0.000289   -0.176551    0.007162
 50   42.391632   -0.000008    0.000004    0.001885   -0.177274    0.013177
 51   42.497681   -0.000001   -0.000015    0.002978   -0.174996    0.008520
 52   42.272675   -0.000002   -0.000015    0.002529   -0.086800    0.004518
 53   29.261347   50.706951  -91.389191   -0.751451    0.305106    1.434735
 54   42.375092   -0.000015    0.000000    0.066334    0.305985    0.359806
 55   42.546066    0.000031    0.000010   -0.001340    0.214063    0.254281
 56   42.234512   -0.000031    0.000015   -0.016039    0.165975    0.154917
 57   42.465027    0.000038    0.000027    0.012855    0.265631    0.233050
 58   42.458008    0.000031    0.000000   -0.026629    0.072522    0.072081
 59   42.267929   -0.000092    0.000015   -0.012856   -0.149586   -0.126544
 60   42.505890    0.000099    0.000015   -0.001510   -0.092890   -0.073716
 61   42.233215   -0.000053   -0.000008    0.057776   -0.247041   -0.302366
 62   42.352264   -0.000019   -0.000011    0.046061   -0.303789   -0.371813
 63   42.391724    0.000046    0.000015   -0.010387   -0.176593   -0.209190
 64   42.497589    0.000000   -0.000015   -0.018169   -0.083985   -0.104097
 65   42.272705    0.000000    0.000031   -0.007154   -0.015257   -0.019729
 66   29.250507  -56.044834  -91.390198   -0.785258    0.942168   -1.429276
 67   42.375076    0.000000   -0.000009    0.108017   -0.120680   -0.154653
 68   42.546112    0.000004    0.000027    0.067432   -0.133545   -0.126229
 69   42.234467    0.000038   -0.000023    0.079681    0.424600    0.309303
 70   42.465012   -0.000031    0.000008    0.096243    0.397454    0.288991
 71   42.458099    0.000000    0.000015    0.032111    0.069001    0.039391
 72   42.267975   -0.000084    0.000015    0.012459   -0.062823   -0.048034
 73   42.505920    0.000046   -0.000031    0.032532   -0.338176   -0.243764
 74   42.233063   -0.000011   -0.000036    0.058500   -0.399684   -0.309033
 75   42.352142    0.000000    0.000015    0.047357   -0.290808   -0.216590
 76   42.391785    0.000015   -0.000031    0.080960   -0.284217   -0.203961
 77   42.497498    0.000092    0.000031    0.157147   -0.220012   -0.139523
 78   42.272644    0.000000    0.000000    0.217054   -0.090834   -0.040103
 79   29.239315 -106.786240    1.740927   -0.000004   -0.406968   -1.523930
 80   42.375092    0.000000   -0.000008   -0.007298    0.123296   -0.017701
 81   42.546051    0.000000    0.000015   -0.008022    0.131917   -0.028343
 82   42.234497   -0.000006   -0.000002   -0.000980    0.114330   -0.006485
 83   42.465057    0.000004    0.000011    0.002084    0.061472    0.055980
 84   42.458130   -0.000002    0.000010   -0.000893    0.056819    0.036666
 85   42.267883   -0.000003    0.000011    0.004530    0.088796   -0.055148
 86   42.505951    0.000000    0.000038    0.019136    0.072513   -0.110206
 87   42.233002    0.000004   -0.000008    0.002254    0.140251   -0.008758
 88   42.352325    0.000004    0.000015   -0.037724    0.227994    0.083255
 89   42.391754   -0.000001    0.000046   -0.043900    0.178620    0.054360
 90   42.497559    0.000000    0.000061   -0.052502    0.131049    0.045259
 91   42.272522   -0.000008    0.000031   -0.022942    0.041032    0.016691
time 109
  0    0.000000    0.000000    0.000000    0.000000   -0.000000    0.000000
  1    0.000000    0.000000    0.000000    0.000000   -0.000000    0.000000
  2    0.000000   21.953423  -21.026371    1.570794   -1.571773    0.000000
  3   50.309212   -0.435479    0.000004    0.034977    0.195372   -0.317246
  4   30.891541   -0.000009    0.000004    0.046165    0.216931   -0.340024
  5   34.635590    0.000006    0.000000    0.110199    0.236457   -0.286626
  6   30.584282    0.000027    0.000004    0.082683    0.012623   -0.307438
  7   31.520187   -0.000008   -0.000002   -0.018142   -0.061554   -0.310487
  8   34.241196  -28.000031  -41.878002    0.424002    0.220142   -0.645954
  9   34.241119   23.441788  -41.878086   -1.776053    0.559784   -1.252474
 10   35.246704  -52.543091    1.319137    0.142414    0.155024   -0.498628
 11   35.246529   52.726318    1.318928    0.014647    0.273973   -1.493494
 12   34.830025  -24.891930   45.588604   -0.676905    0.122668   -1.178241
 13   34.885773   27.636597   43.767830    0.271257    0.323285   -1.306849
 14   29.239315  -51.573357   94.292938    0.769737   -0.952959   -1.410632
 15   42.375084    0.000003    0.000000   -0.096668    0.030662   -0.076182
 16   42.546082    0.000030   -0.000005   -0.049837    0.053504   -0.103589
 17   42.234482    0.000015    0.000001   -0.011937    0.122517   -0.217535
 18   42.464996    0.000008   -0.000011   -0.016503    0.016795   -0.019393
 19   42.458069   -0.000076   -0.000004   -0.048144    0.032619    0.031750
 20   42.267914    0.000015   -0.000004   -0.018478   -0.059477    0.058824
 21   42.505890    0.000000   -0.000008   -0.046454   -0.357143    0.279070
 22   42.233124   -0.000004   -0.000015   -0.043333   -0.349420    0.259760
 23   42.352203    0.000031    0.000046   -0.010274   -0.171238    0.145003
 24   42.391693   -0.000015    0.000061    0.012913   -0.171810    0.182021
 25   42.497437    0.000061   -0.000031    0.071767   -0.185117    0.208039
 26   42.272797    0.000061    0.000000    0.205637   -0.130396    0.165787
 27   29.239338   55.382607   92.214943    0.728650   -0.841682    1.417784
 28   42.375053    0.000002   -0.000005    0.041607   -0.060712    0.064180
 29   42.546082   -0.000008    0.000018    0.035600   -0.041419    0.037771
 30   42.234451    0.000072   -0.000013    0.023819   -0.059206    0.078786
 31   42.465042   -0.000029    0.000010    0.018439   -0.125036    0.221968
 32   42.458038    0.000038    0.000019    0.044616   -0.109109    0.196099
 33   42.267883    0.000046    0.000008    0.008637    0.039290   -0.053976
 34   42.506012    0.000076    0.000004   -0.040766    0.131399   -0.243541
 35   42.233063    0.000008    0.000013   -0.020681    0.070221   -0.146866
 36   42.352203   -0.000086    0.000025   -0.003126    0.078791   -0.085178
 37   42.391724    0.000057    0.000038   -0.011207    0.173259   -0.106302
 38   42.497681    0.000015    0.000000   -0.069092    0.305885   -0.199710
 39   42.272644    0.000107    0.000092   -0.179969    0.360813   -0.238218
 40   29.239349  106.746620    1.740831    0.000002   -0.798853    1.528928
 41   42.375042    0.000000    0.000000    0.003314    0.250979    0.003947
 42   42.546097    0.000001    0.000004   -0.000599    0.182398   -0.001073
 43   42.234451   -0.000006    0.000000    0.000439    0.135394    0.001197
 44   42.465073    0.000002    0.000002    0.003981    0.242571    0.017457
 45   42.458054    0.000000    0.000008   -0.000509    0.464195    0.036086
 46   42.267914   -0.000004    0.000031   -0.005127    0.120222    0.009241
 47   42.505875   -0.000008    0.000031    0.016174   -0.295898   -0.027484
 48   42.233124   -0.000002    0.000015    0.006642   -0.257381   -0.022398
 49   42.352264    0.000001    0.000008   -0.000312   -0.178258    0.007129
 50   42.391754    0.000006    0.000000    0.001883   -0.176533    0.013330
 51   42.497711   -0.000010   -0.000015    0.002949   -0.173582    0.008513
 52   42.272675    0.000006   -0.000015    0.002496   -0.085985    0.004504
 53   29.244881   50.706890  -91.389091   -0.755972    0.298853    1.433134
 54   42.375092   -0.000015    0.000000    0.070032    0.308802    0.367562
 55   42.546036    0.000037    0.000008   -0.001190    0.214135    0.255971
 56   42.234528   -0.000027   -0.000006   -0.016097    0.165673    0.155778
 57   42.464996    0.000038    0.000000    0.013434    0.269100    0.238719
 58   42.458069    0.000015    0.000031   -0.026995    0.073355    0.073624
 59   42.267960   -0.000107    0.000000   -0.011637   -0.153195   -0.131758
 60   42.505920    0.000084    0.000015   -0.000975   -0.094490   -0.076586
 61   42.233154   -0.000061   -0.000004    0.057850   -0.246310   -0.302971
 62   42.352264   -0.000011    0.000019    0.047499   -0.307560   -0.378745
 63   42.391693    0.000000   -0.000015   -0.010824   -0.179259   -0.213682
 64   42.497528    0.000031   -0.000076   -0.019043   -0.084165   -0.105160
 65   42.272705   -0.000031    0.000031   -0.007273   -0.014895   -0.019454
 66   29.242123  -56.044827  -91.389282   -0.793221    0.945030   -1.438855
 67   42.375099    0.000009   -0.000022    0.109719   -0.129040   -0.160785
 68   42.546112    0.000008    0.000011    0.068855   -0.138480   -0.128878
 69   42.234467    0.000031   -0.000015    0.081300    0.430494    0.315572
 70   42.464966   -0.000043    0.000004    0.098532    0.403701    0.295513
 71   42.458069    0.000023    0.000000    0.032308    0.070659    0.040772
 72   42.267944   -0.000092    0.000000    0.012671   -0.058330   -0.045212
 73   42.505981    0.000038    0.000015    0.031289   -0.332395   -0.240340
 74   42.233124    0.000008   -0.000011    0.063141   -0.412728   -0.322243
 75   42.352112   -0.000046   -0.000031    0.049463   -0.298544   -0.223475
 76   42.391785    0.000015   -0.000031    0.081336   -0.283690   -0.203878
 77   42.497513    0.000000    0.000092    0.158611   -0.217334   -0.137982
 78   42.272614    0.000046    0.000031    0.233442   -0.091535   -0.040295
 79   29.239311 -106.786255    1.740911   -0.000002   -0.406466   -1.526725
 80   42.375069    0.000002   -0.000004   -0.007042    0.123020   -0.017101
 81   42.546021    0.000002    0.000008   -0.007809    0.131516   -0.027610
 82   42.234512    0.000001   -0.000004   -0.000922    0.114146   -0.006095
 83   42.465103    0.000002    0.000009    0.002094    0.061792    0.055696
 84   42.458099   -0.000001    0.000004   -0.000890    0.056984    0.036609
 85   42.267853   -0.000009    0.000000    0.004541    0.088711   -0.055202
 86   42.506012    0.000010    0.000038    0.019167    0.072345   -0.110367
 87   42.233093   -0.000008   -0.000023    0.002311    0.140416   -0.008985
 88   42.352356   -0.000004    0.000015   -0.037600    0.228369    0.082953
 89   42.391663    0.000001    0.000061   -0.043697    0.178742    0.054047
 90   42.497620    0.000004    0.000000   -0.052253    0.131103    0.044984
 91   42.272583    0.000008    0.000000   -0.022837    0.041052    0.016592
time 110
  0    0.000000    0.000000    0.000000    0.000000   -0.000000    0.000000
  1    0.000000    0.000000    0.000000    0.000000   -0.000000    0.000000
  2    0.000000   21.953423  -21.026371    0.785390   -1.573515    0.785390
  3   50.309212   -0.435479    0.000000    0.034977    0.195372   -0.317246
  4   30.891544   -0.000012    0.000002    0.046128    0.216880   -0.339911
  5   34.635601    0.000004    0.000000    0.110265    0.236405   -0.286158
  6   30.584297    0.000015    0.000004    0.082663    0.012607   -0.307054
  7   31.520187    0.000008    0.000002   -0.018142   -0.061553   -0.311599
  8   34.241188  -28.000031  -41.878014    0.423983    0.222078   -0.649430
  9   34.241119   23.441803  -41.878098   -1.779480    0.559152   -1.259952
 10   35.246696  -52.543091    1.319134    0.142173    0.155800   -0.503458
 11   35.246536   52.726303    1.318930    0.012064    0.272912   -1.501187
 12   34.830040  -24.891922   45.588608   -0.676905    0.122668   -1.178241
 13   34.885780   27.636597   43.767830    0.268628    0.322666   -1.315633
 14   29.239319  -51.573338   94.292961    0.770019   -0.952206   -1.409299
 15   42.375076    0.000012   -0.000001   -0.096427    0.030307   -0.076286
 16   42.546082    0.000024   -0.000012   -0.049655    0.052993   -0.103789
 17   42.234421    0.000025   -0.000003   -0.011495    0.121441   -0.218011
 18   42.465027    0.000008    0.000011   -0.016401    0.016614   -0.019493
 19   42.458084   -0.000061   -0.000023   -0.048170    0.032796    0.031670
 20   42.267914    0.000042   -0.000011   -0.018568   -0.059243    0.059044
 21   42.505890   -0.000038   -0.000027   -0.046761   -0.356136    0.280421
 22   42.233124    0.000004    0.000008   -0.043285   -0.348570    0.261042
 23   42.352234    0.000046    0.000031   -0.010019   -0.170711    0.145633
 24   42.391724    0.000015    0.000000    0.013517   -0.171087    0.182681
 25   42.497528    0.000000    0.000031    0.073380   -0.184181    0.208873
 26   42.272797    0.000031    0.000061    0.209231   -0.129384    0.166579
 27   29.239334   55.382645   92.214981    0.734024   -0.840968    1.411144
 28   42.375099    0.000004   -0.000011    0.041428   -0.060200    0.065061
 29   42.546097   -0.000007    0.000011    0.035498   -0.040702    0.038656
 30   42.234467    0.000072   -0.000005    0.023808   -0.058762    0.079552
 31   42.465042   -0.000021   -0.000004    0.018403   -0.125417    0.222083
 32   42.458099    0.000031   -0.000008    0.044640   -0.109208    0.196024
 33   42.267883   -0.000015   -0.000008    0.008599    0.039349   -0.054085
 34   42.506042    0.000092   -0.000011   -0.040845    0.131513   -0.243686
 35   42.232941   -0.000019    0.000010   -0.020700    0.070297   -0.146918
 36   42.352264   -0.000095   -0.000008   -0.003129    0.078857   -0.085228
 37   42.391693    0.000050   -0.000011   -0.011208    0.173379   -0.106392
 38   42.497620   -0.000008   -0.000015   -0.069068    0.306028   -0.199874
 39   42.272614    0.000122    0.000031   -0.179784    0.360810   -0.238307
 40   29.239349  106.746666    1.740858    0.000002   -0.802628    1.523735
 41   42.375088    0.000000    0.000000    0.004594    0.250974    0.005439
 42   42.546143   -0.000001    0.000008    0.000022    0.182865    0.000038
 43   42.234436    0.000001    0.000000    0.000628    0.134840    0.001693
 44   42.465103    0.000001    0.000015    0.004031    0.241326    0.017391
 45   42.458130   -0.000009    0.000023   -0.000307    0.469705    0.036676
 46   42.267914    0.000015    0.000031   -0.005557    0.128443    0.009950
 47   42.505859   -0.000008    0.000015    0.016465   -0.294493   -0.027542
 48   42.233154   -0.000001    0.000023    0.007109   -0.264033   -0.023219
 49   42.352264   -0.000002    0.000029   -0.000334   -0.180044    0.007078
 50   42.391693    0.000000    0.000008    0.001879   -0.175752    0.013468
 51   42.497772   -0.000009    0.000015    0.002915   -0.172131    0.008494
 52   42.272797   -0.000004    0.000015    0.002460   -0.085194    0.004485
 53   29.239334   50.706905  -91.389114   -0.760372    0.292552    1.431651
 54   42.375107   -0.000008    0.000008    0.073766    0.311642    0.375340
 55   42.546097    0.000028    0.000013   -0.001061    0.214209    0.257557
 56   42.234512   -0.000015    0.000000   -0.016152    0.165400    0.156631
 57   42.465057    0.000061    0.000000    0.014024    0.272619    0.244488
 58   42.458084    0.000061    0.000008   -0.027381    0.074231    0.075217
 59   42.267960   -0.000076    0.000015   -0.010342   -0.156791   -0.137060
 60   42.505951    0.000107    0.000031   -0.000433   -0.096056   -0.079430
 61   42.233185   -0.000031   -0.000011    0.057927   -0.245615   -0.303561
 62   42.352356    0.000008   -0.000004    0.048933   -0.311215   -0.385534
 63   42.391785    0.000061   -0.000046   -0.011268   -0.181762   -0.217974
 64   42.497559    0.000031    0.000000   -0.019922   -0.084351   -0.106218
 65   42.272736   -0.000031    0.000000   -0.007403   -0.014591   -0.019244
 66   29.239319  -56.044891  -91.389053   -0.801277    0.947762   -1.448565
 67   42.375076    0.000008    0.000015    0.111490   -0.137354   -0.166794
 68   42.546127    0.000008    0.000019    0.070304   -0.143219   -0.131328
 69   42.234482    0.000038   -0.000023    0.082912    0.436241    0.321672
 70   42.464996   -0.000028   -0.000015    0.100787    0.409740    0.301846
 71   42.458160    0.000031   -0.000061    0.032489    0.072212    0.042074
 72   42.267975   -0.000076   -0.000031    0.012893   -0.054064   -0.042521
 73   42.505981    0.000061    0.000031    0.029940   -0.325887   -0.236332
 74   42.233154   -0.000018   -0.000038    0.067886   -0.425401   -0.335421
 75   42.352142   -0.000046    0.000046    0.051600   -0.306362   -0.230527
 76   42.391754    0.000046    0.000000    0.081527   -0.282943   -0.203617
 77   42.497528    0.000031    0.000031    0.159615   -0.214785   -0.136575
 78   42.272705    0.000000    0.000000    0.250290   -0.092258   -0.040566
 79   29.239311 -106.786255    1.740881   -0.000002   -0.405845   -1.529535
 80   42.375061   -0.000008    0.000004   -0.006780    0.122736   -0.016492
 81   42.546051   -0.000001    0.000000   -0.007592    0.131156   -0.026873
 82   42.234558    0.000010   -0.000002   -0.000863    0.113983   -0.005702
 83   42.465103    0.000004    0.000007    0.002095    0.061991    0.055424
 84   42.458099   -0.000001    0.000000   -0.000888    0.057069    0.036544
 85   42.267914   -0.000012    0.000008    0.004551    0.088629   -0.055264
 86   42.506104   -0.000002    0.000031    0.019188    0.072198   -0.110492
 87   42.233093    0.000011   -0.000008    0.002371    0.140425   -0.009221
 88   42.352295    0.000008    0.000000   -0.037448    0.228567    0.082640
 89   42.391724    0.000012    0.000015   -0.043482    0.178854    0.053766
 90   42.497559   -0.000011   -0.000061   -0.052005    0.131201    0.044744
 91   42.272461   -0.000008    0.000031   -0.022744    0.041104    0.016511
end
