version 1
nodes
  0 "SK_Tyranopode"                -1
  1 "ROOT_"                        -1
  2 "TYRANOPODE_"                   1
  3 "TYRANOPODE_BODY_01"            2
  4 "TYRANOPODE_BODY_02"            3
  5 "TYRANOPODE_BODY_03"            4
  6 "TYRANOPODE_BODY_04"            5
  7 "TYRANOPODE_BODY_05"            6
  8 "TYRANOPODE_JAW_R_L"            7
  9 "TYRANOPODE_JAW_R_R"            7
 10 "TYRANOPODE_JAW_M_L"            7
 11 "TYRANOPODE_JAW_M_R"            7
 12 "TYRANOPODE_JAW_F_L"            7
 13 "TYRANOPODE_JAW_F_R"            7
 14 "TYRANOPODE_TENTACLE_F_L_001"   2
 15 "TYRANOPODE_TENTACLE_F_L_002"  14
 16 "TYRANOPODE_TENTACLE_F_L_003"  15
 17 "TYRANOPODE_TENTACLE_F_L_004"  16
 18 "TYRANOPODE_TENTACLE_F_L_005"  17
 19 "TYRANOPODE_TENTACLE_F_L_006"  18
 20 "TYRANOPODE_TENTACLE_F_L_007"  19
 21 "TYRANOPODE_TENTACLE_F_L_008"  20
 22 "TYRANOPODE_TENTACLE_F_L_009"  21
 23 "TYRANOPODE_TENTACLE_F_L_010"  22
 24 "TYRANOPODE_TENTACLE_F_L_011"  23
 25 "TYRANOPODE_TENTACLE_F_L_012"  24
 26 "TYRANOPODE_TENTACLE_F_L_013"  25
 27 "TYRANOPODE_TENTACLE_F_R_001"   2
 28 "TYRANOPODE_TENTACLE_F_R_002"  27
 29 "TYRANOPODE_TENTACLE_F_R_003"  28
 30 "TYRANOPODE_TENTACLE_F_R_004"  29
 31 "TYRANOPODE_TENTACLE_F_R_005"  30
 32 "TYRANOPODE_TENTACLE_F_R_006"  31
 33 "TYRANOPODE_TENTACLE_F_R_007"  32
 34 "TYRANOPODE_TENTACLE_F_R_008"  33
 35 "TYRANOPODE_TENTACLE_F_R_009"  34
 36 "TYRANOPODE_TENTACLE_F_R_010"  35
 37 "TYRANOPODE_TENTACLE_F_R_011"  36
 38 "TYRANOPODE_TENTACLE_F_R_012"  37
 39 "TYRANOPODE_TENTACLE_F_R_013"  38
 40 "TYRANOPODE_TENTACLE_M_R_001"   2
 41 "TYRANOPODE_TENTACLE_M_R_002"  40
 42 "TYRANOPODE_TENTACLE_M_R_003"  41
 43 "TYRANOPODE_TENTACLE_M_R_004"  42
 44 "TYRANOPODE_TENTACLE_M_R_005"  43
 45 "TYRANOPODE_TENTACLE_M_R_006"  44
 46 "TYRANOPODE_TENTACLE_M_R_007"  45
 47 "TYRANOPODE_TENTACLE_M_R_008"  46
 48 "TYRANOPODE_TENTACLE_M_R_009"  47
 49 "TYRANOPODE_TENTACLE_M_R_010"  48
 50 "TYRANOPODE_TENTACLE_M_R_011"  49
 51 "TYRANOPODE_TENTACLE_M_R_012"  50
 52 "TYRANOPODE_TENTACLE_M_R_013"  51
 53 "TYRANOPODE_TENTACLE_R_R_001"   2
 54 "TYRANOPODE_TENTACLE_R_R_002"  53
 55 "TYRANOPODE_TENTACLE_R_R_003"  54
 56 "TYRANOPODE_TENTACLE_R_R_004"  55
 57 "TYRANOPODE_TENTACLE_R_R_005"  56
 58 "TYRANOPODE_TENTACLE_R_R_006"  57
 59 "TYRANOPODE_TENTACLE_R_R_007"  58
 60 "TYRANOPODE_TENTACLE_R_R_008"  59
 61 "TYRANOPODE_TENTACLE_R_R_009"  60
 62 "TYRANOPODE_TENTACLE_R_R_010"  61
 63 "TYRANOPODE_TENTACLE_R_R_011"  62
 64 "TYRANOPODE_TENTACLE_R_R_012"  63
 65 "TYRANOPODE_TENTACLE_R_R_013"  64
 66 "TYRANOPODE_TENTACLE_R_L_001"   2
 67 "TYRANOPODE_TENTACLE_R_L_002"  66
 68 "TYRANOPODE_TENTACLE_R_L_003"  67
 69 "TYRANOPODE_TENTACLE_R_L_004"  68
 70 "TYRANOPODE_TENTACLE_R_L_005"  69
 71 "TYRANOPODE_TENTACLE_R_L_006"  70
 72 "TYRANOPODE_TENTACLE_R_L_007"  71
 73 "TYRANOPODE_TENTACLE_R_L_008"  72
 74 "TYRANOPODE_TENTACLE_R_L_009"  73
 75 "TYRANOPODE_TENTACLE_R_L_010"  74
 76 "TYRANOPODE_TENTACLE_R_L_011"  75
 77 "TYRANOPODE_TENTACLE_R_L_012"  76
 78 "TYRANOPODE_TENTACLE_R_L_013"  77
 79 "TYRANOPODE_TENTACLE_M_L_001"   2
 80 "TYRANOPODE_TENTACLE_M_L_002"  79
 81 "TYRANOPODE_TENTACLE_M_L_003"  80
 82 "TYRANOPODE_TENTACLE_M_L_004"  81
 83 "TYRANOPODE_TENTACLE_M_L_005"  82
 84 "TYRANOPODE_TENTACLE_M_L_006"  83
 85 "TYRANOPODE_TENTACLE_M_L_007"  84
 86 "TYRANOPODE_TENTACLE_M_L_008"  85
 87 "TYRANOPODE_TENTACLE_M_L_009"  86
 88 "TYRANOPODE_TENTACLE_M_L_010"  87
 89 "TYRANOPODE_TENTACLE_M_L_011"  88
 90 "TYRANOPODE_TENTACLE_M_L_012"  89
 91 "TYRANOPODE_TENTACLE_M_L_013"  90
end
skeleton
time 0
  0    0.000000    0.000000    0.000000    0.000000   -0.000000    0.000000
  1    0.000000    0.000000    0.000000    0.000000   -0.000000    0.000000
  2    0.000000    0.000000  -12.688735    0.785390   -1.573515    0.785390
  3   50.309212   -0.435479    0.000004   -0.000017   -0.199896    0.014098
  4   30.891541   -0.000011    0.000001    0.000017   -0.180273   -0.014097
  5   34.635597    0.000007   -0.000002   -0.000000   -0.232594   -0.000001
  6   30.584282    0.000018    0.000004   -0.000000   -0.470874    0.000001
  7   31.520187    0.000000    0.000000   -0.000000   -0.538270   -0.000001
  8   34.241192  -28.000036  -41.878006    0.979910   -0.457073    0.306696
  9   34.241123   23.441803  -41.878098   -0.979915   -0.457074   -0.306691
 10   35.246700  -52.543095    1.319138   -0.000000    0.000000    0.564623
 11   35.246532   52.726318    1.318924   -0.000000    0.000000   -0.564620
 12   34.830021  -24.891930   45.588608   -0.977825    0.464116    0.295003
 13   34.885777   27.636591   43.767822    0.977821    0.464114   -0.295002
 14   29.239319  -51.573330   94.292969    0.080343   -0.731682   -0.550935
 15   42.375061   -0.000004   -0.000011   -0.098021    0.027525    0.022163
 16   42.546082    0.000031    0.000023   -0.052237    0.071531    0.068559
 17   42.234482    0.000004    0.000004   -0.030408    0.030748    0.032969
 18   42.464996    0.000050   -0.000011    0.009742   -0.217763   -0.250576
 19   42.458038   -0.000061    0.000015    0.111223   -0.438906   -0.577003
 20   42.267914    0.000000   -0.000015    0.017169   -0.218219   -0.272142
 21   42.505936   -0.000031   -0.000031    0.096108   -0.371168   -0.505567
 22   42.233139    0.000000   -0.000015    0.048501   -0.250256   -0.324250
 23   42.352322   -0.000031   -0.000031    0.177606    0.479118    0.691662
 24   42.391708   -0.000046   -0.000046    0.066756    0.327120    0.427786
 25   42.497559    0.000000   -0.000019    0.004218    0.105674    0.131371
 26   42.272858    0.000021   -0.000044   -0.000046    0.057975    0.072144
 27   29.239342   55.382656   92.214973    1.518418   -0.591864    0.396611
 28   42.375076    0.000008   -0.000004    0.047796    0.040037    0.058788
 29   42.546082   -0.000015    0.000000    0.037366    0.027070    0.035639
 30   42.234467    0.000065   -0.000015    0.026475    0.012985    0.015426
 31   42.465027   -0.000038    0.000000    0.047730    0.219504    0.266439
 32   42.458099    0.000000   -0.000015    0.104334    0.356618    0.438065
 33   42.267899    0.000015   -0.000015    0.041203    0.212242    0.235570
 34   42.506027    0.000061    0.000031    0.134075    0.465564    0.554443
 35   42.233070   -0.000031    0.000076    0.017650    0.229466    0.247603
 36   42.352234   -0.000122    0.000061    0.205767   -0.544343   -0.707568
 37   42.391663    0.000031   -0.000015    0.067423   -0.322327   -0.366512
 38   42.497620   -0.000008   -0.000042    0.010201   -0.110609   -0.117754
 39   42.272644    0.000152   -0.000032    0.004865   -0.061815   -0.065033
 40   29.239353  106.746689    1.740858    0.000002    0.001974    0.965349
 41   42.375084    0.000019   -0.000001    0.000352   -0.000131   -0.179150
 42   42.546127    0.000023    0.000001    0.000481   -0.000017   -0.268558
 43   42.234451   -0.000015   -0.000003   -0.000087   -0.000195    0.050199
 44   42.465057   -0.000015   -0.000006   -0.000850   -0.000518    0.587561
 45   42.458069    0.000031   -0.000003   -0.000281   -0.000637    0.380480
 46   42.267883    0.000015    0.000001   -0.000029   -0.000858    0.465935
 47   42.505905    0.000000    0.000007    0.000599   -0.001298    0.844402
 48   42.233139   -0.000031   -0.000013    0.000247   -0.000074    0.135230
 49   42.352245    0.000000    0.000002   -0.000691    0.000110   -0.374449
 50   42.391693    0.000000   -0.000003   -0.001064    0.000628   -0.702508
 51   42.497650    0.000015   -0.000012   -0.000209    0.000603   -0.340155
 52   42.272705   -0.000006    0.000003    0.000002    0.000357   -0.187757
 53   29.239334   50.706898  -91.389107   -1.294100    0.775060    0.737438
 54   42.375099   -0.000011    0.000000   -0.053502    0.076313   -0.059212
 55   42.546097    0.000004    0.000025   -0.045189    0.106314   -0.097456
 56   42.234558   -0.000046   -0.000008   -0.026690    0.033399   -0.017867
 57   42.465027    0.000038    0.000011   -0.043018   -0.197149    0.234003
 58   42.458069    0.000069    0.000000   -0.079773   -0.301987    0.354657
 59   42.267944   -0.000076    0.000023   -0.098303   -0.372229    0.431119
 60   42.505951    0.000092   -0.000031   -0.129375   -0.463147    0.543694
 61   42.233170   -0.000061   -0.000046    0.010729   -0.015872    0.016569
 62   42.352242   -0.000061   -0.000031   -0.068400    0.341074   -0.386761
 63   42.391724    0.000046   -0.000015   -0.059765    0.303781   -0.338910
 64   42.497559    0.000061   -0.000008   -0.020186    0.176514   -0.187473
 65   42.272766    0.000040   -0.000025   -0.006279    0.082672   -0.086074
 66   29.239326  -56.044899  -91.389076   -0.151591    0.811513   -0.656536
 67   42.375099   -0.000008    0.000004    0.096833   -0.068100    0.053751
 68   42.546082   -0.000004    0.000031    0.049815   -0.100505    0.096710
 69   42.234467    0.000023   -0.000015    0.030832   -0.009553    0.010399
 70   42.465042   -0.000023   -0.000011   -0.008430    0.213342   -0.247576
 71   42.458069    0.000031   -0.000008   -0.031803    0.290543   -0.358513
 72   42.267944   -0.000031   -0.000023   -0.074054    0.356054   -0.473045
 73   42.505981    0.000076   -0.000031   -0.114261    0.396597   -0.554489
 74   42.233116    0.000000    0.000015   -0.008409   -0.004355    0.005527
 75   42.352142    0.000000    0.000031   -0.072329   -0.325669    0.430649
 76   42.391846    0.000015    0.000000   -0.041375   -0.266901    0.344458
 77   42.497467    0.000061    0.000008   -0.012630   -0.155248    0.196680
 78   42.272644   -0.000003    0.000010   -0.000958   -0.069799    0.087890
 79   29.239323 -106.786255    1.740884   -0.000002    0.001968   -0.976201
 80   42.375114    0.000011   -0.000004   -0.000358   -0.000127    0.183061
 81   42.546036   -0.000015    0.000002   -0.000486   -0.000014    0.271904
 82   42.234497   -0.000015   -0.000006    0.000087   -0.000195   -0.050564
 83   42.465088    0.000023   -0.000003    0.000850   -0.000521   -0.588832
 84   42.458099    0.000015   -0.000003    0.000279   -0.000637   -0.379835
 85   42.267914    0.000015   -0.000009    0.000027   -0.000859   -0.467067
 86   42.505936    0.000031    0.000018   -0.000603   -0.001295   -0.843861
 87   42.233101    0.000061   -0.000013   -0.000245   -0.000073   -0.133894
 88   42.352291   -0.000031    0.000002    0.000694    0.000109    0.376301
 89   42.391708    0.000031   -0.000006    0.001063    0.000627    0.701858
 90   42.497528   -0.000015   -0.000020    0.000210    0.000602    0.339644
 91   42.272491   -0.000007    0.000018   -0.000002    0.000355    0.187448
time 1
  0    0.000000    0.000000    0.000000    0.000000   -0.000000    0.000000
  1    0.000000    0.000000    0.000000    0.000000   -0.000000    0.000000
  2    0.000000   -2.199048    3.723490    0.423359   -1.625413    1.147352
  3   50.309223   -0.435479    0.000004    0.000217   -0.185940    0.014067
  4   30.891548   -0.000011   -0.000001    0.000017   -0.166316   -0.014097
  5   34.635597    0.000007    0.000002   -0.000000   -0.218636   -0.000001
  6   30.584290    0.000018    0.000008   -0.000000   -0.460418    0.000001
  7   31.520187   -0.000000    0.000000   -0.000000   -0.529190   -0.000001
  8   34.241203  -28.000032  -41.878006    0.974525   -0.456947    0.291594
  9   34.241119   23.441803  -41.878113   -0.974724   -0.456957   -0.288336
 10   35.246689  -52.543091    1.319122   -0.007263   -0.027516    0.533252
 11   35.246544   52.726318    1.318924    0.006606   -0.027677   -0.530411
 12   34.830017  -24.891928   45.588600   -0.980324    0.406182    0.278315
 13   34.885773   27.636591   43.767815    0.980201    0.406096   -0.275402
 14   26.017139  -50.616909   93.335182    0.006758   -0.522650   -0.376353
 15   42.375069   -0.000004    0.000004   -0.090567   -0.050527   -0.046471
 16   42.546097    0.000019   -0.000023   -0.048599   -0.047285   -0.055327
 17   42.234497    0.000019   -0.000023   -0.028495   -0.007492   -0.032117
 18   42.465057    0.000000    0.000004    0.012575   -0.175885   -0.178517
 19   42.458160   -0.000053   -0.000008    0.169051   -0.543512   -0.598903
 20   42.268021    0.000031   -0.000015    0.031716   -0.325395   -0.337936
 21   42.505928   -0.000031    0.000031    0.057760   -0.374972   -0.435952
 22   42.233185    0.000000   -0.000031    0.006020   -0.091239   -0.107491
 23   42.352276    0.000061   -0.000015    0.185563    0.499694    0.611643
 24   42.391724   -0.000031   -0.000015    0.059800    0.352003    0.375960
 25   42.497467    0.000031   -0.000031    0.001148    0.130165    0.132740
 26   42.272827    0.000036   -0.000085   -0.002945    0.071537    0.073614
 27   26.041018   54.032875   91.473305    1.605045   -0.450630    0.227390
 28   42.375069    0.000008    0.000008    0.052786    0.073199    0.075676
 29   42.546097   -0.000019    0.000031    0.043001    0.100430    0.092089
 30   42.234467    0.000076   -0.000011    0.028072    0.123759    0.081710
 31   42.465057   -0.000046    0.000015    0.023558    0.184434    0.205368
 32   42.458069    0.000000   -0.000015    0.106627    0.358068    0.524977
 33   42.267914    0.000000    0.000000    0.079324    0.300540    0.365729
 34   42.505966    0.000076   -0.000031    0.114666    0.417503    0.473687
 35   42.233086   -0.000031    0.000076   -0.008921    0.049501    0.041044
 36   42.352238   -0.000107    0.000015    0.164608   -0.481271   -0.636725
 37   42.391754    0.000076    0.000015    0.072275   -0.297395   -0.355439
 38   42.497620    0.000061    0.000000    0.017587   -0.119983   -0.133039
 39   42.272644    0.000145    0.000003    0.009016   -0.068513   -0.074124
 40   27.328327  104.369629    2.241292    0.000661    0.097276    0.978894
 41   42.375076   -0.000011   -0.000003    0.020825   -0.030624   -0.215576
 42   42.546127   -0.000004    0.000001    0.014279   -0.018138   -0.222830
 43   42.234467    0.000031   -0.000002   -0.002537   -0.009076    0.056429
 44   42.465027   -0.000023   -0.000007   -0.017869   -0.010904    0.525911
 45   42.458069   -0.000015   -0.000007   -0.009323   -0.020081    0.497251
 46   42.267929    0.000000    0.000001    0.001687   -0.025932    0.546850
 47   42.505920    0.000000    0.000007    0.019241   -0.030148    0.720606
 48   42.233124   -0.000031   -0.000011    0.003492    0.001364    0.066783
 49   42.352253    0.000092    0.000004   -0.021021    0.014490   -0.427559
 50   42.391663   -0.000031   -0.000003   -0.019336    0.032447   -0.666550
 51   42.497559    0.000000   -0.000011    0.002597    0.020114   -0.322692
 52   42.272675    0.000001   -0.000001    0.004986    0.010226   -0.178668
 53   27.496731   50.371124  -89.448532   -1.595723    0.552348    0.334961
 54   42.375061    0.000000    0.000000   -0.050786   -0.058355    0.078733
 55   42.546097    0.000031    0.000004   -0.044429   -0.090951    0.111541
 56   42.234528   -0.000031   -0.000004   -0.039889   -0.129868    0.152117
 57   42.464966    0.000050    0.000015   -0.063202   -0.272493    0.287958
 58   42.458084    0.000046    0.000000   -0.079773   -0.336863    0.338469
 59   42.268036   -0.000061    0.000000   -0.025170   -0.175893    0.163177
 60   42.505890    0.000107   -0.000031   -0.012494   -0.217536    0.198373
 61   42.233200   -0.000076   -0.000031    0.010602   -0.106974    0.097769
 62   42.352257    0.000000    0.000000   -0.049484    0.273823   -0.267068
 63   42.391693    0.000031    0.000031   -0.049458    0.270965   -0.257397
 64   42.497620    0.000031   -0.000008   -0.018701    0.172909   -0.156194
 65   42.272705    0.000015   -0.000032   -0.005215    0.075552   -0.066777
 66   27.340191  -55.265411  -89.824921    0.037584    0.567245   -0.349726
 67   42.375099    0.000000   -0.000008    0.097048    0.081737   -0.066564
 68   42.546082    0.000004    0.000019    0.050597    0.107931   -0.108098
 69   42.234482    0.000023   -0.000008    0.021542    0.136248   -0.156922
 70   42.464996   -0.000023   -0.000011   -0.023737    0.265448   -0.314864
 71   42.458145    0.000015   -0.000031   -0.033377    0.293841   -0.360266
 72   42.267914   -0.000092   -0.000015   -0.000910    0.143691   -0.177969
 73   42.505966    0.000061    0.000000   -0.024716    0.189501   -0.242901
 74   42.233162    0.000061    0.000015   -0.011761    0.067814   -0.084970
 75   42.352203    0.000000    0.000000   -0.039745   -0.252190    0.322010
 76   42.391815    0.000046   -0.000046   -0.024998   -0.220869    0.280236
 77   42.497620    0.000015   -0.000008   -0.009701   -0.141058    0.178129
 78   42.272675   -0.000017    0.000017    0.000002   -0.057734    0.072608
 79   27.775242 -104.610130    2.185561   -0.000648    0.096065   -0.589255
 80   42.375107   -0.000023   -0.000005    0.012348   -0.020391   -0.128727
 81   42.546051    0.000004    0.000003    0.008235   -0.026607   -0.110348
 82   42.234528   -0.000008   -0.000007    0.006857   -0.023973   -0.144545
 83   42.465042    0.000008   -0.000004    0.007478   -0.009662   -0.331277
 84   42.458069    0.000038   -0.000002    0.002756   -0.009242   -0.233828
 85   42.267914    0.000015   -0.000005    0.001039   -0.024484   -0.521693
 86   42.506027    0.000061    0.000015   -0.017548   -0.033038   -0.859405
 87   42.233093    0.000000   -0.000010   -0.006336   -0.001426   -0.130981
 88   42.352345    0.000000   -0.000003    0.012849    0.001165    0.262684
 89   42.391792   -0.000031   -0.000006    0.031628    0.011750    0.753101
 90   42.497620   -0.000015   -0.000017    0.008488    0.017364    0.403851
 91   42.272614   -0.000011    0.000018    0.000499    0.010671    0.218952
time 2
  0    0.000000    0.000000    0.000000    0.000000   -0.000000    0.000000
  1    0.000000    0.000000    0.000000    0.000000   -0.000000    0.000000
  2    0.000000   -7.924702   45.753773    0.011388   -1.678392    1.559234
  3   50.309219   -0.435479    0.000003    0.000776   -0.152662    0.013992
  4   30.891548   -0.000011   -0.000001    0.000017   -0.133033   -0.014097
  5   34.635597    0.000007    0.000002   -0.000000   -0.185353   -0.000001
  6   30.584305    0.000018   -0.000004   -0.000000   -0.434139    0.000001
  7   31.520187   -0.000000    0.000015   -0.000000   -0.505661   -0.000001
  8   34.241188  -28.000029  -41.878006    0.961684   -0.456070    0.255581
  9   34.241112   23.441799  -41.878098   -0.962345   -0.456136   -0.244566
 10   35.246696  -52.543083    1.319153   -0.024581   -0.093131    0.458445
 11   35.246529   52.726311    1.318924    0.022361   -0.093677   -0.448838
 12   34.830025  -24.891926   45.588623   -0.986284    0.268031    0.238520
 13   34.885780   27.636585   43.767838    0.985877    0.267743   -0.228663
 14   18.333481  -48.336132   91.051117   -0.020647   -0.408691   -0.301998
 15   42.375069   -0.000002    0.000004   -0.086654   -0.069894   -0.063875
 16   42.546082    0.000027    0.000000   -0.039939   -0.092495   -0.101664
 17   42.234467    0.000027    0.000000   -0.005584   -0.110216   -0.157443
 18   42.464996    0.000023    0.000031    0.045413   -0.237802   -0.247229
 19   42.458130   -0.000038   -0.000008    0.248133   -0.663961   -0.686118
 20   42.267967    0.000015    0.000000    0.008670   -0.299209   -0.298517
 21   42.505898   -0.000015    0.000000    0.003522   -0.218886   -0.240182
 22   42.233200    0.000000    0.000000    0.022802    0.108051    0.096219
 23   42.352283   -0.000015   -0.000031    0.166581    0.519708    0.557824
 24   42.391724   -0.000046    0.000000    0.020835    0.298830    0.278315
 25   42.497528    0.000046   -0.000027   -0.006552    0.135951    0.127271
 26   42.272766    0.000048   -0.000029   -0.007486    0.072118    0.069163
 27   18.414246   50.814205   89.704628    1.643875   -0.398979    0.247558
 28   42.375061   -0.000008    0.000000    0.049064    0.088817    0.084028
 29   42.546112   -0.000015    0.000004    0.037541    0.126871    0.107663
 30   42.234482    0.000084   -0.000011    0.020577    0.166594    0.110603
 31   42.465057   -0.000023   -0.000004    0.011044    0.208387    0.224695
 32   42.458099    0.000038   -0.000008    0.211364    0.496737    0.802497
 33   42.267914    0.000015    0.000046    0.088475    0.284811    0.335502
 34   42.506004    0.000046    0.000076    0.047972    0.225358    0.228115
 35   42.233055   -0.000031    0.000076   -0.014434   -0.087619   -0.105975
 36   42.352264   -0.000107    0.000046    0.130763   -0.458439   -0.603367
 37   42.391724    0.000092    0.000015    0.065130   -0.259780   -0.322295
 38   42.497620    0.000038   -0.000008    0.024674   -0.123014   -0.141697
 39   42.272583    0.000134   -0.000002    0.013132   -0.067606   -0.074966
 40   22.771271   98.701286    3.434682    0.000252    0.246282    1.402487
 41   42.375076    0.000011   -0.000011    0.111548   -0.077318   -0.468850
 42   42.546097   -0.000008   -0.000002    0.039236   -0.050839   -0.278669
 43   42.234467    0.000023   -0.000006   -0.006794   -0.021174    0.078779
 44   42.465118    0.000015   -0.000010   -0.035886   -0.029058    0.587812
 45   42.458069    0.000015   -0.000009   -0.013129   -0.053653    0.560906
 46   42.267975   -0.000015   -0.000006    0.020126   -0.065523    0.654859
 47   42.505905   -0.000031    0.000004    0.040064   -0.031162    0.449311
 48   42.233150   -0.000031   -0.000012   -0.008044    0.008838   -0.070506
 49   42.352264    0.000000    0.000001   -0.060005    0.042465   -0.611189
 50   42.391632    0.000000   -0.000002   -0.021844    0.063043   -0.531685
 51   42.497681    0.000023   -0.000010    0.006726    0.034112   -0.261310
 52   42.272705    0.000012   -0.000002    0.008288    0.016838   -0.139968
 53   23.341263   49.570370  -84.821037   -1.614194    0.629835    0.327090
 54   42.375092   -0.000008   -0.000013   -0.055944   -0.064841    0.077418
 55   42.546051    0.000042   -0.000008   -0.054987   -0.121142    0.130571
 56   42.234573   -0.000031   -0.000015   -0.084689   -0.292567    0.293379
 57   42.465027    0.000076   -0.000008   -0.097432   -0.397870    0.393004
 58   42.458084    0.000031   -0.000015   -0.039529   -0.223848    0.217229
 59   42.268021   -0.000061    0.000000   -0.015810   -0.112516    0.100640
 60   42.505875    0.000122   -0.000061    0.000609   -0.002986    0.002262
 61   42.233170   -0.000046   -0.000015    0.012023   -0.049392    0.042656
 62   42.352219    0.000000   -0.000015   -0.008591    0.092852   -0.083717
 63   42.391754    0.000061    0.000015   -0.038528    0.222650   -0.202304
 64   42.497528    0.000069   -0.000031   -0.019967    0.169396   -0.147643
 65   42.272736    0.000000    0.000015   -0.008065    0.100283   -0.085360
 66   22.811501  -53.406685  -86.095245    0.032698    0.625504   -0.289595
 67   42.375099   -0.000008    0.000019    0.099950    0.082334   -0.066606
 68   42.546112    0.000000    0.000015    0.058391    0.133998   -0.134141
 69   42.234436    0.000046   -0.000019    0.001467    0.282034   -0.344478
 70   42.465012   -0.000046   -0.000015   -0.057767    0.334733   -0.435508
 71   42.458099    0.000061   -0.000015   -0.011800    0.204876   -0.231089
 72   42.267899   -0.000061   -0.000015    0.002605    0.090473   -0.108894
 73   42.505943    0.000061   -0.000015   -0.000463    0.001711   -0.002089
 74   42.233124   -0.000031   -0.000015   -0.011844    0.041379   -0.050384
 75   42.352158   -0.000031    0.000000    0.000263   -0.088194    0.105439
 76   42.391846   -0.000015   -0.000015   -0.008231   -0.188495    0.231375
 77   42.497559    0.000031   -0.000015   -0.006074   -0.139750    0.174797
 78   42.272675   -0.000046    0.000023   -0.001023   -0.079097    0.099406
 79   24.283989  -99.420837    3.245897   -0.000241    0.246871   -0.491354
 80   42.375092   -0.000011    0.000004    0.056482   -0.046504   -0.228703
 81   42.546051    0.000008    0.000002    0.057409   -0.084200   -0.300962
 82   42.234528    0.000015   -0.000009    0.027531   -0.083693   -0.276927
 83   42.465057    0.000008   -0.000005    0.002032   -0.006094   -0.153607
 84   42.458054    0.000015   -0.000001    0.000701   -0.005075   -0.100404
 85   42.267944    0.000031   -0.000010    0.001008   -0.059885   -0.590149
 86   42.505905    0.000000    0.000021   -0.042286   -0.064827   -0.801374
 87   42.233040   -0.000061    0.000000   -0.010645   -0.002046   -0.100575
 88   42.352283    0.000000    0.000007    0.023755    0.002128    0.222865
 89   42.391701    0.000000    0.000005    0.069662    0.022586    0.749590
 90   42.497559   -0.000015   -0.000029    0.022444    0.040598    0.445842
 91   42.272522    0.000004    0.000025    0.001487    0.025384    0.238283
time 3
  0    0.000000    0.000000    0.000000    0.000000   -0.000000    0.000000
  1    0.000000    0.000000    0.000000    0.000000   -0.000000    0.000000
  2    0.000000  -15.869725  102.592476    2.765977   -1.410756   -1.195441
  3   50.309196   -0.435479    0.000004    0.001443   -0.112942    0.013904
  4   30.891541   -0.000011   -0.000004    0.000017   -0.093308   -0.014097
  5   34.635605    0.000007   -0.000004   -0.000000   -0.145628   -0.000001
  6   30.584290    0.000017    0.000000   -0.000000   -0.399666    0.000001
  7   31.520203   -0.000000    0.000000   -0.000000   -0.473252   -0.000001
  8   34.241211  -28.000031  -41.878006    0.946357   -0.453689    0.212598
  9   34.241119   23.441797  -41.878067   -0.947571   -0.453908   -0.192324
 10   35.246704  -52.543083    1.319153   -0.045251   -0.171446    0.369159
 11   35.246552   52.726318    1.318939    0.041165   -0.172450   -0.351476
 12   34.830017  -24.891924   45.588608   -0.993396    0.103141    0.191024
 13   34.885773   27.636583   43.767807    0.992653    0.102613   -0.172878
 14    9.162666  -45.613934   88.325104   -0.066158   -0.369136   -0.250725
 15   42.375061    0.000019   -0.000019   -0.089385   -0.083794   -0.084633
 16   42.546082    0.000027   -0.000008   -0.033768   -0.126235   -0.155220
 17   42.234467    0.000004    0.000008    0.035897   -0.204443   -0.306312
 18   42.464996    0.000008   -0.000004    0.104831   -0.330827   -0.377464
 19   42.458054   -0.000046   -0.000015    0.335875   -0.714011   -0.836099
 20   42.267929    0.000031    0.000015   -0.015360   -0.049397   -0.070553
 21   42.505882    0.000000    0.000000   -0.002052   -0.054204   -0.064627
 22   42.233170    0.000046    0.000015    0.029067    0.165626    0.155236
 23   42.352257    0.000046    0.000000    0.110257    0.483059    0.499313
 24   42.391815   -0.000015   -0.000031    0.000836    0.279743    0.272334
 25   42.497437    0.000065   -0.000041   -0.014424    0.138916    0.141517
 26   42.272797    0.000020   -0.000046   -0.011307    0.067240    0.071377
 27    9.311333   46.972595   87.593651    1.665447   -0.400514    0.363513
 28   42.375076    0.000008   -0.000004    0.037090    0.110571    0.103502
 29   42.546082   -0.000031    0.000004    0.022373    0.179755    0.155172
 30   42.234467    0.000069    0.000000    0.005382    0.246949    0.197697
 31   42.465042   -0.000015    0.000008    0.033356    0.332215    0.438341
 32   42.458054   -0.000015    0.000000    0.317764    0.503037    0.892852
 33   42.267899   -0.000015    0.000076    0.025410    0.056011    0.034965
 34   42.506012    0.000061    0.000046    0.013405    0.061053    0.055686
 35   42.233078    0.000000    0.000015   -0.024538   -0.197720   -0.222445
 36   42.352226   -0.000076    0.000000    0.104337   -0.428493   -0.577650
 37   42.391663    0.000099    0.000031    0.057935   -0.211094   -0.274531
 38   42.497650    0.000050    0.000000    0.031480   -0.115529   -0.138940
 39   42.272675    0.000153    0.000030    0.015405   -0.055084   -0.062796
 40   17.332207   91.935982    4.859051   -0.004369    0.347582    1.797575
 41   42.375053    0.000015   -0.000006    0.145600   -0.095764   -0.430033
 42   42.546097    0.000000    0.000004    0.085399   -0.101352   -0.404426
 43   42.234467    0.000008    0.000000   -0.008476   -0.049760    0.086751
 44   42.465088   -0.000008   -0.000006   -0.028968   -0.052578    0.626573
 45   42.458054   -0.000031    0.000000    0.005266   -0.079310    0.547768
 46   42.267944   -0.000061    0.000008    0.051641   -0.083815    0.641404
 47   42.505867    0.000031    0.000016    0.029740   -0.010474    0.197442
 48   42.233078    0.000031   -0.000006   -0.032468    0.022546   -0.206124
 49   42.352219    0.000031    0.000014   -0.086604    0.080227   -0.704851
 50   42.391693   -0.000061   -0.000008   -0.009417    0.073708   -0.399472
 51   42.497620   -0.000034   -0.000011    0.010727    0.039400   -0.214623
 52   42.272705   -0.000023    0.000000    0.009481    0.018242   -0.107749
 53   18.381508   48.614689  -79.297943   -1.454162    0.870462    0.549089
 54   42.375076   -0.000004    0.000004   -0.063478   -0.088226    0.107704
 55   42.546066    0.000023   -0.000008   -0.068137   -0.162712    0.177778
 56   42.234573   -0.000031    0.000015   -0.096556   -0.334521    0.331444
 57   42.465042    0.000046    0.000015   -0.047459   -0.254463    0.259819
 58   42.458138    0.000061   -0.000031   -0.030952   -0.138683    0.160147
 59   42.268021   -0.000137   -0.000031   -0.016430   -0.067025    0.066960
 60   42.505959    0.000061   -0.000015   -0.000267    0.021546   -0.020928
 61   42.233215   -0.000061   -0.000015    0.010829   -0.006664    0.006515
 62   42.352386   -0.000015   -0.000046   -0.002503    0.053687   -0.053514
 63   42.391693    0.000046    0.000031   -0.023205    0.160262   -0.161193
 64   42.497620    0.000031    0.000000   -0.019066    0.162459   -0.160130
 65   42.272736    0.000038    0.000023   -0.011060    0.121300   -0.117437
 66   17.406273  -51.188263  -81.643692   -0.007671    0.834101   -0.310112
 67   42.375107    0.000004    0.000004    0.106731    0.109090   -0.095376
 68   42.546097   -0.000004    0.000015    0.069603    0.174981   -0.194103
 69   42.234467    0.000046    0.000008   -0.010122    0.299580   -0.432014
 70   42.464996   -0.000046   -0.000015   -0.032055    0.223135   -0.294271
 71   42.458099    0.000031    0.000000   -0.006930    0.144952   -0.147282
 72   42.267906   -0.000046   -0.000031    0.001468    0.062061   -0.072241
 73   42.505974    0.000061    0.000015    0.002047   -0.018893    0.022108
 74   42.233154    0.000031    0.000000   -0.009403    0.009701   -0.011449
 75   42.352081   -0.000015    0.000015    0.005317   -0.055158    0.063805
 76   42.391785    0.000000    0.000000    0.006888   -0.162231    0.192945
 77   42.497467    0.000046   -0.000015   -0.001422   -0.149894    0.186342
 78   42.272675   -0.000015    0.000000   -0.002560   -0.108885    0.138045
 79   20.117012  -93.227242    4.511463    0.004107    0.419299   -0.678893
 80   42.375092   -0.000008    0.000000    0.110926   -0.121797   -0.263328
 81   42.546036    0.000008    0.000011    0.078952   -0.186056   -0.283077
 82   42.234512    0.000015   -0.000008    0.017516   -0.102813   -0.199276
 83   42.465118    0.000015   -0.000010   -0.001355    0.016747   -0.088227
 84   42.458054    0.000015   -0.000004    0.000427   -0.030952   -0.216620
 85   42.267883    0.000015   -0.000015   -0.020028   -0.114470   -0.833232
 86   42.505997    0.000000    0.000004   -0.055132   -0.037420   -0.434414
 87   42.233063    0.000000   -0.000013    0.005768    0.005590    0.037224
 88   42.352303   -0.000031   -0.000001    0.073255    0.033119    0.510597
 89   42.391769    0.000000   -0.000010    0.061397    0.082699    0.662729
 90   42.497559    0.000008   -0.000023   -0.000569    0.054706    0.324909
 91   42.272522    0.000020    0.000013   -0.009511    0.027698    0.172150
time 4
  0    0.000000    0.000000    0.000000    0.000000   -0.000000    0.000000
  1    0.000000    0.000000    0.000000    0.000000   -0.000000    0.000000
  2    0.000000  -24.726881  163.430038    2.478845   -1.360434   -0.908374
  3   50.309219   -0.435478    0.000006    0.002002   -0.079664    0.013830
  4   30.891525   -0.000011    0.000002    0.000017   -0.060025   -0.014097
  5   34.635620    0.000006    0.000000   -0.000000   -0.112345   -0.000001
  6   30.584290    0.000021    0.000000   -0.000000   -0.364632    0.000001
  7   31.520172    0.000000    0.000000   -0.000000   -0.437530   -0.000001
  8   34.241180  -28.000034  -41.878021    0.933516   -0.449052    0.176586
  9   34.241104   23.441803  -41.878143   -0.935193   -0.449570   -0.148553
 10   35.246674  -52.543087    1.319122   -0.062569   -0.237061    0.294352
 11   35.246521   52.726311    1.318909    0.056919   -0.238450   -0.269902
 12   34.830002  -24.891926   45.588593   -0.999355   -0.035009    0.151230
 13   34.885773   27.636589   43.767776    0.998329   -0.035739   -0.126140
 14    1.479050  -43.333206   86.041107   -0.124385   -0.384678   -0.233041
 15   42.375092    0.000000    0.000008   -0.092506   -0.103687   -0.121966
 16   42.546127    0.000023    0.000015   -0.017657   -0.172266   -0.254891
 17   42.234467    0.000015   -0.000015    0.086825   -0.257125   -0.446999
 18   42.464966    0.000031   -0.000008    0.160876   -0.365060   -0.487813
 19   42.458069   -0.000122    0.000000    0.295697   -0.606927   -0.781030
 20   42.267944    0.000031    0.000015   -0.005137    0.105954    0.122912
 21   42.505890   -0.000015   -0.000031    0.000416    0.004672    0.013223
 22   42.233170   -0.000046    0.000000    0.016643    0.139184    0.145006
 23   42.352303    0.000031    0.000000    0.070222    0.437046    0.487296
 24   42.391769   -0.000031   -0.000015   -0.005303    0.304584    0.349660
 25   42.497467    0.000015   -0.000023   -0.020877    0.145262    0.180989
 26   42.272797    0.000106   -0.000042   -0.014148    0.064880    0.085862
 27    1.684586   43.753952   85.825027    1.650755   -0.451803    0.509045
 28   42.375092   -0.000023   -0.000008    0.020231    0.150844    0.143231
 29   42.546143   -0.000008    0.000015    0.006405    0.271180    0.251203
 30   42.234467    0.000061    0.000015    0.006291    0.303429    0.299889
 31   42.465027   -0.000031    0.000000    0.149746    0.428884    0.680244
 32   42.458099    0.000046    0.000000    0.235822    0.363859    0.569149
 33   42.267883   -0.000031    0.000031   -0.017193   -0.119191   -0.108543
 34   42.506031    0.000076    0.000015   -0.005056   -0.017009   -0.012835
 35   42.233097   -0.000031    0.000046   -0.042344   -0.209666   -0.234693
 36   42.352234   -0.000092    0.000000    0.077041   -0.400357   -0.562145
 37   42.391663    0.000092   -0.000008    0.068637   -0.213755   -0.300318
 38   42.497559    0.000067    0.000008    0.042165   -0.119693   -0.152638
 39   42.272522    0.000137   -0.000005    0.018872   -0.051458   -0.060906
 40   12.775146   86.267731    6.052450   -0.011119    0.420618    2.036093
 41   42.375072    0.000000    0.000000    0.098004   -0.128669   -0.233626
 42   42.546120    0.000015   -0.000004    0.097059   -0.170819   -0.362658
 43   42.234451   -0.000031    0.000002   -0.000558   -0.105462    0.007018
 44   42.465118   -0.000031    0.000004    0.008042   -0.039734    0.495106
 45   42.458054    0.000000    0.000000    0.023828   -0.080499    0.499618
 46   42.267929    0.000031    0.000008    0.064125   -0.079614    0.564882
 47   42.505882    0.000061    0.000005    0.020459   -0.003320    0.115720
 48   42.233150    0.000061   -0.000015   -0.042435    0.032189   -0.239006
 49   42.352257    0.000031    0.000008   -0.093156    0.102778   -0.694201
 50   42.391724   -0.000015    0.000008   -0.005644    0.084555   -0.380697
 51   42.497589    0.000015   -0.000008    0.014122    0.045223   -0.209608
 52   42.272705   -0.000025    0.000008    0.011351    0.020342   -0.103041
 53   14.226089   47.813950  -74.670433   -0.931123    1.150849    1.144984
 54   42.375092   -0.000015    0.000000   -0.071879   -0.104079    0.122365
 55   42.546051    0.000031    0.000015   -0.067625   -0.152448    0.154138
 56   42.234528    0.000000   -0.000023   -0.055815   -0.210640    0.181433
 57   42.465012    0.000092    0.000000   -0.028645   -0.126281    0.153343
 58   42.458069    0.000061   -0.000015   -0.032404   -0.092358    0.141146
 59   42.268005   -0.000061    0.000046   -0.019807   -0.056914    0.069007
 60   42.505905    0.000092   -0.000031    0.000467   -0.000618    0.000888
 61   42.233185   -0.000046    0.000000    0.009213   -0.031706    0.037304
 62   42.352310    0.000031    0.000031    0.000678    0.022998   -0.027420
 63   42.391785    0.000031    0.000015   -0.013509    0.130995   -0.158331
 64   42.497559    0.000076   -0.000031   -0.016207    0.162177   -0.195797
 65   42.272766    0.000015    0.000008   -0.016032    0.156100   -0.188141
 66   12.877563  -49.329582  -77.913948   -0.117126    1.108015   -0.472257
 67   42.375092   -0.000019   -0.000015    0.113688    0.129518   -0.151572
 68   42.546112   -0.000008    0.000015    0.065583    0.156077   -0.245066
 69   42.234451    0.000031    0.000000    0.003552    0.160022   -0.321021
 70   42.464989   -0.000015    0.000015   -0.010504    0.120420   -0.153081
 71   42.458115    0.000031    0.000000   -0.006085    0.115297   -0.110118
 72   42.267921   -0.000046    0.000015   -0.001202    0.054980   -0.064210
 73   42.506035    0.000092   -0.000031   -0.000453    0.000599   -0.000705
 74   42.233139    0.000061   -0.000031   -0.015320    0.033680   -0.039338
 75   42.352158   -0.000061   -0.000015    0.005462   -0.029323    0.033254
 76   42.391800    0.000015   -0.000015    0.018725   -0.145126    0.168436
 77   42.497589    0.000061    0.000015    0.005670   -0.164447    0.204118
 78   42.272705   -0.000015   -0.000008   -0.005109   -0.148755    0.192911
 79   16.625763  -88.038010    5.571798    0.010377    0.560237   -1.107374
 80   42.375092    0.000000    0.000008    0.075744   -0.237107   -0.133484
 81   42.546082    0.000015    0.000010    0.025847   -0.263653   -0.080360
 82   42.234497    0.000015   -0.000010    0.007918   -0.093041   -0.139776
 83   42.465057    0.000031   -0.000008   -0.004895    0.018346   -0.138693
 84   42.458008   -0.000015    0.000000   -0.006287   -0.080502   -0.472206
 85   42.267906   -0.000031   -0.000008   -0.057266   -0.109012   -0.711949
 86   42.505989    0.000031    0.000019   -0.022626   -0.006474   -0.132460
 87   42.233047    0.000000   -0.000009    0.030648    0.023856    0.175248
 88   42.352314    0.000061   -0.000015    0.098072    0.093706    0.697462
 89   42.391632   -0.000031   -0.000004    0.013366    0.097491    0.461131
 90   42.497528    0.000000   -0.000023   -0.016012    0.050174    0.239803
 91   42.272583    0.000013    0.000023   -0.013911    0.022964    0.122164
time 5
  0    0.000000    0.000000    0.000000    0.000000   -0.000000    0.000000
  1    0.000000    0.000000    0.000000    0.000000   -0.000000    0.000000
  2    0.000000  -33.188934  217.456787    2.366489   -1.313828   -0.796044
  3   50.309235   -0.435482    0.000004    0.002236   -0.065708    0.013799
  4   30.891541   -0.000015    0.000000    0.000017   -0.046067   -0.014097
  5   34.635620    0.000004   -0.000004   -0.000000   -0.098388   -0.000001
  6   30.584320    0.000023   -0.000015   -0.000000   -0.336668    0.000001
  7   31.520203   -0.000004    0.000000   -0.000000   -0.404064   -0.000001
  8   34.241196  -28.000023  -41.878021    0.928131   -0.441408    0.161484
  9   34.241135   23.441803  -41.878143   -0.930002   -0.442418   -0.130198
 10   35.246719  -52.543083    1.319122   -0.069832   -0.264577    0.262982
 11   35.246536   52.726311    1.318939    0.063526   -0.266127   -0.235693
 12   34.830032  -24.891922   45.588593   -1.001854   -0.092943    0.134542
 13   34.885757   27.636581   43.767822    1.000710   -0.093758   -0.106540
 14   -1.743149  -42.376747   85.083267   -0.162347   -0.400928   -0.240714
 15   42.375076   -0.000008    0.000000   -0.088040   -0.131572   -0.171750
 16   42.546066    0.000008    0.000023    0.021685   -0.230362   -0.387479
 17   42.234467    0.000015   -0.000015    0.115838   -0.268165   -0.491090
 18   42.464966    0.000000   -0.000031    0.143027   -0.305170   -0.448846
 19   42.458069   -0.000092    0.000000    0.249409   -0.493062   -0.685177
 20   42.267883    0.000015    0.000000   -0.014817    0.069236    0.115107
 21   42.505920    0.000015    0.000015   -0.000843    0.008003    0.039477
 22   42.233177    0.000000    0.000000    0.007713    0.079628    0.095600
 23   42.352264    0.000015    0.000031    0.043176    0.380936    0.448572
 24   42.391785   -0.000046    0.000008    0.017936    0.400340    0.528180
 25   42.497467    0.000046   -0.000031   -0.024501    0.168549    0.249215
 26   42.272705    0.000104   -0.000053   -0.015829    0.067641    0.108686
 27   -1.513748   42.404175   85.083298    1.612513   -0.513744    0.636018
 28   42.375076    0.000008   -0.000004    0.005663    0.204300    0.205541
 29   42.546082    0.000000    0.000015    0.015302    0.343515    0.362230
 30   42.234482    0.000076    0.000000    0.029056    0.276144    0.322465
 31   42.465019    0.000031   -0.000015    0.184011    0.403944    0.626429
 32   42.458038    0.000000    0.000000    0.215572    0.333896    0.453388
 33   42.267868   -0.000046    0.000046   -0.031507   -0.160184   -0.105363
 34   42.506020    0.000046   -0.000015   -0.004728   -0.019140    0.000631
 35   42.233063   -0.000031    0.000015   -0.052780   -0.150567   -0.145291
 36   42.352203   -0.000122    0.000061    0.037416   -0.455040   -0.583173
 37   42.391708    0.000084   -0.000015    0.095796   -0.297373   -0.433691
 38   42.497650    0.000051   -0.000015    0.055008   -0.146323   -0.190697
 39   42.272522    0.000107   -0.000011    0.023048   -0.059092   -0.070029
 40   10.864120   83.890640    6.552914   -0.017348    0.479220    2.197020
 41   42.375061    0.000031   -0.000023    0.060095   -0.146888   -0.124992
 42   42.546101    0.000000    0.000000    0.069526   -0.216641   -0.219959
 43   42.234482   -0.000015    0.000004    0.009129   -0.181752   -0.091687
 44   42.465057    0.000000   -0.000011    0.026535   -0.012948    0.327676
 45   42.458099    0.000000   -0.000008    0.032691   -0.061732    0.391114
 46   42.267937    0.000000    0.000000    0.065839   -0.080080    0.509421
 47   42.505867   -0.000061    0.000008    0.035515   -0.015388    0.185500
 48   42.233101   -0.000031   -0.000008   -0.025599    0.024896   -0.125965
 49   42.352215    0.000000    0.000003   -0.102115    0.100816   -0.601030
 50   42.391663    0.000031   -0.000006   -0.027095    0.122540   -0.491170
 51   42.497620    0.000008   -0.000019    0.017301    0.067602   -0.262616
 52   42.272705    0.000010    0.000000    0.017440    0.031340   -0.134980
 53   12.483444   47.478142  -72.729889   -0.185443    1.225792    1.953652
 54   42.375084    0.000000    0.000008   -0.071271   -0.099570    0.086772
 55   42.546082    0.000046    0.000023   -0.058354   -0.119481    0.085992
 56   42.234558   -0.000015    0.000000   -0.039922   -0.141160    0.075122
 57   42.464989    0.000061    0.000000   -0.024761   -0.088529    0.100090
 58   42.458054    0.000046    0.000000   -0.030937   -0.058027    0.124229
 59   42.267998   -0.000092    0.000000   -0.023609   -0.064416    0.091234
 60   42.505936    0.000153   -0.000015   -0.002716   -0.032312    0.043600
 61   42.233200   -0.000061    0.000015    0.003452   -0.059992    0.080605
 62   42.352295    0.000000   -0.000031   -0.001316   -0.015428    0.020993
 63   42.391693    0.000061    0.000000   -0.004608    0.078182   -0.105839
 64   42.497589    0.000061   -0.000046   -0.012407    0.172282   -0.236674
 65   42.272827    0.000000    0.000031   -0.021851    0.194254   -0.272960
 66   10.978439  -48.550137  -76.349930   -0.376766    1.300615   -0.791590
 67   42.375076    0.000000   -0.000015    0.110424    0.103747   -0.184276
 68   42.546104   -0.000031    0.000015    0.058582    0.088605   -0.230029
 69   42.234451    0.000046    0.000000    0.014000    0.065510   -0.231943
 70   42.464996   -0.000046    0.000000   -0.004200    0.077890   -0.112176
 71   42.458054    0.000076   -0.000031   -0.003126    0.095702   -0.079039
 72   42.267929   -0.000046   -0.000015   -0.007370    0.066624   -0.079911
 73   42.505974    0.000061    0.000000   -0.009639    0.034077   -0.040409
 74   42.233093   -0.000031   -0.000046   -0.028131    0.067098   -0.078313
 75   42.352188   -0.000031    0.000000   -0.001911    0.006263   -0.006910
 76   42.391800    0.000000    0.000015    0.026098   -0.106415    0.118015
 77   42.497559    0.000061    0.000015    0.018816   -0.189075    0.227119
 78   42.272675   -0.000031    0.000000   -0.007454   -0.209889    0.275734
 79   15.161697  -85.861847    6.016449    0.016073    0.618804   -1.457975
 80   42.375107   -0.000031    0.000004    0.000301   -0.243218    0.002782
 81   42.546059   -0.000015    0.000004   -0.023179   -0.299453    0.066336
 82   42.234497    0.000000    0.000004    0.008202   -0.140854   -0.107599
 83   42.465103   -0.000015    0.000000   -0.018708   -0.003360   -0.304261
 84   42.458054    0.000000    0.000000   -0.023984   -0.079803   -0.430479
 85   42.267891    0.000000   -0.000008   -0.058493   -0.085342   -0.481785
 86   42.505997   -0.000031    0.000015   -0.017655   -0.004872   -0.091755
 87   42.233120    0.000031   -0.000009    0.039911    0.042780    0.204645
 88   42.352242   -0.000031    0.000010    0.095339    0.138940    0.660775
 89   42.391724   -0.000015    0.000011   -0.002831    0.115408    0.412558
 90   42.497498    0.000000   -0.000017   -0.027035    0.059637    0.230679
 91   42.272522   -0.000011    0.000038   -0.018788    0.024473    0.108923
time 6
  0    0.000000    0.000000    0.000000    0.000000   -0.000000    0.000000
  1    0.000000    0.000000    0.000000    0.000000   -0.000000    0.000000
  2   -0.436292  -42.889599  272.512207    2.367843   -1.265985   -0.797760
  3   50.309204   -0.435478    0.000008    0.002112   -0.065723    0.013842
  4   30.891541   -0.000008   -0.000004   -0.000045   -0.046082   -0.014064
  5   34.635590    0.000008    0.000000   -0.000067   -0.098403    0.000028
  6   30.584290    0.000011    0.000000   -0.000068   -0.313644    0.000019
  7   31.520172    0.000004    0.000000   -0.000069   -0.371109    0.000001
  8   34.241211  -28.000046  -41.878021    0.929697   -0.429265    0.161728
  9   34.241150   23.441803  -41.878082   -0.930736   -0.430634   -0.130886
 10   35.246735  -52.543106    1.319122   -0.067608   -0.259622    0.263899
 11   35.246552   52.726326    1.318909    0.062110   -0.260847   -0.236803
 12   34.830017  -24.891937   45.588654   -1.000456   -0.086329    0.135341
 13   34.885803   27.636589   43.767853    1.000383   -0.086956   -0.107241
 14   -1.598389  -42.419712   85.126305   -0.140354   -0.454780   -0.331788
 15   42.375061    0.000015   -0.000008   -0.060886   -0.186360   -0.248669
 16   42.546066    0.000000   -0.000031    0.078120   -0.283369   -0.472766
 17   42.234467    0.000000   -0.000031    0.086386   -0.236013   -0.376899
 18   42.464996   -0.000031    0.000046    0.134428   -0.294841   -0.437284
 19   42.458138   -0.000061    0.000000    0.128167   -0.345446   -0.450750
 20   42.267914    0.000061    0.000031   -0.008143   -0.033571   -0.028222
 21   42.505936    0.000015   -0.000031    0.010314   -0.068520   -0.080078
 22   42.233170    0.000076    0.000031    0.006474    0.015292    0.024917
 23   42.352295    0.000015   -0.000015    0.024553    0.301019    0.408927
 24   42.391689   -0.000046    0.000031    0.156446    0.513945    0.899356
 25   42.497406    0.000015   -0.000006    0.004334    0.187120    0.331370
 26   42.272766    0.000062   -0.000023   -0.004304    0.061853    0.113609
 27   -1.439911   42.435390   85.100479    1.503988   -0.628472    0.828441
 28   42.375061    0.000031   -0.000023    0.005387    0.273150    0.320655
 29   42.546097    0.000000    0.000000    0.039325    0.291581    0.365523
 30   42.234520    0.000092   -0.000031    0.046835    0.197298    0.262420
 31   42.465073   -0.000031   -0.000031    0.207527    0.375670    0.549020
 32   42.458099    0.000000    0.000000    0.162058    0.267501    0.300146
 33   42.267944   -0.000031    0.000031    0.017874    0.012648    0.016008
 34   42.506042    0.000099    0.000031    0.032655    0.079477    0.061580
 35   42.233109   -0.000046    0.000031   -0.034303   -0.077491   -0.046728
 36   42.352249   -0.000114    0.000061   -0.045063   -0.609518   -0.502047
 37   42.391739    0.000076   -0.000015    0.132410   -0.546194   -0.689314
 38   42.497650    0.000067   -0.000015    0.040913   -0.175230   -0.213585
 39   42.272583    0.000134   -0.000004    0.014818   -0.058651   -0.067273
 40   10.908264   83.945572    6.541325   -0.024477    0.437886    2.384725
 41   42.375038   -0.000031   -0.000023    0.041102   -0.131827   -0.093709
 42   42.546097    0.000000   -0.000015    0.046585   -0.193351   -0.158985
 43   42.234451    0.000000    0.000004    0.014232   -0.206529   -0.139858
 44   42.465088    0.000000    0.000000    0.024643   -0.021868    0.230525
 45   42.458076    0.000000    0.000000    0.031345   -0.029858    0.260660
 46   42.267899    0.000000    0.000004    0.056155   -0.066632    0.410493
 47   42.505913    0.000031    0.000008    0.052742   -0.039193    0.283249
 48   42.233154    0.000031   -0.000007   -0.005161    0.017499   -0.023293
 49   42.352226   -0.000031    0.000007   -0.076320    0.091803   -0.388928
 50   42.391663    0.000000    0.000000   -0.057831    0.169070   -0.581698
 51   42.497620   -0.000015   -0.000008    0.026115    0.118513   -0.370107
 52   42.272675    0.000023   -0.000015    0.031054    0.047041   -0.171138
 53   12.523682   47.485935  -72.774719    0.116087    1.239144    2.279985
 54   42.375092    0.000031    0.000000   -0.076796   -0.111183    0.078232
 55   42.546078    0.000000    0.000000   -0.060524   -0.124744    0.070949
 56   42.234528   -0.000061   -0.000015   -0.039394   -0.142718    0.051175
 57   42.465027    0.000031    0.000000   -0.023608   -0.085290    0.073994
 58   42.458069   -0.000031   -0.000061   -0.029048   -0.041682    0.110948
 59   42.267998   -0.000122    0.000000   -0.024722   -0.063586    0.101384
 60   42.505890    0.000092   -0.000015   -0.007246   -0.056763    0.080574
 61   42.233200   -0.000061   -0.000031   -0.000695   -0.073195    0.103029
 62   42.352287   -0.000031    0.000015   -0.005932   -0.042930    0.060640
 63   42.391739    0.000031   -0.000076   -0.004035    0.033175   -0.046236
 64   42.497589    0.000061   -0.000015   -0.004398    0.149720   -0.210395
 65   42.272736    0.000000   -0.000061   -0.017508    0.199358   -0.290576
 66   11.063812  -48.585136  -76.420166   -0.379161    1.391928   -0.790741
 67   42.375099    0.000015    0.000000    0.115131    0.093021   -0.210828
 68   42.546097    0.000046    0.000015    0.059844    0.066943   -0.244218
 69   42.234467    0.000061   -0.000015    0.015680    0.037752   -0.231706
 70   42.465027    0.000000   -0.000015   -0.003868    0.057097   -0.109357
 71   42.458069    0.000031    0.000031   -0.002551    0.086272   -0.057500
 72   42.267937   -0.000061    0.000000   -0.013320    0.075722   -0.089445
 73   42.505936    0.000092   -0.000031   -0.020965    0.060803   -0.072454
 74   42.233124    0.000061   -0.000031   -0.041063    0.088560   -0.101855
 75   42.352234    0.000000   -0.000031   -0.013481    0.036222   -0.038558
 76   42.391876    0.000000    0.000000    0.022002   -0.056180    0.058411
 77   42.497513    0.000061    0.000000    0.037941   -0.188305    0.208884
 78   42.272705   -0.000046   -0.000015    0.011124   -0.231240    0.292097
 79   15.195496  -85.912140    6.006187    0.022349    0.573994   -1.486924
 80   42.375111    0.000000   -0.000031    0.041571   -0.197302   -0.067243
 81   42.546043    0.000031   -0.000008    0.009685   -0.274749   -0.021710
 82   42.234497    0.000000   -0.000004    0.014951   -0.188332   -0.141971
 83   42.465042    0.000031   -0.000008   -0.031108   -0.059202   -0.401210
 84   42.458069    0.000000   -0.000031   -0.032144   -0.051843   -0.258512
 85   42.267960    0.000031   -0.000027   -0.027393   -0.020060   -0.162985
 86   42.506012    0.000092   -0.000004   -0.020098   -0.017283   -0.108890
 87   42.233109    0.000000   -0.000013    0.017888    0.039827    0.089684
 88   42.352242   -0.000031    0.000011    0.070970    0.162408    0.449497
 89   42.391800    0.000031   -0.000006   -0.002389    0.206311    0.508050
 90   42.497559   -0.000023   -0.000023   -0.071308    0.124580    0.345965
 91   42.272552    0.000000    0.000008   -0.032014    0.026615    0.099979
time 7
  0    0.000000    0.000000    0.000000    0.000000   -0.000000    0.000000
  1    0.000000    0.000000    0.000000    0.000000   -0.000000    0.000000
  2   -1.476682  -54.700340  335.802551    2.371644   -1.215844   -0.802354
  3   50.309204   -0.435478    0.000004    0.001768   -0.065828    0.013964
  4   30.891510   -0.000008    0.000011   -0.000220   -0.046188   -0.013970
  5   34.635590    0.000000   -0.000015   -0.000252   -0.098508    0.000106
  6   30.584320    0.000023    0.000008   -0.000257   -0.288775    0.000071
  7   31.520172    0.000000    0.000031   -0.000261   -0.334001    0.000009
  8   34.241180  -28.000031  -41.878021    0.934140   -0.412129    0.162442
  9   34.241089   23.441811  -41.878113   -0.932824   -0.413397   -0.132869
 10   35.246704  -52.543091    1.319153   -0.061298   -0.245564    0.266550
 11   35.246521   52.726318    1.318939    0.058093   -0.245872   -0.240003
 12   34.830017  -24.891914   45.588593   -0.996490   -0.067568    0.137637
 13   34.885773   27.636589   43.767822    0.999444   -0.067663   -0.109263
 14   -1.179993  -42.543900   85.250671    0.047839   -0.633743   -0.672192
 15   42.375122    0.000061   -0.000015   -0.011575   -0.232942   -0.284341
 16   42.546097    0.000031    0.000000    0.045499   -0.236891   -0.302496
 17   42.234444    0.000000   -0.000046    0.045952   -0.188160   -0.260654
 18   42.464996    0.000000   -0.000015    0.114601   -0.271523   -0.414586
 19   42.458138   -0.000061   -0.000046    0.052815   -0.209352   -0.275497
 20   42.268005    0.000031    0.000000    0.025706   -0.127311   -0.193059
 21   42.505905    0.000031   -0.000046    0.047243   -0.149979   -0.236901
 22   42.233215    0.000000   -0.000015    0.015008   -0.039137   -0.049674
 23   42.352295    0.000031    0.000015   -0.007859    0.064729    0.114626
 24   42.391739    0.000000   -0.000023    0.293155    0.499507    1.205892
 25   42.497543    0.000046   -0.000031    0.158949    0.321076    0.718160
 26   42.272827    0.000065   -0.000051    0.017560    0.077868    0.141718
 27   -1.223938   42.526489   85.150482    1.030995   -0.897265    1.420945
 28   42.375061    0.000046   -0.000015    0.038728    0.191679    0.300958
 29   42.546089    0.000000    0.000031    0.038404    0.102815    0.158022
 30   42.234528    0.000092   -0.000015    0.064529    0.170644    0.237182
 31   42.465073    0.000000    0.000031    0.188376    0.315161    0.424687
 32   42.458099    0.000046    0.000000    0.137062    0.225178    0.218446
 33   42.267944    0.000031    0.000000    0.102530    0.203442    0.128704
 34   42.506012    0.000122    0.000031    0.086157    0.220680    0.110145
 35   42.233093    0.000023    0.000031    0.001489    0.026669    0.016083
 36   42.352234   -0.000050    0.000046   -0.069297   -0.240953   -0.073098
 37   42.391754    0.000107    0.000015    0.261754   -1.150351   -1.069903
 38   42.497711    0.000053   -0.000046    0.013752   -0.370637   -0.447662
 39   42.272644    0.000124   -0.000039    0.004488   -0.079240   -0.102488
 40   11.037292   84.106064    6.507549   -0.033082    0.280399    2.581151
 41   42.375076    0.000000   -0.000015    0.022618   -0.090043   -0.078681
 42   42.546127    0.000031    0.000008    0.021985   -0.122186   -0.118517
 43   42.234482   -0.000031    0.000000    0.009993   -0.157768   -0.166158
 44   42.465088    0.000031   -0.000015    0.014521   -0.040573    0.138980
 45   42.458084    0.000000   -0.000019    0.024356   -0.010840    0.176572
 46   42.267929   -0.000061   -0.000015    0.034443   -0.026711    0.247343
 47   42.505905    0.000031   -0.000011    0.049335   -0.041144    0.324595
 48   42.233124   -0.000031   -0.000024    0.017281    0.004273    0.096490
 49   42.352226    0.000031   -0.000011   -0.026923    0.079979   -0.153107
 50   42.391685    0.000031   -0.000019   -0.043782    0.213379   -0.444045
 51   42.497620    0.000000   -0.000036    0.053963    0.247831   -0.478927
 52   42.272736    0.000000   -0.000023    0.066872    0.075933   -0.187571
 53   12.641327   47.508591  -72.905731    0.337322    1.268263    2.508347
 54   42.375095   -0.000031   -0.000031   -0.085936   -0.124362    0.078282
 55   42.546051    0.000061   -0.000031   -0.067276   -0.138225    0.069494
 56   42.234528   -0.000031    0.000015   -0.043160   -0.162858    0.046092
 57   42.464989    0.000061   -0.000031   -0.023924   -0.095385    0.061131
 58   42.458069    0.000031    0.000000   -0.028010   -0.034723    0.103929
 59   42.267960   -0.000061    0.000015   -0.024909   -0.056405    0.108057
 60   42.505920    0.000153   -0.000015   -0.012605   -0.075647    0.113242
 61   42.233185   -0.000061    0.000031   -0.005715   -0.085247    0.125689
 62   42.352203    0.000031    0.000000   -0.010445   -0.058702    0.086179
 63   42.391769    0.000000   -0.000015   -0.005746    0.008694   -0.012485
 64   42.497574    0.000061   -0.000031    0.002436    0.100366   -0.143633
 65   42.272751    0.000031    0.000015   -0.003522    0.159552   -0.235628
 66   11.310303  -48.686371  -76.623230   -0.047159    1.457047   -0.437677
 67   42.375076    0.000015    0.000031    0.122187    0.085816   -0.227095
 68   42.546112    0.000000    0.000031    0.064856    0.057234   -0.264820
 69   42.234512    0.000061    0.000000    0.017176    0.023410   -0.259362
 70   42.464996    0.000031    0.000000   -0.005287    0.043376   -0.121394
 71   42.458115    0.000061    0.000000   -0.004527    0.081724   -0.048962
 72   42.267838   -0.000061    0.000031   -0.018524    0.081842   -0.089742
 73   42.505936    0.000061    0.000031   -0.035825    0.086356   -0.103397
 74   42.233139    0.000000    0.000000   -0.054798    0.104629   -0.117812
 75   42.352112   -0.000031   -0.000031   -0.026787    0.059149   -0.060158
 76   42.391800    0.000092    0.000031    0.013942   -0.023848    0.023091
 77   42.497559    0.000092   -0.000031    0.046370   -0.138403    0.139019
 78   42.272736    0.000061    0.000000    0.042444   -0.209287    0.238715
 79   15.294373  -86.059036    5.976177    0.029733    0.449671   -1.595466
 80   42.375103    0.000000   -0.000008    0.039815   -0.151519   -0.083075
 81   42.546028    0.000000   -0.000004    0.015489   -0.214173   -0.047093
 82   42.234520   -0.000031    0.000008    0.013837   -0.191762   -0.154364
 83   42.465042    0.000000    0.000008   -0.038385   -0.066125   -0.407325
 84   42.458076    0.000061    0.000000   -0.029737   -0.041544   -0.205055
 85   42.267960    0.000031   -0.000023    0.002096    0.018594    0.009995
 86   42.505989    0.000000    0.000027    0.003657    0.005992    0.022281
 87   42.233116    0.000031   -0.000015    0.001868    0.021003    0.012084
 88   42.352318    0.000031   -0.000038    0.016170    0.123993    0.116268
 89   42.391716    0.000000   -0.000004    0.004262    0.293526    0.280307
 90   42.497543    0.000000   -0.000021   -0.109889    0.330724    0.342417
 91   42.272491    0.000000    0.000015   -0.079536    0.083228    0.114916
time 8
  0    0.000000    0.000000    0.000000    0.000000   -0.000000    0.000000
  1    0.000000    0.000000    0.000000    0.000000   -0.000000    0.000000
  2   -2.718439  -66.170662  395.569000    2.377497   -1.170832   -0.808991
  3   50.309204   -0.435471   -0.000011    0.001242   -0.066114    0.014149
  4   30.891571    0.000000    0.000008   -0.000487   -0.046474   -0.013828
  5   34.635590    0.000000    0.000000   -0.000535   -0.098794    0.000225
  6   30.584290   -0.000008    0.000015   -0.000544   -0.262702    0.000149
  7   31.520203    0.000008    0.000000   -0.000553   -0.293920    0.000020
  8   34.241180  -28.000046  -41.878021    0.941076   -0.390738    0.163598
  9   34.241119   23.441811  -41.878082   -0.936092   -0.391505   -0.136021
 10   35.246735  -52.543098    1.319122   -0.051448   -0.223618    0.270779
 11   35.246552   52.726326    1.318909    0.051822   -0.222492   -0.245103
 12   34.830048  -24.891930   45.588623   -0.990299   -0.038279    0.141280
 13   34.885773   27.636589   43.767822    0.997955   -0.037542   -0.112485
 14   -0.511810  -42.742279   85.449341    0.510348   -0.770263   -1.261374
 15   42.375099    0.000000   -0.000015   -0.038779   -0.169758   -0.134836
 16   42.546112    0.000061    0.000031   -0.014643   -0.147826   -0.097241
 17   42.234528    0.000031    0.000000    0.008423   -0.135258   -0.143147
 18   42.464966    0.000031   -0.000031    0.071611   -0.190274   -0.343045
 19   42.458107   -0.000061   -0.000031    0.042956   -0.157868   -0.243752
 20   42.267975    0.000061   -0.000031    0.053835   -0.161341   -0.261556
 21   42.505951   -0.000076   -0.000031    0.090151   -0.207464   -0.342673
 22   42.233154    0.000015   -0.000031    0.035109   -0.098941   -0.139256
 23   42.352234    0.000000   -0.000008    0.000901   -0.011002   -0.001189
 24   42.391739   -0.000076   -0.000031   -0.003854    0.198660    0.380775
 25   42.497505    0.000046   -0.000023    0.493233    0.445201    1.585932
 26   42.272751    0.000008    0.000000    0.080661    0.180915    0.360411
 27   -0.874695   42.673912   85.231537    0.242668   -0.962224    2.396896
 28   42.375092   -0.000061    0.000000    0.045035    0.041935    0.070844
 29   42.546112   -0.000031    0.000000    0.026807   -0.007673   -0.001110
 30   42.234528    0.000092   -0.000031    0.034994    0.065182    0.086869
 31   42.465057    0.000000    0.000000    0.138678    0.260045    0.323046
 32   42.458069    0.000031    0.000000    0.129202    0.211887    0.216321
 33   42.267883   -0.000015   -0.000031    0.140092    0.250309    0.183153
 34   42.506042    0.000076    0.000000    0.162222    0.351771    0.185854
 35   42.233093   -0.000008    0.000015    0.043486    0.156072    0.056839
 36   42.352234   -0.000061    0.000031    0.001852    0.002951    0.009574
 37   42.391708    0.000080    0.000046   -0.131026   -0.445538   -0.072663
 38   42.497620    0.000031    0.000000    0.679457   -1.281598   -1.604775
 39   42.272614    0.000107   -0.000011   -0.006519   -0.229384   -0.308905
 40   11.245941   84.365700    6.452885   -0.042181    0.088257    2.740993
 41   42.375031    0.000031   -0.000015    0.007549   -0.040878   -0.067766
 42   42.546158    0.000031   -0.000008    0.004701   -0.051576   -0.089571
 43   42.234482   -0.000031    0.000000   -0.001823   -0.075536   -0.173191
 44   42.465118    0.000000    0.000000    0.004063   -0.042704    0.038654
 45   42.458099    0.000000   -0.000019    0.022211   -0.019369    0.166052
 46   42.267899   -0.000031   -0.000019    0.018155   -0.013800    0.124687
 47   42.505905    0.000000   -0.000004    0.033491    0.014995    0.226777
 48   42.233139    0.000000   -0.000015    0.024484    0.004154    0.202969
 49   42.352242    0.000000   -0.000011    0.006040    0.058805    0.056609
 50   42.391697    0.000092   -0.000004   -0.000578    0.176508   -0.017907
 51   42.497608    0.000000   -0.000019   -0.004683    0.289409    0.057706
 52   42.272728    0.000031    0.000000   -0.015722    0.188620    0.040640
 53   12.831665   47.545311  -73.117706    0.519505    1.306939    2.685774
 54   42.375103   -0.000031    0.000000   -0.097568   -0.135792    0.084638
 55   42.546074    0.000061    0.000000   -0.077084   -0.153811    0.075707
 56   42.234581   -0.000031   -0.000015   -0.049779   -0.188407    0.050922
 57   42.465004    0.000061    0.000015   -0.025105   -0.111062    0.056604
 58   42.458084    0.000031   -0.000015   -0.027461   -0.034153    0.099810
 59   42.268005   -0.000061   -0.000015   -0.024780   -0.048309    0.114709
 60   42.505951    0.000153    0.000015   -0.017555   -0.088455    0.138183
 61   42.233170   -0.000061   -0.000031   -0.011587   -0.098116    0.150050
 62   42.352219    0.000061   -0.000031   -0.014592   -0.069593    0.105004
 63   42.391693    0.000000    0.000000   -0.008528   -0.010225    0.014937
 64   42.497620    0.000000   -0.000031    0.002014    0.044229   -0.064100
 65   42.272736   -0.000122   -0.000046    0.002694    0.045286   -0.066327
 66   11.704193  -48.847980  -76.947678    0.646878    1.466537    0.283828
 67   42.375092    0.000046    0.000000    0.130332    0.082910   -0.234890
 68   42.546112    0.000061   -0.000031    0.072087    0.054483   -0.285484
 69   42.234436    0.000061    0.000000    0.019516    0.015800   -0.296728
 70   42.465027    0.000031    0.000000   -0.007163    0.034198   -0.139874
 71   42.458130    0.000092   -0.000031   -0.007539    0.078438   -0.049246
 72   42.267944   -0.000092    0.000031   -0.023011    0.087158   -0.085559
 73   42.505981    0.000092   -0.000061   -0.050946    0.106357   -0.127873
 74   42.233093    0.000000   -0.000061   -0.070969    0.121656   -0.134025
 75   42.352219    0.000000   -0.000031   -0.041413    0.078895   -0.076266
 76   42.391861    0.000000   -0.000031    0.001927    0.004357   -0.003826
 77   42.497589    0.000061   -0.000031    0.029737   -0.061948    0.055775
 78   42.272614    0.000061    0.000000    0.028631   -0.062619    0.060230
 79   15.454254  -86.296700    5.927608    0.037357    0.283361   -1.798478
 80   42.375092    0.000031    0.000008    0.010968   -0.109492   -0.033713
 81   42.546074    0.000000    0.000015    0.003163   -0.144212   -0.012209
 82   42.234535   -0.000031   -0.000023    0.002132   -0.132030   -0.058824
 83   42.465103    0.000031    0.000008   -0.015552   -0.005836   -0.166437
 84   42.458069    0.000000   -0.000015   -0.007700   -0.015867   -0.084362
 85   42.267944    0.000061   -0.000027   -0.007321    0.008063   -0.070877
 86   42.505951    0.000000    0.000004   -0.014099    0.045614   -0.150991
 87   42.233063    0.000000   -0.000008   -0.010125    0.062671   -0.251727
 88   42.352310   -0.000031    0.000004    0.003460    0.029557   -0.113260
 89   42.391800    0.000000   -0.000011    0.005907    0.022782   -0.090804
 90   42.497574   -0.000031   -0.000015    0.004769    0.012877   -0.052834
 91   42.272476   -0.000031    0.000008    0.001279    0.002845   -0.011939
time 9
  0    0.000000    0.000000    0.000000    0.000000   -0.000000    0.000000
  1    0.000000    0.000000    0.000000    0.000000   -0.000000    0.000000
  2   -3.758828  -74.849907  440.052063    2.385009   -1.138376   -0.816841
  3   50.309235   -0.435486    0.000000    0.000577   -0.066670    0.014383
  4   30.891541   -0.000015    0.000015   -0.000825   -0.047031   -0.013648
  5   34.635590    0.000015    0.000023   -0.000894   -0.099352    0.000377
  6   30.584290    0.000015    0.000000   -0.000909   -0.236067    0.000249
  7   31.520203    0.000000   -0.000031   -0.000923   -0.252047    0.000034
  8   34.241211  -28.000046  -41.877991    0.950122   -0.365833    0.165168
  9   34.241150   23.441788  -41.878143   -0.940368   -0.365753   -0.140220
 10   35.246704  -52.543106    1.319122   -0.038602   -0.194997    0.276433
 11   35.246521   52.726288    1.318939    0.043644   -0.192002   -0.251911
 12   34.830048  -24.891922   45.588562   -0.982225   -0.000081    0.146117
 13   34.885803   27.636566   43.767792    0.995977    0.001739   -0.116785
 14    0.382507  -43.007721   85.715118    0.748765   -0.823124   -1.539192
 15   42.375076   -0.000031    0.000000   -0.076922   -0.073542   -0.060468
 16   42.546066    0.000031    0.000015   -0.024452   -0.087780   -0.084581
 17   42.234482    0.000000    0.000000   -0.003717   -0.108521   -0.075165
 18   42.465042    0.000092    0.000000    0.024038   -0.131098   -0.168919
 19   42.458069   -0.000092   -0.000031    0.058420   -0.153672   -0.321276
 20   42.267990    0.000000   -0.000015    0.050911   -0.136049   -0.238179
 21   42.505890    0.000061    0.000000    0.061257   -0.138977   -0.231237
 22   42.233185   -0.000031    0.000000    0.091217   -0.203726   -0.299648
 23   42.352295    0.000000    0.000008    0.024177   -0.094205   -0.122156
 24   42.391724   -0.000069    0.000011   -0.005808    0.019263   -0.005401
 25   42.497513    0.000061    0.000000    0.185843    1.011392    1.198018
 26   42.272831    0.000031   -0.000046   -0.138761    0.499076    1.175587
 27   -0.400513   42.873993   85.341446    0.078192   -0.957420    2.643246
 28   42.375061    0.000031    0.000031    0.043052    0.027405    0.032047
 29   42.546082   -0.000092    0.000061    0.036805    0.035502    0.038109
 30   42.234451    0.000000    0.000031    0.020846    0.012156    0.005650
 31   42.464996    0.000031    0.000031    0.040042    0.083934    0.084447
 32   42.458054    0.000031   -0.000061    0.153177    0.262049    0.275722
 33   42.267883    0.000000    0.000000    0.128269    0.223868    0.184428
 34   42.506012    0.000092    0.000000    0.110799    0.227939    0.137634
 35   42.233078    0.000053    0.000000    0.139014    0.319514    0.160310
 36   42.352234   -0.000076    0.000000    0.054905    0.162641    0.057388
 37   42.391708    0.000036    0.000008    0.006536    0.015792   -0.012249
 38   42.497635    0.000082    0.000023    0.551304   -0.842755   -1.263258
 39   42.272610    0.000092    0.000000    0.924606   -0.725464   -1.239737
 40   11.529327   84.717957    6.378716   -0.049897   -0.064391    2.848256
 41   42.375061    0.000000    0.000000   -0.001793   -0.005865   -0.061616
 42   42.546112    0.000000    0.000004   -0.004599   -0.007093   -0.077297
 43   42.234497    0.000000    0.000008   -0.014179   -0.004736   -0.169588
 44   42.465073    0.000031   -0.000004   -0.003336   -0.015297   -0.039144
 45   42.458054   -0.000031   -0.000011    0.018794   -0.039346    0.167326
 46   42.267929    0.000000    0.000008    0.012511   -0.024479    0.085685
 47   42.505920    0.000000    0.000008    0.021993    0.037641    0.139876
 48   42.233154    0.000000   -0.000008    0.020121    0.065396    0.183087
 49   42.352226    0.000000   -0.000004    0.007012    0.060012    0.189799
 50   42.391678   -0.000031    0.000000   -0.008868    0.087721    0.276006
 51   42.497635   -0.000031   -0.000008   -0.038545    0.086206    0.293243
 52   42.272736   -0.000015    0.000008   -0.042706    0.045661    0.188524
 53   13.089966   47.595001  -73.405319    0.682724    1.343151    2.841128
 54   42.375092    0.000000    0.000015   -0.110425   -0.147574    0.093428
 55   42.546082    0.000031   -0.000015   -0.087352   -0.170233    0.083231
 56   42.234543   -0.000031    0.000015   -0.055891   -0.210515    0.056093
 57   42.465012    0.000092    0.000015   -0.025983   -0.121722    0.055294
 58   42.458099    0.000031    0.000000   -0.027104   -0.034371    0.097478
 59   42.268005   -0.000061    0.000000   -0.024685   -0.043301    0.119646
 60   42.505936    0.000061    0.000000   -0.020248   -0.093885    0.149919
 61   42.233200   -0.000061    0.000000   -0.016383   -0.108453    0.169076
 62   42.352280   -0.000031   -0.000015   -0.018577   -0.080313    0.122663
 63   42.391708    0.000000   -0.000031   -0.012471   -0.029482    0.043283
 64   42.497559    0.000061    0.000031   -0.005416   -0.010870    0.015063
 65   42.272766    0.000000   -0.000015   -0.012025   -0.046051    0.064865
 66   12.231293  -49.064331  -77.381699    1.085126    1.430907    0.745806
 67   42.375122   -0.000015    0.000031    0.139644    0.083782   -0.243757
 68   42.546066    0.000000   -0.000031    0.078969    0.053659   -0.306978
 69   42.234467    0.000061   -0.000031    0.021586    0.010066   -0.326694
 70   42.464996    0.000000   -0.000031   -0.008396    0.028484   -0.151932
 71   42.458023    0.000061    0.000031   -0.009889    0.076086   -0.050983
 72   42.267883   -0.000031   -0.000031   -0.026257    0.090803   -0.081832
 73   42.505920    0.000031    0.000000   -0.060372    0.115700   -0.139419
 74   42.233078   -0.000061   -0.000061   -0.085674    0.136304   -0.148155
 75   42.352112   -0.000031   -0.000031   -0.056834    0.098221   -0.091288
 76   42.391739    0.000000    0.000061   -0.014812    0.034282   -0.028467
 77   42.497574    0.000000    0.000000   -0.007903    0.018354   -0.014661
 78   42.272644    0.000000   -0.000031   -0.036465    0.067131   -0.053290
 79   15.671326  -86.619308    5.861687    0.043695    0.101113   -1.888833
 80   42.375061    0.000000    0.000015    0.002885   -0.052322   -0.020669
 81   42.546036   -0.000031    0.000000    0.000552   -0.054500    0.002549
 82   42.234497    0.000000    0.000008    0.000312   -0.047526   -0.029731
 83   42.465027    0.000000   -0.000023   -0.005703   -0.025257   -0.124709
 84   42.458008    0.000061   -0.000031   -0.004745   -0.027909   -0.074862
 85   42.267944    0.000000   -0.000008   -0.007069    0.012200   -0.080538
 86   42.505936    0.000031    0.000008   -0.010691    0.076130   -0.145091
 87   42.233093    0.000061   -0.000046    0.002582    0.075494   -0.262916
 88   42.352287    0.000061    0.000008    0.033771   -0.015300   -0.340920
 89   42.391769    0.000031   -0.000023    0.019654   -0.006487   -0.211867
 90   42.497543    0.000031    0.000000    0.012094   -0.004843   -0.130695
 91   42.272430    0.000000    0.000038    0.003627   -0.001929   -0.039390
time 10
  0    0.000000    0.000000    0.000000    0.000000   -0.000000    0.000000
  1    0.000000    0.000000    0.000000    0.000000   -0.000000    0.000000
  2   -4.195121  -78.287567  457.492950    2.393787   -1.125906   -0.825070
  3   50.309204   -0.435486    0.000015   -0.000190   -0.067587    0.014653
  4   30.891541   -0.000015    0.000000   -0.001214   -0.047950   -0.013440
  5   34.635559   -0.000015    0.000000   -0.001306   -0.100271    0.000551
  6   30.584290    0.000015    0.000031   -0.001328   -0.209510    0.000363
  7   31.520142    0.000015    0.000000   -0.001348   -0.209566    0.000050
  8   34.241180  -28.000046  -41.877991    0.960893   -0.338152    0.167124
  9   34.241119   23.441818  -41.878113   -0.945481   -0.336937   -0.145342
 10   35.246704  -52.543106    1.319153   -0.023304   -0.160914    0.283356
 11   35.246552   52.726334    1.318939    0.033905   -0.155694   -0.260236
 12   34.830017  -24.891937   45.588623   -0.972610    0.045405    0.151998
 13   34.885773   27.636597   43.767822    0.993571    0.048516   -0.122043
 14    1.479034  -43.333206   86.041061    0.760769   -0.857205   -1.551285
 15   42.375061    0.000000   -0.000015   -0.085983   -0.047975   -0.047765
 16   42.546066    0.000092   -0.000031   -0.033569   -0.059484   -0.070614
 17   42.234451    0.000000    0.000031   -0.000724   -0.084345   -0.103186
 18   42.464981    0.000000   -0.000031    0.027131   -0.137243   -0.157141
 19   42.458084   -0.000061   -0.000015    0.035511   -0.138899   -0.227611
 20   42.267990    0.000000    0.000000    0.042570   -0.117881   -0.230755
 21   42.505997    0.000000    0.000000    0.043680   -0.106193   -0.178395
 22   42.233154   -0.000031    0.000000    0.072778   -0.143549   -0.251538
 23   42.352356    0.000000    0.000015    0.097025   -0.237667   -0.334441
 24   42.391815    0.000015   -0.000008    0.025899   -0.016844   -0.202034
 25   42.497498    0.000076   -0.000015    0.077077    0.116900   -0.383085
 26   42.272827    0.000015   -0.000031    0.262782    0.017321   -0.436188
 27    0.189758   43.123108   85.478348    0.118380   -0.988023    2.596887
 28   42.375046    0.000000   -0.000031    0.042488    0.026346    0.032797
 29   42.546066    0.000000    0.000031    0.037184    0.036508    0.041739
 30   42.234467    0.000061    0.000000    0.034337    0.050783    0.053488
 31   42.465027   -0.000031   -0.000031    0.035974    0.069601    0.065521
 32   42.458054    0.000000   -0.000031    0.090133    0.164566    0.162290
 33   42.267868   -0.000015    0.000000    0.126915    0.216083    0.197769
 34   42.505997    0.000076    0.000000    0.088138    0.173537    0.120055
 35   42.233093    0.000015   -0.000061    0.108466    0.243170    0.123115
 36   42.352264   -0.000130    0.000031    0.171177    0.376985    0.182990
 37   42.391724    0.000072    0.000015    0.034732    0.203868   -0.043837
 38   42.497635    0.000088    0.000023   -0.036948    0.258008   -0.275002
 39   42.272598    0.000145    0.000031   -0.149579    0.368081   -0.270759
 40   11.882019   85.156708    6.286346   -0.053823   -0.127771    2.895576
 41   42.375153    0.000061   -0.000031   -0.005968    0.008462   -0.064697
 42   42.546143    0.000000    0.000008   -0.009257    0.011470   -0.084025
 43   42.234451    0.000031   -0.000011   -0.022314    0.031162   -0.191895
 44   42.465012   -0.000031   -0.000015   -0.006744    0.008981   -0.076359
 45   42.458038    0.000000    0.000000    0.016705   -0.062127    0.196764
 46   42.267914    0.000000    0.000000    0.013084   -0.033718    0.092973
 47   42.505890    0.000000    0.000011    0.018706    0.041466    0.117143
 48   42.233139    0.000000   -0.000008    0.016219    0.105499    0.148099
 49   42.352242   -0.000031    0.000004   -0.000634    0.077090    0.262402
 50   42.391678    0.000000    0.000008   -0.036109    0.039251    0.387088
 51   42.497620   -0.000031   -0.000008   -0.037126    0.026693    0.260199
 52   42.272690   -0.000046    0.000000   -0.027209    0.010183    0.154471
 53   13.411621   47.656982  -73.763519    0.833150    1.365047    2.991115
 54   42.375099    0.000000   -0.000008   -0.125024   -0.168304    0.102743
 55   42.546062    0.000061    0.000015   -0.094261   -0.191003    0.085402
 56   42.234512   -0.000031    0.000015   -0.055453   -0.220346    0.050747
 57   42.465004    0.000000    0.000031   -0.024811   -0.114540    0.052331
 58   42.458084    0.000092    0.000000   -0.026732   -0.029284    0.096887
 59   42.267990   -0.000092    0.000000   -0.024781   -0.044277    0.118175
 60   42.505936    0.000122   -0.000031   -0.018654   -0.088956    0.141156
 61   42.233170   -0.000092    0.000000   -0.016371   -0.109100    0.169481
 62   42.352280   -0.000031    0.000000   -0.021690   -0.090990    0.138647
 63   42.391754    0.000061    0.000000   -0.016782   -0.048567    0.070790
 64   42.497620    0.000061   -0.000046   -0.012910   -0.046662    0.065596
 65   42.272781   -0.000061   -0.000046   -0.016238   -0.064111    0.088403
 66   12.877625  -49.329575  -77.913971    1.274459    1.393238    0.946614
 67   42.375061   -0.000015   -0.000031    0.152721    0.090074   -0.271513
 68   42.546112    0.000031    0.000000    0.081871    0.049423   -0.338656
 69   42.234451    0.000092    0.000000    0.020393    0.001654   -0.329588
 70   42.465057    0.000000    0.000061   -0.008050    0.026594   -0.140628
 71   42.458145    0.000031    0.000000   -0.010135    0.076427   -0.046460
 72   42.267899    0.000000   -0.000031   -0.026722    0.089201   -0.081713
 73   42.506012    0.000031   -0.000031   -0.057573    0.109210   -0.131571
 74   42.233185    0.000031   -0.000031   -0.087907    0.137359   -0.150000
 75   42.352188   -0.000061    0.000000   -0.069011    0.114517   -0.106649
 76   42.391769    0.000061    0.000031   -0.032196    0.062637   -0.051021
 77   42.497650    0.000061    0.000000   -0.037069    0.067535   -0.051629
 78   42.272720   -0.000015    0.000000   -0.050822    0.089971   -0.064024
 79   15.941559  -87.020958    5.779587    0.046893    0.001391   -1.932048
 80   42.375046    0.000000   -0.000008    0.000709   -0.005028    0.001145
 81   42.546021   -0.000031    0.000008    0.000844    0.004265    0.031055
 82   42.234573    0.000000   -0.000023    0.000543   -0.009373   -0.016410
 83   42.465042    0.000000    0.000000   -0.000525   -0.054794   -0.140430
 84   42.458115   -0.000031    0.000000   -0.004631   -0.048858   -0.090516
 85   42.267868   -0.000031   -0.000031   -0.010230    0.019421   -0.108500
 86   42.505920   -0.000031    0.000008   -0.011156    0.089400   -0.157020
 87   42.233032   -0.000031   -0.000015    0.006062    0.061939   -0.234652
 88   42.352287    0.000000    0.000023    0.040092    0.005127   -0.391285
 89   42.391769    0.000031    0.000008    0.033544    0.000592   -0.283102
 90   42.497589   -0.000061    0.000000    0.022549   -0.003705   -0.177700
 91   42.272476   -0.000015    0.000046    0.007003   -0.002354   -0.054495
time 11
  0    0.000000    0.000000    0.000000    0.000000   -0.000000    0.000000
  1    0.000000    0.000000    0.000000    0.000000   -0.000000    0.000000
  2   -3.993354  -77.505150  455.027252    2.401261   -1.150711   -0.831619
  3   50.309204   -0.435486    0.000008   -0.001016   -0.068955    0.014945
  4   30.891602   -0.000008    0.000008   -0.001633   -0.049321   -0.013216
  5   34.635620    0.000000    0.000000   -0.001751   -0.101642    0.000739
  6   30.584290    0.000015    0.000000   -0.001781   -0.183675    0.000487
  7   31.520203    0.000015   -0.000031   -0.001808   -0.167656    0.000068
  8   34.241211  -28.000031  -41.877960    0.973008   -0.308436    0.169438
  9   34.241150   23.441803  -41.878082   -0.951257   -0.305853   -0.151263
 10   35.246704  -52.543098    1.319153   -0.006100   -0.122584    0.291396
 11   35.246582   52.726318    1.318939    0.022953   -0.114861   -0.269885
 12   34.830017  -24.891937   45.588623   -0.961796    0.096560    0.158772
 13   34.885803   27.636581   43.767822    0.990799    0.101122   -0.128137
 14    2.754028  -43.711662   86.420067    0.895095   -0.849698   -1.686892
 15   42.375107    0.000000    0.000000   -0.091083   -0.036761   -0.030170
 16   42.546066    0.000031   -0.000015   -0.040527   -0.046323   -0.045740
 17   42.234421    0.000000    0.000000   -0.009649   -0.070763   -0.071787
 18   42.465042    0.000000    0.000031    0.017434   -0.122998   -0.129162
 19   42.458084   -0.000122    0.000000    0.005085   -0.077155   -0.124130
 20   42.267944    0.000000   -0.000031    0.001011   -0.043249   -0.067485
 21   42.505814   -0.000061    0.000000    0.043424   -0.098511   -0.199184
 22   42.233162    0.000000    0.000015    0.201101   -0.310862   -0.575412
 23   42.352295    0.000076   -0.000061    0.113875   -0.157215   -0.420200
 24   42.391724   -0.000015    0.000000    0.071811   -0.022483   -0.287238
 25   42.497498    0.000034   -0.000015    0.076886   -0.060837   -0.190404
 26   42.272766    0.000084   -0.000008    0.030940   -0.029477   -0.073361
 27    0.887634   43.417648   85.640221    0.049782   -0.937567    2.670025
 28   42.375061    0.000031   -0.000031    0.039500    0.013488    0.014931
 29   42.546066    0.000031    0.000000    0.031928    0.018807    0.019239
 30   42.234528    0.000092    0.000031    0.025134    0.025564    0.022809
 31   42.464996   -0.000031    0.000000    0.023822    0.043714    0.034369
 32   42.458069    0.000031   -0.000092    0.053109    0.100571    0.111549
 33   42.267883    0.000000    0.000031    0.039597    0.067435    0.084383
 34   42.505997    0.000061    0.000000    0.066315    0.150672    0.122441
 35   42.233063    0.000015   -0.000031    0.295633    0.478443    0.394388
 36   42.352234   -0.000069   -0.000031    0.151617    0.471962    0.131953
 37   42.391693    0.000118    0.000000    0.010233    0.206462   -0.070881
 38   42.497620    0.000053   -0.000008   -0.002779    0.139381   -0.018160
 39   42.272644    0.000130    0.000023   -0.004578    0.075395   -0.009657
 40   12.299011   85.675446    6.177132   -0.048350   -0.119246    2.872564
 41   42.375061    0.000000    0.000008   -0.007192    0.013221   -0.076472
 42   42.546143    0.000000    0.000008   -0.010484    0.018540   -0.103133
 43   42.234467    0.000000   -0.000019   -0.024087    0.049269   -0.246486
 44   42.465050    0.000061   -0.000004   -0.002186    0.004994   -0.045936
 45   42.458038   -0.000031   -0.000008    0.011675   -0.081283    0.242830
 46   42.267929    0.000000    0.000000    0.012408   -0.027283    0.101729
 47   42.505905    0.000000    0.000008    0.016955    0.055393    0.123955
 48   42.233124    0.000031   -0.000008    0.011309    0.110516    0.150455
 49   42.352234    0.000031    0.000004   -0.015625    0.067773    0.356025
 50   42.391678   -0.000031   -0.000015   -0.043638    0.023044    0.353236
 51   42.497650    0.000000   -0.000008   -0.030901    0.012988    0.201988
 52   42.272736    0.000000    0.000008   -0.018401    0.003493    0.107844
 53   13.791779   47.730316  -74.186913    1.016062    1.341402   -3.076058
 54   42.375084    0.000061   -0.000015   -0.132873   -0.204719    0.089008
 55   42.546070    0.000000   -0.000015   -0.086572   -0.211564    0.056221
 56   42.234535   -0.000031   -0.000031   -0.043635   -0.203398    0.018858
 57   42.464981    0.000061   -0.000015   -0.021323   -0.087347    0.038860
 58   42.458054    0.000061    0.000000   -0.025570   -0.015102    0.087862
 59   42.267960   -0.000122    0.000031   -0.022736   -0.041571    0.095561
 60   42.505905    0.000061    0.000000   -0.015254   -0.083886    0.128538
 61   42.233231   -0.000031    0.000000   -0.011755   -0.103007    0.155344
 62   42.352310    0.000000    0.000000   -0.020238   -0.093012    0.138610
 63   42.391739   -0.000031    0.000000   -0.026153   -0.088768    0.127586
 64   42.497589    0.000031   -0.000015   -0.022131   -0.087480    0.120392
 65   42.272766    0.000031   -0.000031   -0.018670   -0.079259    0.105278
 66   13.629028  -49.637970  -78.532829    1.586203    1.399070    1.215823
 67   42.375061   -0.000031    0.000000    0.159968    0.079641   -0.328376
 68   42.546127    0.000061    0.000031    0.074591    0.016626   -0.357497
 69   42.234436    0.000031    0.000000    0.018631   -0.017235   -0.272107
 70   42.464996    0.000031    0.000000   -0.002796    0.023685   -0.099906
 71   42.458115    0.000031    0.000000   -0.004007    0.073327   -0.028798
 72   42.267914    0.000031   -0.000061   -0.017851    0.073279   -0.075124
 73   42.505875    0.000092    0.000000   -0.048608    0.101572   -0.124454
 74   42.233078    0.000031    0.000000   -0.072870    0.122929   -0.138619
 75   42.352203   -0.000061    0.000000   -0.066265    0.116842   -0.115591
 76   42.391769   -0.000031   -0.000031   -0.063155    0.116668   -0.102245
 77   42.497559    0.000000    0.000000   -0.064293    0.116223   -0.090623
 78   42.272659   -0.000061    0.000000   -0.056990    0.106668   -0.073393
 79   16.260925  -87.495781    5.682587    0.042424   -0.004975   -1.965695
 80   42.375061   -0.000031    0.000000    0.000769    0.010203    0.033063
 81   42.546036    0.000000   -0.000015    0.000416    0.024039    0.075659
 82   42.234520    0.000000   -0.000015    0.000611   -0.002251   -0.005536
 83   42.465027   -0.000031    0.000000    0.005254   -0.072601   -0.185950
 84   42.458130    0.000000   -0.000015   -0.003990   -0.049451   -0.108542
 85   42.267944   -0.000031    0.000023   -0.009615    0.025450   -0.119745
 86   42.505936    0.000000    0.000015   -0.008020    0.085416   -0.156274
 87   42.233032    0.000031    0.000000    0.011832    0.055372   -0.279511
 88   42.352287    0.000061    0.000031    0.043591    0.014315   -0.394019
 89   42.391754    0.000031   -0.000015    0.033562    0.006369   -0.251862
 90   42.497574    0.000061   -0.000061    0.021601   -0.000927   -0.148435
 91   42.272537   -0.000015    0.000008    0.006119   -0.001144   -0.041117
time 12
  0    0.000000    0.000000    0.000000    0.000000   -0.000000    0.000000
  1    0.000000    0.000000    0.000000    0.000000   -0.000000    0.000000
  2   -3.431527  -75.326469  448.108612    2.406141   -1.181219   -0.835851
  3   50.309204   -0.435486    0.000000   -0.001862   -0.070863    0.015243
  4   30.891541   -0.000008    0.000008   -0.002063   -0.051235   -0.012987
  5   34.635620    0.000023   -0.000031   -0.002207   -0.103555    0.000931
  6   30.584229    0.000023    0.000000   -0.002244   -0.159202    0.000614
  7   31.520264    0.000008    0.000000   -0.002278   -0.127501    0.000086
  8   34.241211  -28.000023  -41.878021    0.986081   -0.277424    0.172083
  9   34.241089   23.441788  -41.878113   -0.957523   -0.273296   -0.157858
 10   35.246704  -52.543083    1.319122    0.012465   -0.081220    0.300397
 11   35.246582   52.726318    1.318909    0.011134   -0.070796   -0.280669
 12   34.830017  -24.891922   45.588593   -0.950127    0.151765    0.166286
 13   34.885742   27.636597   43.767761    0.987724    0.157892   -0.134945
 14    4.183624  -44.136055   86.845062    1.098647   -0.810596   -1.902236
 15   42.375069   -0.000092    0.000061   -0.103666    0.000336    0.016299
 16   42.546051    0.000031    0.000015   -0.057249   -0.001889    0.022747
 17   42.234467   -0.000061    0.000000   -0.037029   -0.000306    0.054599
 18   42.464935    0.000031   -0.000031   -0.020258   -0.018688    0.035414
 19   42.458069   -0.000031   -0.000031   -0.022200    0.004625    0.018946
 20   42.267960    0.000031    0.000000   -0.007822   -0.022338   -0.030648
 21   42.505920    0.000092    0.000031    0.107877   -0.217097   -0.446601
 22   42.233139    0.000031    0.000000    0.184798   -0.318344   -0.565535
 23   42.352234    0.000000    0.000015    0.086279   -0.107773   -0.377185
 24   42.391724   -0.000122   -0.000015    0.114591   -0.098875   -0.363956
 25   42.497467    0.000046   -0.000015    0.089015   -0.101211   -0.214713
 26   42.272827    0.000046   -0.000076    0.037325   -0.052086   -0.090569
 27    1.684509   43.753960   85.825012   -0.050931   -0.839711    2.797096
 28   42.375015    0.000000    0.000000    0.031188   -0.022225   -0.032332
 29   42.546082    0.000031    0.000031    0.020549   -0.032714   -0.044593
 30   42.234436    0.000031   -0.000061    0.008380   -0.073189   -0.098742
 31   42.464996   -0.000092    0.000031    0.007089   -0.084706   -0.107655
 32   42.458069   -0.000061    0.000000    0.019687    0.014270    0.044990
 33   42.267838    0.000000    0.000000    0.011345   -0.000572    0.011629
 34   42.505997    0.000061    0.000000    0.094365    0.259699    0.287104
 35   42.233063   -0.000061    0.000000    0.286829    0.433123    0.502064
 36   42.352219   -0.000046    0.000000    0.188244    0.447159    0.203576
 37   42.391693    0.000092   -0.000031    0.065237    0.328842    0.051233
 38   42.497589    0.000046    0.000015    0.015401    0.157544    0.026586
 39   42.272614    0.000145    0.000000    0.004966    0.094135    0.014515
 40   12.775116   86.267662    6.052422   -0.041690   -0.107828    2.808681
 41   42.375122    0.000031    0.000000   -0.008283    0.018762   -0.090865
 42   42.546143    0.000061   -0.000015   -0.011121    0.027064   -0.126182
 43   42.234467    0.000031    0.000004   -0.020272    0.063139   -0.278919
 44   42.465088    0.000031    0.000008    0.000651   -0.009191    0.026077
 45   42.458084    0.000061    0.000008    0.004904   -0.084640    0.247140
 46   42.267975    0.000031    0.000004    0.010178   -0.017351    0.104105
 47   42.505905    0.000000    0.000004    0.013652    0.065225    0.129067
 48   42.233124    0.000000   -0.000004    0.006588    0.106827    0.186090
 49   42.352280    0.000031    0.000015   -0.035051    0.051521    0.432517
 50   42.391708    0.000031    0.000000   -0.040927    0.011963    0.292681
 51   42.497650   -0.000031    0.000008   -0.024809    0.004981    0.159059
 52   42.272766   -0.000031   -0.000008   -0.012859    0.000487    0.078384
 53   14.226044   47.813957  -74.670441    1.064353    1.194154   -2.920185
 54   42.375076    0.000000    0.000015   -0.098470   -0.223812    0.007259
 55   42.546051    0.000000    0.000015   -0.056729   -0.200009   -0.019741
 56   42.234528   -0.000031   -0.000031   -0.029176   -0.159743   -0.032267
 57   42.464996    0.000061    0.000015   -0.018557   -0.054582    0.013882
 58   42.458084    0.000061    0.000031   -0.023878    0.008385    0.057444
 59   42.267929   -0.000061   -0.000031   -0.018420   -0.021465    0.049226
 60   42.505936    0.000153    0.000000   -0.014137   -0.089270    0.133579
 61   42.233170   -0.000031    0.000000   -0.004274   -0.085139    0.125535
 62   42.352203    0.000031    0.000000   -0.022633   -0.109840    0.161970
 63   42.391678    0.000000   -0.000031   -0.051691   -0.171019    0.247010
 64   42.497528    0.000000    0.000031   -0.034514   -0.135872    0.182688
 65   42.272751    0.000092   -0.000015   -0.022309   -0.100829    0.128828
 66   14.471619  -49.983826  -79.226837   -0.419904    1.753267   -0.927248
 67   42.375092    0.000000    0.000000    0.132756   -0.012949   -0.370412
 68   42.546116    0.000000   -0.000031    0.060644   -0.061154   -0.313344
 69   42.234413    0.000000   -0.000031    0.021309   -0.044069   -0.178257
 70   42.464966   -0.000031    0.000000    0.005374    0.014867   -0.051103
 71   42.458130    0.000031    0.000000    0.008053    0.050962    0.004971
 72   42.267868   -0.000061    0.000000   -0.004353    0.046022   -0.054491
 73   42.505951    0.000061    0.000000   -0.044343    0.107621   -0.137892
 74   42.233124   -0.000092    0.000000   -0.048135    0.092226   -0.109389
 75   42.352203   -0.000031    0.000000   -0.080843    0.150466   -0.164668
 76   42.391815   -0.000061   -0.000031   -0.125673    0.215481   -0.207801
 77   42.497559    0.000000   -0.000031   -0.089576    0.166212   -0.128623
 78   42.272720   -0.000031    0.000061   -0.062767    0.128461   -0.083614
 79   16.625793  -88.038017    5.571793    0.036922   -0.003955   -1.947889
 80   42.375061    0.000061   -0.000015    0.000664    0.020752    0.048273
 81   42.545998   -0.000061    0.000000   -0.000873    0.036989    0.098823
 82   42.234543   -0.000031   -0.000008    0.001078   -0.000477   -0.014448
 83   42.465027   -0.000031    0.000015    0.011092   -0.077153   -0.207739
 84   42.458084    0.000061   -0.000015   -0.001975   -0.045167   -0.115592
 85   42.267960    0.000061   -0.000008   -0.007414    0.028001   -0.129051
 86   42.505920    0.000000    0.000015   -0.004310    0.075206   -0.165483
 87   42.233086    0.000000   -0.000015    0.019134    0.052497   -0.332160
 88   42.352295   -0.000031    0.000000    0.045716    0.020177   -0.379758
 89   42.391769   -0.000031    0.000000    0.032330    0.007064   -0.221136
 90   42.497543   -0.000015   -0.000031    0.019555   -0.000106   -0.124199
 91   42.272491    0.000015    0.000015    0.005084   -0.000647   -0.031639
time 13
  0    0.000000    0.000000    0.000000    0.000000   -0.000000    0.000000
  1    0.000000    0.000000    0.000000    0.000000   -0.000000    0.000000
  2   -2.574852  -72.004425  437.454590    2.409962   -1.216326   -0.839070
  3   50.309235   -0.435471    0.000000   -0.002689   -0.073404    0.015534
  4   30.891510   -0.000023    0.000023   -0.002482   -0.053781   -0.012763
  5   34.635559    0.000000    0.000008   -0.002652   -0.106101    0.001119
  6   30.584290    0.000015   -0.000015   -0.002697   -0.136734    0.000737
  7   31.520203    0.000008   -0.000031   -0.002737   -0.090281    0.000104
  8   34.241211  -28.000038  -41.877991    0.999729   -0.245856    0.175029
  9   34.241150   23.441795  -41.878113   -0.964108   -0.240063   -0.165004
 10   35.246704  -52.543091    1.319153    0.031848   -0.038035    0.310205
 11   35.246521   52.726311    1.318909   -0.001206   -0.024791   -0.292394
 12   34.830017  -24.891922   45.588593   -0.937944    0.209399    0.174391
 13   34.885742   27.636574   43.767822    0.984406    0.217161   -0.142347
 14    5.744293  -44.599224   87.308945    1.294573   -0.745273   -2.112179
 15   42.375107   -0.000031    0.000000   -0.121208    0.069399    0.090939
 16   42.546082    0.000061    0.000000   -0.076888    0.084587    0.144345
 17   42.234482    0.000000    0.000000   -0.048229    0.132881    0.272239
 18   42.464981    0.000031    0.000000   -0.019230   -0.004923    0.023747
 19   42.458099   -0.000061   -0.000015   -0.021487    0.003164    0.014215
 20   42.267944    0.000061   -0.000046   -0.005053   -0.042325   -0.071597
 21   42.506012    0.000031    0.000031    0.088659   -0.221253   -0.423912
 22   42.233170   -0.000031    0.000015    0.112254   -0.265750   -0.422764
 23   42.352280    0.000000    0.000000    0.048867   -0.116257   -0.273003
 24   42.391754    0.000000    0.000000    0.109453   -0.108719   -0.439895
 25   42.497528   -0.000031   -0.000031    0.143323   -0.151541   -0.360415
 26   42.272766    0.000099   -0.000046    0.086968   -0.117686   -0.201696
 27    2.571899   44.128403   86.030746   -0.111792   -0.745904    2.869337
 28   42.375092   -0.000061    0.000000    0.024313   -0.071059   -0.094459
 29   42.546143   -0.000031    0.000000    0.017249   -0.109862   -0.140536
 30   42.234451    0.000122    0.000000    0.044661   -0.233667   -0.306709
 31   42.465057   -0.000122    0.000000    0.022926   -0.086661   -0.095513
 32   42.458069   -0.000031    0.000046    0.016200    0.018932    0.042470
 33   42.267853   -0.000061    0.000031    0.010871    0.018726    0.029287
 34   42.506042    0.000031   -0.000031    0.050950    0.245643    0.292343
 35   42.233078   -0.000061    0.000031    0.132329    0.288134    0.390181
 36   42.352219   -0.000122    0.000031    0.143847    0.299377    0.246988
 37   42.391693    0.000061    0.000000    0.183744    0.459231    0.235612
 38   42.497650    0.000031    0.000000    0.061976    0.279033    0.099870
 39   42.272644    0.000153   -0.000031    0.020145    0.142311    0.045278
 40   13.305359   86.927094    5.913589   -0.034684   -0.095467    2.702017
 41   42.375061    0.000000   -0.000008   -0.009012    0.025989   -0.106154
 42   42.546173   -0.000061   -0.000023   -0.010636    0.037828   -0.150729
 43   42.234467   -0.000031    0.000004   -0.010738    0.065977   -0.259532
 44   42.465080    0.000000   -0.000015   -0.001926   -0.023250    0.099161
 45   42.458054   -0.000061    0.000000   -0.000410   -0.074760    0.218842
 46   42.267914   -0.000061   -0.000008    0.007087   -0.008737    0.104652
 47   42.505905    0.000000    0.000000    0.009451    0.067080    0.134975
 48   42.233078    0.000031   -0.000015   -0.000630    0.095870    0.249025
 49   42.352242    0.000031   -0.000011   -0.049710    0.038400    0.465812
 50   42.391678    0.000000   -0.000015   -0.035238    0.006984    0.238977
 51   42.497650    0.000031   -0.000023   -0.020483    0.001344    0.130269
 52   42.272736    0.000000   -0.000008   -0.009754   -0.000621    0.060732
 53   14.709656   47.907150  -75.208847    0.954688    0.982203   -2.877512
 54   42.375061   -0.000031    0.000000   -0.027778   -0.187404   -0.118199
 55   42.546082    0.000000    0.000000   -0.024508   -0.157068   -0.108139
 56   42.234528   -0.000031   -0.000015   -0.020246   -0.112628   -0.083100
 57   42.464989   -0.000031    0.000000   -0.017548   -0.024568   -0.016485
 58   42.458099    0.000031    0.000000   -0.023357    0.039920    0.007300
 59   42.267960   -0.000092    0.000000   -0.015404    0.012726   -0.009746
 60   42.505905    0.000092    0.000000   -0.013039   -0.097855    0.142692
 61   42.233185   -0.000031   -0.000031    0.002305   -0.065333    0.094122
 62   42.352264   -0.000031    0.000031   -0.026715   -0.135705    0.198104
 63   42.391769    0.000092    0.000031   -0.088720   -0.260218    0.381688
 64   42.497559    0.000061   -0.000031   -0.047274   -0.181559    0.239524
 65   42.272705    0.000031    0.000015   -0.024008   -0.115812    0.143210
 66   15.391510  -50.361336  -79.984322    0.383630    1.957414   -0.305300
 67   42.375095   -0.000061   -0.000031    0.081441   -0.175441   -0.319188
 68   42.546066    0.000061    0.000061    0.052519   -0.144459   -0.227056
 69   42.234398    0.000000   -0.000031    0.026352   -0.068217   -0.099484
 70   42.465027   -0.000031    0.000000    0.012948    0.000821   -0.006635
 71   42.458099    0.000000    0.000031    0.020169    0.003103    0.057009
 72   42.267868   -0.000061   -0.000031    0.005315    0.022312   -0.029151
 73   42.505981    0.000061   -0.000031   -0.035489    0.111681   -0.149297
 74   42.233154    0.000000    0.000031   -0.030416    0.069301   -0.087179
 75   42.352173    0.000061    0.000061   -0.104465    0.204887   -0.248858
 76   42.391861    0.000061   -0.000061   -0.186751    0.304267   -0.323264
 77   42.497482   -0.000031    0.000031   -0.102901    0.201827   -0.157637
 78   42.272644   -0.000031   -0.000031   -0.059280    0.135912   -0.087292
 79   17.032013  -88.641663    5.448433    0.031054   -0.001365   -1.882393
 80   42.375061    0.000000   -0.000015    0.000377    0.029186    0.045236
 81   42.546074   -0.000031    0.000019   -0.002094    0.043616    0.095373
 82   42.234497   -0.000031   -0.000011    0.002613   -0.000847   -0.034484
 83   42.465149    0.000000    0.000000    0.014535   -0.070235   -0.204064
 84   42.458038    0.000031    0.000011    0.000713   -0.039316   -0.115378
 85   42.267914    0.000061   -0.000027   -0.004027    0.025665   -0.135374
 86   42.505936    0.000000    0.000015   -0.000134    0.062295   -0.182459
 87   42.233170    0.000000   -0.000023    0.026293    0.052964   -0.380113
 88   42.352280    0.000031   -0.000015    0.046395    0.023847   -0.358862
 89   42.391785    0.000000   -0.000023    0.030648    0.006437   -0.195871
 90   42.497559    0.000046   -0.000031    0.017806    0.000192   -0.107432
 91   42.272507   -0.000046    0.000023    0.004465   -0.000425   -0.026496
time 14
  0    0.000000    0.000000    0.000000    0.000000   -0.000000    0.000000
  1    0.000000    0.000000    0.000000    0.000000   -0.000000    0.000000
  2   -1.488542  -67.791885  423.782715    2.414254   -1.254821   -0.842577
  3   50.309235   -0.435478    0.000000   -0.003455   -0.076665    0.015804
  4   30.891510   -0.000015    0.000000   -0.002871   -0.057050   -0.012555
  5   34.635590    0.000015    0.000000   -0.003065   -0.109371    0.001293
  6   30.584351    0.000015    0.000000   -0.003116   -0.116912    0.000852
  7   31.520203    0.000000   -0.000031   -0.003163   -0.057179    0.000120
  8   34.241211  -28.000038  -41.878036    1.013569   -0.214470    0.178249
  9   34.241150   23.441811  -41.878098   -0.970839   -0.206949   -0.172578
 10   35.246704  -52.543091    1.319138    0.051503    0.005756    0.320667
 11   35.246521   52.726318    1.318939   -0.013719    0.021860   -0.304870
 12   34.830017  -24.891922   45.588593   -0.925590    0.267842    0.182934
 13   34.885742   27.636589   43.767822    0.980907    0.277263   -0.150221
 14    7.411835  -45.094223   87.804558    1.425471   -0.698374   -2.252428
 15   42.375092   -0.000061   -0.000031   -0.131586    0.162495    0.179855
 16   42.546051    0.000000    0.000031   -0.075857    0.187286    0.280576
 17   42.234451    0.000000    0.000000   -0.037527    0.137189    0.257899
 18   42.465027   -0.000061    0.000015   -0.013805   -0.032377   -0.049651
 19   42.458099   -0.000031    0.000046   -0.019906   -0.006254   -0.013588
 20   42.267975    0.000000    0.000015    0.006732   -0.089433   -0.150686
 21   42.505920    0.000000    0.000000    0.079348   -0.237401   -0.376405
 22   42.233200    0.000000    0.000015    0.044413   -0.150651   -0.222206
 23   42.352310   -0.000031    0.000000    0.049359   -0.089446   -0.303262
 24   42.391754    0.000031    0.000031    0.136554   -0.126910   -0.469994
 25   42.497528    0.000031   -0.000031    0.136351   -0.144054   -0.321537
 26   42.272766    0.000092    0.000000    0.065028   -0.088414   -0.147322
 27    3.540894   44.537376   86.255432   -0.138855   -0.685738    2.875773
 28   42.375076    0.000031    0.000000    0.026577   -0.129088   -0.170214
 29   42.546112   -0.000031    0.000000    0.040225   -0.202532   -0.263281
 30   42.234467    0.000061    0.000000    0.082708   -0.261158   -0.337140
 31   42.465057   -0.000046    0.000031    0.014375   -0.004085    0.002002
 32   42.458099   -0.000031    0.000015    0.015061    0.030848    0.038759
 33   42.267853   -0.000031    0.000031    0.008846    0.072975    0.089193
 34   42.505951    0.000031   -0.000031    0.049929    0.246665    0.323167
 35   42.233017   -0.000031   -0.000061    0.046447    0.161310    0.224113
 36   42.352188   -0.000153    0.000000    0.103362    0.290744    0.222008
 37   42.391724    0.000122    0.000000    0.160661    0.471360    0.277866
 38   42.497650    0.000031    0.000000    0.050047    0.266830    0.128935
 39   42.272583    0.000122    0.000000    0.017836    0.150990    0.065889
 40   13.884369   87.647346    5.761978   -0.028100   -0.084522    2.546823
 41   42.375092    0.000000   -0.000008   -0.008766    0.035329   -0.113332
 42   42.546097   -0.000031    0.000019   -0.007997    0.048414   -0.158006
 43   42.234474    0.000000   -0.000019   -0.001482    0.057494   -0.188078
 44   42.465050    0.000000   -0.000008   -0.006274   -0.028386    0.135610
 45   42.458130    0.000000    0.000000   -0.003883   -0.059340    0.179709
 46   42.267929    0.000031    0.000011    0.003497   -0.003734    0.102307
 47   42.505920    0.000000    0.000008    0.004788    0.059126    0.142762
 48   42.233139   -0.000031   -0.000019   -0.009731    0.082075    0.313497
 49   42.352234    0.000031    0.000000   -0.055581    0.035288    0.467628
 50   42.391693   -0.000031    0.000000   -0.031565    0.005758    0.205928
 51   42.497620    0.000000    0.000000   -0.018218    0.000309    0.113278
 52   42.272705    0.000000    0.000008   -0.008360   -0.000798    0.051456
 53   15.237457   48.008858  -75.796761    0.822792    0.788989   -2.879276
 54   42.375107   -0.000031   -0.000015    0.024264   -0.113393   -0.213304
 55   42.546051    0.000000    0.000000   -0.004357   -0.104501   -0.177186
 56   42.234573   -0.000031   -0.000031   -0.016432   -0.073326   -0.123886
 57   42.465027    0.000000    0.000000   -0.017888    0.000103   -0.045034
 58   42.458084    0.000061   -0.000015   -0.025086    0.070338   -0.041813
 59   42.267967   -0.000092    0.000000   -0.015957    0.048046   -0.062495
 60   42.505981    0.000061   -0.000015   -0.009163   -0.092071    0.129128
 61   42.233154   -0.000061    0.000000    0.007123   -0.044353    0.061990
 62   42.352295   -0.000031    0.000000   -0.024020   -0.142395    0.202766
 63   42.391724   -0.000031    0.000000   -0.131256   -0.342195    0.511696
 64   42.497604    0.000031   -0.000061   -0.061376   -0.227433    0.296633
 65   42.272766   -0.000031   -0.000061   -0.023874   -0.123614    0.148989
 66   16.374359  -50.764732  -80.793808    0.676954    2.201160   -0.162430
 67   42.375092   -0.000031   -0.000015    0.032861   -0.310030   -0.202790
 68   42.546066    0.000000    0.000031    0.048074   -0.209531   -0.148787
 69   42.234428    0.000092    0.000000    0.030354   -0.090905   -0.049579
 70   42.465019   -0.000061    0.000000    0.018137   -0.018071    0.028632
 71   42.458099    0.000031    0.000000    0.023846   -0.045939    0.109210
 72   42.267914   -0.000031   -0.000015    0.010201   -0.000805    0.001058
 73   42.506012    0.000061    0.000000   -0.021439    0.101249   -0.137297
 74   42.233154    0.000000   -0.000031   -0.017398    0.047365   -0.062017
 75   42.352158    0.000031    0.000031   -0.104904    0.235500   -0.308212
 76   42.391846   -0.000031    0.000031   -0.243245    0.379803   -0.455003
 77   42.497482    0.000122    0.000000   -0.107726    0.224084   -0.185019
 78   42.272705    0.000061    0.000000   -0.052222    0.132875   -0.090052
 79   17.475525  -89.301025    5.313728    0.025462   -0.003599   -1.771472
 80   42.375076    0.000000    0.000000    0.000226    0.037826    0.016706
 81   42.546043    0.000000    0.000000   -0.001897    0.046175    0.062601
 82   42.234535    0.000031   -0.000008    0.004326    0.000728   -0.052165
 83   42.465065   -0.000031   -0.000015    0.015064   -0.056896   -0.180700
 84   42.458130    0.000000    0.000000    0.003293   -0.033558   -0.109184
 85   42.268005    0.000000    0.000000   -0.000171    0.019277   -0.136039
 86   42.505905    0.000000    0.000000    0.004175    0.047944   -0.198791
 87   42.233047    0.000031   -0.000011    0.031137    0.055903   -0.415456
 88   42.352295    0.000061   -0.000031    0.046721    0.028535   -0.345923
 89   42.391724    0.000000    0.000000    0.029512    0.006598   -0.178768
 90   42.497482    0.000000   -0.000008    0.017150    0.000691   -0.098848
 91   42.272552   -0.000015    0.000008    0.004481   -0.000261   -0.025452
time 15
  0    0.000000    0.000000    0.000000    0.000000   -0.000000    0.000000
  1    0.000000    0.000000    0.000000    0.000000   -0.000000    0.000000
  2   -0.237808  -62.941746  407.810852    2.420549   -1.295407   -0.847675
  3   50.309204   -0.435478    0.000004   -0.004120   -0.080738    0.016038
  4   30.891541   -0.000015   -0.000008   -0.003209   -0.061133   -0.012375
  5   34.635620   -0.000008    0.000000   -0.003423   -0.113453    0.001444
  6   30.584290    0.000008    0.000015   -0.003481   -0.100378    0.000951
  7   31.520142   -0.000008    0.000031   -0.003533   -0.029375    0.000134
  8   34.241211  -28.000031  -41.877991    1.027218   -0.184007    0.181715
  9   34.241089   23.441795  -41.878067   -0.977543   -0.174750   -0.180455
 10   35.246704  -52.543083    1.319183    0.070886    0.048941    0.331627
 11   35.246521   52.726311    1.318924   -0.026058    0.067864   -0.317906
 12   34.830017  -24.891930   45.588654   -0.913407    0.325476    0.191764
 13   34.885742   27.636574   43.767853    0.977289    0.336532   -0.158445
 14    9.162567  -45.613964   88.325104    1.462594   -0.734090   -2.285316
 15   42.375061    0.000000   -0.000031   -0.121561    0.225728    0.225627
 16   42.546082    0.000031    0.000000   -0.061675    0.219827    0.296935
 17   42.234528    0.000031    0.000000   -0.036070    0.102572    0.166435
 18   42.464996    0.000000    0.000031   -0.014617   -0.025402   -0.045554
 19   42.458069   -0.000061    0.000000   -0.021175    0.004540   -0.002325
 20   42.268005    0.000000    0.000046    0.020011   -0.134691   -0.208585
 21   42.505920    0.000031   -0.000015    0.046788   -0.204707   -0.252792
 22   42.233215   -0.000092   -0.000015    0.032938   -0.102448   -0.203609
 23   42.352249    0.000031    0.000061    0.071131   -0.089359   -0.377220
 24   42.391769   -0.000031    0.000031    0.107429   -0.115192   -0.342327
 25   42.497513    0.000031   -0.000061    0.087512   -0.101389   -0.220136
 26   42.272766    0.000031    0.000031    0.031813   -0.044922   -0.080024
 27    4.583008   44.977180   86.497177   -0.132989   -0.690928    2.806975
 28   42.375137    0.000000    0.000015    0.041717   -0.171867   -0.235577
 29   42.546112    0.000000    0.000000    0.070918   -0.239273   -0.319300
 30   42.234497    0.000092    0.000000    0.068767   -0.195919   -0.241389
 31   42.465057   -0.000076   -0.000015    0.012075    0.019368    0.021130
 32   42.458099   -0.000061    0.000015    0.017724    0.013856    0.006055
 33   42.267914   -0.000015   -0.000015    0.006533    0.115097    0.138445
 34   42.506042    0.000061   -0.000031    0.032031    0.198940    0.295361
 35   42.233124    0.000000   -0.000031    0.024705    0.146522    0.164862
 36   42.352203   -0.000092    0.000000    0.062290    0.310694    0.173004
 37   42.391724    0.000031    0.000000    0.054677    0.342036    0.180067
 38   42.497650    0.000153    0.000031    0.017341    0.233356    0.121753
 39   42.272675    0.000153    0.000000    0.002226    0.103192    0.052546
 40   14.507019   88.421837    5.598919   -0.022594   -0.077828    2.339499
 41   42.375092    0.000031   -0.000011   -0.006803    0.046366   -0.095442
 42   42.546112    0.000000   -0.000004   -0.004031    0.055542   -0.127550
 43   42.234436    0.000000    0.000008    0.002145    0.046685   -0.102042
 44   42.465057   -0.000031   -0.000023   -0.008624   -0.025221    0.133166
 45   42.458069    0.000000   -0.000004   -0.005956   -0.044895    0.142342
 46   42.267868    0.000000    0.000000    0.000073   -0.002506    0.096422
 47   42.505936    0.000031    0.000011    0.000024    0.043685    0.150082
 48   42.233093    0.000031   -0.000019   -0.016780    0.067805    0.349496
 49   42.352219   -0.000031   -0.000004   -0.055694    0.043788    0.468004
 50   42.391693    0.000092    0.000000   -0.030951    0.007289    0.193079
 51   42.497650   -0.000031   -0.000015   -0.017834    0.000926    0.105786
 52   42.272705    0.000092    0.000008   -0.008289   -0.000443    0.048639
 53   15.805298   48.118248  -76.429092    0.739189    0.685412   -2.903996
 54   42.375061    0.000031   -0.000015    0.039150   -0.064321   -0.256614
 55   42.546066    0.000000    0.000000   -0.000128   -0.070107   -0.208027
 56   42.234566   -0.000061    0.000000   -0.017352   -0.045516   -0.136065
 57   42.465012    0.000000    0.000000   -0.018767    0.019382   -0.059035
 58   42.458107    0.000061    0.000000   -0.026958    0.088442   -0.070177
 59   42.267990   -0.000122   -0.000031   -0.017118    0.061817   -0.081237
 60   42.505920    0.000092    0.000000   -0.002779   -0.053423    0.071298
 61   42.233185   -0.000122   -0.000015    0.011117    0.009094   -0.011312
 62   42.352264    0.000000    0.000000   -0.026146   -0.167322    0.230316
 63   42.391708    0.000000    0.000000   -0.197416   -0.437964    0.672999
 64   42.497604    0.000061   -0.000031   -0.057543   -0.230799    0.291009
 65   42.272675    0.000000   -0.000031   -0.018784   -0.110035    0.128952
 66   17.406158  -51.188305  -81.643677    0.781634    2.343469   -0.149422
 67   42.375122    0.000000   -0.000015    0.010742   -0.376792   -0.134064
 68   42.546082    0.000000    0.000031    0.047287   -0.237532   -0.109446
 69   42.234474   -0.000031   -0.000031    0.032161   -0.098729   -0.022432
 70   42.464989    0.000061    0.000000    0.020995   -0.032781    0.054207
 71   42.458145    0.000061    0.000000    0.023191   -0.070869    0.131072
 72   42.267960   -0.000031    0.000000    0.011621   -0.023003    0.030012
 73   42.506012    0.000000   -0.000031   -0.005693    0.050370   -0.067485
 74   42.233170    0.000000    0.000000   -0.007809    0.007608   -0.010117
 75   42.352142   -0.000061   -0.000015   -0.121586    0.298050   -0.412309
 76   42.391800   -0.000061    0.000000   -0.281079    0.433039   -0.564209
 77   42.497467   -0.000061    0.000031   -0.088845    0.206877   -0.179249
 78   42.272705    0.000046    0.000000   -0.038378    0.110281   -0.081508
 79   17.952606  -90.010139    5.168812    0.020730   -0.016994   -1.622495
 80   42.375076   -0.000031   -0.000031   -0.000603    0.049528   -0.041268
 81   42.546036    0.000000   -0.000008   -0.000155    0.049006    0.007528
 82   42.234535    0.000031    0.000000    0.005282    0.005642   -0.062033
 83   42.465149   -0.000031    0.000000    0.013405   -0.042255   -0.146719
 84   42.458099    0.000000   -0.000015    0.005048   -0.028418   -0.097812
 85   42.267960    0.000000   -0.000008    0.003085    0.010932   -0.126455
 86   42.505981    0.000031    0.000015    0.007783    0.033227   -0.207031
 87   42.233002    0.000000    0.000011    0.032490    0.057585   -0.432729
 88   42.352318    0.000092    0.000027    0.047273    0.038522   -0.350874
 89   42.391815    0.000031   -0.000008    0.029751    0.008480   -0.171692
 90   42.497620    0.000000   -0.000046    0.017960    0.001876   -0.098223
 91   42.272476    0.000000    0.000031    0.005199    0.000029   -0.027951
time 16
  0    0.000000    0.000000    0.000000    0.000000   -0.000000    0.000000
  1    0.000000    0.000000    0.000000    0.000000   -0.000000    0.000000
  2    1.112138  -57.706879  390.256317    2.430381   -1.336730   -0.855665
  3   50.309204   -0.435482    0.000004   -0.004646   -0.085713    0.016224
  4   30.891541   -0.000008    0.000004   -0.003476   -0.066120   -0.012232
  5   34.635590    0.000000    0.000000   -0.003706   -0.118440    0.001563
  6   30.584290    0.000023    0.000000   -0.003769   -0.087773    0.001030
  7   31.520233    0.000000    0.000000   -0.003825   -0.008053    0.000145
  8   34.241150  -28.000031  -41.877991    1.040291   -0.155207    0.185400
  9   34.241089   23.441799  -41.878082   -0.984048   -0.144262   -0.188511
 10   35.246643  -52.543079    1.319153    0.089451    0.090305    0.342932
 11   35.246521   52.726307    1.318909   -0.037878    0.111930   -0.331309
 12   34.830017  -24.891926   45.588638   -0.901738    0.380681    0.200731
 13   34.885742   27.636578   43.767853    0.973613    0.393303   -0.166899
 14   10.973083  -46.151329   88.863220    1.443424   -0.823888   -2.247639
 15   42.375031    0.000000    0.000031   -0.106222    0.230822    0.204854
 16   42.546066    0.000000    0.000015   -0.055128    0.207436    0.239672
 17   42.234406    0.000031    0.000015   -0.035097    0.099596    0.132171
 18   42.465027    0.000000    0.000000   -0.019398    0.012388    0.011456
 19   42.458069    0.000000    0.000000   -0.024700    0.052101    0.067176
 20   42.267914    0.000031    0.000015    0.018014   -0.141833   -0.207150
 21   42.505890    0.000000    0.000015    0.044497   -0.212169   -0.255259
 22   42.233246    0.000000    0.000031    0.030354   -0.104344   -0.200502
 23   42.352249    0.000031    0.000061    0.065483   -0.099604   -0.364745
 24   42.391724   -0.000061   -0.000031    0.095385   -0.120466   -0.326496
 25   42.497528   -0.000031    0.000031    0.078798   -0.102639   -0.214299
 26   42.272766    0.000092    0.000031    0.028657   -0.044807   -0.078626
 27    5.689850   45.444256   86.753830   -0.078139   -0.756602    2.656984
 28   42.375092    0.000031   -0.000015    0.055043   -0.163183   -0.233489
 29   42.546112    0.000000    0.000000    0.074092   -0.210910   -0.281827
 30   42.234497    0.000031    0.000000    0.061384   -0.165889   -0.200401
 31   42.465027   -0.000076    0.000031    0.017162   -0.008377   -0.014614
 32   42.458099    0.000000    0.000031    0.030359   -0.042777   -0.062841
 33   42.267914   -0.000031    0.000061    0.000909    0.107921    0.125551
 34   42.506012    0.000076    0.000015    0.019541    0.215583    0.307619
 35   42.233093    0.000031    0.000000    0.012056    0.144156    0.160680
 36   42.352264   -0.000122    0.000092    0.035409    0.278921    0.157288
 37   42.391724    0.000061   -0.000031    0.030966    0.305707    0.173837
 38   42.497650   -0.000031   -0.000031    0.007012    0.221064    0.131457
 39   42.272614    0.000122    0.000000   -0.001516    0.097223    0.057921
 40   15.168335   89.244446    5.425694   -0.018691   -0.078334    2.088445
 41   42.375061    0.000031    0.000000   -0.002665    0.058002   -0.040622
 42   42.546074   -0.000031   -0.000008   -0.001066    0.059956   -0.063008
 43   42.234482    0.000031   -0.000015    0.001395    0.041446   -0.032093
 44   42.465034    0.000000   -0.000008   -0.008731   -0.018277    0.110465
 45   42.458076    0.000000    0.000000   -0.006943   -0.034253    0.111608
 46   42.267899    0.000000   -0.000004   -0.002539   -0.003558    0.086254
 47   42.505890    0.000000    0.000015   -0.004272    0.026852    0.151739
 48   42.233154    0.000000   -0.000019   -0.019950    0.048338    0.342514
 49   42.352234    0.000061    0.000008   -0.052137    0.062398    0.482025
 50   42.391663    0.000031    0.000008   -0.033065    0.012701    0.197265
 51   42.497650    0.000061   -0.000023   -0.019175    0.003031    0.106117
 52   42.272736    0.000000    0.000000   -0.009446    0.000475    0.051229
 53   16.408295   48.234478  -77.100632    0.694037    0.667461   -2.949469
 54   42.375137   -0.000015    0.000015    0.030334   -0.061755   -0.258683
 55   42.546051    0.000031   -0.000015   -0.008800   -0.064830   -0.190480
 56   42.234512   -0.000061   -0.000015   -0.020884   -0.032236   -0.113089
 57   42.465019    0.000000    0.000015   -0.019200    0.030697   -0.056656
 58   42.458076    0.000000   -0.000015   -0.026591    0.085103   -0.068813
 59   42.267937   -0.000122   -0.000031   -0.016890    0.060077   -0.076690
 60   42.505905    0.000092    0.000000    0.000658    0.027217   -0.033753
 61   42.233154   -0.000031    0.000000    0.005808    0.104588   -0.131586
 62   42.352264   -0.000015    0.000031   -0.045457   -0.241864    0.323150
 63   42.391632    0.000000   -0.000031   -0.249493   -0.504159    0.777325
 64   42.497559    0.000031    0.000031   -0.041290   -0.199038    0.238956
 65   42.272766    0.000000    0.000031   -0.013644   -0.091910    0.104626
 66   18.473297  -51.626194  -82.522461    0.817840    2.388425   -0.166839
 67   42.375122    0.000031    0.000000    0.020821   -0.394679   -0.144938
 68   42.546112    0.000031    0.000031    0.051551   -0.219361   -0.106446
 69   42.234489    0.000061   -0.000031    0.032691   -0.086786   -0.011864
 70   42.465027    0.000031   -0.000015    0.022738   -0.037855    0.066161
 71   42.458092    0.000031   -0.000031    0.024505   -0.064917    0.113186
 72   42.267899   -0.000031   -0.000015    0.013167   -0.046512    0.059456
 73   42.505951    0.000031    0.000000    0.000664   -0.049525    0.065230
 74   42.233154    0.000000   -0.000031   -0.008248   -0.057118    0.075635
 75   42.352173   -0.000015    0.000015   -0.171582    0.397729   -0.580167
 76   42.391800    0.000031    0.000000   -0.266017    0.440151   -0.586119
 77   42.497543   -0.000031    0.000000   -0.063760    0.173091   -0.158471
 78   42.272690    0.000061   -0.000031   -0.024815    0.083144   -0.068034
 79   18.459259  -90.763176    5.014969    0.017366   -0.045467   -1.451149
 80   42.375069    0.000061   -0.000004   -0.005287    0.065664   -0.120231
 81   42.546066    0.000061    0.000008    0.001363    0.056336   -0.056838
 82   42.234528    0.000000    0.000008    0.005697    0.013293   -0.069665
 83   42.465027    0.000061    0.000023    0.010730   -0.029677   -0.111672
 84   42.458115    0.000000   -0.000011    0.005666   -0.024119   -0.083136
 85   42.267868    0.000000    0.000000    0.004782    0.003585   -0.107199
 86   42.505966    0.000061   -0.000004    0.009983    0.019858   -0.200923
 87   42.233002    0.000000   -0.000008    0.030717    0.050480   -0.423872
 88   42.352249    0.000000    0.000019    0.046730    0.057716   -0.377045
 89   42.391785    0.000000    0.000000    0.031611    0.013086   -0.174839
 90   42.497589    0.000000   -0.000046    0.019927    0.004290   -0.102481
 91   42.272537    0.000031    0.000023    0.007941    0.000862   -0.039791
time 17
  0    0.000000    0.000000    0.000000    0.000000   -0.000000    0.000000
  1    0.000000    0.000000    0.000000    0.000000   -0.000000    0.000000
  2    2.496083  -52.340164  371.836823    2.445279   -1.377408   -0.867849
  3   50.309235   -0.435482    0.000004   -0.004990   -0.091680    0.016345
  4   30.891571   -0.000011    0.000004   -0.003651   -0.072101   -0.012139
  5   34.635590    0.000004    0.000000   -0.003892   -0.124421    0.001642
  6   30.584290    0.000019    0.000015   -0.003957   -0.079740    0.001081
  7   31.520203    0.000004   -0.000015   -0.004016    0.005607    0.000153
  8   34.241150  -28.000038  -41.878006    1.052405   -0.128808    0.189274
  9   34.241089   23.441803  -41.878082   -0.990182   -0.116282   -0.196624
 10   35.246704  -52.543098    1.319168    0.106655    0.128635    0.354427
 11   35.246521   52.726318    1.318954   -0.048830    0.152763   -0.344888
 12   34.830017  -24.891937   45.588638   -0.890925    0.431836    0.209682
 13   34.885742   27.636589   43.767853    0.969941    0.445909   -0.175461
 14   12.819092  -46.699314   89.411987    1.445587   -0.891746   -2.232296
 15   42.375114    0.000031    0.000031   -0.094782    0.230122    0.181087
 16   42.546089    0.000031    0.000000   -0.049566    0.204501    0.202992
 17   42.234467    0.000031   -0.000015   -0.032898    0.115621    0.130358
 18   42.464935    0.000000    0.000031   -0.020985    0.042927    0.052365
 19   42.458099   -0.000076    0.000008   -0.022942    0.103016    0.133381
 20   42.267944    0.000000    0.000031    0.003973   -0.104631   -0.147072
 21   42.505920   -0.000031    0.000015    0.052039   -0.239447   -0.298469
 22   42.233215    0.000000    0.000046    0.026367   -0.116145   -0.179009
 23   42.352295    0.000031   -0.000031    0.046406   -0.103891   -0.316936
 24   42.391724    0.000031    0.000000    0.086012   -0.128813   -0.345071
 25   42.497498    0.000122    0.000031    0.079145   -0.114550   -0.237104
 26   42.272766    0.000000   -0.000031    0.035557   -0.059556   -0.104098
 27    6.852478   45.934940   87.023453   -0.007367   -0.803535    2.500576
 28   42.375092    0.000000    0.000000    0.064320   -0.149732   -0.214369
 29   42.546104   -0.000061    0.000061    0.073157   -0.186966   -0.241639
 30   42.234497    0.000031   -0.000015    0.060358   -0.161551   -0.187180
 31   42.465027   -0.000122    0.000015    0.024028   -0.040923   -0.052525
 32   42.458038   -0.000031    0.000015    0.044659   -0.087873   -0.117479
 33   42.267944   -0.000053    0.000000    0.004223    0.052331    0.057068
 34   42.506012    0.000031    0.000031    0.006862    0.252760    0.321854
 35   42.233063   -0.000061    0.000061    0.001242    0.140102    0.176311
 36   42.352173   -0.000122    0.000092    0.017548    0.230765    0.148043
 37   42.391708    0.000061    0.000000    0.020465    0.301237    0.181371
 38   42.497589    0.000061    0.000061    0.000766    0.228014    0.152243
 39   42.272614    0.000122    0.000000   -0.005315    0.120843    0.082385
 40   15.863068   90.108566    5.243778   -0.016778   -0.087550    1.819149
 41   42.375057    0.000000    0.000015    0.003814    0.068726    0.039027
 42   42.546127   -0.000031    0.000015    0.000499    0.064762    0.014171
 43   42.234459    0.000031   -0.000008   -0.000782    0.043544    0.019961
 44   42.465088   -0.000061    0.000000   -0.007897   -0.010486    0.086825
 45   42.458115    0.000031   -0.000008   -0.007196   -0.027917    0.088215
 46   42.267899    0.000031   -0.000011   -0.004027   -0.004985    0.073644
 47   42.505920    0.000000    0.000008   -0.007338    0.014709    0.142673
 48   42.233109   -0.000031   -0.000011   -0.020704    0.020081    0.302367
 49   42.352264    0.000000    0.000008   -0.044506    0.082473    0.495871
 50   42.391663    0.000031   -0.000008   -0.036580    0.025595    0.214773
 51   42.497620   -0.000031   -0.000008   -0.022057    0.007174    0.112562
 52   42.272720    0.000031    0.000008   -0.011877    0.002409    0.058304
 53   17.041748   48.356533  -77.806076    0.653581    0.679542   -3.012679
 54   42.375076    0.000015    0.000015    0.008668   -0.084350   -0.224706
 55   42.546112    0.000031    0.000015   -0.020895   -0.071932   -0.143321
 56   42.234558   -0.000031    0.000000   -0.023760   -0.028043   -0.079528
 57   42.465019    0.000092    0.000000   -0.019135    0.032434   -0.048219
 58   42.458084    0.000031   -0.000031   -0.025334    0.066906   -0.048260
 59   42.267975   -0.000061    0.000000   -0.016483    0.057204   -0.069016
 60   42.505890    0.000076    0.000000   -0.003891    0.111101   -0.131952
 61   42.233124   -0.000061    0.000000   -0.015402    0.218953   -0.267398
 62   42.352234   -0.000015    0.000023   -0.041876   -0.244382    0.309509
 63   42.391754   -0.000015    0.000015   -0.240911   -0.516438    0.759570
 64   42.497635    0.000061   -0.000031   -0.041717   -0.213146    0.249131
 65   42.272690    0.000031   -0.000031   -0.009753   -0.074397    0.082492
 66   19.561249  -52.072784  -83.418549    0.853574    2.415694   -0.174650
 67   42.375076    0.000000   -0.000015    0.045816   -0.378216   -0.180179
 68   42.546089   -0.000046    0.000031    0.054292   -0.183492   -0.107219
 69   42.234474    0.000061   -0.000015    0.032397   -0.071311   -0.010300
 70   42.464996    0.000000    0.000015    0.023183   -0.035132    0.060640
 71   42.458115    0.000092    0.000000    0.025172   -0.041433    0.079163
 72   42.267876   -0.000031    0.000015    0.015838   -0.064998    0.080647
 73   42.505997    0.000031    0.000000   -0.004289   -0.144508    0.188158
 74   42.233063    0.000000    0.000015   -0.024306   -0.155188    0.206490
 75   42.352112   -0.000046    0.000023   -0.137577    0.392592   -0.562544
 76   42.391800    0.000000    0.000000   -0.237652    0.437627   -0.612707
 77   42.497559    0.000061    0.000061   -0.060599    0.180026   -0.184955
 78   42.272659    0.000061    0.000031   -0.013915    0.057191   -0.053018
 79   18.991364  -91.554321    4.853310    0.015781   -0.088090   -1.278271
 80   42.375122    0.000000    0.000000   -0.017070    0.083614   -0.199347
 81   42.546082    0.000000    0.000015    0.000180    0.069300   -0.121280
 82   42.234451    0.000092    0.000000    0.006023    0.023661   -0.082683
 83   42.465057   -0.000031   -0.000015    0.008281   -0.020192   -0.084536
 84   42.458099    0.000031    0.000000    0.005419   -0.021283   -0.068435
 85   42.267960   -0.000061    0.000004    0.005018   -0.000810   -0.086376
 86   42.506012    0.000000    0.000015    0.010443    0.011040   -0.179337
 87   42.233139    0.000031   -0.000015    0.027497    0.028819   -0.384646
 88   42.352386    0.000061   -0.000011    0.041833    0.083339   -0.412998
 89   42.391678    0.000061   -0.000027    0.034211    0.023041   -0.185766
 90   42.497650    0.000031   -0.000023    0.021995    0.008388   -0.105962
 91   42.272491    0.000000    0.000015    0.010350    0.002709   -0.047771
time 18
  0    0.000000    0.000000    0.000000    0.000000   -0.000000    0.000000
  1    0.000000    0.000000    0.000000    0.000000   -0.000000    0.000000
  2    3.848817  -47.094482  353.269989    2.466778   -1.416068   -0.885531
  3   50.309235   -0.435478    0.000004   -0.005114   -0.098729    0.016389
  4   30.891571   -0.000010    0.000004   -0.003714   -0.079166   -0.012105
  5   34.635651    0.000010    0.000000   -0.003958   -0.131487    0.001670
  6   30.584290    0.000019   -0.000031   -0.004025   -0.076920    0.001100
  7   31.520203    0.000000   -0.000031   -0.004085    0.010423    0.000155
  8   34.241180  -28.000038  -41.877991    1.063177   -0.105551    0.193311
  9   34.241119   23.441803  -41.878113   -0.995772   -0.091604   -0.204668
 10   35.246735  -52.543091    1.319122    0.121952    0.162717    0.365959
 11   35.246552   52.726311    1.318939   -0.058569    0.189071   -0.358452
 12   34.830048  -24.891933   45.588593   -0.881310    0.477322    0.218467
 13   34.885773   27.636585   43.767807    0.966335    0.492686   -0.184011
 14   14.677124  -47.250793   89.964302    1.483683   -0.934050   -2.258966
 15   42.375076    0.000000    0.000000   -0.085249    0.231386    0.165015
 16   42.546082    0.000061    0.000000   -0.042548    0.214194    0.188106
 17   42.234451    0.000000    0.000000   -0.029037    0.140852    0.139232
 18   42.464996    0.000000    0.000015   -0.020506    0.060369    0.070383
 19   42.458130   -0.000092    0.000031   -0.018658    0.134372    0.169818
 20   42.267944    0.000084    0.000015   -0.010966   -0.023961   -0.033448
 21   42.505859    0.000015   -0.000015    0.058003   -0.255583   -0.336090
 22   42.233154    0.000000    0.000000    0.027872   -0.149507   -0.182061
 23   42.352234    0.000000    0.000000    0.024605   -0.103176   -0.234147
 24   42.391785   -0.000061    0.000000    0.065331   -0.130362   -0.350677
 25   42.497467   -0.000061    0.000000    0.078505   -0.131150   -0.272438
 26   42.272827    0.000000    0.000000    0.050429   -0.089695   -0.159105
 27    8.062653   46.445580   87.304085    0.052058   -0.827352    2.371026
 28   42.375061    0.000031   -0.000015    0.069747   -0.137993   -0.194557
 29   42.546059    0.000000    0.000000    0.072499   -0.171566   -0.214074
 30   42.234497    0.000000    0.000031    0.061822   -0.167928   -0.185484
 31   42.465027   -0.000031    0.000000    0.029931   -0.069821   -0.081890
 32   42.458130    0.000000    0.000000    0.047999   -0.100270   -0.132870
 33   42.267944   -0.000076    0.000015    0.023194   -0.039311   -0.044876
 34   42.506042    0.000046   -0.000015   -0.007443    0.257699    0.288506
 35   42.233093   -0.000031   -0.000015   -0.004986    0.169446    0.225895
 36   42.352234   -0.000122    0.000000    0.006733    0.173107    0.141067
 37   42.391663    0.000122    0.000061    0.014668    0.290731    0.180941
 38   42.497665    0.000031    0.000031   -0.002140    0.249371    0.179762
 39   42.272568    0.000214   -0.000031   -0.009275    0.170958    0.129189
 40   16.586151   91.007858    5.054443   -0.017117   -0.103592    1.565122
 41   42.375015    0.000000    0.000004    0.011959    0.076354    0.113477
 42   42.546158    0.000000    0.000000    0.002239    0.071092    0.084290
 43   42.234482   -0.000031   -0.000004   -0.002986    0.051816    0.064711
 44   42.465027   -0.000031    0.000000   -0.007564   -0.002411    0.074955
 45   42.458069    0.000000   -0.000004   -0.007281   -0.025643    0.073041
 46   42.267944   -0.000031    0.000004   -0.004745   -0.005940    0.063399
 47   42.505890    0.000000    0.000004   -0.008567    0.007705    0.121806
 48   42.233124    0.000061   -0.000008   -0.020986   -0.004798    0.262196
 49   42.352249    0.000000    0.000008   -0.036869    0.084251    0.479665
 50   42.391632    0.000000   -0.000015   -0.037356    0.050318    0.231803
 51   42.497635    0.000031   -0.000023   -0.025584    0.014355    0.120632
 52   42.272659   -0.000031   -0.000008   -0.015263    0.006212    0.067181
 53   17.701111   48.483582  -78.540260    0.608368    0.699189   -3.086867
 54   42.375061    0.000000    0.000015   -0.014721   -0.109863   -0.173662
 55   42.546082    0.000046    0.000031   -0.030317   -0.078461   -0.095311
 56   42.234528   -0.000015    0.000000   -0.025642   -0.026261   -0.051744
 57   42.465004    0.000061    0.000015   -0.019064    0.028753   -0.038371
 58   42.458038    0.000061   -0.000015   -0.024904    0.050002   -0.030219
 59   42.267960   -0.000107   -0.000031   -0.016130    0.043806   -0.049456
 60   42.505928    0.000092    0.000000   -0.006157    0.139244   -0.156400
 61   42.233154   -0.000031   -0.000031   -0.048695    0.329659   -0.394085
 62   42.352264   -0.000023    0.000000   -0.010205   -0.122121    0.142989
 63   42.391785    0.000061   -0.000008   -0.140628   -0.423404    0.549243
 64   42.497559    0.000031   -0.000061   -0.041357   -0.223862    0.256251
 65   42.272720    0.000000    0.000000   -0.007275   -0.060077    0.065360
 66   20.656494  -52.522202  -84.320419    0.899536    2.444538   -0.167986
 67   42.375076    0.000031    0.000000    0.066341   -0.348657   -0.201023
 68   42.546112   -0.000015    0.000046    0.054494   -0.152440   -0.101047
 69   42.234467    0.000092   -0.000031    0.031562   -0.058592   -0.011000
 70   42.464996   -0.000046    0.000000    0.022244   -0.029119    0.048578
 71   42.458069    0.000031    0.000000    0.023634   -0.019272    0.051070
 72   42.267998   -0.000092    0.000000    0.016794   -0.056563    0.068271
 73   42.505997   -0.000015    0.000031   -0.003539   -0.175996    0.224472
 74   42.233124    0.000000   -0.000015   -0.056170   -0.273896    0.372224
 75   42.352173   -0.000099   -0.000008   -0.043081    0.247349   -0.329703
 76   42.391785    0.000000   -0.000046   -0.134276    0.362861   -0.506473
 77   42.497543    0.000061    0.000031   -0.048205    0.174139   -0.208885
 78   42.272644   -0.000061    0.000031   -0.006132    0.037148   -0.041256
 79   19.545441  -92.377594    4.685093    0.016288   -0.139575   -1.123303
 80   42.375076   -0.000031    0.000008   -0.035040    0.098356   -0.258992
 81   42.546036   -0.000031    0.000008   -0.005491    0.085841   -0.178097
 82   42.234497    0.000000   -0.000004    0.006017    0.037527   -0.104184
 83   42.465027   -0.000031   -0.000004    0.006950   -0.012930   -0.071480
 84   42.458115    0.000061    0.000008    0.005003   -0.020853   -0.058313
 85   42.267975   -0.000031    0.000000    0.004613   -0.002900   -0.071001
 86   42.505875    0.000000    0.000023    0.009469    0.007726   -0.150946
 87   42.233154    0.000031   -0.000015    0.024096    0.001178   -0.331868
 88   42.352310    0.000000   -0.000008    0.032558    0.100617   -0.430251
 89   42.391632   -0.000092   -0.000008    0.034458    0.041604   -0.193869
 90   42.497589   -0.000031   -0.000031    0.024202    0.015049   -0.109864
 91   42.272446    0.000000    0.000015    0.013126    0.006211   -0.055565
time 19
  0    0.000000    0.000000    0.000000    0.000000   -0.000000    0.000000
  1    0.000000    0.000000    0.000000    0.000000   -0.000000    0.000000
  2    5.105126  -42.222713  335.273346    2.496410   -1.451371   -0.910011
  3   50.309235   -0.435476    0.000002   -0.005040   -0.108293    0.016355
  4   30.891541   -0.000010    0.000000   -0.003659   -0.088745   -0.012135
  5   34.635620    0.000008    0.000008   -0.003901   -0.141066    0.001646
  6   30.584290    0.000017    0.000000   -0.003966   -0.084181    0.001084
  7   31.520203    0.000000    0.000000   -0.004026    0.000906    0.000153
  8   34.241180  -28.000032  -41.878021    1.072223   -0.086174    0.197481
  9   34.241119   23.441797  -41.878113   -1.000645   -0.071024   -0.212520
 10   35.246674  -52.543083    1.319153    0.134798    0.191338    0.377372
 11   35.246490   52.726303    1.318939   -0.066747    0.219561   -0.371810
 12   34.829987  -24.891928   45.588608   -0.873235    0.515520    0.226935
 13   34.885712   27.636583   43.767838    0.962856    0.531967   -0.192425
 14   16.523193  -47.798771   90.513016    1.560568   -0.954937   -2.332963
 15   42.375092    0.000000    0.000031   -0.075424    0.237263    0.156400
 16   42.546082    0.000031    0.000015   -0.032735    0.235042    0.187614
 17   42.234497    0.000046    0.000000   -0.022996    0.174486    0.153574
 18   42.465027    0.000031    0.000008   -0.019532    0.075317    0.079851
 19   42.458038   -0.000061    0.000000   -0.018794    0.121800    0.151019
 20   42.267944    0.000046    0.000061   -0.013545    0.057778    0.070088
 21   42.505920    0.000046    0.000031    0.042341   -0.218903   -0.287639
 22   42.233246    0.000000    0.000008    0.039984   -0.208816   -0.240317
 23   42.352356    0.000061    0.000000    0.014785   -0.111038   -0.179882
 24   42.391754    0.000000    0.000061    0.036307   -0.122064   -0.294782
 25   42.497406    0.000031   -0.000031    0.067138   -0.142232   -0.293631
 26   42.272858    0.000000   -0.000061    0.060464   -0.121600   -0.216184
 27    9.311340   46.972599   87.593689    0.080682   -0.834016    2.287858
 28   42.375031   -0.000061   -0.000031    0.072806   -0.129794   -0.183092
 29   42.546074   -0.000031    0.000000    0.073323   -0.163556   -0.202647
 30   42.234451    0.000031    0.000000    0.065196   -0.178265   -0.192760
 31   42.465057   -0.000031    0.000000    0.033489   -0.089986   -0.099427
 32   42.458130    0.000031    0.000000    0.042031   -0.086337   -0.115761
 33   42.267883   -0.000015    0.000038    0.041987   -0.110363   -0.123936
 34   42.506042    0.000046    0.000031   -0.015389    0.191423    0.195089
 35   42.233032   -0.000076    0.000000   -0.005243    0.236166    0.293360
 36   42.352173   -0.000122    0.000061    0.001356    0.144762    0.149098
 37   42.391693    0.000061   -0.000031    0.009041    0.234533    0.162239
 38   42.497650    0.000000   -0.000061   -0.001127    0.267724    0.197464
 39   42.272614    0.000122    0.000000   -0.010688    0.204221    0.166249
 40   17.332367   91.935959    4.859041   -0.019858   -0.121779    1.353130
 41   42.375107    0.000000   -0.000008    0.019533    0.079608    0.160689
 42   42.546127    0.000000   -0.000004    0.005096    0.077598    0.135333
 43   42.234467    0.000000    0.000008   -0.004478    0.064024    0.105517
 44   42.465118   -0.000031   -0.000004   -0.008667    0.005784    0.079316
 45   42.458099    0.000000    0.000004   -0.008015   -0.025924    0.068655
 46   42.267975   -0.000061   -0.000008   -0.005655   -0.007164    0.061758
 47   42.505920    0.000000    0.000015   -0.008604    0.002701    0.100346
 48   42.233185    0.000061   -0.000004   -0.021783   -0.012769    0.240387
 49   42.352280    0.000000    0.000004   -0.035062    0.061031    0.437471
 50   42.391663    0.000000    0.000008   -0.030588    0.081698    0.214690
 51   42.497620    0.000000   -0.000008   -0.027087    0.024754    0.119292
 52   42.272751    0.000000    0.000008   -0.017932    0.012617    0.070784
 53   18.381592   48.614689  -79.297928    0.557990    0.705963    3.124272
 54   42.375092    0.000015    0.000000   -0.029865   -0.115367   -0.133589
 55   42.546097    0.000000    0.000000   -0.035092   -0.075962   -0.066510
 56   42.234550   -0.000046   -0.000031   -0.026719   -0.022655   -0.037126
 57   42.465042    0.000031    0.000000   -0.019191    0.026955   -0.031965
 58   42.458084   -0.000015   -0.000031   -0.025058    0.041320   -0.023080
 59   42.267982   -0.000061    0.000000   -0.016235    0.033824   -0.035975
 60   42.505890    0.000061   -0.000031   -0.003499    0.121851   -0.129033
 61   42.233154   -0.000076   -0.000031   -0.049304    0.347406   -0.394367
 62   42.352203   -0.000008    0.000023    0.000371    0.010154   -0.010811
 63   42.391724    0.000038    0.000031   -0.028612   -0.172710    0.194850
 64   42.497589    0.000031    0.000000   -0.009332   -0.077206    0.084107
 65   42.272766    0.000000    0.000000   -0.004187   -0.026756    0.028716
 66   21.744568  -52.968784  -85.216530    0.958987    2.488454   -0.148225
 67   42.375076    0.000046    0.000000    0.070634   -0.328554   -0.179372
 68   42.546112    0.000015    0.000031    0.053744   -0.140468   -0.085797
 69   42.234482   -0.000015    0.000000    0.031045   -0.053291   -0.009028
 70   42.464981    0.000000    0.000031    0.021026   -0.023903    0.040654
 71   42.458069    0.000000    0.000015    0.022324   -0.009769    0.037783
 72   42.267899   -0.000092    0.000015    0.015633   -0.042256    0.050594
 73   42.505913    0.000000    0.000031    0.001618   -0.145028    0.181743
 74   42.233109   -0.000015    0.000031   -0.060888   -0.311854    0.423841
 75   42.352142   -0.000092    0.000023   -0.004863    0.077393   -0.100236
 76   42.391785   -0.000031    0.000031   -0.012116    0.133604   -0.174130
 77   42.497498   -0.000031    0.000015   -0.004066    0.061447   -0.079271
 78   42.272797   -0.000015    0.000015    0.000433    0.017149   -0.022012
 79   20.117096  -93.227249    4.511454    0.019098   -0.193843   -0.998957
 80   42.375122   -0.000031   -0.000015   -0.054597    0.107367   -0.291574
 81   42.546021    0.000000   -0.000004   -0.015425    0.103087   -0.219970
 82   42.234512    0.000061   -0.000019    0.004819    0.054531   -0.130187
 83   42.465042    0.000000   -0.000008    0.006910   -0.006715   -0.073369
 84   42.458069    0.000000   -0.000015    0.005225   -0.023226   -0.058453
 85   42.267883    0.000031   -0.000004    0.004365   -0.003924   -0.065833
 86   42.506027    0.000031    0.000000    0.007900    0.005890   -0.125306
 87   42.233078    0.000000   -0.000023    0.021355   -0.015015   -0.298339
 88   42.352280   -0.000061   -0.000011    0.024328    0.098524   -0.406801
 89   42.391785   -0.000061   -0.000011    0.028415    0.066011   -0.175644
 90   42.497612   -0.000061   -0.000023    0.024376    0.024323   -0.105722
 91   42.272537   -0.000031    0.000019    0.014798    0.011744   -0.057702
time 20
  0    0.000000    0.000000    0.000000    0.000000   -0.000000    0.000000
  1    0.000000    0.000000    0.000000    0.000000   -0.000000    0.000000
  2    6.371589  -37.311581  316.064667    2.566382   -1.487197   -0.975738
  3   50.309235   -0.435477    0.000004   -0.004832   -0.121301    0.016262
  4   30.891571   -0.000010   -0.000004   -0.003507   -0.101762   -0.012216
  5   34.635590    0.000007    0.000008   -0.003739   -0.154083    0.001577
  6   30.584290    0.000017    0.000000   -0.003802   -0.104513    0.001039
  7   31.520203   -0.000001    0.000000   -0.003859   -0.025742    0.000147
  8   34.241211  -28.000044  -41.877975    1.079159   -0.071418    0.201758
  9   34.241150   23.441805  -41.878113   -1.004629   -0.055339   -0.220056
 10   35.246704  -52.543106    1.319153    0.144649    0.213285    0.388513
 11   35.246613   52.726326    1.318909   -0.073018    0.242940   -0.384769
 12   34.830078  -24.891930   45.588608   -0.867044    0.544809    0.234933
 13   34.885803   27.636591   43.767838    0.959566    0.562087   -0.200585
 14   18.333588  -48.336166   91.051147   -1.489539   -2.166919    0.715328
 15   42.375092    0.000000    0.000000   -0.062977    0.246662    0.147991
 16   42.546074    0.000031    0.000000   -0.020664    0.260564    0.185984
 17   42.234558    0.000015    0.000031   -0.016034    0.212561    0.163086
 18   42.464966    0.000031    0.000000   -0.019227    0.085900    0.079871
 19   42.458099   -0.000061    0.000076   -0.021822    0.087476    0.109319
 20   42.268005    0.000061   -0.000015   -0.011421    0.100536    0.118349
 21   42.505737    0.000015    0.000076    0.024168   -0.160736   -0.203708
 22   42.233154   -0.000031    0.000031    0.056873   -0.260316   -0.303249
 23   42.352234    0.000061    0.000046    0.014466   -0.131796   -0.170182
 24   42.391663    0.000031    0.000031    0.019759   -0.120822   -0.232980
 25   42.497528    0.000122    0.000000    0.048634   -0.146178   -0.277889
 26   42.272812    0.000244   -0.000031    0.049257   -0.132200   -0.219286
 27   10.590240   47.512314   87.890228    0.098130   -0.848817    2.219957
 28   42.375061    0.000000   -0.000031    0.073429   -0.122674   -0.178812
 29   42.546120   -0.000015    0.000015    0.072946   -0.155795   -0.199273
 30   42.234482    0.000092    0.000000    0.067349   -0.182130   -0.203173
 31   42.465088   -0.000061    0.000000    0.034506   -0.098412   -0.107046
 32   42.458099   -0.000038   -0.000015    0.034676   -0.064161   -0.086356
 33   42.267883   -0.000046   -0.000008    0.045766   -0.133069   -0.151109
 34   42.506073    0.000031    0.000000   -0.011431    0.111684    0.110272
 35   42.233154   -0.000092    0.000000   -0.000218    0.287927    0.331157
 36   42.352234   -0.000107    0.000000   -0.000509    0.149238    0.174392
 37   42.391785    0.000061    0.000000    0.006283    0.186697    0.150986
 38   42.497559    0.000000    0.000000   -0.000365    0.252170    0.193172
 39   42.272598    0.000061    0.000061   -0.009859    0.204026    0.177549
 40   18.096344   92.886467    4.658937   -0.022245   -0.148364    1.154435
 41   42.375076   -0.000031   -0.000004    0.027317    0.080243    0.186208
 42   42.546112    0.000061    0.000004    0.010541    0.085412    0.174871
 43   42.234451    0.000031    0.000000   -0.004285    0.081977    0.148684
 44   42.465057    0.000031    0.000000   -0.011305    0.015820    0.098989
 45   42.458069    0.000000   -0.000015   -0.010412   -0.027507    0.078660
 46   42.267929    0.000000   -0.000004   -0.007761   -0.009488    0.073411
 47   42.505890    0.000031    0.000000   -0.009002    0.000632    0.092309
 48   42.233109    0.000000   -0.000015   -0.022565   -0.010936    0.224547
 49   42.352295    0.000000   -0.000004   -0.037278    0.036373    0.404419
 50   42.391678    0.000000    0.000000   -0.017254    0.107547    0.134201
 51   42.497604    0.000000   -0.000008   -0.022630    0.037042    0.093502
 52   42.272736    0.000000   -0.000004   -0.016609    0.021458    0.058942
 53   19.078308   48.748955  -80.073883    0.500588    0.708766    3.045383
 54   42.375046   -0.000046    0.000000   -0.033667   -0.092256   -0.125274
 55   42.546082    0.000046    0.000000   -0.036298   -0.061744   -0.059696
 56   42.234566   -0.000061   -0.000015   -0.027296   -0.010666   -0.034278
 57   42.465012    0.000031    0.000000   -0.019515    0.036002   -0.032284
 58   42.458061    0.000015    0.000000   -0.025309    0.039707   -0.027808
 59   42.267960   -0.000137   -0.000061   -0.016548    0.040630   -0.041410
 60   42.505867    0.000046   -0.000031   -0.001739    0.100413   -0.101079
 61   42.233185   -0.000092   -0.000015   -0.004414    0.203990   -0.210194
 62   42.352295   -0.000015    0.000023   -0.002226    0.101150   -0.104037
 63   42.391693   -0.000008    0.000015   -0.007448    0.056286   -0.057700
 64   42.497681    0.000038    0.000031   -0.003665    0.047735   -0.048662
 65   42.272705   -0.000015    0.000015   -0.002688    0.015710   -0.015921
 66   22.811493  -53.406715  -86.095245    1.016151    2.533570   -0.132163
 67   42.375076    0.000015   -0.000015    0.057781   -0.338768   -0.117846
 68   42.546120   -0.000046    0.000046    0.052346   -0.151674   -0.060266
 69   42.234482    0.000061    0.000015    0.031069   -0.055101    0.001208
 70   42.465042   -0.000061    0.000000    0.020169   -0.019213    0.044024
 71   42.458138    0.000046    0.000031    0.022019   -0.017143    0.038172
 72   42.267929   -0.000061    0.000031    0.014482   -0.041643    0.050610
 73   42.505951    0.000076    0.000061    0.001836   -0.102417    0.129153
 74   42.233139   -0.000031    0.000031   -0.017687   -0.181119    0.235708
 75   42.352142   -0.000015    0.000023   -0.000446   -0.069339    0.089673
 76   42.391815    0.000000   -0.000008    0.004880   -0.051399    0.066715
 77   42.497498    0.000015    0.000015    0.002426   -0.036746    0.048293
 78   42.272705   -0.000046    0.000053    0.002067   -0.010459    0.013822
 79   20.702515  -94.097450    4.333666    0.021617   -0.248650   -0.888519
 80   42.375092    0.000031    0.000004   -0.073427    0.111318   -0.305726
 81   42.546021   -0.000031    0.000008   -0.029220    0.121282   -0.254313
 82   42.234528    0.000031   -0.000011    0.001949    0.076028   -0.160417
 83   42.465103    0.000031   -0.000008    0.008083   -0.000241   -0.088293
 84   42.458099    0.000031   -0.000008    0.006870   -0.027907   -0.073378
 85   42.267883    0.000031    0.000000    0.004903   -0.004650   -0.073893
 86   42.506012    0.000031    0.000008    0.006949    0.004433   -0.110918
 87   42.233124   -0.000061   -0.000015    0.020607   -0.016541   -0.293629
 88   42.352280    0.000000   -0.000008    0.020068    0.088430   -0.349357
 89   42.391647    0.000000   -0.000011    0.015753    0.086558   -0.106058
 90   42.497589    0.000000   -0.000027    0.019707    0.034614   -0.082003
 91   42.272552   -0.000061    0.000019    0.012996    0.018643   -0.046861
time 21
  0    0.000000    0.000000    0.000000    0.000000   -0.000000    0.000000
  1    0.000000    0.000000    0.000000    0.000000   -0.000000    0.000000
  2    7.764775  -31.909033  293.993774    2.705655   -1.525590   -1.113518
  3   50.309174   -0.435480    0.000002   -0.004512   -0.137089    0.016118
  4   30.891541   -0.000011   -0.000008   -0.003273   -0.117552   -0.012341
  5   34.635590    0.000007    0.000000   -0.003491   -0.169874    0.001473
  6   30.584320    0.000018   -0.000015   -0.003550   -0.135737    0.000970
  7   31.520203    0.000000   -0.000031   -0.003603   -0.066666    0.000137
  8   34.241211  -28.000034  -41.877960    1.083602   -0.062022    0.206114
  9   34.241150   23.441803  -41.878082   -1.007552   -0.045345   -0.227153
 10   35.246704  -52.543083    1.319138    0.150958    0.227342    0.399228
 11   35.246552   52.726318    1.318924   -0.077035    0.257916   -0.397138
 12   34.830048  -24.891922   45.588593   -0.863078    0.563570    0.242312
 13   34.885773   27.636589   43.767822    0.956526    0.581381   -0.208367
 14   20.084381  -48.855858   91.571587   -1.410576   -2.138676    0.630801
 15   42.375038   -0.000015    0.000000   -0.049921    0.253491    0.136888
 16   42.546082    0.000031   -0.000015   -0.008859    0.282401    0.178517
 17   42.234451    0.000046    0.000015   -0.009623    0.249092    0.166524
 18   42.464935    0.000061   -0.000023   -0.020051    0.083315    0.064906
 19   42.458008   -0.000099    0.000000   -0.023797    0.032494    0.050309
 20   42.268036    0.000046   -0.000015   -0.013324    0.083126    0.094526
 21   42.505859    0.000061   -0.000015    0.020655   -0.144972   -0.176376
 22   42.233154    0.000015   -0.000046    0.041858   -0.213687   -0.235784
 23   42.352203    0.000061    0.000000    0.014223   -0.129507   -0.160917
 24   42.391815   -0.000061   -0.000015    0.027171   -0.161001   -0.257687
 25   42.497559    0.000061    0.000000    0.042326   -0.165508   -0.258402
 26   42.272781    0.000061    0.000000    0.031859   -0.126423   -0.180967
 27   11.890747   48.061150   88.191780    0.113617   -0.876832    2.155589
 28   42.375069    0.000000   -0.000015    0.071196   -0.115246   -0.176948
 29   42.546082   -0.000031    0.000031    0.069763   -0.146491   -0.198023
 30   42.234467    0.000031    0.000000    0.067674   -0.182465   -0.218631
 31   42.465057   -0.000046    0.000000    0.032192   -0.092521   -0.103218
 32   42.458069   -0.000053    0.000015    0.026299   -0.025052   -0.037552
 33   42.267914   -0.000061    0.000008    0.033094   -0.098526   -0.115123
 34   42.505981    0.000000    0.000031   -0.007684    0.097568    0.098141
 35   42.233032   -0.000031    0.000046   -0.005884    0.234540    0.270052
 36   42.352142   -0.000122    0.000046   -0.002790    0.133478    0.153079
 37   42.391632    0.000061    0.000031    0.006286    0.207299    0.184549
 38   42.497620    0.000000   -0.000031   -0.000825    0.242575    0.215865
 39   42.272629    0.000092    0.000061   -0.009242    0.169826    0.164832
 40   18.873352   93.852959    4.455463   -0.022393   -0.196465    0.998066
 41   42.375046   -0.000046   -0.000006    0.039055    0.085052    0.202009
 42   42.546051    0.000000    0.000000    0.020699    0.099240    0.206663
 43   42.234467   -0.000031    0.000006   -0.000717    0.104752    0.187680
 44   42.465042    0.000000    0.000004   -0.013332    0.027111    0.118381
 45   42.458115    0.000031    0.000008   -0.012811   -0.027715    0.089950
 46   42.267883    0.000000    0.000004   -0.010497   -0.009247    0.090783
 47   42.505936   -0.000061    0.000015   -0.010070    0.000805    0.093563
 48   42.233109    0.000000   -0.000015   -0.023553   -0.013054    0.212866
 49   42.352264    0.000000    0.000011   -0.031842    0.031547    0.318283
 50   42.391678   -0.000061   -0.000004   -0.000722    0.140985    0.009982
 51   42.497650    0.000000   -0.000023   -0.012592    0.062522    0.045643
 52   42.272705   -0.000061    0.000000   -0.010259    0.037612    0.029839
 53   19.786896   48.885490  -80.862885    0.432527    0.721933    2.939804
 54   42.375092    0.000015    0.000000   -0.032307   -0.038513   -0.149145
 55   42.546097    0.000061    0.000000   -0.035969   -0.025219   -0.072777
 56   42.234482   -0.000031   -0.000015   -0.027677    0.005323   -0.032061
 57   42.464981    0.000061    0.000000   -0.019280    0.032080   -0.020036
 58   42.458061    0.000015    0.000031   -0.025224    0.030275   -0.026260
 59   42.267944   -0.000076    0.000000   -0.016539    0.019515   -0.019503
 60   42.505905    0.000122    0.000031   -0.000135   -0.020876    0.018732
 61   42.233139   -0.000076    0.000015    0.010501    0.071365   -0.069270
 62   42.352295   -0.000046    0.000031   -0.029011    0.265744   -0.269975
 63   42.391754    0.000031    0.000008   -0.014928    0.155629   -0.156794
 64   42.497650    0.000046    0.000023   -0.005397    0.095006   -0.094491
 65   42.272766   -0.000008    0.000015   -0.002520    0.027462   -0.027154
 66   23.843414  -53.830231  -86.945114    1.057018    2.553984   -0.128257
 67   42.375061    0.000031    0.000000    0.026983   -0.396978   -0.032467
 68   42.546104   -0.000015    0.000031    0.048528   -0.179813   -0.017463
 69   42.234444    0.000061    0.000000    0.030605   -0.048448    0.012466
 70   42.465027   -0.000015    0.000000    0.018424    0.000373    0.033398
 71   42.458122    0.000000    0.000000    0.020999   -0.018861    0.028766
 72   42.267929   -0.000076    0.000031    0.012711   -0.020468    0.025347
 73   42.505966    0.000076    0.000031   -0.001033    0.010233   -0.013067
 74   42.233154   -0.000015   -0.000015   -0.008763   -0.104196    0.133194
 75   42.352264   -0.000076    0.000015   -0.020608   -0.215027    0.280044
 76   42.391754   -0.000008   -0.000015   -0.000373   -0.118535    0.154400
 77   42.497559    0.000023    0.000004    0.001032   -0.067229    0.088662
 78   42.272644    0.000076    0.000019    0.002087   -0.016037    0.021273
 79   21.297729  -94.982231    4.152872    0.022021   -0.316664   -0.812118
 80   42.375153    0.000031   -0.000015   -0.099947    0.122597   -0.326403
 81   42.546021    0.000000    0.000000   -0.046825    0.147634   -0.285810
 82   42.234497    0.000000   -0.000004   -0.001581    0.096264   -0.179337
 83   42.465057    0.000031   -0.000008    0.009095    0.003851   -0.099632
 84   42.458115    0.000000    0.000008    0.008962   -0.029106   -0.091935
 85   42.267914    0.000031   -0.000015    0.006100   -0.002897   -0.087847
 86   42.505920    0.000122    0.000031    0.007398    0.004841   -0.109034
 87   42.233063    0.000000   -0.000004    0.022124   -0.021310   -0.292065
 88   42.352264    0.000000    0.000006    0.011837    0.099914   -0.208270
 89   42.391647   -0.000061   -0.000008    0.000715    0.112687   -0.007573
 90   42.497620    0.000122   -0.000015    0.011154    0.055847   -0.040644
 91   42.272614    0.000000    0.000015    0.007291    0.029271   -0.021837
time 22
  0    0.000000    0.000000    0.000000    0.000000   -0.000000    0.000000
  1    0.000000    0.000000    0.000000    0.000000   -0.000000    0.000000
  2    9.234461  -26.209833  269.976776    2.910876   -1.562495   -1.319201
  3   50.309174   -0.435479    0.000004   -0.004104   -0.154991    0.015934
  4   30.891541   -0.000011   -0.000004   -0.002974   -0.135453   -0.012500
  5   34.635590    0.000007    0.000015   -0.003174   -0.187774    0.001339
  6   30.584290    0.000017    0.000000   -0.003227   -0.175675    0.000882
  7   31.520172   -0.000001    0.000015   -0.003275   -0.119010    0.000124
  8   34.241180  -28.000029  -41.877991    1.085168   -0.058726    0.210519
  9   34.241089   23.441801  -41.878052   -1.009241   -0.041836   -0.233686
 10   35.246674  -52.543083    1.319153    0.153183    0.232298    0.409361
 11   35.246552   52.726307    1.318939   -0.078451    0.263195   -0.408727
 12   34.830017  -24.891924   45.588638   -0.861680    0.570184    0.248919
 13   34.885773   27.636585   43.767822    0.953798    0.588182   -0.215651
 14   21.751984  -49.350849   92.067276   -1.355130   -2.108274    0.563525
 15   42.375092   -0.000015    0.000031   -0.039862    0.254365    0.127284
 16   42.546066    0.000015    0.000000    0.001617    0.296777    0.172727
 17   42.234451    0.000000    0.000000   -0.002314    0.281371    0.174117
 18   42.464996   -0.000008    0.000031   -0.020659    0.068167    0.039842
 19   42.458008   -0.000031   -0.000015   -0.018897   -0.052578   -0.038628
 20   42.267944    0.000061   -0.000015   -0.012699   -0.008662   -0.011504
 21   42.505920    0.000008    0.000031    0.018562   -0.137979   -0.162538
 22   42.233093    0.000015   -0.000015    0.016603   -0.094951   -0.094530
 23   42.352264    0.000046    0.000031    0.015426   -0.122156   -0.166159
 24   42.391693   -0.000092    0.000015    0.036990   -0.187506   -0.281308
 25   42.497375    0.000000    0.000031    0.027766   -0.137452   -0.194034
 26   42.272858    0.000061    0.000000    0.018446   -0.098457   -0.133259
 27   13.203979   48.615341   88.496315    0.114632   -0.903514    2.117537
 28   42.375053    0.000000    0.000000    0.067328   -0.108260   -0.175267
 29   42.546074    0.000000   -0.000015    0.065425   -0.138445   -0.198359
 30   42.234421    0.000015   -0.000015    0.068647   -0.188381   -0.243255
 31   42.465088   -0.000099    0.000031    0.028598   -0.079746   -0.093588
 32   42.458130    0.000000    0.000008    0.020118    0.037480    0.036330
 33   42.267883   -0.000076    0.000000    0.014772    0.007318   -0.001159
 34   42.505981    0.000092    0.000046   -0.005582    0.122203    0.129719
 35   42.233063   -0.000046    0.000031   -0.014780    0.097935    0.126399
 36   42.352203   -0.000183    0.000000   -0.003801    0.119137    0.123109
 37   42.391724   -0.000031    0.000000    0.006694    0.237516    0.222052
 38   42.497620    0.000000    0.000000   -0.006386    0.190548    0.185874
 39   42.272659    0.000061   -0.000031   -0.009630    0.124950    0.128315
 40   19.658081   94.829010    4.249950   -0.021371   -0.266975    0.922600
 41   42.375031   -0.000015    0.000000    0.058740    0.101439    0.224225
 42   42.546066    0.000000   -0.000004    0.035131    0.125816    0.235121
 43   42.234467    0.000000   -0.000011    0.003729    0.126939    0.206034
 44   42.465057    0.000000   -0.000004   -0.013592    0.031243    0.119998
 45   42.458023    0.000061    0.000008   -0.014053   -0.027303    0.095453
 46   42.267868   -0.000061    0.000004   -0.012498   -0.003241    0.103554
 47   42.505890    0.000061    0.000011   -0.010997    0.001465    0.092684
 48   42.233154    0.000000    0.000000   -0.025713   -0.028209    0.210747
 49   42.352219    0.000000    0.000004   -0.012340    0.049571    0.130295
 50   42.391678    0.000000    0.000008    0.027569    0.179736   -0.178302
 51   42.497620    0.000031   -0.000015    0.025022    0.103329   -0.070679
 52   42.272675    0.000061    0.000015    0.019706    0.058428   -0.041742
 53   20.502411   49.023342  -81.659737    0.351661    0.750259    2.797865
 54   42.375114    0.000015    0.000000   -0.037171    0.041684   -0.189736
 55   42.546074    0.000061    0.000031   -0.037196    0.024310   -0.088965
 56   42.234535   -0.000031   -0.000031   -0.027812   -0.003085   -0.004932
 57   42.465004    0.000046    0.000015   -0.019772   -0.014313    0.026201
 58   42.458084    0.000031    0.000015   -0.025735   -0.011282    0.012621
 59   42.267975   -0.000092    0.000015   -0.019263   -0.051003    0.050398
 60   42.505920    0.000046    0.000015   -0.011349   -0.137685    0.132790
 61   42.233177   -0.000031    0.000000    0.008425    0.099867   -0.096154
 62   42.352249    0.000000    0.000000   -0.049469    0.330896   -0.343889
 63   42.391693    0.000053    0.000015   -0.021413    0.196633   -0.200288
 64   42.497589    0.000057    0.000023   -0.007844    0.123896   -0.124300
 65   42.272766    0.000038    0.000027   -0.002571    0.035915   -0.035768
 66   24.826416  -54.233646  -87.754608    1.076395    2.528190   -0.121033
 67   42.375076    0.000046   -0.000015   -0.024265   -0.501295    0.067300
 68   42.546112    0.000000    0.000015    0.045396   -0.188157    0.023334
 69   42.234451    0.000015   -0.000015    0.029184   -0.007494   -0.006098
 70   42.465004   -0.000061   -0.000015    0.015517    0.044031   -0.019445
 71   42.458099    0.000031   -0.000015    0.019660    0.011068   -0.013062
 72   42.267876   -0.000031    0.000015    0.009949    0.034456   -0.043131
 73   42.505905    0.000061    0.000015   -0.007942    0.086389   -0.110983
 74   42.233185    0.000015    0.000000   -0.020597   -0.167344    0.216385
 75   42.352234   -0.000031    0.000015   -0.033981   -0.252868    0.332920
 76   42.391785   -0.000008   -0.000015   -0.002893   -0.139575    0.181907
 77   42.497528    0.000053    0.000011    0.001344   -0.073583    0.097033
 78   42.272614    0.000038    0.000004    0.002304   -0.014022    0.018618
 79   21.898956  -95.875771    3.970266    0.021300   -0.408630   -0.774034
 80   42.375061    0.000015   -0.000008   -0.149241    0.153229   -0.379539
 81   42.546051    0.000031    0.000008   -0.066043    0.191356   -0.314715
 82   42.234512    0.000061    0.000000   -0.001734    0.103544   -0.170588
 83   42.465057    0.000031   -0.000015    0.009479   -0.000799   -0.097570
 84   42.458038    0.000000   -0.000015    0.010560   -0.022258   -0.107360
 85   42.267868   -0.000031   -0.000008    0.007405    0.001333   -0.095655
 86   42.506027    0.000061    0.000019    0.008789    0.000630   -0.109489
 87   42.233002   -0.000031   -0.000023    0.021946   -0.030642   -0.262831
 88   42.352219   -0.000031   -0.000004   -0.002826    0.132090    0.046215
 89   42.391769   -0.000031   -0.000004   -0.027635    0.144695    0.140216
 90   42.497498    0.000000    0.000000   -0.023677    0.091738    0.066055
 91   42.272400    0.000000    0.000015   -0.013784    0.039511    0.030000
time 23
  0    0.000000    0.000000    0.000000    0.000000   -0.000000    0.000000
  1    0.000000    0.000000    0.000000    0.000000   -0.000000    0.000000
  2   10.730422  -20.408731  244.929581    0.037125   -1.547727    1.552963
  3   50.309204   -0.435478    0.000004   -0.003628   -0.174343    0.015721
  4   30.891541   -0.000010    0.000004   -0.002626   -0.154800   -0.012686
  5   34.635590    0.000007    0.000000   -0.002804   -0.207121    0.001183
  6   30.584290    0.000018    0.000000   -0.002852   -0.222149    0.000779
  7   31.520203    0.000000    0.000000   -0.002894   -0.179919    0.000110
  8   34.241180  -28.000034  -41.877991    1.083475   -0.062754    0.216146
  9   34.241119   23.441807  -41.878052   -1.010096   -0.046569   -0.239869
 10   35.246735  -52.543095    1.319122    0.151589    0.231964    0.420364
 11   35.246582   52.726318    1.318939   -0.078394    0.261740   -0.420976
 12   34.830048  -24.891930   45.588608   -0.863209    0.570137    0.255245
 13   34.885803   27.636585   43.767822    0.951155    0.588079   -0.224342
 14   23.312592  -49.814087   92.531204   -1.326850   -2.066350    0.519614
 15   42.375061    0.000000    0.000000   -0.031775    0.253298    0.121584
 16   42.546051    0.000015   -0.000015    0.011599    0.305712    0.171199
 17   42.234467    0.000000    0.000000    0.005622    0.302723    0.183841
 18   42.464966    0.000000    0.000015   -0.020416    0.045291    0.008281
 19   42.458130   -0.000061   -0.000015    0.000675   -0.163118   -0.168769
 20   42.268005    0.000076    0.000046    0.010798   -0.157664   -0.197129
 21   42.505920    0.000031    0.000031    0.009902   -0.091905   -0.107967
 22   42.233185    0.000031    0.000000    0.013097   -0.058548   -0.063963
 23   42.352295    0.000061    0.000046    0.006784   -0.058095   -0.098272
 24   42.391754    0.000031    0.000000    0.005188   -0.061919   -0.119146
 25   42.497559    0.000031   -0.000061    0.007434   -0.051627   -0.090775
 26   42.272949    0.000183   -0.000031    0.007818   -0.045008   -0.078067
 27   14.521606   49.171463   88.801964    0.112321   -0.929543    2.102161
 28   42.375076   -0.000015    0.000000    0.062639   -0.101610   -0.172837
 29   42.546097    0.000000    0.000015    0.060818   -0.131301   -0.198776
 30   42.234467    0.000046   -0.000015    0.070378   -0.197276   -0.270942
 31   42.465057   -0.000031   -0.000008    0.025834   -0.066284   -0.083775
 32   42.458130    0.000031    0.000015    0.020532    0.116592    0.128651
 33   42.267975   -0.000015    0.000031    0.015264    0.182531    0.195257
 34   42.506104    0.000076    0.000000   -0.005336    0.119975    0.135264
 35   42.233185    0.000015    0.000000   -0.014268    0.049110    0.070184
 36   42.352264   -0.000122    0.000000   -0.004426    0.076690    0.071396
 37   42.391693    0.000031    0.000031   -0.000256    0.108127    0.082577
 38   42.497681    0.000000    0.000000   -0.005321    0.085566    0.070201
 39   42.272675    0.000092    0.000061   -0.006553    0.071424    0.060408
 40   20.445404   95.808319    4.043785   -0.019599   -0.351309    0.923700
 41   42.375076    0.000000    0.000000    0.085513    0.131011    0.248539
 42   42.546127    0.000015    0.000002    0.049955    0.165671    0.252253
 43   42.234482   -0.000031    0.000000    0.005316    0.143689    0.195617
 44   42.465073   -0.000031    0.000008   -0.013450    0.026210    0.111245
 45   42.458130   -0.000031    0.000000   -0.016301   -0.025163    0.109112
 46   42.267960   -0.000031    0.000000   -0.013830    0.003745    0.110708
 47   42.505890    0.000000    0.000000   -0.010300   -0.003470    0.079380
 48   42.233109   -0.000061   -0.000011   -0.026867   -0.044524    0.210627
 49   42.352234    0.000000   -0.000002    0.007908    0.073463   -0.093694
 50   42.391693    0.000000   -0.000004    0.063109    0.176674   -0.408255
 51   42.497681    0.000000   -0.000031    0.075269    0.085489   -0.230840
 52   42.272797   -0.000015    0.000000    0.053396    0.036692   -0.131270
 53   21.220337   49.161705  -82.459290    0.242395    0.789174    2.604601
 54   42.375099   -0.000031   -0.000031   -0.055504    0.137155   -0.229857
 55   42.546089    0.000031   -0.000015   -0.038783    0.055609   -0.083511
 56   42.234543   -0.000061   -0.000015   -0.030315   -0.041387    0.050897
 57   42.465019    0.000031    0.000000   -0.025450   -0.077094    0.091917
 58   42.458046    0.000031   -0.000015   -0.030653   -0.070198    0.078466
 59   42.267990   -0.000092   -0.000015   -0.028943   -0.122836    0.130039
 60   42.505936    0.000092   -0.000031   -0.011896   -0.128824    0.130990
 61   42.233215   -0.000076   -0.000015    0.008912    0.106777   -0.107795
 62   42.352280   -0.000015    0.000000   -0.045354    0.317479   -0.346318
 63   42.391663    0.000046   -0.000008   -0.025474    0.212395   -0.229613
 64   42.497559    0.000061    0.000023   -0.011792    0.149028   -0.158847
 65   42.272736    0.000004    0.000027   -0.003079    0.047096   -0.049684
 66   25.746094  -54.611153  -88.512161    1.069685    2.426558   -0.081286
 67   42.375092    0.000000    0.000000   -0.081247   -0.620365    0.157474
 68   42.546097   -0.000031    0.000046    0.049971   -0.135488    0.021791
 69   42.234467    0.000015   -0.000015    0.024822    0.064009   -0.062313
 70   42.464981   -0.000046    0.000000    0.011153    0.090759   -0.087234
 71   42.458138    0.000000   -0.000015    0.017386    0.056460   -0.068193
 72   42.267944   -0.000031    0.000031    0.004215    0.100485   -0.126824
 73   42.505959    0.000107    0.000000   -0.003264    0.060903   -0.078247
 74   42.233139    0.000031    0.000031   -0.034143   -0.208431    0.274209
 75   42.352173   -0.000031    0.000031   -0.033941   -0.243997    0.320756
 76   42.391815    0.000015    0.000000   -0.004609   -0.149106    0.193712
 77   42.497620   -0.000011    0.000008    0.001468   -0.075834    0.099546
 78   42.272766   -0.000072   -0.000019    0.002337   -0.011082    0.014654
 79   22.502167  -96.772339    3.787098    0.019787   -0.516151   -0.739974
 80   42.375076    0.000008    0.000015   -0.224577    0.198704   -0.457973
 81   42.546021    0.000015    0.000010   -0.081221    0.246152   -0.329992
 82   42.234512   -0.000031    0.000000    0.001175    0.096183   -0.145985
 83   42.465118   -0.000031    0.000000    0.010539   -0.010565   -0.097845
 84   42.458130    0.000031    0.000008    0.012262   -0.009876   -0.124254
 85   42.267868    0.000031   -0.000004    0.008406    0.002821   -0.093189
 86   42.505905    0.000000    0.000015    0.011198   -0.017185   -0.118322
 87   42.233124    0.000061   -0.000004    0.013428   -0.022445   -0.169515
 88   42.352371    0.000061    0.000000   -0.017293    0.143504    0.310733
 89   42.391663    0.000031   -0.000008   -0.064965    0.131756    0.332351
 90   42.497498    0.000046   -0.000031   -0.064910    0.066796    0.202176
 91   42.272522    0.000008    0.000015   -0.032932    0.021909    0.085964
time 24
  0    0.000000    0.000000    0.000000    0.000000   -0.000000    0.000000
  1    0.000000    0.000000    0.000000    0.000000   -0.000000    0.000000
  2   12.202440  -14.700489  219.768295    0.364224   -1.525930    1.223932
  3   50.309204   -0.435479    0.000004   -0.003108   -0.194481    0.015487
  4   30.891541   -0.000010    0.000000   -0.002245   -0.174930   -0.012889
  5   34.635620    0.000008    0.000000   -0.002400   -0.227251    0.001012
  6   30.584290    0.000017    0.000000   -0.002441   -0.272979    0.000667
  7   31.520203   -0.000002    0.000000   -0.002477   -0.246539    0.000094
  8   34.241180  -28.000032  -41.878021    1.078598   -0.074948    0.223801
  9   34.241119   23.441801  -41.878113   -1.010669   -0.060587   -0.246064
 10   35.246735  -52.543098    1.319092    0.146652    0.229627    0.433267
 11   35.246552   52.726318    1.318909   -0.078000    0.256451   -0.434924
 12   34.830048  -24.891928   45.588593   -0.867677    0.569803    0.261548
 13   34.885773   27.636585   43.767822    0.948480    0.587353   -0.235287
 14   24.742142  -50.238449   92.956161   -1.323810   -1.998758    0.506752
 15   42.375076   -0.000015   -0.000015   -0.023025    0.255198    0.118383
 16   42.546097    0.000061    0.000000    0.021663    0.312892    0.171471
 17   42.234528    0.000015    0.000038    0.011369    0.307199    0.186093
 18   42.465057    0.000000   -0.000015   -0.019454    0.018316   -0.029648
 19   42.458130   -0.000099    0.000031    0.041945   -0.275961   -0.339293
 20   42.267944    0.000000   -0.000008    0.051568   -0.259222   -0.363025
 21   42.505920    0.000031   -0.000031    0.007058   -0.060785   -0.080173
 22   42.233215   -0.000031   -0.000031    0.015584   -0.063011   -0.079749
 23   42.352386    0.000061   -0.000046   -0.001302    0.034024    0.027291
 24   42.391754   -0.000061   -0.000015   -0.009158    0.104974    0.103338
 25   42.497559   -0.000092   -0.000031   -0.007851    0.068668    0.066057
 26   42.272766    0.000153   -0.000015   -0.008014    0.062062    0.060453
 27   15.834946   49.725708   89.106514    0.137342   -0.959323    2.078440
 28   42.375103    0.000000   -0.000015    0.058158   -0.095276   -0.168247
 29   42.546082   -0.000031    0.000031    0.056688   -0.124324   -0.196331
 30   42.234451    0.000015    0.000015    0.072871   -0.205085   -0.293065
 31   42.465088   -0.000069    0.000008    0.024419   -0.054627   -0.074923
 32   42.458130    0.000015    0.000000    0.027973    0.202177    0.229212
 33   42.267914   -0.000061    0.000046    0.049978    0.343722    0.400442
 34   42.506042    0.000076    0.000031   -0.004784    0.111575    0.127851
 35   42.233063   -0.000031    0.000031   -0.014225    0.067023    0.087079
 36   42.352234   -0.000061    0.000031   -0.000306    0.005816   -0.002941
 37   42.391693    0.000061    0.000031    0.020579   -0.068502   -0.114282
 38   42.497589    0.000031   -0.000031    0.016811   -0.057392   -0.094700
 39   42.272675    0.000122    0.000000    0.014371   -0.045655   -0.075000
 40   21.230118   96.784401    3.838280   -0.017246   -0.431224    0.995491
 41   42.375076    0.000000    0.000004    0.107119    0.170146    0.254046
 42   42.546097    0.000000   -0.000003    0.055915    0.208346    0.237692
 43   42.234528    0.000061   -0.000004    0.003960    0.151062    0.163762
 44   42.465073    0.000000   -0.000015   -0.014403    0.013997    0.109967
 45   42.458054    0.000000    0.000000   -0.020034   -0.018036    0.136770
 46   42.267929    0.000000   -0.000011   -0.013859    0.004125    0.107352
 47   42.505920   -0.000061   -0.000011   -0.010682   -0.017374    0.079616
 48   42.233185   -0.000031   -0.000015   -0.022106   -0.041995    0.188163
 49   42.352203    0.000031   -0.000004    0.019253    0.078413   -0.261626
 50   42.391724   -0.000031    0.000000    0.079681    0.137375   -0.574082
 51   42.497681    0.000000    0.000000    0.070593    0.037423   -0.279497
 52   42.272705   -0.000015   -0.000015    0.045997    0.009730   -0.165373
 53   21.935898   49.299610  -83.256073    0.086351    0.814899    2.355609
 54   42.375084   -0.000015   -0.000015   -0.082551    0.222263   -0.234414
 55   42.546082    0.000015    0.000015   -0.039027    0.059522   -0.053632
 56   42.234528   -0.000015    0.000031   -0.036047   -0.080280    0.109955
 57   42.465012    0.000015   -0.000015   -0.036432   -0.130385    0.164298
 58   42.458076    0.000031    0.000000   -0.039977   -0.115630    0.142429
 59   42.267975   -0.000092    0.000031   -0.038091   -0.148290    0.171962
 60   42.505867    0.000107    0.000015   -0.009369   -0.092427    0.101102
 61   42.233192   -0.000031    0.000000    0.011818    0.098001   -0.106355
 62   42.352264    0.000076    0.000000   -0.032119    0.282006   -0.329585
 63   42.391754    0.000015    0.000000   -0.024242    0.205207   -0.242063
 64   42.497620    0.000038    0.000000   -0.014376    0.158399   -0.185322
 65   42.272766   -0.000040   -0.000021   -0.004338    0.064915   -0.075116
 66   26.588715  -54.957016  -89.206078    1.059108    2.225441    0.034098
 67   42.375084    0.000015    0.000000   -0.073180   -0.667351    0.143326
 68   42.546112   -0.000015    0.000000    0.053063   -0.040140   -0.019565
 69   42.234451    0.000031    0.000000    0.015433    0.135522   -0.130751
 70   42.465027    0.000000    0.000000    0.004469    0.133998   -0.148175
 71   42.458084    0.000015    0.000000    0.013486    0.094417   -0.114000
 72   42.267891   -0.000092    0.000015   -0.002693    0.143656   -0.181635
 73   42.505913    0.000122   -0.000015   -0.000487    0.009998   -0.012727
 74   42.233116    0.000031   -0.000031   -0.035435   -0.212830    0.279165
 75   42.352081   -0.000076    0.000031   -0.030515   -0.231198    0.301379
 76   42.391693   -0.000023    0.000000   -0.006630   -0.157609    0.203777
 77   42.497467    0.000019    0.000031    0.000595   -0.083139    0.108426
 78   42.272614    0.000008    0.000046    0.002304   -0.011939    0.015668
 79   23.103271  -97.665924    3.604496    0.017550   -0.616936   -0.693477
 80   42.375061    0.000000    0.000000   -0.309269    0.246847   -0.537093
 81   42.546066   -0.000015    0.000010   -0.085740    0.291207   -0.320719
 82   42.234512    0.000000    0.000000    0.003870    0.082995   -0.127423
 83   42.465088    0.000061    0.000000    0.013151   -0.019862   -0.112945
 84   42.458130    0.000031    0.000000    0.013574    0.000528   -0.138893
 85   42.267853    0.000031    0.000008    0.007812   -0.001461   -0.078506
 86   42.505997    0.000061    0.000015    0.014563   -0.034418   -0.146507
 87   42.233154    0.000000   -0.000008    0.004167   -0.007208   -0.063340
 88   42.352249    0.000031   -0.000008   -0.026942    0.126518    0.504366
 89   42.391754    0.000000    0.000000   -0.072590    0.085116    0.439932
 90   42.497620   -0.000015    0.000000   -0.051856    0.024330    0.222853
 91   42.272461    0.000046    0.000031   -0.027933    0.006155    0.111879
time 25
  0    0.000000    0.000000    0.000000    0.000000   -0.000000    0.000000
  1    0.000000    0.000000    0.000000    0.000000   -0.000000    0.000000
  2   13.600289   -9.279858  195.408890    0.747244   -1.517767    0.839455
  3   50.309204   -0.435478    0.000004   -0.002566   -0.214739    0.015243
  4   30.891541   -0.000011    0.000000   -0.001848   -0.195178   -0.013101
  5   34.635620    0.000006    0.000000   -0.001979   -0.247498    0.000835
  6   30.584320    0.000016   -0.000015   -0.002013   -0.325987    0.000550
  7   31.520203    0.000001    0.000000   -0.002043   -0.316014    0.000077
  8   34.241180  -28.000029  -41.877991    1.070841   -0.095472    0.232907
  9   34.241119   23.441801  -41.878082   -1.011016   -0.083622   -0.252376
 10   35.246689  -52.543083    1.319122    0.138139    0.223283    0.447284
 11   35.246536   52.726311    1.318909   -0.076930    0.245945   -0.449774
 12   34.830017  -24.891920   45.588593   -0.874905    0.568897    0.267325
 13   34.885773   27.636587   43.767822    0.946002    0.585385   -0.246775
 14   26.017136  -50.616894   93.335159   -1.338298   -1.899283    0.533101
 15   42.375072    0.000000   -0.000015   -0.011185    0.264855    0.112204
 16   42.546051    0.000031    0.000000    0.029890    0.321783    0.164532
 17   42.234467    0.000000    0.000008    0.010514    0.296171    0.168687
 18   42.464996    0.000008    0.000000   -0.018036   -0.007140   -0.066848
 19   42.458099   -0.000046   -0.000015    0.083990   -0.344924   -0.473503
 20   42.267944    0.000092    0.000000    0.067296   -0.276657   -0.416585
 21   42.505905    0.000031   -0.000015    0.008812   -0.058954   -0.091266
 22   42.233200    0.000000   -0.000031    0.023435   -0.089472   -0.127015
 23   42.352234    0.000000    0.000000   -0.002654    0.041191    0.046421
 24   42.391693    0.000000    0.000015   -0.003546    0.187867    0.238851
 25   42.497528    0.000000   -0.000031   -0.005345    0.152410    0.201779
 26   42.272827    0.000046   -0.000038   -0.007124    0.108334    0.147901
 27   17.135376   50.274487   89.408051    0.230259   -0.997362    1.991238
 28   42.375092    0.000000    0.000000    0.054645   -0.088466   -0.160043
 29   42.546082   -0.000061    0.000015    0.053234   -0.115672   -0.187626
 30   42.234482    0.000053    0.000000    0.074494   -0.206025   -0.300286
 31   42.464996   -0.000084    0.000000    0.023809   -0.045039   -0.066506
 32   42.458130   -0.000015    0.000015    0.037437    0.269331    0.310141
 33   42.267914   -0.000053    0.000031    0.079210    0.404977    0.496020
 34   42.505981    0.000122    0.000000   -0.001683    0.119196    0.133537
 35   42.233063    0.000000   -0.000031   -0.011310    0.100750    0.119752
 36   42.352203   -0.000061    0.000000   -0.000847    0.013328    0.011111
 37   42.391693    0.000092   -0.000061    0.032859   -0.138641   -0.190268
 38   42.497620    0.000061   -0.000031    0.048808   -0.180654   -0.239049
 39   42.272644    0.000092   -0.000015    0.030871   -0.121864   -0.152226
 40   22.007141   97.750854    3.634798   -0.015396   -0.480528    1.096210
 41   42.375061   -0.000031   -0.000023    0.102097    0.198478    0.217054
 42   42.546082    0.000000   -0.000002    0.048625    0.234539    0.187329
 43   42.234436   -0.000015   -0.000004    0.003507    0.158214    0.132522
 44   42.465073    0.000000   -0.000008   -0.018171    0.002207    0.133985
 45   42.458038    0.000000   -0.000008   -0.023190   -0.015771    0.167203
 46   42.267960    0.000031    0.000011   -0.012947   -0.000000    0.104938
 47   42.505890   -0.000061    0.000004   -0.012838   -0.023435    0.103438
 48   42.233185   -0.000061   -0.000004   -0.019460   -0.037025    0.191970
 49   42.352249    0.000061   -0.000004    0.020047    0.070928   -0.325699
 50   42.391663    0.000000    0.000000    0.080668    0.119576   -0.706873
 51   42.497650    0.000015   -0.000015    0.059742    0.017292   -0.293113
 52   42.272705    0.000000   -0.000015    0.032671   -0.000386   -0.155269
 53   22.644485   49.436127  -84.045074   -0.121958    0.805209    2.069261
 54   42.375099    0.000000    0.000000   -0.094968    0.278207   -0.159003
 55   42.546066    0.000046    0.000015   -0.038486    0.050724   -0.012754
 56   42.234573   -0.000046   -0.000008   -0.041381   -0.105263    0.151855
 57   42.465012    0.000061    0.000000   -0.045837   -0.159015    0.213996
 58   42.458069    0.000046   -0.000015   -0.046861   -0.134227    0.177733
 59   42.267975   -0.000092    0.000000   -0.045151   -0.159882    0.197840
 60   42.505867    0.000061   -0.000015   -0.006723   -0.063320    0.072888
 61   42.233170   -0.000122   -0.000031    0.013012    0.111403   -0.127770
 62   42.352249    0.000000   -0.000015   -0.026450    0.267984   -0.331806
 63   42.391663    0.000046    0.000015   -0.021236    0.190354   -0.239756
 64   42.497559    0.000038   -0.000065   -0.013822    0.150018   -0.188057
 65   42.272766   -0.000021   -0.000002   -0.003870    0.050700   -0.062851
 66   27.340210  -55.265423  -89.824951    1.156165    1.975346    0.294594
 67   42.375076    0.000046    0.000031    0.013165   -0.573692    0.002174
 68   42.546097    0.000000    0.000015    0.049548    0.029419   -0.059219
 69   42.234482    0.000031   -0.000031    0.004893    0.185504   -0.183892
 70   42.465042   -0.000031    0.000000   -0.002677    0.161411   -0.187063
 71   42.458107    0.000076    0.000000    0.004270    0.139600   -0.168366
 72   42.267868   -0.000092    0.000000   -0.005508    0.144867   -0.180785
 73   42.505898    0.000000    0.000015   -0.000072   -0.013440    0.016858
 74   42.233109    0.000031   -0.000015   -0.027227   -0.197650    0.253531
 75   42.352173   -0.000061    0.000000   -0.028207   -0.232480    0.299818
 76   42.391754    0.000008   -0.000015   -0.009044   -0.171814    0.221440
 77   42.497528   -0.000015    0.000051   -0.001719   -0.102921    0.133876
 78   42.272644    0.000004    0.000023    0.002220   -0.021151    0.027637
 79   23.698593  -98.550674    3.423704    0.015650   -0.680558   -0.646030
 80   42.375061    0.000000   -0.000015   -0.354644    0.281346   -0.563112
 81   42.546051    0.000015    0.000006   -0.083952    0.318611   -0.298001
 82   42.234467   -0.000015   -0.000011    0.005391    0.074626   -0.129698
 83   42.464996    0.000000   -0.000023    0.017471   -0.028656   -0.147070
 84   42.458023    0.000031   -0.000008    0.013491    0.002203   -0.148267
 85   42.267929    0.000000   -0.000011    0.006879   -0.005800   -0.072946
 86   42.505920    0.000031    0.000008    0.017394   -0.038150   -0.194068
 87   42.233124    0.000031   -0.000011    0.001330   -0.002276   -0.025671
 88   42.352264   -0.000061    0.000000   -0.026577    0.112339    0.623094
 89   42.391754    0.000015   -0.000008   -0.069912    0.063372    0.514761
 90   42.497467    0.000015   -0.000023   -0.039228    0.009241    0.218180
 91   42.272491    0.000031    0.000008   -0.022334    0.000295    0.122121
time 26
  0    0.000000    0.000000    0.000000    0.000000   -0.000000    0.000000
  1    0.000000    0.000000    0.000000    0.000000   -0.000000    0.000000
  2   14.861079   -4.390719  170.608566    1.673577   -1.528419   -0.090273
  3   50.309204   -0.435479    0.000004   -0.002023   -0.234452    0.014999
  4   30.891541   -0.000010    0.000000   -0.001451   -0.214880   -0.013313
  5   34.635590    0.000007    0.000000   -0.001558   -0.267200    0.000657
  6   30.584305    0.000017   -0.000015   -0.001584   -0.378996    0.000433
  7   31.520187   -0.000001    0.000000   -0.001608   -0.385489    0.000060
  8   34.241188  -28.000036  -41.877960    1.060510   -0.124487    0.242888
  9   34.241112   23.441803  -41.878052   -1.011195   -0.115402   -0.258906
 10   35.246696  -52.543091    1.319153    0.125819    0.210929    0.461634
 11   35.246544   52.726326    1.318939   -0.074846    0.228837   -0.464730
 12   34.830025  -24.891928   45.588623   -0.884714    0.567134    0.272073
 13   34.885780   27.636591   43.767853    0.943948    0.581553   -0.257099
 14   27.113678  -50.942360   93.661072    1.500296   -1.403464   -2.220615
 15   42.375076    0.000000    0.000000   -0.008678    0.272705    0.074849
 16   42.546082    0.000038    0.000015    0.021353    0.325368    0.122203
 17   42.234436    0.000015    0.000004   -0.004703    0.271441    0.116371
 18   42.464996    0.000053    0.000000   -0.011521   -0.053186   -0.115811
 19   42.458008   -0.000084   -0.000008    0.113953   -0.398367   -0.520323
 20   42.267883    0.000015    0.000015    0.046419   -0.251562   -0.348741
 21   42.505981   -0.000061   -0.000031    0.013149   -0.086689   -0.136094
 22   42.233200    0.000000   -0.000031    0.036177   -0.140995   -0.203532
 23   42.352219    0.000031   -0.000061   -0.001987    0.032144    0.032145
 24   42.391678   -0.000092   -0.000031    0.006313    0.240949    0.306470
 25   42.497467    0.000000   -0.000046    0.000398    0.189871    0.252709
 26   42.272827    0.000000   -0.000046   -0.005219    0.117230    0.160501
 27   18.414230   50.814213   89.704559    0.508487   -1.046340    1.700864
 28   42.375084    0.000046   -0.000008    0.051646   -0.076324   -0.143243
 29   42.546066   -0.000023    0.000000    0.049621   -0.100127   -0.167996
 30   42.234467    0.000053   -0.000015    0.072681   -0.192803   -0.286038
 31   42.465027   -0.000069   -0.000008    0.021391   -0.022615   -0.042224
 32   42.458069   -0.000015    0.000000    0.048964    0.327642    0.386805
 33   42.267883   -0.000069    0.000015    0.072192    0.368723    0.456039
 34   42.505997    0.000061    0.000031    0.004286    0.139858    0.150145
 35   42.233047    0.000000   -0.000031   -0.000664    0.165095    0.178357
 36   42.352234   -0.000092    0.000031   -0.000059    0.053444    0.055982
 37   42.391693    0.000061   -0.000031    0.033677   -0.170447   -0.217746
 38   42.497650    0.000031    0.000000    0.063378   -0.242698   -0.303721
 39   42.272583    0.000168    0.000015    0.032947   -0.145372   -0.170592
 40   22.771317   98.701370    3.434686   -0.012860   -0.485632    1.183414
 41   42.375046    0.000000   -0.000008    0.067307    0.205118    0.141111
 42   42.546112    0.000031   -0.000002    0.026946    0.237014    0.101305
 43   42.234451    0.000015   -0.000008    0.003264    0.165216    0.091647
 44   42.465057    0.000015   -0.000008   -0.026321   -0.009836    0.198029
 45   42.458069    0.000000    0.000004   -0.026858   -0.025811    0.218764
 46   42.267914    0.000031    0.000004   -0.011888   -0.005770    0.122769
 47   42.505890    0.000031    0.000023   -0.012524   -0.022630    0.136441
 48   42.233215   -0.000031   -0.000011   -0.017263   -0.042104    0.246317
 49   42.352310    0.000000    0.000004    0.007053    0.062566   -0.267983
 50   42.391724    0.000000    0.000004    0.061704    0.152210   -0.844331
 51   42.497650    0.000000   -0.000015    0.068451    0.026134   -0.347694
 52   42.272766    0.000046    0.000000    0.034687    0.000612   -0.164944
 53   23.341293   49.570400  -84.821030   -0.357171    0.754311    1.805945
 54   42.375092   -0.000015   -0.000023   -0.074493    0.301266   -0.009409
 55   42.546097    0.000061    0.000008   -0.037608    0.044191    0.023887
 56   42.234528   -0.000031   -0.000008   -0.043965   -0.127113    0.169213
 57   42.465027    0.000031    0.000000   -0.047987   -0.181098    0.229722
 58   42.458069    0.000015    0.000000   -0.047088   -0.151425    0.191094
 59   42.267967   -0.000061   -0.000015   -0.046151   -0.181695    0.215714
 60   42.505920    0.000122   -0.000031   -0.003090   -0.045636    0.050455
 61   42.233154   -0.000061   -0.000015    0.007134    0.146308   -0.162942
 62   42.352264    0.000015   -0.000015   -0.033115    0.276484   -0.330584
 63   42.391693    0.000061    0.000038   -0.023118    0.191678   -0.230080
 64   42.497559    0.000053   -0.000004   -0.012465    0.139335   -0.165259
 65   42.272705    0.000019    0.000000   -0.003479    0.042373   -0.049663
 66   27.986496  -55.530685  -90.357254    1.415821    1.810035    0.677368
 67   42.375069    0.000000    0.000000    0.070695   -0.451670   -0.127600
 68   42.546066    0.000000    0.000031    0.046205    0.064973   -0.084390
 69   42.234467    0.000031    0.000015   -0.003447    0.216499   -0.218998
 70   42.464966    0.000000   -0.000015   -0.009285    0.178569   -0.208911
 71   42.458084    0.000031   -0.000015   -0.003875    0.160296   -0.191455
 72   42.267906   -0.000076   -0.000031   -0.006522    0.131146   -0.159618
 73   42.505959    0.000061    0.000015    0.001225   -0.045601    0.055503
 74   42.233070    0.000000   -0.000061   -0.031559   -0.242096    0.306390
 75   42.352173   -0.000031    0.000015   -0.021399   -0.218951    0.278745
 76   42.391754   -0.000008   -0.000015   -0.007480   -0.163520    0.209537
 77   42.497498    0.000032    0.000013   -0.000592   -0.083588    0.107981
 78   42.272675   -0.000034    0.000015    0.002082   -0.008716    0.011300
 79   24.283936  -99.420906    3.245897    0.012840   -0.688090   -0.684155
 80   42.375076    0.000008    0.000000   -0.316002    0.337509   -0.496227
 81   42.546051    0.000015    0.000013   -0.057609    0.317551   -0.219707
 82   42.234467    0.000031    0.000000    0.008656    0.060758   -0.152599
 83   42.465103    0.000000   -0.000008    0.026433   -0.042820   -0.222323
 84   42.458084    0.000000    0.000004    0.012753   -0.004931   -0.167522
 85   42.267899   -0.000061   -0.000008    0.006781   -0.008388   -0.094038
 86   42.505966    0.000031    0.000011    0.016572   -0.041080   -0.255839
 87   42.233002   -0.000061   -0.000004    0.001391   -0.004476   -0.057822
 88   42.352341   -0.000031    0.000002   -0.010210    0.127977    0.707068
 89   42.391785    0.000015   -0.000015   -0.076821    0.079870    0.614739
 90   42.497559    0.000061    0.000008   -0.040449    0.008497    0.222531
 91   42.272400    0.000000    0.000008   -0.021434   -0.000339    0.116202
time 27
  0    0.000000    0.000000    0.000000    0.000000   -0.000000    0.000000
  1    0.000000    0.000000    0.000000    0.000000   -0.000000    0.000000
  2   15.857323   -0.527449  146.048538    2.633700   -1.539068   -1.054932
  3   50.309204   -0.435479    0.000004   -0.001503   -0.252957    0.014766
  4   30.891541   -0.000010    0.000000   -0.001070   -0.233372   -0.013517
  5   34.635605    0.000007    0.000000   -0.001154   -0.285693    0.000486
  6   30.584290    0.000015    0.000000   -0.001174   -0.429826    0.000321
  7   31.520187    0.000000    0.000015   -0.001191   -0.452109    0.000044
  8   34.241196  -28.000031  -41.878021    1.047907   -0.162158    0.253168
  9   34.241119   23.441799  -41.878113   -1.011261   -0.155658   -0.265757
 10   35.246712  -52.543087    1.319122    0.109459    0.190562    0.475530
 11   35.246536   52.726307    1.318909   -0.071410    0.203744   -0.478995
 12   34.830025  -24.891926   45.588577   -0.896925    0.564227    0.275290
 13   34.885780   27.636583   43.767792    0.942549    0.575234   -0.264546
 14   28.007950  -51.207859   93.926941    0.682507   -1.448236   -1.316981
 15   42.375076   -0.000004    0.000000   -0.018209    0.265815    0.031430
 16   42.546066    0.000038    0.000000    0.008764    0.331315    0.081893
 17   42.234436   -0.000015    0.000008   -0.019071    0.258573    0.073035
 18   42.464996    0.000015   -0.000015    0.008083   -0.132380   -0.180325
 19   42.458069   -0.000084   -0.000031    0.118447   -0.431053   -0.483202
 20   42.267883   -0.000031    0.000000    0.018644   -0.206014   -0.244107
 21   42.505829    0.000061   -0.000015    0.017650   -0.132000   -0.186022
 22   42.233124    0.000000   -0.000015    0.057129   -0.228426   -0.310348
 23   42.352310   -0.000031   -0.000031    0.000128    0.005503   -0.003649
 24   42.391747    0.000000   -0.000061    0.025625    0.299004    0.356782
 25   42.497406    0.000031   -0.000015    0.009554    0.228566    0.280699
 26   42.272888    0.000015   -0.000031   -0.002579    0.135817    0.169974
 27   19.663025   51.341225   89.994240    0.776452   -1.057108    1.383498
 28   42.375092   -0.000008    0.000000    0.048614   -0.061940   -0.126052
 29   42.546082   -0.000015    0.000008    0.045448   -0.084754   -0.152651
 30   42.234467    0.000031   -0.000015    0.066846   -0.179933   -0.278942
 31   42.465027   -0.000092    0.000008    0.017016    0.014989   -0.002236
 32   42.458069   -0.000038    0.000031    0.073289    0.374423    0.466144
 33   42.267883    0.000000    0.000000    0.048374    0.284447    0.349453
 34   42.506012    0.000092    0.000000    0.007577    0.160197    0.166468
 35   42.233124    0.000000    0.000000    0.015949    0.258996    0.267470
 36   42.352234   -0.000061   -0.000031    0.003674    0.123224    0.130524
 37   42.391647    0.000031    0.000000    0.035145   -0.179956   -0.216582
 38   42.497665    0.000061    0.000031    0.076130   -0.289178   -0.344212
 39   42.272644    0.000122   -0.000061    0.035860   -0.174900   -0.194104
 40   23.517395   99.629425    3.239273   -0.008407   -0.495600    1.263740
 41   42.375069   -0.000031    0.000000    0.017414    0.212879    0.036321
 42   42.546112   -0.000015    0.000002   -0.006047    0.239041   -0.020744
 43   42.234436    0.000031    0.000000    0.000778    0.172947    0.016012
 44   42.465088   -0.000015    0.000008   -0.037312   -0.012244    0.287477
 45   42.458054    0.000015    0.000004   -0.034665   -0.036261    0.303386
 46   42.267914    0.000000    0.000011   -0.011743   -0.009023    0.154465
 47   42.505951    0.000000    0.000017   -0.011310   -0.017275    0.167993
 48   42.233109    0.000000   -0.000013   -0.016437   -0.044336    0.325683
 49   42.352234    0.000092    0.000007    0.000525    0.033197   -0.098506
 50   42.391693    0.000031   -0.000002    0.027249    0.172276   -0.895277
 51   42.497620   -0.000008   -0.000008    0.093273    0.057676   -0.509173
 52   42.272766    0.000015    0.000015    0.046245    0.002385   -0.210553
 53   24.021652   49.701508  -85.578743   -0.743352    0.693343    1.415617
 54   42.375107   -0.000031   -0.000015   -0.014415    0.226269    0.215053
 55   42.546051    0.000015    0.000023   -0.036476    0.030072    0.064610
 56   42.234543   -0.000031   -0.000008   -0.044019   -0.145375    0.168324
 57   42.464981    0.000015    0.000015   -0.047199   -0.210079    0.233473
 58   42.458099    0.000046    0.000031   -0.044432   -0.179140    0.201385
 59   42.267975   -0.000107    0.000000   -0.041041   -0.207960    0.222967
 60   42.505913    0.000107    0.000000   -0.000531   -0.040610    0.041100
 61   42.233154    0.000000   -0.000015   -0.003596    0.173838   -0.178774
 62   42.352310   -0.000015   -0.000015   -0.044687    0.293417   -0.318756
 63   42.391724    0.000046    0.000038   -0.027170    0.203450   -0.216898
 64   42.497681    0.000050    0.000023   -0.012421    0.140289   -0.146376
 65   42.272736   -0.000040    0.000031   -0.003264    0.039763   -0.040927
 66   28.513550  -55.746983  -90.791313   -0.660983    1.397450   -1.292437
 67   42.375092    0.000011    0.000015    0.115689   -0.282175   -0.248345
 68   42.546127    0.000000    0.000046    0.046087    0.084268   -0.098690
 69   42.234436    0.000046    0.000008   -0.005836    0.236329   -0.240731
 70   42.465027   -0.000031    0.000015   -0.010879    0.196508   -0.229345
 71   42.458115    0.000046    0.000000   -0.005551    0.179447   -0.214218
 72   42.267906   -0.000061   -0.000031   -0.002488    0.123874   -0.150640
 73   42.505928    0.000092   -0.000015   -0.000078   -0.064222    0.078737
 74   42.233154    0.000000   -0.000031   -0.042391   -0.262089    0.335942
 75   42.352173   -0.000031    0.000000   -0.022787   -0.211736    0.268633
 76   42.391846   -0.000008   -0.000015   -0.007959   -0.158643    0.201313
 77   42.497620    0.000029    0.000015   -0.000102   -0.073876    0.094195
 78   42.272736   -0.000069    0.000008    0.002090   -0.002425    0.003097
 79   24.855637 -100.270538    3.072296    0.008312   -0.725494   -0.946442
 80   42.375107   -0.000008    0.000015   -0.177953    0.477488   -0.266000
 81   42.546036    0.000015    0.000008   -0.010139    0.302500   -0.046013
 82   42.234558    0.000000   -0.000008    0.014827    0.043262   -0.188943
 83   42.465027    0.000031   -0.000008    0.041235   -0.051579   -0.342428
 84   42.458008    0.000031   -0.000004    0.012804   -0.009680   -0.194215
 85   42.267914    0.000061   -0.000011    0.007366   -0.009063   -0.130150
 86   42.505920    0.000000    0.000013    0.015751   -0.039737   -0.327522
 87   42.233047    0.000000   -0.000015    0.001041   -0.009371   -0.124049
 88   42.352303    0.000000    0.000006    0.002299    0.132613    0.722607
 89   42.391754    0.000000   -0.000015   -0.087317    0.104806    0.767171
 90   42.497528    0.000000    0.000000   -0.046363    0.006478    0.244914
 91   42.272614   -0.000031    0.000031   -0.021710   -0.002335    0.114392
time 28
  0    0.000000    0.000000    0.000000    0.000000   -0.000000    0.000000
  1    0.000000    0.000000    0.000000    0.000000   -0.000000    0.000000
  2   16.690748    2.704445  121.860443    2.975727   -1.506131   -1.400522
  3   50.309212   -0.435481    0.000005   -0.001028   -0.269587    0.014552
  4   30.891556   -0.000008    0.000000   -0.000722   -0.249991   -0.013702
  5   34.635590    0.000008    0.000000   -0.000785   -0.302312    0.000331
  6   30.584290    0.000018    0.000015   -0.000798   -0.476299    0.000219
  7   31.520195   -0.000002    0.000000   -0.000810   -0.513018    0.000030
  8   34.241196  -28.000038  -41.877991    1.033339   -0.208649    0.263171
  9   34.241127   23.441807  -41.878082   -1.011270   -0.204121   -0.273031
 10   35.246704  -52.543098    1.319122    0.088825    0.160178    0.488188
 11   35.246544   52.726330    1.318939   -0.066284    0.169280   -0.491774
 12   34.830032  -24.891933   45.588623   -0.911360    0.559890    0.276475
 13   34.885784   27.636593   43.767838    0.942031    0.565807   -0.267409
 14   28.676186  -51.406204   94.125603   -0.092335   -1.322637   -0.433809
 15   42.375061    0.000000    0.000015   -0.040522    0.230745   -0.016782
 16   42.546082    0.000034    0.000031   -0.009287    0.308057    0.035181
 17   42.234467    0.000000   -0.000008   -0.029109    0.235825    0.030485
 18   42.464996    0.000015    0.000008    0.036969   -0.220525   -0.248506
 19   42.458130   -0.000069    0.000015    0.087452   -0.401325   -0.392989
 20   42.267944    0.000061    0.000000    0.004928   -0.165312   -0.179013
 21   42.505920   -0.000031   -0.000031    0.022199   -0.170017   -0.220943
 22   42.233215    0.000061   -0.000076    0.094626   -0.331694   -0.441875
 23   42.352295    0.000031    0.000000    0.002944   -0.039866   -0.052762
 24   42.391739   -0.000061   -0.000031    0.043258    0.329546    0.389394
 25   42.497528    0.000000   -0.000031    0.022072    0.257043    0.307700
 26   42.272766    0.000046   -0.000031    0.003302    0.155951    0.187998
 27   20.873055   51.851875   90.274818    1.051670   -1.010781    1.080478
 28   42.375084    0.000008   -0.000008    0.047882   -0.047785   -0.104856
 29   42.546066   -0.000015    0.000015    0.043650   -0.069206   -0.131918
 30   42.234451    0.000053    0.000011    0.065403   -0.167724   -0.265953
 31   42.465027   -0.000053    0.000015    0.013059    0.057767    0.046688
 32   42.458069    0.000008    0.000000    0.081658    0.388303    0.497213
 33   42.267883    0.000000    0.000031    0.033197    0.209786    0.256313
 34   42.506027    0.000076    0.000061    0.011101    0.166755    0.171127
 35   42.233078    0.000031    0.000031    0.051108    0.356462    0.367984
 36   42.352219   -0.000031    0.000000    0.021120    0.214565    0.225108
 37   42.391724    0.000092    0.000000    0.023544   -0.161433   -0.174100
 38   42.497673    0.000092    0.000000    0.070271   -0.320196   -0.351762
 39   42.272705    0.000183    0.000015    0.032947   -0.206016   -0.214348
 40   24.240440  100.528755    3.049942   -0.004923   -0.487766    1.393125
 41   42.375084    0.000000   -0.000008   -0.039369    0.208342   -0.080201
 42   42.546112    0.000000   -0.000002   -0.041060    0.234895   -0.149193
 43   42.234482    0.000008   -0.000003   -0.003522    0.175947   -0.086103
 44   42.465088   -0.000008    0.000000   -0.045142   -0.008386    0.338219
 45   42.458130    0.000015    0.000000   -0.049108   -0.055813    0.417357
 46   42.267899   -0.000031    0.000006   -0.010621   -0.015956    0.189272
 47   42.505890    0.000000    0.000013   -0.007531   -0.015765    0.187656
 48   42.233154    0.000000   -0.000002   -0.010057   -0.048944    0.408504
 49   42.352287    0.000061    0.000002    0.002251    0.000811    0.091931
 50   42.391663   -0.000031   -0.000006   -0.014752    0.137331   -0.629995
 51   42.497681    0.000000   -0.000004    0.081153    0.146704   -0.768879
 52   42.272705   -0.000038    0.000000    0.071890    0.023863   -0.317998
 53   24.680962   49.828556  -86.312943   -0.990930    0.606493    1.171671
 54   42.375076   -0.000034    0.000008    0.021678    0.131448    0.352968
 55   42.546082    0.000046    0.000008   -0.034617    0.031123    0.098530
 56   42.234543   -0.000031    0.000000   -0.042247   -0.143298    0.157964
 57   42.464981    0.000031    0.000000   -0.048075   -0.234191    0.236749
 58   42.458054    0.000031   -0.000031   -0.044006   -0.205859    0.216146
 59   42.267929   -0.000061    0.000000   -0.038923   -0.233654    0.236269
 60   42.505882    0.000092   -0.000031    0.000365   -0.056578    0.054508
 61   42.233154   -0.000046   -0.000046   -0.007961    0.172649   -0.169290
 62   42.352295    0.000015    0.000000   -0.055468    0.312137   -0.321484
 63   42.391724    0.000061    0.000031   -0.030507    0.213424   -0.211928
 64   42.497467    0.000095    0.000034   -0.013544    0.147932   -0.142899
 65   42.272766    0.000013    0.000055   -0.003329    0.042771   -0.040669
 66   28.907402  -55.908653  -91.115700    0.045027    1.265454   -0.463253
 67   42.375061   -0.000008   -0.000031    0.137539   -0.114213   -0.369965
 68   42.546112   -0.000015    0.000031    0.046968    0.083362   -0.101896
 69   42.234451    0.000031    0.000000   -0.007051    0.244913   -0.248360
 70   42.464996   -0.000061   -0.000015   -0.017201    0.217241   -0.252714
 71   42.458130    0.000000    0.000000   -0.012159    0.197126   -0.234227
 72   42.267929   -0.000092   -0.000015   -0.007037    0.136839   -0.164412
 73   42.505974    0.000000    0.000000    0.001019   -0.064506    0.077574
 74   42.233124   -0.000031   -0.000031   -0.041415   -0.271760    0.343327
 75   42.352173   -0.000061    0.000031   -0.022531   -0.215576    0.271096
 76   42.391846    0.000023   -0.000023   -0.008154   -0.158550    0.199668
 77   42.497559    0.000027    0.000008   -0.000445   -0.072978    0.092277
 78   42.272705    0.000008    0.000027    0.002085   -0.002155    0.002733
 79   25.409523 -101.093872    2.904052    0.004795   -0.718669   -1.144964
 80   42.375107   -0.000015   -0.000015    0.013338    0.534512    0.018299
 81   42.546066    0.000008    0.000013    0.015748    0.282780    0.085320
 82   42.234558   -0.000015    0.000000    0.020921    0.035298   -0.210604
 83   42.465088    0.000008    0.000008    0.059571   -0.063680   -0.460328
 84   42.458069    0.000015    0.000000    0.013415   -0.020162   -0.232372
 85   42.267975    0.000031    0.000004    0.006208   -0.013146   -0.166422
 86   42.505936    0.000000    0.000021    0.009045   -0.039774   -0.369711
 87   42.233139    0.000031   -0.000013   -0.003692   -0.024998   -0.248718
 88   42.352303    0.000031   -0.000008    0.017755    0.096885    0.459310
 89   42.391724    0.000000    0.000004   -0.049819    0.171951    1.019362
 90   42.497589    0.000038   -0.000008   -0.070106    0.022997    0.355537
 91   42.272552   -0.000076    0.000038   -0.026580   -0.001045    0.126745
time 29
  0    0.000000    0.000000    0.000000    0.000000   -0.000000    0.000000
  1    0.000000    0.000000    0.000000    0.000000   -0.000000    0.000000
  2   17.384806    5.395881   98.342400    3.110744   -1.439795   -1.538775
  3   50.309204   -0.435478    0.000004   -0.000619   -0.283680    0.014368
  4   30.891556   -0.000010    0.000000   -0.000423   -0.264073   -0.013862
  5   34.635590    0.000008    0.000000   -0.000468   -0.316394    0.000197
  6   30.584274    0.000017    0.000015   -0.000475   -0.516237    0.000130
  7   31.520187   -0.000002    0.000000   -0.000483   -0.565362    0.000017
  8   34.241188  -28.000025  -41.878006    1.008605   -0.293501    0.275498
  9   34.241119   23.441801  -41.878098   -0.997583   -0.290276   -0.282864
 10   35.246696  -52.543083    1.319138    0.050331    0.093663    0.499706
 11   35.246536   52.726311    1.318924   -0.039982    0.099784   -0.502668
 12   34.830025  -24.891920   45.588593   -0.936506    0.512595    0.273695
 13   34.885773   27.636585   43.767807    0.954659    0.514409   -0.265557
 14   29.094574  -51.530388   94.249931   -0.181421   -1.064299   -0.191685
 15   42.375061    0.000015   -0.000023   -0.070400    0.159132   -0.066074
 16   42.546112    0.000038   -0.000008   -0.034372    0.235808   -0.028017
 17   42.234497    0.000000    0.000000   -0.036401    0.214460   -0.012429
 18   42.464935    0.000023    0.000000    0.055848   -0.260603   -0.261565
 19   42.458160   -0.000114    0.000015    0.071808   -0.386280   -0.319490
 20   42.267914    0.000015    0.000000    0.000874   -0.153243   -0.142534
 21   42.505981   -0.000031   -0.000015    0.021999   -0.197246   -0.216123
 22   42.233215   -0.000061   -0.000015    0.137183   -0.456619   -0.557242
 23   42.352310    0.000122   -0.000031    0.005866   -0.119752   -0.125872
 24   42.391739    0.000031   -0.000031    0.053355    0.308625    0.346126
 25   42.497528    0.000031   -0.000031    0.049791    0.298829    0.335191
 26   42.272736    0.000092   -0.000015    0.017990    0.193256    0.211312
 27   22.035759   52.342560   90.544456    1.333371   -0.876104    0.770310
 28   42.375084   -0.000008   -0.000008    0.048525   -0.029826   -0.071951
 29   42.546097   -0.000008    0.000015    0.041829   -0.044369   -0.090766
 30   42.234497    0.000053   -0.000015    0.060615   -0.144081   -0.226018
 31   42.465057   -0.000069    0.000000    0.010536    0.076531    0.065881
 32   42.458038   -0.000023    0.000023    0.073316    0.381035    0.477582
 33   42.267883   -0.000076   -0.000015    0.027253    0.177658    0.213880
 34   42.506042    0.000061    0.000000    0.011658    0.159718    0.163652
 35   42.233093    0.000000    0.000031    0.088589    0.419605    0.439856
 36   42.352234   -0.000061    0.000000    0.062359    0.321679    0.335527
 37   42.391708    0.000092    0.000031    0.009272   -0.115382   -0.104990
 38   42.497673    0.000000    0.000061    0.052070   -0.346593   -0.339437
 39   42.272705    0.000122   -0.000061    0.020777   -0.228965   -0.216544
 40   24.935150  101.392876    2.868011   -0.001521   -0.456985    1.435665
 41   42.375061    0.000008   -0.000004   -0.067964    0.200722   -0.149440
 42   42.546097   -0.000008    0.000008   -0.054707    0.232614   -0.221274
 43   42.234467    0.000008   -0.000011   -0.002116    0.177680   -0.158684
 44   42.465027   -0.000031   -0.000011   -0.051284   -0.007446    0.314608
 45   42.458099   -0.000031   -0.000015   -0.075122   -0.090584    0.527192
 46   42.267868    0.000015   -0.000004   -0.008651   -0.032255    0.221535
 47   42.505859    0.000000    0.000000   -0.001304   -0.025664    0.202839
 48   42.233078    0.000000   -0.000011    0.008344   -0.063012    0.457069
 49   42.352211    0.000000    0.000004    0.019171   -0.024942    0.242754
 50   42.391708   -0.000031   -0.000002   -0.027447    0.063446   -0.272587
 51   42.497650    0.000061   -0.000010   -0.024309    0.164014   -0.743849
 52   42.272675    0.000000   -0.000008    0.068836    0.107735   -0.513406
 53   25.314438   49.950645  -87.018379   -1.134151    0.579959    1.052822
 54   42.375092    0.000000    0.000000    0.023329    0.044996    0.385627
 55   42.546066    0.000031    0.000000   -0.032542    0.030484    0.128149
 56   42.234573   -0.000031    0.000000   -0.039943   -0.137148    0.140932
 57   42.465027    0.000038   -0.000008   -0.047241   -0.264002    0.225214
 58   42.458069    0.000031   -0.000031   -0.040631   -0.242426    0.222010
 59   42.268036   -0.000061    0.000000   -0.031065   -0.267136    0.239330
 60   42.505936    0.000122   -0.000031    0.003541   -0.088996    0.077573
 61   42.233185   -0.000076    0.000000   -0.012790    0.161275   -0.143860
 62   42.352280    0.000031   -0.000061   -0.074143    0.342937   -0.319291
 63   42.391693    0.000046    0.000015   -0.036327    0.231825   -0.201328
 64   42.497589    0.000042   -0.000015   -0.015842    0.165374   -0.138184
 65   42.272766    0.000015    0.000017   -0.003476    0.050310   -0.041197
 66   29.153999  -56.009865  -91.318825    0.199483    1.188800   -0.223055
 67   42.375061    0.000019   -0.000008    0.145110   -0.026364   -0.438591
 68   42.546143   -0.000015    0.000015    0.048903    0.068250   -0.099695
 69   42.234436    0.000031    0.000000   -0.004671    0.240555   -0.240794
 70   42.465012   -0.000031    0.000015   -0.026328    0.240056   -0.276917
 71   42.458099    0.000015   -0.000031   -0.022346    0.214743   -0.253163
 72   42.267960   -0.000061   -0.000031   -0.020139    0.168514   -0.198714
 73   42.505966    0.000092    0.000000    0.002960   -0.048661    0.056207
 74   42.233116    0.000031   -0.000076   -0.031652   -0.273981    0.333040
 75   42.352173   -0.000046    0.000015   -0.021216   -0.229799    0.284148
 76   42.391785   -0.000015   -0.000046   -0.007888   -0.162943    0.203209
 77   42.497559    0.000037    0.000010   -0.001179   -0.078621    0.098621
 78   42.272675    0.000050    0.000000    0.002024   -0.006172    0.007752
 79   25.941780 -101.884964    2.742405    0.001441   -0.661843   -1.231028
 80   42.375076    0.000000    0.000015    0.125987    0.528805    0.203850
 81   42.546051   -0.000015    0.000003    0.019063    0.262150    0.155353
 82   42.234497    0.000000   -0.000004    0.028034    0.027143   -0.197528
 83   42.465057    0.000031   -0.000008    0.085253   -0.086737   -0.539376
 84   42.458099    0.000000    0.000008    0.015376   -0.042731   -0.274832
 85   42.267883   -0.000031   -0.000006    0.002295   -0.025130   -0.189857
 86   42.505859   -0.000031    0.000015   -0.004873   -0.052223   -0.389860
 87   42.233047   -0.000031   -0.000010   -0.023113   -0.047343   -0.370490
 88   42.352280   -0.000031   -0.000006    0.012621    0.036329    0.118883
 89   42.391792    0.000031   -0.000009    0.058212    0.178608    0.966710
 90   42.497498   -0.000015   -0.000031   -0.080761    0.114372    0.611657
 91   42.272552   -0.000031    0.000023   -0.043656    0.015403    0.190719
time 30
  0    0.000000    0.000000    0.000000    0.000000   -0.000000    0.000000
  1    0.000000    0.000000    0.000000    0.000000   -0.000000    0.000000
  2   17.674946    6.520996   79.545921    3.134476   -1.386671   -1.563918
  3   50.309219   -0.435476    0.000002   -0.000300   -0.294568    0.014225
  4   30.891541   -0.000013   -0.000004   -0.000189   -0.274954   -0.013987
  5   34.635605    0.000006   -0.000008   -0.000219   -0.327274    0.000092
  6   30.584290    0.000019   -0.000015   -0.000223   -0.547462    0.000061
  7   31.520187    0.000002    0.000000   -0.000227   -0.606286    0.000007
  8   34.241196  -28.000032  -41.877991    0.974276   -0.413936    0.290043
  9   34.241119   23.441801  -41.878113   -0.967470   -0.411597   -0.294720
 10   35.246696  -52.543083    1.319138   -0.004655   -0.005792    0.510370
 11   35.246536   52.726318    1.318909    0.009973   -0.001614   -0.511944
 12   34.830017  -24.891924   45.588623   -0.971696    0.415237    0.267581
 13   34.885773   27.636587   43.767822    0.982441    0.415878   -0.261483
 14   29.239334  -51.573334   94.292953   -0.136560   -0.862187   -0.134466
 15   42.375061    0.000015   -0.000008   -0.084897    0.100575   -0.085447
 16   42.546082    0.000027    0.000027   -0.046627    0.162192   -0.061269
 17   42.234482    0.000015    0.000008   -0.037610    0.186725   -0.034446
 18   42.464996    0.000015   -0.000008    0.049053   -0.236297   -0.234588
 19   42.458069   -0.000092   -0.000015    0.078095   -0.396130   -0.308292
 20   42.267883    0.000000   -0.000031    0.003243   -0.161713   -0.137098
 21   42.505829   -0.000015    0.000031    0.025157   -0.224867   -0.214960
 22   42.233124   -0.000046   -0.000031    0.170834   -0.552334   -0.624569
 23   42.352287    0.000061    0.000031    0.004192   -0.176005   -0.166892
 24   42.391731   -0.000061    0.000000    0.044338    0.238075    0.262108
 25   42.497475   -0.000031    0.000031    0.078879    0.317873    0.351814
 26   42.272827    0.000076   -0.000015    0.040277    0.226235    0.236682
 27   23.142509   52.809643   90.801109    1.467034   -0.741150    0.626456
 28   42.375092    0.000004    0.000000    0.049335   -0.020551   -0.046144
 29   42.546112   -0.000019    0.000011    0.040848   -0.029830   -0.056944
 30   42.234467    0.000053    0.000011    0.053814   -0.123490   -0.174480
 31   42.465057   -0.000046    0.000000    0.010551    0.068621    0.059614
 32   42.458069   -0.000023    0.000015    0.063071    0.373291    0.437298
 33   42.267914   -0.000008    0.000038    0.025722    0.184816    0.212235
 34   42.505981    0.000076    0.000046    0.010837    0.159526    0.163025
 35   42.233002   -0.000046    0.000000    0.114642    0.452985    0.487817
 36   42.352234   -0.000061   -0.000031    0.098842    0.378635    0.398128
 37   42.391724    0.000092    0.000031    0.004137   -0.101876   -0.082659
 38   42.497650    0.000031    0.000061    0.049372   -0.397814   -0.369759
 39   42.272675    0.000183    0.000092    0.016030   -0.259996   -0.236962
 40   25.596458  102.215385    2.694828    0.000128   -0.411509    1.430744
 41   42.375046    0.000000    0.000000   -0.074337    0.197996   -0.182747
 42   42.546097   -0.000011    0.000000   -0.051750    0.229663   -0.254558
 43   42.234421   -0.000015   -0.000008    0.005403    0.169184   -0.181712
 44   42.465088   -0.000023   -0.000004   -0.057152   -0.011856    0.289803
 45   42.458069   -0.000008   -0.000004   -0.095235   -0.113754    0.567309
 46   42.267929    0.000031   -0.000004   -0.008446   -0.046252    0.234080
 47   42.505783    0.000031    0.000008    0.002342   -0.037586    0.217227
 48   42.233124    0.000031   -0.000011    0.023705   -0.084241    0.509504
 49   42.352264    0.000031   -0.000006    0.041317   -0.040661    0.329472
 50   42.391685    0.000031   -0.000008   -0.026273    0.035961   -0.164225
 51   42.497673    0.000000   -0.000015   -0.076650    0.127919   -0.680122
 52   42.272644    0.000000   -0.000008    0.017475    0.134856   -0.552657
 53   25.917488   50.066811  -87.689896   -1.184314    0.608334    1.020914
 54   42.375092   -0.000031   -0.000008    0.009047    0.012900    0.343318
 55   42.546051    0.000031   -0.000015   -0.031529    0.034104    0.137104
 56   42.234512   -0.000053   -0.000008   -0.038564   -0.126387    0.128969
 57   42.465027    0.000061    0.000015   -0.048249   -0.287471    0.215741
 58   42.458023    0.000061   -0.000015   -0.038950   -0.273337    0.224837
 59   42.267975   -0.000061   -0.000031   -0.025748   -0.299970    0.244230
 60   42.505875    0.000076   -0.000092    0.007408   -0.123444    0.099479
 61   42.233170   -0.000046   -0.000031   -0.014756    0.148447   -0.123430
 62   42.352249    0.000031   -0.000031   -0.089716    0.366489   -0.317718
 63   42.391815    0.000031    0.000000   -0.041555    0.247316   -0.194292
 64   42.497528    0.000057   -0.000019   -0.017924    0.179438   -0.134187
 65   42.272766    0.000045   -0.000011   -0.003676    0.056607   -0.041302
 66   29.239342  -56.044853  -91.389030    0.258413    1.168737   -0.118223
 67   42.375061   -0.000008    0.000000    0.148572   -0.005538   -0.450799
 68   42.546066    0.000004   -0.000008    0.050900    0.046827   -0.098744
 69   42.234451    0.000053   -0.000015    0.000581    0.226107   -0.225293
 70   42.464981    0.000000   -0.000015   -0.033679    0.259025   -0.295976
 71   42.458176    0.000031   -0.000031   -0.032642    0.232154   -0.273533
 72   42.267914   -0.000061   -0.000031   -0.037930    0.205974   -0.240822
 73   42.505966    0.000031    0.000000    0.002654   -0.026426    0.029440
 74   42.233116    0.000031   -0.000061   -0.020209   -0.268954    0.313665
 75   42.352203   -0.000031    0.000000   -0.019481   -0.248413    0.301742
 76   42.391724   -0.000008   -0.000053   -0.006918   -0.168587    0.208554
 77   42.497589    0.000080   -0.000036   -0.001686   -0.086010    0.107431
 78   42.272614    0.000008   -0.000010    0.001912   -0.011255    0.014078
 79   26.448418 -102.637970    2.588531   -0.000118   -0.581126   -1.220894
 80   42.375099    0.000008    0.000000    0.146973    0.509865    0.269673
 81   42.546036   -0.000008    0.000002    0.009241    0.234606    0.169572
 82   42.234543    0.000000   -0.000015    0.034653    0.016736   -0.189448
 83   42.465057   -0.000008   -0.000004    0.103280   -0.103414   -0.560194
 84   42.458069    0.000000   -0.000015    0.017640   -0.060191   -0.289202
 85   42.267914    0.000000   -0.000011   -0.000179   -0.036435   -0.201910
 86   42.506027    0.000031    0.000023   -0.015402   -0.070224   -0.422772
 87   42.233093    0.000000   -0.000006   -0.045764   -0.065161   -0.448686
 88   42.352295   -0.000031    0.000007    0.003989    0.016682    0.024928
 89   42.391697    0.000031    0.000005    0.082617    0.107641    0.620962
 90   42.497559    0.000000   -0.000031    0.004733    0.145743    0.602857
 91   42.272614    0.000023    0.000015   -0.039069    0.060330    0.280320
time 31
  0    0.000000    0.000000    0.000000    0.000000   -0.000000    0.000000
  1    0.000000    0.000000    0.000000    0.000000   -0.000000    0.000000
  2   16.366791    6.371013   65.732544    3.118098   -1.404351   -1.546888
  3   50.309208   -0.435476    0.000004   -0.000091   -0.301589    0.014131
  4   30.891541   -0.000011    0.000000   -0.000037   -0.281969   -0.014068
  5   34.635597    0.000008   -0.000008   -0.000058   -0.334289    0.000024
  6   30.584290    0.000019   -0.000015   -0.000059   -0.567794    0.000017
  7   31.520195    0.000000   -0.000015   -0.000060   -0.632934    0.000001
  8   34.241196  -28.000032  -41.878006    0.943810   -0.521632    0.302169
  9   34.241127   23.441801  -41.878098   -0.937357   -0.519799   -0.304695
 10   35.246704  -52.543098    1.319138   -0.053929   -0.096231    0.519683
 11   35.246536   52.726318    1.318924    0.058408   -0.093111   -0.519796
 12   34.830017  -24.891928   45.588623   -1.003014    0.319165    0.261467
 13   34.885780   27.636587   43.767838    1.010222    0.320144   -0.257409
 14   29.239307  -51.573338   94.292976   -0.125916   -0.836939   -0.152876
 15   42.375076   -0.000008   -0.000008   -0.088732    0.089176   -0.085705
 16   42.546097    0.000031   -0.000011   -0.048323    0.140605   -0.056429
 17   42.234497    0.000015    0.000000   -0.034555    0.154340   -0.027353
 18   42.464966    0.000000   -0.000023    0.029648   -0.193704   -0.208031
 19   42.458130   -0.000084   -0.000015    0.091416   -0.410315   -0.360688
 20   42.267975    0.000031   -0.000031    0.010174   -0.189060   -0.173473
 21   42.505936    0.000015    0.000015    0.038390   -0.269473   -0.268336
 22   42.233185    0.000000   -0.000031    0.175763   -0.552327   -0.639600
 23   42.352295    0.000031   -0.000031   -0.001453   -0.086628   -0.078908
 24   42.391762   -0.000031    0.000000    0.097314    0.361848    0.415448
 25   42.497528    0.000031   -0.000031    0.080027    0.334659    0.368102
 26   42.272858    0.000046   -0.000031    0.027066    0.199675    0.205304
 27   24.184711   53.249451   91.042809    1.463091   -0.730708    0.621819
 28   42.375061   -0.000004   -0.000004    0.049253   -0.021893   -0.041958
 29   42.546097   -0.000019    0.000008    0.040639   -0.032398   -0.052727
 30   42.234451    0.000053    0.000000    0.047509   -0.114362   -0.148434
 31   42.465012   -0.000053    0.000000    0.011950    0.071536    0.067882
 32   42.458008    0.000015    0.000000    0.063213    0.362348    0.408705
 33   42.267822   -0.000023    0.000008    0.028155    0.205494    0.225807
 34   42.506012    0.000092   -0.000015    0.013043    0.180525    0.184279
 35   42.233109   -0.000031    0.000031    0.148177    0.501079    0.565890
 36   42.352249   -0.000092    0.000031    0.076887    0.330834    0.346960
 37   42.391747    0.000153    0.000031    0.007878   -0.167770   -0.145156
 38   42.497654    0.000031    0.000061    0.074722   -0.450434   -0.441333
 39   42.272614    0.000122   -0.000031    0.023981   -0.277967   -0.264583
 40   26.219166  102.990021    2.531754   -0.000791   -0.382569    1.433441
 41   42.375076   -0.000015    0.000000   -0.080650    0.193231   -0.213815
 42   42.546112   -0.000008    0.000000   -0.051246    0.218632   -0.288063
 43   42.234467   -0.000015   -0.000002    0.007698    0.144250   -0.170023
 44   42.465057    0.000008    0.000000   -0.058649   -0.016165    0.314212
 45   42.458069    0.000000   -0.000004   -0.085365   -0.099914    0.552202
 46   42.267975    0.000015    0.000008   -0.008875   -0.040575    0.226970
 47   42.505844    0.000000    0.000002    0.000463   -0.036886    0.237879
 48   42.233154   -0.000061   -0.000017    0.021879   -0.088019    0.599989
 49   42.352211    0.000000    0.000000    0.038969   -0.033624    0.329487
 50   42.391697    0.000061   -0.000007   -0.031626    0.035181   -0.217037
 51   42.497604    0.000031   -0.000009   -0.072831    0.115364   -0.738476
 52   42.272736    0.000000    0.000008    0.017323    0.106993   -0.518698
 53   26.485294   50.176247  -88.322227   -1.250753    0.596876    0.925984
 54   42.375107   -0.000008   -0.000008    0.001033   -0.003052    0.313844
 55   42.546097    0.000031    0.000000   -0.031108    0.034610    0.142479
 56   42.234482   -0.000053   -0.000008   -0.037898   -0.109897    0.128954
 57   42.465012    0.000031    0.000000   -0.053405   -0.288368    0.226130
 58   42.458084    0.000031   -0.000031   -0.046147   -0.283480    0.243051
 59   42.267990   -0.000122    0.000000   -0.035167   -0.319551    0.270407
 60   42.505928    0.000061   -0.000031    0.005112   -0.149405    0.124050
 61   42.233170   -0.000031    0.000000   -0.010305    0.135134   -0.115377
 62   42.352295   -0.000015   -0.000031   -0.090445    0.370192   -0.333036
 63   42.391693    0.000015    0.000000   -0.041803    0.248776   -0.203723
 64   42.497650    0.000034    0.000019   -0.018277    0.180666   -0.141150
 65   42.272705    0.000010    0.000032   -0.003756    0.058053   -0.044270
 66   29.239292  -56.044849  -91.389008    0.211101    1.024509   -0.112577
 67   42.375092    0.000015    0.000000    0.141350    0.080070   -0.428959
 68   42.546127    0.000015    0.000015    0.052658    0.033845   -0.101742
 69   42.234467    0.000034   -0.000015    0.007847    0.202766   -0.206556
 70   42.465042   -0.000031    0.000000   -0.033727    0.269833   -0.307374
 71   42.458115    0.000061   -0.000015   -0.035111    0.246260   -0.294647
 72   42.267921   -0.000061   -0.000031   -0.050091    0.241102   -0.289050
 73   42.505981    0.000092    0.000000   -0.000304   -0.000434    0.000522
 74   42.233131    0.000031   -0.000015   -0.018008   -0.252083    0.293920
 75   42.352142   -0.000015    0.000015   -0.023970   -0.265653    0.323975
 76   42.391815    0.000008    0.000000   -0.007687   -0.173669    0.215306
 77   42.497559    0.000027    0.000027   -0.002353   -0.093548    0.117151
 78   42.272705   -0.000015    0.000036    0.001795   -0.016414    0.020578
 79   26.925480 -103.347076    2.443637    0.000738   -0.527151   -1.207732
 80   42.375076    0.000000    0.000000    0.148733    0.464243    0.298457
 81   42.546036    0.000008    0.000002    0.007889    0.212089    0.181069
 82   42.234451    0.000038   -0.000019    0.031493    0.017094   -0.184485
 83   42.465057    0.000015   -0.000019    0.097386   -0.091236   -0.558786
 84   42.458038    0.000015   -0.000006    0.018561   -0.054603   -0.288292
 85   42.267960    0.000000   -0.000008    0.001714   -0.034280   -0.210186
 86   42.505966   -0.000031    0.000017   -0.012076   -0.071304   -0.480708
 87   42.233063   -0.000061   -0.000002   -0.045548   -0.063803   -0.500686
 88   42.352283   -0.000031    0.000006    0.004607    0.014558    0.031398
 89   42.391747   -0.000061    0.000007    0.082937    0.093905    0.683115
 90   42.497681    0.000000   -0.000010    0.005084    0.123111    0.605762
 91   42.272522    0.000000    0.000008   -0.031502    0.049794    0.273192
time 32
  0    0.000000    0.000000    0.000000    0.000000   -0.000000    0.000000
  1    0.000000    0.000000    0.000000    0.000000   -0.000000    0.000000
  2   13.149492    5.973232   54.040867    3.064587   -1.444878   -1.491823
  3   50.309204   -0.435478    0.000005   -0.000017   -0.304077    0.014098
  4   30.891548   -0.000011    0.000004    0.000017   -0.284455   -0.014097
  5   34.635590    0.000007    0.000008   -0.000000   -0.336775   -0.000001
  6   30.584290    0.000019    0.000008   -0.000000   -0.575055    0.000001
  7   31.520203   -0.000001    0.000000   -0.000000   -0.642451   -0.000001
  8   34.241211  -28.000031  -41.878036    0.930664   -0.568269    0.307242
  9   34.241135   23.441799  -41.878113   -0.923669   -0.566596   -0.308888
 10   35.246712  -52.543083    1.319122   -0.075288   -0.135701    0.527144
 11   35.246544   52.726311    1.318909    0.080147   -0.132900   -0.526417
 12   34.830017  -24.891922   45.588608   -1.016546    0.275730    0.258688
 13   34.885765   27.636587   43.767822    1.022850    0.277137   -0.255557
 14   29.239311  -51.573376   94.293007   -0.111653   -0.864524   -0.213675
 15   42.375092   -0.000008   -0.000004   -0.090567    0.091246   -0.075834
 16   42.546097    0.000019    0.000046   -0.048393    0.131801   -0.038445
 17   42.234512    0.000004    0.000015   -0.032033    0.128629   -0.010569
 18   42.465012    0.000023    0.000000    0.010302   -0.145558   -0.173289
 19   42.458130   -0.000038   -0.000008    0.109192   -0.431571   -0.438760
 20   42.268005    0.000031   -0.000015    0.025215   -0.243111   -0.251096
 21   42.505920    0.000000   -0.000015    0.067094   -0.337043   -0.377743
 22   42.233124    0.000000    0.000000    0.128265   -0.456650   -0.544822
 23   42.352303    0.000000   -0.000031    0.003599    0.048880    0.061437
 24   42.391708   -0.000092    0.000000    0.159154    0.466608    0.593446
 25   42.497482    0.000061   -0.000031    0.050009    0.276365    0.314522
 26   42.272736    0.000084   -0.000038    0.013450    0.148687    0.162451
 27   25.153732   53.658424   91.267548    1.436269   -0.774890    0.634134
 28   42.375084    0.000004   -0.000004    0.048182   -0.021416   -0.050209
 29   42.546066   -0.000004    0.000008    0.040159   -0.035468   -0.064598
 30   42.234451    0.000069   -0.000008    0.041552   -0.097466   -0.135718
 31   42.465057   -0.000053    0.000011    0.013233    0.077861    0.074194
 32   42.458069   -0.000015    0.000000    0.064789    0.351647    0.399237
 33   42.267975   -0.000015    0.000008    0.033671    0.230408    0.252762
 34   42.506042    0.000092    0.000000    0.018668    0.210802    0.217748
 35   42.233063   -0.000015    0.000000    0.176388    0.536153    0.631114
 36   42.352211   -0.000061    0.000000    0.043090    0.247473    0.259277
 37   42.391693    0.000031    0.000061    0.024738   -0.259102   -0.242076
 38   42.497643    0.000031    0.000031    0.096034   -0.467927   -0.484791
 39   42.272705    0.000153    0.000015    0.025614   -0.259696   -0.255335
 40   26.798172  103.710190    2.380129   -0.002721   -0.364737    1.436806
 41   42.375076    0.000000    0.000004   -0.090240    0.190553   -0.251511
 42   42.546158    0.000015    0.000002   -0.052310    0.204585   -0.325480
 43   42.234482   -0.000008   -0.000008    0.006466    0.112473   -0.131517
 44   42.465057   -0.000008   -0.000011   -0.058228   -0.019788    0.368912
 45   42.458099   -0.000008   -0.000004   -0.065090   -0.075768    0.519759
 46   42.267975   -0.000015    0.000006   -0.008550   -0.029948    0.220172
 47   42.505920   -0.000061    0.000015   -0.002435   -0.031831    0.276560
 48   42.233154    0.000000   -0.000005    0.014114   -0.077906    0.693894
 49   42.352196    0.000000    0.000010    0.024110   -0.017867    0.259550
 50   42.391640   -0.000031   -0.000001   -0.034282    0.038808   -0.321890
 51   42.497589    0.000031   -0.000014   -0.045199    0.101236   -0.762219
 52   42.272675    0.000015    0.000002    0.023651    0.072714   -0.466334
 53   27.013290   50.277985  -88.910217   -1.316392    0.575591    0.809460
 54   42.375076    0.000004   -0.000008   -0.007744   -0.018484    0.287678
 55   42.546082    0.000065    0.000000   -0.031687    0.027319    0.139576
 56   42.234558   -0.000019    0.000004   -0.036979   -0.097343    0.131824
 57   42.465027    0.000061   -0.000038   -0.057540   -0.277591    0.244217
 58   42.458069    0.000046   -0.000015   -0.055557   -0.282913    0.266992
 59   42.268005   -0.000076    0.000031   -0.051348   -0.332155    0.307683
 60   42.505928    0.000107   -0.000031   -0.001359   -0.167243    0.149018
 61   42.233170   -0.000031   -0.000031   -0.004932    0.126044   -0.114249
 62   42.352249    0.000046   -0.000031   -0.084870    0.366611   -0.354385
 63   42.391754    0.000076    0.000000   -0.039486    0.243288   -0.217833
 64   42.497650    0.000053   -0.000011   -0.017548    0.174790   -0.150409
 65   42.272705    0.000018    0.000000   -0.004179    0.066619   -0.056026
 66   29.239311  -56.044888  -91.389061    0.130682    0.855195   -0.171584
 67   42.375122   -0.000011   -0.000015    0.121823    0.160098   -0.363542
 68   42.546082    0.000004   -0.000008    0.053564    0.034659   -0.102540
 69   42.234467    0.000065   -0.000015    0.014532    0.174913   -0.185680
 70   42.465027    0.000008   -0.000015   -0.030825    0.272945   -0.311771
 71   42.458084    0.000061   -0.000015   -0.034281    0.256493   -0.311905
 72   42.267944   -0.000046   -0.000015   -0.060676    0.275537   -0.341692
 73   42.505959    0.000061   -0.000015   -0.004287    0.032686   -0.037737
 74   42.233162    0.000000   -0.000015   -0.017107   -0.224891    0.265421
 75   42.352203   -0.000015    0.000000   -0.031906   -0.284414    0.351361
 76   42.391815    0.000031   -0.000046   -0.009273   -0.179604    0.224014
 77   42.497589    0.000048   -0.000027   -0.003304   -0.102731    0.129364
 78   42.272736    0.000053   -0.000032    0.001651   -0.022417    0.028256
 79   27.369080 -104.006447    2.308922    0.002582   -0.482927   -1.207561
 80   42.375069   -0.000004    0.000008    0.144462    0.396738    0.313664
 81   42.546082    0.000000    0.000010    0.013917    0.198787    0.210344
 82   42.234528   -0.000008    0.000004    0.022100    0.025023   -0.164073
 83   42.465088   -0.000015    0.000004    0.083797   -0.069998   -0.558673
 84   42.458069    0.000000    0.000008    0.019415   -0.045041   -0.301572
 85   42.267883    0.000015    0.000004    0.003911   -0.027137   -0.218075
 86   42.505890    0.000000    0.000018   -0.004272   -0.058543   -0.521685
 87   42.233070   -0.000031   -0.000007   -0.033390   -0.053998   -0.540354
 88   42.352325   -0.000061    0.000005    0.003500    0.011887    0.032122
 89   42.391685    0.000000    0.000001    0.063983    0.077913    0.714894
 90   42.497620    0.000000   -0.000009   -0.001307    0.095148    0.607624
 91   42.272491    0.000008    0.000008   -0.026252    0.037342    0.275454
time 33
  0    0.000000    0.000000    0.000000    0.000000   -0.000000    0.000000
  1    0.000000    0.000000    0.000000    0.000000   -0.000000    0.000000
  2    9.083797    5.405906   43.837994    2.967376   -1.494080   -1.392754
  3   50.309216   -0.435478    0.000004   -0.000017   -0.299601    0.014098
  4   30.891548   -0.000011    0.000000    0.000017   -0.279978   -0.014097
  5   34.635605    0.000007    0.000000   -0.000000   -0.332299   -0.000001
  6   30.584290    0.000017    0.000008   -0.000000   -0.570579    0.000001
  7   31.520187    0.000000    0.000000   -0.000000   -0.637975   -0.000001
  8   34.241211  -28.000031  -41.878006    0.932780   -0.563491    0.307219
  9   34.241135   23.441803  -41.878098   -0.926086   -0.561890   -0.308794
 10   35.246719  -52.543091    1.319138   -0.072053   -0.129870    0.533631
 11   35.246552   52.726318    1.318924    0.076703   -0.127189   -0.532706
 12   34.830032  -24.891930   45.588608   -1.014882    0.283825    0.260249
 13   34.885780   27.636589   43.767822    1.020915    0.285171   -0.257252
 14   29.239323  -51.573353   94.292984   -0.073785   -0.912541   -0.313604
 15   42.375092    0.000004    0.000002   -0.091169    0.097696   -0.056396
 16   42.546066    0.000023    0.000004   -0.047899    0.126002   -0.013764
 17   42.234451    0.000000    0.000015   -0.030311    0.108355    0.007750
 18   42.464966    0.000008    0.000015   -0.003610   -0.104621   -0.137715
 19   42.458130   -0.000084    0.000031    0.125465   -0.447781   -0.520847
 20   42.268005    0.000000   -0.000031    0.055479   -0.316996   -0.372859
 21   42.505951    0.000000   -0.000031    0.090183   -0.360309   -0.457590
 22   42.233177   -0.000031   -0.000076    0.074273   -0.318444   -0.391924
 23   42.352287    0.000000   -0.000015    0.023116    0.192314    0.234793
 24   42.391651   -0.000031   -0.000031    0.164227    0.477650    0.656278
 25   42.497528    0.000046   -0.000031    0.026099    0.206050    0.251273
 26   42.272827    0.000069   -0.000046    0.006419    0.107486    0.128715
 27   26.041019   54.032852   91.473267    1.403277   -0.844663    0.647131
 28   42.375076    0.000008    0.000008    0.045799   -0.017001   -0.066484
 29   42.546097   -0.000015   -0.000004    0.038708   -0.035590   -0.083875
 30   42.234451    0.000046   -0.000019    0.035770   -0.075227   -0.124922
 31   42.465027   -0.000038    0.000019    0.014781    0.081251    0.076507
 32   42.458069    0.000008   -0.000023    0.067985    0.344122    0.399851
 33   42.267944   -0.000031   -0.000008    0.041754    0.260608    0.289913
 34   42.506012    0.000061   -0.000015    0.026058    0.246183    0.258952
 35   42.233063   -0.000015    0.000046    0.180968    0.545929    0.660376
 36   42.352234   -0.000061    0.000031    0.015426    0.151056    0.163042
 37   42.391701    0.000031    0.000000    0.063903   -0.358921   -0.369520
 38   42.497688    0.000031    0.000000    0.101323   -0.446284   -0.481475
 39   42.272644    0.000168    0.000000    0.022409   -0.222283   -0.223128
 40   27.328335  104.369652    2.241292   -0.004502   -0.349763    1.417048
 41   42.375061   -0.000011   -0.000015   -0.097384    0.186092   -0.283480
 42   42.546143    0.000008   -0.000002   -0.052058    0.183886   -0.350469
 43   42.234512   -0.000031   -0.000006    0.003007    0.082562   -0.073465
 44   42.465088   -0.000023   -0.000011   -0.052070   -0.018525    0.434981
 45   42.458099   -0.000015   -0.000004   -0.043431   -0.048298    0.473662
 46   42.267914   -0.000015    0.000005   -0.008294   -0.018450    0.220051
 47   42.505936    0.000000    0.000007   -0.006964   -0.024692    0.357645
 48   42.233093    0.000031   -0.000014    0.002428   -0.054322    0.732439
 49   42.352249    0.000000    0.000005    0.008327   -0.004786    0.151710
 50   42.391724    0.000000   -0.000003   -0.026916    0.044432   -0.466382
 51   42.497604    0.000061   -0.000012   -0.007896    0.079267   -0.736078
 52   42.272675    0.000000   -0.000008    0.026641    0.039508   -0.400361
 53   27.496723   50.371132  -89.448532   -1.376686    0.545926    0.688598
 54   42.375076   -0.000004   -0.000002   -0.017154   -0.034784    0.261202
 55   42.546082    0.000046   -0.000008   -0.032678    0.015093    0.131543
 56   42.234558   -0.000038   -0.000023   -0.035357   -0.087026    0.132719
 57   42.465012    0.000053   -0.000004   -0.058979   -0.261794    0.262220
 58   42.458115    0.000031   -0.000023   -0.063664   -0.276421    0.290334
 59   42.267990   -0.000076   -0.000046   -0.069619   -0.339950    0.348999
 60   42.505875    0.000092   -0.000015   -0.010572   -0.184614    0.178296
 61   42.233162   -0.000046   -0.000061    0.000597    0.116314   -0.112564
 62   42.352295    0.000015   -0.000031   -0.077391    0.360660   -0.376638
 63   42.391785    0.000031    0.000000   -0.036653    0.236269   -0.233207
 64   42.497528    0.000042    0.000027   -0.016551    0.166710   -0.159348
 65   42.272705    0.000001    0.000013   -0.004225    0.064088   -0.060168
 66   29.239323  -56.044868  -91.389053    0.077405    0.702240   -0.242739
 67   42.375107    0.000004   -0.000008    0.100374    0.202741   -0.279957
 68   42.546097    0.000000    0.000019    0.053288    0.046483   -0.095628
 69   42.234467    0.000069    0.000004    0.019411    0.147302   -0.162626
 70   42.464996   -0.000046   -0.000008   -0.027174    0.269932   -0.311684
 71   42.458130    0.000015   -0.000046   -0.031736    0.263642   -0.324539
 72   42.267883   -0.000092   -0.000015   -0.066559    0.302908   -0.387747
 73   42.505989    0.000061   -0.000015   -0.009316    0.075968   -0.090954
 74   42.233154    0.000061    0.000000   -0.016650   -0.188447    0.226983
 75   42.352127    0.000000    0.000000   -0.043486   -0.303561    0.382566
 76   42.391815    0.000000   -0.000023   -0.011686   -0.186538    0.234400
 77   42.497559    0.000027   -0.000023   -0.004568   -0.113711    0.144047
 78   42.272705    0.000017   -0.000017    0.001515   -0.029211    0.037010
 79   27.775227 -104.610115    2.185563    0.004364   -0.442675   -1.212836
 80   42.375076    0.000008    0.000008    0.133891    0.322864    0.313963
 81   42.546036    0.000008    0.000004    0.024802    0.185171    0.246219
 82   42.234497    0.000008   -0.000004    0.011749    0.034244   -0.135626
 83   42.465103    0.000008   -0.000004    0.064234   -0.046940   -0.557333
 84   42.458038    0.000015   -0.000002    0.018379   -0.032577   -0.321857
 85   42.267883    0.000000   -0.000005    0.005357   -0.017447   -0.227505
 86   42.505920    0.000000    0.000016    0.003909   -0.038124   -0.557400
 87   42.233040   -0.000031   -0.000008   -0.015611   -0.037858   -0.559195
 88   42.352287    0.000031    0.000003    0.002360    0.009895    0.038281
 89   42.391735    0.000000   -0.000003    0.035698    0.062838    0.732508
 90   42.497498   -0.000031   -0.000017   -0.011411    0.064907    0.600562
 91   42.272522   -0.000008    0.000019   -0.021873    0.023270    0.277409
time 34
  0    0.000000    0.000000    0.000000    0.000000   -0.000000    0.000000
  1    0.000000    0.000000    0.000000    0.000000   -0.000000    0.000000
  2    5.230450    4.747285   34.491009    2.819903   -1.537413   -1.243716
  3   50.309212   -0.435478    0.000004   -0.000017   -0.287799    0.014098
  4   30.891541   -0.000011    0.000002    0.000017   -0.268176   -0.014097
  5   34.635620    0.000006   -0.000011   -0.000000   -0.320497   -0.000001
  6   30.584282    0.000018    0.000008   -0.000000   -0.558777    0.000001
  7   31.520187   -0.000000    0.000015   -0.000000   -0.626173   -0.000001
  8   34.241196  -28.000036  -41.878021    0.938359   -0.550894    0.307157
  9   34.241127   23.441801  -41.878113   -0.932457   -0.549483   -0.308545
 10   35.246696  -52.543087    1.319138   -0.063525   -0.114497    0.540166
 11   35.246544   52.726318    1.318924    0.067624   -0.112134   -0.539215
 12   34.830009  -24.891930   45.588608   -1.010496    0.305166    0.264363
 13   34.885769   27.636587   43.767822    1.015814    0.306352   -0.261720
 14   29.239323  -51.573372   94.292999   -0.006931   -0.944734   -0.432663
 15   42.375092    0.000006   -0.000008   -0.091952    0.097956   -0.033399
 16   42.546097    0.000023    0.000027   -0.048045    0.116168    0.008781
 17   42.234467    0.000008    0.000011   -0.029446    0.091671    0.021973
 18   42.465042    0.000008   -0.000015   -0.011105   -0.078475   -0.109325
 19   42.458099   -0.000076    0.000008    0.134739   -0.456072   -0.580992
 20   42.267975    0.000031    0.000000    0.096456   -0.384363   -0.503243
 21   42.505913    0.000000   -0.000031    0.087859   -0.334670   -0.456350
 22   42.233170   -0.000031   -0.000031    0.046490   -0.220461   -0.279729
 23   42.352257    0.000061   -0.000015    0.052086    0.300216    0.389766
 24   42.391724   -0.000061    0.000000    0.135313    0.440886    0.626937
 25   42.497498   -0.000031   -0.000015    0.015836    0.163614    0.211619
 26   42.272858    0.000069   -0.000004    0.003595    0.084197    0.107939
 27   26.837914   54.369179   91.658112    1.387728   -0.902962    0.636196
 28   42.375092    0.000004    0.000008    0.042486   -0.006644   -0.079526
 29   42.546082   -0.000027    0.000008    0.036168   -0.029743   -0.096810
 30   42.234497    0.000069   -0.000011    0.030824   -0.053140   -0.110542
 31   42.465057   -0.000061   -0.000015    0.016663    0.081884    0.076266
 32   42.458069    0.000023    0.000000    0.072180    0.340486    0.401104
 33   42.267914   -0.000015    0.000008    0.050551    0.294580    0.329722
 34   42.506042    0.000092    0.000015    0.033082    0.284454    0.305982
 35   42.233093    0.000031    0.000000    0.154554    0.523966    0.641798
 36   42.352226   -0.000122    0.000061    0.001555    0.059534    0.071843
 37   42.391708    0.000031    0.000000    0.125846   -0.447721   -0.514786
 38   42.497696    0.000046    0.000015    0.086741   -0.390609   -0.427356
 39   42.272675    0.000153    0.000031    0.017988   -0.182789   -0.185783
 40   27.804478  104.961899    2.116600   -0.005714   -0.329309    1.354105
 41   42.375069    0.000008   -0.000004   -0.094896    0.177649   -0.293225
 42   42.546143    0.000008   -0.000003   -0.047917    0.158186   -0.348973
 43   42.234467   -0.000023   -0.000002    0.000346    0.060725   -0.012441
 44   42.465088    0.000015   -0.000004   -0.041331   -0.013268    0.493498
 45   42.458099    0.000038   -0.000004   -0.027310   -0.025407    0.425998
 46   42.267883    0.000000    0.000002   -0.008355   -0.008771    0.230164
 47   42.505920    0.000000    0.000002   -0.013381   -0.015135    0.481821
 48   42.233124   -0.000031   -0.000013   -0.008619   -0.030478    0.676276
 49   42.352253    0.000031    0.000002    0.000765    0.002711    0.043335
 50   42.391678    0.000031   -0.000004   -0.009599    0.047750   -0.616960
 51   42.497635    0.000061   -0.000012    0.018783    0.050133   -0.659743
 52   42.272736   -0.000008    0.000000    0.023659    0.016124   -0.336683
 53   27.930916   50.454796  -89.932068   -1.425886    0.522809    0.585366
 54   42.375122   -0.000008    0.000000   -0.027026   -0.047913    0.228944
 55   42.546051    0.000023   -0.000011   -0.033959    0.002699    0.117263
 56   42.234497   -0.000015    0.000000   -0.033461   -0.078669    0.128090
 57   42.465012    0.000069   -0.000008   -0.058055   -0.248026    0.273660
 58   42.458099    0.000038    0.000008   -0.068490   -0.270924    0.306672
 59   42.267990   -0.000092    0.000015   -0.085011   -0.348425    0.385593
 60   42.505966    0.000092   -0.000031   -0.020868   -0.208042    0.213240
 61   42.233185   -0.000092   -0.000046    0.004824    0.104260   -0.105422
 62   42.352280   -0.000015   -0.000031   -0.072363    0.357604   -0.393702
 63   42.391693    0.000061   -0.000015   -0.035224    0.233736   -0.246770
 64   42.497528    0.000061   -0.000004   -0.015953    0.161655   -0.166042
 65   42.272675    0.000018    0.000002   -0.004323    0.063316   -0.063974
 66   29.239330  -56.044876  -91.389069    0.048874    0.601628   -0.317280
 67   42.375092   -0.000011   -0.000019    0.086535    0.201730   -0.199101
 68   42.546112   -0.000008    0.000031    0.052196    0.057415   -0.076794
 69   42.234467    0.000023    0.000008    0.022204    0.124215   -0.138350
 70   42.465027   -0.000038    0.000011   -0.024990    0.264171   -0.311046
 71   42.458099    0.000031   -0.000008   -0.029322    0.268030   -0.332202
 72   42.267914   -0.000015    0.000015   -0.067347    0.320711   -0.419682
 73   42.505974    0.000092    0.000046   -0.015053    0.125205   -0.155487
 74   42.233147    0.000000    0.000000   -0.016284   -0.149627    0.184649
 75   42.352188   -0.000031    0.000046   -0.057476   -0.320006    0.413257
 76   42.391754    0.000000    0.000000   -0.014737   -0.193540    0.244943
 77   42.497589    0.000019    0.000015   -0.006028   -0.124917    0.158984
 78   42.272736   -0.000046   -0.000006    0.001433   -0.035791    0.045520
 79   28.140045 -105.152405    2.074773    0.005640   -0.398696   -1.214621
 80   42.375099   -0.000011    0.000008    0.117038    0.255075    0.301508
 81   42.546036    0.000000    0.000009    0.035064    0.166231    0.276020
 82   42.234497   -0.000008   -0.000006    0.004471    0.040376   -0.107219
 83   42.465088   -0.000031    0.000000    0.044261   -0.028419   -0.556162
 84   42.458038    0.000000    0.000000    0.015174   -0.020135   -0.341304
 85   42.268005    0.000031    0.000000    0.005767   -0.008268   -0.240414
 86   42.505981    0.000000    0.000011    0.009947   -0.018141   -0.600137
 87   42.233093    0.000061   -0.000011   -0.000170   -0.021516   -0.546920
 88   42.352314    0.000031   -0.000002    0.001197    0.008836    0.058745
 89   42.391724   -0.000061   -0.000007    0.009457    0.049546    0.749744
 90   42.497681    0.000031   -0.000019   -0.019415    0.037881    0.576180
 91   42.272583   -0.000011    0.000027   -0.017623    0.010809    0.272849
time 35
  0    0.000000    0.000000    0.000000    0.000000   -0.000000    0.000000
  1    0.000000    0.000000    0.000000    0.000000   -0.000000    0.000000
  2    2.650200    4.075623   25.367016    2.615610   -1.560324   -1.038759
  3   50.309212   -0.435479    0.000004   -0.000017   -0.271114    0.014098
  4   30.891541   -0.000011   -0.000004    0.000017   -0.251491   -0.014097
  5   34.635597    0.000006   -0.000008   -0.000000   -0.303811   -0.000001
  6   30.584290    0.000017   -0.000008   -0.000000   -0.542091    0.000001
  7   31.520180   -0.000001    0.000015   -0.000000   -0.609487   -0.000001
  8   34.241180  -28.000038  -41.877991    0.946246   -0.533086    0.307069
  9   34.241104   23.441803  -41.878098   -0.941465   -0.531943   -0.308193
 10   35.246685  -52.543098    1.319122   -0.051467   -0.092764    0.546467
 11   35.246525   52.726315    1.318909    0.054788   -0.090849   -0.545618
 12   34.830017  -24.891930   45.588608   -1.004294    0.335337    0.270178
 13   34.885773   27.636589   43.767822    1.008602    0.336298   -0.268038
 14   29.239307  -51.573372   94.292900    0.043757   -0.927639   -0.503832
 15   42.375053   -0.000002   -0.000023   -0.094551    0.081443   -0.019816
 16   42.546051    0.000031   -0.000011   -0.049570    0.097318    0.019199
 17   42.234436    0.000000   -0.000004   -0.029275    0.075891    0.028039
 18   42.464966    0.000046   -0.000008   -0.014195   -0.068945   -0.095126
 19   42.458069   -0.000069    0.000015    0.129511   -0.449912   -0.595309
 20   42.267944    0.000015   -0.000008    0.121746   -0.414993   -0.573861
 21   42.505928   -0.000031   -0.000031    0.079143   -0.310978   -0.428503
 22   42.233147   -0.000031   -0.000046    0.040079   -0.192834   -0.247209
 23   42.352295    0.000031    0.000000    0.074391    0.352906    0.474140
 24   42.391693   -0.000122   -0.000015    0.122016    0.421151    0.604098
 25   42.497437   -0.000008   -0.000023    0.011951    0.144197    0.189897
 26   42.272705    0.000034   -0.000034    0.002520    0.074186    0.097131
 27   27.535809   54.663704   91.819862    1.408471   -0.906743    0.586852
 28   42.375053    0.000000   -0.000015    0.041417    0.007505   -0.071462
 29   42.546082   -0.000042    0.000027    0.034360   -0.019536   -0.089270
 30   42.234436    0.000031   -0.000011    0.027532   -0.035894   -0.089574
 31   42.465027   -0.000084    0.000008    0.018640    0.082986    0.076900
 32   42.458008   -0.000023    0.000000    0.075897    0.342410    0.395057
 33   42.267853   -0.000031    0.000008    0.056120    0.326448    0.357490
 34   42.506042    0.000061   -0.000031    0.038833    0.321092    0.356216
 35   42.233055    0.000031    0.000000    0.117066    0.478940    0.592785
 36   42.352226   -0.000061   -0.000031    0.000611   -0.028862   -0.021180
 37   42.391716    0.000061    0.000031    0.187171   -0.510558   -0.640624
 38   42.497650    0.000031   -0.000031    0.060392   -0.316390   -0.342688
 39   42.272675    0.000175   -0.000023    0.013827   -0.149073   -0.152658
 40   28.221481  105.480598    2.007385   -0.006224   -0.291500    1.258312
 41   42.375069    0.000008   -0.000011   -0.078713    0.160782   -0.273858
 42   42.546112   -0.000004   -0.000003   -0.038891    0.131803   -0.323271
 43   42.234436   -0.000008   -0.000002   -0.000404    0.047461    0.029175
 44   42.465073   -0.000023   -0.000004   -0.032345   -0.009238    0.531872
 45   42.458069   -0.000023    0.000002   -0.018594   -0.013206    0.392750
 46   42.267944    0.000031    0.000006   -0.008352   -0.003543    0.250753
 47   42.505936   -0.000031    0.000008   -0.018006   -0.008340    0.604052
 48   42.233109    0.000031   -0.000010   -0.011497   -0.018388    0.566732
 49   42.352219   -0.000031    0.000000    0.000064    0.006835   -0.048806
 50   42.391689    0.000000   -0.000005    0.003768    0.044539   -0.719849
 51   42.497620    0.000000   -0.000008    0.024169    0.027859   -0.569178
 52   42.272675    0.000008   -0.000002    0.017804    0.005822   -0.286612
 53   28.311157   50.528061  -90.355431   -1.449642    0.530071    0.533193
 54   42.375099   -0.000011    0.000006   -0.034795   -0.046806    0.186854
 55   42.546051    0.000011    0.000011   -0.035142    0.001169    0.092240
 56   42.234543   -0.000061   -0.000023   -0.031760   -0.069717    0.116102
 57   42.464966    0.000031    0.000008   -0.056898   -0.241400    0.278161
 58   42.458023    0.000023   -0.000008   -0.070616   -0.270810    0.314716
 59   42.267929   -0.000107    0.000046   -0.095415   -0.361379    0.412501
 60   42.505913    0.000107    0.000046   -0.030920   -0.239200    0.251724
 61   42.233185   -0.000092   -0.000046    0.007005    0.091226   -0.093478
 62   42.352234    0.000000    0.000000   -0.071864    0.359613   -0.403221
 63   42.391724    0.000046    0.000076   -0.035983    0.237942   -0.257174
 64   42.497498    0.000061    0.000015   -0.015896    0.161012   -0.169413
 65   42.272797    0.000010    0.000051   -0.004439    0.064568   -0.066875
 66   29.239315  -56.044865  -91.388962    0.027816    0.573392   -0.381291
 67   42.375084    0.000008    0.000004    0.084644    0.169794   -0.135625
 68   42.546082    0.000004    0.000019    0.052051    0.052987   -0.050132
 69   42.234436    0.000031    0.000015    0.023881    0.107332   -0.116623
 70   42.465042   -0.000023    0.000004   -0.023329    0.256576   -0.307088
 71   42.458115   -0.000008   -0.000015   -0.028084    0.269421   -0.334921
 72   42.267929   -0.000107    0.000000   -0.070711    0.337079   -0.447280
 73   42.505966    0.000061    0.000031   -0.021918    0.170250   -0.216770
 74   42.233124    0.000000   -0.000031   -0.015023   -0.118555    0.148634
 75   42.352158   -0.000031    0.000000   -0.068164   -0.330490    0.434657
 76   42.391815   -0.000031   -0.000031   -0.017875   -0.201303    0.256095
 77   42.497528    0.000000   -0.000015   -0.007442   -0.134157    0.171182
 78   42.272675   -0.000032   -0.000019    0.001350   -0.040965    0.052194
 79   28.459503 -105.627243    1.977749    0.006201   -0.342285   -1.185194
 80   42.375107    0.000011    0.000000    0.091814    0.201043    0.272982
 81   42.546021   -0.000023    0.000005    0.036974    0.142813    0.285832
 82   42.234512   -0.000008   -0.000004    0.001413    0.040733   -0.088649
 83   42.465057    0.000008    0.000002    0.031188   -0.018774   -0.559012
 84   42.458038    0.000000    0.000008    0.011726   -0.012488   -0.352975
 85   42.267914    0.000000    0.000004    0.005444   -0.003202   -0.259362
 86   42.505920    0.000000    0.000020    0.012312   -0.007507   -0.657028
 87   42.233078    0.000031   -0.000010    0.005744   -0.012105   -0.496101
 88   42.352325    0.000031    0.000000    0.000023    0.008536    0.098831
 89   42.391766    0.000000   -0.000006   -0.003853    0.038645    0.770464
 90   42.497620    0.000015   -0.000011   -0.019542    0.020856    0.531936
 91   42.272430    0.000000    0.000029   -0.013252    0.004253    0.259721
time 36
  0    0.000000    0.000000    0.000000    0.000000   -0.000000    0.000000
  1    0.000000    0.000000    0.000000    0.000000   -0.000000    0.000000
  2    1.356902    3.234414   15.506197    2.333488   -1.566334   -0.757042
  3   50.309212   -0.435479    0.000004   -0.000017   -0.251987    0.014098
  4   30.891541   -0.000011    0.000002    0.000017   -0.232364   -0.014097
  5   34.635597    0.000007    0.000000   -0.000000   -0.284684   -0.000001
  6   30.584290    0.000018    0.000008   -0.000000   -0.522964    0.000001
  7   31.520187   -0.000001    0.000000   -0.000000   -0.590360   -0.000001
  8   34.241196  -28.000034  -41.878021    0.955287   -0.512671    0.306969
  9   34.241123   23.441803  -41.878113   -0.951792   -0.511835   -0.307790
 10   35.246704  -52.543091    1.319107   -0.037644   -0.067850    0.552253
 11   35.246540   52.726315    1.318909    0.040073   -0.066450   -0.551589
 12   34.830017  -24.891928   45.588600   -0.997186    0.369923    0.276846
 13   34.885769   27.636589   43.767815    1.000335    0.370625   -0.275280
 14   29.239315  -51.573391   94.292992    0.048833   -0.868476   -0.504922
 15   42.375099    0.000002   -0.000011   -0.097725    0.052140   -0.017798
 16   42.546082    0.000031    0.000008   -0.051622    0.073112    0.018367
 17   42.234497    0.000023   -0.000004   -0.029461    0.061649    0.028320
 18   42.465057    0.000000    0.000023   -0.014932   -0.072948   -0.096212
 19   42.458038   -0.000076   -0.000008    0.118871   -0.437732   -0.586661
 20   42.267944    0.000031   -0.000023    0.115245   -0.403003   -0.562615
 21   42.505974    0.000000   -0.000031    0.078003   -0.309124   -0.422752
 22   42.233162   -0.000031   -0.000031    0.045021   -0.210164   -0.270183
 23   42.352257    0.000031    0.000000    0.087423    0.375256    0.510797
 24   42.391739   -0.000031   -0.000031    0.118958    0.415993    0.595230
 25   42.497498   -0.000023   -0.000046    0.010205    0.135593    0.178262
 26   42.272705    0.000013   -0.000082    0.001950    0.069836    0.091404
 27   28.126129   54.912811   91.956833    1.451984   -0.847823    0.515307
 28   42.375061    0.000017    0.000011    0.044156    0.024164   -0.036936
 29   42.546097   -0.000011   -0.000004    0.034568   -0.004396   -0.061635
 30   42.234467    0.000042    0.000004    0.026240   -0.021453   -0.066214
 31   42.465057   -0.000053   -0.000004    0.020555    0.094701    0.091388
 32   42.458038   -0.000023   -0.000008    0.081289    0.352086    0.401004
 33   42.267883    0.000023    0.000000    0.052820    0.320991    0.345071
 34   42.505981    0.000122    0.000015    0.051794    0.358651    0.410036
 35   42.233063    0.000031    0.000092    0.091158    0.433562    0.535025
 36   42.352203   -0.000092    0.000046    0.012499   -0.138400   -0.143835
 37   42.391705    0.000092    0.000092    0.212995   -0.535787   -0.694138
 38   42.497742    0.000092    0.000031    0.036125   -0.240350   -0.255816
 39   42.272614    0.000191    0.000015    0.010285   -0.120489   -0.124000
 40   28.574196  105.919289    1.915011   -0.005767   -0.234181    1.151175
 41   42.375061    0.000004   -0.000004   -0.053225    0.130972   -0.229362
 42   42.546112   -0.000015   -0.000000   -0.028512    0.105359   -0.291828
 43   42.234467   -0.000023   -0.000002   -0.000427    0.038557    0.046021
 44   42.465088   -0.000023   -0.000004   -0.026070   -0.007163    0.550148
 45   42.458099    0.000015    0.000000   -0.014126   -0.008487    0.380613
 46   42.267914    0.000015    0.000000   -0.007896   -0.001915    0.278718
 47   42.505951   -0.000015    0.000004   -0.018197   -0.006769    0.692856
 48   42.233124    0.000061   -0.000009   -0.008209   -0.012741    0.459634
 49   42.352257    0.000000    0.000000    0.000589    0.008538   -0.122168
 50   42.391758    0.000000   -0.000003    0.007411    0.036481   -0.762342
 51   42.497681    0.000031   -0.000011    0.019365    0.016414   -0.497482
 52   42.272736    0.000008    0.000002    0.012665    0.002860   -0.256615
 53   28.632809   50.590050  -90.713684   -1.451005    0.558417    0.523980
 54   42.375099    0.000011   -0.000010   -0.039231   -0.033727    0.140677
 55   42.546082    0.000031    0.000015   -0.035873    0.009887    0.062520
 56   42.234528   -0.000031   -0.000023   -0.029857   -0.055023    0.096935
 57   42.465027    0.000038   -0.000008   -0.054979   -0.235227    0.275849
 58   42.458099    0.000031   -0.000023   -0.071572   -0.272991    0.319252
 59   42.268021   -0.000076   -0.000015   -0.101412   -0.371843    0.429604
 60   42.505928    0.000092   -0.000046   -0.044321   -0.282023    0.302300
 61   42.233200   -0.000031   -0.000031    0.008653    0.071606   -0.073603
 62   42.352272    0.000031   -0.000031   -0.072299    0.360258   -0.406151
 63   42.391754    0.000046    0.000000   -0.038950    0.248378   -0.270696
 64   42.497620    0.000046   -0.000053   -0.016439    0.163462   -0.173044
 65   42.272827    0.000024   -0.000005   -0.004704    0.068112   -0.070959
 66   29.239323  -56.044868  -91.389053    0.010493    0.586292   -0.418451
 67   42.375092    0.000000    0.000000    0.088771    0.128578   -0.092565
 68   42.546112    0.000000    0.000008    0.052874    0.036746   -0.026502
 69   42.234482    0.000034   -0.000015    0.025902    0.089170   -0.094042
 70   42.464966   -0.000023    0.000000   -0.020488    0.247955   -0.297403
 71   42.458099    0.000031   -0.000015   -0.027446    0.269603   -0.335401
 72   42.267914   -0.000076   -0.000015   -0.075525    0.349229   -0.466809
 73   42.505981    0.000122   -0.000015   -0.034206    0.219351   -0.284056
 74   42.233154    0.000031   -0.000031   -0.012458   -0.090092    0.113247
 75   42.352173    0.000000   -0.000015   -0.072763   -0.335445    0.443917
 76   42.391815    0.000000    0.000000   -0.021587   -0.213169    0.272007
 77   42.497528    0.000046   -0.000011   -0.008693   -0.140926    0.179853
 78   42.272644    0.000003   -0.000032    0.000660   -0.054217    0.069048
 79   28.729729 -106.028885    1.895687    0.005760   -0.271236   -1.108964
 80   42.375092   -0.000008   -0.000004    0.060018    0.152798    0.223476
 81   42.546066   -0.000015    0.000004    0.030707    0.115963    0.273679
 82   42.234512   -0.000015   -0.000011    0.000426    0.037235   -0.075575
 83   42.465027   -0.000038   -0.000008    0.023904   -0.014173   -0.561915
 84   42.458069   -0.000008   -0.000010    0.009384   -0.009245   -0.362461
 85   42.267944    0.000031   -0.000010    0.004872   -0.001717   -0.284636
 86   42.505951    0.000000    0.000011    0.011674   -0.004965   -0.713715
 87   42.233009   -0.000031   -0.000007    0.004887   -0.008005   -0.425653
 88   42.352268   -0.000031    0.000002   -0.000526    0.008085    0.147114
 89   42.391724    0.000000   -0.000004   -0.006259    0.029319    0.779865
 90   42.497528    0.000000   -0.000025   -0.014847    0.012584    0.483313
 91   42.272522    0.000004    0.000017   -0.009418    0.002280    0.245338
time 37
  0    0.000000    0.000000    0.000000    0.000000   -0.000000    0.000000
  1    0.000000    0.000000    0.000000    0.000000   -0.000000    0.000000
  2    0.572443    2.171491    5.330495    1.977956   -1.569415   -0.402627
  3   50.309212   -0.435479    0.000004   -0.000017   -0.232860    0.014098
  4   30.891544   -0.000011    0.000000    0.000017   -0.213237   -0.014097
  5   34.635597    0.000007    0.000000   -0.000000   -0.265557   -0.000001
  6   30.584290    0.000018    0.000008   -0.000000   -0.503837    0.000001
  7   31.520187   -0.000000    0.000015   -0.000000   -0.571233   -0.000001
  8   34.241192  -28.000034  -41.878006    0.964328   -0.492256    0.306869
  9   34.241131   23.441799  -41.878098   -0.962118   -0.491727   -0.307386
 10   35.246708  -52.543091    1.319138   -0.023822   -0.042937    0.557243
 11   35.246540   52.726318    1.318924    0.025359   -0.042050   -0.556800
 12   34.830021  -24.891926   45.588608   -0.990077    0.404509    0.283513
 13   34.885769   27.636589   43.767815    0.992068    0.404953   -0.282521
 14   29.239317  -51.573353   94.292984    0.043106   -0.802925   -0.492157
 15   42.375069    0.000004    0.000002   -0.099206    0.026687   -0.016659
 16   42.546066    0.000031    0.000011   -0.053059    0.053385    0.016844
 17   42.234436    0.000015    0.000031   -0.029781    0.051199    0.028728
 18   42.464966   -0.000004    0.000004   -0.013959   -0.086764   -0.108215
 19   42.458069   -0.000061    0.000008    0.117427   -0.438507   -0.588825
 20   42.267960    0.000000   -0.000015    0.089769   -0.368030   -0.502334
 21   42.505905   -0.000031   -0.000015    0.079597   -0.317458   -0.433204
 22   42.233231    0.000031   -0.000046    0.051485   -0.234508   -0.303714
 23   42.352310    0.000061    0.000015    0.099939    0.392040    0.537941
 24   42.391754   -0.000061    0.000000    0.113634    0.407866    0.576700
 25   42.497528    0.000023   -0.000023    0.008770    0.129076    0.167972
 26   42.272705    0.000061   -0.000017    0.001454    0.067036    0.086962
 27   28.600245   55.112900   92.066742    1.491899   -0.762666    0.445947
 28   42.375069   -0.000004    0.000000    0.047563    0.039975    0.003714
 29   42.546097   -0.000008    0.000010    0.035824    0.015653   -0.026545
 30   42.234482    0.000050   -0.000023    0.025987   -0.004844   -0.043389
 31   42.465027   -0.000046    0.000004    0.023458    0.122044    0.127726
 32   42.458069    0.000015   -0.000008    0.086732    0.354157    0.417434
 33   42.267853   -0.000008   -0.000008    0.045314    0.275199    0.300626
 34   42.505997    0.000076    0.000015    0.078269    0.403485    0.468604
 35   42.233078    0.000000    0.000000    0.071362    0.391409    0.468095
 36   42.352242   -0.000153    0.000015    0.048542   -0.277410   -0.310864
 37   42.391655    0.000000    0.000031    0.179041   -0.499915   -0.627946
 38   42.497650    0.000107    0.000000    0.023233   -0.187141   -0.197900
 39   42.272644    0.000179   -0.000008    0.007785   -0.097035   -0.100306
 40   28.857492  106.271675    1.840838   -0.004622   -0.169531    1.043978
 41   42.375046   -0.000015   -0.000002   -0.030036    0.093277   -0.178108
 42   42.546082    0.000000    0.000001   -0.019246    0.077478   -0.259934
 43   42.234467    0.000031   -0.000002   -0.000196    0.030715    0.045478
 44   42.465057    0.000000   -0.000008   -0.019327   -0.004688    0.555952
 45   42.458099    0.000008   -0.000006   -0.010695   -0.005565    0.383332
 46   42.267914   -0.000015   -0.000001   -0.006902   -0.000968    0.311106
 47   42.505905   -0.000015    0.000004   -0.015699   -0.005428    0.752073
 48   42.233078   -0.000031   -0.000009   -0.005074   -0.008183    0.371241
 49   42.352226    0.000000    0.000005    0.000951    0.008182   -0.180358
 50   42.391655    0.000031   -0.000003    0.007754    0.026487   -0.768027
 51   42.497559    0.000015   -0.000010    0.013682    0.009533   -0.446783
 52   42.272705    0.000008   -0.000004    0.008641    0.001496   -0.238923
 53   28.891127   50.639797  -91.001358   -1.446707    0.590092    0.526652
 54   42.375092    0.000004   -0.000011   -0.042241   -0.018160    0.096779
 55   42.546097    0.000034   -0.000004   -0.036580    0.020035    0.033840
 56   42.234543   -0.000015    0.000000   -0.028033   -0.035111    0.071258
 57   42.465027    0.000053   -0.000008   -0.051360   -0.224173    0.265340
 58   42.458069    0.000038    0.000000   -0.072412   -0.276706    0.323949
 59   42.268005   -0.000076   -0.000031   -0.102351   -0.374411    0.434295
 60   42.505966    0.000107   -0.000031   -0.064171   -0.335957    0.368326
 61   42.233177   -0.000031   -0.000061    0.010078    0.044011   -0.045316
 62   42.352264    0.000000   -0.000031   -0.070649    0.354602   -0.400155
 63   42.391693    0.000046    0.000015   -0.044249    0.264926   -0.290658
 64   42.497528    0.000061   -0.000038   -0.017509    0.168144   -0.178372
 65   42.272797    0.000020   -0.000003   -0.005171    0.073745   -0.076923
 66   29.239317  -56.044865  -91.389008   -0.004940    0.610878   -0.445937
 67   42.375092   -0.000008   -0.000008    0.093056    0.088146   -0.059700
 68   42.546082    0.000008    0.000031    0.053710    0.016365   -0.005794
 69   42.234451    0.000042   -0.000004    0.027952    0.066687   -0.068029
 70   42.465027   -0.000015    0.000008   -0.016361    0.235829   -0.281084
 71   42.458099    0.000034    0.000000   -0.026957    0.270410   -0.336101
 72   42.267975   -0.000031    0.000031   -0.076346    0.353415   -0.473077
 73   42.505966    0.000076   -0.000031   -0.052994    0.275361   -0.363958
 74   42.233078    0.000031   -0.000031   -0.010185   -0.058946    0.074179
 75   42.352173    0.000000   -0.000031   -0.073320   -0.332895    0.441129
 76   42.391785    0.000015    0.000000   -0.027168   -0.230113    0.294717
 77   42.497498    0.000084   -0.000031   -0.009969   -0.146625    0.186907
 78   42.272736   -0.000005    0.000000    0.000166   -0.060772    0.077234
 79   28.946764 -106.351387    1.829757    0.004621   -0.194981   -1.026215
 80   42.375069   -0.000010    0.000002    0.033802    0.104612    0.174270
 81   42.546036    0.000004    0.000004    0.022254    0.085857    0.253683
 82   42.234497   -0.000008   -0.000005   -0.000040    0.031717   -0.057470
 83   42.465057   -0.000015    0.000000    0.017328   -0.009702   -0.560577
 84   42.458099   -0.000023   -0.000004    0.007382   -0.006776   -0.376521
 85   42.267914   -0.000015   -0.000003    0.004162   -0.000885   -0.313994
 86   42.505951    0.000000    0.000017    0.009931   -0.003544   -0.758281
 87   42.233063    0.000031   -0.000010    0.003357   -0.005118   -0.358729
 88   42.352283    0.000092   -0.000000   -0.000802    0.006843    0.190493
 89   42.391724    0.000031   -0.000009   -0.006094    0.020542    0.773558
 90   42.497559    0.000000   -0.000020   -0.010254    0.007433    0.443021
 91   42.272461   -0.000002    0.000021   -0.006397    0.001277    0.234918
time 38
  0    0.000000    0.000000    0.000000    0.000000   -0.000000    0.000000
  1    0.000000    0.000000    0.000000    0.000000   -0.000000    0.000000
  2    0.169613    1.121611   -3.720373    1.573814   -1.570796    0.000000
  3   50.309216   -0.435479    0.000004   -0.000017   -0.216174    0.014098
  4   30.891537   -0.000011    0.000001    0.000017   -0.196552   -0.014097
  5   34.635605    0.000007   -0.000004   -0.000000   -0.248872   -0.000001
  6   30.584297    0.000018    0.000000   -0.000000   -0.487152    0.000001
  7   31.520187   -0.000000    0.000008   -0.000000   -0.554548   -0.000001
  8   34.241188  -28.000034  -41.878021    0.972215   -0.474447    0.306782
  9   34.241127   23.441803  -41.878113   -0.971126   -0.474187   -0.307034
 10   35.246696  -52.543087    1.319122   -0.011764   -0.021203    0.561155
 11   35.246544   52.726318    1.318924    0.012523   -0.020766   -0.560927
 12   34.830009  -24.891928   45.588593   -0.983875    0.434680    0.289328
 13   34.885773   27.636589   43.767822    0.984856    0.434899   -0.288839
 14   29.239313  -51.573364   94.292969    0.038982   -0.749195   -0.485008
 15   42.375069   -0.000011    0.000000   -0.099213    0.011987   -0.012405
 16   42.546112    0.000042    0.000000   -0.053617    0.043021    0.020271
 17   42.234467    0.000015    0.000008   -0.030031    0.044260    0.030842
 18   42.464966    0.000019   -0.000008   -0.011026   -0.111478   -0.132679
 19   42.458099   -0.000061    0.000008    0.121179   -0.446235   -0.598271
 20   42.267914    0.000015    0.000000    0.059171   -0.317881   -0.419178
 21   42.505875    0.000000   -0.000015    0.081586   -0.328677   -0.448242
 22   42.233170    0.000000   -0.000061    0.058320   -0.260017   -0.340001
 23   42.352306    0.000031   -0.000031    0.113483    0.407905    0.563810
 24   42.391693   -0.000046   -0.000031    0.105468    0.395431    0.549614
 25   42.497528    0.000038    0.000000    0.007435    0.123156    0.158169
 26   42.272858    0.000061    0.000002    0.000986    0.064784    0.083045
 27   28.949556   55.260334   92.147766    1.516255   -0.680292    0.400598
 28   42.375076   -0.000004   -0.000008    0.049212    0.047700    0.033507
 29   42.546082   -0.000019   -0.000004    0.037131    0.032345    0.006233
 30   42.234467    0.000076   -0.000011    0.026053    0.012032   -0.019303
 31   42.465027   -0.000038   -0.000004    0.028844    0.159968    0.182209
 32   42.458069    0.000061   -0.000008    0.086836    0.336795    0.416535
 33   42.267914    0.000015    0.000008    0.041175    0.230774    0.258376
 34   42.506027    0.000122    0.000031    0.111122    0.446279    0.522972
 35   42.233109    0.000000    0.000000    0.052892    0.346230    0.395462
 36   42.352242   -0.000122    0.000061    0.101731   -0.396744   -0.470148
 37   42.391754    0.000092    0.000031    0.131829   -0.439615   -0.527859
 38   42.497711    0.000092    0.000008    0.016327   -0.151186   -0.159769
 39   42.272552    0.000221    0.000057    0.006327   -0.080891   -0.084038
 40   29.066210  106.531326    1.786180   -0.003081   -0.105904    0.965665
 41   42.375061    0.000011   -0.000005   -0.015225    0.056519   -0.144347
 42   42.546127    0.000004   -0.000001   -0.011518    0.049503   -0.237188
 43   42.234467    0.000000   -0.000002   -0.000049    0.021566    0.036211
 44   42.465073   -0.000031   -0.000004   -0.012682   -0.002575    0.557567
 45   42.458069    0.000023   -0.000004   -0.007340   -0.003442    0.391656
 46   42.267914   -0.000015    0.000005   -0.005266   -0.000465    0.347487
 47   42.505936    0.000000    0.000009   -0.011322   -0.004100    0.794802
 48   42.233147   -0.000031   -0.000012   -0.002550   -0.004535    0.296655
 49   42.352249   -0.000031    0.000000    0.000895    0.006373   -0.230392
 50   42.391647   -0.000031   -0.000002    0.005933    0.016606   -0.757402
 51   42.497650    0.000000   -0.000010    0.008373    0.005158   -0.408967
 52   42.272675   -0.000006   -0.000001    0.005207    0.000785   -0.223347
 53   29.081448   50.676502  -91.213249   -1.428047    0.631865    0.552324
 54   42.375092   -0.000004   -0.000013   -0.044485    0.002417    0.053638
 55   42.546066    0.000027    0.000004   -0.037616    0.036364    0.001646
 56   42.234528   -0.000015    0.000000   -0.026793   -0.011921    0.041231
 57   42.465027    0.000046   -0.000004   -0.047204   -0.210876    0.250887
 58   42.458069    0.000019   -0.000027   -0.073964   -0.282927    0.331636
 59   42.267975   -0.000069   -0.000008   -0.099821   -0.370884    0.430304
 60   42.505920    0.000076    0.000000   -0.088228   -0.389251    0.438237
 61   42.233170   -0.000092    0.000000    0.010787    0.015391   -0.015877
 62   42.352219    0.000000    0.000000   -0.067476    0.344661   -0.388974
 63   42.391693    0.000046    0.000015   -0.050735    0.282955   -0.312883
 64   42.497498    0.000031   -0.000015   -0.018763    0.173011   -0.183890
 65   42.272736    0.000001    0.000000   -0.005722    0.079334   -0.082819
 66   29.239317  -56.044872  -91.389038   -0.026633    0.651896   -0.479105
 67   42.375107   -0.000004   -0.000015    0.096477    0.046462   -0.029780
 68   42.546112    0.000011    0.000027    0.054167   -0.009634    0.016165
 69   42.234451    0.000031   -0.000008    0.029673    0.040372   -0.039955
 70   42.465027   -0.000023    0.000008   -0.012111    0.223080   -0.263110
 71   42.458099    0.000046    0.000008   -0.027448    0.274181   -0.339994
 72   42.267944   -0.000046    0.000000   -0.074020    0.351586   -0.469113
 73   42.505936    0.000061    0.000015   -0.076111    0.328465   -0.443908
 74   42.233147   -0.000031   -0.000015   -0.008852   -0.030513    0.038420
 75   42.352173   -0.000031   -0.000015   -0.070990   -0.325619    0.430517
 76   42.391846   -0.000015    0.000031   -0.033607   -0.248115    0.319060
 77   42.497498    0.000015    0.000015   -0.011314   -0.151951    0.193359
 78   42.272644   -0.000022    0.000014   -0.000403   -0.066656    0.084462
 79   29.106659 -106.589081    1.781191    0.003081   -0.121437   -0.962510
 80   42.375084    0.000004   -0.000003    0.017385    0.062254    0.143719
 81   42.546066   -0.000008    0.000002    0.013735    0.054866    0.236351
 82   42.234543    0.000008   -0.000007   -0.000105    0.022970   -0.039553
 83   42.465088   -0.000008   -0.000002    0.011333   -0.005772   -0.559161
 84   42.458130    0.000008   -0.000001    0.005246   -0.004478   -0.389761
 85   42.267914    0.000031   -0.000005    0.003217   -0.000461   -0.348408
 86   42.505859    0.000000    0.000015    0.007282   -0.002660   -0.796119
 87   42.233078    0.000031   -0.000010    0.001787   -0.002897   -0.293473
 88   42.352318    0.000031    0.000001   -0.000721    0.005062    0.233474
 89   42.391685    0.000000   -0.000003   -0.004497    0.012742    0.759203
 90   42.497559   -0.000031   -0.000020   -0.006217    0.004080    0.408487
 91   42.272430   -0.000006    0.000021   -0.003859    0.000711    0.222613
time 39
  0    0.000000    0.000000    0.000000    0.000000   -0.000000    0.000000
  1    0.000000    0.000000    0.000000    0.000000   -0.000000    0.000000
  2    0.021202    0.319529  -10.206691    1.572206   -1.571642    0.000000
  3   50.309212   -0.435479    0.000004   -0.000017   -0.204372    0.014098
  4   30.891537   -0.000011    0.000000    0.000017   -0.184750   -0.014097
  5   34.635590    0.000007   -0.000002   -0.000000   -0.237070   -0.000001
  6   30.584290    0.000018    0.000004   -0.000000   -0.475350    0.000001
  7   31.520195   -0.000000    0.000008   -0.000000   -0.542746   -0.000001
  8   34.241192  -28.000032  -41.878006    0.977794   -0.461851    0.306720
  9   34.241116   23.441801  -41.878113   -0.977498   -0.461780   -0.306786
 10   35.246700  -52.543087    1.319153   -0.003236   -0.005831    0.563709
 11   35.246540   52.726322    1.318909    0.003443   -0.005711   -0.563642
 12   34.830013  -24.891930   45.588600   -0.979489    0.456021    0.293442
 13   34.885769   27.636587   43.767815    0.979755    0.456080   -0.293307
 14   29.239330  -51.573372   94.292999    0.046803   -0.721653   -0.498725
 15   42.375061   -0.000008   -0.000008   -0.098620    0.011045   -0.001492
 16   42.546066    0.000046    0.000008   -0.053434    0.047115    0.034880
 17   42.234467   -0.000004    0.000000   -0.030198    0.039460    0.034229
 18   42.464996    0.000008   -0.000008   -0.004433   -0.152796   -0.176695
 19   42.458069   -0.000069   -0.000008    0.122867   -0.451327   -0.602228
 20   42.267960    0.000015   -0.000008    0.033471   -0.263241   -0.336158
 21   42.505890   -0.000015    0.000015    0.085196   -0.343444   -0.467874
 22   42.233192    0.000031   -0.000031    0.060281   -0.272983   -0.358381
 23   42.352234    0.000000    0.000000    0.135418    0.433538    0.607651
 24   42.391708   -0.000061   -0.000015    0.091085    0.372193    0.504987
 25   42.497498    0.000038   -0.000023    0.005958    0.115867    0.146645
 26   42.272827    0.000088   -0.000061    0.000492    0.062037    0.078477
 27   29.165466   55.351460   92.197823    1.525071   -0.620237    0.383580
 28   42.375069   -0.000008   -0.000015    0.048964    0.047316    0.049761
 29   42.546082    0.000011    0.000011    0.037632    0.038242    0.028293
 30   42.234482    0.000069    0.000011    0.026204    0.021587    0.002754
 31   42.465042   -0.000053   -0.000023    0.037542    0.196776    0.237906
 32   42.458038    0.000008   -0.000027    0.087925    0.323214    0.410010
 33   42.267853   -0.000031   -0.000008    0.040617    0.208962    0.235643
 34   42.506027    0.000092   -0.000031    0.135705    0.472361    0.558087
 35   42.233093   -0.000031    0.000046    0.034460    0.292702    0.320346
 36   42.352238   -0.000092    0.000061    0.157700   -0.484573   -0.603582
 37   42.391754    0.000092    0.000015    0.093317   -0.376318   -0.436218
 38   42.497589    0.000061   -0.000015    0.012477   -0.127033   -0.134589
 39   42.272552    0.000134   -0.000031    0.005444   -0.069779   -0.072918
 40   29.195217  106.691734    1.752397   -0.001439   -0.048606    0.934040
 41   42.375069    0.000004   -0.000003   -0.006803    0.025726   -0.140550
 42   42.546127    0.000023    0.000000   -0.005314    0.023344   -0.235874
 43   42.234482    0.000008   -0.000002   -0.000032    0.010539    0.032225
 44   42.465118    0.000015   -0.000004   -0.006445   -0.001219    0.565379
 45   42.458099    0.000008   -0.000003   -0.003697   -0.001643    0.393882
 46   42.267944    0.000000    0.000001   -0.002991   -0.000270    0.392778
 47   42.505920   -0.000031    0.000008   -0.005797   -0.002596    0.830920
 48   42.233177    0.000031   -0.000011   -0.000761   -0.001712    0.220892
 49   42.352226   -0.000061    0.000001    0.000464    0.003680   -0.288430
 50   42.391708    0.000031   -0.000004    0.003019    0.007669   -0.736851
 51   42.497589   -0.000015   -0.000010    0.003739    0.002191   -0.376004
 52   42.272644   -0.000002    0.000003    0.002314    0.000372   -0.207264
 53   29.199081   50.699169  -91.344238   -1.384812    0.690582    0.613573
 54   42.375107   -0.000015    0.000006   -0.047288    0.031270    0.005853
 55   42.546051    0.000053    0.000019   -0.039847    0.063219   -0.039436
 56   42.234543   -0.000015   -0.000008   -0.026397    0.012126    0.010005
 57   42.464996    0.000057    0.000004   -0.043938   -0.199946    0.238266
 58   42.458069    0.000053    0.000000   -0.076469   -0.291619    0.342534
 59   42.267975   -0.000069    0.000008   -0.097314   -0.367647    0.426341
 60   42.505936    0.000107   -0.000015   -0.111588   -0.432647    0.499567
 61   42.233170   -0.000061   -0.000031    0.010825   -0.007082    0.007402
 62   42.352249    0.000031   -0.000015   -0.065614    0.337477   -0.381491
 63   42.391785    0.000046   -0.000015   -0.056542    0.297201   -0.331051
 64   42.497650    0.000031    0.000008   -0.019785    0.176222   -0.187613
 65   42.272736    0.000029    0.000018   -0.006163    0.082804   -0.086490
 66   29.239326  -56.044884  -91.389023   -0.066381    0.715423   -0.537371
 67   42.375099    0.000000    0.000008    0.098243   -0.001220    0.003978
 68   42.546112    0.000004    0.000004    0.053496   -0.046216    0.047280
 69   42.234467    0.000023    0.000000    0.030647    0.013252   -0.012547
 70   42.465027   -0.000050   -0.000019   -0.009067    0.213886   -0.249771
 71   42.458130    0.000038    0.000015   -0.029167    0.281359   -0.347868
 72   42.268005   -0.000046   -0.000015   -0.071952    0.350110   -0.465292
 73   42.505981    0.000092   -0.000031   -0.098271    0.370183   -0.510434
 74   42.233139    0.000000   -0.000015   -0.008428   -0.010300    0.013003
 75   42.352196   -0.000061    0.000031   -0.069504   -0.320821    0.423390
 76   42.391846    0.000076   -0.000015   -0.039023   -0.261830    0.337742
 77   42.497650    0.000092   -0.000008   -0.012332   -0.155293    0.197199
 78   42.272705    0.000011    0.000003   -0.000846   -0.070123    0.088569
 79   29.205502 -106.736031    1.751175    0.001439   -0.055632   -0.938605
 80   42.375099   -0.000011   -0.000005    0.007876    0.028147    0.142158
 81   42.546036   -0.000023    0.000004    0.006413    0.025817    0.237409
 82   42.234528    0.000000   -0.000007   -0.000030    0.011304   -0.032562
 83   42.465057    0.000015   -0.000003    0.005834   -0.002732   -0.566234
 84   42.458038   -0.000023   -0.000002    0.002737   -0.002164   -0.393389
 85   42.267914   -0.000015   -0.000003    0.001913   -0.000291   -0.393070
 86   42.505936    0.000000    0.000015    0.003858   -0.001841   -0.831221
 87   42.233040    0.000061   -0.000014    0.000536   -0.001131   -0.220111
 88   42.352314    0.000092   -0.000003   -0.000348    0.002896    0.289486
 89   42.391716    0.000031   -0.000005   -0.002226    0.005950    0.737237
 90   42.497589   -0.000015   -0.000017   -0.002786    0.001785    0.375906
 91   42.272491   -0.000023    0.000022   -0.001732    0.000356    0.207043
time 40
  0    0.000000    0.000000    0.000000    0.000000   -0.000000    0.000000
  1    0.000000    0.000000    0.000000    0.000000   -0.000000    0.000000
  2    0.000000    0.000000  -12.688735    0.785390   -1.573515    0.785390
  3   50.309212   -0.435479    0.000004   -0.000017   -0.199896    0.014098
  4   30.891541   -0.000011    0.000001    0.000017   -0.180273   -0.014097
  5   34.635597    0.000007   -0.000002   -0.000000   -0.232594   -0.000001
  6   30.584282    0.000018    0.000004   -0.000000   -0.470874    0.000001
  7   31.520187    0.000000    0.000000   -0.000000   -0.538270   -0.000001
  8   34.241192  -28.000036  -41.878006    0.979910   -0.457073    0.306696
  9   34.241123   23.441803  -41.878098   -0.979915   -0.457074   -0.306691
 10   35.246700  -52.543095    1.319138   -0.000000    0.000000    0.564623
 11   35.246532   52.726318    1.318924   -0.000000    0.000000   -0.564620
 12   34.830021  -24.891930   45.588608   -0.977825    0.464116    0.295003
 13   34.885777   27.636591   43.767822    0.977821    0.464114   -0.295002
 14   29.239319  -51.573330   94.292969    0.080343   -0.731682   -0.550935
 15   42.375061   -0.000004   -0.000011   -0.098021    0.027525    0.022163
 16   42.546082    0.000031    0.000023   -0.052237    0.071531    0.068559
 17   42.234482    0.000004    0.000004   -0.030408    0.030748    0.032969
 18   42.464996    0.000050   -0.000011    0.009742   -0.217763   -0.250576
 19   42.458038   -0.000061    0.000015    0.111223   -0.438906   -0.577003
 20   42.267914    0.000000   -0.000015    0.017169   -0.218219   -0.272142
 21   42.505936   -0.000031   -0.000031    0.096108   -0.371168   -0.505567
 22   42.233139    0.000000   -0.000015    0.048501   -0.250256   -0.324250
 23   42.352322   -0.000031   -0.000031    0.177606    0.479118    0.691662
 24   42.391708   -0.000046   -0.000046    0.066756    0.327120    0.427786
 25   42.497559    0.000000   -0.000019    0.004218    0.105674    0.131371
 26   42.272858    0.000021   -0.000044   -0.000046    0.057975    0.072144
 27   29.239342   55.382656   92.214973    1.518418   -0.591864    0.396611
 28   42.375076    0.000008   -0.000004    0.047796    0.040037    0.058788
 29   42.546082   -0.000015    0.000000    0.037366    0.027070    0.035639
 30   42.234467    0.000065   -0.000015    0.026475    0.012985    0.015426
 31   42.465027   -0.000038    0.000000    0.047730    0.219504    0.266439
 32   42.458099    0.000000   -0.000015    0.104334    0.356618    0.438065
 33   42.267899    0.000015   -0.000015    0.041203    0.212242    0.235570
 34   42.506027    0.000061    0.000031    0.134075    0.465564    0.554443
 35   42.233070   -0.000031    0.000076    0.017650    0.229466    0.247603
 36   42.352234   -0.000122    0.000061    0.205767   -0.544343   -0.707568
 37   42.391663    0.000031   -0.000015    0.067423   -0.322327   -0.366512
 38   42.497620   -0.000008   -0.000042    0.010201   -0.110609   -0.117754
 39   42.272644    0.000152   -0.000032    0.004865   -0.061815   -0.065033
 40   29.239353  106.746689    1.740858    0.000002    0.001974    0.965349
 41   42.375084    0.000019   -0.000001    0.000352   -0.000131   -0.179150
 42   42.546127    0.000023    0.000001    0.000481   -0.000017   -0.268558
 43   42.234451   -0.000015   -0.000003   -0.000087   -0.000195    0.050199
 44   42.465057   -0.000015   -0.000006   -0.000850   -0.000518    0.587561
 45   42.458069    0.000031   -0.000003   -0.000281   -0.000637    0.380480
 46   42.267883    0.000015    0.000001   -0.000029   -0.000858    0.465935
 47   42.505905    0.000000    0.000007    0.000599   -0.001298    0.844402
 48   42.233139   -0.000031   -0.000013    0.000247   -0.000074    0.135230
 49   42.352245    0.000000    0.000002   -0.000691    0.000110   -0.374449
 50   42.391693    0.000000   -0.000003   -0.001064    0.000628   -0.702508
 51   42.497650    0.000015   -0.000012   -0.000209    0.000603   -0.340155
 52   42.272705   -0.000006    0.000003    0.000002    0.000357   -0.187757
 53   29.239334   50.706898  -91.389107   -1.294100    0.775060    0.737438
 54   42.375099   -0.000011    0.000000   -0.053502    0.076313   -0.059212
 55   42.546097    0.000004    0.000025   -0.045189    0.106314   -0.097456
 56   42.234558   -0.000046   -0.000008   -0.026690    0.033399   -0.017867
 57   42.465027    0.000038    0.000011   -0.043018   -0.197149    0.234003
 58   42.458069    0.000069    0.000000   -0.079773   -0.301987    0.354657
 59   42.267944   -0.000076    0.000023   -0.098303   -0.372229    0.431119
 60   42.505951    0.000092   -0.000031   -0.129375   -0.463147    0.543694
 61   42.233170   -0.000061   -0.000046    0.010729   -0.015872    0.016569
 62   42.352242   -0.000061   -0.000031   -0.068400    0.341074   -0.386761
 63   42.391724    0.000046   -0.000015   -0.059765    0.303781   -0.338910
 64   42.497559    0.000061   -0.000008   -0.020186    0.176514   -0.187473
 65   42.272766    0.000040   -0.000025   -0.006279    0.082672   -0.086074
 66   29.239326  -56.044899  -91.389076   -0.151592    0.811513   -0.656536
 67   42.375099   -0.000008    0.000008    0.096833   -0.068100    0.053751
 68   42.546097   -0.000004    0.000023    0.049815   -0.100505    0.096710
 69   42.234482    0.000023   -0.000011    0.030832   -0.009553    0.010399
 70   42.465027   -0.000031   -0.000008   -0.008430    0.213342   -0.247576
 71   42.458069    0.000031   -0.000008   -0.031803    0.290543   -0.358513
 72   42.267944   -0.000023   -0.000023   -0.074054    0.356054   -0.473045
 73   42.505951    0.000061    0.000000   -0.114261    0.396597   -0.554489
 74   42.233109    0.000000    0.000000   -0.008409   -0.004355    0.005527
 75   42.352165    0.000000    0.000000   -0.072329   -0.325669    0.430649
 76   42.391846    0.000000   -0.000015   -0.041375   -0.266901    0.344458
 77   42.497528    0.000061    0.000015   -0.012630   -0.155248    0.196680
 78   42.272644    0.000013   -0.000004   -0.000958   -0.069799    0.087890
 79   29.239323 -106.786255    1.740884   -0.000002    0.001968   -0.976201
 80   42.375114    0.000011   -0.000004   -0.000358   -0.000127    0.183061
 81   42.546036   -0.000015    0.000002   -0.000486   -0.000014    0.271904
 82   42.234497   -0.000015   -0.000006    0.000087   -0.000195   -0.050564
 83   42.465088    0.000023   -0.000003    0.000850   -0.000521   -0.588832
 84   42.458099    0.000015   -0.000003    0.000279   -0.000637   -0.379835
 85   42.267914    0.000015   -0.000009    0.000027   -0.000859   -0.467067
 86   42.505936    0.000031    0.000018   -0.000603   -0.001295   -0.843861
 87   42.233101    0.000061   -0.000013   -0.000245   -0.000073   -0.133894
 88   42.352291   -0.000031    0.000002    0.000694    0.000109    0.376301
 89   42.391708    0.000031   -0.000006    0.001063    0.000627    0.701858
 90   42.497528   -0.000015   -0.000020    0.000210    0.000602    0.339644
 91   42.272491   -0.000007    0.000018   -0.000002    0.000355    0.187448
end
