version 1
nodes
  0 "SK_Tyranopode"                -1
  1 "ROOT_"                        -1
  2 "TYRANOPODE_"                   1
  3 "TYRANOPODE_BODY_01"            2
  4 "TYRANOPODE_BODY_02"            3
  5 "TYRANOPODE_BODY_03"            4
  6 "TYRANOPODE_BODY_04"            5
  7 "TYRANOPODE_BODY_05"            6
  8 "TYRANOPODE_JAW_R_L"            7
  9 "TYRANOPODE_JAW_R_R"            7
 10 "TYRANOPODE_JAW_M_L"            7
 11 "TYRANOPODE_JAW_M_R"            7
 12 "TYRANOPODE_JAW_F_L"            7
 13 "TYRANOPODE_JAW_F_R"            7
 14 "TYRANOPODE_TENTACLE_F_L_001"   2
 15 "TYRANOPODE_TENTACLE_F_L_002"  14
 16 "TYRANOPODE_TENTACLE_F_L_003"  15
 17 "TYRANOPODE_TENTACLE_F_L_004"  16
 18 "TYRANOPODE_TENTACLE_F_L_005"  17
 19 "TYRANOPODE_TENTACLE_F_L_006"  18
 20 "TYRANOPODE_TENTACLE_F_L_007"  19
 21 "TYRANOPODE_TENTACLE_F_L_008"  20
 22 "TYRANOPODE_TENTACLE_F_L_009"  21
 23 "TYRANOPODE_TENTACLE_F_L_010"  22
 24 "TYRANOPODE_TENTACLE_F_L_011"  23
 25 "TYRANOPODE_TENTACLE_F_L_012"  24
 26 "TYRANOPODE_TENTACLE_F_L_013"  25
 27 "TYRANOPODE_TENTACLE_F_R_001"   2
 28 "TYRANOPODE_TENTACLE_F_R_002"  27
 29 "TYRANOPODE_TENTACLE_F_R_003"  28
 30 "TYRANOPODE_TENTACLE_F_R_004"  29
 31 "TYRANOPODE_TENTACLE_F_R_005"  30
 32 "TYRANOPODE_TENTACLE_F_R_006"  31
 33 "TYRANOPODE_TENTACLE_F_R_007"  32
 34 "TYRANOPODE_TENTACLE_F_R_008"  33
 35 "TYRANOPODE_TENTACLE_F_R_009"  34
 36 "TYRANOPODE_TENTACLE_F_R_010"  35
 37 "TYRANOPODE_TENTACLE_F_R_011"  36
 38 "TYRANOPODE_TENTACLE_F_R_012"  37
 39 "TYRANOPODE_TENTACLE_F_R_013"  38
 40 "TYRANOPODE_TENTACLE_M_R_001"   2
 41 "TYRANOPODE_TENTACLE_M_R_002"  40
 42 "TYRANOPODE_TENTACLE_M_R_003"  41
 43 "TYRANOPODE_TENTACLE_M_R_004"  42
 44 "TYRANOPODE_TENTACLE_M_R_005"  43
 45 "TYRANOPODE_TENTACLE_M_R_006"  44
 46 "TYRANOPODE_TENTACLE_M_R_007"  45
 47 "TYRANOPODE_TENTACLE_M_R_008"  46
 48 "TYRANOPODE_TENTACLE_M_R_009"  47
 49 "TYRANOPODE_TENTACLE_M_R_010"  48
 50 "TYRANOPODE_TENTACLE_M_R_011"  49
 51 "TYRANOPODE_TENTACLE_M_R_012"  50
 52 "TYRANOPODE_TENTACLE_M_R_013"  51
 53 "TYRANOPODE_TENTACLE_R_R_001"   2
 54 "TYRANOPODE_TENTACLE_R_R_002"  53
 55 "TYRANOPODE_TENTACLE_R_R_003"  54
 56 "TYRANOPODE_TENTACLE_R_R_004"  55
 57 "TYRANOPODE_TENTACLE_R_R_005"  56
 58 "TYRANOPODE_TENTACLE_R_R_006"  57
 59 "TYRANOPODE_TENTACLE_R_R_007"  58
 60 "TYRANOPODE_TENTACLE_R_R_008"  59
 61 "TYRANOPODE_TENTACLE_R_R_009"  60
 62 "TYRANOPODE_TENTACLE_R_R_010"  61
 63 "TYRANOPODE_TENTACLE_R_R_011"  62
 64 "TYRANOPODE_TENTACLE_R_R_012"  63
 65 "TYRANOPODE_TENTACLE_R_R_013"  64
 66 "TYRANOPODE_TENTACLE_R_L_001"   2
 67 "TYRANOPODE_TENTACLE_R_L_002"  66
 68 "TYRANOPODE_TENTACLE_R_L_003"  67
 69 "TYRANOPODE_TENTACLE_R_L_004"  68
 70 "TYRANOPODE_TENTACLE_R_L_005"  69
 71 "TYRANOPODE_TENTACLE_R_L_006"  70
 72 "TYRANOPODE_TENTACLE_R_L_007"  71
 73 "TYRANOPODE_TENTACLE_R_L_008"  72
 74 "TYRANOPODE_TENTACLE_R_L_009"  73
 75 "TYRANOPODE_TENTACLE_R_L_010"  74
 76 "TYRANOPODE_TENTACLE_R_L_011"  75
 77 "TYRANOPODE_TENTACLE_R_L_012"  76
 78 "TYRANOPODE_TENTACLE_R_L_013"  77
 79 "TYRANOPODE_TENTACLE_M_L_001"   2
 80 "TYRANOPODE_TENTACLE_M_L_002"  79
 81 "TYRANOPODE_TENTACLE_M_L_003"  80
 82 "TYRANOPODE_TENTACLE_M_L_004"  81
 83 "TYRANOPODE_TENTACLE_M_L_005"  82
 84 "TYRANOPODE_TENTACLE_M_L_006"  83
 85 "TYRANOPODE_TENTACLE_M_L_007"  84
 86 "TYRANOPODE_TENTACLE_M_L_008"  85
 87 "TYRANOPODE_TENTACLE_M_L_009"  86
 88 "TYRANOPODE_TENTACLE_M_L_010"  87
 89 "TYRANOPODE_TENTACLE_M_L_011"  88
 90 "TYRANOPODE_TENTACLE_M_L_012"  89
 91 "TYRANOPODE_TENTACLE_M_L_013"  90
end
skeleton
time 0
  0    0.000000    0.000000    0.000000    0.000000   -0.000000    0.000000
  1    0.000000    0.000000    0.000000    0.000000   -0.000000    0.000000
  2    0.000000    0.000000  -12.688735    0.785390   -1.573515    0.785390
  3   50.309212   -0.435479    0.000004   -0.000017   -0.199896    0.014098
  4   30.891541   -0.000011    0.000001    0.000017   -0.180273   -0.014097
  5   34.635597    0.000007   -0.000002   -0.000000   -0.232594   -0.000001
  6   30.584282    0.000018    0.000004   -0.000000   -0.470874    0.000001
  7   31.520187    0.000000    0.000000   -0.000000   -0.538270   -0.000001
  8   34.241192  -28.000036  -41.878006    0.979910   -0.457073    0.306696
  9   34.241123   23.441803  -41.878098   -0.979915   -0.457074   -0.306691
 10   35.246700  -52.543095    1.319138   -0.000000    0.000000    0.564623
 11   35.246532   52.726318    1.318924   -0.000000    0.000000   -0.564620
 12   34.830021  -24.891930   45.588608   -0.977825    0.464116    0.295003
 13   34.885777   27.636591   43.767822    0.977821    0.464114   -0.295002
 14   29.239319  -51.573330   94.292969    0.080343   -0.731682   -0.550935
 15   42.375061   -0.000004   -0.000011   -0.098021    0.027525    0.022163
 16   42.546082    0.000031    0.000023   -0.052237    0.071531    0.068559
 17   42.234482    0.000004    0.000004   -0.030408    0.030748    0.032969
 18   42.464996    0.000050   -0.000011    0.009742   -0.217763   -0.250576
 19   42.458038   -0.000061    0.000015    0.111223   -0.438906   -0.577003
 20   42.267914    0.000000   -0.000015    0.017169   -0.218219   -0.272142
 21   42.505936   -0.000031   -0.000031    0.096108   -0.371168   -0.505567
 22   42.233139    0.000000   -0.000015    0.048501   -0.250256   -0.324250
 23   42.352322   -0.000031   -0.000031    0.177606    0.479118    0.691662
 24   42.391708   -0.000046   -0.000046    0.066756    0.327120    0.427786
 25   42.497559    0.000000   -0.000019    0.004218    0.105674    0.131371
 26   42.272858    0.000021   -0.000044   -0.000046    0.057975    0.072144
 27   29.239342   55.382656   92.214973    1.518418   -0.591864    0.396611
 28   42.375076    0.000008   -0.000004    0.047796    0.040037    0.058788
 29   42.546082   -0.000015    0.000000    0.037366    0.027070    0.035639
 30   42.234467    0.000065   -0.000015    0.026475    0.012985    0.015426
 31   42.465027   -0.000038    0.000000    0.047730    0.219504    0.266439
 32   42.458099    0.000000   -0.000015    0.104334    0.356618    0.438065
 33   42.267899    0.000015   -0.000015    0.041203    0.212242    0.235570
 34   42.506027    0.000061    0.000031    0.134075    0.465564    0.554443
 35   42.233070   -0.000031    0.000076    0.017650    0.229466    0.247603
 36   42.352234   -0.000122    0.000061    0.205767   -0.544343   -0.707568
 37   42.391663    0.000031   -0.000015    0.067423   -0.322327   -0.366512
 38   42.497620   -0.000008   -0.000042    0.010201   -0.110609   -0.117754
 39   42.272644    0.000152   -0.000032    0.004865   -0.061815   -0.065033
 40   29.239353  106.746689    1.740858    0.000002    0.001974    0.965349
 41   42.375084    0.000019   -0.000001    0.000352   -0.000131   -0.179150
 42   42.546127    0.000023    0.000001    0.000481   -0.000017   -0.268558
 43   42.234451   -0.000015   -0.000003   -0.000087   -0.000195    0.050199
 44   42.465057   -0.000015   -0.000006   -0.000850   -0.000518    0.587561
 45   42.458069    0.000031   -0.000003   -0.000281   -0.000637    0.380480
 46   42.267883    0.000015    0.000001   -0.000029   -0.000858    0.465935
 47   42.505905    0.000000    0.000007    0.000599   -0.001298    0.844402
 48   42.233139   -0.000031   -0.000013    0.000247   -0.000074    0.135230
 49   42.352245    0.000000    0.000002   -0.000691    0.000110   -0.374449
 50   42.391693    0.000000   -0.000003   -0.001064    0.000628   -0.702508
 51   42.497650    0.000015   -0.000012   -0.000209    0.000603   -0.340155
 52   42.272705   -0.000006    0.000003    0.000002    0.000357   -0.187757
 53   29.239334   50.706898  -91.389107   -1.294100    0.775060    0.737438
 54   42.375099   -0.000011    0.000000   -0.053502    0.076313   -0.059212
 55   42.546097    0.000004    0.000025   -0.045189    0.106314   -0.097456
 56   42.234558   -0.000046   -0.000008   -0.026690    0.033399   -0.017867
 57   42.465027    0.000038    0.000011   -0.043018   -0.197149    0.234003
 58   42.458069    0.000069    0.000000   -0.079773   -0.301987    0.354657
 59   42.267944   -0.000076    0.000023   -0.098303   -0.372229    0.431119
 60   42.505951    0.000092   -0.000031   -0.129375   -0.463147    0.543694
 61   42.233170   -0.000061   -0.000046    0.010729   -0.015872    0.016569
 62   42.352242   -0.000061   -0.000031   -0.068400    0.341074   -0.386761
 63   42.391724    0.000046   -0.000015   -0.059765    0.303781   -0.338910
 64   42.497559    0.000061   -0.000008   -0.020186    0.176514   -0.187473
 65   42.272766    0.000040   -0.000025   -0.006279    0.082672   -0.086074
 66   29.239326  -56.044899  -91.389076   -0.151591    0.811513   -0.656536
 67   42.375099   -0.000008    0.000004    0.096833   -0.068100    0.053751
 68   42.546082   -0.000004    0.000031    0.049815   -0.100505    0.096710
 69   42.234467    0.000023   -0.000015    0.030832   -0.009553    0.010399
 70   42.465042   -0.000023   -0.000011   -0.008430    0.213342   -0.247576
 71   42.458069    0.000031   -0.000008   -0.031803    0.290543   -0.358513
 72   42.267944   -0.000031   -0.000023   -0.074054    0.356054   -0.473045
 73   42.505981    0.000076   -0.000031   -0.114261    0.396597   -0.554489
 74   42.233116    0.000000    0.000015   -0.008409   -0.004355    0.005527
 75   42.352142    0.000000    0.000031   -0.072329   -0.325669    0.430649
 76   42.391846    0.000015    0.000000   -0.041375   -0.266901    0.344458
 77   42.497467    0.000061    0.000008   -0.012630   -0.155248    0.196680
 78   42.272644   -0.000003    0.000010   -0.000958   -0.069799    0.087890
 79   29.239323 -106.786255    1.740884   -0.000002    0.001968   -0.976201
 80   42.375114    0.000011   -0.000004   -0.000358   -0.000127    0.183061
 81   42.546036   -0.000015    0.000002   -0.000486   -0.000014    0.271904
 82   42.234497   -0.000015   -0.000006    0.000087   -0.000195   -0.050564
 83   42.465088    0.000023   -0.000003    0.000850   -0.000521   -0.588832
 84   42.458099    0.000015   -0.000003    0.000279   -0.000637   -0.379835
 85   42.267914    0.000015   -0.000009    0.000027   -0.000859   -0.467067
 86   42.505936    0.000031    0.000018   -0.000603   -0.001295   -0.843861
 87   42.233101    0.000061   -0.000013   -0.000245   -0.000073   -0.133894
 88   42.352291   -0.000031    0.000002    0.000694    0.000109    0.376301
 89   42.391708    0.000031   -0.000006    0.001063    0.000627    0.701858
 90   42.497528   -0.000015   -0.000020    0.000210    0.000602    0.339644
 91   42.272491   -0.000007    0.000018   -0.000002    0.000355    0.187448
time 1
  0    0.000000    0.000000    0.000000    0.000000   -0.000000    0.000000
  1    0.000000    0.000000    0.000000    0.000000   -0.000000    0.000000
  2    0.000000   -2.199048    3.723490    0.550998   -1.611215    1.016741
  3   50.309212   -0.435479    0.000004    0.000217   -0.185940    0.014067
  4   30.891537   -0.000011    0.000001    0.000017   -0.166316   -0.014097
  5   34.635605    0.000007    0.000000   -0.000000   -0.218636   -0.000001
  6   30.584282    0.000018    0.000004   -0.000000   -0.460418    0.000001
  7   31.520203    0.000000   -0.000008   -0.000000   -0.529190   -0.000001
  8   34.241196  -28.000034  -41.878006    0.974525   -0.456947    0.291594
  9   34.241127   23.441803  -41.878113   -0.974724   -0.456957   -0.288336
 10   35.246712  -52.543095    1.319153   -0.007263   -0.027516    0.533252
 11   35.246552   52.726322    1.318909    0.006606   -0.027677   -0.530411
 12   34.830025  -24.891926   45.588608   -0.980324    0.406182    0.278315
 13   34.885765   27.636593   43.767830    0.980201    0.406096   -0.275402
 14   26.017139  -50.616909   93.335159    0.002641   -0.545496   -0.390038
 15   42.375061   -0.000008   -0.000023   -0.091221   -0.048255   -0.046230
 16   42.546097    0.000027    0.000004   -0.049135   -0.043259   -0.053417
 17   42.234482    0.000019    0.000019   -0.028842   -0.003805   -0.028333
 18   42.465027    0.000008   -0.000031    0.013301   -0.178361   -0.187308
 19   42.458069   -0.000092    0.000015    0.171217   -0.534583   -0.613483
 20   42.267960    0.000031    0.000015    0.032698   -0.313534   -0.338352
 21   42.505920   -0.000015   -0.000015    0.063527   -0.371140   -0.445922
 22   42.233192    0.000000   -0.000046    0.006821   -0.077979   -0.095065
 23   42.352245    0.000061    0.000015    0.182784    0.499983    0.626196
 24   42.391769   -0.000046   -0.000015    0.053112    0.338040    0.371799
 25   42.497498   -0.000008   -0.000023    0.000328    0.125967    0.133642
 26   42.272797    0.000015   -0.000040   -0.003191    0.069378    0.074385
 27   26.041012   54.032883   91.473259    1.600433   -0.479093    0.230667
 28   42.375069   -0.000004    0.000011    0.054385    0.074232    0.075130
 29   42.546097   -0.000004    0.000008    0.044507    0.100995    0.089760
 30   42.234436    0.000076   -0.000015    0.029019    0.122182    0.076089
 31   42.465027   -0.000031   -0.000023    0.025736    0.186845    0.209640
 32   42.458069    0.000015   -0.000034    0.111100    0.361320    0.529556
 33   42.267883    0.000000    0.000015    0.078383    0.299934    0.359710
 34   42.506035    0.000046    0.000031    0.113504    0.421452    0.475445
 35   42.233109   -0.000046    0.000031   -0.010177    0.034499    0.024758
 36   42.352200   -0.000107    0.000061    0.172552   -0.487212   -0.645663
 37   42.391724    0.000092    0.000031    0.068976   -0.290711   -0.343454
 38   42.497711    0.000042    0.000000    0.016894   -0.118899   -0.130689
 39   42.272614    0.000154   -0.000007    0.008616   -0.068077   -0.073093
 40   27.328321  104.369614    2.241286    0.003520    0.073869    0.981318
 41   42.375107    0.000011   -0.000003    0.015947   -0.026666   -0.217190
 42   42.546143    0.000011    0.000001    0.010294   -0.016067   -0.223157
 43   42.234467    0.000000   -0.000004   -0.001710   -0.007227    0.057362
 44   42.465088    0.000000   -0.000009   -0.010762   -0.006893    0.527390
 45   42.458099   -0.000031   -0.000008   -0.004666   -0.012914    0.496734
 46   42.267853   -0.000015    0.000002    0.003201   -0.016441    0.548505
 47   42.505859    0.000000    0.000005    0.015775   -0.018767    0.719374
 48   42.233139   -0.000031   -0.000012    0.002493    0.002014    0.065357
 49   42.352211    0.000000    0.000002   -0.014764    0.011043   -0.429799
 50   42.391602    0.000061   -0.000004   -0.011881    0.023803   -0.665747
 51   42.497681   -0.000015   -0.000015    0.003299    0.014255   -0.322373
 52   42.272736   -0.000019    0.000000    0.004438    0.006990   -0.178490
 53   27.496717   50.371128  -89.448540   -1.585527    0.524776    0.332540
 54   42.375076    0.000000   -0.000008   -0.049060   -0.056536    0.079914
 55   42.546066    0.000023    0.000004   -0.042485   -0.088738    0.114287
 56   42.234558   -0.000038    0.000008   -0.038346   -0.128001    0.159550
 57   42.465027    0.000046    0.000015   -0.060640   -0.264878    0.292094
 58   42.458084    0.000046    0.000000   -0.079519   -0.331479    0.345547
 59   42.267929   -0.000137    0.000000   -0.025920   -0.174690    0.169076
 60   42.505890    0.000092   -0.000046   -0.013297   -0.210885    0.200286
 61   42.233162   -0.000046   -0.000092    0.009350   -0.111695    0.106203
 62   42.352257   -0.000015   -0.000031   -0.046095    0.263701   -0.266574
 63   42.391724    0.000015   -0.000046   -0.049972    0.268689   -0.266186
 64   42.497589    0.000008   -0.000031   -0.019261    0.170663   -0.160864
 65   42.272705    0.000011    0.000006   -0.005623    0.075741   -0.069816
 66   27.340187  -55.265404  -89.824936    0.046227    0.544082   -0.334228
 67   42.375099    0.000008   -0.000008    0.098179    0.081968   -0.066147
 68   42.546097   -0.000004    0.000023    0.050920    0.109208   -0.108627
 69   42.234467    0.000034    0.000000    0.021196    0.140057   -0.160625
 70   42.465027   -0.000008    0.000008   -0.022561    0.264564   -0.311709
 71   42.458069    0.000038    0.000000   -0.032010    0.296539   -0.361048
 72   42.267883   -0.000107    0.000000    0.000191    0.145803   -0.180146
 73   42.505966    0.000061    0.000000   -0.022078    0.187176   -0.239828
 74   42.233109    0.000000    0.000000   -0.011618    0.074238   -0.093486
 75   42.352127   -0.000031   -0.000015   -0.041017   -0.247073    0.316884
 76   42.391754    0.000000   -0.000031   -0.027780   -0.223698    0.284112
 77   42.497498    0.000031    0.000015   -0.010779   -0.142375    0.179153
 78   42.272705    0.000019    0.000027   -0.000370   -0.059341    0.074229
 79   27.775227 -104.610146    2.185565   -0.003470    0.082989   -0.586153
 80   42.375092    0.000008   -0.000005    0.010705   -0.018024   -0.129165
 81   42.546051   -0.000008    0.000004    0.007066   -0.024154   -0.111171
 82   42.234512    0.000008   -0.000007    0.005586   -0.021052   -0.145101
 83   42.465027   -0.000008   -0.000005    0.005322   -0.004213   -0.331270
 84   42.458084   -0.000008   -0.000004    0.002380   -0.005024   -0.233934
 85   42.267883    0.000015   -0.000007    0.001824   -0.015344   -0.521322
 86   42.505981   -0.000031    0.000011   -0.011107   -0.021630   -0.860160
 87   42.233040    0.000031   -0.000010   -0.004324   -0.000984   -0.131533
 88   42.352329    0.000000   -0.000001    0.008669    0.000807    0.261982
 89   42.391747   -0.000031   -0.000011    0.020314    0.007987    0.753230
 90   42.497559    0.000000   -0.000022    0.004570    0.011347    0.404367
 91   42.272552   -0.000017    0.000025   -0.000381    0.006761    0.219264
time 2
  0    0.000000    0.000000    0.000000    0.000000   -0.000000    0.000000
  1    0.000000    0.000000    0.000000    0.000000   -0.000000    0.000000
  2    0.000000   -7.924702   45.753773    0.284270   -1.649713    1.279993
  3   50.309216   -0.435479    0.000004    0.000776   -0.152662    0.013992
  4   30.891541   -0.000011    0.000000    0.000017   -0.133033   -0.014097
  5   34.635597    0.000007    0.000002   -0.000000   -0.185353   -0.000001
  6   30.584305    0.000018   -0.000008   -0.000000   -0.434139    0.000001
  7   31.520203    0.000001    0.000000   -0.000000   -0.505661   -0.000001
  8   34.241203  -28.000032  -41.878006    0.961684   -0.456070    0.255581
  9   34.241127   23.441805  -41.878098   -0.962345   -0.456136   -0.244566
 10   35.246704  -52.543087    1.319138   -0.024581   -0.093131    0.458445
 11   35.246544   52.726322    1.318924    0.022361   -0.093677   -0.448838
 12   34.830025  -24.891922   45.588608   -0.986284    0.268031    0.238520
 13   34.885780   27.636589   43.767838    0.985878    0.267743   -0.228663
 14   18.333492  -48.336121   91.051155   -0.005189   -0.455682   -0.354439
 15   42.375092    0.000006   -0.000011   -0.083634   -0.070739   -0.065309
 16   42.546082    0.000015    0.000011   -0.037346   -0.091972   -0.102112
 17   42.234406    0.000015   -0.000015   -0.005330   -0.102804   -0.147611
 18   42.464935   -0.000011   -0.000015    0.053319   -0.257110   -0.259455
 19   42.458069   -0.000084   -0.000008    0.255341   -0.670098   -0.703382
 20   42.267952    0.000046   -0.000015    0.003160   -0.273164   -0.277890
 21   42.505920   -0.000031   -0.000015    0.002068   -0.209395   -0.228773
 22   42.233200    0.000015   -0.000046    0.028498    0.136601    0.124944
 23   42.352295    0.000015   -0.000031    0.168112    0.528457    0.567783
 24   42.391724   -0.000076    0.000015    0.013282    0.277360    0.257376
 25   42.497467    0.000031    0.000002   -0.007807    0.130233    0.122620
 26   42.272827    0.000023   -0.000021   -0.007837    0.067746    0.065447
 27   18.414249   50.814220   89.704659    1.625201   -0.448449    0.222858
 28   42.375076    0.000000   -0.000015    0.055210    0.090481    0.085013
 29   42.546082   -0.000019   -0.000004    0.044504    0.128868    0.106395
 30   42.234482    0.000084   -0.000015    0.026537    0.165892    0.103346
 31   42.465073   -0.000031   -0.000008    0.018372    0.213153    0.232871
 32   42.458069    0.000008   -0.000023    0.219701    0.503908    0.812730
 33   42.267860    0.000000    0.000015    0.075761    0.277145    0.317940
 34   42.505989    0.000061    0.000015    0.037131    0.220685    0.224789
 35   42.233067    0.000000    0.000031   -0.009698   -0.098513   -0.120716
 36   42.352234   -0.000061    0.000000    0.150041   -0.457103   -0.613589
 37   42.391632    0.000061    0.000031    0.064153   -0.253664   -0.308929
 38   42.497589    0.000017    0.000008    0.023230   -0.122138   -0.137877
 39   42.272644    0.000137    0.000013    0.011840   -0.066457   -0.072397
 40   22.771275   98.701309    3.434702    0.007669    0.212100    1.332108
 41   42.375084   -0.000004   -0.000006    0.090746   -0.085429   -0.438767
 42   42.546127   -0.000008    0.000003    0.028798   -0.050620   -0.263254
 43   42.234451   -0.000008    0.000000   -0.004741   -0.017615    0.082669
 44   42.465057   -0.000023   -0.000002   -0.020399   -0.016890    0.588357
 45   42.458069    0.000008    0.000003   -0.004968   -0.034375    0.561139
 46   42.267960    0.000015    0.000005    0.019052   -0.041673    0.657425
 47   42.505867   -0.000061    0.000006    0.030575   -0.017959    0.447347
 48   42.233131    0.000061   -0.000011   -0.005979    0.007646   -0.072120
 49   42.352219    0.000031    0.000004   -0.041714    0.031281   -0.613784
 50   42.391617    0.000031   -0.000001   -0.011986    0.045445   -0.531592
 51   42.497528    0.000000   -0.000010    0.007259    0.023832   -0.261800
 52   42.272736   -0.000008    0.000000    0.007320    0.011390   -0.140004
 53   23.341244   49.570393  -84.821068   -1.627582    0.573146    0.289469
 54   42.375092   -0.000023   -0.000019   -0.054090   -0.062694    0.075390
 55   42.546082    0.000019    0.000000   -0.052561   -0.117203    0.127614
 56   42.234543   -0.000042   -0.000031   -0.081543   -0.287571    0.293475
 57   42.464996    0.000046   -0.000008   -0.102629   -0.412015    0.415061
 58   42.458115    0.000015   -0.000031   -0.037452   -0.222427    0.216671
 59   42.267975   -0.000107    0.000000   -0.015157   -0.120087    0.109119
 60   42.505943    0.000107   -0.000031    0.000706   -0.004504    0.003667
 61   42.233170   -0.000031    0.000000    0.012163   -0.048515    0.042631
 62   42.352325   -0.000046    0.000000   -0.007717    0.080730   -0.074066
 63   42.391708    0.000046   -0.000015   -0.040664    0.222134   -0.205475
 64   42.497620    0.000053    0.000000   -0.021578    0.169625   -0.149965
 65   42.272766    0.000000   -0.000023   -0.009277    0.104235   -0.089770
 66   22.811512  -53.406719  -86.095276    0.044746    0.585416   -0.296552
 67   42.375092   -0.000008   -0.000015    0.102129    0.081908   -0.064924
 68   42.546112    0.000004    0.000019    0.056757    0.133435   -0.131483
 69   42.234467    0.000046    0.000000   -0.001427    0.285147   -0.340811
 70   42.465042   -0.000023   -0.000015   -0.055729    0.345069   -0.441667
 71   42.458084    0.000046    0.000015   -0.004267    0.204672   -0.229794
 72   42.267876   -0.000092   -0.000015    0.006419    0.093166   -0.113100
 73   42.505981    0.000061    0.000000   -0.000399    0.002033   -0.002523
 74   42.233078   -0.000015    0.000000   -0.010138    0.041076   -0.050875
 75   42.352158   -0.000061   -0.000015   -0.003284   -0.082941    0.101161
 76   42.391815    0.000015    0.000015   -0.015268   -0.187962    0.233599
 77   42.497528    0.000031   -0.000008   -0.009716   -0.140201    0.175066
 78   42.272705    0.000000    0.000004   -0.002517   -0.081073    0.100983
 79   24.284008  -99.420860    3.245883   -0.007432    0.222919   -0.530642
 80   42.375092   -0.000008   -0.000004    0.051618   -0.043305   -0.232966
 81   42.546066    0.000008    0.000000    0.049892   -0.077462   -0.297201
 82   42.234497    0.000023   -0.000011    0.021905   -0.070680   -0.265276
 83   42.465042    0.000038   -0.000006    0.001281    0.001454   -0.150176
 84   42.458038    0.000015   -0.000004    0.000962   -0.002400   -0.109041
 85   42.267914    0.000031   -0.000006    0.002205   -0.039656   -0.618921
 86   42.505920   -0.000061    0.000023   -0.029515   -0.040600   -0.778093
 87   42.233040    0.000000   -0.000009   -0.006362   -0.001003   -0.086276
 88   42.352341   -0.000031    0.000000    0.017877    0.001264    0.243666
 89   42.391739   -0.000061   -0.000002    0.045564    0.015694    0.752369
 90   42.497528   -0.000031   -0.000021    0.011954    0.026253    0.434255
 91   42.272614    0.000015    0.000016   -0.000688    0.015848    0.233159
time 3
  0    0.000000    0.000000    0.000000    0.000000   -0.000000    0.000000
  1    0.000000    0.000000    0.000000    0.000000   -0.000000    0.000000
  2    0.000000  -15.869725  102.592476    0.033706   -1.687820    1.527288
  3   50.309212   -0.435479    0.000005    0.001443   -0.112942    0.013904
  4   30.891556   -0.000011    0.000000    0.000017   -0.093308   -0.014097
  5   34.635590    0.000007    0.000004   -0.000000   -0.145628   -0.000001
  6   30.584290    0.000018    0.000004   -0.000000   -0.399666    0.000001
  7   31.520172   -0.000000    0.000031   -0.000000   -0.473252   -0.000001
  8   34.241196  -28.000031  -41.877991    0.946357   -0.453689    0.212599
  9   34.241119   23.441803  -41.878082   -0.947571   -0.453908   -0.192324
 10   35.246704  -52.543091    1.319153   -0.045251   -0.171446    0.369159
 11   35.246552   52.726307    1.318924    0.041165   -0.172450   -0.351475
 12   34.830048  -24.891926   45.588623   -0.993396    0.103141    0.191024
 13   34.885788   27.636585   43.767822    0.992653    0.102613   -0.172878
 14    9.162689  -45.613949   88.325089   -0.007153   -0.418957   -0.351279
 15   42.375061   -0.000004   -0.000004   -0.076509   -0.093245   -0.087455
 16   42.546082    0.000042    0.000000   -0.019121   -0.142044   -0.159347
 17   42.234512    0.000015   -0.000031    0.047347   -0.215520   -0.281894
 18   42.465012    0.000008   -0.000031    0.132396   -0.406616   -0.391623
 19   42.458099   -0.000076    0.000000    0.271876   -0.738306   -0.737338
 20   42.267929    0.000031   -0.000031   -0.015283   -0.015186   -0.038972
 21   42.505905   -0.000015   -0.000031   -0.004202   -0.046325   -0.050359
 22   42.233219   -0.000046   -0.000046    0.045804    0.214481    0.185956
 23   42.352280    0.000046   -0.000046    0.119354    0.512667    0.477132
 24   42.391846   -0.000031   -0.000008   -0.005311    0.266896    0.227357
 25   42.497467   -0.000015    0.000014   -0.016460    0.137742    0.123181
 26   42.272797    0.000048   -0.000011   -0.011884    0.063734    0.059514
 27    9.311333   46.972607   87.593628    1.636277   -0.438440    0.288885
 28   42.375092   -0.000011    0.000004    0.050347    0.109051    0.105493
 29   42.546082    0.000008    0.000008    0.039480    0.180154    0.156185
 30   42.234497    0.000092   -0.000004    0.020767    0.252250    0.194599
 31   42.465027   -0.000046   -0.000015    0.039713    0.337278    0.432804
 32   42.458069    0.000000    0.000000    0.286244    0.516641    0.888132
 33   42.267860   -0.000031    0.000031    0.022409    0.055621    0.036291
 34   42.506020    0.000061    0.000031    0.007874    0.060113    0.057223
 35   42.233059   -0.000061    0.000061   -0.007123   -0.191099   -0.226794
 36   42.352234   -0.000107    0.000031    0.130748   -0.423656   -0.581221
 37   42.391754    0.000061   -0.000015    0.060945   -0.216294   -0.271195
 38   42.497650    0.000026   -0.000042    0.029671   -0.118507   -0.136682
 39   42.272583    0.000111   -0.000034    0.013879   -0.056366   -0.061865
 40   17.332207   91.935966    4.859061    0.010572    0.337570    1.615400
 41   42.375069    0.000000   -0.000004    0.127600   -0.127255   -0.384326
 42   42.546127   -0.000015   -0.000002    0.064197   -0.111001   -0.342908
 43   42.234451   -0.000023   -0.000002   -0.008398   -0.042445    0.118913
 44   42.465057   -0.000015   -0.000006   -0.013921   -0.032899    0.626726
 45   42.458054    0.000015    0.000002    0.010329   -0.055297    0.549427
 46   42.267929    0.000000   -0.000002    0.047202   -0.057115    0.642008
 47   42.505875    0.000031    0.000003    0.021959   -0.003159    0.176971
 48   42.233124    0.000000   -0.000015   -0.027841    0.018784   -0.224154
 49   42.352257    0.000000   -0.000000   -0.064000    0.062628   -0.710372
 50   42.391693   -0.000015   -0.000003   -0.002412    0.055005   -0.389772
 51   42.497742   -0.000008   -0.000010    0.010985    0.028770   -0.211713
 52   42.272736    0.000000    0.000011    0.008531    0.012827   -0.104761
 53   18.381516   48.614670  -79.297913   -1.564718    0.801153    0.427290
 54   42.375076   -0.000008   -0.000019   -0.064229   -0.092969    0.100952
 55   42.546082    0.000023    0.000000   -0.069837   -0.173743    0.169047
 56   42.234543   -0.000015    0.000008   -0.101433   -0.371448    0.330037
 57   42.465042    0.000046   -0.000031   -0.043187   -0.287626    0.257426
 58   42.458107    0.000092   -0.000031   -0.023410   -0.142847    0.148447
 59   42.267960   -0.000076   -0.000015   -0.012526   -0.076047    0.068885
 60   42.505920    0.000061   -0.000015   -0.001147    0.020598   -0.018289
 61   42.233170   -0.000046    0.000000    0.010559   -0.005787    0.005173
 62   42.352280   -0.000015    0.000015   -0.004414    0.050880   -0.046239
 63   42.391693    0.000031   -0.000031   -0.029004    0.165326   -0.150970
 64   42.497620    0.000076   -0.000015   -0.024021    0.170894   -0.151064
 65   42.272705    0.000038   -0.000015   -0.014095    0.131874   -0.113354
 66   17.406273  -51.188271  -81.643669   -0.013620    0.807590   -0.368480
 67   42.375107   -0.000004    0.000011    0.110129    0.111992   -0.093351
 68   42.546112    0.000015    0.000008    0.066563    0.179518   -0.191340
 69   42.234497    0.000046    0.000000   -0.008510    0.307881   -0.422567
 70   42.465027   -0.000061    0.000000   -0.018952    0.226283   -0.286368
 71   42.458107    0.000061   -0.000015    0.004404    0.145171   -0.148042
 72   42.267921   -0.000076   -0.000031    0.007632    0.060393   -0.071500
 73   42.505974    0.000092    0.000000    0.000374   -0.018855    0.022721
 74   42.233170    0.000015   -0.000031   -0.009050    0.009714   -0.011766
 75   42.352158    0.000076   -0.000031    0.000632   -0.055431    0.065857
 76   42.391785   -0.000015   -0.000031   -0.004596   -0.161007    0.194836
 77   42.497528    0.000015   -0.000031   -0.009042   -0.150340    0.185796
 78   42.272705   -0.000008   -0.000015   -0.005723   -0.109603    0.135986
 79   20.117004  -93.227272    4.511461   -0.010071    0.416581   -0.818098
 80   42.375107   -0.000004   -0.000015    0.105393   -0.133518   -0.255268
 81   42.546021    0.000008    0.000004    0.063818   -0.185530   -0.245756
 82   42.234528    0.000015   -0.000009    0.012518   -0.082917   -0.179157
 83   42.465057    0.000000   -0.000010   -0.001306    0.022650   -0.086556
 84   42.458069    0.000046   -0.000006    0.001525   -0.026034   -0.255041
 85   42.267883    0.000031   -0.000011   -0.019651   -0.082781   -0.854418
 86   42.505951    0.000031    0.000023   -0.040038   -0.021255   -0.383652
 87   42.233063   -0.000122   -0.000007    0.006730    0.005756    0.055021
 88   42.352325   -0.000122    0.000004    0.059013    0.029355    0.552185
 89   42.391678    0.000000   -0.000003    0.035887    0.065092    0.639353
 90   42.497589    0.000023   -0.000017   -0.006690    0.038976    0.313287
 91   42.272522    0.000017    0.000008   -0.010164    0.018551    0.164208
time 4
  0    0.000000    0.000000    0.000000    0.000000   -0.000000    0.000000
  1    0.000000    0.000000    0.000000    0.000000   -0.000000    0.000000
  2    0.000000  -24.726881  163.430038    2.989396   -1.417239   -1.430827
  3   50.309219   -0.435479    0.000000    0.002002   -0.079664    0.013830
  4   30.891541   -0.000011    0.000004    0.000017   -0.060025   -0.014097
  5   34.635574    0.000006    0.000004   -0.000000   -0.112345   -0.000001
  6   30.584290    0.000018    0.000008   -0.000000   -0.364632    0.000001
  7   31.520172    0.000000   -0.000015   -0.000000   -0.437530   -0.000001
  8   34.241180  -28.000031  -41.877991    0.933516   -0.449052    0.176586
  9   34.241119   23.441803  -41.878113   -0.935193   -0.449570   -0.148553
 10   35.246704  -52.543087    1.319122   -0.062569   -0.237061    0.294352
 11   35.246536   52.726315    1.318939    0.056919   -0.238449   -0.269902
 12   34.830017  -24.891926   45.588593   -0.999355   -0.035009    0.151230
 13   34.885773   27.636587   43.767822    0.998329   -0.035739   -0.126140
 14    1.479050  -43.333210   86.041092   -0.004693   -0.418727   -0.370474
 15   42.375092    0.000000    0.000000   -0.066240   -0.127663   -0.122490
 16   42.546082    0.000034   -0.000015    0.018196   -0.220322   -0.253850
 17   42.234497    0.000015   -0.000008    0.104314   -0.304827   -0.377612
 18   42.464996    0.000000   -0.000015    0.194576   -0.507584   -0.491190
 19   42.458130   -0.000076    0.000015    0.153576   -0.635651   -0.559267
 20   42.267975    0.000015   -0.000031    0.012939    0.134387    0.126275
 21   42.505936    0.000015    0.000000    0.001489    0.006785    0.011904
 22   42.233223    0.000000   -0.000015    0.038881    0.192905    0.160716
 23   42.352306    0.000015   -0.000046    0.105888    0.514468    0.452061
 24   42.391724   -0.000031   -0.000008   -0.009741    0.316683    0.265367
 25   42.497559    0.000061    0.000005   -0.024508    0.158127    0.142462
 26   42.272766    0.000058   -0.000046   -0.015824    0.067293    0.064526
 27    1.684570   43.753963   85.825027    1.638386   -0.451179    0.376446
 28   42.375076   -0.000008    0.000000    0.042339    0.141337    0.138537
 29   42.546112    0.000000    0.000019    0.033205    0.267708    0.245149
 30   42.234467    0.000046   -0.000031    0.020150    0.331980    0.304929
 31   42.465042   -0.000031    0.000015    0.101504    0.425981    0.614590
 32   42.458099    0.000000    0.000000    0.211349    0.405236    0.645742
 33   42.267883   -0.000031    0.000031    0.000447   -0.119548   -0.120894
 34   42.506020    0.000061    0.000061   -0.002068   -0.011449   -0.006790
 35   42.233093   -0.000015    0.000031   -0.019233   -0.182261   -0.215267
 36   42.352211   -0.000092    0.000046    0.109902   -0.400701   -0.565224
 37   42.391724    0.000061    0.000015    0.078313   -0.234025   -0.310073
 38   42.497650    0.000055    0.000004    0.041688   -0.130441   -0.154834
 39   42.272644    0.000114    0.000010    0.018280   -0.057834   -0.063907
 40   12.775177   86.267677    6.052448    0.011159    0.437200    1.781127
 41   42.375092    0.000000   -0.000004    0.084589   -0.166700   -0.192601
 42   42.546097    0.000015   -0.000004    0.075494   -0.193069   -0.289637
 43   42.234451   -0.000015    0.000002   -0.006129   -0.089976    0.096310
 44   42.465027    0.000000    0.000002    0.014012   -0.026356    0.482928
 45   42.458069    0.000000    0.000000    0.028960   -0.065369    0.515719
 46   42.267914   -0.000031    0.000006    0.064195   -0.058153    0.547734
 47   42.505898    0.000031    0.000007    0.013146    0.002834    0.078777
 48   42.233116    0.000031   -0.000012   -0.045350    0.029993   -0.284705
 49   42.352242    0.000000    0.000005   -0.076067    0.088534   -0.693002
 50   42.391632    0.000031   -0.000001    0.000740    0.067800   -0.359507
 51   42.497650    0.000000   -0.000015    0.014555    0.035795   -0.200739
 52   42.272705    0.000004   -0.000008    0.010359    0.015276   -0.095089
 53   14.226120   47.813980  -74.670441   -1.249556    1.115847    0.863291
 54   42.375076   -0.000031   -0.000008   -0.076916   -0.131431    0.113926
 55   42.546082    0.000046    0.000023   -0.070711   -0.194855    0.144283
 56   42.234543   -0.000046   -0.000015   -0.050816   -0.264267    0.166315
 57   42.465012    0.000076   -0.000015   -0.018443   -0.149856    0.133296
 58   42.458061    0.000031   -0.000076   -0.021278   -0.107572    0.123424
 59   42.268005   -0.000061    0.000015   -0.012799   -0.065529    0.060761
 60   42.505905    0.000137   -0.000015    0.000509   -0.000714    0.000796
 61   42.233200   -0.000061   -0.000031    0.012006   -0.036165    0.033013
 62   42.352249    0.000031    0.000015   -0.001903    0.026275   -0.024439
 63   42.391754    0.000015   -0.000015   -0.026583    0.149901   -0.140731
 64   42.497620    0.000000   -0.000015   -0.028938    0.187645   -0.171586
 65   42.272766    0.000038    0.000038   -0.023655    0.182548   -0.162499
 66   12.877594  -49.329590  -77.913986   -0.210778    1.130199   -0.642573
 67   42.375122    0.000004   -0.000015    0.120942    0.131658   -0.143397
 68   42.546097    0.000000    0.000000    0.070051    0.154084   -0.228034
 69   42.234467    0.000031    0.000000    0.016399    0.155974   -0.294415
 70   42.465004   -0.000031   -0.000031    0.001013    0.123307   -0.146781
 71   42.458160    0.000000   -0.000015    0.005885    0.118601   -0.111744
 72   42.267906   -0.000046    0.000000    0.006345    0.053582   -0.062370
 73   42.505966    0.000092    0.000015   -0.000414    0.000520   -0.000622
 74   42.233170    0.000015   -0.000031   -0.012193    0.033449   -0.039536
 75   42.352188   -0.000076    0.000015    0.002140   -0.030892    0.035679
 76   42.391754   -0.000015    0.000015    0.004118   -0.145952    0.171425
 77   42.497589    0.000046    0.000015   -0.006743   -0.166245    0.202810
 78   42.272736   -0.000023    0.000031   -0.010992   -0.151231    0.187886
 79   16.625763  -88.037994    5.571802   -0.010474    0.570259   -1.385085
 80   42.375076    0.000000    0.000000    0.031633   -0.251342   -0.057795
 81   42.546051    0.000000   -0.000002    0.000699   -0.264385   -0.004006
 82   42.234528    0.000000   -0.000008    0.006510   -0.084699   -0.125590
 83   42.465012    0.000015    0.000000   -0.005130    0.022776   -0.149547
 84   42.458069    0.000031    0.000002   -0.006803   -0.066723   -0.488095
 85   42.267929    0.000031   -0.000015   -0.056444   -0.087673   -0.706736
 86   42.505920    0.000031    0.000022   -0.019469   -0.002738   -0.122850
 87   42.233025    0.000000    0.000005    0.029190    0.021163    0.184030
 88   42.352249    0.000000    0.000004    0.084051    0.080952    0.704849
 89   42.391754    0.000000    0.000001    0.005276    0.082601    0.455374
 90   42.497498   -0.000015   -0.000019   -0.017921    0.041359    0.238296
 91   42.272430   -0.000010    0.000027   -0.014115    0.018248    0.120506
time 5
  0    0.000000    0.000000    0.000000    0.000000   -0.000000    0.000000
  1    0.000000    0.000000    0.000000    0.000000   -0.000000    0.000000
  2    0.000000  -33.188931  217.456802    2.916653   -1.383458   -1.359032
  3   50.309189   -0.435480    0.000011    0.002236   -0.065708    0.013799
  4   30.891541   -0.000011    0.000008    0.000017   -0.046067   -0.014097
  5   34.635620    0.000008    0.000000   -0.000000   -0.098388   -0.000001
  6   30.584259    0.000017    0.000008   -0.000000   -0.336668    0.000001
  7   31.520172    0.000000    0.000000   -0.000000   -0.404063   -0.000001
  8   34.241180  -28.000036  -41.877991    0.928131   -0.441408    0.161484
  9   34.241119   23.441803  -41.878113   -0.930002   -0.442418   -0.130198
 10   35.246674  -52.543091    1.319153   -0.069832   -0.264577    0.262982
 11   35.246521   52.726318    1.318939    0.063526   -0.266127   -0.235693
 12   34.829987  -24.891930   45.588593   -1.001854   -0.092943    0.134542
 13   34.885773   27.636589   43.767822    1.000710   -0.093758   -0.106540
 14   -1.743149  -42.376755   85.083267    0.011054   -0.428716   -0.402920
 15   42.375092    0.000008   -0.000015   -0.047923   -0.177459   -0.167509
 16   42.546082    0.000008    0.000008    0.077523   -0.320678   -0.362152
 17   42.234482    0.000015   -0.000061    0.114932   -0.341044   -0.374110
 18   42.465034    0.000015    0.000000    0.147345   -0.455799   -0.419846
 19   42.458084   -0.000061   -0.000031    0.119532   -0.563126   -0.489588
 20   42.267944   -0.000015    0.000015    0.008421    0.113807    0.132213
 21   42.505920    0.000015   -0.000015    0.002224    0.003834    0.026188
 22   42.233162    0.000000    0.000000    0.025978    0.117422    0.101492
 23   42.352242   -0.000015   -0.000015    0.114285    0.497509    0.432983
 24   42.391724   -0.000061   -0.000015    0.024439    0.462031    0.395870
 25   42.497498   -0.000015   -0.000022   -0.029477    0.201989    0.184622
 26   42.272766    0.000043   -0.000038   -0.019425    0.079372    0.078622
 27   -1.513748   42.404190   85.083328    1.628759   -0.481105    0.454163
 28   42.375061    0.000023   -0.000031    0.035474    0.186500    0.187625
 29   42.546082   -0.000015    0.000015    0.039313    0.354904    0.353007
 30   42.234467    0.000122   -0.000031    0.029013    0.326305    0.341063
 31   42.465050   -0.000031    0.000000    0.103943    0.391518    0.549249
 32   42.458076    0.000000    0.000000    0.187674    0.380057    0.547552
 33   42.267883   -0.000061    0.000015   -0.004002   -0.148739   -0.114824
 34   42.506004    0.000046    0.000046   -0.003075   -0.021494   -0.000026
 35   42.233101   -0.000031    0.000031   -0.028708   -0.122869   -0.128811
 36   42.352238   -0.000137   -0.000015    0.077347   -0.422209   -0.557015
 37   42.391693    0.000076   -0.000015    0.123568   -0.335155   -0.461618
 38   42.497589    0.000061   -0.000053    0.057232   -0.166378   -0.196918
 39   42.272705    0.000107   -0.000033    0.023021   -0.069584   -0.074872
 40   10.864120   83.890678    6.552910    0.010107    0.516426    1.904561
 41   42.375057   -0.000015    0.000000    0.044179   -0.192521   -0.083877
 42   42.546104    0.000015   -0.000004    0.051506   -0.256575   -0.161246
 43   42.234497    0.000015    0.000006   -0.001528   -0.155878    0.022315
 44   42.465073    0.000000   -0.000008    0.030015    0.001910    0.324990
 45   42.458069    0.000000   -0.000008    0.036707   -0.059559    0.414299
 46   42.267906    0.000000    0.000000    0.071294   -0.064353    0.498753
 47   42.505875    0.000061    0.000007    0.025801   -0.003746    0.130184
 48   42.233128    0.000000   -0.000010   -0.033724    0.026382   -0.170134
 49   42.352245   -0.000031    0.000003   -0.098947    0.096369   -0.646488
 50   42.391663   -0.000015   -0.000007   -0.013160    0.103254   -0.447974
 51   42.497589    0.000008   -0.000004    0.019354    0.055873   -0.245304
 52   42.272736   -0.000002    0.000008    0.016230    0.024288   -0.120054
 53   12.483444   47.478165  -72.729897   -0.623863    1.259316    1.592131
 54   42.375092   -0.000015   -0.000008   -0.076344   -0.137248    0.076056
 55   42.546074    0.000061    0.000000   -0.057809   -0.162848    0.070758
 56   42.234543   -0.000046    0.000015   -0.032456   -0.181079    0.056049
 57   42.464989    0.000076    0.000000   -0.015181   -0.110527    0.081724
 58   42.458054    0.000015   -0.000031   -0.019991   -0.078367    0.105766
 59   42.267952   -0.000092   -0.000015   -0.012932   -0.080188    0.074489
 60   42.505920    0.000107   -0.000015    0.002371   -0.039622    0.036035
 61   42.233185   -0.000031   -0.000046    0.012808   -0.075084    0.068703
 62   42.352280    0.000031   -0.000031    0.001191   -0.015346    0.014498
 63   42.391693    0.000031    0.000000   -0.018627    0.101514   -0.095924
 64   42.497528    0.000046   -0.000046   -0.037985    0.214458   -0.200594
 65   42.272705    0.000000   -0.000046   -0.041760    0.250233   -0.228192
 66   10.978439  -48.550125  -76.349892   -0.738395    1.327195   -1.249108
 67   42.375084    0.000031    0.000000    0.121364    0.096295   -0.163889
 68   42.546112   -0.000015    0.000031    0.068094    0.077766   -0.199771
 69   42.234444    0.000000   -0.000015    0.026853    0.055079   -0.204293
 70   42.465004   -0.000015    0.000000    0.005690    0.079946   -0.107987
 71   42.458099    0.000046   -0.000015    0.007681    0.102027   -0.080998
 72   42.267929   -0.000031   -0.000015    0.002384    0.068002   -0.078979
 73   42.505966    0.000092    0.000000   -0.005185    0.034321   -0.040197
 74   42.233200    0.000000   -0.000031   -0.019767    0.067221   -0.078194
 75   42.352203    0.000031    0.000000   -0.001067    0.006464   -0.007228
 76   42.391907    0.000000   -0.000015    0.012507   -0.105122    0.118355
 77   42.497559    0.000061    0.000000   -0.001181   -0.190404    0.225925
 78   42.272675   -0.000015    0.000015   -0.019799   -0.216770    0.270104
 79   15.161697  -85.861885    6.016472   -0.009362    0.598929   -1.806628
 80   42.375122    0.000031    0.000000   -0.050098   -0.219070    0.080846
 81   42.546036    0.000000    0.000004   -0.058468   -0.285772    0.155992
 82   42.234528    0.000000   -0.000015    0.004423   -0.153221   -0.050189
 83   42.465073    0.000000   -0.000008   -0.020848    0.004865   -0.322692
 84   42.458038    0.000000   -0.000019   -0.025077   -0.066705   -0.421365
 85   42.267906    0.000000   -0.000019   -0.060752   -0.074986   -0.492178
 86   42.505981   -0.000061    0.000022   -0.021466   -0.005374   -0.112156
 87   42.233105    0.000031   -0.000025    0.035728    0.034389    0.184997
 88   42.352310    0.000000   -0.000015    0.091796    0.119117    0.653898
 89   42.391769    0.000015   -0.000024   -0.001584    0.108680    0.431732
 90   42.497559   -0.000008   -0.000029   -0.027611    0.055674    0.239098
 91   42.272461   -0.000010    0.000004   -0.019740    0.022935    0.115294
time 6
  0    0.000000    0.000000    0.000000    0.000000   -0.000000    0.000000
  1    0.000000    0.000000    0.000000    0.000000   -0.000000    0.000000
  2    0.000000  -42.889595  272.512177    2.929639   -1.348882   -1.372549
  3   50.309204   -0.435479    0.000008    0.002112   -0.066087    0.013842
  4   30.891541   -0.000011    0.000004   -0.000045   -0.046625   -0.014064
  5   34.635620    0.000006    0.000008   -0.000067   -0.098945    0.000028
  6   30.584290    0.000019    0.000008   -0.000068   -0.313644    0.000019
  7   31.520233   -0.000001    0.000015   -0.000069   -0.371109    0.000001
  8   34.241180  -28.000036  -41.877991    0.929697   -0.431728    0.161973
  9   34.241119   23.441805  -41.878082   -0.930793   -0.433098   -0.131230
 10   35.246704  -52.543098    1.319153   -0.067608   -0.259622    0.264441
 11   35.246521   52.726326    1.318939    0.062110   -0.260847   -0.237419
 12   34.830017  -24.891932   45.588654   -1.000456   -0.086329    0.135682
 13   34.885803   27.636595   43.767853    1.000405   -0.086956   -0.107628
 14   -1.598389  -42.419724   85.126312    0.097178   -0.505375   -0.531248
 15   42.375092    0.000023    0.000008   -0.003450   -0.270000   -0.232528
 16   42.546051    0.000031    0.000015    0.110134   -0.389471   -0.377979
 17   42.234436   -0.000015   -0.000015    0.060250   -0.294175   -0.254414
 18   42.464981    0.000000    0.000000    0.110284   -0.448074   -0.379529
 19   42.458130   -0.000092    0.000000    0.031844   -0.391394   -0.307825
 20   42.267975    0.000061   -0.000015   -0.013420   -0.022653   -0.010903
 21   42.505951   -0.000015   -0.000015   -0.005029   -0.081580   -0.068997
 22   42.233246    0.000000   -0.000031    0.013528    0.038393    0.040797
 23   42.352318    0.000000    0.000015    0.138482    0.439893    0.458112
 24   42.391792   -0.000046    0.000000    0.226907    0.650987    0.732997
 25   42.497406    0.000015   -0.000027   -0.003642    0.235402    0.226712
 26   42.272858    0.000072   -0.000031   -0.009899    0.077601    0.077545
 27   -1.457001   42.428116   85.096443    1.562959   -0.568271    0.592632
 28   42.375076    0.000000    0.000000    0.033328    0.264628    0.294170
 29   42.546097   -0.000015   -0.000015    0.048509    0.346758    0.394372
 30   42.234482    0.000076   -0.000031    0.033380    0.227764    0.270456
 31   42.465057   -0.000031   -0.000031    0.120455    0.367623    0.499120
 32   42.458084   -0.000031    0.000061    0.124520    0.291435    0.360077
 33   42.267914   -0.000031    0.000046    0.018050    0.012214    0.019160
 34   42.506058    0.000061    0.000015    0.018523    0.077815    0.072612
 35   42.233093   -0.000015    0.000015   -0.019672   -0.054792   -0.040655
 36   42.352219   -0.000076    0.000031    0.034168   -0.505465   -0.480674
 37   42.391739    0.000092    0.000015    0.209329   -0.592367   -0.741468
 38   42.497589    0.000042   -0.000034    0.043646   -0.207360   -0.224033
 39   42.272614    0.000137    0.000003    0.013566   -0.070357   -0.071523
 40   10.898010   83.932770    6.544022    0.009477    0.494870    2.066192
 41   42.375084   -0.000031    0.000000    0.029024   -0.186300   -0.057452
 42   42.546104    0.000000   -0.000008    0.035102   -0.250120   -0.114743
 43   42.234482    0.000000   -0.000004    0.000543   -0.179020   -0.011849
 44   42.465073    0.000000   -0.000008    0.029743    0.006377    0.243941
 45   42.458099    0.000000   -0.000008    0.032253   -0.036622    0.282180
 46   42.267899   -0.000061   -0.000008    0.062156   -0.056313    0.419946
 47   42.505890    0.000000    0.000005    0.042546   -0.019623    0.215124
 48   42.233139   -0.000031   -0.000007   -0.014877    0.023824   -0.069848
 49   42.352261    0.000000    0.000007   -0.085937    0.101890   -0.484980
 50   42.391739   -0.000031   -0.000002   -0.030017    0.152280   -0.545432
 51   42.497650    0.000031   -0.000004    0.035911    0.095295   -0.337257
 52   42.272736    0.000004    0.000000    0.027841    0.032149   -0.138379
 53   12.514343   47.484123  -72.764320   -0.374361    1.307795    1.885788
 54   42.375092   -0.000031    0.000000   -0.082971   -0.155507    0.060683
 55   42.546059   -0.000031    0.000015   -0.059043   -0.171820    0.047493
 56   42.234512    0.000000   -0.000031   -0.030384   -0.181156    0.024209
 57   42.464981    0.000015   -0.000031   -0.013671   -0.106563    0.054522
 58   42.458054    0.000061   -0.000031   -0.018292   -0.062906    0.093681
 59   42.267944   -0.000092    0.000000   -0.011740   -0.086761    0.080668
 60   42.505920    0.000122    0.000000    0.003888   -0.073251    0.063522
 61   42.233154   -0.000092    0.000000    0.014145   -0.097484    0.085793
 62   42.352249    0.000000    0.000000    0.003493   -0.049596    0.045125
 63   42.391632    0.000000   -0.000031   -0.011895    0.047680   -0.043653
 64   42.497620    0.000031   -0.000092   -0.037400    0.197070   -0.179765
 65   42.272644    0.000000    0.000000   -0.051720    0.268081   -0.238667
 66   11.063843  -48.585121  -76.420204   -1.041949    1.403996   -1.566804
 67   42.375076    0.000000   -0.000031    0.127973    0.084117   -0.185460
 68   42.546097   -0.000015    0.000000    0.071283    0.055837   -0.208885
 69   42.234482    0.000046    0.000000    0.029475    0.026637   -0.202105
 70   42.465004   -0.000031    0.000000    0.006660    0.057218   -0.103462
 71   42.458061    0.000092    0.000000    0.008391    0.093839   -0.060083
 72   42.267899   -0.000031    0.000000   -0.000933    0.078387   -0.087791
 73   42.505966    0.000061   -0.000015   -0.011526    0.061803   -0.071764
 74   42.233154    0.000000    0.000000   -0.027132    0.088700   -0.101335
 75   42.352173   -0.000061    0.000031   -0.007187    0.036609   -0.039806
 76   42.391785   -0.000031   -0.000031    0.012994   -0.054165    0.058253
 77   42.497528    0.000061    0.000000    0.009967   -0.185928    0.209468
 78   42.272644    0.000015   -0.000015   -0.011800   -0.236278    0.286453
 79   15.187714  -85.900436    6.008572   -0.008649    0.540362   -1.877928
 80   42.375046    0.000000    0.000008   -0.004735   -0.175074    0.007225
 81   42.546001    0.000000    0.000000   -0.025292   -0.247691    0.068666
 82   42.234489    0.000000   -0.000004    0.006790   -0.198970   -0.058737
 83   42.465080   -0.000031   -0.000004   -0.034479   -0.048406   -0.418878
 84   42.458115    0.000000   -0.000011   -0.035695   -0.046919   -0.278195
 85   42.267883    0.000031    0.000000   -0.027952   -0.012251   -0.160847
 86   42.505959   -0.000031    0.000031   -0.022934   -0.016469   -0.123628
 87   42.233070    0.000000   -0.000015    0.015053    0.032183    0.075339
 88   42.352242    0.000061    0.000013    0.067381    0.136811    0.426234
 89   42.391800   -0.000031    0.000001    0.004366    0.191758    0.524725
 90   42.497528   -0.000023    0.000011   -0.070159    0.121080    0.366801
 91   42.272583   -0.000023    0.000023   -0.039899    0.030668    0.128807
time 7
  0    0.000000    0.000000    0.000000    0.000000   -0.000000    0.000000
  1    0.000000    0.000000    0.000000    0.000000   -0.000000    0.000000
  2    0.000000  -54.700359  335.802643    2.960773   -1.312725   -1.404786
  3   50.309204   -0.435479    0.000000    0.001768   -0.067163    0.013964
  4   30.891571   -0.000011    0.000000   -0.000220   -0.048176   -0.013970
  5   34.635590    0.000004    0.000008   -0.000252   -0.100497    0.000106
  6   30.584290    0.000018   -0.000008   -0.000257   -0.288775    0.000071
  7   31.520203   -0.000002    0.000031   -0.000261   -0.334001    0.000009
  8   34.241180  -28.000031  -41.877991    0.934140   -0.421363    0.163360
  9   34.241119   23.441799  -41.878082   -0.933034   -0.422640   -0.134158
 10   35.246735  -52.543083    1.319122   -0.061298   -0.245564    0.268583
 11   35.246552   52.726311    1.318909    0.058093   -0.245872   -0.242315
 12   34.830048  -24.891926   45.588623   -0.996491   -0.067568    0.138918
 13   34.885773   27.636581   43.767822    0.999526   -0.067663   -0.110715
 14   -1.180023  -42.543915   85.250687    0.443568   -0.731604   -0.967825
 15   42.375061    0.000000    0.000015    0.012524   -0.315322   -0.199876
 16   42.546066    0.000061    0.000000    0.013857   -0.260300   -0.162841
 17   42.234482    0.000031    0.000000    0.022305   -0.254935   -0.180217
 18   42.464951   -0.000031   -0.000061    0.061081   -0.409685   -0.313014
 19   42.458069   -0.000061    0.000000   -0.007826   -0.255033   -0.193817
 20   42.267960   -0.000015    0.000046   -0.013520   -0.168702   -0.166252
 21   42.505859   -0.000031    0.000015   -0.000390   -0.178677   -0.192972
 22   42.233185    0.000000   -0.000015    0.005472   -0.032302   -0.028796
 23   42.352249   -0.000023    0.000008    0.024653    0.116020    0.153216
 24   42.391808   -0.000076    0.000015    0.641405    0.659051    1.275272
 25   42.497513    0.000069   -0.000076    0.157299    0.457699    0.478313
 26   42.272858    0.000017   -0.000041    0.007577    0.108573    0.093409
 27   -1.290802   42.498299   85.135040    1.234427   -0.806788    1.035138
 28   42.375061    0.000000    0.000000    0.037840    0.241247    0.336134
 29   42.546089    0.000000    0.000031    0.036552    0.154877    0.217022
 30   42.234467    0.000092   -0.000061    0.042898    0.179371    0.228626
 31   42.465012   -0.000031    0.000031    0.114354    0.319448    0.407366
 32   42.458069    0.000015    0.000000    0.089085    0.221414    0.238800
 33   42.267883   -0.000015    0.000015    0.061971    0.186494    0.146561
 34   42.506012    0.000046    0.000046    0.049239    0.212431    0.146001
 35   42.233093   -0.000038    0.000061   -0.004536    0.031325    0.025217
 36   42.352249   -0.000099    0.000031   -0.020353   -0.179991   -0.092527
 37   42.391708    0.000046    0.000031    0.431855   -1.018844   -1.140699
 38   42.497635    0.000084   -0.000023    0.036150   -0.444051   -0.469068
 39   42.272552    0.000126   -0.000021    0.000614   -0.094009   -0.103575
 40   10.997375   84.056389    6.518021    0.009962    0.342083    2.236670
 41   42.375076    0.000031    0.000008    0.017301   -0.141657   -0.050541
 42   42.546104   -0.000031   -0.000015    0.018342   -0.176357   -0.092065
 43   42.234505   -0.000031   -0.000008    0.000777   -0.143808   -0.038669
 44   42.465050    0.000000   -0.000011    0.022015   -0.005587    0.183792
 45   42.458099   -0.000061   -0.000015    0.020772   -0.016480    0.165946
 46   42.267914    0.000061    0.000000    0.040458   -0.019701    0.286277
 47   42.505890    0.000031    0.000006    0.045153   -0.028682    0.285089
 48   42.233124   -0.000061   -0.000013    0.005703    0.021779    0.030739
 49   42.352242   -0.000031    0.000000   -0.040231    0.111125   -0.256594
 50   42.391685   -0.000031   -0.000009   -0.018807    0.226656   -0.477677
 51   42.497681    0.000031   -0.000019    0.084408    0.194272   -0.418842
 52   42.272736    0.000023   -0.000046    0.045431    0.038427   -0.114439
 53   12.604919   47.501595  -72.865181   -0.214207    1.364402    2.077213
 54   42.375114   -0.000061    0.000000   -0.092573   -0.173703    0.049605
 55   42.546066    0.000031   -0.000015   -0.064382   -0.190432    0.033268
 56   42.234505   -0.000031    0.000000   -0.030583   -0.203985    0.003844
 57   42.465019    0.000031    0.000000   -0.012047   -0.117101    0.035099
 58   42.458069    0.000031    0.000000   -0.016337   -0.058847    0.086173
 59   42.267944   -0.000061    0.000000   -0.009589   -0.087141    0.083894
 60   42.505890    0.000092    0.000000    0.006134   -0.105267    0.085777
 61   42.233139   -0.000092    0.000000    0.016684   -0.118212    0.098710
 62   42.352310    0.000031    0.000000    0.006138   -0.073272    0.063749
 63   42.391663    0.000031    0.000061   -0.008506    0.016247   -0.014317
 64   42.497620    0.000000   -0.000031   -0.027009    0.138032   -0.120778
 65   42.272751    0.000031    0.000000   -0.045942    0.224790   -0.192112
 66   11.310394  -48.686375  -76.623283   -1.367134    1.475139   -1.891013
 67   42.375061   -0.000046    0.000000    0.138130    0.077808   -0.201580
 68   42.546082   -0.000015    0.000000    0.078326    0.046211   -0.226401
 69   42.234436    0.000031    0.000000    0.032947    0.010927   -0.225005
 70   42.464966    0.000031    0.000000    0.006726    0.041790   -0.112692
 71   42.458115    0.000061    0.000000    0.007702    0.090484   -0.051184
 72   42.267929   -0.000061    0.000000   -0.003557    0.086276   -0.087758
 73   42.505997    0.000031   -0.000031   -0.019684    0.088479   -0.101684
 74   42.233185   -0.000031    0.000000   -0.034349    0.104965   -0.117220
 75   42.352203    0.000000    0.000000   -0.013852    0.058685   -0.061670
 76   42.391769   -0.000031   -0.000061    0.009734   -0.022667    0.023274
 77   42.497620    0.000031    0.000061    0.018657   -0.134396    0.141907
 78   42.272720   -0.000031    0.000000    0.008483   -0.209029    0.237081
 79   15.263824  -86.013596    5.985447   -0.008946    0.398491   -2.027476
 80   42.375061   -0.000031    0.000000    0.004663   -0.124179   -0.012710
 81   42.546066    0.000000    0.000000   -0.009582   -0.176191    0.033773
 82   42.234528    0.000000   -0.000008    0.003059   -0.196362   -0.031923
 83   42.465073   -0.000031   -0.000023   -0.041634   -0.057845   -0.422515
 84   42.458160    0.000061   -0.000034   -0.038034   -0.036158   -0.248249
 85   42.267860    0.000000   -0.000029   -0.001744    0.013563   -0.008910
 86   42.505920    0.000000    0.000019    0.006034    0.010232    0.034981
 87   42.233032    0.000031   -0.000025    0.000754    0.013087    0.004534
 88   42.352249   -0.000031   -0.000008    0.014980    0.099803    0.102658
 89   42.391731   -0.000031   -0.000010    0.012631    0.259003    0.272787
 90   42.497620    0.000000   -0.000034   -0.089709    0.330092    0.369008
 91   42.272552    0.000031    0.000031   -0.096757    0.106420    0.154158
time 8
  0    0.000000    0.000000    0.000000    0.000000   -0.000000    0.000000
  1    0.000000    0.000000    0.000000    0.000000   -0.000000    0.000000
  2    0.000000  -66.170647  395.568970    2.998311   -1.280307   -1.443260
  3   50.309204   -0.435479    0.000008    0.001242   -0.068844    0.014149
  4   30.891571   -0.000010    0.000000   -0.000487   -0.050542   -0.013828
  5   34.635590    0.000006    0.000008   -0.000535   -0.102862    0.000225
  6   30.584259    0.000018    0.000015   -0.000544   -0.262702    0.000149
  7   31.520172    0.000000    0.000000   -0.000553   -0.293920    0.000020
  8   34.241180  -28.000032  -41.877991    0.941076   -0.410129    0.165526
  9   34.241119   23.441801  -41.878052   -0.936534   -0.410916   -0.138729
 10   35.246704  -52.543083    1.319092   -0.051448   -0.223618    0.275048
 11   35.246552   52.726318    1.318909    0.051822   -0.222492   -0.249957
 12   34.830017  -24.891924   45.588623   -0.990299   -0.038279    0.143970
 13   34.885742   27.636583   43.767822    0.998126   -0.037542   -0.115534
 14   -0.511902  -42.742249   85.449318    1.113088   -0.858754   -1.714566
 15   42.375061    0.000015   -0.000031   -0.058358   -0.158711   -0.042531
 16   42.546097    0.000061    0.000000   -0.040584   -0.096912   -0.008883
 17   42.234497    0.000046   -0.000031   -0.014204   -0.148178   -0.075548
 18   42.464996    0.000000    0.000000    0.028371   -0.322664   -0.252581
 19   42.458069   -0.000061    0.000000   -0.008503   -0.229390   -0.173979
 20   42.267960    0.000046    0.000015   -0.005299   -0.231790   -0.207810
 21   42.505829   -0.000031   -0.000015    0.014350   -0.279089   -0.288259
 22   42.233185   -0.000038    0.000031    0.003689   -0.108011   -0.111058
 23   42.352325    0.000038   -0.000023    0.000063   -0.006855    0.005354
 24   42.391724   -0.000015   -0.000015    0.117094    0.289191    0.434004
 25   42.497490    0.000046    0.000000    0.915613    0.658755    1.561355
 26   42.272858    0.000034   -0.000031    0.057052    0.264719    0.210599
 27   -1.020752   42.612263   85.197609    0.528383   -0.951598    1.866756
 28   42.375046    0.000061    0.000000    0.044882    0.077243    0.135932
 29   42.546112   -0.000031    0.000061    0.036106    0.023267    0.058922
 30   42.234467    0.000092    0.000031    0.032966    0.093966    0.122019
 31   42.465012   -0.000031    0.000000    0.081705    0.268362    0.305098
 32   42.458115   -0.000031   -0.000061    0.075071    0.204059    0.213981
 33   42.267914    0.000000    0.000031    0.078827    0.238917    0.201374
 34   42.506058    0.000092    0.000031    0.086602    0.324456    0.231331
 35   42.233124    0.000008    0.000031    0.012171    0.131330    0.083262
 36   42.352234   -0.000092    0.000053   -0.000004   -0.003524    0.007989
 37   42.391739    0.000065    0.000061   -0.025002   -0.468884   -0.214838
 38   42.497665    0.000038    0.000015    0.723245   -1.105820   -1.557045
 39   42.272629    0.000114    0.000000   -0.008944   -0.227094   -0.254239
 40   11.158691   84.257072    6.475739    0.011130    0.136335    2.369616
 41   42.375092    0.000031    0.000008    0.006359   -0.073033   -0.049505
 42   42.546104   -0.000061   -0.000015    0.004773   -0.084518   -0.078119
 43   42.234451   -0.000061    0.000000   -0.001515   -0.081841   -0.066805
 44   42.465057   -0.000031   -0.000004    0.013455   -0.019097    0.132550
 45   42.458054    0.000031    0.000000    0.014195   -0.019853    0.117170
 46   42.267914    0.000000   -0.000002    0.022746    0.006252    0.160352
 47   42.505875    0.000000    0.000008    0.033625    0.016984    0.248946
 48   42.233131   -0.000031   -0.000006    0.016795    0.021081    0.143678
 49   42.352234    0.000000    0.000000    0.000879    0.098189    0.008764
 50   42.391666    0.000031   -0.000015   -0.000294    0.221639    0.004408
 51   42.497620   -0.000031   -0.000017   -0.014080    0.284116    0.050699
 52   42.272724    0.000000   -0.000034   -0.012143    0.099005    0.019426
 53   12.752045   47.529957  -73.029045   -0.089682    1.427134    2.221699
 54   42.375099   -0.000031    0.000015   -0.104144   -0.189425    0.042928
 55   42.546074    0.000061    0.000061   -0.072271   -0.212259    0.023837
 56   42.234520    0.000000   -0.000031   -0.031817   -0.234948   -0.011909
 57   42.464989    0.000031    0.000000   -0.010110   -0.133825    0.020005
 58   42.458084    0.000061   -0.000031   -0.014240   -0.061658    0.079831
 59   42.268005   -0.000061   -0.000061   -0.007041   -0.086098    0.087248
 60   42.505966    0.000092    0.000000    0.009242   -0.131483    0.099927
 61   42.233185    0.000000   -0.000061    0.020348   -0.141432    0.111463
 62   42.352234    0.000000    0.000031    0.009507   -0.092026    0.076400
 63   42.391708    0.000061   -0.000031   -0.005037   -0.010124    0.008536
 64   42.497559    0.000031    0.000000   -0.013671    0.061509   -0.051977
 65   42.272720    0.000061    0.000000   -0.013042    0.063583   -0.052594
 66   11.704163  -48.847984  -76.947655    1.041285    1.610386    0.526161
 67   42.375122    0.000015   -0.000031    0.150113    0.077725   -0.211908
 68   42.546104    0.000031    0.000000    0.087624    0.044473   -0.245394
 69   42.234459    0.000031   -0.000061    0.037442    0.002762   -0.256157
 70   42.465027   -0.000092    0.000000    0.006583    0.031501   -0.127814
 71   42.458099    0.000061   -0.000031    0.006505    0.088109   -0.050159
 72   42.267914   -0.000061   -0.000031   -0.005668    0.093801   -0.084081
 73   42.505966    0.000061    0.000031   -0.027553    0.109831   -0.124951
 74   42.233154    0.000000   -0.000031   -0.042265    0.122204   -0.133570
 75   42.352234    0.000000    0.000031   -0.020401    0.076735   -0.077947
 76   42.391800    0.000000   -0.000061    0.004472    0.003983   -0.003829
 77   42.497589    0.000000    0.000000    0.014274   -0.059243    0.058760
 78   42.272705    0.000000    0.000000    0.013356   -0.060745    0.062399
 79   15.387390  -86.197304    5.947906   -0.009846    0.216978   -2.264470
 80   42.375107    0.000031    0.000000   -0.006348   -0.075068    0.028023
 81   42.546028    0.000000   -0.000008   -0.008143   -0.103010    0.055826
 82   42.234558    0.000061   -0.000023   -0.003024   -0.139530    0.074219
 83   42.465103   -0.000031    0.000008   -0.017556   -0.014433   -0.174401
 84   42.458115    0.000000    0.000000   -0.013147   -0.008079   -0.113424
 85   42.267975    0.000031    0.000000   -0.008298    0.006008   -0.066595
 86   42.505997    0.000061    0.000008   -0.014133    0.044877   -0.119977
 87   42.233124    0.000031    0.000000   -0.017914    0.079635   -0.245417
 88   42.352386    0.000031   -0.000019    0.000838    0.046285   -0.138388
 89   42.391682    0.000061   -0.000008    0.004685    0.030225   -0.091959
 90   42.497581    0.000092   -0.000019    0.005011    0.020007   -0.062255
 91   42.272537    0.000061   -0.000004    0.001854    0.005866   -0.018598
time 9
  0    0.000000    0.000000    0.000000    0.000000   -0.000000    0.000000
  1    0.000000    0.000000    0.000000    0.000000   -0.000000    0.000000
  2    0.000000  -74.849922  440.052185    3.030515   -1.256951   -1.475496
  3   50.309235   -0.435479    0.000000    0.000577   -0.071038    0.014383
  4   30.891602   -0.000010   -0.000023   -0.000825   -0.053540   -0.013648
  5   34.635590    0.000008    0.000015   -0.000894   -0.105860    0.000377
  6   30.584290    0.000017    0.000031   -0.000909   -0.236067    0.000249
  7   31.520233    0.000000    0.000031   -0.000923   -0.252047    0.000034
  8   34.241211  -28.000032  -41.878021    0.950122   -0.397844    0.168350
  9   34.241150   23.441801  -41.878113   -0.941099   -0.397796   -0.144690
 10   35.246704  -52.543091    1.319122   -0.038602   -0.194997    0.283480
 11   35.246582   52.726318    1.318909    0.043644   -0.192002   -0.259924
 12   34.830048  -24.891930   45.588593   -0.982225   -0.000081    0.150559
 13   34.885834   27.636591   43.767822    0.996259    0.001739   -0.121819
 14    0.382538  -43.007732   85.715057    1.383828   -0.885123   -2.011991
 15   42.375046    0.000015    0.000031   -0.077037   -0.069005   -0.020426
 16   42.546127    0.000015    0.000000   -0.040844   -0.083359   -0.031801
 17   42.234436   -0.000015    0.000031   -0.025091   -0.071064   -0.010570
 18   42.465012    0.000031    0.000061   -0.008537   -0.156044   -0.091725
 19   42.458176   -0.000061    0.000000    0.005955   -0.285559   -0.238992
 20   42.267944    0.000046    0.000031   -0.005463   -0.211378   -0.177046
 21   42.505890   -0.000061    0.000000    0.002215   -0.200051   -0.182469
 22   42.233154   -0.000061    0.000000    0.014461   -0.266510   -0.245756
 23   42.352264    0.000015    0.000031   -0.006235   -0.109245   -0.104380
 24   42.391754   -0.000046    0.000000   -0.004531    0.020717   -0.006244
 25   42.497528    0.000046    0.000000    0.532826    1.131200    1.140943
 26   42.272736    0.000122    0.000000    0.043985    0.867038    0.990033
 27   -0.652649   42.767593   85.283020    0.299059   -0.959165    2.148469
 28   42.375084    0.000000    0.000000    0.048695    0.038702    0.055236
 29   42.546051    0.000000    0.000000    0.039159    0.050827    0.065740
 30   42.234467    0.000092    0.000000    0.027719    0.032669    0.047235
 31   42.465042   -0.000061   -0.000031    0.032764    0.117006    0.126315
 32   42.458069    0.000061    0.000000    0.086708    0.265756    0.261863
 33   42.267883    0.000031   -0.000031    0.063337    0.208254    0.184622
 34   42.506058    0.000107    0.000000    0.048737    0.215478    0.162821
 35   42.233093   -0.000061    0.000015    0.062826    0.288488    0.214490
 36   42.352264   -0.000130    0.000015    0.021823    0.128179    0.084699
 37   42.391754    0.000065    0.000046    0.006154    0.009105   -0.016538
 38   42.497711    0.000019    0.000008    0.768868   -0.577351   -1.460924
 39   42.272598    0.000145   -0.000031    0.897969   -0.732469   -1.070488
 40   11.378662   84.530617    6.418152    0.011943   -0.035708    2.454495
 41   42.375046    0.000000    0.000015   -0.002422   -0.015407   -0.052887
 42   42.546127    0.000000   -0.000008   -0.004033   -0.015961   -0.074721
 43   42.234459   -0.000031   -0.000004   -0.006356   -0.016506   -0.095324
 44   42.465073    0.000000   -0.000015    0.007831   -0.021490    0.097675
 45   42.458054   -0.000031   -0.000008    0.011905   -0.037611    0.115926
 46   42.267944   -0.000031   -0.000002    0.013891    0.004404    0.098125
 47   42.505905    0.000031    0.000008    0.023445    0.066264    0.170542
 48   42.233154    0.000031   -0.000006    0.012476    0.063220    0.174949
 49   42.352264    0.000000    0.000000    0.002005    0.077723    0.221768
 50   42.391693   -0.000031    0.000004   -0.019475    0.100229    0.293661
 51   42.497650    0.000031   -0.000004   -0.045049    0.084202    0.276775
 52   42.272705    0.000000    0.000008   -0.029473    0.030041    0.121610
 53   12.952637   47.568592  -73.252327    0.085546    1.485097    2.406935
 54   42.375046   -0.000061    0.000000   -0.116876   -0.205402    0.039525
 55   42.546059    0.000000    0.000000   -0.080374   -0.234894    0.016027
 56   42.234524   -0.000061   -0.000061   -0.032430   -0.261406   -0.025937
 57   42.464951    0.000000    0.000061   -0.008310   -0.145133    0.009421
 58   42.458038    0.000031    0.000000   -0.012597   -0.064483    0.075105
 59   42.267990   -0.000061    0.000000   -0.004951   -0.086127    0.089414
 60   42.505920    0.000122    0.000061    0.012161   -0.145488    0.103911
 61   42.233124   -0.000031    0.000061    0.024031   -0.161095    0.120545
 62   42.352264    0.000061    0.000061    0.013109   -0.110623    0.088189
 63   42.391678    0.000061   -0.000031   -0.000673   -0.037980    0.031073
 64   42.497574    0.000000    0.000000   -0.000804   -0.015837    0.012591
 65   42.272743    0.000000    0.000031    0.006409   -0.063648    0.051811
 66   12.231354  -49.064316  -77.381721   -0.446325    1.616735   -0.951602
 67   42.375061    0.000015    0.000000    0.162826    0.081665   -0.223390
 68   42.546082   -0.000031    0.000031    0.096399    0.044868   -0.265429
 69   42.234478    0.000061    0.000000    0.041077   -0.002592   -0.280816
 70   42.464996    0.000000   -0.000031    0.006457    0.025722   -0.137186
 71   42.458115    0.000092    0.000000    0.005629    0.086535   -0.050573
 72   42.267899   -0.000092   -0.000031   -0.007074    0.099056   -0.081125
 73   42.505936    0.000092    0.000031   -0.032063    0.120410   -0.135939
 74   42.233093   -0.000061    0.000031   -0.049014    0.136892   -0.147637
 75   42.352142   -0.000061    0.000031   -0.026919    0.094180   -0.093450
 76   42.391876   -0.000031    0.000031   -0.002744    0.031791   -0.029947
 77   42.497513    0.000061    0.000031   -0.001699    0.017706   -0.016455
 78   42.272705    0.000061    0.000000   -0.015301    0.063061   -0.058961
 79   15.555878  -86.447807    5.896759   -0.010449    0.038253   -2.399547
 80   42.375061    0.000000    0.000015   -0.002112   -0.028297    0.050813
 81   42.546112    0.000031    0.000008   -0.000963   -0.033708    0.075212
 82   42.234505    0.000000   -0.000023    0.002199   -0.041321    0.104839
 83   42.465103   -0.000031    0.000000   -0.007072   -0.020471   -0.110750
 84   42.458115    0.000000   -0.000008   -0.009569   -0.026015   -0.111900
 85   42.267929    0.000061   -0.000034   -0.007888    0.004414   -0.070117
 86   42.505951    0.000031    0.000038   -0.013047    0.064759   -0.121492
 87   42.233017   -0.000031   -0.000019   -0.008636    0.108719   -0.200674
 88   42.352272    0.000031    0.000000    0.021888    0.033983   -0.353612
 89   42.391708    0.000031   -0.000053    0.021905    0.008579   -0.246460
 90   42.497559    0.000000    0.000008    0.014489    0.008201   -0.155601
 91   42.272522    0.000031    0.000015    0.006655    0.002531   -0.067123
time 10
  0    0.000000    0.000000    0.000000    0.000000   -0.000000    0.000000
  1    0.000000    0.000000    0.000000    0.000000   -0.000000    0.000000
  2    0.000000  -78.287575  457.493042    3.045641   -1.247983   -1.489014
  3   50.309235   -0.435480    0.000008   -0.000190   -0.073654    0.014653
  4   30.891541   -0.000011    0.000000   -0.001214   -0.056990   -0.013440
  5   34.635620    0.000008    0.000000   -0.001306   -0.109310    0.000551
  6   30.584290    0.000016    0.000031   -0.001328   -0.209510    0.000363
  7   31.520203   -0.000001    0.000000   -0.001348   -0.209566    0.000050
  8   34.241211  -28.000040  -41.878021    0.960893   -0.384322    0.171714
  9   34.241150   23.441805  -41.878082   -0.946534   -0.383152   -0.151789
 10   35.246704  -52.543098    1.319122   -0.023304   -0.160914    0.293521
 11   35.246582   52.726326    1.318909    0.033906   -0.155694   -0.271793
 12   34.830078  -24.891932   45.588593   -0.972610    0.045405    0.158404
 13   34.885803   27.636591   43.767822    0.993979    0.048516   -0.129304
 14    1.479065  -43.333210   86.041084    1.394247   -0.917615   -2.015148
 15   42.375076   -0.000031    0.000031   -0.079608   -0.052653   -0.020738
 16   42.546066    0.000000    0.000000   -0.042942   -0.067877   -0.033265
 17   42.234406   -0.000031   -0.000031   -0.021611   -0.091770   -0.048312
 18   42.464966    0.000000    0.000000   -0.010228   -0.136208   -0.070438
 19   42.458054   -0.000061    0.000031   -0.009901   -0.207508   -0.148239
 20   42.267929   -0.000031    0.000000   -0.006489   -0.212295   -0.172592
 21   42.505890   -0.000015    0.000031   -0.002534   -0.158241   -0.134192
 22   42.233154   -0.000046    0.000031    0.008299   -0.209278   -0.202793
 23   42.352310    0.000000    0.000031    0.010650   -0.302539   -0.276087
 24   42.391724   -0.000015   -0.000008   -0.005270   -0.040623   -0.198395
 25   42.497467    0.000114   -0.000031    0.027221    0.080207   -0.394240
 26   42.272690    0.000031   -0.000031    0.187510    0.000740   -0.434964
 27   -0.192261   42.961853   85.389702    0.326395   -0.974979    2.116351
 28   42.375092   -0.000061    0.000000    0.048472    0.032524    0.044501
 29   42.546082    0.000031   -0.000031    0.038668    0.046167    0.057252
 30   42.234497    0.000092    0.000000    0.030578    0.065591    0.076379
 31   42.465042   -0.000061    0.000000    0.029632    0.097694    0.110814
 32   42.458130    0.000031   -0.000031    0.057554    0.179749    0.178733
 33   42.267891    0.000000   -0.000061    0.061591    0.203185    0.185615
 34   42.506012    0.000092   -0.000031    0.034930    0.162153    0.130468
 35   42.233063    0.000046    0.000000    0.043849    0.236559    0.164250
 36   42.352234   -0.000092    0.000046    0.086245    0.327438    0.249166
 37   42.391632    0.000122    0.000031    0.013130    0.203037   -0.003178
 38   42.497711    0.000019    0.000019   -0.067957    0.354888   -0.182486
 39   42.272644    0.000122    0.000027   -0.204812    0.423472   -0.117165
 40   11.653687   84.872749    6.346115    0.010678   -0.106584    2.495873
 41   42.375092    0.000000    0.000015   -0.007437    0.009465   -0.065319
 42   42.546066    0.000000    0.000008   -0.009052    0.014575   -0.091963
 43   42.234497    0.000000    0.000023   -0.010844    0.023260   -0.135006
 44   42.465103    0.000000   -0.000008    0.005792   -0.025402    0.106057
 45   42.458084    0.000000   -0.000015    0.011400   -0.056071    0.140534
 46   42.267929   -0.000031    0.000000    0.012470    0.002926    0.090194
 47   42.505875   -0.000061    0.000008    0.018821    0.084836    0.138772
 48   42.233124   -0.000031   -0.000015    0.008598    0.103162    0.168320
 49   42.352234    0.000000   -0.000008   -0.017545    0.066837    0.353154
 50   42.391678   -0.000031    0.000000   -0.036737    0.041635    0.334711
 51   42.497635   -0.000061   -0.000008   -0.030787    0.024390    0.213779
 52   42.272690    0.000031    0.000008   -0.016364    0.008064    0.099412
 53   13.203461   47.616920  -73.531624    0.543402    1.523157    2.866175
 54   42.375084    0.000061    0.000000   -0.132028   -0.231883    0.039326
 55   42.546051    0.000092    0.000031   -0.085012   -0.260864    0.006933
 56   42.234528   -0.000061    0.000000   -0.029760   -0.268677   -0.037763
 57   42.465034    0.000092    0.000000   -0.007745   -0.136556    0.007285
 58   42.458038    0.000061   -0.000061   -0.012398   -0.060394    0.075045
 59   42.267990   -0.000061    0.000031   -0.004540   -0.087311    0.086456
 60   42.505890    0.000092    0.000031    0.012761   -0.138754    0.095683
 61   42.233185   -0.000092    0.000000    0.025273   -0.164031    0.118631
 62   42.352249    0.000031   -0.000061    0.015345   -0.128241    0.099263
 63   42.391693    0.000061    0.000000    0.003302   -0.065316    0.052233
 64   42.497589   -0.000031    0.000031    0.006308   -0.064039    0.051574
 65   42.272705    0.000031   -0.000031    0.009494   -0.084666    0.069617
 66   12.877686  -49.329582  -77.913963   -0.839202    1.652593   -1.340331
 67   42.375061    0.000061    0.000000    0.176755    0.088402   -0.251106
 68   42.546074    0.000031    0.000031    0.100429    0.040018   -0.292567
 69   42.234489    0.000031    0.000000    0.040069   -0.010414   -0.282308
 70   42.465050   -0.000061   -0.000031    0.006318    0.024976   -0.126509
 71   42.458099    0.000061   -0.000031    0.005670    0.087568   -0.046154
 72   42.267914   -0.000031   -0.000031   -0.007093    0.097161   -0.081110
 73   42.505920    0.000031    0.000000   -0.030236    0.114035   -0.128380
 74   42.233276   -0.000031    0.000000   -0.049876    0.138467   -0.149368
 75   42.352188    0.000000    0.000000   -0.032592    0.109829   -0.108999
 76   42.391769    0.000000   -0.000031   -0.010541    0.058395   -0.054583
 77   42.497604    0.000000    0.000000   -0.014817    0.063201   -0.058009
 78   42.272705   -0.000061    0.000031   -0.021535    0.082379   -0.073820
 79   15.766663  -86.760971    5.832756   -0.009302   -0.053955   -2.461368
 80   42.375061    0.000000    0.000000    0.003796    0.003596    0.073478
 81   42.546005    0.000000    0.000008    0.004951    0.007886    0.104036
 82   42.234558    0.000061    0.000011    0.005259    0.012401    0.135586
 83   42.465103    0.000031    0.000000   -0.003185   -0.031193   -0.116061
 84   42.458130    0.000031   -0.000031   -0.008057   -0.055930   -0.134831
 85   42.267838    0.000031   -0.000004   -0.010716    0.003875   -0.091760
 86   42.505890    0.000000    0.000015   -0.016002    0.084283   -0.142554
 87   42.233124    0.000000    0.000031   -0.004962    0.096062   -0.176447
 88   42.352318    0.000000    0.000008    0.023291    0.052741   -0.362337
 89   42.391754    0.000031   -0.000031    0.035912    0.029147   -0.329497
 90   42.497559    0.000031   -0.000031    0.027504    0.016444   -0.210370
 91   42.272583    0.000015    0.000023    0.013589    0.004668   -0.094713
time 11
  0    0.000000    0.000000    0.000000    0.000000   -0.000000    0.000000
  1    0.000000    0.000000    0.000000    0.000000   -0.000000    0.000000
  2   -0.002493  -77.420509  454.957031    3.047888   -1.269018   -1.488903
  3   50.309265   -0.435478   -0.000008   -0.001016   -0.076599    0.014945
  4   30.891602   -0.000010    0.000008   -0.001633   -0.060711   -0.013216
  5   34.635620    0.000008   -0.000031   -0.001751   -0.113032    0.000738
  6   30.584290    0.000018   -0.000015   -0.001781   -0.183675    0.000487
  7   31.520203   -0.000001   -0.000031   -0.001808   -0.167656    0.000068
  8   34.241180  -28.000032  -41.878021    0.973008   -0.369380    0.175497
  9   34.241119   23.441801  -41.878143   -0.952646   -0.366857   -0.159772
 10   35.246674  -52.543083    1.319122   -0.006100   -0.122584    0.304813
 11   35.246490   52.726318    1.318939    0.022953   -0.114861   -0.285142
 12   34.830048  -24.891924   45.588562   -0.961796    0.096560    0.167228
 13   34.885773   27.636587   43.767792    0.991338    0.101122   -0.137721
 14    2.754089  -43.711639   86.420090    1.494045   -0.887397   -2.141028
 15   42.375084    0.000000    0.000000   -0.082731   -0.032020   -0.011328
 16   42.546097    0.000000   -0.000031   -0.045961   -0.041846   -0.018840
 17   42.234421   -0.000031   -0.000031   -0.024557   -0.059469   -0.028601
 18   42.464951    0.000031    0.000000   -0.011570   -0.105743   -0.054102
 19   42.458130   -0.000122    0.000000   -0.015191   -0.122836   -0.085093
 20   42.267929    0.000000   -0.000031   -0.011997   -0.074899   -0.048192
 21   42.505936    0.000000   -0.000061    0.004614   -0.159535   -0.145948
 22   42.233147    0.000031   -0.000031    0.081828   -0.471165   -0.451539
 23   42.352325   -0.000061    0.000000    0.039529   -0.241679   -0.388196
 24   42.391724   -0.000015   -0.000031    0.030278   -0.051171   -0.285221
 25   42.497467    0.000031   -0.000061    0.049748   -0.072532   -0.188245
 26   42.272736    0.000053   -0.000069    0.022084   -0.032474   -0.074148
 27    0.354553   43.192642   85.516579    0.214367   -0.933078    2.235746
 28   42.375122    0.000031    0.000000    0.047654    0.018542    0.026723
 29   42.546112    0.000031   -0.000031    0.037055    0.026588    0.034695
 30   42.234543    0.000061    0.000000    0.027170    0.038726    0.047350
 31   42.465088   -0.000092   -0.000031    0.023216    0.070569    0.082027
 32   42.458069   -0.000031   -0.000061    0.035780    0.103536    0.111972
 33   42.267899    0.000031    0.000031    0.023741    0.062631    0.073633
 34   42.506042    0.000031   -0.000031    0.029502    0.166521    0.135406
 35   42.233101    0.000015   -0.000031    0.162943    0.476427    0.437141
 36   42.352264   -0.000122    0.000000    0.062059    0.417011    0.188516
 37   42.391693    0.000031    0.000015   -0.006158    0.209949   -0.005207
 38   42.497650    0.000092    0.000031   -0.015500    0.133194    0.024736
 39   42.272583    0.000175    0.000042   -0.010630    0.069519    0.014098
 40   11.980530   85.279205    6.260567    0.008679   -0.095552    2.490347
 41   42.375092   -0.000061   -0.000031   -0.008234    0.016151   -0.082580
 42   42.546158    0.000000    0.000000   -0.009762    0.025248   -0.123290
 43   42.234505    0.000000    0.000000   -0.008589    0.035858   -0.167930
 44   42.465118   -0.000031   -0.000019    0.002116   -0.038628    0.154548
 45   42.458054    0.000000    0.000004    0.008740   -0.062269    0.163857
 46   42.267960    0.000061    0.000000    0.011620    0.010010    0.099820
 47   42.505859   -0.000031   -0.000006    0.014279    0.096565    0.133884
 48   42.233139   -0.000061   -0.000008    0.002247    0.105129    0.212137
 49   42.352242    0.000031    0.000008   -0.036973    0.052065    0.408447
 50   42.391708    0.000000    0.000015   -0.036702    0.024859    0.274705
 51   42.497620    0.000015    0.000000   -0.025264    0.011804    0.165294
 52   42.272705   -0.000015    0.000015   -0.011256    0.003148    0.069366
 53   13.501373   47.674332  -73.863403    1.132728    1.498681   -2.820629
 54   42.375092    0.000000    0.000000   -0.140129   -0.270021    0.026160
 55   42.546093    0.000031    0.000031   -0.075633   -0.274577   -0.018339
 56   42.234558    0.000000    0.000000   -0.023937   -0.233921   -0.048411
 57   42.465012    0.000000    0.000000   -0.009709   -0.101807    0.009601
 58   42.458069    0.000000    0.000031   -0.014842   -0.040467    0.072908
 59   42.267990   -0.000061   -0.000031   -0.007319   -0.075321    0.069711
 60   42.505966    0.000122    0.000000    0.010302   -0.128031    0.089386
 61   42.233170    0.000000    0.000000    0.022414   -0.150715    0.109480
 62   42.352264    0.000000   -0.000031    0.013568   -0.131426    0.101308
 63   42.391724    0.000061    0.000061    0.007264   -0.121301    0.096852
 64   42.497620    0.000061    0.000000    0.010264   -0.114618    0.094002
 65   42.272751    0.000031    0.000061    0.009849   -0.099908    0.084535
 66   13.629089  -49.638008  -78.532883   -0.583220    1.694177   -1.121897
 67   42.375084   -0.000046    0.000000    0.184195    0.071615   -0.300856
 68   42.546097    0.000000    0.000031    0.094096    0.004014   -0.307294
 69   42.234444    0.000061   -0.000031    0.035718   -0.029352   -0.235946
 70   42.465019   -0.000061    0.000000    0.008658    0.022879   -0.091430
 71   42.458099    0.000061    0.000000    0.009382    0.083180   -0.030589
 72   42.267914   -0.000061    0.000000   -0.001969    0.078769   -0.073785
 73   42.505951    0.000122    0.000031   -0.025524    0.105885   -0.121514
 74   42.233185    0.000000    0.000000   -0.042051    0.124123   -0.137408
 75   42.352219   -0.000061    0.000000   -0.032155    0.114197   -0.117955
 76   42.391800    0.000061   -0.000031   -0.026261    0.110776   -0.108549
 77   42.497574    0.000092   -0.000061   -0.027992    0.107252   -0.100890
 78   42.272705    0.000000    0.000031   -0.024616    0.096196   -0.086388
 79   16.017029  -87.133011    5.756691   -0.007634   -0.051638   -2.460504
 80   42.375061    0.000000    0.000000    0.004568    0.012295    0.091197
 81   42.546051    0.000000    0.000015    0.005071    0.020877    0.137091
 82   42.234589    0.000000   -0.000015    0.002483    0.026178    0.166450
 83   42.465042   -0.000061   -0.000008    0.001743   -0.044363   -0.165746
 84   42.458038    0.000000    0.000015   -0.005494   -0.061114   -0.155952
 85   42.267960    0.000031    0.000008   -0.010098    0.009910   -0.103802
 86   42.505981    0.000000    0.000015   -0.012639    0.087491   -0.145300
 87   42.233025   -0.000031    0.000011    0.000019    0.086462   -0.209034
 88   42.352356    0.000000   -0.000034    0.032368    0.056269   -0.392893
 89   42.391724    0.000000   -0.000023    0.038424    0.031622   -0.295194
 90   42.497543   -0.000031   -0.000015    0.028668    0.014815   -0.184431
 91   42.272491    0.000031    0.000008    0.012477    0.003770   -0.074603
time 12
  0    0.000000    0.000000    0.000000    0.000000   -0.000000    0.000000
  1    0.000000    0.000000    0.000000    0.000000   -0.000000    0.000000
  2   -0.009176  -75.064354  447.820801    3.049395   -1.288689   -1.488606
  3   50.309204   -0.435479    0.000000   -0.001862   -0.079782    0.015243
  4   30.891541   -0.000011   -0.000023   -0.002063   -0.064523   -0.012987
  5   34.635559    0.000006    0.000031   -0.002207   -0.116843    0.000931
  6   30.584290    0.000017    0.000031   -0.002244   -0.159202    0.000614
  7   31.520203    0.000000    0.000000   -0.002278   -0.127501    0.000086
  8   34.241150  -28.000038  -41.877991    0.986081   -0.352834    0.179579
  9   34.241089   23.441803  -41.878052   -0.959243   -0.348781   -0.168387
 10   35.246704  -52.543091    1.319153    0.012465   -0.081220    0.316999
 11   35.246582   52.726318    1.318939    0.011134   -0.070796   -0.299546
 12   34.830078  -24.891926   45.588623   -0.950127    0.151765    0.176749
 13   34.885803   27.636589   43.767853    0.988390    0.157892   -0.146804
 14    4.183685  -44.136036   86.845070   -1.509776   -2.319400    0.823180
 15   42.375046   -0.000015   -0.000031   -0.087616    0.021115    0.015123
 16   42.546051    0.000015   -0.000031   -0.051439    0.027771    0.023840
 17   42.234543    0.000061    0.000000   -0.032090    0.064890    0.056764
 18   42.465012    0.000000    0.000031   -0.019971    0.047511    0.056117
 19   42.458084   -0.000061    0.000000   -0.020010   -0.012027    0.006743
 20   42.268021    0.000000   -0.000031   -0.010993   -0.023909   -0.011111
 21   42.505890    0.000061    0.000000    0.059694   -0.349883   -0.310320
 22   42.233185    0.000000    0.000061    0.091449   -0.502045   -0.443897
 23   42.352295   -0.000031    0.000031    0.022270   -0.198211   -0.340617
 24   42.391754    0.000000    0.000000    0.053663   -0.153641   -0.351144
 25   42.497559   -0.000031   -0.000031    0.054314   -0.122555   -0.210622
 26   42.272797    0.000053   -0.000046    0.025234   -0.059785   -0.092753
 27    0.982056   43.457474   85.662102    0.066545   -0.857456    2.407757
 28   42.375107    0.000000    0.000031    0.047626   -0.018603   -0.022757
 29   42.546097    0.000031    0.000061    0.036999   -0.027354   -0.030405
 30   42.234497    0.000061   -0.000031    0.028875   -0.064454   -0.070809
 31   42.465012   -0.000061    0.000000    0.019901   -0.054573   -0.047955
 32   42.458054   -0.000031   -0.000031    0.022361    0.002322    0.023683
 33   42.267883   -0.000031    0.000000    0.014912    0.013545    0.022333
 34   42.506073    0.000061    0.000031    0.062529    0.312124    0.310071
 35   42.233078    0.000000   -0.000031    0.156774    0.438065    0.476894
 36   42.352264   -0.000092    0.000031    0.087018    0.423045    0.234599
 37   42.391724    0.000092    0.000031    0.018436    0.289276    0.113547
 38   42.497650    0.000046    0.000008   -0.003477    0.137379    0.063213
 39   42.272644    0.000114    0.000023   -0.004808    0.082647    0.038651
 40   12.355408   85.745567    6.162369    0.007212   -0.086361    2.437205
 41   42.375061    0.000000    0.000000   -0.008542    0.023661   -0.096029
 42   42.546112    0.000000   -0.000008   -0.009162    0.036728   -0.148155
 43   42.234451   -0.000031   -0.000011   -0.003631    0.040227   -0.157187
 44   42.465073    0.000031   -0.000008   -0.003449   -0.048067    0.192808
 45   42.458054   -0.000061   -0.000015    0.005148   -0.058965    0.164105
 46   42.267929    0.000000    0.000008    0.009639    0.015700    0.105862
 47   42.505890    0.000061    0.000011    0.010237    0.100040    0.135208
 48   42.233139    0.000031   -0.000008   -0.006695    0.099276    0.285683
 49   42.352264    0.000000    0.000008   -0.049121    0.035012    0.419795
 50   42.391678   -0.000031    0.000015   -0.031412    0.014441    0.221152
 51   42.497604   -0.000015   -0.000008   -0.020052    0.005210    0.131412
 52   42.272675   -0.000031    0.000015   -0.007972    0.000985    0.051008
 53   13.843262   47.740208  -74.244225    0.973441    1.345293   -2.893441
 54   42.375092    0.000000    0.000000   -0.103276   -0.277524   -0.050717
 55   42.546078    0.000031    0.000000   -0.047686   -0.237846   -0.079270
 56   42.234543   -0.000031    0.000000   -0.019790   -0.164727   -0.069088
 57   42.465027    0.000122    0.000031   -0.013003   -0.057578    0.002390
 58   42.458069    0.000031   -0.000031   -0.018835   -0.003334    0.052929
 59   42.267990   -0.000122   -0.000031   -0.011108   -0.042998    0.038235
 60   42.505859    0.000122   -0.000031    0.007658   -0.136951    0.096074
 61   42.233139   -0.000092   -0.000061    0.018746   -0.119575    0.086576
 62   42.352280    0.000000   -0.000031    0.011726   -0.163853    0.124689
 63   42.391739    0.000092    0.000000    0.006138   -0.234780    0.188927
 64   42.497604    0.000061   -0.000031    0.010960   -0.168625    0.142262
 65   42.272751    0.000031    0.000000    0.009693   -0.119902    0.105332
 66   14.471771  -49.983833  -79.226814    0.131274    1.837120   -0.541409
 67   42.375084    0.000000    0.000000    0.155281   -0.031601   -0.322516
 68   42.546131    0.000000    0.000031    0.077338   -0.076785   -0.265102
 69   42.234451    0.000092    0.000000    0.033320   -0.058806   -0.159452
 70   42.465012   -0.000061    0.000000    0.013003    0.012538   -0.049452
 71   42.458145    0.000031    0.000000    0.016226    0.058307    0.000655
 72   42.267914    0.000000    0.000061    0.005458    0.047945   -0.050313
 73   42.505936    0.000061    0.000031   -0.024080    0.112016   -0.132677
 74   42.233093    0.000031    0.000000   -0.029597    0.094534   -0.108071
 75   42.352173   -0.000031    0.000031   -0.041289    0.148032   -0.162050
 76   42.391754    0.000000    0.000061   -0.062877    0.207763   -0.216727
 77   42.497589    0.000000    0.000000   -0.042880    0.153717   -0.146374
 78   42.272720    0.000061    0.000031   -0.028886    0.115546   -0.102719
 79   16.304260  -87.560028    5.669464   -0.006400   -0.047554   -2.411059
 80   42.375092   -0.000031    0.000000    0.004894    0.020457    0.105494
 81   42.546021    0.000000    0.000000    0.004078    0.033178    0.163009
 82   42.234581   -0.000031    0.000004   -0.001412    0.030741    0.152322
 83   42.465073   -0.000031    0.000008    0.007868   -0.052566   -0.202500
 84   42.458084    0.000000   -0.000004   -0.002409   -0.057164   -0.155761
 85   42.267899   -0.000061   -0.000015   -0.008290    0.014581   -0.112921
 86   42.505905    0.000031    0.000027   -0.009061    0.082851   -0.154306
 87   42.233017    0.000061   -0.000027    0.006081    0.078422   -0.260789
 88   42.352303   -0.000031    0.000000    0.039366    0.056105   -0.406315
 89   42.391739    0.000031   -0.000038    0.036880    0.027451   -0.255554
 90   42.497498    0.000046   -0.000008    0.026237    0.011524   -0.157329
 91   42.272552    0.000015    0.000023    0.008737    0.002295   -0.049625
time 13
  0    0.000000    0.000000    0.000000    0.000000   -0.000000    0.000000
  1    0.000000    0.000000    0.000000    0.000000   -0.000000    0.000000
  2   -0.018850  -71.586617  436.791992    3.050334   -1.306680   -1.488176
  3   50.309204   -0.435479    0.000008   -0.002689   -0.083111    0.015534
  4   30.891541   -0.000011   -0.000008   -0.002482   -0.068244   -0.012763
  5   34.635590    0.000006    0.000008   -0.002652   -0.120565    0.001119
  6   30.584229    0.000017   -0.000031   -0.002697   -0.136734    0.000737
  7   31.520203   -0.000001   -0.000031   -0.002737   -0.090281    0.000104
  8   34.241211  -28.000027  -41.878021    0.999729   -0.334500    0.183840
  9   34.241150   23.441795  -41.878113   -0.966130   -0.328796   -0.177382
 10   35.246704  -52.543079    1.319122    0.031848   -0.038035    0.329721
 11   35.246521   52.726303    1.318939   -0.001206   -0.024791   -0.314585
 12   34.830017  -24.891918   45.588593   -0.937944    0.209399    0.186690
 13   34.885803   27.636585   43.767822    0.985189    0.217161   -0.156287
 14    5.744202  -44.599258   87.308861   -1.402280   -2.400723    0.675234
 15   42.375092    0.000000    0.000000   -0.091648    0.105553    0.060039
 16   42.546082    0.000015    0.000031   -0.055340    0.148096    0.104093
 17   42.234512    0.000000    0.000000   -0.027832    0.274786    0.221170
 18   42.464951    0.000061    0.000000   -0.021100    0.032238    0.043078
 19   42.458069   -0.000031    0.000000   -0.019851   -0.009395    0.002066
 20   42.267883    0.000092    0.000061   -0.006566   -0.053072   -0.039283
 21   42.505890    0.000000   -0.000061    0.068660   -0.337876   -0.296162
 22   42.233154    0.000061    0.000031    0.061866   -0.412379   -0.321511
 23   42.352219    0.000000    0.000031    0.004847   -0.194815   -0.223289
 24   42.391754    0.000061   -0.000031    0.042819   -0.206119   -0.394087
 25   42.497498   -0.000046    0.000000    0.081672   -0.211747   -0.343838
 26   42.272736    0.000015   -0.000061    0.053985   -0.140575   -0.197132
 27    1.684570   43.753937   85.824982   -0.027699   -0.790127    2.520196
 28   42.375061    0.000000   -0.000015    0.051219   -0.069856   -0.093397
 29   42.546112    0.000000    0.000000    0.047386   -0.109189   -0.133207
 30   42.234451    0.000061   -0.000031    0.070703   -0.219688   -0.257139
 31   42.465012   -0.000061    0.000000    0.021516   -0.043771   -0.031399
 32   42.458023   -0.000061    0.000031    0.022344   -0.004035    0.011029
 33   42.267914   -0.000046    0.000000    0.012872    0.042392    0.048456
 34   42.505981    0.000031    0.000000    0.041836    0.295766    0.311660
 35   42.233002    0.000000    0.000000    0.070461    0.291627    0.352559
 36   42.352234   -0.000092   -0.000031    0.079801    0.315453    0.250791
 37   42.391739    0.000092   -0.000031    0.090178    0.438712    0.264212
 38   42.497650    0.000031    0.000000    0.014841    0.232897    0.132799
 39   42.272675    0.000137    0.000061    0.000767    0.121576    0.070426
 40   12.775177   86.267685    6.052444    0.006147   -0.079187    2.335573
 41   42.375061    0.000000   -0.000008   -0.008193    0.032665   -0.101084
 42   42.546051    0.000000   -0.000008   -0.007058    0.047294   -0.154677
 43   42.234459    0.000061   -0.000008    0.000312    0.036139   -0.108082
 44   42.465080    0.000000   -0.000008   -0.008021   -0.050315    0.204149
 45   42.458023    0.000031   -0.000023    0.001865   -0.050930    0.150773
 46   42.267914    0.000000   -0.000008    0.007045    0.017674    0.110084
 47   42.505875    0.000000    0.000004    0.006723    0.093019    0.143683
 48   42.233124    0.000031   -0.000011   -0.016250    0.089132    0.364359
 49   42.352203    0.000000   -0.000004   -0.050829    0.024929    0.401114
 50   42.391678   -0.000031   -0.000015   -0.026476    0.008929    0.185898
 51   42.497620    0.000031   -0.000015   -0.016320    0.002379    0.109859
 52   42.272659   -0.000061    0.000008   -0.006112    0.000221    0.040776
 53   14.226135   47.813953  -74.670410    0.778993    1.113396   -2.953266
 54   42.375080    0.000031    0.000000   -0.033090   -0.212345   -0.167752
 55   42.546036    0.000061   -0.000031   -0.024891   -0.166133   -0.145607
 56   42.234520   -0.000061   -0.000031   -0.020531   -0.098801   -0.092489
 57   42.465012    0.000061    0.000000   -0.016806   -0.016202   -0.012782
 58   42.458038    0.000031   -0.000031   -0.024288    0.049297    0.012971
 59   42.267952   -0.000031    0.000000   -0.014712    0.001048    0.002269
 60   42.505913    0.000061   -0.000031    0.003767   -0.149458    0.105282
 61   42.233231    0.000031   -0.000031    0.015256   -0.088949    0.064098
 62   42.352234    0.000000    0.000000    0.006269   -0.215938    0.163042
 63   42.391693    0.000000    0.000031   -0.011066   -0.356624    0.293574
 64   42.497559    0.000092    0.000031    0.008229   -0.212476    0.183793
 65   42.272736    0.000061    0.000061    0.008437   -0.129860    0.117313
 66   15.391479  -50.361328  -79.984322    0.537493    2.084430   -0.317029
 67   42.375084    0.000000    0.000000    0.091991   -0.189485   -0.254988
 68   42.546089    0.000061    0.000000    0.060171   -0.162544   -0.186547
 69   42.234406    0.000061   -0.000031    0.033269   -0.089076   -0.093172
 70   42.465012   -0.000031   -0.000061    0.017172   -0.005234   -0.011196
 71   42.458115    0.000000   -0.000031    0.022467    0.011099    0.048946
 72   42.267929   -0.000031    0.000031    0.010946    0.014677   -0.016220
 73   42.505981    0.000000    0.000000   -0.021076    0.117966   -0.143986
 74   42.233139    0.000000    0.000000   -0.020336    0.070168   -0.083074
 75   42.352127    0.000031    0.000000   -0.054721    0.194955   -0.226805
 76   42.391785    0.000000    0.000000   -0.109639    0.302586   -0.339497
 77   42.497528    0.000031   -0.000031   -0.055336    0.191139   -0.185090
 78   42.272675    0.000031    0.000031   -0.029869    0.125108   -0.111154
 79   16.625793  -88.038010    5.571800   -0.005498   -0.043178   -2.311921
 80   42.375122   -0.000031    0.000015    0.004711    0.029237    0.111483
 81   42.546051   -0.000061   -0.000015    0.002061    0.043406    0.169060
 82   42.234528    0.000000    0.000000   -0.003232    0.026843    0.100434
 83   42.465103   -0.000092    0.000008    0.012128   -0.053347   -0.211193
 84   42.458038    0.000000   -0.000008    0.000307   -0.048871   -0.143290
 85   42.267883    0.000000   -0.000008   -0.005685    0.015861   -0.119936
 86   42.505966    0.000000    0.000000   -0.005350    0.071025   -0.168952
 87   42.233032   -0.000061   -0.000011    0.012169    0.072404   -0.320519
 88   42.352219    0.000031   -0.000008    0.041875    0.053354   -0.399260
 89   42.391785    0.000031   -0.000038    0.033119    0.021819   -0.220754
 90   42.497620   -0.000031   -0.000038    0.022055    0.008504   -0.131226
 91   42.272476    0.000000    0.000000    0.006904    0.001668   -0.039455
time 14
  0    0.000000    0.000000    0.000000    0.000000   -0.000000    0.000000
  1    0.000000    0.000000    0.000000    0.000000   -0.000000    0.000000
  2   -0.030320  -67.354927  422.578674    3.050876   -1.322675   -1.487664
  3   50.309204   -0.435478    0.000000   -0.003455   -0.086494    0.015804
  4   30.891571   -0.000011    0.000000   -0.002871   -0.071694   -0.012555
  5   34.635620    0.000007    0.000000   -0.003065   -0.124015    0.001293
  6   30.584320    0.000019   -0.000031   -0.003116   -0.116912    0.000852
  7   31.520203   -0.000001   -0.000031   -0.003163   -0.057179    0.000120
  8   34.241211  -28.000032  -41.878021    1.013570   -0.314196    0.188162
  9   34.241150   23.441801  -41.878143   -0.973113   -0.306773   -0.186502
 10   35.246704  -52.543091    1.319122    0.051503    0.005756    0.342622
 11   35.246521   52.726311    1.318939   -0.013719    0.021860   -0.329835
 12   34.830017  -24.891924   45.588577   -0.925590    0.267842    0.196770
 13   34.885803   27.636587   43.767792    0.981788    0.277263   -0.165903
 14    7.411865  -45.094246   87.804626   -1.358402   -2.449159    0.607479
 15   42.375000    0.000031    0.000061   -0.091593    0.211398    0.120282
 16   42.546097   -0.000031    0.000000   -0.049834    0.287618    0.208782
 17   42.234451    0.000000   -0.000031   -0.031883    0.260440    0.222322
 18   42.464966   -0.000015    0.000015   -0.012515   -0.038550   -0.027233
 19   42.458099   -0.000061    0.000015   -0.017951   -0.018869   -0.016612
 20   42.267975    0.000000   -0.000031    0.006267   -0.120191   -0.099001
 21   42.505890    0.000031    0.000000    0.065001   -0.345124   -0.276178
 22   42.233124    0.000000    0.000031    0.020910   -0.224178   -0.165443
 23   42.352234    0.000000   -0.000031    0.016433   -0.171550   -0.250719
 24   42.391739    0.000000    0.000061    0.078921   -0.239273   -0.427602
 25   42.497528   -0.000031   -0.000031    0.082528   -0.204391   -0.299569
 26   42.272766    0.000046   -0.000031    0.039753   -0.112179   -0.144483
 27    2.456329   44.079636   86.003975   -0.060279   -0.763615    2.552154
 28   42.375046    0.000031    0.000031    0.062097   -0.130734   -0.179792
 29   42.546097   -0.000061    0.000000    0.075393   -0.199703   -0.252004
 30   42.234467    0.000031    0.000031    0.076136   -0.215640   -0.246457
 31   42.465088   -0.000031   -0.000031    0.014216    0.027780    0.035413
 32   42.458008   -0.000061    0.000031    0.021333    0.011896    0.014960
 33   42.267914   -0.000061    0.000031    0.011254    0.108427    0.116071
 34   42.506012    0.000061   -0.000031    0.038159    0.267078    0.319159
 35   42.233063   -0.000031   -0.000061    0.020729    0.168340    0.199828
 36   42.352173   -0.000122    0.000031    0.063274    0.332454    0.233359
 37   42.391739    0.000031    0.000031    0.069610    0.444295    0.278188
 38   42.497620    0.000061    0.000000    0.005293    0.229017    0.144714
 39   42.272675    0.000183   -0.000015   -0.003670    0.128866    0.082317
 40   13.236298   86.841225    5.931725    0.005355   -0.073312    2.181891
 41   42.375061    0.000000    0.000000   -0.006353    0.042396   -0.084411
 42   42.546120    0.000000    0.000023   -0.003905    0.053756   -0.127520
 43   42.234467    0.000000   -0.000015    0.001084    0.028662   -0.046585
 44   42.465034    0.000000   -0.000008   -0.009829   -0.045686    0.186673
 45   42.458084   -0.000031    0.000004   -0.000757   -0.042412    0.132139
 46   42.267899    0.000000    0.000008    0.004146    0.014466    0.110928
 47   42.505875   -0.000031    0.000008    0.003662    0.075775    0.156066
 48   42.233139    0.000031   -0.000015   -0.021024    0.079951    0.420468
 49   42.352264    0.000000    0.000004   -0.047117    0.024409    0.384842
 50   42.391678    0.000031    0.000000   -0.023278    0.007039    0.167698
 51   42.497620   -0.000031    0.000008   -0.014093    0.001791    0.098108
 52   42.272766   -0.000031    0.000000   -0.005312    0.000159    0.036728
 53   14.646454   47.894974  -75.138641    0.637286    0.887635   -2.977607
 54   42.375076   -0.000031   -0.000031    0.013426   -0.110048   -0.252597
 55   42.546051   -0.000031    0.000000   -0.014919   -0.095948   -0.196500
 56   42.234512   -0.000061   -0.000031   -0.022990   -0.051539   -0.116032
 57   42.465019    0.000031    0.000000   -0.020251    0.016593   -0.031713
 58   42.458076    0.000031    0.000000   -0.029757    0.098192   -0.028526
 59   42.268036   -0.000061    0.000031   -0.017518    0.044992   -0.031163
 60   42.505905    0.000076    0.000000    0.000572   -0.138866    0.098767
 61   42.233215   -0.000061    0.000031    0.012538   -0.057250    0.041395
 62   42.352249    0.000000   -0.000031   -0.001185   -0.236944    0.178268
 63   42.391724    0.000092   -0.000031   -0.047248   -0.474178    0.403421
 64   42.497498    0.000061    0.000000    0.003339   -0.253460    0.222058
 65   42.272675   -0.000031    0.000031    0.007248   -0.133000    0.121578
 66   16.374329  -50.764725  -80.793831    0.756469    2.324559   -0.242830
 67   42.375076    0.000000    0.000015    0.031402   -0.300621   -0.138734
 68   42.546074    0.000031    0.000061    0.045213   -0.227359   -0.111447
 69   42.234451    0.000000    0.000000    0.033296   -0.118278   -0.047997
 70   42.465004    0.000061   -0.000031    0.019882   -0.027195    0.019229
 71   42.458099    0.000061   -0.000031    0.023943   -0.034880    0.096325
 72   42.268005   -0.000061   -0.000031    0.012902   -0.020320    0.024741
 73   42.505997    0.000061    0.000000   -0.014344    0.108453   -0.134415
 74   42.233078    0.000031    0.000031   -0.013308    0.044949   -0.054628
 75   42.352203    0.000031   -0.000061   -0.053777    0.211080   -0.256344
 76   42.391815    0.000000    0.000000   -0.165305    0.389305   -0.478131
 77   42.497498    0.000061    0.000031   -0.067154    0.223190   -0.223433
 78   42.272659   -0.000031   -0.000031   -0.029267    0.127498   -0.115295
 79   16.979034  -88.563080    5.464508   -0.004824   -0.038836   -2.158909
 80   42.375092    0.000000    0.000008    0.003605    0.038124    0.094644
 81   42.546074    0.000031    0.000023   -0.000079    0.048915    0.139609
 82   42.234528   -0.000031    0.000000   -0.001949    0.020173    0.038508
 83   42.465088    0.000000   -0.000015    0.013151   -0.047629   -0.191477
 84   42.458084   -0.000031    0.000019    0.002430   -0.040333   -0.125981
 85   42.268021   -0.000031   -0.000019   -0.002642    0.012601   -0.122161
 86   42.506012    0.000000    0.000011   -0.001737    0.054287   -0.185273
 87   42.233032    0.000031   -0.000015    0.015944    0.066805   -0.371345
 88   42.352287    0.000031   -0.000004    0.040099    0.051611   -0.385839
 89   42.391724    0.000031    0.000000    0.029171    0.017897   -0.196768
 90   42.497543    0.000000   -0.000038    0.018837    0.006969   -0.115415
 91   42.272522    0.000015   -0.000015    0.005809    0.001417   -0.034381
time 15
  0    0.000000    0.000000    0.000000    0.000000   -0.000000    0.000000
  1    0.000000    0.000000    0.000000    0.000000   -0.000000    0.000000
  2   -0.042388  -62.736755  405.888153    3.051195   -1.336365   -1.487127
  3   50.309235   -0.435479   -0.000004   -0.004120   -0.089839    0.016038
  4   30.891541   -0.000011   -0.000008   -0.003209   -0.074692   -0.012375
  5   34.635559    0.000006   -0.000015   -0.003423   -0.127013    0.001444
  6   30.584259    0.000016    0.000031   -0.003481   -0.100378    0.000951
  7   31.520203   -0.000001    0.000015   -0.003533   -0.029375    0.000134
  8   34.241150  -28.000029  -41.877945    1.027218   -0.291736    0.192424
  9   34.241089   23.441801  -41.878067   -0.980000   -0.282585   -0.195497
 10   35.246704  -52.543076    1.319168    0.070886    0.048940    0.355344
 11   35.246582   52.726311    1.318909   -0.026058    0.067864   -0.344874
 12   34.830078  -24.891920   45.588623   -0.913407    0.325476    0.206711
 13   34.885742   27.636583   43.767853    0.978241    0.336532   -0.175386
 14    9.162689  -45.613934   88.325027   -1.403477   -2.404776    0.663990
 15   42.375031    0.000000    0.000000   -0.088165    0.278256    0.160239
 16   42.546036    0.000015    0.000000   -0.048212    0.309923    0.230243
 17   42.234451    0.000000   -0.000031   -0.038108    0.165052    0.142112
 18   42.464966    0.000061    0.000000   -0.011854   -0.037196   -0.034905
 19   42.458099   -0.000061   -0.000015   -0.020310    0.003086   -0.004583
 20   42.267975    0.000000    0.000031    0.022670   -0.182808   -0.151709
 21   42.505890    0.000000   -0.000061    0.037099   -0.275908   -0.182621
 22   42.233215    0.000061   -0.000061    0.019548   -0.159054   -0.160535
 23   42.352280    0.000000    0.000031    0.046513   -0.188611   -0.334426
 24   42.391739    0.000000   -0.000031    0.068294   -0.195723   -0.309908
 25   42.497421    0.000092   -0.000031    0.052594   -0.144192   -0.199320
 26   42.272690    0.000092   -0.000031    0.017899   -0.059369   -0.074945
 27    3.291412   44.432064   86.197601   -0.020392   -0.809084    2.483907
 28   42.375107   -0.000031   -0.000015    0.074304   -0.170663   -0.244794
 29   42.546127   -0.000031    0.000000    0.086230   -0.215283   -0.278815
 30   42.234467    0.000031    0.000000    0.052882   -0.135998   -0.154353
 31   42.465027   -0.000046   -0.000015    0.013689    0.034294    0.033964
 32   42.458099   -0.000046    0.000031    0.022789    0.002742   -0.004240
 33   42.267883   -0.000031    0.000000    0.011286    0.157891    0.174774
 34   42.505981    0.000031    0.000000    0.021903    0.192992    0.270545
 35   42.233093    0.000000    0.000061    0.010999    0.168766    0.150051
 36   42.352234   -0.000092    0.000000    0.028761    0.341715    0.172722
 37   42.391708    0.000092    0.000061    0.006080    0.321350    0.176753
 38   42.497635   -0.000031    0.000061   -0.015221    0.211789    0.125666
 39   42.272598    0.000122    0.000031   -0.009876    0.081629    0.050904
 40   13.735260   87.461868    5.801022    0.004712   -0.067066    1.978544
 41   42.375069   -0.000031    0.000000   -0.002330    0.050098   -0.032358
 42   42.546066    0.000000    0.000015   -0.001192    0.054683   -0.066193
 43   42.234482   -0.000031   -0.000008   -0.000186    0.023225    0.003520
 44   42.465065   -0.000031   -0.000015   -0.009256   -0.036918    0.151774
 45   42.458038    0.000000   -0.000011   -0.002593   -0.035503    0.112220
 46   42.267914    0.000000    0.000011    0.001374    0.007174    0.105370
 47   42.505859    0.000000    0.000000    0.001073    0.051535    0.164978
 48   42.233109    0.000000   -0.000015   -0.018670    0.070663    0.437869
 49   42.352203    0.000061   -0.000008   -0.041896    0.033320    0.393549
 50   42.391647    0.000031   -0.000008   -0.021710    0.008351    0.163783
 51   42.497604    0.000000    0.000008   -0.013104    0.002714    0.094297
 52   42.272690    0.000031    0.000000   -0.005303    0.000586    0.037617
 53   15.101593   47.982639  -75.645325    0.568729    0.754236   -2.990109
 54   42.375076    0.000015    0.000031    0.025307   -0.051246   -0.287492
 55   42.546066    0.000031   -0.000031   -0.013982   -0.058493   -0.218750
 56   42.234505   -0.000061   -0.000061   -0.025242   -0.025748   -0.124320
 57   42.464989    0.000046    0.000000   -0.022512    0.038203   -0.043178
 58   42.458038    0.000046    0.000031   -0.032597    0.120221   -0.051576
 59   42.267990   -0.000122    0.000031   -0.018909    0.067227   -0.049244
 60   42.505890    0.000061    0.000000    0.001021   -0.075494    0.054547
 61   42.233139   -0.000092    0.000000    0.009651    0.010641   -0.007175
 62   42.352295   -0.000015    0.000000   -0.013855   -0.281426    0.214033
 63   42.391678    0.000000   -0.000061   -0.107151   -0.590057    0.533871
 64   42.497528    0.000031    0.000000    0.001818   -0.248111    0.218889
 65   42.272736    0.000031    0.000061    0.006195   -0.116432    0.106541
 66   17.406281  -51.188251  -81.643707    0.849467    2.458460   -0.219234
 67   42.375076    0.000031    0.000000    0.008037   -0.344064   -0.075948
 68   42.546120    0.000031    0.000000    0.039589   -0.252286   -0.073524
 69   42.234436   -0.000031   -0.000031    0.033120   -0.126848   -0.023396
 70   42.464981    0.000000    0.000000    0.021135   -0.041028    0.041046
 71   42.458046    0.000031   -0.000031    0.023167   -0.060639    0.119809
 72   42.267975   -0.000031    0.000000    0.012470   -0.043831    0.052811
 73   42.505951    0.000000    0.000031   -0.004485    0.058140   -0.072075
 74   42.233093    0.000000    0.000000   -0.008007   -0.004784    0.005854
 75   42.352142   -0.000031    0.000031   -0.061610    0.251890   -0.316839
 76   42.391769   -0.000031    0.000000   -0.227807    0.463857   -0.618930
 77   42.497543    0.000031   -0.000031   -0.062521    0.216291   -0.220083
 78   42.272736    0.000031   -0.000031   -0.023509    0.110401   -0.102139
 79   17.361298  -89.131287    5.348408   -0.004270   -0.033973   -1.953855
 80   42.375053    0.000000   -0.000008    0.001318    0.044931    0.039849
 81   42.546021    0.000031    0.000023   -0.000882    0.049110    0.075072
 82   42.234482    0.000031    0.000000    0.000544    0.015885   -0.009455
 83   42.465027    0.000000    0.000000    0.011722   -0.038290   -0.155240
 84   42.458145    0.000031   -0.000019    0.003846   -0.033521   -0.107312
 85   42.267929    0.000031    0.000000    0.000213    0.005850   -0.115636
 86   42.505951    0.000092    0.000004    0.001402    0.035232   -0.195161
 87   42.233047    0.000061   -0.000011    0.016032    0.057774   -0.399517
 88   42.352219   -0.000031   -0.000015    0.035535    0.054988   -0.385019
 89   42.391739    0.000031   -0.000008    0.026111    0.016867   -0.185262
 90   42.497589   -0.000031   -0.000023    0.017030    0.006957   -0.109620
 91   42.272522   -0.000031    0.000023    0.006569    0.001888   -0.040731
time 16
  0    0.000000    0.000000    0.000000    0.000000   -0.000000    0.000000
  1    0.000000    0.000000    0.000000    0.000000   -0.000000    0.000000
  2   -0.053858  -58.099697  387.428436    3.051461   -1.347453   -1.486617
  3   50.309235   -0.435479    0.000004   -0.004646   -0.093054    0.016224
  4   30.891541   -0.000011    0.000000   -0.003476   -0.077057   -0.012232
  5   34.635620    0.000007    0.000008   -0.003706   -0.129378    0.001563
  6   30.584259    0.000019    0.000000   -0.003769   -0.087773    0.001030
  7   31.520172   -0.000000    0.000000   -0.003825   -0.008053    0.000145
  8   34.241211  -28.000031  -41.878052    1.040291   -0.266936    0.196506
  9   34.241150   23.441803  -41.878082   -0.986597   -0.256103   -0.204112
 10   35.246704  -52.543079    1.319122    0.089451    0.090305    0.367530
 11   35.246582   52.726307    1.318939   -0.037878    0.111930   -0.359279
 12   34.830017  -24.891922   45.588608   -0.901738    0.380681    0.216233
 13   34.885803   27.636585   43.767807    0.974600    0.393303   -0.184470
 14   10.973022  -46.151321   88.863251   -1.535046   -2.306164    0.831911
 15   42.375061   -0.000015    0.000000   -0.089337    0.264407    0.153093
 16   42.546097    0.000031    0.000031   -0.053618    0.250771    0.186165
 17   42.234451    0.000031    0.000000   -0.037668    0.124369    0.104875
 18   42.464996    0.000031    0.000031   -0.019054    0.016544    0.006737
 19   42.458130   -0.000061    0.000015   -0.027754    0.068813    0.050057
 20   42.267944    0.000046    0.000000    0.028563   -0.192199   -0.163491
 21   42.505920    0.000031    0.000015    0.041542   -0.272916   -0.187528
 22   42.233246    0.000000    0.000000    0.023365   -0.154626   -0.165383
 23   42.352325    0.000183    0.000000    0.051803   -0.190525   -0.328402
 24   42.391724   -0.000061    0.000031    0.065536   -0.193167   -0.289928
 25   42.497498    0.000000    0.000000    0.049218   -0.142880   -0.189694
 26   42.272858    0.000031   -0.000031    0.015818   -0.057140   -0.069745
 27    4.184235   44.808849   86.404694    0.112799   -0.904398    2.299775
 28   42.375084   -0.000031    0.000000    0.071402   -0.153177   -0.229679
 29   42.546127   -0.000031    0.000000    0.072958   -0.171942   -0.229614
 30   42.234482    0.000046   -0.000031    0.045601   -0.104596   -0.124608
 31   42.465027   -0.000061   -0.000031    0.018647   -0.006022   -0.012146
 32   42.458099   -0.000061    0.000031    0.032870   -0.051325   -0.064374
 33   42.267914   -0.000061   -0.000015    0.006863    0.160052    0.176130
 34   42.506042   -0.000031    0.000000    0.017087    0.203343    0.278923
 35   42.233093    0.000031   -0.000061    0.004955    0.164131    0.144442
 36   42.352219   -0.000061   -0.000061    0.016494    0.307620    0.154983
 37   42.391663    0.000061    0.000000    0.000741    0.291909    0.166101
 38   42.497650    0.000061    0.000031   -0.015988    0.205731    0.126888
 39   42.272583    0.000061    0.000031   -0.009599    0.077258    0.050186
 40   14.268738   88.125443    5.661312    0.004091   -0.058126    1.741706
 41   42.375042    0.000000   -0.000023    0.002847    0.052224    0.051347
 42   42.546104   -0.000031    0.000000    0.000007    0.051251    0.014030
 43   42.234421    0.000031    0.000008   -0.001828    0.021501    0.039533
 44   42.465034    0.000031   -0.000023   -0.007540   -0.026872    0.113811
 45   42.458122    0.000061   -0.000008   -0.003573   -0.030369    0.092285
 46   42.267914    0.000000    0.000004   -0.000723   -0.000662    0.092731
 47   42.505890    0.000000    0.000000   -0.001066    0.026757    0.164473
 48   42.233124    0.000031   -0.000004   -0.012775    0.051276    0.408303
 49   42.352280   -0.000031    0.000008   -0.033264    0.052330    0.430682
 50   42.391708   -0.000061   -0.000008   -0.021409    0.013010    0.173708
 51   42.497635   -0.000061    0.000008   -0.013080    0.005070    0.097355
 52   42.272720    0.000000    0.000015   -0.005972    0.001669    0.043046
 53   15.588013   48.076405  -76.187057    0.545204    0.713876   -3.007960
 54   42.375122    0.000031    0.000000    0.018977   -0.058457   -0.283815
 55   42.546059    0.000046    0.000031   -0.018359   -0.062977   -0.202100
 56   42.234520    0.000000   -0.000061   -0.026262   -0.021809   -0.108722
 57   42.464989    0.000031   -0.000031   -0.023331    0.046679   -0.043697
 58   42.458038    0.000076    0.000031   -0.031809    0.108310   -0.049160
 59   42.268005   -0.000153    0.000031   -0.020016    0.073510   -0.055634
 60   42.505890    0.000061    0.000031   -0.001450    0.040581   -0.029420
 61   42.233124   -0.000076    0.000000    0.001639    0.127116   -0.093034
 62   42.352234   -0.000046    0.000015   -0.041919   -0.374674    0.295674
 63   42.391647    0.000061    0.000000   -0.152184   -0.646828    0.614534
 64   42.497559    0.000031   -0.000031    0.002915   -0.217156    0.191536
 65   42.272690   -0.000031    0.000000    0.005225   -0.097947    0.089073
 66   18.473267  -51.626198  -82.522476    0.882663    2.499744   -0.204838
 67   42.375107   -0.000031    0.000000    0.019236   -0.344665   -0.084506
 68   42.546127   -0.000031    0.000000    0.045535   -0.232347   -0.076422
 69   42.234467    0.000031    0.000000    0.033482   -0.110303   -0.017259
 70   42.465042   -0.000031    0.000000    0.021871   -0.043337    0.050946
 71   42.458138    0.000031    0.000000    0.023895   -0.057489    0.108338
 72   42.267929   -0.000031    0.000061    0.012847   -0.057143    0.068645
 73   42.505966    0.000061    0.000015   -0.000033   -0.036182    0.044734
 74   42.233185    0.000092    0.000015   -0.012189   -0.089560    0.111351
 75   42.352112   -0.000046    0.000015   -0.091501    0.332844   -0.435109
 76   42.391769   -0.000031    0.000000   -0.256324    0.493683   -0.686053
 77   42.497467    0.000031    0.000000   -0.050204    0.188991   -0.194179
 78   42.272690    0.000031    0.000031   -0.017977    0.091413   -0.086896
 79   17.770050  -89.738754    5.224270   -0.003725   -0.027382   -1.713033
 80   42.375076    0.000000    0.000004   -0.001378    0.047064   -0.049360
 81   42.546051    0.000031   -0.000008    0.000140    0.045728   -0.008421
 82   42.234520    0.000000   -0.000008    0.002704    0.015222   -0.041781
 83   42.464989   -0.000061    0.000000    0.009257   -0.028077   -0.116275
 84   42.458069    0.000031   -0.000019    0.004481   -0.028587   -0.088642
 85   42.267914   -0.000031    0.000015    0.002161   -0.001290   -0.099990
 86   42.505890   -0.000031    0.000004    0.003757    0.017131   -0.189729
 87   42.233124    0.000000   -0.000008    0.013719    0.038855   -0.394875
 88   42.352234    0.000000    0.000011    0.027954    0.065631   -0.406700
 89   42.391663    0.000000    0.000015    0.024116    0.019491   -0.186855
 90   42.497467    0.000031    0.000008    0.015763    0.008219   -0.107709
 91   42.272507    0.000031    0.000008    0.006934    0.002713   -0.045124
time 17
  0    0.000000    0.000000    0.000000    0.000000   -0.000000    0.000000
  1    0.000000    0.000000    0.000000    0.000000   -0.000000    0.000000
  2   -0.063532  -53.811268  367.907074    3.051847   -1.355660   -1.486186
  3   50.309235   -0.435478   -0.000004   -0.004990   -0.096048    0.016345
  4   30.891571   -0.000011    0.000000   -0.003651   -0.078609   -0.012139
  5   34.635559    0.000007    0.000008   -0.003892   -0.130930    0.001642
  6   30.584259    0.000018   -0.000015   -0.003957   -0.079740    0.001081
  7   31.520172    0.000000    0.000031   -0.004016    0.005607    0.000153
  8   34.241211  -28.000027  -41.877975    1.052405   -0.239614    0.200289
  9   34.241150   23.441797  -41.878113   -0.992710   -0.227197   -0.212095
 10   35.246704  -52.543072    1.319153    0.106655    0.128635    0.378822
 11   35.246521   52.726303    1.318939   -0.048830    0.152763   -0.372627
 12   34.830017  -24.891922   45.588623   -0.890925    0.431836    0.225056
 13   34.885803   27.636583   43.767792    0.970920    0.445909   -0.192887
 14   12.819122  -46.699291   89.411957    1.455467   -0.902318   -2.125837
 15   42.375107    0.000046    0.000031   -0.091981    0.238114    0.141524
 16   42.546066    0.000046    0.000000   -0.055990    0.204506    0.155999
 17   42.234436    0.000015    0.000031   -0.036776    0.114679    0.097735
 18   42.464935    0.000031    0.000031   -0.023066    0.059532    0.041703
 19   42.458038   -0.000092    0.000031   -0.031795    0.132274    0.103925
 20   42.267853    0.000076    0.000031    0.019719   -0.149885   -0.133766
 21   42.505890    0.000015   -0.000031    0.058562   -0.296724   -0.227411
 22   42.233276   -0.000061   -0.000031    0.024980   -0.154280   -0.148700
 23   42.352295    0.000000    0.000031    0.044237   -0.178762   -0.290495
 24   42.391647   -0.000122   -0.000031    0.067355   -0.202252   -0.304129
 25   42.497437    0.000061    0.000000    0.053380   -0.157603   -0.206088
 26   42.272812    0.000061    0.000000    0.020360   -0.073449   -0.087932
 27    5.128967   45.207531   86.623718    0.282342   -0.965899    2.084847
 28   42.375061    0.000031   -0.000015    0.068627   -0.134655   -0.202201
 29   42.546059   -0.000031    0.000015    0.063542   -0.140124   -0.185702
 30   42.234467    0.000061   -0.000031    0.043297   -0.096241   -0.115317
 31   42.465027   -0.000061    0.000031    0.024445   -0.039713   -0.050858
 32   42.458099   -0.000015    0.000031    0.047633   -0.105849   -0.126082
 33   42.267883   -0.000038    0.000000    0.003118    0.118094    0.124068
 34   42.505951    0.000031    0.000000    0.013828    0.243277    0.306742
 35   42.233124   -0.000061    0.000000   -0.000651    0.148587    0.151434
 36   42.352173   -0.000092    0.000092    0.011334    0.263645    0.146727
 37   42.391708    0.000000    0.000000    0.003716    0.294076    0.172880
 38   42.497513    0.000031    0.000061   -0.013722    0.216279    0.141232
 39   42.272598    0.000153   -0.000031   -0.011268    0.099107    0.067911
 40   14.833099   88.827538    5.513508    0.003368   -0.044046    1.499509
 41   42.375061   -0.000031    0.000000    0.006090    0.047314    0.140622
 42   42.546143    0.000000   -0.000008   -0.000357    0.044991    0.095589
 43   42.234436   -0.000031   -0.000008   -0.003552    0.021980    0.073524
 44   42.465088    0.000031    0.000000   -0.005930   -0.017652    0.085330
 45   42.458038   -0.000031   -0.000008   -0.003773   -0.026490    0.073441
 46   42.267944    0.000031    0.000000   -0.001883   -0.006161    0.076963
 47   42.505951   -0.000031   -0.000004   -0.002698    0.009448    0.152364
 48   42.233170   -0.000092   -0.000015   -0.008769    0.015691    0.340734
 49   42.352219    0.000000    0.000000   -0.017949    0.072931    0.473229
 50   42.391693   -0.000092   -0.000008   -0.020951    0.023950    0.196261
 51   42.497635   -0.000061   -0.000008   -0.013663    0.009317    0.106104
 52   42.272675   -0.000092    0.000000   -0.007211    0.003869    0.052492
 53   16.102692   48.175575  -76.760239    0.530317    0.707996   -3.036827
 54   42.375061   -0.000061   -0.000031    0.002442   -0.100418   -0.246908
 55   42.546059    0.000000    0.000031   -0.024024   -0.085109   -0.160933
 56   42.234558   -0.000015    0.000000   -0.025922   -0.030104   -0.084687
 57   42.464996    0.000046    0.000000   -0.023038    0.042112   -0.039793
 58   42.458008   -0.000061    0.000000   -0.029463    0.082055   -0.032154
 59   42.267960   -0.000137    0.000000   -0.020979    0.071356   -0.055291
 60   42.505890    0.000092    0.000031   -0.012893    0.140847   -0.106369
 61   42.233200   -0.000092    0.000000   -0.021886    0.271602   -0.207639
 62   42.352325    0.000031   -0.000015   -0.036626   -0.326372    0.256696
 63   42.391693    0.000015    0.000000   -0.174219   -0.660852    0.631510
 64   42.497574    0.000061   -0.000061   -0.000602   -0.243893    0.210470
 65   42.272713    0.000031    0.000031    0.004286   -0.081147    0.071921
 66   19.561340  -52.072754  -83.418518    0.907685    2.520214   -0.181371
 67   42.375046    0.000031   -0.000015    0.044925   -0.310894   -0.118061
 68   42.546097    0.000015    0.000000    0.051699   -0.192915   -0.088578
 69   42.234459   -0.000015   -0.000015    0.033470   -0.090463   -0.021230
 70   42.465012   -0.000031    0.000015    0.022221   -0.040074    0.045781
 71   42.458099    0.000031    0.000000    0.024808   -0.035011    0.079268
 72   42.267883   -0.000031   -0.000015    0.014516   -0.061200    0.072582
 73   42.506012    0.000031    0.000031   -0.003331   -0.119470    0.147511
 74   42.233093    0.000031    0.000031   -0.034451   -0.202300    0.256761
 75   42.352173   -0.000061    0.000061   -0.062218    0.296820   -0.381405
 76   42.391785    0.000000   -0.000015   -0.254159    0.499936   -0.719090
 77   42.497559    0.000122    0.000000   -0.056665    0.206144   -0.224032
 78   42.272720   -0.000061   -0.000092   -0.012774    0.070940   -0.070675
 79   18.202393  -90.381523    5.092945   -0.003078   -0.017205   -1.465309
 80   42.375069    0.000000    0.000004   -0.002538    0.043466   -0.145195
 81   42.546013    0.000061   -0.000015    0.002397    0.040346   -0.093424
 82   42.234451    0.000031   -0.000015    0.004743    0.016590   -0.072196
 83   42.465027   -0.000031    0.000008    0.007054   -0.018908   -0.086320
 84   42.458115    0.000061    0.000000    0.004429   -0.025011   -0.071325
 85   42.268036    0.000031   -0.000023    0.002984   -0.006269   -0.080903
 86   42.505966    0.000000    0.000019    0.005072    0.004862   -0.167869
 87   42.233032    0.000031   -0.000015    0.011731    0.007032   -0.352421
 88   42.352295    0.000031   -0.000015    0.016198    0.077498   -0.442105
 89   42.391617   -0.000031   -0.000004    0.022098    0.028204   -0.199947
 90   42.497574   -0.000031   -0.000031    0.015259    0.011281   -0.111637
 91   42.272583    0.000000   -0.000023    0.007848    0.004544   -0.053337
time 18
  0    0.000000    0.000000    0.000000    0.000000   -0.000000    0.000000
  1    0.000000    0.000000    0.000000    0.000000   -0.000000    0.000000
  2   -0.070215  -50.239037  348.031860    3.052523   -1.360739   -1.485890
  3   50.309235   -0.435479    0.000008   -0.005114   -0.098729    0.016389
  4   30.891541   -0.000011    0.000004   -0.003714   -0.079166   -0.012105
  5   34.635590    0.000007    0.000000   -0.003958   -0.131487    0.001670
  6   30.584290    0.000018   -0.000031   -0.004025   -0.076920    0.001100
  7   31.520203    0.000000   -0.000015   -0.004085    0.010423    0.000155
  8   34.241180  -28.000036  -41.877991    1.063177   -0.209585    0.203652
  9   34.241119   23.441801  -41.878052   -0.998145   -0.195741   -0.219194
 10   35.246674  -52.543083    1.319183    0.121952    0.162717    0.388862
 11   35.246490   52.726318    1.318970   -0.058569    0.189071   -0.384496
 12   34.830048  -24.891926   45.588623   -0.881310    0.477322    0.232902
 13   34.885773   27.636587   43.767838    0.967254    0.492686   -0.200371
 14   14.677094  -47.250786   89.964264    1.323616   -0.935677   -1.969397
 15   42.375107    0.000031    0.000031   -0.094064    0.220595    0.136330
 16   42.546051    0.000000    0.000000   -0.056739    0.180284    0.143593
 17   42.234436    0.000061    0.000000   -0.036046    0.112850    0.100217
 18   42.464935   -0.000031    0.000000   -0.023782    0.077558    0.058153
 19   42.458038   -0.000031   -0.000031   -0.031485    0.176871    0.142980
 20   42.268005    0.000061   -0.000046   -0.000969   -0.061538   -0.057403
 21   42.505859    0.000000    0.000000    0.080812   -0.318002   -0.281241
 22   42.233154    0.000031   -0.000092    0.029394   -0.172608   -0.141781
 23   42.352356    0.000061   -0.000031    0.029187   -0.154513   -0.220268
 24   42.391663    0.000031   -0.000031    0.061920   -0.202776   -0.313741
 25   42.497482    0.000092   -0.000031    0.059204   -0.179017   -0.234885
 26   42.272827    0.000153    0.000000    0.031075   -0.108325   -0.129761
 27    6.119781   45.625687   86.853531    0.444543   -0.991032    1.888412
 28   42.375076    0.000000    0.000031    0.067687   -0.123811   -0.179823
 29   42.546127   -0.000061    0.000015    0.058983   -0.123735   -0.157393
 30   42.234467    0.000031   -0.000031    0.042225   -0.094960   -0.109622
 31   42.465088   -0.000061    0.000031    0.027577   -0.057077   -0.069920
 32   42.458130    0.000000    0.000015    0.058915   -0.141881   -0.167061
 33   42.267914   -0.000076    0.000000    0.009784    0.033184    0.032278
 34   42.505981   -0.000015    0.000031    0.007335    0.281479    0.316359
 35   42.233124   -0.000092    0.000000   -0.004299    0.152304    0.181749
 36   42.352295   -0.000092    0.000031    0.007479    0.203566    0.138080
 37   42.391632    0.000031    0.000061    0.010081    0.300330    0.179587
 38   42.497650    0.000000    0.000031   -0.008538    0.238647    0.164947
 39   42.272629    0.000183    0.000000   -0.012369    0.144517    0.104543
 40   15.425201   89.563942    5.358456    0.002418   -0.022708    1.281050
 41   42.375061   -0.000061    0.000023    0.004617    0.037335    0.206150
 42   42.546127    0.000031    0.000000   -0.002413    0.036434    0.164743
 43   42.234467    0.000031    0.000008   -0.005800    0.021921    0.114741
 44   42.465118    0.000000    0.000000   -0.005386   -0.010743    0.074970
 45   42.458130    0.000000   -0.000008   -0.003567   -0.023759    0.058713
 46   42.267990    0.000000    0.000004   -0.002362   -0.009216    0.064388
 47   42.505905    0.000061    0.000011   -0.003468    0.000558    0.128274
 48   42.233200   -0.000061   -0.000008   -0.007370   -0.018772    0.276905
 49   42.352219    0.000000   -0.000008   -0.002920    0.071508    0.477376
 50   42.391678    0.000031    0.000000   -0.016763    0.046178    0.219814
 51   42.497650   -0.000031   -0.000011   -0.014075    0.016118    0.116436
 52   42.272690   -0.000031    0.000008   -0.008651    0.007831    0.063465
 53   16.642578   48.279598  -77.361465    0.515730    0.716698   -3.072825
 54   42.375076   -0.000046    0.000000   -0.017239   -0.147136   -0.194227
 55   42.546066    0.000015    0.000000   -0.028733   -0.106858   -0.118143
 56   42.234543   -0.000031    0.000000   -0.025055   -0.041533   -0.062836
 57   42.465012    0.000061   -0.000031   -0.021990    0.031142   -0.033636
 58   42.458038    0.000015    0.000000   -0.027842    0.063430   -0.019158
 59   42.267944   -0.000137   -0.000015   -0.019491    0.049720   -0.038536
 60   42.505875    0.000046   -0.000031   -0.017829    0.155290   -0.120448
 61   42.233139   -0.000092    0.000015   -0.064603    0.399961   -0.324595
 62   42.352234    0.000000    0.000008   -0.004412   -0.111331    0.084571
 63   42.391693    0.000023    0.000000   -0.110130   -0.532118    0.461815
 64   42.497574   -0.000015   -0.000031   -0.009486   -0.275669    0.223956
 65   42.272751    0.000000    0.000000    0.002867   -0.074173    0.061035
 66   20.656433  -52.522217  -84.320389    0.931187    2.533869   -0.149994
 67   42.375107    0.000031   -0.000015    0.067314   -0.261600   -0.147216
 68   42.546112    0.000015    0.000031    0.054490   -0.155982   -0.097754
 69   42.234444    0.000046   -0.000031    0.032901   -0.074985   -0.028969
 70   42.465027   -0.000015    0.000000    0.021873   -0.034328    0.033717
 71   42.458099    0.000031    0.000000    0.024388   -0.015891    0.056994
 72   42.267937   -0.000031    0.000000    0.015500   -0.043388    0.050810
 73   42.506012    0.000061    0.000031   -0.000597   -0.133997    0.162785
 74   42.233109   -0.000015   -0.000031   -0.068261   -0.312094    0.407269
 75   42.352264    0.000000    0.000000   -0.007615    0.122195   -0.150157
 76   42.391907    0.000061   -0.000015   -0.141232    0.408801   -0.558215
 77   42.497467    0.000031    0.000000   -0.056358    0.216680   -0.259991
 78   42.272629   -0.000061    0.000000   -0.009143    0.058953   -0.065199
 79   18.655945  -91.055687    4.955181   -0.002214   -0.001133   -1.240846
 80   42.375122   -0.000031   -0.000004   -0.000303    0.035377   -0.215893
 81   42.546082    0.000031    0.000015    0.005568    0.033226   -0.166486
 82   42.234528    0.000031   -0.000008    0.007355    0.017448   -0.111451
 83   42.465088   -0.000031    0.000000    0.006125   -0.012084   -0.074028
 84   42.458221    0.000000   -0.000008    0.004070   -0.022640   -0.058081
 85   42.267899    0.000031    0.000000    0.003129   -0.009068   -0.066124
 86   42.505859    0.000000    0.000015    0.005192   -0.001074   -0.136547
 87   42.233047    0.000000   -0.000011    0.010490   -0.023791   -0.293877
 88   42.352280   -0.000122    0.000008    0.004436    0.072862   -0.458016
 89   42.391769    0.000031   -0.000008    0.017393    0.046705   -0.214747
 90   42.497574    0.000031    0.000004    0.014840    0.016664   -0.117642
 91   42.272598   -0.000061    0.000038    0.008932    0.007906   -0.062867
time 19
  0    0.000000    0.000000    0.000000    0.000000   -0.000000    0.000000
  1    0.000000    0.000000    0.000000    0.000000   -0.000000    0.000000
  2   -0.072708  -47.750538  328.510529    3.053662   -1.362474   -1.485778
  3   50.309235   -0.435479    0.000008   -0.004971   -0.100773    0.016324
  4   30.891541   -0.000011    0.000000   -0.003609   -0.076847   -0.012161
  5   34.635590    0.000007   -0.000008   -0.003847   -0.130029    0.001623
  6   30.584259    0.000018    0.000000   -0.003912   -0.077757    0.001069
  7   31.520172   -0.000001    0.000000   -0.003971    0.003839    0.000151
  8   34.241211  -28.000034  -41.878006    1.072223   -0.176666    0.206477
  9   34.241150   23.441797  -41.878098   -1.002709   -0.161605   -0.225155
 10   35.246735  -52.543087    1.319138    0.134798    0.191338    0.397294
 11   35.246552   52.726307    1.318924   -0.066747    0.219561   -0.394463
 12   34.830017  -24.891924   45.588638   -0.873235    0.515520    0.239490
 13   34.885803   27.636581   43.767838    0.963655    0.531967   -0.206656
 14   16.523193  -47.798756   90.513000    1.233930   -0.949062   -1.862956
 15   42.375069    0.000015    0.000031   -0.095168    0.219851    0.139380
 16   42.546112    0.000061   -0.000031   -0.057029    0.176106    0.144297
 17   42.234497    0.000031    0.000000   -0.035713    0.113981    0.105242
 18   42.464996    0.000000    0.000015   -0.023448    0.078995    0.061754
 19   42.458069   -0.000061   -0.000038   -0.030130    0.182971    0.148136
 20   42.268005    0.000061    0.000031   -0.014886    0.019846    0.016090
 21   42.505920   -0.000015    0.000031    0.080000   -0.291307   -0.279522
 22   42.233215    0.000061   -0.000031    0.043226   -0.219847   -0.176146
 23   42.352203   -0.000061    0.000000    0.020680   -0.142124   -0.166087
 24   42.391754   -0.000061    0.000031    0.044799   -0.184086   -0.279859
 25   42.497467    0.000122    0.000000    0.057452   -0.191514   -0.251009
 26   42.272751    0.000061   -0.000031    0.042190   -0.149298   -0.178928
 27    7.150970   46.060879   87.092659    0.569113   -0.993984    1.741029
 28   42.375076    0.000000    0.000000    0.068776   -0.121787   -0.170272
 29   42.546097   -0.000046    0.000015    0.058215   -0.119561   -0.145461
 30   42.234497    0.000031    0.000031    0.042060   -0.096355   -0.105603
 31   42.465057   -0.000061    0.000031    0.028672   -0.064055   -0.075794
 32   42.458069   -0.000046    0.000000    0.058547   -0.142327   -0.167346
 33   42.267914   -0.000031    0.000015    0.024261   -0.045120   -0.048137
 34   42.505981    0.000031    0.000000   -0.005368    0.264912    0.270719
 35   42.233154   -0.000046   -0.000015   -0.004958    0.194881    0.235137
 36   42.352234   -0.000061    0.000031    0.004320    0.161706    0.137306
 37   42.391724    0.000061    0.000031    0.012628    0.268906    0.170255
 38   42.497559    0.000031    0.000000   -0.000561    0.257127    0.184470
 39   42.272629    0.000122    0.000031   -0.008335    0.192045    0.146341
 40   16.041443   90.330360    5.197102    0.001114    0.007513    1.105337
 41   42.375092    0.000031    0.000027   -0.001769    0.025716    0.236479
 42   42.546082    0.000000    0.000004   -0.006897    0.025781    0.211906
 43   42.234512   -0.000031    0.000000   -0.009181    0.018716    0.159795
 44   42.465088    0.000000    0.000000   -0.006326   -0.007484    0.083873
 45   42.458069    0.000031    0.000008   -0.003627   -0.022323    0.053658
 46   42.267975    0.000000   -0.000011   -0.002747   -0.011699    0.060948
 47   42.505951    0.000031    0.000015   -0.003397   -0.005312    0.102560
 48   42.233170    0.000061   -0.000004   -0.006663   -0.031959    0.244710
 49   42.352219    0.000061    0.000000    0.002392    0.040646    0.439300
 50   42.391708    0.000000    0.000008   -0.007417    0.076098    0.210714
 51   42.497620    0.000000   -0.000015   -0.013021    0.025290    0.117380
 52   42.272705    0.000061   -0.000011   -0.009359    0.013829    0.068912
 53   17.204498   48.387882  -77.987091    0.497579    0.721604   -3.108623
 54   42.375107    0.000031    0.000031   -0.032249   -0.170465   -0.148786
 55   42.546059    0.000046    0.000000   -0.031555   -0.118633   -0.090868
 56   42.234573   -0.000031    0.000000   -0.024375   -0.051206   -0.050674
 57   42.465012    0.000046    0.000000   -0.021170    0.023215   -0.029097
 58   42.458076    0.000031    0.000000   -0.027470    0.057164   -0.015583
 59   42.267944   -0.000046   -0.000015   -0.018135    0.034052   -0.025545
 60   42.505928    0.000122    0.000000   -0.013365    0.119937   -0.093749
 61   42.233215   -0.000061    0.000000   -0.067060    0.387073   -0.317524
 62   42.352295    0.000046    0.000015   -0.003275    0.089061   -0.067492
 63   42.391693    0.000061    0.000023   -0.023051   -0.223300    0.173532
 64   42.497528    0.000061   -0.000015   -0.003704   -0.097812    0.074266
 65   42.272705    0.000000   -0.000015   -0.001621   -0.036921    0.027928
 66   21.744537  -52.968773  -85.216454    0.956278    2.552140   -0.114367
 67   42.375092    0.000031   -0.000015    0.077314   -0.217912   -0.149414
 68   42.546127   -0.000015    0.000000    0.054679   -0.136089   -0.098357
 69   42.234451    0.000046   -0.000031    0.032515   -0.070209   -0.036246
 70   42.465034   -0.000061    0.000000    0.021366   -0.030372    0.025034
 71   42.458130    0.000076    0.000000    0.023875   -0.007865    0.047295
 72   42.267906   -0.000092    0.000000    0.014984   -0.027401    0.032470
 73   42.505974    0.000046    0.000000    0.003898   -0.103477    0.123316
 74   42.233093    0.000031    0.000000   -0.058216   -0.315099    0.405180
 75   42.352203   -0.000046    0.000023   -0.001707   -0.045540    0.056109
 76   42.391785    0.000000   -0.000008   -0.015261    0.171632   -0.213814
 77   42.497467    0.000031    0.000000   -0.004411    0.075023   -0.092675
 78   42.272736    0.000031    0.000046   -0.000103    0.027382   -0.033672
 79   19.128113  -91.757347    4.811832   -0.001020    0.022985   -1.059636
 80   42.375076   -0.000031   -0.000004    0.005625    0.025290   -0.248574
 81   42.546021    0.000061    0.000008    0.010201    0.024119   -0.217492
 82   42.234528    0.000061   -0.000015    0.010962    0.015414   -0.156857
 83   42.465073    0.000000   -0.000008    0.006877   -0.008724   -0.081470
 84   42.458069   -0.000031    0.000008    0.004036   -0.021683   -0.053676
 85   42.267975    0.000031    0.000004    0.003297   -0.011428   -0.061737
 86   42.505920    0.000031    0.000004    0.004475   -0.005627   -0.106968
 87   42.233109   -0.000061   -0.000004    0.009044   -0.035570   -0.255077
 88   42.352264   -0.000061    0.000000   -0.000528    0.044128   -0.433823
 89   42.391754   -0.000061   -0.000015    0.008693    0.073000   -0.203885
 90   42.497536    0.000000   -0.000031    0.013379    0.024473   -0.116137
 91   42.272591    0.000000    0.000011    0.009378    0.013177   -0.067349
time 20
  0    0.000000    0.000000    0.000000    0.000000   -0.000000    0.000000
  1    0.000000    0.000000    0.000000    0.000000   -0.000000    0.000000
  2   -0.072287  -46.121605  306.911041    3.055203   -1.360009   -1.486087
  3   50.309235   -0.435479    0.000008   -0.004584   -0.102116    0.016150
  4   30.891510   -0.000011   -0.000004   -0.003326   -0.070552   -0.012313
  5   34.635620    0.000007    0.000008   -0.003547   -0.126069    0.001496
  6   30.584290    0.000017    0.000000   -0.003606   -0.080315    0.000986
  7   31.520172   -0.000001    0.000031   -0.003660   -0.014536    0.000139
  8   34.241180  -28.000038  -41.878006    1.079159   -0.140672    0.208643
  9   34.241058   23.441803  -41.878098   -1.006209   -0.124662   -0.229726
 10   35.246704  -52.543098    1.319138    0.144649    0.213285    0.403760
 11   35.246521   52.726326    1.318924   -0.073018    0.242940   -0.402106
 12   34.829987  -24.891930   45.588608   -0.867044    0.544809    0.244542
 13   34.885742   27.636593   43.767838    0.960178    0.562087   -0.211475
 14   18.333496  -48.336151   91.051132    1.117612   -0.962802   -1.724841
 15   42.375053    0.000031    0.000000   -0.095633    0.224346    0.141416
 16   42.546051    0.000031    0.000046   -0.057707    0.172697    0.140651
 17   42.234436    0.000076    0.000015   -0.036020    0.109302    0.100889
 18   42.465027    0.000000    0.000000   -0.023247    0.071700    0.057008
 19   42.458069   -0.000038    0.000000   -0.030265    0.161080    0.128769
 20   42.267975    0.000099    0.000000   -0.019151    0.056980    0.049754
 21   42.505859    0.000031    0.000015    0.068367   -0.253560   -0.249293
 22   42.233093   -0.000046    0.000015    0.059447   -0.261062   -0.218901
 23   42.352356    0.000061    0.000031    0.020122   -0.148612   -0.151101
 24   42.391754    0.000000    0.000031    0.030748   -0.169629   -0.232078
 25   42.497498    0.000031    0.000000    0.046117   -0.190114   -0.238000
 26   42.272751    0.000092    0.000061    0.036083   -0.157332   -0.180880
 27    8.216827   46.510666   87.339859    0.723720   -0.990867    1.562903
 28   42.375046    0.000000    0.000000    0.069254   -0.117655   -0.163128
 29   42.546082   -0.000031    0.000000    0.057319   -0.111814   -0.134575
 30   42.234436    0.000061   -0.000015    0.041266   -0.090310   -0.097350
 31   42.465057   -0.000053   -0.000031    0.028224   -0.060968   -0.070608
 32   42.458038   -0.000038   -0.000015    0.052762   -0.124037   -0.145166
 33   42.267944   -0.000076    0.000000    0.033195   -0.080835   -0.084506
 34   42.506042    0.000015    0.000031   -0.013325    0.225707    0.218455
 35   42.233154   -0.000015    0.000046   -0.003990    0.241805    0.278402
 36   42.352203   -0.000092    0.000000    0.002806    0.152197    0.147938
 37   42.391602    0.000122    0.000031    0.012458    0.225204    0.159666
 38   42.497559    0.000061   -0.000031    0.006605    0.247289    0.186512
 39   42.272629    0.000153   -0.000061   -0.000679    0.192580    0.155363
 40   16.678192   91.122452    5.030331   -0.000243    0.047863    0.942393
 41   42.375061    0.000000   -0.000011   -0.011489    0.014531    0.242071
 42   42.546112   -0.000031    0.000015   -0.014877    0.013603    0.245589
 43   42.234451    0.000000    0.000008   -0.015434    0.011315    0.212796
 44   42.465073    0.000000    0.000000   -0.009121   -0.008412    0.110475
 45   42.458099   -0.000031    0.000000   -0.004633   -0.022710    0.062883
 46   42.267883    0.000000    0.000008   -0.003589   -0.016111    0.070600
 47   42.505936    0.000000   -0.000004   -0.003167   -0.009183    0.091525
 48   42.233124   -0.000061   -0.000015   -0.005557   -0.032757    0.220926
 49   42.352234    0.000000    0.000004    0.003141    0.003407    0.406446
 50   42.391678    0.000122   -0.000011    0.000534    0.103403    0.138790
 51   42.497604    0.000000   -0.000015   -0.009450    0.035722    0.094286
 52   42.272675    0.000061   -0.000008   -0.008068    0.021419    0.059287
 53   17.785156   48.499763  -78.633774    0.481331    0.734843    3.141480
 54   42.375092   -0.000031    0.000000   -0.037630   -0.166908   -0.128597
 55   42.546074    0.000031    0.000000   -0.032311   -0.123513   -0.084297
 56   42.234528   -0.000061   -0.000046   -0.024270   -0.053579   -0.049159
 57   42.464981    0.000046    0.000000   -0.021647    0.029485   -0.028559
 58   42.458054    0.000015   -0.000031   -0.027969    0.060445   -0.019881
 59   42.267967   -0.000153    0.000015   -0.018695    0.039119   -0.030603
 60   42.505905    0.000061    0.000031   -0.009164    0.092670   -0.071761
 61   42.233170   -0.000061    0.000000   -0.018724    0.215099   -0.167897
 62   42.352325   -0.000046    0.000046   -0.012861    0.153976   -0.117102
 63   42.391724    0.000000    0.000008   -0.008678    0.060993   -0.044766
 64   42.497589    0.000031   -0.000023   -0.004966    0.062355   -0.045637
 65   42.272736   -0.000015    0.000000   -0.002815    0.026759   -0.019401
 66   22.811493  -53.406708  -86.095276    0.974667    2.559719   -0.079190
 67   42.375122    0.000000   -0.000015    0.076454   -0.196732   -0.127545
 68   42.546158    0.000015    0.000000    0.053952   -0.138872   -0.092844
 69   42.234482    0.000046    0.000031    0.032916   -0.077039   -0.037161
 70   42.464996    0.000000    0.000015    0.021415   -0.028226    0.029128
 71   42.458130    0.000015    0.000000    0.023765   -0.009218    0.046001
 72   42.267929    0.000000    0.000031    0.015181   -0.030540    0.035145
 73   42.505989    0.000092    0.000031    0.004321   -0.078797    0.093882
 74   42.233109    0.000000    0.000000   -0.014323   -0.176949    0.217441
 75   42.352203    0.000000    0.000031   -0.004479   -0.114658    0.141095
 76   42.391754    0.000008   -0.000015    0.004337   -0.048297    0.059615
 77   42.497589    0.000000    0.000038    0.001021   -0.047522    0.059270
 78   42.272736   -0.000008   -0.000023    0.001619   -0.017147    0.021470
 79   19.615936  -92.482483    4.663654    0.000223    0.057997   -0.891551
 80   42.375122   -0.000015   -0.000004    0.014608    0.015011   -0.253943
 81   42.546021    0.000000    0.000000    0.017985    0.013111   -0.254568
 82   42.234543   -0.000031    0.000008    0.017356    0.009222   -0.212372
 83   42.465057    0.000000    0.000015    0.009624   -0.009411   -0.107524
 84   42.458130    0.000031    0.000000    0.004980   -0.022454   -0.062554
 85   42.268005    0.000000   -0.000027    0.004048   -0.015804   -0.071028
 86   42.505997    0.000000    0.000008    0.003833   -0.009285   -0.093443
 87   42.233078   -0.000031   -0.000031    0.007161   -0.035527   -0.228340
 88   42.352325   -0.000031    0.000008   -0.001814    0.008071   -0.402398
 89   42.391800   -0.000122    0.000004    0.000523    0.100266   -0.134944
 90   42.497589   -0.000061   -0.000008    0.009818    0.034339   -0.093702
 91   42.272537    0.000000    0.000011    0.008092    0.020453   -0.058111
time 21
  0    0.000000    0.000000    0.000000    0.000000   -0.000000    0.000000
  1    0.000000    0.000000    0.000000    0.000000   -0.000000    0.000000
  2   -0.071159  -44.852978  281.309479    3.056942   -1.353195   -1.486940
  3   50.309174   -0.435479   -0.000004   -0.004013   -0.103052    0.015894
  4   30.891541   -0.000011   -0.000011   -0.002908   -0.061274   -0.012536
  5   34.635590    0.000007    0.000000   -0.003103   -0.120234    0.001309
  6   30.584259    0.000018    0.000000   -0.003156   -0.084660    0.000862
  7   31.520172    0.000000    0.000000   -0.003203   -0.042639    0.000122
  8   34.241180  -28.000029  -41.878006    1.083602   -0.101420    0.210030
  9   34.241119   23.441799  -41.878082   -1.008451   -0.084781   -0.232654
 10   35.246674  -52.543079    1.319153    0.150958    0.227342    0.407901
 11   35.246521   52.726307    1.318909   -0.077035    0.257916   -0.407001
 12   34.829987  -24.891920   45.588562   -0.863078    0.563571    0.247778
 13   34.885773   27.636587   43.767792    0.956874    0.581381   -0.214562
 14   20.084412  -48.855862   91.571556    0.913013   -0.962689   -1.484429
 15   42.375046    0.000000   -0.000031   -0.097184    0.212450    0.132079
 16   42.546097    0.000046    0.000000   -0.059137    0.156663    0.125151
 17   42.234497    0.000015    0.000000   -0.036482    0.093033    0.084108
 18   42.464996    0.000053    0.000000   -0.021893    0.044451    0.034302
 19   42.458130   -0.000099   -0.000046   -0.029777    0.110437    0.084099
 20   42.267944    0.000046   -0.000015   -0.016024    0.029537    0.023010
 21   42.505859    0.000031    0.000031    0.060728   -0.240060   -0.226927
 22   42.233215   -0.000031   -0.000015    0.041118   -0.196054   -0.158801
 23   42.352325    0.000015   -0.000031    0.024282   -0.159322   -0.161386
 24   42.391724    0.000031    0.000000    0.040597   -0.215972   -0.252806
 25   42.497498    0.000000    0.000000    0.033778   -0.187369   -0.201448
 26   42.272812    0.000000   -0.000061    0.019975   -0.137862   -0.141252
 27    9.311401   46.972591   87.593628    0.946068   -0.964100    1.309539
 28   42.375076    0.000000   -0.000015    0.067006   -0.102504   -0.143587
 29   42.546051   -0.000015    0.000000    0.054586   -0.094691   -0.115591
 30   42.234467    0.000031    0.000015    0.039226   -0.075463   -0.082804
 31   42.465027   -0.000038    0.000000    0.024459   -0.039982   -0.046433
 32   42.458069   -0.000031    0.000015    0.040539   -0.080006   -0.094928
 33   42.267914   -0.000061    0.000023    0.027417   -0.057533   -0.062333
 34   42.506012    0.000061    0.000000   -0.013697    0.210054    0.206517
 35   42.233032    0.000000    0.000031   -0.013077    0.182925    0.210546
 36   42.352173   -0.000137    0.000015    0.000609    0.156291    0.149969
 37   42.391632    0.000122    0.000000    0.017372    0.249310    0.205324
 38   42.497650    0.000061   -0.000031    0.010722    0.218238    0.188912
 39   42.272583    0.000183    0.000000    0.004999    0.154604    0.137548
 40   17.332214   91.935951    4.859055   -0.001307    0.089936    0.808229
 41   42.375122    0.000015    0.000004   -0.021796    0.005974    0.244103
 42   42.546143   -0.000015   -0.000004   -0.025506    0.001684    0.275057
 43   42.234467    0.000000   -0.000008   -0.024207   -0.001847    0.265077
 44   42.465042   -0.000031   -0.000008   -0.012006   -0.012940    0.137678
 45   42.458069    0.000000   -0.000008   -0.005358   -0.021969    0.072758
 46   42.267944    0.000000    0.000008   -0.004459   -0.019740    0.086439
 47   42.505859   -0.000061   -0.000008   -0.002914   -0.012422    0.091586
 48   42.233170   -0.000031   -0.000015   -0.003889   -0.038166    0.200839
 49   42.352264    0.000061    0.000011    0.006031   -0.011173    0.327170
 50   42.391708    0.000000   -0.000004    0.000689    0.141685    0.023538
 51   42.497604    0.000000   -0.000008   -0.005620    0.060905    0.049199
 52   42.272675    0.000000   -0.000004   -0.005822    0.036911    0.032977
 53   18.381592   48.614693  -79.297951    0.466304    0.761470    3.107626
 54   42.375076    0.000000    0.000000   -0.032886   -0.137918   -0.138926
 55   42.546066    0.000046    0.000000   -0.030328   -0.110361   -0.106062
 56   42.234528   -0.000015   -0.000031   -0.024970   -0.044699   -0.057272
 57   42.465012    0.000046    0.000000   -0.020402    0.031101   -0.012935
 58   42.458084    0.000015    0.000000   -0.025918    0.041571   -0.012154
 59   42.267967   -0.000107    0.000000   -0.016916    0.022138   -0.017105
 60   42.505920    0.000076    0.000000    0.000333    0.001346   -0.001880
 61   42.233139   -0.000092    0.000015    0.009815    0.005582   -0.005272
 62   42.352203    0.000000    0.000061   -0.044682    0.275328   -0.217439
 63   42.391693    0.000008    0.000031   -0.027982    0.214043   -0.161729
 64   42.497559    0.000027    0.000008   -0.008976    0.132484   -0.096776
 65   42.272827   -0.000069    0.000008   -0.002681    0.055090   -0.039786
 66   23.843475  -53.830257  -86.945137    0.980202    2.540664   -0.048852
 67   42.375107   -0.000015   -0.000015    0.068056   -0.206838   -0.096068
 68   42.546082    0.000000    0.000031    0.051671   -0.170962   -0.074863
 69   42.234489    0.000031    0.000015    0.033681   -0.089144   -0.027401
 70   42.464989   -0.000031    0.000015    0.019256   -0.004004    0.024159
 71   42.458107    0.000015   -0.000015    0.021834   -0.000367    0.025085
 72   42.267899   -0.000015    0.000015    0.013871   -0.017005    0.019743
 73   42.505951    0.000015    0.000000    0.000693   -0.009860    0.011752
 74   42.233093    0.000000    0.000000   -0.005438   -0.030095    0.036005
 75   42.352188   -0.000015   -0.000015   -0.015112   -0.225699    0.275668
 76   42.391754    0.000000    0.000008   -0.006251   -0.151204    0.187825
 77   42.497437    0.000038    0.000019   -0.004774   -0.093965    0.117674
 78   42.272644   -0.000061    0.000027    0.000216   -0.031141    0.038873
 79   20.117035  -93.227226    4.511459    0.001193    0.096726   -0.753028
 80   42.375092    0.000000    0.000000    0.024474    0.006907   -0.254393
 81   42.546051    0.000000    0.000008    0.028595    0.001762   -0.286020
 82   42.234528    0.000092   -0.000008    0.026264   -0.003070   -0.267755
 83   42.465103    0.000031   -0.000008    0.012487   -0.013535   -0.134944
 84   42.458054    0.000000    0.000008    0.005657   -0.021831   -0.072076
 85   42.267944    0.000031   -0.000023    0.004892   -0.019543   -0.086677
 86   42.505966    0.000092    0.000031    0.003395   -0.012509   -0.092456
 87   42.233047    0.000031   -0.000019    0.004969   -0.040559   -0.206209
 88   42.352356    0.000000    0.000000   -0.005198   -0.006596   -0.321271
 89   42.391708    0.000000   -0.000004   -0.000495    0.140454   -0.022078
 90   42.497528    0.000000   -0.000019    0.006015    0.059685   -0.050174
 91   42.272598   -0.000122    0.000031    0.005922    0.036031   -0.032715
time 22
  0    0.000000    0.000000    0.000000    0.000000   -0.000000    0.000000
  1    0.000000    0.000000    0.000000    0.000000   -0.000000    0.000000
  2   -0.069527  -43.899639  253.176224    3.058841   -1.342903   -1.488229
  3   50.309174   -0.435479    0.000000   -0.003320   -0.103877    0.015582
  4   30.891541   -0.000011   -0.000004   -0.002400   -0.050009   -0.012807
  5   34.635620    0.000007   -0.000004   -0.002565   -0.113148    0.001082
  6   30.584290    0.000019   -0.000008   -0.002608   -0.090860    0.000713
  7   31.520203    0.000000    0.000015   -0.002647   -0.078404    0.000100
  8   34.241211  -28.000029  -41.877991    1.085168   -0.058726    0.210519
  9   34.241150   23.441799  -41.878098   -1.009241   -0.041836   -0.233686
 10   35.246704  -52.543076    1.319122    0.153183    0.232298    0.409361
 11   35.246552   52.726303    1.318924   -0.078451    0.263195   -0.408727
 12   34.830017  -24.891920   45.588593   -0.861680    0.570184    0.248919
 13   34.885803   27.636583   43.767792    0.953798    0.588182   -0.215651
 14   21.751984  -49.350857   92.067276    0.670242   -0.913669   -1.197431
 15   42.375061   -0.000031   -0.000015   -0.100016    0.175461    0.111699
 16   42.546051    0.000031   -0.000015   -0.060622    0.133064    0.106902
 17   42.234467    0.000038    0.000000   -0.036164    0.069147    0.063205
 18   42.464996    0.000053    0.000000   -0.016851   -0.005554   -0.006918
 19   42.458069   -0.000069   -0.000015   -0.020510    0.004130   -0.007565
 20   42.267944   -0.000015   -0.000015   -0.001217   -0.065103   -0.061234
 21   42.505981    0.000046   -0.000031    0.029550   -0.164385   -0.133991
 22   42.233093    0.000000   -0.000061    0.020645   -0.100991   -0.081651
 23   42.352325    0.000015    0.000015    0.034586   -0.191634   -0.198128
 24   42.391754    0.000000    0.000031    0.036101   -0.217996   -0.225095
 25   42.497528   -0.000061   -0.000061    0.017403   -0.145505   -0.141256
 26   42.272797    0.000031   -0.000031    0.009139   -0.104474   -0.099480
 27   10.429016   47.444275   87.852821    1.172096   -0.891172    1.050362
 28   42.375046   -0.000046   -0.000031    0.062690   -0.078254   -0.108580
 29   42.546112   -0.000061    0.000015    0.051313   -0.075262   -0.091860
 30   42.234436    0.000061    0.000015    0.036832   -0.059722   -0.065945
 31   42.465027   -0.000053   -0.000015    0.017862   -0.003151   -0.005323
 32   42.458069   -0.000038    0.000008    0.021510    0.009751    0.001706
 33   42.267822   -0.000061    0.000053    0.009954    0.033865    0.028686
 34   42.505981    0.000031    0.000015   -0.010540    0.151496    0.163126
 35   42.233032   -0.000031   -0.000015   -0.015170    0.080188    0.095878
 36   42.352142   -0.000061   -0.000015    0.000996    0.180659    0.164702
 37   42.391693    0.000061   -0.000031    0.019107    0.246466    0.222523
 38   42.497498    0.000031   -0.000061    0.007803    0.157396    0.146444
 39   42.272568    0.000183   -0.000061    0.005140    0.111996    0.104430
 40   18.000000   92.766647    4.684162   -0.002141    0.132872    0.718995
 41   42.375061   -0.000015   -0.000008   -0.034957   -0.001938    0.264794
 42   42.546051    0.000031    0.000000   -0.039651   -0.012466    0.316246
 43   42.234436    0.000000   -0.000008   -0.032430   -0.021516    0.301721
 44   42.465073    0.000031   -0.000015   -0.011804   -0.019152    0.142661
 45   42.458115   -0.000031    0.000008   -0.004678   -0.018645    0.074197
 46   42.267929   -0.000031    0.000000   -0.004434   -0.020057    0.099749
 47   42.505829   -0.000031    0.000000   -0.002221   -0.015283    0.090757
 48   42.233093    0.000000   -0.000011   -0.001790   -0.058393    0.191301
 49   42.352295    0.000031    0.000008    0.007763    0.012940    0.159662
 50   42.391754   -0.000061   -0.000008   -0.005494    0.202212   -0.155111
 51   42.497620    0.000000    0.000008    0.009881    0.115959   -0.056741
 52   42.272705    0.000000    0.000008    0.009816    0.068241   -0.032891
 53   18.990448   48.732010  -79.976074    0.450446    0.801224    3.070201
 54   42.375092    0.000031    0.000000   -0.023583   -0.095197   -0.166518
 55   42.546074    0.000031    0.000015   -0.026977   -0.069510   -0.152505
 56   42.234520   -0.000046    0.000000   -0.025412   -0.037647   -0.061645
 57   42.464996    0.000015    0.000000   -0.014698   -0.020395    0.042461
 58   42.458076    0.000015    0.000000   -0.021178   -0.019545    0.029603
 59   42.267960   -0.000107    0.000000   -0.013024   -0.033872    0.025588
 60   42.505936    0.000092    0.000000    0.005142   -0.114346    0.084289
 61   42.233200   -0.000046    0.000000    0.013393   -0.040754    0.030377
 62   42.352203    0.000000    0.000031   -0.064953    0.313811   -0.254684
 63   42.391693    0.000031    0.000031   -0.049903    0.290972   -0.222811
 64   42.497620    0.000042    0.000004   -0.015394    0.180339   -0.130167
 65   42.272675   -0.000031    0.000008   -0.003606    0.083033   -0.058835
 66   24.826324  -54.233665  -87.754623    0.972760    2.489007   -0.022950
 67   42.375122    0.000031   -0.000015    0.055400   -0.238644   -0.068915
 68   42.546089    0.000000    0.000031    0.045800   -0.223335   -0.041655
 69   42.234467    0.000031    0.000000    0.032903   -0.083180   -0.024096
 70   42.464996   -0.000046    0.000015    0.010181    0.061923   -0.031061
 71   42.458099    0.000015    0.000031    0.015551    0.040768   -0.031056
 72   42.267891   -0.000046   -0.000015    0.009723    0.017787   -0.020647
 73   42.506012    0.000061    0.000031   -0.012975    0.071487   -0.084925
 74   42.233139    0.000015   -0.000015   -0.005811   -0.017805    0.020694
 75   42.352188   -0.000046    0.000000   -0.021753   -0.287996    0.346996
 76   42.391815    0.000008    0.000008   -0.010056   -0.185622    0.230711
 77   42.497681    0.000027   -0.000023   -0.007437   -0.115123    0.144670
 78   42.272583   -0.000027    0.000034   -0.000300   -0.037189    0.046487
 79   20.628632  -93.987732    4.356068    0.001946    0.137742   -0.659441
 80   42.375122    0.000000   -0.000004    0.037570   -0.000559   -0.273958
 81   42.546021    0.000000    0.000008    0.043064   -0.012111   -0.328591
 82   42.234497    0.000000   -0.000008    0.034520   -0.022260   -0.306203
 83   42.465042    0.000092   -0.000008    0.012236   -0.019291   -0.140628
 84   42.458038   -0.000031    0.000011    0.004957   -0.018491   -0.073562
 85   42.267899   -0.000031    0.000004    0.004863   -0.020051   -0.099827
 86   42.506012   -0.000061    0.000027    0.002595   -0.015417   -0.090942
 87   42.233032    0.000000   -0.000019    0.002565   -0.060277   -0.194184
 88   42.352371    0.000000   -0.000004   -0.007122    0.017521   -0.152622
 89   42.391739    0.000031    0.000027    0.004459    0.202246    0.154055
 90   42.497543    0.000000    0.000015   -0.010007    0.115329    0.055275
 91   42.272461    0.000000    0.000038   -0.009792    0.067402    0.032114
time 23
  0    0.000000    0.000000    0.000000    0.000000   -0.000000    0.000000
  1    0.000000    0.000000    0.000000    0.000000   -0.000000    0.000000
  2   -0.067591  -43.216534  223.981369    3.060859   -1.329999   -1.489845
  3   50.309189   -0.435479    0.000008   -0.002566   -0.104888    0.015243
  4   30.891510   -0.000011    0.000008   -0.001848   -0.037749   -0.013101
  5   34.635590    0.000007    0.000011   -0.001979   -0.105437    0.000835
  6   30.584320    0.000018    0.000000   -0.002013   -0.098982    0.000550
  7   31.520172    0.000000    0.000015   -0.002043   -0.119768    0.000077
  8   34.241211  -28.000027  -41.877991    1.073635    0.019588    0.167492
  9   34.241119   23.441795  -41.878098   -1.003333    0.035257   -0.188943
 10   35.246704  -52.543072    1.319153    0.141836    0.215091    0.330363
 11   35.246552   52.726307    1.318939   -0.072640    0.243699   -0.329776
 12   34.830048  -24.891924   45.588608   -0.865619    0.485364    0.202256
 13   34.885803   27.636578   43.767822    0.950213    0.502029   -0.171451
 14   23.312485  -49.814083   92.531204    0.454304   -0.809439   -0.934459
 15   42.375107    0.000015    0.000000   -0.100768    0.116770    0.082922
 16   42.546112    0.000046    0.000015   -0.061314    0.105225    0.088328
 17   42.234467    0.000015   -0.000008   -0.034648    0.041689    0.041567
 18   42.464905   -0.000031    0.000031   -0.006272   -0.071442   -0.060017
 19   42.458130   -0.000038    0.000023    0.014682   -0.175589   -0.156920
 20   42.267944    0.000031    0.000000    0.016486   -0.168840   -0.142853
 21   42.505829    0.000000    0.000000    0.007474   -0.079076   -0.051566
 22   42.233215    0.000031   -0.000031    0.014476   -0.072047   -0.063360
 23   42.352264    0.000061   -0.000031    0.009935   -0.084409   -0.099306
 24   42.391724    0.000000    0.000000    0.004447   -0.079093   -0.090935
 25   42.497528    0.000031    0.000000    0.005371   -0.065939   -0.072772
 26   42.272858    0.000122    0.000000    0.003353   -0.046667   -0.051134
 27   11.563934   47.923267   88.116058    1.361297   -0.775220    0.828901
 28   42.375092    0.000008   -0.000015    0.056172   -0.046041   -0.061209
 29   42.546112   -0.000023    0.000008    0.047214   -0.053622   -0.064030
 30   42.234497    0.000092   -0.000015    0.034158   -0.044255   -0.048230
 31   42.465027   -0.000031    0.000015    0.010859    0.040678    0.042287
 32   42.458099   -0.000015   -0.000008    0.010299    0.146982    0.149175
 33   42.267883   -0.000023    0.000000    0.008002    0.162693    0.169271
 34   42.505981    0.000031    0.000000   -0.004096    0.070692    0.088190
 35   42.233124    0.000000    0.000000   -0.011591    0.060585    0.067787
 36   42.352264   -0.000092    0.000031   -0.000959    0.097720    0.075171
 37   42.391785    0.000092    0.000000    0.005112    0.102505    0.076025
 38   42.497559    0.000031   -0.000061    0.001279    0.079497    0.062356
 39   42.272614    0.000183    0.000000    0.000459    0.062927    0.049431
 40   18.678192   93.610153    4.506577   -0.002809    0.180006    0.659458
 41   42.375076    0.000000   -0.000004   -0.053513   -0.010816    0.299155
 42   42.546112   -0.000031   -0.000011   -0.058389   -0.031688    0.366598
 43   42.234467    0.000031   -0.000011   -0.037398   -0.043655    0.314637
 44   42.465057    0.000061   -0.000004   -0.009380   -0.023266    0.131029
 45   42.458084    0.000000   -0.000004   -0.003879   -0.015289    0.080780
 46   42.268005    0.000000   -0.000011   -0.003635   -0.020943    0.110439
 47   42.505920    0.000000   -0.000004   -0.000920   -0.018984    0.075754
 48   42.233047    0.000000   -0.000023    0.001238   -0.084394    0.189574
 49   42.352280    0.000000    0.000000   -0.003197    0.062872   -0.035223
 50   42.391678    0.000061    0.000004   -0.010556    0.253341   -0.375939
 51   42.497650    0.000000   -0.000015    0.050464    0.145551   -0.210939
 52   42.272675    0.000015   -0.000015    0.049785    0.076269   -0.125924
 53   19.608887   48.851177  -80.664749    0.434173    0.867663    3.024133
 54   42.375084   -0.000015   -0.000015   -0.015115   -0.058567   -0.195051
 55   42.546066    0.000031    0.000000   -0.024773   -0.020860   -0.198307
 56   42.234516   -0.000015   -0.000015   -0.024962   -0.040736   -0.055347
 57   42.464973    0.000000    0.000000   -0.013432   -0.106693    0.113712
 58   42.458061    0.000046   -0.000015   -0.019106   -0.099788    0.087634
 59   42.267967   -0.000092    0.000000   -0.010519   -0.088832    0.066099
 60   42.505898    0.000107    0.000015    0.006551   -0.170131    0.125680
 61   42.233147   -0.000046    0.000000    0.013954   -0.039049    0.029499
 62   42.352295    0.000000   -0.000061   -0.052857    0.257806   -0.207595
 63   42.391693    0.000000    0.000000   -0.069608    0.328519   -0.255286
 64   42.497620    0.000031   -0.000015   -0.025504    0.221125   -0.157975
 65   42.272705    0.000010   -0.000004   -0.007257    0.123942   -0.085823
 66   25.746078  -54.611149  -88.512115    0.952915    2.399015    0.003523
 67   42.375099    0.000046    0.000000    0.041762   -0.276868   -0.054552
 68   42.546120   -0.000015    0.000015    0.037530   -0.265983   -0.010223
 69   42.234474    0.000046    0.000000    0.030572   -0.054253   -0.039070
 70   42.465004   -0.000046    0.000000   -0.005437    0.139720   -0.113285
 71   42.458115    0.000092   -0.000015    0.004390    0.094834   -0.097715
 72   42.267876   -0.000031    0.000000    0.003555    0.050779   -0.058513
 73   42.505943    0.000031    0.000000   -0.027419    0.118729   -0.139155
 74   42.233086   -0.000031   -0.000015   -0.004156   -0.026189    0.029343
 75   42.352219    0.000000    0.000031   -0.012285   -0.290288    0.338167
 76   42.391785    0.000000    0.000015   -0.008492   -0.208120    0.255838
 77   42.497528    0.000023   -0.000011   -0.007913   -0.134429    0.169063
 78   42.272705    0.000019    0.000031   -0.001280   -0.054623    0.068562
 79   21.148209  -94.759972    4.198284    0.002539    0.183706   -0.594990
 80   42.375061   -0.000023   -0.000004    0.056229   -0.008681   -0.307421
 81   42.546051    0.000000    0.000008    0.062517   -0.030974   -0.380514
 82   42.234528    0.000031   -0.000011    0.039589   -0.044164   -0.320515
 83   42.465042   -0.000031    0.000011    0.009805   -0.023166   -0.129877
 84   42.458054   -0.000031   -0.000011    0.004190   -0.015171   -0.080188
 85   42.267868    0.000000   -0.000019    0.004077   -0.021055   -0.110249
 86   42.505951   -0.000031    0.000015    0.001200   -0.019269   -0.075663
 87   42.233032    0.000031   -0.000015   -0.000606   -0.085235   -0.190246
 88   42.352295    0.000000   -0.000008    0.003562    0.066087    0.040391
 89   42.391693    0.000031    0.000000    0.008377    0.254024    0.374550
 90   42.497589    0.000000   -0.000038   -0.051614    0.145124    0.209810
 91   42.272491    0.000031    0.000000   -0.050204    0.075626    0.124911
time 24
  0    0.000000    0.000000    0.000000    0.000000   -0.000000    0.000000
  1    0.000000    0.000000    0.000000    0.000000   -0.000000    0.000000
  2   -0.065554  -42.758629  195.195114    3.062957   -1.315356   -1.491679
  3   50.309204   -0.435478   -0.000004   -0.001811   -0.106379    0.014904
  4   30.891571   -0.000011   -0.000004   -0.001296   -0.025490   -0.013396
  5   34.635590    0.000007    0.000000   -0.001393   -0.097726    0.000587
  6   30.584290    0.000018    0.000008   -0.001417   -0.109095    0.000388
  7   31.520203    0.000000    0.000008   -0.001438   -0.164665    0.000054
  8   34.241180  -28.000029  -41.878021    1.044803    0.146805    0.059926
  9   34.241119   23.441801  -41.878113   -0.988562    0.159356   -0.077086
 10   35.246704  -52.543087    1.319153    0.113468    0.172073    0.132869
 11   35.246552   52.726307    1.318909   -0.058112    0.194959   -0.132398
 12   34.829987  -24.891922   45.588615   -0.875869    0.273314    0.085598
 13   34.885773   27.636583   43.767815    0.945788    0.286646   -0.060953
 14   24.742096  -50.238441   92.956123    0.298887   -0.669227   -0.734850
 15   42.375046    0.000000   -0.000031   -0.096790    0.048907    0.052223
 16   42.546082    0.000053    0.000015   -0.060681    0.074484    0.070466
 17   42.234528    0.000015   -0.000031   -0.032257    0.016124    0.023295
 18   42.465027    0.000015   -0.000015    0.008670   -0.138406   -0.112693
 19   42.458099   -0.000076   -0.000031    0.078899   -0.372134   -0.324446
 20   42.268005    0.000000    0.000000    0.018365   -0.221794   -0.176698
 21   42.506012    0.000031   -0.000061    0.003604   -0.075889   -0.052406
 22   42.233185   -0.000031    0.000000    0.009000   -0.037627   -0.031734
 23   42.352295    0.000122    0.000000    0.000755    0.090112    0.047780
 24   42.391632   -0.000061    0.000031   -0.007897    0.114303    0.062281
 25   42.497467    0.000046    0.000000   -0.007833    0.078700    0.041757
 26   42.272888    0.000107   -0.000031   -0.008228    0.065195    0.035363
 27   12.710495   48.407124   88.381920    1.500430   -0.635056    0.661865
 28   42.375046   -0.000008   -0.000008    0.048523   -0.011558   -0.011385
 29   42.546112   -0.000023    0.000008    0.042104   -0.029907   -0.032755
 30   42.234497    0.000076   -0.000015    0.031554   -0.030984   -0.031951
 31   42.465057   -0.000069    0.000023    0.005229    0.080527    0.084513
 32   42.458069    0.000000    0.000015    0.025892    0.290960    0.314744
 33   42.267883    0.000000    0.000015    0.033411    0.253294    0.283410
 34   42.506058    0.000092    0.000000    0.000570    0.054328    0.065244
 35   42.233124    0.000000    0.000000   -0.007433    0.056500    0.064512
 36   42.352203   -0.000061   -0.000031    0.000635   -0.034695   -0.058521
 37   42.391754    0.000061    0.000000    0.015574   -0.079424   -0.121928
 38   42.497528    0.000061    0.000061    0.011005   -0.048331   -0.076575
 39   42.272614    0.000153    0.000015    0.012029   -0.046100   -0.071649
 40   19.363220   94.462265    4.327171   -0.003370    0.231257    0.628805
 41   42.375061   -0.000015   -0.000004   -0.076292   -0.021444    0.331807
 42   42.546082    0.000015   -0.000015   -0.078125   -0.055301    0.402949
 43   42.234467    0.000000   -0.000015   -0.038142   -0.062445    0.301259
 44   42.465027    0.000000   -0.000008   -0.007231   -0.025056    0.118848
 45   42.458069    0.000000   -0.000011   -0.003705   -0.016334    0.103717
 46   42.267944    0.000000    0.000000   -0.002192   -0.024268    0.111555
 47   42.505890    0.000031    0.000015    0.000285   -0.030733    0.065464
 48   42.233063    0.000031   -0.000011    0.006344   -0.090710    0.182226
 49   42.352249    0.000000    0.000000   -0.022752    0.101519   -0.183572
 50   42.391724    0.000000    0.000000   -0.011912    0.275351   -0.547410
 51   42.497650    0.000000   -0.000046    0.073227    0.125554   -0.273356
 52   42.272644    0.000000   -0.000046    0.064833    0.058974   -0.163962
 53   20.233551   48.971550  -81.360359    0.412238    0.977165    2.956419
 54   42.375069   -0.000015    0.000015   -0.012654   -0.053568   -0.201985
 55   42.546062    0.000031    0.000000   -0.023559   -0.002609   -0.209643
 56   42.234505   -0.000046    0.000000   -0.024551   -0.047633   -0.046697
 57   42.464996    0.000046    0.000000   -0.017649   -0.169034    0.156727
 58   42.458084    0.000000   -0.000015   -0.021009   -0.173727    0.141395
 59   42.267975   -0.000061    0.000031   -0.009016   -0.131864    0.096378
 60   42.505867    0.000122    0.000000    0.008461   -0.186844    0.136846
 61   42.233162   -0.000061   -0.000061    0.014350   -0.038149    0.028775
 62   42.352272    0.000015    0.000000   -0.037996    0.195180   -0.154619
 63   42.391678    0.000031    0.000000   -0.077986    0.330135   -0.257406
 64   42.497559    0.000046   -0.000046   -0.033894    0.239536   -0.169366
 65   42.272736   -0.000021   -0.000011   -0.013425    0.163831   -0.111068
 66   26.588715  -54.956985  -89.206093    0.920640    2.265750    0.035853
 67   42.375069    0.000031    0.000000    0.037747   -0.293040   -0.070277
 68   42.546074    0.000015    0.000031    0.034688   -0.266986   -0.008726
 69   42.234436    0.000061   -0.000015    0.028615   -0.027055   -0.056992
 70   42.464966   -0.000015   -0.000031   -0.017925    0.188558   -0.171771
 71   42.458084    0.000046    0.000000   -0.009674    0.145580   -0.157892
 72   42.267899   -0.000031    0.000000   -0.005605    0.086399   -0.098933
 73   42.505981    0.000046    0.000000   -0.036687    0.139873   -0.160851
 74   42.233116    0.000031   -0.000015   -0.005538   -0.014104    0.015278
 75   42.352173   -0.000046    0.000000    0.004055   -0.255551    0.283207
 76   42.391785    0.000000    0.000000   -0.003409   -0.231093    0.276654
 77   42.497467    0.000031    0.000008   -0.006351   -0.155877    0.194694
 78   42.272644    0.000010    0.000038   -0.001823   -0.076710    0.096510
 79   21.673004  -95.540047    4.038864    0.003027    0.234139   -0.558889
 80   42.375092   -0.000008    0.000000    0.079118   -0.018168   -0.339218
 81   42.546021    0.000000    0.000004    0.083298   -0.054036   -0.418698
 82   42.234528    0.000000   -0.000008    0.040623   -0.063015   -0.308973
 83   42.465088    0.000092    0.000000    0.007684   -0.024950   -0.118370
 84   42.458038    0.000031   -0.000004    0.004111   -0.016257   -0.102728
 85   42.267853    0.000000   -0.000019    0.002650   -0.024409   -0.111358
 86   42.505875    0.000000    0.000019   -0.000042   -0.031026   -0.065527
 87   42.233032    0.000000   -0.000027   -0.005717   -0.090894   -0.181616
 88   42.352234   -0.000031    0.000004    0.022326    0.102792    0.184866
 89   42.391693    0.000000    0.000004    0.009545    0.276293    0.546429
 90   42.497620    0.000031   -0.000031   -0.074568    0.125302    0.273013
 91   42.272644    0.000061    0.000000   -0.065645    0.058672    0.163946
time 25
  0    0.000000    0.000000    0.000000    0.000000   -0.000000    0.000000
  1    0.000000    0.000000    0.000000    0.000000   -0.000000    0.000000
  2   -0.063618  -42.480877  168.287628    3.065094   -1.299843   -1.493621
  3   50.309219   -0.435479    0.000004   -0.001118   -0.108646    0.014593
  4   30.891541   -0.000011    0.000000   -0.000788   -0.014224   -0.013667
  5   34.635590    0.000006    0.000011   -0.000855   -0.090641    0.000360
  6   30.584259    0.000018   -0.000008   -0.000870   -0.121264    0.000238
  7   31.520172   -0.000000    0.000000   -0.000883   -0.211031    0.000032
  8   34.241150  -28.000027  -41.877991    1.007321    0.294768   -0.079911
  9   34.241089   23.441797  -41.878082   -0.969360    0.303247    0.068327
 10   35.246674  -52.543083    1.319153    0.076591    0.116149   -0.123873
 11   35.246521   52.726311    1.318954   -0.039226    0.131598    0.124192
 12   34.830017  -24.891920   45.588615   -0.890081   -0.002351   -0.066057
 13   34.885773   27.636585   43.767830    0.941189    0.006649    0.082694
 14   26.017151  -50.616894   93.335205    0.199134   -0.521565   -0.598295
 15   42.375092    0.000008    0.000023   -0.088619   -0.013462    0.026634
 16   42.546112    0.000053   -0.000023   -0.058530    0.042269    0.054224
 17   42.234497   -0.000008    0.000008   -0.029757   -0.003998    0.010796
 18   42.465027    0.000008    0.000000    0.020142   -0.179632   -0.143218
 19   42.458099   -0.000053    0.000000    0.124749   -0.476786   -0.416143
 20   42.267944    0.000031    0.000031    0.018857   -0.260591   -0.201363
 21   42.505875    0.000000    0.000000    0.001806   -0.084288   -0.065512
 22   42.233139    0.000061    0.000000    0.008228   -0.080809   -0.062096
 23   42.352295    0.000000    0.000031    0.007548    0.122372    0.080470
 24   42.391785   -0.000031   -0.000031    0.012075    0.273721    0.188365
 25   42.497559    0.000015    0.000015   -0.007517    0.174993    0.120279
 26   42.272766    0.000076   -0.000015   -0.012814    0.138694    0.098523
 27   13.862823   48.893398   88.649170    1.596269   -0.494843    0.545432
 28   42.375061   -0.000015    0.000000    0.041319    0.017298    0.029253
 29   42.546051   -0.000008    0.000019    0.036242   -0.005515   -0.000275
 30   42.234467    0.000069   -0.000004    0.029118   -0.020459   -0.017461
 31   42.464966   -0.000053    0.000015    0.001630    0.104200    0.109048
 32   42.458038    0.000015    0.000031    0.047085    0.367635    0.411462
 33   42.267914    0.000000    0.000000    0.055257    0.292861    0.338470
 34   42.506027    0.000061   -0.000031    0.004415    0.070964    0.073778
 35   42.233109   -0.000061    0.000031    0.001526    0.098477    0.108533
 36   42.352264   -0.000092    0.000061   -0.002031   -0.051155   -0.065883
 37   42.391708    0.000031   -0.000031    0.031040   -0.198155   -0.247346
 38   42.497620    0.000031   -0.000031    0.031351   -0.151900   -0.186867
 39   42.272583    0.000092    0.000000    0.028429   -0.115948   -0.137508
 40   20.051758   95.318665    4.146881   -0.003884    0.282552    0.632514
 41   42.375061    0.000008   -0.000011   -0.093800   -0.033357    0.332525
 42   42.546143   -0.000008   -0.000011   -0.090162   -0.075156    0.392100
 43   42.234451    0.000015    0.000004   -0.039555   -0.075795    0.279374
 44   42.465073    0.000000   -0.000023   -0.007968   -0.030159    0.127016
 45   42.458069   -0.000031   -0.000011   -0.004472   -0.025799    0.137252
 46   42.267944    0.000031    0.000004   -0.000761   -0.029156    0.108021
 47   42.505981   -0.000031    0.000008    0.001787   -0.042663    0.082145
 48   42.233215   -0.000031   -0.000023    0.012420   -0.090666    0.193472
 49   42.352219    0.000000   -0.000008   -0.036938    0.110107   -0.243802
 50   42.391724   -0.000031   -0.000015   -0.026316    0.294544   -0.684654
 51   42.497589    0.000000    0.000008    0.081206    0.113057   -0.297464
 52   42.272736    0.000015    0.000000    0.060469    0.043735   -0.157849
 53   20.861389   49.092548  -82.059509    0.354112    1.144959    2.826559
 54   42.375084   -0.000015   -0.000031   -0.025576   -0.105545   -0.159369
 55   42.546074    0.000031    0.000031   -0.024179   -0.043287   -0.170427
 56   42.234558   -0.000046    0.000015   -0.024226   -0.061930   -0.035430
 57   42.465012    0.000015    0.000015   -0.018000   -0.167999    0.148635
 58   42.458084    0.000031   -0.000015   -0.022406   -0.198871    0.156889
 59   42.268005   -0.000092   -0.000031   -0.008656   -0.175311    0.124831
 60   42.505867    0.000092    0.000000    0.009883   -0.209869    0.151083
 61   42.233116   -0.000061    0.000000    0.013836   -0.030027    0.022391
 62   42.352249    0.000015   -0.000061   -0.038587    0.190931   -0.149122
 63   42.391739    0.000031   -0.000046   -0.079411    0.326700   -0.250197
 64   42.497620    0.000031   -0.000015   -0.036001    0.241198   -0.166576
 65   42.272705    0.000011    0.000004   -0.015345    0.171463   -0.113031
 66   27.340240  -55.265419  -89.824951    0.879834    2.092676    0.080596
 67   42.375099    0.000008   -0.000015    0.056210   -0.253232   -0.130177
 68   42.546112   -0.000031    0.000031    0.041172   -0.225510   -0.047390
 69   42.234467    0.000046    0.000000    0.027620   -0.012871   -0.068716
 70   42.465027   -0.000031    0.000015   -0.016167    0.185951   -0.170128
 71   42.458099    0.000015    0.000000   -0.016690    0.167977   -0.184793
 72   42.267891   -0.000015    0.000000   -0.023243    0.141667   -0.163470
 73   42.505951    0.000061   -0.000015   -0.047481    0.162641   -0.183971
 74   42.233086    0.000000   -0.000031   -0.008227    0.001052   -0.001075
 75   42.352188    0.000031    0.000000    0.015980   -0.201001    0.211000
 76   42.391800    0.000031    0.000000    0.003057   -0.258085    0.296765
 77   42.497528    0.000038    0.000008   -0.003507   -0.180225    0.221476
 78   42.272705   -0.000015    0.000015   -0.003451   -0.113828    0.143064
 79   22.200546  -96.324089    3.878685    0.003464    0.284837   -0.557199
 80   42.375122    0.000000    0.000004    0.096709   -0.028929   -0.339321
 81   42.546082    0.000015    0.000004    0.096355   -0.073318   -0.409190
 82   42.234528    0.000000   -0.000019    0.042623   -0.076661   -0.289576
 83   42.465012    0.000031   -0.000015    0.008511   -0.030143   -0.126719
 84   42.458084    0.000000   -0.000008    0.005028   -0.025658   -0.135704
 85   42.267944    0.000000    0.000008    0.001249   -0.029337   -0.108227
 86   42.506027   -0.000031    0.000011   -0.001453   -0.042582   -0.081601
 87   42.233063    0.000000   -0.000011   -0.011664   -0.091313   -0.193587
 88   42.352219    0.000000    0.000008    0.035731    0.109747    0.240981
 89   42.391785    0.000031   -0.000019    0.024569    0.295967    0.684620
 90   42.497437    0.000008   -0.000015   -0.082708    0.113427    0.298709
 91   42.272522   -0.000015    0.000046   -0.061318    0.043559    0.158370
time 26
  0    0.000000    0.000000    0.000000    0.000000   -0.000000    0.000000
  1    0.000000    0.000000    0.000000    0.000000   -0.000000    0.000000
  2   -0.061985  -42.338249  144.729156    3.067231   -1.284331   -1.495563
  3   50.309204   -0.435479    0.000000   -0.000547   -0.111985    0.014336
  4   30.891541   -0.000011    0.000011   -0.000371   -0.004946   -0.013890
  5   34.635590    0.000007    0.000000   -0.000412   -0.084805    0.000173
  6   30.584290    0.000018    0.000008   -0.000419   -0.135558    0.000115
  7   31.520172   -0.000000    0.000008   -0.000425   -0.256803    0.000015
  8   34.241211  -28.000031  -41.877991    0.969839    0.435318   -0.219748
  9   34.241089   23.441803  -41.878082   -0.950158    0.439718    0.213741
 10   35.246704  -52.543087    1.319138    0.039714    0.060225   -0.380616
 11   35.246552   52.726315    1.318939   -0.020339    0.068236    0.380783
 12   34.830017  -24.891926   45.588615   -0.905907   -0.278017   -0.217713
 13   34.885803   27.636589   43.767815    0.937081   -0.273349    0.226342
 14   27.113678  -50.942398   93.661087    0.139116   -0.390392   -0.511643
 15   42.375076    0.000000    0.000023   -0.079029   -0.060874    0.009034
 16   42.546112    0.000034   -0.000023   -0.056066    0.017133    0.043696
 17   42.234497    0.000015    0.000031   -0.026899   -0.022654    0.000248
 18   42.464966    0.000038    0.000000    0.032060   -0.217431   -0.169236
 19   42.458069   -0.000122    0.000023    0.123765   -0.490879   -0.408381
 20   42.267975    0.000031   -0.000031    0.015018   -0.261892   -0.196272
 21   42.505875    0.000031   -0.000061    0.003673   -0.131495   -0.110432
 22   42.233200    0.000000    0.000000    0.010038   -0.155374   -0.122855
 23   42.352234    0.000061   -0.000061    0.009790    0.115607    0.077872
 24   42.391693    0.000000   -0.000031    0.036439    0.347670    0.254852
 25   42.497437    0.000061   -0.000031   -0.001834    0.213403    0.152141
 26   42.272888    0.000046   -0.000053   -0.010598    0.146928    0.107470
 27   15.015060   49.379688   88.916336    1.657978   -0.379235    0.473002
 28   42.375076    0.000000    0.000011    0.035976    0.034944    0.052797
 29   42.546051    0.000015    0.000000    0.031664    0.011536    0.022083
 30   42.234497    0.000053   -0.000008    0.026825   -0.011497   -0.004988
 31   42.464996   -0.000023    0.000015   -0.002269    0.128976    0.135063
 32   42.458008   -0.000038    0.000000    0.055288    0.389110    0.446159
 33   42.267883    0.000000    0.000031    0.053148    0.272884    0.318448
 34   42.506012    0.000092   -0.000031    0.011867    0.118274    0.115154
 35   42.233124   -0.000031    0.000031    0.020333    0.172421    0.178599
 36   42.352219   -0.000122    0.000000   -0.002792   -0.027777   -0.037191
 37   42.391724    0.000061    0.000000    0.033501   -0.253787   -0.294805
 38   42.497650    0.000046   -0.000031    0.039451   -0.205049   -0.238740
 39   42.272705    0.000137    0.000015    0.029478   -0.134510   -0.150896
 40   20.740250   96.175011    3.966568   -0.004407    0.328595    0.725621
 41   42.375061    0.000000   -0.000008   -0.097616   -0.054257    0.295854
 42   42.546112    0.000015    0.000000   -0.076302   -0.086079    0.294967
 43   42.234512    0.000015    0.000004   -0.035240   -0.074939    0.214944
 44   42.465073    0.000015   -0.000008   -0.015552   -0.045895    0.179078
 45   42.458069   -0.000031   -0.000004   -0.007723   -0.047368    0.190717
 46   42.267883    0.000000    0.000004    0.000793   -0.036364    0.117287
 47   42.505920   -0.000031    0.000008    0.005572   -0.055345    0.130853
 48   42.233139    0.000031   -0.000011    0.022743   -0.094242    0.233193
 49   42.352249    0.000092    0.000008   -0.048567    0.110315   -0.261345
 50   42.391663   -0.000061    0.000011   -0.055186    0.316247   -0.808940
 51   42.497650    0.000008    0.000000    0.088904    0.115367   -0.325011
 52   42.272736   -0.000015   -0.000031    0.060810    0.038721   -0.158658
 53   21.489212   49.213505  -82.758621    0.150494    1.314582    2.543043
 54   42.375103   -0.000015    0.000023   -0.057726   -0.181634   -0.076393
 55   42.546074    0.000015    0.000015   -0.031342   -0.121812   -0.102884
 56   42.234512   -0.000038    0.000000   -0.023806   -0.086575   -0.024664
 57   42.465042    0.000038   -0.000015   -0.014911   -0.124516    0.109467
 58   42.458069    0.000031    0.000000   -0.020263   -0.164813    0.129781
 59   42.267975   -0.000061    0.000000   -0.009799   -0.214897    0.148043
 60   42.505867    0.000122    0.000031    0.010327   -0.243514    0.171025
 61   42.233200   -0.000061   -0.000031    0.012499   -0.017582    0.012854
 62   42.352264   -0.000046    0.000031   -0.052321    0.234635   -0.180694
 63   42.391724    0.000046    0.000046   -0.075880    0.322217   -0.237398
 64   42.497589    0.000046    0.000015   -0.032589    0.231371   -0.153807
 65   42.272736    0.000015    0.000027   -0.012033    0.148091   -0.094066
 66   27.986511  -55.530659  -90.357208    0.855751    1.920950    0.147228
 67   42.375076    0.000000   -0.000031    0.087579   -0.163047   -0.204250
 68   42.546104    0.000015    0.000000    0.050716   -0.164911   -0.108857
 69   42.234436    0.000031   -0.000015    0.027081   -0.009372   -0.078229
 70   42.465012   -0.000046    0.000015   -0.007181    0.152460   -0.131492
 71   42.458084    0.000031    0.000000   -0.012683    0.156793   -0.170387
 72   42.267883   -0.000076   -0.000015   -0.036396    0.175929   -0.205820
 73   42.505974    0.000092    0.000000   -0.055154    0.177315   -0.199956
 74   42.233109    0.000015   -0.000015   -0.004346   -0.017883    0.018428
 75   42.352081   -0.000031   -0.000015    0.014937   -0.242629    0.255303
 76   42.391846   -0.000015   -0.000046    0.004217   -0.243858    0.282268
 77   42.497528    0.000038    0.000000   -0.002720   -0.168092    0.207064
 78   42.272614   -0.000015    0.000017   -0.001530   -0.094075    0.118090
 79   22.727951  -97.108101    3.718475    0.003903    0.331296   -0.643283
 80   42.375092    0.000015   -0.000008    0.102147   -0.049223   -0.306278
 81   42.546066    0.000008   -0.000004    0.083171   -0.084973   -0.313672
 82   42.234528    0.000015    0.000000    0.038376   -0.075949   -0.225800
 83   42.465012    0.000000   -0.000004    0.016237   -0.045690   -0.177688
 84   42.458069    0.000000   -0.000011    0.008567   -0.047286   -0.189449
 85   42.267944    0.000031   -0.000008   -0.000233   -0.036598   -0.117571
 86   42.505981    0.000031    0.000011   -0.005070   -0.055851   -0.131919
 87   42.233047    0.000000   -0.000023   -0.022531   -0.097081   -0.239853
 88   42.352295    0.000031    0.000000    0.049700    0.112013    0.268877
 89   42.391693   -0.000031   -0.000038    0.054490    0.320836    0.833696
 90   42.497620   -0.000008   -0.000061   -0.089799    0.109514    0.318772
 91   42.272522    0.000015    0.000031   -0.058909    0.035688    0.152949
time 27
  0    0.000000    0.000000    0.000000    0.000000   -0.000000    0.000000
  1    0.000000    0.000000    0.000000    0.000000   -0.000000    0.000000
  2   -0.060857  -42.285713  125.989853    3.069328   -1.269688   -1.497397
  3   50.309204   -0.435479    0.000004   -0.000160   -0.116691    0.014162
  4   30.891525   -0.000011   -0.000008   -0.000087    0.001349   -0.014042
  5   34.635605    0.000007    0.000004   -0.000111   -0.080846    0.000046
  6   30.584274    0.000017    0.000000   -0.000113   -0.152045    0.000031
  7   31.520203   -0.000000    0.000000   -0.000115   -0.299915    0.000003
  8   34.241180  -28.000036  -41.878021    0.941007    0.540297   -0.327314
  9   34.241089   23.441803  -41.878113   -0.935387    0.541556    0.325598
 10   35.246674  -52.543091    1.319138    0.011346    0.017207   -0.578110
 11   35.246521   52.726318    1.318924   -0.005812    0.019496    0.578160
 12   34.830017  -24.891930   45.588585   -0.920996   -0.490067   -0.334370
 13   34.885742   27.636591   43.767822    0.934128   -0.488732    0.336839
 14   28.007935  -51.207848   93.926910    0.107989   -0.292465   -0.466608
 15   42.375061   -0.000011    0.000008   -0.071348   -0.089437    0.002234
 16   42.546082    0.000023    0.000015   -0.055696    0.009028    0.045207
 17   42.234497   -0.000019   -0.000038   -0.021965   -0.048781   -0.015411
 18   42.464996    0.000008    0.000008    0.057747   -0.292508   -0.223708
 19   42.458038   -0.000099   -0.000031    0.087738   -0.446530   -0.335562
 20   42.267944    0.000031   -0.000046    0.005016   -0.220210   -0.159831
 21   42.505905   -0.000031   -0.000031    0.010934   -0.206697   -0.175138
 22   42.233139    0.000000    0.000000    0.017996   -0.250277   -0.205354
 23   42.352280    0.000000   -0.000031    0.010361    0.103389    0.070740
 24   42.391708   -0.000092   -0.000031    0.065836    0.407088    0.318090
 25   42.497528   -0.000015   -0.000046    0.005670    0.239103    0.175000
 26   42.272827    0.000000   -0.000046   -0.007327    0.157803    0.117365
 27   16.161560   49.863541   89.182205    1.693977   -0.299630    0.437673
 28   42.375092    0.000004    0.000008    0.032507    0.041964    0.063388
 29   42.546082   -0.000015    0.000004    0.030352    0.013179    0.026886
 30   42.234467    0.000038    0.000000    0.024505   -0.003437    0.006068
 31   42.465027   -0.000053    0.000008   -0.007237    0.185404    0.195255
 32   42.458069    0.000008   -0.000031    0.059045    0.381507    0.454580
 33   42.267883   -0.000031   -0.000046    0.038212    0.209102    0.243204
 34   42.506088    0.000092    0.000061    0.023211    0.172871    0.167351
 35   42.233063   -0.000061    0.000031    0.057225    0.274381    0.277014
 36   42.352203   -0.000092    0.000031    0.000682    0.009765    0.002465
 37   42.391731    0.000092    0.000000    0.030728   -0.302304   -0.322782
 38   42.497620    0.000000    0.000000    0.039237   -0.246118   -0.270589
 39   42.272705    0.000183    0.000015    0.028832   -0.158735   -0.170340
 40   21.425262   97.027168    3.787163   -0.004996    0.360943    0.961756
 41   42.375061    0.000000    0.000000   -0.067705   -0.087838    0.185802
 42   42.546173    0.000008    0.000011   -0.025648   -0.076954    0.095378
 43   42.234467    0.000000   -0.000004   -0.024889   -0.061153    0.130961
 44   42.465088    0.000000   -0.000015   -0.037661   -0.076205    0.297929
 45   42.458069    0.000031   -0.000008   -0.011532   -0.071895    0.243933
 46   42.267975    0.000031   -0.000008    0.003405   -0.044503    0.137561
 47   42.505981    0.000000   -0.000004    0.014173   -0.074185    0.207411
 48   42.233139    0.000000   -0.000019    0.039083   -0.094036    0.276529
 49   42.352249    0.000000   -0.000015   -0.057293    0.103095   -0.253701
 50   42.391754   -0.000031   -0.000015   -0.096593    0.323437   -0.893163
 51   42.497620    0.000046    0.000000    0.096102    0.137699   -0.380345
 52   42.272705    0.000061    0.000000    0.064599    0.040163   -0.168921
 53   22.113892   49.333885  -83.454254   -0.262161    1.398870    2.078470
 54   42.375092    0.000000    0.000000   -0.089012   -0.227841   -0.004844
 55   42.546059    0.000031    0.000008   -0.044239   -0.191910   -0.041654
 56   42.234520   -0.000046    0.000015   -0.023436   -0.119088   -0.014152
 57   42.465012    0.000046    0.000000   -0.013435   -0.081037    0.070387
 58   42.458099    0.000015    0.000015   -0.018502   -0.104207    0.088401
 59   42.267975   -0.000092    0.000015   -0.010356   -0.224339    0.148948
 60   42.505890    0.000092   -0.000015    0.009723   -0.277329    0.188931
 61   42.233139   -0.000061    0.000031    0.010990   -0.006215    0.004408
 62   42.352257    0.000031    0.000000   -0.069624    0.287522   -0.217553
 63   42.391693    0.000046    0.000000   -0.064136    0.297544   -0.207928
 64   42.497528    0.000015    0.000000   -0.025923    0.204639   -0.130388
 65   42.272797    0.000006    0.000011   -0.008570    0.115165   -0.070527
 66   28.513596  -55.746986  -90.791290    0.886329    1.806603    0.244245
 67   42.375065   -0.000008    0.000000    0.111029   -0.074822   -0.249916
 68   42.546097   -0.000015    0.000000    0.057650   -0.106973   -0.167443
 69   42.234451    0.000046   -0.000015    0.026661   -0.010820   -0.090035
 70   42.465027   -0.000015    0.000015    0.001318    0.110920   -0.086479
 71   42.458099    0.000031    0.000000   -0.003434    0.126130   -0.130560
 72   42.267944   -0.000061    0.000031   -0.042423    0.190749   -0.225842
 73   42.505943    0.000046    0.000000   -0.063274    0.192904   -0.219019
 74   42.233147   -0.000015   -0.000031    0.000343   -0.041938    0.042965
 75   42.352203    0.000000    0.000000    0.010297   -0.281964    0.301604
 76   42.391815    0.000015   -0.000015    0.005994   -0.211562    0.247706
 77   42.497559    0.000015    0.000008   -0.000774   -0.144146    0.177905
 78   42.272736   -0.000012    0.000040    0.000508   -0.069649    0.087293
 79   23.252808  -97.888153    3.559090    0.004395    0.366467   -0.869774
 80   42.375092   -0.000015    0.000000    0.076700   -0.085076   -0.206592
 81   42.546051    0.000000    0.000004    0.032032   -0.078372   -0.115610
 82   42.234543   -0.000015   -0.000011    0.027466   -0.061853   -0.140504
 83   42.465088    0.000015   -0.000008    0.038485   -0.075699   -0.295297
 84   42.458115    0.000015   -0.000015    0.012551   -0.071832   -0.242674
 85   42.267914    0.000061   -0.000011   -0.002784   -0.044689   -0.137417
 86   42.506012    0.000000   -0.000008   -0.013858   -0.077288   -0.215241
 87   42.233032    0.000000   -0.000011   -0.040597   -0.098486   -0.288972
 88   42.352303    0.000000   -0.000019    0.067374    0.112824    0.295791
 89   42.391663    0.000061   -0.000004    0.095943    0.336107    0.978395
 90   42.497620   -0.000008   -0.000046   -0.095726    0.111790    0.341883
 91   42.272522    0.000015    0.000015   -0.057442    0.031498    0.149801
time 28
  0    0.000000    0.000000    0.000000    0.000000   -0.000000    0.000000
  1    0.000000    0.000000    0.000000    0.000000   -0.000000    0.000000
  2   -0.060436  -42.278202  113.539886    3.071346   -1.256785   -1.499013
  3   50.309219   -0.435479    0.000004   -0.000017   -0.123061    0.014098
  4   30.891541   -0.000011    0.000000    0.000017    0.003668   -0.014097
  5   34.635605    0.000007    0.000008   -0.000000   -0.079387   -0.000001
  6   30.584290    0.000018    0.000008   -0.000000   -0.170791    0.000001
  7   31.520203   -0.000000    0.000008   -0.000000   -0.338304   -0.000001
  8   34.241196  -28.000031  -41.878006    0.929474    0.581547   -0.370341
  9   34.241104   23.441803  -41.878082   -0.929479    0.581550    0.370341
 10   35.246689  -52.543087    1.319107   -0.000000    0.000000   -0.657108
 11   35.246567   52.726315    1.318924   -0.000000    0.000000    0.657111
 12   34.830002  -24.891928   45.588615   -0.933001   -0.574887   -0.381033
 13   34.885788   27.636589   43.767822    0.932996   -0.574885    0.381039
 14   28.676178  -51.406200   94.125534    0.102148   -0.239057   -0.463262
 15   42.375092    0.000004   -0.000004   -0.068799   -0.099839    0.012593
 16   42.546112    0.000038   -0.000008   -0.059065    0.021250    0.062424
 17   42.234497    0.000015   -0.000038   -0.011778   -0.094625   -0.045374
 18   42.465027   -0.000015    0.000015    0.091515   -0.384172   -0.290813
 19   42.458160   -0.000046    0.000000    0.038787   -0.346013   -0.231115
 20   42.267975    0.000000    0.000000   -0.000816   -0.183652   -0.131791
 21   42.505951    0.000000   -0.000031    0.026811   -0.301935   -0.253957
 22   42.233139   -0.000031   -0.000031    0.030510   -0.338141   -0.284786
 23   42.352203    0.000031   -0.000031    0.014793    0.115563    0.086772
 24   42.391670   -0.000031   -0.000061    0.095172    0.440441    0.368898
 25   42.497467   -0.000031   -0.000076    0.015435    0.249059    0.188455
 26   42.272797    0.000031   -0.000076   -0.001516    0.161117    0.122045
 27   17.296570   50.342541   89.445419    1.707453   -0.259807    0.438524
 28   42.375061   -0.000004   -0.000011    0.030551    0.038409    0.068470
 29   42.546097   -0.000008    0.000008    0.034841   -0.008035    0.011766
 30   42.234451    0.000084   -0.000015    0.019347    0.013545    0.028866
 31   42.464966   -0.000046   -0.000008   -0.003698    0.276957    0.298519
 32   42.458038    0.000031   -0.000015    0.047421    0.313963    0.386172
 33   42.267914   -0.000031    0.000000    0.028431    0.159169    0.180315
 34   42.506042    0.000107    0.000000    0.041606    0.239202    0.235121
 35   42.233063   -0.000092    0.000061    0.110306    0.374904    0.382755
 36   42.352188   -0.000092    0.000031    0.002794    0.019686    0.015603
 37   42.391708    0.000061    0.000061    0.023494   -0.347424   -0.333931
 38   42.497559    0.000000    0.000000    0.025254   -0.262149   -0.264996
 39   42.272644    0.000153   -0.000015    0.021435   -0.181416   -0.183932
 40   22.103424   97.870689    3.609573   -0.005706    0.350827    1.326879
 41   42.375069    0.000000    0.000000    0.021463   -0.084026   -0.060012
 42   42.546127    0.000000    0.000008    0.040797   -0.035951   -0.151794
 43   42.234467    0.000038    0.000004   -0.019749   -0.050980    0.086906
 44   42.465057   -0.000008   -0.000004   -0.073993   -0.105189    0.435729
 45   42.458099   -0.000015   -0.000004   -0.015805   -0.091720    0.286092
 46   42.267944   -0.000031   -0.000008    0.006021   -0.053291    0.163040
 47   42.505890    0.000000    0.000004    0.024198   -0.087777    0.272859
 48   42.233093    0.000000   -0.000015    0.060262   -0.102615    0.347791
 49   42.352249    0.000061    0.000000   -0.029882    0.051420   -0.112537
 50   42.391663    0.000031   -0.000015   -0.162335    0.272541   -0.864665
 51   42.497589    0.000000    0.000000    0.069101    0.215186   -0.534630
 52   42.272705    0.000008    0.000015    0.064209    0.053540   -0.189233
 53   22.732315   49.453060  -84.142914   -0.511344    1.409637    1.815274
 54   42.375099    0.000000    0.000008   -0.107220   -0.247097    0.036769
 55   42.546059    0.000023    0.000015   -0.056326   -0.238704    0.000635
 56   42.234489   -0.000038   -0.000015   -0.023112   -0.151739   -0.002495
 57   42.464996    0.000008    0.000015   -0.013795   -0.046811    0.039266
 58   42.458054    0.000031   -0.000015   -0.019705   -0.034405    0.044204
 59   42.267990   -0.000092   -0.000031   -0.009502   -0.198280    0.126747
 60   42.505951    0.000061    0.000000    0.008241   -0.304921    0.200796
 61   42.233154   -0.000076   -0.000061    0.007734    0.015387   -0.010656
 62   42.352249    0.000015   -0.000031   -0.084740    0.336505   -0.248080
 63   42.391754    0.000008    0.000015   -0.045889    0.247083   -0.162265
 64   42.497620    0.000065    0.000008   -0.018526    0.166269   -0.101675
 65   42.272736   -0.000040    0.000029   -0.005943    0.080115   -0.047482
 66   28.907394  -55.908649  -91.115662    0.945611    1.773292    0.329270
 67   42.375080   -0.000019   -0.000015    0.121679   -0.019856   -0.264834
 68   42.546097    0.000000    0.000015    0.060934   -0.062457   -0.208462
 69   42.234421    0.000031   -0.000015    0.026049   -0.012554   -0.103409
 70   42.464996   -0.000031    0.000031    0.007743    0.071500   -0.046387
 71   42.458099    0.000015    0.000015    0.006986    0.083367   -0.076123
 72   42.267899   -0.000107    0.000031   -0.038353    0.182052   -0.216723
 73   42.505966    0.000107    0.000000   -0.070473    0.206916   -0.238497
 74   42.233093    0.000015   -0.000031    0.006463   -0.080127    0.082626
 75   42.352158   -0.000046   -0.000015    0.004491   -0.296729    0.326107
 76   42.391754    0.000000    0.000000    0.007737   -0.166117    0.196972
 77   42.497498    0.000015    0.000000    0.001465   -0.114200    0.141094
 78   42.272705   -0.000016    0.000038    0.001911   -0.045968    0.057536
 79   23.772354  -98.660400    3.401295    0.004990    0.361424   -1.228135
 80   42.375092   -0.000015    0.000000   -0.011984   -0.089605    0.033251
 81   42.546051    0.000000    0.000023   -0.035822   -0.039274    0.131055
 82   42.234512   -0.000008    0.000000    0.023382   -0.051912   -0.100893
 83   42.465149   -0.000015    0.000008    0.074813   -0.105364   -0.435076
 84   42.458115    0.000000    0.000008    0.016081   -0.090597   -0.280750
 85   42.267868    0.000000    0.000008   -0.005480   -0.053322   -0.162554
 86   42.505936    0.000031    0.000015   -0.024696   -0.093540   -0.287807
 87   42.233002    0.000031   -0.000015   -0.062843   -0.105666   -0.357013
 88   42.352325   -0.000031    0.000008    0.044396    0.063732    0.164917
 89   42.391708   -0.000061    0.000008    0.183339    0.307645    1.080518
 90   42.497559   -0.000019   -0.000031   -0.096121    0.165032    0.463208
 91   42.272522   -0.000031    0.000015   -0.062746    0.038995    0.173572
time 29
  0    0.000000    0.000000    0.000000    0.000000   -0.000000    0.000000
  1    0.000000    0.000000    0.000000    0.000000   -0.000000    0.000000
  2   -0.083985  -44.508846  107.494118    3.081502   -1.222526   -1.511143
  3   50.309219   -0.435479    0.000004   -0.000017   -0.143468    0.014098
  4   30.891541   -0.000011   -0.000004    0.000017   -0.012290   -0.014097
  5   34.635590    0.000007   -0.000008   -0.000000   -0.095167   -0.000001
  6   30.584290    0.000017   -0.000015   -0.000000   -0.198787    0.000001
  7   31.520203   -0.000000   -0.000023   -0.000000   -0.378895   -0.000001
  8   34.241196  -28.000034  -41.878021    0.933210    0.504613   -0.320190
  9   34.241135   23.441799  -41.878113   -0.933215    0.504615    0.320190
 10   35.246689  -52.543087    1.319107   -0.000000   -0.000000   -0.566609
 11   35.246536   52.726315    1.318878   -0.000000   -0.000000    0.566612
 12   34.830002  -24.891928   45.588593   -0.943042   -0.497924   -0.330957
 13   34.885757   27.636587   43.767792    0.936316   -0.497922    0.330962
 14   29.094559  -51.530376   94.249893    0.106835   -0.154162   -0.494132
 15   42.375046   -0.000011   -0.000023   -0.064323   -0.121275    0.048019
 16   42.546036    0.000027    0.000008   -0.061028    0.016478    0.083013
 17   42.234436    0.000023   -0.000008    0.008516   -0.168530   -0.090375
 18   42.464935    0.000008   -0.000046    0.108070   -0.434679   -0.313242
 19   42.458099   -0.000061    0.000000    0.009316   -0.245471   -0.145163
 20   42.267944   -0.000031    0.000015   -0.000939   -0.179593   -0.122330
 21   42.506012    0.000000    0.000000    0.058751   -0.442068   -0.356888
 22   42.233200    0.000000   -0.000031    0.026613   -0.377570   -0.304622
 23   42.352310    0.000031    0.000000    0.030035    0.159373    0.131643
 24   42.391754   -0.000061    0.000000    0.110545    0.426624    0.363079
 25   42.497498    0.000076    0.000000    0.031249    0.261832    0.198147
 26   42.272736    0.000008   -0.000015    0.004744    0.140895    0.103268
 27   18.414261   50.814220   89.704666    1.730335   -0.199067    0.460583
 28   42.375092   -0.000008    0.000000    0.025892    0.027326    0.088030
 29   42.546051   -0.000023   -0.000008    0.044436   -0.048437   -0.005215
 30   42.234451    0.000084   -0.000015    0.006671    0.063229    0.088349
 31   42.464996   -0.000053   -0.000008    0.011955    0.347945    0.381010
 32   42.458038    0.000023    0.000000    0.032240    0.224191    0.273971
 33   42.267883    0.000000    0.000046    0.025482    0.144334    0.156634
 34   42.506012    0.000076    0.000000    0.084476    0.341174    0.345950
 35   42.233109   -0.000031    0.000061    0.153636    0.427603    0.433584
 36   42.352219   -0.000092    0.000031   -0.003652   -0.022574   -0.013214
 37   42.391701    0.000031   -0.000031    0.008283   -0.384434   -0.327075
 38   42.497650    0.000031    0.000031    0.004115   -0.258128   -0.233374
 39   42.272675    0.000168    0.000015    0.003916   -0.166689   -0.155745
 40   22.771240   98.701347    3.434704   -0.003711    0.319591    1.738009
 41   42.375061    0.000015   -0.000011    0.110203   -0.010802   -0.342379
 42   42.546112    0.000008    0.000004    0.107099    0.007165   -0.370587
 43   42.234497    0.000031   -0.000004   -0.005090   -0.046281    0.018350
 44   42.465088    0.000015   -0.000011   -0.109510   -0.116655    0.500570
 45   42.458038   -0.000015   -0.000004   -0.029995   -0.122713    0.357430
 46   42.267914    0.000000   -0.000004    0.007584   -0.065631    0.182510
 47   42.505875    0.000000    0.000008    0.030248   -0.093440    0.285134
 48   42.233063    0.000000   -0.000015    0.088658   -0.133275    0.454307
 49   42.352211    0.000031   -0.000004    0.016118    0.004193    0.051225
 50   42.391659    0.000031   -0.000019   -0.162828    0.147808   -0.572874
 51   42.497528   -0.000031   -0.000019   -0.068409    0.261180   -0.670312
 52   42.272675   -0.000027    0.000000    0.054413    0.122712   -0.305572
 53   23.341248   49.570404  -84.821037   -0.150749    1.367823    2.233041
 54   42.375092    0.000000    0.000000   -0.101937   -0.231042    0.029873
 55   42.546059    0.000023   -0.000015   -0.058321   -0.244835    0.003514
 56   42.234512   -0.000038   -0.000015   -0.021054   -0.182579   -0.007719
 57   42.464996    0.000053   -0.000031   -0.014205   -0.031748    0.014654
 58   42.458069    0.000046   -0.000015   -0.023992    0.032633    0.008787
 59   42.267944   -0.000114    0.000031   -0.007198   -0.131684    0.077447
 60   42.505905    0.000084    0.000000    0.011376   -0.319427    0.193569
 61   42.233185   -0.000076   -0.000031    0.006661    0.020105   -0.012932
 62   42.352188   -0.000015    0.000000   -0.088082    0.350409   -0.239923
 63   42.391724    0.000031   -0.000031   -0.033171    0.195198   -0.116403
 64   42.497528    0.000019   -0.000008   -0.014124    0.129931   -0.073043
 65   42.272552   -0.000019    0.000004   -0.004981    0.055210   -0.030191
 66   29.154007  -56.009872  -91.318771    0.874296    1.862928    0.228566
 67   42.375069   -0.000004    0.000000    0.115639   -0.014737   -0.235771
 68   42.546104   -0.000008    0.000000    0.061727   -0.048556   -0.217257
 69   42.234444    0.000031   -0.000031    0.027062   -0.028682   -0.126946
 70   42.464996   -0.000015    0.000015    0.011867    0.036775   -0.022143
 71   42.458038    0.000031    0.000000    0.015888    0.038892   -0.012576
 72   42.267853   -0.000046    0.000000   -0.021312    0.136567   -0.160865
 73   42.505966    0.000061    0.000000   -0.080980    0.225982   -0.265609
 74   42.233078    0.000061   -0.000015    0.009235   -0.096882    0.100481
 75   42.352158   -0.000031    0.000015    0.006427   -0.276984    0.306510
 76   42.391785    0.000023    0.000008    0.009623   -0.129436    0.153228
 77   42.497589    0.000050    0.000000    0.003861   -0.084267    0.103251
 78   42.272705   -0.000009    0.000025    0.002674   -0.025981    0.032253
 79   24.283981  -99.420868    3.245907    0.003194    0.346328   -1.652202
 80   42.375107    0.000015   -0.000004   -0.115301   -0.023787    0.330235
 81   42.546082   -0.000008    0.000015   -0.105780   -0.001832    0.348655
 82   42.234589   -0.000023   -0.000008    0.011441   -0.048794   -0.039914
 83   42.465088    0.000000   -0.000004    0.112870   -0.116971   -0.507956
 84   42.458099   -0.000015    0.000000    0.029787   -0.119591   -0.344965
 85   42.267944    0.000000   -0.000004   -0.006497   -0.065587   -0.181603
 86   42.506042    0.000000    0.000031   -0.030051   -0.099504   -0.299145
 87   42.233078    0.000031   -0.000023   -0.089855   -0.136623   -0.459475
 88   42.352341   -0.000031   -0.000008   -0.008325    0.009876   -0.026233
 89   42.391823   -0.000031   -0.000046    0.214595    0.197729    0.804059
 90   42.497711   -0.000046   -0.000009    0.011074    0.288621    0.739586
 91   42.272552    0.000008   -0.000023   -0.071861    0.081656    0.250932
time 30
  0    0.000000    0.000000    0.000000    0.000000   -0.000000    0.000000
  1    0.000000    0.000000    0.000000    0.000000   -0.000000    0.000000
  2   -0.140138  -49.828064  105.393150    3.091657   -1.188266   -1.523273
  3   50.309219   -0.435479    0.000008   -0.000017   -0.183233    0.014098
  4   30.891541   -0.000011    0.000000    0.000017   -0.052184   -0.014097
  5   34.635605    0.000007   -0.000008   -0.000000   -0.134617   -0.000001
  6   30.584290    0.000018   -0.000015   -0.000000   -0.238837    0.000001
  7   31.520187   -0.000000   -0.000008   -0.000000   -0.425892   -0.000001
  8   34.241165  -28.000032  -41.878006    0.942550    0.312275   -0.194813
  9   34.241089   23.441799  -41.878128   -0.942555    0.312277    0.194814
 10   35.246674  -52.543083    1.319138   -0.000000    0.000000   -0.340363
 11   35.246536   52.726315    1.318924   -0.000000    0.000000    0.340366
 12   34.830002  -24.891924   45.588593   -0.953225   -0.305516   -0.205765
 13   34.885742   27.636587   43.767838    0.944617   -0.305515    0.205769
 14   29.239304  -51.573360   94.292908    0.104240   -0.037478   -0.559984
 15   42.375061    0.000000   -0.000015   -0.056910   -0.179825    0.118095
 16   42.546051    0.000031    0.000000   -0.056657   -0.024674    0.094325
 17   42.234467    0.000042    0.000008    0.028599   -0.235585   -0.133462
 18   42.464966    0.000019   -0.000023    0.096343   -0.422896   -0.290980
 19   42.458069   -0.000061   -0.000015    0.000717   -0.198434   -0.111031
 20   42.268005    0.000015   -0.000015    0.005057   -0.224459   -0.144024
 21   42.505890   -0.000061   -0.000031    0.112173   -0.616241   -0.491956
 22   42.233109    0.000000   -0.000031   -0.002308   -0.290130   -0.216391
 23   42.352249   -0.000015    0.000000    0.052474    0.202102    0.177230
 24   42.391716    0.000000   -0.000061    0.114520    0.385096    0.328547
 25   42.497482    0.000046    0.000031    0.050848    0.270863    0.205031
 26   42.272736    0.000053   -0.000031    0.011736    0.129692    0.091252
 27   19.508865   51.276165   89.958405    1.751589   -0.109716    0.521487
 28   42.375061   -0.000008   -0.000011    0.014950   -0.010564    0.144562
 29   42.546082   -0.000023    0.000027    0.047399   -0.082318    0.014755
 30   42.234421    0.000099    0.000000   -0.002141    0.130325    0.156765
 31   42.465027   -0.000031   -0.000008    0.023416    0.360152    0.382202
 32   42.458099    0.000046   -0.000031    0.025634    0.170541    0.198478
 33   42.267883    0.000000    0.000015    0.027923    0.163213    0.170749
 34   42.506012    0.000076    0.000015    0.177319    0.476544    0.517657
 35   42.233093   -0.000061    0.000031    0.123968    0.363263    0.341894
 36   42.352203   -0.000076    0.000061   -0.020716   -0.138714   -0.095711
 37   42.391724    0.000031    0.000031    0.001658   -0.414437   -0.338710
 38   42.497620    0.000061    0.000031   -0.001594   -0.262862   -0.230819
 39   42.272736    0.000168   -0.000015   -0.001326   -0.139714   -0.127939
 40   23.425308   99.514862    3.263405   -0.001429    0.315009    2.040755
 41   42.375050    0.000000   -0.000008    0.150222    0.054297   -0.474392
 42   42.546082   -0.000015    0.000000    0.175482    0.035782   -0.533524
 43   42.234482   -0.000031   -0.000004    0.025612   -0.049431   -0.078758
 44   42.465073   -0.000023   -0.000019   -0.120186   -0.107932    0.463514
 45   42.458069   -0.000031   -0.000031   -0.056457   -0.150177    0.437795
 46   42.267853    0.000015   -0.000004    0.005545   -0.077253    0.192585
 47   42.505890    0.000031   -0.000008    0.028113   -0.094992    0.265569
 48   42.233154    0.000031   -0.000015    0.107291   -0.172301    0.545361
 49   42.352249    0.000031    0.000000    0.054155   -0.019003    0.153724
 50   42.391708    0.000031   -0.000001   -0.134700    0.079145   -0.385948
 51   42.497635    0.000031   -0.000008   -0.151211    0.210329   -0.659499
 52   42.272766    0.000015   -0.000017    0.004734    0.176480   -0.404345
 53   23.937668   49.685307  -85.485184    0.128022    1.273579    2.588551
 54   42.375092   -0.000031   -0.000015   -0.088136   -0.192594    0.008600
 55   42.546059    0.000031   -0.000015   -0.056046   -0.218682   -0.009697
 56   42.234535   -0.000008    0.000015   -0.019459   -0.218582   -0.022572
 57   42.464981    0.000069    0.000000   -0.012980   -0.046920   -0.005247
 58   42.458069    0.000031   -0.000015   -0.030111    0.082215   -0.007212
 59   42.268005   -0.000114   -0.000031   -0.011102   -0.035496    0.020276
 60   42.505814    0.000107   -0.000015    0.015441   -0.276960    0.150970
 61   42.233124   -0.000092    0.000015    0.014735   -0.033415    0.019199
 62   42.352203    0.000031   -0.000031   -0.079383    0.331888   -0.207447
 63   42.391693    0.000031   -0.000015   -0.026058    0.155536   -0.084589
 64   42.497498    0.000019   -0.000038   -0.011552    0.099574   -0.051370
 65   42.272705    0.000015   -0.000015   -0.004691    0.040557   -0.020405
 66   29.239304  -56.044861  -91.389008    0.845078    1.983102    0.157000
 67   42.375092    0.000008    0.000000    0.104774   -0.019978   -0.186519
 68   42.546089    0.000015    0.000000    0.061303   -0.044234   -0.197932
 69   42.234459    0.000031   -0.000015    0.029789   -0.048148   -0.167067
 70   42.464996   -0.000031   -0.000015    0.014150    0.004723   -0.027604
 71   42.458099    0.000046    0.000015    0.022024    0.010696    0.042470
 72   42.267944   -0.000061    0.000031   -0.000192    0.062505   -0.072400
 73   42.505966    0.000076    0.000015   -0.072830    0.212783   -0.253518
 74   42.233093    0.000015   -0.000015    0.002303   -0.050762    0.053918
 75   42.352173    0.000031    0.000000    0.009957   -0.250737    0.276937
 76   42.391846   -0.000015    0.000000    0.010853   -0.102047    0.119997
 77   42.497498    0.000046    0.000034    0.005184   -0.063965    0.077582
 78   42.272766    0.000023    0.000015    0.002936   -0.019448    0.023905
 79   24.785065 -100.165642    3.093708    0.001210    0.350655   -1.976883
 80   42.375092    0.000000   -0.000004   -0.168669    0.045815    0.476453
 81   42.546036    0.000008    0.000004   -0.181983    0.022826    0.516086
 82   42.234512    0.000023   -0.000008   -0.018335   -0.053473    0.054793
 83   42.465057   -0.000008   -0.000019    0.126319   -0.107066   -0.477166
 84   42.458099    0.000008   -0.000008    0.056671   -0.146451   -0.423845
 85   42.267960    0.000031   -0.000015   -0.003818   -0.076972   -0.191061
 86   42.505951   -0.000031    0.000023   -0.026462   -0.098913   -0.273232
 87   42.233032   -0.000061   -0.000023   -0.104141   -0.174287   -0.542559
 88   42.352242    0.000061    0.000000   -0.049427   -0.017531   -0.141081
 89   42.391731   -0.000092   -0.000014    0.139171    0.087317    0.403666
 90   42.497467    0.000000   -0.000015    0.142658    0.219117    0.654702
 91   42.272430    0.000000    0.000038   -0.011765    0.173511    0.392982
time 31
  0    0.000000    0.000000    0.000000    0.000000   -0.000000    0.000000
  1    0.000000    0.000000    0.000000    0.000000   -0.000000    0.000000
  2   -0.207160  -56.176804  104.845863    3.101813   -1.154007   -1.535404
  3   50.309212   -0.435479    0.000000   -0.000017   -0.232069    0.014098
  4   30.891541   -0.000011    0.000000    0.000017   -0.104048   -0.014097
  5   34.635590    0.000007    0.000000   -0.000000   -0.185903   -0.000001
  6   30.584274    0.000018   -0.000015   -0.000000   -0.284726    0.000001
  7   31.520187   -0.000000   -0.000015   -0.000000   -0.473149   -0.000001
  8   34.241196  -28.000025  -41.878021    0.954692    0.062237   -0.031822
  9   34.241135   23.441797  -41.878113   -0.954697    0.062238    0.031825
 10   35.246719  -52.543079    1.319122   -0.000000    0.000000   -0.046243
 11   35.246552   52.726295    1.318924   -0.000000   -0.000000    0.046246
 12   34.830032  -24.891920   45.588593   -0.962672   -0.055386   -0.043015
 13   34.885773   27.636583   43.767822    0.955408   -0.055385    0.043018
 14   29.239342  -51.573341   94.292969    0.077897    0.098880   -0.642588
 15   42.375061    0.000011   -0.000008   -0.041388   -0.279527    0.204478
 16   42.546082    0.000038    0.000023   -0.049123   -0.069637    0.093962
 17   42.234436    0.000034    0.000008    0.034677   -0.255269   -0.144410
 18   42.464996    0.000011    0.000023    0.094831   -0.425897   -0.283398
 19   42.458069   -0.000084   -0.000015    0.003390   -0.220389   -0.117782
 20   42.267899    0.000000    0.000000    0.016014   -0.331166   -0.198182
 21   42.505936   -0.000046    0.000000    0.097743   -0.674024   -0.503321
 22   42.233208   -0.000031   -0.000061   -0.005960   -0.092382   -0.060519
 23   42.352318    0.000031    0.000000    0.155575    0.420000    0.358281
 24   42.391739   -0.000061    0.000061    0.100620    0.403910    0.292036
 25   42.497498   -0.000008   -0.000015    0.027643    0.243167    0.154770
 26   42.272797    0.000038   -0.000031    0.000660    0.073795    0.045068
 27   20.574638   51.725933   90.205627    1.782097   -0.003099    0.606626
 28   42.375061    0.000000   -0.000008   -0.004272   -0.079307    0.238410
 29   42.546082   -0.000031    0.000011    0.038570   -0.076286    0.056803
 30   42.234467    0.000084    0.000008   -0.001400    0.163471    0.178901
 31   42.465027   -0.000061    0.000008    0.023659    0.347193    0.348920
 32   42.458069    0.000023    0.000015    0.024715    0.162782    0.180698
 33   42.267883    0.000031    0.000000    0.039113    0.211529    0.218938
 34   42.505951    0.000076    0.000000    0.282103    0.567513    0.657295
 35   42.233093   -0.000061    0.000061    0.063096    0.227268    0.193367
 36   42.352226   -0.000122    0.000031   -0.032712   -0.281102   -0.198711
 37   42.391716    0.000061    0.000061    0.008319   -0.432733   -0.367326
 38   42.497650    0.000000   -0.000015    0.006294   -0.262393   -0.240934
 39   42.272552    0.000153   -0.000015    0.001813   -0.107769   -0.101368
 40   24.062126  100.306976    3.096630    0.001211    0.334565    2.229406
 41   42.375057    0.000000    0.000008    0.167311    0.089913   -0.489586
 42   42.546097    0.000000    0.000004    0.239385    0.058830   -0.633656
 43   42.234482    0.000000    0.000000    0.065889   -0.060415   -0.177684
 44   42.465088   -0.000015   -0.000008   -0.116639   -0.100810    0.401599
 45   42.458099   -0.000015    0.000000   -0.080341   -0.163527    0.485649
 46   42.267883   -0.000015    0.000000    0.002084   -0.086864    0.195885
 47   42.505920    0.000000    0.000008    0.024537   -0.099466    0.249760
 48   42.233093    0.000000   -0.000008    0.117024   -0.208432    0.599308
 49   42.352226    0.000092    0.000011    0.085224   -0.034842    0.220467
 50   42.391674    0.000092    0.000001   -0.133034    0.058231   -0.335806
 51   42.497604    0.000061   -0.000011   -0.200263    0.196257   -0.704765
 52   42.272705   -0.000015   -0.000007   -0.018459    0.195501   -0.436828
 53   24.518364   49.797215  -86.131821    0.229281    1.158257    2.766775
 54   42.375069    0.000000    0.000015   -0.074187   -0.149169   -0.009473
 55   42.546059    0.000046    0.000038   -0.051337   -0.173855   -0.023942
 56   42.234528   -0.000031   -0.000015   -0.019567   -0.235174   -0.042004
 57   42.465019    0.000046    0.000000   -0.008804   -0.086695   -0.023944
 58   42.458076    0.000023    0.000000   -0.033476    0.092210   -0.009898
 59   42.267929   -0.000092    0.000000   -0.020147    0.050775   -0.016570
 60   42.505844    0.000092    0.000000    0.015090   -0.172921    0.084163
 61   42.233124   -0.000053   -0.000031    0.024240   -0.116023    0.059306
 62   42.352310   -0.000015   -0.000015   -0.066420    0.295759   -0.167043
 63   42.391815    0.000046   -0.000015   -0.022482    0.128970   -0.063996
 64   42.497559    0.000053    0.000000   -0.009978    0.076117   -0.035892
 65   42.272736    0.000011    0.000011   -0.004625    0.032084   -0.014766
 66   29.239342  -56.044846  -91.388962    0.845175    2.099247    0.121184
 67   42.375065    0.000015    0.000000    0.094570   -0.023085   -0.138821
 68   42.546082    0.000000    0.000015    0.058288   -0.041360   -0.157957
 69   42.234459    0.000015   -0.000015    0.033603   -0.062286   -0.197142
 70   42.464981   -0.000061    0.000000    0.015172   -0.024483   -0.064185
 71   42.458069    0.000000   -0.000008    0.025207    0.002268    0.067086
 72   42.267868   -0.000061    0.000008    0.011770    0.003369    0.003230
 73   42.505905    0.000046   -0.000008   -0.040336    0.143005   -0.168533
 74   42.233047   -0.000015    0.000015   -0.016058    0.033567   -0.036902
 75   42.352203    0.000046    0.000000    0.013350   -0.225087    0.246952
 76   42.391724   -0.000031    0.000008    0.011501   -0.082947    0.096629
 77   42.497559    0.000015    0.000027    0.005833   -0.050613    0.060701
 78   42.272736   -0.000019    0.000042    0.003115   -0.016178    0.019667
 79   25.272942 -100.890816    2.945541   -0.001008    0.372732   -2.187693
 80   42.375084    0.000000   -0.000004   -0.189823    0.087983    0.494085
 81   42.546051   -0.000015    0.000008   -0.255082    0.046379    0.623007
 82   42.234467   -0.000023   -0.000015   -0.061290   -0.066700    0.158856
 83   42.465088   -0.000038   -0.000008    0.123179   -0.098085   -0.412661
 84   42.458038   -0.000015   -0.000023    0.083116   -0.159720   -0.476924
 85   42.267944   -0.000046   -0.000004    0.000364   -0.086562   -0.194465
 86   42.505997   -0.000031    0.000008   -0.021629   -0.102131   -0.253502
 87   42.233032   -0.000061   -0.000023   -0.111216   -0.212974   -0.600073
 88   42.352356    0.000031   -0.000011   -0.080816   -0.035321   -0.210960
 89   42.391731    0.000000   -0.000012    0.136713    0.065508    0.348437
 90   42.497482    0.000000   -0.000027    0.193548    0.208824    0.705829
 91   42.272552   -0.000046   -0.000007    0.009395    0.195583    0.429721
time 32
  0    0.000000    0.000000    0.000000    0.000000   -0.000000    0.000000
  1    0.000000    0.000000    0.000000    0.000000   -0.000000    0.000000
  2   -0.263313  -61.496025  103.461151    3.111969   -1.119748   -1.547535
  3   50.309219   -0.435479    0.000000   -0.000017   -0.279689    0.014098
  4   30.891541   -0.000011    0.000000    0.000017   -0.155911   -0.014097
  5   34.635605    0.000007    0.000015   -0.000000   -0.237188   -0.000001
  6   30.584290    0.000018   -0.000008   -0.000000   -0.330241    0.000001
  7   31.520187   -0.000000    0.000000   -0.000000   -0.514516   -0.000001
  8   34.241203  -28.000034  -41.878021    0.966834   -0.187801    0.131168
  9   34.241119   23.441801  -41.878082   -0.966839   -0.187801   -0.131164
 10   35.246712  -52.543087    1.319153   -0.000000    0.000000    0.247878
 11   35.246529   52.726315    1.318939   -0.000000    0.000000   -0.247875
 12   34.830025  -24.891928   45.588608   -0.970506    0.194745    0.119734
 13   34.885811   27.636587   43.767822    0.966199    0.194744   -0.119732
 14   29.239304  -51.573345   94.292931    0.018644    0.234683   -0.716631
 15   42.375084    0.000004    0.000000   -0.008212   -0.395628    0.266636
 16   42.546097    0.000027    0.000000   -0.043439   -0.094515    0.093109
 17   42.234467    0.000034   -0.000008    0.031102   -0.241522   -0.125701
 18   42.464966    0.000019    0.000015    0.114231   -0.477447   -0.303702
 19   42.458069   -0.000069    0.000000    0.009770   -0.291182   -0.143237
 20   42.267944    0.000061    0.000031    0.025750   -0.486956   -0.277618
 21   42.505928   -0.000046    0.000000    0.004847   -0.538575   -0.351165
 22   42.233154   -0.000046    0.000000    0.039111    0.114114    0.090658
 23   42.352291    0.000046    0.000031    0.255402    0.594075    0.489977
 24   42.391754   -0.000015    0.000000    0.049276    0.338944    0.199311
 25   42.497559    0.000023   -0.000031    0.006301    0.180099    0.098904
 26   42.272766    0.000038   -0.000038   -0.002637    0.047632    0.026017
 27   21.605881   52.161140   90.444763    1.830927    0.101601    0.683073
 28   42.375092    0.000008    0.000015   -0.034299   -0.136055    0.344704
 29   42.546127    0.000019    0.000031    0.031958   -0.056188    0.078779
 30   42.234497    0.000061   -0.000008   -0.000926    0.165183    0.172168
 31   42.465057   -0.000008    0.000023    0.020950    0.339148    0.331270
 32   42.458099    0.000023    0.000000    0.026601    0.175787    0.192151
 33   42.267914   -0.000015    0.000061    0.062288    0.274861    0.286505
 34   42.505997    0.000046    0.000061    0.332443    0.592951    0.690238
 35   42.233086   -0.000031    0.000092    0.025582    0.119471    0.095676
 36   42.352219   -0.000107    0.000031   -0.033532   -0.397734   -0.285325
 37   42.391708    0.000061    0.000031    0.015629   -0.432020   -0.380353
 38   42.497589    0.000015    0.000046    0.011342   -0.241645   -0.227996
 39   42.272614    0.000145    0.000038    0.003731   -0.085051   -0.080894
 40   24.678268  101.073357    2.935280    0.004287    0.340296    2.357396
 41   42.375053   -0.000031    0.000008    0.161917    0.113829   -0.457056
 42   42.546097   -0.000015   -0.000004    0.290312    0.097693   -0.699412
 43   42.234467    0.000008   -0.000011    0.118823   -0.067714   -0.283137
 44   42.465042    0.000008   -0.000015   -0.108371   -0.096248    0.334074
 45   42.458038   -0.000008    0.000004   -0.106961   -0.172286    0.531225
 46   42.267914    0.000015    0.000004   -0.002068   -0.097454    0.200810
 47   42.505920   -0.000031    0.000015    0.021026   -0.104677    0.236724
 48   42.233124    0.000000   -0.000008    0.120475   -0.237656    0.621683
 49   42.352226    0.000000    0.000027    0.120626   -0.054942    0.289093
 50   42.391666    0.000061    0.000006   -0.123766    0.041775   -0.278953
 51   42.497627   -0.000031    0.000011   -0.248542    0.178292   -0.744159
 52   42.272736   -0.000015   -0.000008   -0.041708    0.208902   -0.453227
 53   25.080231   49.905483  -86.757515    0.245268    1.053276    2.848601
 54   42.375080   -0.000015    0.000008   -0.063450   -0.112338   -0.020884
 55   42.546066    0.000061    0.000015   -0.046139   -0.133098   -0.033839
 56   42.234558   -0.000038    0.000000   -0.020838   -0.212541   -0.059351
 57   42.465012    0.000015   -0.000015   -0.003732   -0.130737   -0.046822
 58   42.458092    0.000046    0.000000   -0.032220    0.070468   -0.008762
 59   42.267975   -0.000084   -0.000031   -0.026896    0.093996   -0.022481
 60   42.505905    0.000092    0.000000    0.008903   -0.074462    0.032670
 61   42.233170   -0.000061   -0.000046    0.028039   -0.155240    0.070548
 62   42.352325   -0.000023   -0.000015   -0.052609    0.250012   -0.126383
 63   42.391754    0.000023    0.000000   -0.020943    0.113469   -0.051162
 64   42.497650    0.000015   -0.000008   -0.009019    0.060289   -0.025800
 65   42.272736    0.000038    0.000000   -0.004587    0.026752   -0.011177
 66   29.239349  -56.044884  -91.389046    0.851581    2.195311    0.104917
 67   42.375103    0.000008    0.000031    0.087034   -0.024709   -0.102946
 68   42.546116    0.000023    0.000015    0.054164   -0.040005   -0.120475
 69   42.234459    0.000069   -0.000015    0.035601   -0.069586   -0.189158
 70   42.465027   -0.000046    0.000000    0.016746   -0.049599   -0.110722
 71   42.458122    0.000031    0.000008    0.025105   -0.000945    0.055395
 72   42.267868   -0.000046    0.000023    0.016460   -0.016022    0.044310
 73   42.505981    0.000107    0.000031   -0.016148    0.069821   -0.080862
 74   42.233154    0.000000   -0.000031   -0.030452    0.084794   -0.095696
 75   42.352112    0.000015    0.000046    0.015974   -0.194412    0.211724
 76   42.391815    0.000000    0.000008    0.011940   -0.072799    0.083899
 77   42.497589    0.000015    0.000008    0.006030   -0.040555    0.048082
 78   42.272705    0.000015   -0.000023    0.003411   -0.016605    0.019954
 79   25.744980 -101.592453    2.802166   -0.003507    0.376939   -2.335369
 80   42.375095   -0.000031   -0.000015   -0.181691    0.116437    0.456376
 81   42.546066    0.000015   -0.000019   -0.313214    0.090064    0.691699
 82   42.234512    0.000000   -0.000011   -0.121611   -0.076276    0.276034
 83   42.465057   -0.000008   -0.000008    0.113247   -0.092402   -0.337771
 84   42.458069   -0.000031    0.000000    0.113341   -0.167271   -0.529865
 85   42.267929    0.000000   -0.000011    0.005339   -0.097387   -0.200185
 86   42.505951   -0.000031    0.000023   -0.017034   -0.105799   -0.236593
 87   42.233124   -0.000031   -0.000015   -0.110808   -0.242849   -0.621349
 88   42.352303    0.000031   -0.000008   -0.117771   -0.059261   -0.286927
 89   42.391796    0.000031   -0.000016    0.123883    0.047309    0.281129
 90   42.497581   -0.000061    0.000008    0.244863    0.192122    0.750200
 91   42.272522   -0.000031    0.000050    0.032827    0.213170    0.453508
time 33
  0    0.000000    0.000000    0.000000    0.000000   -0.000000    0.000000
  1    0.000000    0.000000    0.000000    0.000000   -0.000000    0.000000
  2   -0.286862  -63.726662   98.847855    3.122124   -1.085488   -1.559665
  3   50.309196   -0.435479    0.000011   -0.000017   -0.315804    0.014098
  4   30.891541   -0.000011    0.000004    0.000017   -0.195806   -0.014097
  5   34.635590    0.000007   -0.000008   -0.000000   -0.276639   -0.000001
  6   30.584305    0.000018    0.000000   -0.000000   -0.369168    0.000001
  7   31.520203   -0.000000    0.000015   -0.000000   -0.543844   -0.000001
  8   34.241180  -28.000031  -41.877991    0.976174   -0.380138    0.256545
  9   34.241119   23.441799  -41.878113   -0.976179   -0.380139   -0.256541
 10   35.246689  -52.543083    1.319122   -0.000000   -0.000000    0.474124
 11   35.246544   52.726315    1.318909   -0.000000   -0.000000   -0.474121
 12   34.830017  -24.891926   45.588608   -0.975849    0.387153    0.244926
 13   34.885765   27.636589   43.767822    0.974500    0.387152   -0.244925
 14   29.239311  -51.573341   94.292984   -0.063619    0.350743   -0.740027
 15   42.375099   -0.000011    0.000015    0.060803   -0.493576    0.245223
 16   42.546082    0.000023   -0.000015   -0.039333   -0.109780    0.099291
 17   42.234528    0.000015   -0.000008    0.018608   -0.196100   -0.081574
 18   42.464996    0.000004   -0.000031    0.148982   -0.549473   -0.337388
 19   42.458145   -0.000069   -0.000046    0.021463   -0.410349   -0.184973
 20   42.267929    0.000015    0.000000    0.005481   -0.536143   -0.284617
 21   42.505890    0.000000    0.000031   -0.035956   -0.392483   -0.234885
 22   42.233170    0.000000    0.000061    0.105948    0.283324    0.209544
 23   42.352295    0.000031    0.000000    0.250408    0.643815    0.466526
 24   42.391724   -0.000076    0.000000    0.021307    0.288554    0.144213
 25   42.497437    0.000011   -0.000046   -0.002466    0.146895    0.071637
 26   42.272766    0.000047   -0.000063   -0.003892    0.039446    0.019474
 27   22.596672   52.579277   90.674515    1.905237    0.196258    0.705515
 28   42.375076    0.000000   -0.000004   -0.070369   -0.120933    0.426829
 29   42.546097    0.000015    0.000027    0.029431   -0.045583    0.086412
 30   42.234467    0.000092    0.000015   -0.000530    0.137578    0.145677
 31   42.465027   -0.000008    0.000015    0.015609    0.339566    0.322844
 32   42.458038    0.000046    0.000000    0.029676    0.203035    0.221011
 33   42.267853   -0.000015    0.000000    0.080469    0.311410    0.326683
 34   42.506058    0.000015    0.000000    0.345552    0.593675    0.678453
 35   42.233063   -0.000031    0.000031    0.013593    0.078035    0.060936
 36   42.352226   -0.000122    0.000000   -0.032038   -0.464322   -0.334260
 37   42.391724    0.000061   -0.000031    0.022056   -0.434365   -0.391225
 38   42.497589    0.000061    0.000015    0.014194   -0.224070   -0.214068
 39   42.272644    0.000145   -0.000031    0.005145   -0.076678   -0.073130
 40   25.270302  101.809776    2.780243    0.007889    0.345327    2.408837
 41   42.375076    0.000000    0.000000    0.156941    0.127133   -0.431135
 42   42.546097    0.000015    0.000019    0.321278    0.128904   -0.722838
 43   42.234436    0.000004    0.000008    0.156931   -0.070295   -0.339246
 44   42.465073    0.000008   -0.000008   -0.106742   -0.097471    0.299813
 45   42.458099    0.000000   -0.000004   -0.125257   -0.179323    0.549314
 46   42.267883    0.000000   -0.000004   -0.005172   -0.106497    0.202878
 47   42.505859    0.000015   -0.000015    0.019720   -0.114190    0.235898
 48   42.233093    0.000031   -0.000015    0.129480   -0.266289    0.643385
 49   42.352226   -0.000031   -0.000015    0.144196   -0.064484    0.315989
 50   42.391666   -0.000092   -0.000017   -0.129123    0.033347   -0.264491
 51   42.497574    0.000000   -0.000031   -0.285246    0.169493   -0.768506
 52   42.272736   -0.000046   -0.000011   -0.054475    0.213442   -0.442376
 53   25.620049   50.009491  -87.358688    0.226903    0.972840    2.880608
 54   42.375092   -0.000015   -0.000015   -0.055738   -0.084664   -0.028975
 55   42.546082    0.000038    0.000015   -0.041366   -0.103190   -0.042084
 56   42.234543   -0.000023   -0.000015   -0.020987   -0.169144   -0.073655
 57   42.465019    0.000038    0.000000   -0.001432   -0.148833   -0.073425
 58   42.458054    0.000031   -0.000015   -0.028213    0.042647   -0.005040
 59   42.267944   -0.000084   -0.000015   -0.025816    0.088229   -0.007797
 60   42.505875    0.000099    0.000000    0.006166   -0.043241    0.017134
 61   42.233200   -0.000084   -0.000031    0.030363   -0.159315    0.065105
 62   42.352173    0.000008   -0.000015   -0.049541    0.233412   -0.107130
 63   42.391754    0.000042    0.000015   -0.021198    0.109224   -0.044524
 64   42.497528    0.000004    0.000000   -0.008935    0.054704   -0.021049
 65   42.272766    0.000025    0.000000   -0.004646    0.024579   -0.009213
 66   29.239326  -56.044861  -91.389023    0.855694    2.265338    0.100289
 67   42.375084   -0.000023    0.000000    0.081488   -0.028271   -0.078897
 68   42.546101    0.000000    0.000015    0.050385   -0.043161   -0.095608
 69   42.234455    0.000023   -0.000015    0.034523   -0.077738   -0.156158
 70   42.464989   -0.000053   -0.000015    0.020503   -0.075021   -0.137223
 71   42.458069    0.000046    0.000008    0.022154    0.004100    0.029504
 72   42.267899   -0.000076    0.000000    0.015653   -0.002238    0.043993
 73   42.505966    0.000046   -0.000008   -0.009570    0.042812   -0.048857
 74   42.233170    0.000015    0.000000   -0.035388    0.098536   -0.111018
 75   42.352142   -0.000015    0.000015    0.018062   -0.181503    0.195117
 76   42.391815    0.000015    0.000000    0.012639   -0.071380    0.081271
 77   42.497559    0.000053    0.000023    0.006216   -0.036896    0.043264
 78   42.272614   -0.000015   -0.000011    0.003530   -0.015682    0.018639
 79   26.198540 -102.266617    2.664429   -0.006339    0.379625   -2.404686
 80   42.375069    0.000000   -0.000008   -0.171711    0.130240    0.421195
 81   42.546036    0.000000    0.000000   -0.346099    0.127085    0.713487
 82   42.234512   -0.000004   -0.000023   -0.170581   -0.078357    0.349229
 83   42.465057   -0.000023   -0.000011    0.108103   -0.092846   -0.292315
 84   42.458008    0.000008   -0.000023    0.135698   -0.172144   -0.555972
 85   42.267883   -0.000015    0.000000    0.009393   -0.107193   -0.204024
 86   42.505997    0.000000    0.000015   -0.014652   -0.113882   -0.232608
 87   42.233078    0.000000    0.000000   -0.114891   -0.270165   -0.636805
 88   42.352379    0.000000   -0.000008   -0.144721   -0.074411   -0.325324
 89   42.391731   -0.000031    0.000025    0.122937    0.037669    0.252898
 90   42.497509    0.000031    0.000015    0.284649    0.181680    0.778306
 91   42.272522    0.000000    0.000000    0.047563    0.220078    0.447985
time 34
  0    0.000000    0.000000    0.000000    0.000000   -0.000000    0.000000
  1    0.000000    0.000000    0.000000    0.000000   -0.000000    0.000000
  2   -0.281845  -62.612103   91.346817    3.127388   -1.124435   -1.564387
  3   50.309219   -0.435479    0.000004   -0.000017   -0.330129    0.014098
  4   30.891541   -0.000011   -0.000004    0.000017   -0.211764   -0.014097
  5   34.635590    0.000007    0.000000   -0.000000   -0.292419   -0.000001
  6   30.584274    0.000018   -0.000015   -0.000000   -0.395292    0.000001
  7   31.520187   -0.000000    0.000015   -0.000000   -0.554987   -0.000001
  8   34.241180  -28.000023  -41.878021    0.979910   -0.457073    0.306696
  9   34.241112   23.441801  -41.878082   -0.979915   -0.457074   -0.306691
 10   35.246689  -52.543079    1.319122   -0.000000    0.000000    0.564623
 11   35.246536   52.726307    1.318909   -0.000000    0.000000   -0.564620
 12   34.830017  -24.891920   45.588593   -0.977825    0.464116    0.295003
 13   34.885765   27.636583   43.767822    0.977821    0.464114   -0.295002
 14   29.239319  -51.573349   94.292953   -0.055549    0.326851   -0.762613
 15   42.375061    0.000008    0.000000    0.054359   -0.523808    0.264041
 16   42.546066    0.000053   -0.000046   -0.040793   -0.105011    0.091738
 17   42.234497    0.000011   -0.000015    0.008447   -0.170468   -0.070494
 18   42.464966    0.000004   -0.000031    0.174537   -0.604122   -0.401269
 19   42.458099   -0.000084   -0.000015    0.031366   -0.501217   -0.254501
 20   42.267990    0.000046    0.000000   -0.007857   -0.507281   -0.303267
 21   42.505882   -0.000046   -0.000031   -0.032403   -0.241996   -0.159555
 22   42.233162    0.000031   -0.000061    0.181273    0.435583    0.353284
 23   42.352287    0.000061    0.000000    0.189385    0.597231    0.416137
 24   42.391785   -0.000008    0.000031    0.007851    0.230753    0.122064
 25   42.497437    0.000036    0.000015   -0.004411    0.118409    0.062654
 26   42.272797    0.000078    0.000000   -0.003808    0.032426    0.017412
 27   23.541382   52.977982   90.893646    1.854628    0.170845    0.738307
 28   42.375061    0.000000    0.000000   -0.077198   -0.164951    0.457115
 29   42.546112   -0.000023    0.000004    0.029945   -0.040349    0.080304
 30   42.234528    0.000061    0.000008    0.005032    0.121494    0.133416
 31   42.465027   -0.000038    0.000015    0.022094    0.335365    0.324428
 32   42.458099    0.000031   -0.000008    0.037546    0.226634    0.249362
 33   42.267944    0.000000    0.000015    0.109841    0.360449    0.386637
 34   42.506012    0.000061    0.000000    0.313055    0.569867    0.629070
 35   42.233078   -0.000015    0.000031   -0.005432    0.014670    0.015896
 36   42.352219   -0.000122    0.000000    0.000282   -0.536211   -0.420525
 37   42.391724    0.000092    0.000000    0.029787   -0.400303   -0.376127
 38   42.497589    0.000046    0.000000    0.014520   -0.197579   -0.191640
 39   42.272583    0.000160    0.000027    0.005039   -0.065262   -0.062797
 40   25.834793  102.511856    2.632431    0.008045    0.388583    2.389928
 41   42.375065    0.000000    0.000015    0.184415    0.122740   -0.445673
 42   42.546089    0.000015    0.000008    0.349652    0.102415   -0.742301
 43   42.234451    0.000000    0.000015    0.142158   -0.091150   -0.315917
 44   42.465042   -0.000023   -0.000015   -0.105737   -0.088052    0.321932
 45   42.458069   -0.000015   -0.000004   -0.114687   -0.158600    0.543111
 46   42.267944    0.000015    0.000004   -0.006341   -0.097787    0.206029
 47   42.505951    0.000000    0.000000    0.018052   -0.114102    0.260130
 48   42.233093    0.000000   -0.000023    0.128072   -0.259104    0.698393
 49   42.352211   -0.000031   -0.000008    0.118371   -0.044891    0.278160
 50   42.391727   -0.000031   -0.000005   -0.139873    0.031902   -0.316578
 51   42.497635    0.000031   -0.000023   -0.258040    0.163774   -0.774062
 52   42.272705    0.000015    0.000008   -0.041274    0.185851   -0.420395
 53   26.134811   50.108688  -87.931870    0.229055    0.972882    2.858620
 54   42.375084    0.000008   -0.000015   -0.043803   -0.040992   -0.049802
 55   42.546082    0.000038    0.000023   -0.032372   -0.049642   -0.066172
 56   42.234535   -0.000031    0.000008   -0.018480   -0.079088   -0.123548
 57   42.464996    0.000038    0.000031   -0.012936   -0.073254   -0.105136
 58   42.458054    0.000038    0.000015   -0.019594    0.011222    0.036339
 59   42.267960   -0.000069    0.000000   -0.012004   -0.010437    0.019751
 60   42.505859    0.000092    0.000015    0.021653   -0.349984    0.154405
 61   42.233170   -0.000061    0.000046    0.047212   -0.290039    0.143836
 62   42.352295    0.000015    0.000031   -0.120069    0.378598   -0.227805
 63   42.391663    0.000038    0.000015   -0.052449    0.245349   -0.118192
 64   42.497467    0.000038    0.000023   -0.017262    0.126702   -0.054228
 65   42.272736    0.000013    0.000004   -0.006851    0.059726   -0.024473
 66   29.239334  -56.044857  -91.389008    0.889086    2.256199    0.124030
 67   42.375099    0.000008   -0.000015    0.070139   -0.062641   -0.043941
 68   42.546101   -0.000008   -0.000015    0.039234   -0.085340   -0.051559
 69   42.234451    0.000046   -0.000031    0.025791   -0.165239   -0.079907
 70   42.464996   -0.000015    0.000000    0.024860   -0.125334   -0.074495
 71   42.458054    0.000038    0.000008    0.013255    0.070375   -0.008909
 72   42.267914   -0.000061    0.000023    0.005565    0.050672   -0.037980
 73   42.505966    0.000076    0.000015   -0.086616    0.249332   -0.304690
 74   42.233124   -0.000015   -0.000015   -0.083198    0.199949   -0.218415
 75   42.352112   -0.000015   -0.000015    0.022950   -0.321403    0.320620
 76   42.391785    0.000031    0.000000    0.015512   -0.174756    0.195593
 77   42.497559    0.000023    0.000038    0.006833   -0.087754    0.103639
 78   42.272644   -0.000019    0.000019    0.003780   -0.039769    0.047897
 79   26.631027 -102.909370    2.533092   -0.006597    0.416868   -2.392867
 80   42.375061    0.000000   -0.000004   -0.195315    0.125301    0.432587
 81   42.546043    0.000000    0.000004   -0.371189    0.102997    0.734270
 82   42.234528    0.000000    0.000008   -0.157133   -0.098320    0.332167
 83   42.465073   -0.000015    0.000008    0.105783   -0.083533   -0.310564
 84   42.458099    0.000015   -0.000015    0.124840   -0.151972   -0.552264
 85   42.267792   -0.000015   -0.000031    0.010281   -0.098502   -0.207493
 86   42.505981   -0.000015   -0.000008   -0.012947   -0.113032   -0.254962
 87   42.233032    0.000000   -0.000038   -0.113660   -0.263062   -0.691468
 88   42.352303    0.000000    0.000008   -0.121519   -0.054199   -0.292211
 89   42.391720   -0.000031   -0.000017    0.132740    0.036145    0.301072
 90   42.497566    0.000061   -0.000034    0.259047    0.173484    0.787145
 91   42.272491   -0.000046    0.000019    0.035735    0.191844    0.427675
time 35
  0    0.000000    0.000000    0.000000    0.000000   -0.000000    0.000000
  1    0.000000    0.000000    0.000000    0.000000   -0.000000    0.000000
  2   -0.267974  -59.530666   83.004982    3.133361   -1.163162   -1.569745
  3   50.309189   -0.435479    0.000000   -0.000017   -0.327096    0.014098
  4   30.891541   -0.000010    0.000008    0.000017   -0.211030   -0.014097
  5   34.635605    0.000007    0.000008   -0.000000   -0.291025   -0.000001
  6   30.584274    0.000018    0.000015   -0.000000   -0.411641    0.000001
  7   31.520187   -0.000000    0.000000   -0.000000   -0.554597   -0.000001
  8   34.241219  -28.000032  -41.878021    0.979910   -0.457073    0.306696
  9   34.241142   23.441801  -41.878113   -0.979915   -0.457074   -0.306691
 10   35.246719  -52.543095    1.319153   -0.000000    0.000000    0.564623
 11   35.246567   52.726315    1.318924   -0.000000   -0.000000   -0.564620
 12   34.830025  -24.891930   45.588593   -0.977825    0.464116    0.295003
 13   34.885788   27.636587   43.767822    0.977821    0.464114   -0.295002
 14   29.239304  -51.573330   94.292969   -0.021336    0.271937   -0.756613
 15   42.375046    0.000004    0.000000    0.032576   -0.510770    0.266595
 16   42.546082    0.000034    0.000004   -0.042861   -0.098508    0.086808
 17   42.234451    0.000015    0.000015    0.001221   -0.152630   -0.064190
 18   42.464996    0.000023    0.000031    0.181251   -0.612512   -0.437474
 19   42.458115   -0.000076   -0.000031    0.044502   -0.540971   -0.308079
 20   42.267899    0.000000   -0.000031   -0.010268   -0.465715   -0.302530
 21   42.505898   -0.000015    0.000000   -0.026587   -0.201161   -0.142553
 22   42.233147    0.000000   -0.000031    0.215680    0.492466    0.430793
 23   42.352295   -0.000015   -0.000031    0.161874    0.560807    0.400268
 24   42.391754   -0.000031   -0.000038    0.004348    0.203236    0.115826
 25   42.497498    0.000019   -0.000038   -0.004328    0.105116    0.060242
 26   42.272736    0.000071   -0.000042   -0.003960    0.037824    0.021984
 27   24.434174   53.354736   91.100662    1.805061    0.131824    0.732161
 28   42.375076    0.000000   -0.000008   -0.075656   -0.174567    0.456894
 29   42.546112    0.000004    0.000004    0.030839   -0.040467    0.076471
 30   42.234467    0.000061   -0.000008    0.009985    0.108320    0.122916
 31   42.464996   -0.000023   -0.000008    0.027605    0.332798    0.320272
 32   42.458069    0.000038   -0.000015    0.043723    0.249211    0.271527
 33   42.267883   -0.000046    0.000031    0.125288    0.386589    0.422967
 34   42.506020    0.000031    0.000031    0.280984    0.546578    0.594902
 35   42.233032   -0.000031    0.000000   -0.014916   -0.027861   -0.014045
 36   42.352219   -0.000107    0.000000    0.035266   -0.579471   -0.491563
 37   42.391754    0.000000    0.000046    0.032704   -0.367836   -0.355609
 38   42.497589    0.000046   -0.000008    0.013758   -0.176885   -0.173360
 39   42.272675    0.000156   -0.000008    0.004863   -0.059038   -0.057258
 40   26.368202  103.175385    2.492714    0.007946    0.429283    2.338469
 41   42.375057    0.000000   -0.000008    0.219610    0.115482   -0.478541
 42   42.546097    0.000015   -0.000004    0.363355    0.061959   -0.748688
 43   42.234467   -0.000008    0.000000    0.107984   -0.104078   -0.255100
 44   42.465088   -0.000008   -0.000008   -0.109196   -0.079953    0.368747
 45   42.458099   -0.000008   -0.000011   -0.097428   -0.141171    0.518107
 46   42.267944   -0.000015    0.000000   -0.005957   -0.088719    0.208396
 47   42.505890    0.000000    0.000015    0.019168   -0.120784    0.307383
 48   42.233154    0.000031    0.000000    0.133015   -0.241497    0.740801
 49   42.352264    0.000000    0.000021    0.080574   -0.022123    0.202608
 50   42.391701    0.000000    0.000016   -0.160468    0.034054   -0.408042
 51   42.497597    0.000000    0.000004   -0.217678    0.165299   -0.753892
 52   42.272705    0.000015   -0.000004   -0.025150    0.156268   -0.384919
 53   26.621185   50.202415  -88.473579    0.225175    0.973716    2.828605
 54   42.375084   -0.000015   -0.000015   -0.031564    0.007555   -0.077901
 55   42.546082    0.000023   -0.000008   -0.021580    0.013099   -0.101704
 56   42.234528   -0.000038   -0.000015   -0.015066    0.049401   -0.198496
 57   42.465012    0.000042    0.000000   -0.017901   -0.002004   -0.116373
 58   42.458084    0.000042   -0.000008   -0.018497   -0.079678    0.089683
 59   42.268005   -0.000107    0.000015   -0.010181   -0.152886    0.077644
 60   42.505920    0.000107    0.000000   -0.015719   -0.610576    0.322693
 61   42.233147   -0.000046   -0.000031    0.047559   -0.279778    0.162306
 62   42.352264    0.000015    0.000000   -0.076887    0.246308   -0.166533
 63   42.391693    0.000031    0.000000   -0.136236    0.424899   -0.266218
 64   42.497589    0.000031   -0.000031   -0.039358    0.237542   -0.116678
 65   42.272766    0.000010    0.000019   -0.014085    0.142305   -0.064504
 66   29.239319  -56.044861  -91.389061    0.926136    2.245833    0.153381
 67   42.375099   -0.000004    0.000000    0.055074   -0.104134   -0.004184
 68   42.546104    0.000015    0.000015    0.020617   -0.140369    0.002191
 69   42.234459    0.000038    0.000008   -0.005793   -0.277938    0.032645
 70   42.464981   -0.000015    0.000023    0.018132   -0.138530   -0.018519
 71   42.458084    0.000031    0.000031    0.007647    0.144490   -0.087379
 72   42.267914   -0.000069    0.000031   -0.006683    0.133247   -0.149812
 73   42.505981    0.000061    0.000046   -0.197592    0.410744   -0.550060
 74   42.233078   -0.000015    0.000046   -0.094256    0.223104   -0.233869
 75   42.352150    0.000031    0.000000    0.033142   -0.219667    0.200476
 76   42.391769    0.000061    0.000000    0.009189   -0.344718    0.365891
 77   42.497559    0.000076    0.000023    0.004395   -0.171765    0.201746
 78   42.272766   -0.000034    0.000027    0.001040   -0.099375    0.120669
 79   27.039665 -103.516823    2.408978   -0.006644    0.452119   -2.348978
 80   42.375076   -0.000031    0.000004   -0.227160    0.118002    0.462825
 81   42.546043   -0.000031    0.000004   -0.382793    0.064555    0.744799
 82   42.234528    0.000008   -0.000015   -0.122399   -0.111134    0.275800
 83   42.465088   -0.000015   -0.000015    0.108887   -0.075171   -0.355106
 84   42.458069   -0.000031   -0.000004    0.106941   -0.135946   -0.529527
 85   42.267883    0.000015    0.000015    0.009472   -0.089219   -0.209500
 86   42.505890   -0.000031    0.000023   -0.013642   -0.118165   -0.297669
 87   42.233078   -0.000031   -0.000015   -0.119498   -0.247875   -0.739668
 88   42.352325    0.000000    0.000008   -0.085496   -0.028838   -0.218663
 89   42.391747   -0.000031    0.000009    0.153152    0.038516    0.389525
 90   42.497597    0.000031    0.000019    0.219904    0.173032    0.770580
 91   42.272583    0.000015    0.000021    0.020695    0.161218    0.392829
time 36
  0    0.000000    0.000000    0.000000    0.000000   -0.000000    0.000000
  1    0.000000    0.000000    0.000000    0.000000   -0.000000    0.000000
  2   -0.247020  -54.875740   73.990524   -0.001905   -1.939811    1.566171
  3   50.309212   -0.435479    0.000008   -0.000017   -0.318779    0.014098
  4   30.891541   -0.000011   -0.000008    0.000017   -0.209019   -0.014097
  5   34.635605    0.000007   -0.000011   -0.000000   -0.287205   -0.000001
  6   30.584274    0.000018    0.000000   -0.000000   -0.425512    0.000001
  7   31.520187   -0.000000    0.000000   -0.000000   -0.553530   -0.000001
  8   34.241203  -28.000034  -41.878052    0.979910   -0.457073    0.306696
  9   34.241158   23.441801  -41.878113   -0.979915   -0.457074   -0.306691
 10   35.246712  -52.543091    1.319122   -0.000000   -0.000000    0.564623
 11   35.246559   52.726311    1.318909   -0.000000   -0.000000   -0.564620
 12   34.830025  -24.891926   45.588593   -0.977825    0.464116    0.295003
 13   34.885796   27.636589   43.767807    0.977821    0.464114   -0.295002
 14   29.239334  -51.573341   94.292961    0.023500    0.191683   -0.730521
 15   42.375069   -0.000008    0.000015    0.005824   -0.464995    0.250613
 16   42.546066    0.000042    0.000031   -0.045168   -0.091321    0.084296
 17   42.234436   -0.000004    0.000023   -0.003776   -0.141470   -0.061978
 18   42.465027    0.000008   -0.000015    0.167830   -0.581917   -0.441315
 19   42.458099   -0.000038   -0.000031    0.057962   -0.543628   -0.342904
 20   42.267937    0.000000    0.000000   -0.003288   -0.445074   -0.306645
 21   42.505920    0.000031    0.000000   -0.023272   -0.226122   -0.168954
 22   42.233147    0.000061    0.000031    0.217578    0.495028    0.457694
 23   42.352310    0.000061    0.000000    0.160689    0.549247    0.417984
 24   42.391724   -0.000023   -0.000023    0.004293    0.191501    0.117894
 25   42.497498    0.000027   -0.000031   -0.003660    0.098933    0.061219
 26   42.272766    0.000019   -0.000042   -0.003646    0.036967    0.023135
 27   25.269295   53.707191   91.294281    1.759586    0.080034    0.697881
 28   42.375046   -0.000015    0.000000   -0.065806   -0.155700    0.432554
 29   42.546097    0.000011    0.000019    0.031599   -0.044127    0.075308
 30   42.234497    0.000069   -0.000019    0.014019    0.099906    0.117042
 31   42.465027    0.000000   -0.000008    0.032688    0.329299    0.313899
 32   42.458069    0.000000   -0.000008    0.047130    0.263354    0.281862
 33   42.267883   -0.000015   -0.000015    0.128222    0.396005    0.439853
 34   42.506020    0.000061    0.000031    0.259772    0.532813    0.584024
 35   42.233055   -0.000031    0.000061   -0.019469   -0.057984   -0.036464
 36   42.352196   -0.000107    0.000000    0.068138   -0.603795   -0.548852
 37   42.391693    0.000061    0.000031    0.033158   -0.338468   -0.333921
 38   42.497650    0.000023    0.000008    0.012700   -0.160579   -0.158709
 39   42.272614    0.000145   -0.000004    0.004685   -0.055563   -0.054307
 40   26.867218  103.796082    2.362049    0.007618    0.465012    2.252466
 41   42.375069    0.000000    0.000004    0.257929    0.099365   -0.522282
 42   42.546074    0.000008    0.000000    0.353180    0.010710   -0.731899
 43   42.234467    0.000011    0.000000    0.066125   -0.103968   -0.172469
 44   42.465057    0.000023    0.000004   -0.112410   -0.072586    0.429511
 45   42.458130    0.000031    0.000004   -0.077381   -0.124858    0.478518
 46   42.267883    0.000000    0.000008   -0.004890   -0.080964    0.214004
 47   42.505890    0.000015    0.000015    0.023533   -0.136280    0.391857
 48   42.233093   -0.000031   -0.000015    0.138778   -0.203890    0.730930
 49   42.352249    0.000031    0.000008    0.040279   -0.005647    0.110112
 50   42.391640   -0.000031   -0.000014   -0.181689    0.039828   -0.529577
 51   42.497604    0.000000   -0.000019   -0.166056    0.164681   -0.700097
 52   42.272705    0.000000    0.000002   -0.010719    0.126240   -0.341520
 53   27.076233   50.290112  -88.980324    0.200377    1.022247    2.757509
 54   42.375099    0.000000    0.000008   -0.027614    0.022442   -0.091666
 55   42.546062    0.000000    0.000015   -0.018187    0.033737   -0.120514
 56   42.234520   -0.000023   -0.000008   -0.016043    0.092054   -0.228012
 57   42.465027    0.000034    0.000008   -0.016084   -0.019670   -0.073304
 58   42.458069    0.000011   -0.000015   -0.023509   -0.126251    0.117569
 59   42.267990   -0.000107    0.000000   -0.016280   -0.242376    0.125811
 60   42.505920    0.000099    0.000000   -0.034985   -0.638260    0.378149
 61   42.233177   -0.000046   -0.000092    0.039124   -0.207002    0.130056
 62   42.352280    0.000031   -0.000031   -0.075995    0.251225   -0.178764
 63   42.391739    0.000015    0.000031   -0.134372    0.424305   -0.282283
 64   42.497559    0.000023   -0.000031   -0.040563    0.248034   -0.132017
 65   42.272644   -0.000023    0.000038   -0.013878    0.148199   -0.073156
 66   29.239319  -56.044853  -91.389023    0.966156    2.185246    0.206396
 67   42.375099    0.000000    0.000015    0.049649   -0.123633    0.008670
 68   42.546097    0.000004    0.000015    0.012821   -0.168261    0.021738
 69   42.234436    0.000015   -0.000008   -0.016843   -0.310417    0.071419
 70   42.464996   -0.000038    0.000000    0.017925   -0.077462   -0.032693
 71   42.458099    0.000011    0.000008    0.005356    0.176274   -0.127210
 72   42.267944   -0.000046    0.000015   -0.019500    0.186637   -0.225011
 73   42.506012    0.000092    0.000000   -0.218708    0.435942   -0.593668
 74   42.233078    0.000031    0.000015   -0.065227    0.171340   -0.176591
 75   42.352173   -0.000031    0.000061    0.027541   -0.223795    0.210731
 76   42.391785    0.000046   -0.000015    0.000898   -0.346161    0.376120
 77   42.497589    0.000061    0.000031    0.000607   -0.181236    0.215357
 78   42.272644   -0.000011    0.000023   -0.000743   -0.104849    0.128222
 79   27.421967 -104.085060    2.292850   -0.006490    0.483153   -2.271083
 80   42.375080   -0.000015    0.000008   -0.263200    0.102900    0.505826
 81   42.546051    0.000008    0.000015   -0.371932    0.014127    0.734548
 82   42.234497   -0.000019   -0.000008   -0.078199   -0.110992    0.194836
 83   42.465057    0.000015   -0.000023    0.112489   -0.067405   -0.415759
 84   42.458099   -0.000015   -0.000019    0.085801   -0.121398   -0.491224
 85   42.267914    0.000000   -0.000027    0.007973   -0.081110   -0.214214
 86   42.505951    0.000031    0.000019   -0.017219   -0.132604   -0.377271
 87   42.233109    0.000000   -0.000015   -0.127976   -0.213264   -0.739136
 88   42.352272    0.000061    0.000011   -0.045395   -0.009260   -0.125398
 89   42.391731   -0.000031    0.000013    0.175544    0.044430    0.511164
 90   42.497604   -0.000031    0.000008    0.168682    0.171467    0.719666
 91   42.272522   -0.000031    0.000043    0.006987    0.129874    0.348706
time 37
  0    0.000000    0.000000    0.000000    0.000000   -0.000000    0.000000
  1    0.000000    0.000000    0.000000    0.000000   -0.000000    0.000000
  2   -0.220754  -49.040684   64.471603    0.004423   -1.901192    1.560494
  3   50.309212   -0.435479    0.000004   -0.000017   -0.306352    0.014098
  4   30.891541   -0.000011    0.000000    0.000017   -0.206015   -0.014097
  5   34.635590    0.000007    0.000000   -0.000000   -0.281497   -0.000001
  6   30.584259    0.000018    0.000000   -0.000000   -0.437101    0.000001
  7   31.520187   -0.000000    0.000000   -0.000000   -0.551935   -0.000001
  8   34.241196  -28.000032  -41.877991    0.979910   -0.457073    0.306696
  9   34.241127   23.441799  -41.878082   -0.979915   -0.457074   -0.306691
 10   35.246696  -52.543079    1.319153   -0.000000   -0.000000    0.564623
 11   35.246559   52.726315    1.318939   -0.000000    0.000000   -0.564620
 12   34.830040  -24.891926   45.588623   -0.977825    0.464116    0.295003
 13   34.885788   27.636585   43.767822    0.977821    0.464114   -0.295002
 14   29.239334  -51.573341   94.292953    0.064605    0.093285   -0.692965
 15   42.375076   -0.000004   -0.000008   -0.017143   -0.399791    0.215084
 16   42.546082    0.000042   -0.000011   -0.047521   -0.082149    0.082882
 17   42.234451    0.000027    0.000038   -0.007964   -0.130723   -0.059053
 18   42.465027    0.000031   -0.000046    0.149784   -0.543387   -0.432861
 19   42.458130   -0.000092   -0.000046    0.071802   -0.542752   -0.376429
 20   42.267891    0.000000   -0.000031    0.003788   -0.425331   -0.310133
 21   42.505913   -0.000076   -0.000061   -0.017357   -0.266405   -0.210370
 22   42.233131    0.000000    0.000000    0.203374    0.475049    0.458328
 23   42.352234    0.000015    0.000000    0.170054    0.549525    0.451807
 24   42.391663   -0.000053   -0.000031    0.005122    0.185457    0.123167
 25   42.497467    0.000029   -0.000034   -0.002925    0.095357    0.063546
 26   42.272858    0.000073   -0.000046   -0.003365    0.037549    0.025274
 27   26.041039   54.032867   91.473251    1.715982    0.012485    0.649757
 28   42.375076   -0.000008    0.000008   -0.047750   -0.120997    0.386090
 29   42.546082   -0.000015    0.000011    0.032246   -0.048818    0.074074
 30   42.234467    0.000092   -0.000004    0.016866    0.093402    0.114704
 31   42.465057   -0.000038    0.000015    0.037140    0.321989    0.310619
 32   42.458069    0.000015    0.000008    0.049509    0.267583    0.285451
 33   42.267914    0.000000    0.000015    0.124680    0.394114    0.440971
 34   42.506020    0.000061    0.000061    0.250355    0.531203    0.591276
 35   42.233093   -0.000046   -0.000031   -0.020960   -0.078272   -0.053750
 36   42.352238   -0.000076    0.000061    0.096909   -0.615513   -0.593370
 37   42.391724    0.000061    0.000061    0.032572   -0.313056   -0.313626
 38   42.497681    0.000031   -0.000008    0.011656   -0.147580   -0.146983
 39   42.272675    0.000128    0.000038    0.004524   -0.053735   -0.052930
 40   27.328331  104.369621    2.241287    0.007108    0.490826    2.128199
 41   42.375069    0.000000   -0.000004    0.287704    0.068312   -0.562261
 42   42.546112   -0.000008    0.000015    0.315531   -0.039755   -0.685670
 43   42.234467   -0.000008   -0.000004    0.028433   -0.092648   -0.084701
 44   42.465057    0.000000   -0.000013   -0.112032   -0.066135    0.492220
 45   42.458099   -0.000008   -0.000011   -0.058096   -0.108435    0.431415
 46   42.267883   -0.000015   -0.000011   -0.003662   -0.075268    0.226354
 47   42.505966    0.000000   -0.000008    0.030604   -0.153371    0.506920
 48   42.233154   -0.000061   -0.000015    0.134771   -0.149894    0.655533
 49   42.352287   -0.000031    0.000002    0.005577    0.003164    0.016942
 50   42.391655   -0.000031   -0.000005   -0.191799    0.048974   -0.653640
 51   42.497711    0.000061   -0.000015   -0.112125    0.152684   -0.617866
 52   42.272675    0.000015   -0.000003   -0.001109    0.099106   -0.299428
 53   27.496742   50.371124  -89.448532    0.146845    1.077331    2.651745
 54   42.375088   -0.000008   -0.000023   -0.024362    0.036649   -0.107871
 55   42.546089    0.000031    0.000015   -0.015761    0.056157   -0.144574
 56   42.234528   -0.000023   -0.000023   -0.018373    0.117747   -0.239417
 57   42.465027    0.000015   -0.000008   -0.016692   -0.061609   -0.012066
 58   42.458084    0.000008   -0.000004   -0.029473   -0.161981    0.136199
 59   42.268036   -0.000069    0.000000   -0.028189   -0.328062    0.186200
 60   42.505936    0.000061    0.000000   -0.046506   -0.632354    0.412010
 61   42.233139   -0.000031    0.000031    0.030010   -0.136678    0.092287
 62   42.352234    0.000046   -0.000031   -0.079069    0.268172   -0.200275
 63   42.391769    0.000000   -0.000031   -0.126005    0.414518   -0.288945
 64   42.497559    0.000046    0.000000   -0.039497    0.250244   -0.143403
 65   42.272705    0.000031   -0.000004   -0.012791    0.146027   -0.078223
 66   29.239342  -56.044876  -91.389038    1.025806    2.114153    0.286192
 67   42.375080    0.000000    0.000000    0.044090   -0.145952    0.021103
 68   42.546082    0.000000    0.000023    0.004520   -0.201985    0.043614
 69   42.234451    0.000011    0.000008   -0.018393   -0.311358    0.092757
 70   42.464996   -0.000042    0.000008    0.018186    0.002175   -0.067206
 71   42.458130    0.000038    0.000023    0.004166    0.190752   -0.158639
 72   42.267914   -0.000084    0.000000   -0.038828    0.245024   -0.304827
 73   42.505920    0.000092    0.000046   -0.221851    0.442983   -0.604467
 74   42.233139   -0.000015   -0.000031   -0.040040    0.114492   -0.117131
 75   42.352127   -0.000015   -0.000031    0.020700   -0.240120    0.235079
 76   42.391739    0.000031   -0.000015   -0.006683   -0.337086    0.376721
 77   42.497559    0.000031    0.000008   -0.003146   -0.184313    0.221819
 78   42.272644    0.000011    0.000010   -0.001994   -0.104291    0.128332
 79   27.775238 -104.610130    2.185566   -0.006168    0.505530   -2.155246
 80   42.375088    0.000015    0.000004   -0.292425    0.073607    0.548082
 81   42.546021    0.000000    0.000000   -0.334330   -0.037307    0.695967
 82   42.234497   -0.000023   -0.000015   -0.037149   -0.098881    0.105814
 83   42.465042   -0.000008   -0.000015    0.112827   -0.060651   -0.480280
 84   42.458038   -0.000015   -0.000015    0.065085   -0.106541   -0.444041
 85   42.268036    0.000015    0.000000    0.006419   -0.075052   -0.225387
 86   42.505951    0.000000    0.000015   -0.023542   -0.150237   -0.490685
 87   42.233078   -0.000031   -0.000008   -0.128477   -0.160458   -0.670824
 88   42.352283   -0.000092    0.000021   -0.010026    0.001783   -0.030664
 89   42.391682   -0.000031   -0.000009    0.187918    0.053425    0.640079
 90   42.497589    0.000000   -0.000027    0.113758    0.158985    0.637199
 91   42.272614   -0.000008   -0.000003   -0.002060    0.101423    0.304943
time 38
  0    0.000000    0.000000    0.000000    0.000000   -0.000000    0.000000
  1    0.000000    0.000000    0.000000    0.000000   -0.000000    0.000000
  2   -0.190946  -42.418880   54.616356    0.010396   -1.862464    1.555137
  3   50.309212   -0.435479    0.000004   -0.000017   -0.290991    0.014098
  4   30.891548   -0.000011    0.000000    0.000017   -0.202300   -0.014097
  5   34.635590    0.000007    0.000000   -0.000000   -0.274440   -0.000001
  6   30.584290    0.000018    0.000000   -0.000000   -0.446599    0.000001
  7   31.520203   -0.000000    0.000000   -0.000000   -0.549963   -0.000001
  8   34.241196  -28.000034  -41.877991    0.979910   -0.457073    0.306696
  9   34.241119   23.441801  -41.878082   -0.979915   -0.457074   -0.306691
 10   35.246704  -52.543083    1.319153   -0.000000   -0.000000    0.564623
 11   35.246536   52.726315    1.318939   -0.000000   -0.000000   -0.564620
 12   34.829994  -24.891928   45.588623   -0.977825    0.464116    0.295002
 13   34.885765   27.636587   43.767838    0.977821    0.464114   -0.295002
 14   29.239311  -51.573349   94.292915    0.094236   -0.015899   -0.651512
 15   42.375076    0.000008    0.000000   -0.035838   -0.325907    0.168623
 16   42.546097    0.000027    0.000004   -0.049961   -0.069802    0.082118
 17   42.234467    0.000008   -0.000023   -0.011726   -0.119385   -0.054992
 18   42.464935    0.000015    0.000000    0.128763   -0.498820   -0.414504
 19   42.458099   -0.000092    0.000000    0.085173   -0.538253   -0.408341
 20   42.267929    0.000000    0.000000    0.009987   -0.402511   -0.310208
 21   42.505882    0.000000    0.000000   -0.005524   -0.320649   -0.268979
 22   42.233177   -0.000015   -0.000031    0.172710    0.431091    0.428399
 23   42.352295    0.000000   -0.000031    0.191054    0.561329    0.505354
 24   42.391754   -0.000069   -0.000031    0.006789    0.184708    0.132315
 25   42.497437   -0.000008    0.000004   -0.002111    0.094039    0.067430
 26   42.272705    0.000068   -0.000032   -0.003081    0.039509    0.028561
 27   26.743538   54.329338   91.636162    1.677849   -0.065803    0.595292
 28   42.375061    0.000000   -0.000015   -0.026510   -0.076601    0.328026
 29   42.546082    0.000004    0.000019    0.032785   -0.052267    0.071827
 30   42.234497    0.000084    0.000004    0.018888    0.087477    0.114173
 31   42.464996   -0.000023    0.000008    0.040878    0.312154    0.309911
 32   42.458099    0.000053    0.000000    0.051170    0.264726    0.284785
 33   42.267914   -0.000015    0.000000    0.115197    0.380717    0.425963
 34   42.506020    0.000061    0.000031    0.251748    0.541012    0.615833
 35   42.233086   -0.000061   -0.000031   -0.020171   -0.086036   -0.062872
 36   42.352234   -0.000122    0.000031    0.120568   -0.618774   -0.626339
 37   42.391693    0.000061    0.000000    0.032063   -0.293709   -0.298016
 38   42.497681    0.000053    0.000023    0.010775   -0.137564   -0.138023
 39   42.272583    0.000174    0.000000    0.004411   -0.053304   -0.052914
 40   27.748077  104.891739    2.131380    0.006483    0.498622    1.965421
 41   42.375069    0.000000   -0.000004    0.295915    0.023820   -0.583865
 42   42.546127   -0.000008    0.000000    0.254491   -0.077370   -0.605377
 43   42.234482    0.000015    0.000004    0.002308   -0.076937   -0.007938
 44   42.465073    0.000015   -0.000006   -0.106831   -0.060681    0.547162
 45   42.458038   -0.000038   -0.000008   -0.041845   -0.092034    0.384504
 46   42.267944   -0.000046   -0.000008   -0.002426   -0.071540    0.248176
 47   42.505890   -0.000015    0.000015    0.038737   -0.161605    0.626651
 48   42.233162   -0.000031   -0.000008    0.114750   -0.094332    0.535446
 49   42.352249    0.000061    0.000005   -0.021584    0.007782   -0.074850
 50   42.391651    0.000061   -0.000017   -0.184195    0.059586   -0.745986
 51   42.497650    0.000000   -0.000019   -0.068076    0.129522   -0.528690
 52   42.272675   -0.000019   -0.000015    0.003826    0.076441   -0.262949
 53   27.879486   50.444870  -89.874741    0.044627    1.134514    2.491383
 54   42.375099   -0.000015   -0.000015   -0.022494    0.050199   -0.125345
 55   42.546066    0.000015    0.000008   -0.015459    0.079945   -0.170556
 56   42.234512   -0.000042   -0.000004   -0.020210    0.120229   -0.224613
 57   42.465042    0.000046    0.000015   -0.021863   -0.112445    0.053556
 58   42.458099    0.000031    0.000023   -0.035265   -0.192338    0.152300
 59   42.267975   -0.000092    0.000008   -0.045310   -0.402213    0.254219
 60   42.505981    0.000107   -0.000015   -0.048202   -0.596677    0.419595
 61   42.233147   -0.000046   -0.000031    0.021401   -0.076856    0.055357
 62   42.352303    0.000031   -0.000031   -0.084775    0.293110   -0.229741
 63   42.391754    0.000061   -0.000031   -0.113646    0.398052   -0.289033
 64   42.497528    0.000053   -0.000015   -0.036777    0.245835   -0.151224
 65   42.272797    0.000034   -0.000008   -0.011163    0.137613   -0.079868
 66   29.239334  -56.044865  -91.388992    1.124883    2.034252    0.413009
 67   42.375088    0.000000    0.000000    0.039507   -0.169438    0.033042
 68   42.546097   -0.000015    0.000015   -0.002049   -0.234733    0.066875
 69   42.234482    0.000023   -0.000008   -0.009434   -0.276508    0.091663
 70   42.465042   -0.000019    0.000008    0.016257    0.080055   -0.111219
 71   42.458054    0.000031    0.000015    0.002679    0.198360   -0.187043
 72   42.267914   -0.000076    0.000000   -0.063773    0.301823   -0.384171
 73   42.505966    0.000046    0.000031   -0.204052    0.430177   -0.579030
 74   42.233116    0.000031   -0.000015   -0.022285    0.062174   -0.063978
 75   42.352150   -0.000061   -0.000031    0.011233   -0.264231    0.270320
 76   42.391830    0.000046    0.000000   -0.012877   -0.321270    0.369505
 77   42.497528   -0.000023    0.000000   -0.006363   -0.182446    0.222266
 78   42.272644    0.000019   -0.000010   -0.002582   -0.099031    0.122464
 79   28.096817 -105.088081    2.087900   -0.005726    0.511843   -2.000021
 80   42.375084    0.000000    0.000004   -0.301830    0.030170    0.574523
 81   42.546021   -0.000015    0.000015   -0.273077   -0.077219    0.623602
 82   42.234467   -0.000008   -0.000008   -0.007613   -0.081453    0.025053
 83   42.465042    0.000015   -0.000008    0.108362   -0.055108   -0.538383
 84   42.458008    0.000000   -0.000004    0.047328   -0.091204   -0.395766
 85   42.267822   -0.000015    0.000008    0.005004   -0.071020   -0.245878
 86   42.505981   -0.000015    0.000027   -0.031368   -0.160122   -0.612609
 87   42.233009    0.000061    0.000019   -0.112780   -0.103565   -0.553261
 88   42.352268    0.000000    0.000030    0.017750    0.007679    0.061775
 89   42.391666    0.000031    0.000014    0.182445    0.063666    0.740177
 90   42.497589   -0.000031   -0.000019    0.068051    0.134738    0.544385
 91   42.272491   -0.000008    0.000039   -0.006448    0.078233    0.268433
time 39
  0    0.000000    0.000000    0.000000    0.000000   -0.000000    0.000000
  1    0.000000    0.000000    0.000000    0.000000   -0.000000    0.000000
  2   -0.159368  -35.403702   44.592968    0.015659   -1.823518    1.550415
  3   50.309208   -0.435479    0.000006   -0.000017   -0.273868    0.014098
  4   30.891541   -0.000011    0.000000    0.000017   -0.198160   -0.014097
  5   34.635590    0.000007    0.000004   -0.000000   -0.266574   -0.000001
  6   30.584274    0.000018   -0.000008   -0.000000   -0.454203    0.000001
  7   31.520187   -0.000000    0.000015   -0.000000   -0.547765   -0.000001
  8   34.241203  -28.000031  -41.878006    0.979910   -0.457073    0.306696
  9   34.241119   23.441799  -41.878113   -0.979915   -0.457074   -0.306691
 10   35.246704  -52.543079    1.319153   -0.000000    0.000000    0.564623
 11   35.246559   52.726311    1.318924   -0.000000    0.000000   -0.564620
 12   34.830017  -24.891924   45.588623   -0.977825    0.464116    0.295003
 13   34.885796   27.636585   43.767838    0.977821    0.464114   -0.295002
 14   29.239315  -51.573345   94.292938    0.110435   -0.129099   -0.611669
 15   42.375061    0.000010   -0.000008   -0.051513   -0.251747    0.120784
 16   42.546066    0.000034   -0.000023   -0.052371   -0.053150    0.081143
 17   42.234406   -0.000004   -0.000008   -0.015303   -0.106642   -0.049511
 18   42.464966    0.000015   -0.000038    0.106858   -0.451242   -0.389758
 19   42.458130   -0.000069   -0.000023    0.096786   -0.529635   -0.437607
 20   42.267960   -0.000031    0.000000    0.014144   -0.373264   -0.303928
 21   42.505905   -0.000015    0.000000    0.015798   -0.383265   -0.344376
 22   42.233116   -0.000015   -0.000031    0.128281    0.360521    0.364966
 23   42.352303    0.000031    0.000000    0.223807    0.581173    0.580160
 24   42.391754   -0.000061   -0.000038    0.009444    0.189326    0.146458
 25   42.497467    0.000027   -0.000040   -0.001184    0.094866    0.073207
 26   42.272766    0.000044   -0.000059   -0.002753    0.042864    0.033294
 27   27.371090   54.594154   91.781708    1.646691   -0.149578    0.540941
 28   42.375061    0.000008    0.000004   -0.006019   -0.030743    0.267399
 29   42.546112    0.000004    0.000027    0.033286   -0.051487    0.067289
 30   42.234467    0.000076    0.000000    0.020305    0.081221    0.113800
 31   42.464996   -0.000023    0.000023    0.043919    0.301043    0.311460
 32   42.458130    0.000031    0.000015    0.052626    0.258310    0.282934
 33   42.267883    0.000000    0.000031    0.101051    0.355804    0.395806
 34   42.506012    0.000061    0.000076    0.261561    0.558839    0.653866
 35   42.233078   -0.000015    0.000031   -0.017979   -0.078548   -0.060333
 36   42.352184   -0.000076    0.000031    0.139859   -0.617168   -0.650729
 37   42.391724    0.000061    0.000046    0.032303   -0.281366   -0.288836
 38   42.497620    0.000038   -0.000031    0.010111   -0.130101   -0.131498
 39   42.272583    0.000128    0.000014    0.004353   -0.054060   -0.054083
 40   28.123058  105.358116    2.033167    0.005816    0.479352    1.774653
 41   42.375046   -0.000008   -0.000027    0.270933   -0.025537   -0.568011
 42   42.546112   -0.000004    0.000008    0.188318   -0.091494   -0.513495
 43   42.234436   -0.000038    0.000010   -0.012677   -0.062025    0.052641
 44   42.465073   -0.000015    0.000004   -0.096978   -0.055444    0.585169
 45   42.458038    0.000015    0.000002   -0.030114   -0.076749    0.347976
 46   42.267853    0.000015    0.000015   -0.001322   -0.068885    0.280575
 47   42.505844    0.000046    0.000015    0.045256   -0.155685    0.722166
 48   42.233154    0.000031   -0.000011    0.084532   -0.051833    0.406004
 49   42.352219   -0.000031   -0.000015   -0.041228    0.010787   -0.166859
 50   42.391663   -0.000031   -0.000017   -0.160504    0.067493   -0.784508
 51   42.497589    0.000046    0.000008   -0.039684    0.103504   -0.456191
 52   42.272675    0.000031    0.000010    0.005546    0.057572   -0.230251
 53   28.221424   50.510731  -90.255539   -0.133805    1.183677    2.249676
 54   42.375088    0.000000   -0.000008   -0.022920    0.062411   -0.141266
 55   42.546074    0.000031    0.000019   -0.018144    0.101311   -0.191048
 56   42.234528   -0.000027    0.000000   -0.021020    0.103313   -0.187399
 57   42.464981    0.000023    0.000015   -0.030111   -0.157833    0.111229
 58   42.458069    0.000038    0.000008   -0.042080   -0.225035    0.176336
 59   42.267944   -0.000092    0.000008   -0.064903   -0.455760    0.320451
 60   42.505890    0.000122    0.000000   -0.042990   -0.539650    0.404075
 61   42.233170   -0.000046   -0.000061    0.014841   -0.033609    0.025645
 62   42.352272   -0.000046    0.000031   -0.090847    0.319524   -0.263207
 63   42.391693    0.000046    0.000000   -0.099954    0.377466   -0.285830
 64   42.497589    0.000053    0.000015   -0.033318    0.237009   -0.156539
 65   42.272766    0.000025    0.000010   -0.009485    0.125998   -0.079237
 66   29.239338  -56.044849  -91.389023    1.302943    1.952526    0.625913
 67   42.375103    0.000002    0.000000    0.037849   -0.189914    0.043603
 68   42.546089    0.000008    0.000015   -0.003613   -0.255220    0.087328
 69   42.234451    0.000042    0.000000    0.004125   -0.217465    0.073908
 70   42.464981   -0.000023    0.000008    0.012160    0.141230   -0.154237
 71   42.458099    0.000000   -0.000008   -0.000971    0.212272   -0.220085
 72   42.267853   -0.000046    0.000008   -0.088651    0.347625   -0.452638
 73   42.505981    0.000092    0.000031   -0.170422    0.399308   -0.525117
 74   42.233177    0.000031    0.000015   -0.012369    0.022793   -0.023883
 75   42.352173   -0.000031    0.000031   -0.001200   -0.289380    0.309948
 76   42.391815   -0.000015   -0.000046   -0.017454   -0.302598    0.357082
 77   42.497589    0.000046    0.000008   -0.008759   -0.177643    0.218639
 78   42.272705    0.000013   -0.000011   -0.002636   -0.091442    0.113489
 79   28.384090 -105.515076    2.000641   -0.005226    0.493269   -1.813555
 80   42.375084    0.000000   -0.000004   -0.280013   -0.019621    0.566999
 81   42.546021   -0.000008    0.000000   -0.203749   -0.094729    0.532781
 82   42.234497    0.000031   -0.000006    0.009667   -0.064860   -0.039331
 83   42.465027   -0.000008   -0.000010    0.099074   -0.050129   -0.580577
 84   42.458069    0.000000   -0.000011    0.034166   -0.076344   -0.356253
 85   42.267944   -0.000031    0.000004    0.003835   -0.068227   -0.277214
 86   42.505981   -0.000031    0.000023   -0.038267   -0.156048   -0.713241
 87   42.233025    0.000000    0.000004   -0.084881   -0.058154   -0.421610
 88   42.352325    0.000031    0.000005    0.038075    0.011497    0.154513
 89   42.391788   -0.000031   -0.000011    0.160041    0.071412    0.786600
 90   42.497559   -0.000046    0.000011    0.038241    0.107057    0.466237
 91   42.272583   -0.000008    0.000019   -0.007650    0.058686    0.234483
time 40
  0    0.000000    0.000000    0.000000    0.000000   -0.000000    0.000000
  1    0.000000    0.000000    0.000000    0.000000   -0.000000    0.000000
  2   -0.127789  -28.388525   34.569572    0.019858   -1.784245    1.546647
  3   50.309216   -0.435479    0.000002   -0.000017   -0.256157    0.014098
  4   30.891548   -0.000011   -0.000004    0.000017   -0.193877   -0.014097
  5   34.635590    0.000007    0.000000   -0.000000   -0.258439   -0.000001
  6   30.584290    0.000018    0.000000   -0.000000   -0.460104    0.000001
  7   31.520195   -0.000000    0.000000   -0.000000   -0.545492   -0.000001
  8   34.241180  -28.000038  -41.878021    0.979910   -0.457073    0.306696
  9   34.241127   23.441803  -41.878098   -0.979915   -0.457074   -0.306691
 10   35.246689  -52.543087    1.319138   -0.000000    0.000000    0.564623
 11   35.246552   52.726322    1.318909   -0.000000    0.000000   -0.564620
 12   34.830009  -24.891930   45.588608   -0.977825    0.464116    0.295003
 13   34.885773   27.636589   43.767822    0.977821    0.464114   -0.295002
 14   29.239323  -51.573345   94.292961    0.114680   -0.240447   -0.577398
 15   42.375076   -0.000004    0.000000   -0.064930   -0.183800    0.079331
 16   42.546082    0.000027    0.000019   -0.054460   -0.032163    0.079235
 17   42.234451    0.000027    0.000000   -0.018852   -0.091709   -0.042338
 18   42.464935    0.000027    0.000008    0.086091   -0.404299   -0.362849
 19   42.458069   -0.000092   -0.000015    0.105416   -0.516838   -0.463202
 20   42.267929    0.000000   -0.000015    0.015572   -0.336938   -0.290199
 21   42.505928    0.000061   -0.000031    0.047551   -0.442882   -0.430268
 22   42.233170    0.000046   -0.000031    0.077732    0.261766    0.268636
 23   42.352257    0.000015    0.000000    0.264810    0.602181    0.671856
 24   42.391754   -0.000046    0.000000    0.013362    0.199487    0.167024
 25   42.497498    0.000011   -0.000011   -0.000098    0.097764    0.081297
 26   42.272705    0.000009   -0.000035   -0.002342    0.047609    0.039789
 27   27.917896   54.824947   91.908531    1.622098   -0.233539    0.492070
 28   42.375061    0.000008   -0.000006    0.011380    0.007961    0.211428
 29   42.546097   -0.000011    0.000019    0.033771   -0.043805    0.059897
 30   42.234482    0.000065    0.000019    0.021321    0.074057    0.111615
 31   42.465057   -0.000061    0.000023    0.046420    0.290088    0.315113
 32   42.458099    0.000031   -0.000008    0.054437    0.251955    0.283104
 33   42.267883    0.000000    0.000015    0.084866    0.321659    0.354888
 34   42.506042    0.000092    0.000015    0.274272    0.578121    0.695790
 35   42.233086   -0.000046    0.000000   -0.015128   -0.055284   -0.044180
 36   42.352222   -0.000107    0.000000    0.155944   -0.612679   -0.669246
 37   42.391693    0.000046   -0.000015    0.033608   -0.275663   -0.286237
 38   42.497681    0.000015   -0.000015    0.009650   -0.124564   -0.126823
 39   42.272583    0.000151    0.000012    0.004346   -0.055656   -0.056109
 40   28.449787  105.764542    1.947603    0.005186    0.429575    1.578519
 41   42.375069    0.000008    0.000000    0.216629   -0.062387   -0.511722
 42   42.546112    0.000008    0.000004    0.133152   -0.085957   -0.434426
 43   42.234436    0.000038   -0.000004   -0.019112   -0.049363    0.095330
 44   42.465088   -0.000015   -0.000013   -0.084079   -0.049187    0.605066
 45   42.458038   -0.000008   -0.000008   -0.022569   -0.063325    0.327720
 46   42.267944    0.000000   -0.000010   -0.000498   -0.065574    0.321290
 47   42.505890    0.000000    0.000000    0.047813   -0.137713    0.780406
 48   42.233124    0.000031   -0.000019    0.055317   -0.026059    0.294161
 49   42.352245    0.000061    0.000000   -0.052680    0.012776   -0.256151
 50   42.391678   -0.000031   -0.000008   -0.128009    0.068593   -0.772560
 51   42.497681    0.000031   -0.000013   -0.023987    0.080939   -0.409828
 52   42.272675    0.000002   -0.000003    0.005574    0.043255   -0.206555
 53   28.519352   50.568161  -90.587288   -0.400259    1.206464    1.916846
 54   42.375069    0.000000    0.000011   -0.026231    0.072361   -0.151495
 55   42.546021    0.000034    0.000008   -0.023235    0.116507   -0.199391
 56   42.234543   -0.000027   -0.000008   -0.021661    0.077884   -0.140663
 57   42.465027    0.000031   -0.000008   -0.038981   -0.193442    0.158391
 58   42.458069    0.000000   -0.000004   -0.050000   -0.256098    0.207306
 59   42.267944   -0.000114    0.000023   -0.082552   -0.482311    0.374503
 60   42.505920    0.000122    0.000031   -0.039601   -0.484484    0.385400
 61   42.233139   -0.000015    0.000000    0.010684   -0.004822    0.003902
 62   42.352272    0.000031    0.000000   -0.094304    0.339559   -0.294391
 63   42.391693    0.000046    0.000015   -0.087802    0.356907   -0.283843
 64   42.497467    0.000053    0.000031   -0.030092    0.226564   -0.161086
 65   42.272705   -0.000037    0.000018   -0.008180    0.114724   -0.078266
 66   29.239323  -56.044876  -91.389038   -1.520538    1.252632   -2.157803
 67   42.375084    0.000015    0.000000    0.041037   -0.201290    0.051609
 68   42.546097   -0.000004    0.000038    0.001006   -0.256324    0.101400
 69   42.234451    0.000023    0.000000    0.015850   -0.153253    0.050002
 70   42.465057   -0.000008    0.000008    0.007027    0.184819   -0.192569
 71   42.458099    0.000042   -0.000008   -0.006319    0.230742   -0.254613
 72   42.267853   -0.000061   -0.000008   -0.105549    0.376562   -0.498772
 73   42.505997    0.000092    0.000015   -0.137768    0.365749   -0.472725
 74   42.233131   -0.000031    0.000000   -0.007679   -0.004311    0.004687
 75   42.352165    0.000031    0.000015   -0.014935   -0.308484    0.345093
 76   42.391739    0.000000   -0.000031   -0.020940   -0.285832    0.344372
 77   42.497498    0.000031   -0.000008   -0.010392   -0.172278    0.213678
 78   42.272736   -0.000038    0.000040   -0.002447   -0.084268    0.104854
 79   28.634403 -105.887177    1.924623   -0.004742    0.445468   -1.616571
 80   42.375069    0.000008   -0.000015   -0.227962   -0.059653    0.517803
 81   42.546036   -0.000019    0.000004   -0.144349   -0.091262    0.450483
 82   42.234528   -0.000031   -0.000013    0.017592   -0.051023   -0.085618
 83   42.465057   -0.000008   -0.000010    0.086378   -0.044344   -0.603755
 84   42.458038   -0.000038   -0.000008    0.025612   -0.062932   -0.332808
 85   42.267944    0.000000   -0.000010    0.003045   -0.065005   -0.317628
 86   42.505951    0.000000    0.000008   -0.041603   -0.139330   -0.776552
 87   42.233101   -0.000031   -0.000004   -0.056076   -0.029777   -0.305283
 88   42.352318   -0.000031   -0.000003    0.050353    0.014154    0.245560
 89   42.391747   -0.000061   -0.000017    0.127732    0.072594    0.779317
 90   42.497589   -0.000046   -0.000017    0.021826    0.083046    0.414826
 91   42.272522   -0.000023    0.000011   -0.007290    0.043852    0.209441
time 41
  0    0.000000    0.000000    0.000000    0.000000   -0.000000    0.000000
  1    0.000000    0.000000    0.000000    0.000000   -0.000000    0.000000
  2   -0.097982  -21.766718   24.714334    0.022638   -1.744537    1.544154
  3   50.309212   -0.435479    0.000008   -0.000017   -0.239034    0.014098
  4   30.891541   -0.000011   -0.000002    0.000017   -0.189737   -0.014097
  5   34.635590    0.000007    0.000004   -0.000000   -0.250573   -0.000001
  6   30.584290    0.000018   -0.000008   -0.000000   -0.464498    0.000001
  7   31.520180   -0.000000    0.000008   -0.000000   -0.543294   -0.000001
  8   34.241203  -28.000032  -41.878036    0.979910   -0.457073    0.306696
  9   34.241127   23.441799  -41.878098   -0.979915   -0.457074   -0.306691
 10   35.246696  -52.543079    1.319122   -0.000000   -0.000000    0.564623
 11   35.246552   52.726315    1.318924   -0.000000    0.000000   -0.564620
 12   34.830025  -24.891926   45.588608   -0.977825    0.464116    0.295003
 13   34.885780   27.636585   43.767822    0.977821    0.464114   -0.295002
 14   29.239315  -51.573345   94.292969    0.110202   -0.345287   -0.551619
 15   42.375076    0.000002    0.000000   -0.076077   -0.126159    0.048933
 16   42.546082    0.000023    0.000011   -0.055853   -0.008806    0.076321
 17   42.234467    0.000023    0.000011   -0.022393   -0.073976   -0.033154
 18   42.464996    0.000019   -0.000023    0.067856   -0.361304   -0.337858
 19   42.458099   -0.000076    0.000000    0.110480   -0.500625   -0.484968
 20   42.267975    0.000000    0.000015    0.014987   -0.298166   -0.272714
 21   42.505890    0.000031    0.000000    0.083286   -0.483437   -0.510038
 22   42.233192   -0.000061   -0.000015    0.035307    0.145433    0.152515
 23   42.352280    0.000000   -0.000031    0.295874    0.610038    0.752674
 24   42.391724   -0.000084   -0.000031    0.019482    0.217901    0.198190
 25   42.497559    0.000042   -0.000023    0.001099    0.101822    0.091412
 26   42.272797    0.000055   -0.000031   -0.001828    0.053021    0.047775
 27   28.378258   55.019226   92.015335    1.602255   -0.312902    0.452505
 28   42.375069    0.000015    0.000004    0.024816    0.033603    0.164651
 29   42.546082    0.000000    0.000015    0.034130   -0.028638    0.051386
 30   42.234451    0.000065   -0.000004    0.022204    0.065601    0.105199
 31   42.464966   -0.000023   -0.000008    0.048678    0.280684    0.320412
 32   42.458099    0.000015   -0.000008    0.057172    0.249061    0.288239
 33   42.267883   -0.000031    0.000031    0.070013    0.284205    0.311482
 34   42.506073    0.000061    0.000000    0.280801    0.590597    0.726294
 35   42.233055    0.000000    0.000061   -0.011962   -0.019285   -0.015541
 36   42.352222   -0.000061    0.000031    0.169936   -0.606222   -0.684060
 37   42.391693    0.000046   -0.000015    0.035869   -0.274586   -0.288431
 38   42.497650    0.000046    0.000008    0.009343   -0.120117   -0.123173
 39   42.272583    0.000137   -0.000003    0.004375   -0.057558   -0.058459
 40   28.724846  106.106682    1.875584    0.004675    0.356415    1.400615
 41   42.375076    0.000008    0.000000    0.151769   -0.075161   -0.432118
 42   42.546112   -0.000004   -0.000004    0.092768   -0.071046   -0.377118
 43   42.234467    0.000000    0.000002   -0.019237   -0.038716    0.118040
 44   42.465027   -0.000008   -0.000003   -0.069723   -0.041104    0.612777
 45   42.458038   -0.000023    0.000000   -0.017775   -0.051380    0.323006
 46   42.267883    0.000015    0.000011   -0.000087   -0.059767    0.365088
 47   42.505905    0.000000    0.000008    0.045377   -0.112716    0.805000
 48   42.233124    0.000000   -0.000013    0.033688   -0.012731    0.212561
 49   42.352245   -0.000061   -0.000001   -0.053847    0.012952   -0.326285
 50   42.391602    0.000061   -0.000004   -0.096391    0.061569   -0.742460
 51   42.497620    0.000015   -0.000010   -0.015316    0.061840   -0.380818
 52   42.272736   -0.000003    0.000008    0.004736    0.032414   -0.191822
 53   28.770184   50.616474  -90.866608   -0.699268    1.184496    1.551744
 54   42.375061   -0.000011   -0.000008   -0.032046    0.079744   -0.152650
 55   42.546066    0.000034    0.000000   -0.029193    0.124838   -0.194626
 56   42.234528   -0.000031   -0.000004   -0.022679    0.054958   -0.097830
 57   42.464996    0.000019   -0.000015   -0.046421   -0.217439    0.194952
 58   42.458069    0.000053   -0.000008   -0.058694   -0.281975    0.242572
 59   42.267975   -0.000076    0.000000   -0.095100   -0.484181    0.411237
 60   42.505890    0.000107   -0.000076   -0.042222   -0.446408    0.378582
 61   42.233223   -0.000031   -0.000031    0.008886    0.010565   -0.008908
 62   42.352257    0.000000    0.000000   -0.093334    0.348776   -0.318654
 63   42.391693    0.000031    0.000000   -0.078955    0.340354   -0.287038
 64   42.497589    0.000069   -0.000046   -0.027676    0.216812   -0.166518
 65   42.272736    0.000002   -0.000001   -0.007409    0.106138   -0.078674
 66   29.239315  -56.044865  -91.389038   -1.069777    1.262320   -1.666558
 67   42.375107    0.000008   -0.000008    0.049281   -0.198923    0.056739
 68   42.546112    0.000000    0.000019    0.009779   -0.240001    0.108936
 69   42.234451    0.000034   -0.000011    0.023277   -0.099460    0.028943
 70   42.465027   -0.000023   -0.000015    0.001969    0.213184   -0.223611
 71   42.458099    0.000046   -0.000011   -0.012452    0.250687   -0.287162
 72   42.267944   -0.000061   -0.000008   -0.111071    0.389453   -0.520589
 73   42.505981    0.000061    0.000000   -0.114896    0.342478   -0.440919
 74   42.233109    0.000000    0.000015   -0.006235   -0.019695    0.021908
 75   42.352165   -0.000031    0.000015   -0.027614   -0.318525    0.370105
 76   42.391785    0.000031    0.000015   -0.024305   -0.274621    0.336296
 77   42.497498    0.000046    0.000015   -0.011577   -0.168186    0.209760
 78   42.272675    0.000005   -0.000002   -0.002262   -0.079319    0.098876
 79   28.845135 -106.200317    1.860626   -0.004347    0.374274   -1.433180
 80   42.375061   -0.000008   -0.000008   -0.162851   -0.076756    0.441041
 81   42.546021   -0.000015   -0.000004   -0.100571   -0.077189    0.388928
 82   42.234543   -0.000023   -0.000015    0.018670   -0.039748   -0.111596
 83   42.465057    0.000015   -0.000008    0.071967   -0.036662   -0.613045
 84   42.458038   -0.000008   -0.000010    0.020293   -0.050862   -0.325744
 85   42.267944   -0.000015   -0.000017    0.002761   -0.059387   -0.361702
 86   42.505966   -0.000031    0.000019   -0.039893   -0.114994   -0.804734
 87   42.233070    0.000031   -0.000008   -0.034075   -0.014846   -0.219126
 88   42.352337   -0.000031    0.000011    0.052521    0.014952    0.319699
 89   42.391754    0.000031    0.000002    0.095246    0.065647    0.747771
 90   42.497650    0.000000   -0.000017    0.013015    0.063259    0.383733
 91   42.272583   -0.000022    0.000011   -0.006221    0.032663    0.193485
time 42
  0    0.000000    0.000000    0.000000    0.000000   -0.000000    0.000000
  1    0.000000    0.000000    0.000000    0.000000   -0.000000    0.000000
  2   -0.071715  -15.931664   15.195413    0.023643   -1.704284    1.543252
  3   50.309204   -0.435479    0.000004   -0.000017   -0.223673    0.014098
  4   30.891548   -0.000011    0.000000    0.000017   -0.186023   -0.014097
  5   34.635590    0.000007    0.000002   -0.000000   -0.243516   -0.000001
  6   30.584274    0.000018    0.000000   -0.000000   -0.467578    0.000001
  7   31.520187   -0.000000    0.000000   -0.000000   -0.541322   -0.000001
  8   34.241188  -28.000027  -41.878006    0.979910   -0.457073    0.306696
  9   34.241127   23.441801  -41.878113   -0.979915   -0.457074   -0.306691
 10   35.246712  -52.543087    1.319138   -0.000000   -0.000000    0.564623
 11   35.246529   52.726311    1.318909   -0.000000    0.000000   -0.564620
 12   34.830009  -24.891924   45.588608   -0.977825    0.464116    0.295003
 13   34.885765   27.636587   43.767838    0.977821    0.464114   -0.295002
 14   29.239309  -51.573330   94.292923    0.101037   -0.440480   -0.536606
 15   42.375069   -0.000004    0.000015   -0.084752   -0.080007    0.031017
 16   42.546082    0.000027    0.000011   -0.056324    0.013338    0.073265
 17   42.234482    0.000019   -0.000008   -0.025702   -0.053759   -0.021919
 18   42.464966    0.000027    0.000000    0.052801   -0.324779   -0.318268
 19   42.458099   -0.000069   -0.000004    0.112039   -0.482033   -0.503564
 20   42.267929   -0.000015    0.000000    0.014385   -0.265939   -0.260135
 21   42.505936   -0.000015    0.000000    0.109261   -0.491870   -0.560117
 22   42.233181    0.000000    0.000000    0.012206    0.036939    0.041045
 23   42.352291    0.000061    0.000000    0.292370    0.593668    0.782584
 24   42.391724   -0.000076   -0.000015    0.028499    0.244510    0.242625
 25   42.497528   -0.000027    0.000000    0.002124    0.104586    0.101579
 26   42.272766    0.000045    0.000000   -0.001290    0.057248    0.055747
 27   28.746317   55.174541   92.100594    1.584694   -0.384151    0.424140
 28   42.375069    0.000000    0.000008    0.034370    0.045214    0.128180
 29   42.546082   -0.000011    0.000008    0.034310   -0.008546    0.046179
 30   42.234482    0.000084    0.000000    0.023240    0.055596    0.092548
 31   42.465057   -0.000038   -0.000008    0.051073    0.273737    0.326014
 32   42.458038    0.000031   -0.000031    0.061507    0.252819    0.300842
 33   42.267838    0.000000   -0.000015    0.058877    0.251296    0.274782
 34   42.506012    0.000061    0.000000    0.272491    0.589870    0.731198
 35   42.233078   -0.000092    0.000031   -0.008600    0.023120    0.021243
 36   42.352211   -0.000092    0.000061    0.183366   -0.599049   -0.698078
 37   42.391724    0.000076    0.000000    0.038546   -0.274916   -0.292097
 38   42.497620    0.000061   -0.000015    0.009115   -0.115959   -0.119725
 39   42.272644    0.000135   -0.000003    0.004412   -0.059205   -0.060550
 40   28.944765  106.380211    1.817979    0.004357    0.274352    1.254130
 41   42.375076    0.000011    0.000008    0.095281   -0.068211   -0.351200
 42   42.546112    0.000011    0.000004    0.063829   -0.054700   -0.338996
 43   42.234451    0.000000   -0.000004   -0.015328   -0.029605    0.121272
 44   42.465027   -0.000008   -0.000004   -0.054339   -0.031220    0.614439
 45   42.458038    0.000000   -0.000004   -0.014172   -0.039886    0.329353
 46   42.267914    0.000015    0.000006   -0.000021   -0.050520    0.407641
 47   42.505890    0.000000    0.000008    0.038620   -0.084827    0.807125
 48   42.233170   -0.000092   -0.000010    0.020083   -0.006389    0.162253
 49   42.352230   -0.000061    0.000005   -0.046474    0.010984   -0.370556
 50   42.391762    0.000031    0.000001   -0.069512    0.048860   -0.716696
 51   42.497711    0.000046   -0.000011   -0.010151    0.044893   -0.360685
 52   42.272705    0.000013    0.000007    0.003506    0.023721   -0.184558
 53   28.970713   50.655125  -91.089912   -0.938013    1.119451    1.251187
 54   42.375076   -0.000015    0.000008   -0.038989    0.085302   -0.145112
 55   42.546066    0.000019    0.000011   -0.034811    0.128116   -0.181450
 56   42.234543   -0.000042    0.000008   -0.023842    0.041641   -0.067679
 57   42.465027    0.000034    0.000015   -0.050639   -0.227862    0.219848
 58   42.458038    0.000034   -0.000015   -0.067814   -0.301857    0.280306
 59   42.267914   -0.000099    0.000008   -0.101431   -0.466978    0.430310
 60   42.505875    0.000122   -0.000046   -0.052872   -0.432018    0.393305
 61   42.233192   -0.000015   -0.000061    0.009179    0.011463   -0.010178
 62   42.352257    0.000046    0.000031   -0.086991    0.344995   -0.332360
 63   42.391724    0.000076    0.000000   -0.074342    0.331178   -0.299139
 64   42.497498    0.000092    0.000008   -0.026358    0.209549   -0.174478
 65   42.272705    0.000033   -0.000017   -0.007219    0.101694   -0.082045
 66   29.239309  -56.044846  -91.389023   -0.673068    1.203831   -1.233946
 67   42.375084    0.000000    0.000011    0.060347   -0.183856    0.060178
 68   42.546097   -0.000008    0.000011    0.019592   -0.214397    0.112160
 69   42.234497    0.000015    0.000011    0.027009   -0.063975    0.016729
 70   42.464996   -0.000042    0.000011   -0.001967    0.227940   -0.244134
 71   42.458099    0.000038    0.000015   -0.018753    0.270441   -0.316656
 72   42.267944   -0.000023   -0.000008   -0.106220    0.389507   -0.521482
 73   42.506012    0.000092   -0.000015   -0.104128    0.337465   -0.438911
 74   42.233154    0.000061   -0.000031   -0.006640   -0.022117    0.025352
 75   42.352196   -0.000031   -0.000015   -0.037305   -0.318577    0.381811
 76   42.391724    0.000015   -0.000031   -0.028799   -0.271744    0.337330
 77   42.497528    0.000038   -0.000023   -0.012742   -0.166832    0.208911
 78   42.272705    0.000047    0.000002   -0.002269   -0.077846    0.097166
 79   29.013624 -106.450806    1.809445   -0.004122    0.293716   -1.278640
 80   42.375084    0.000000    0.000004   -0.104395   -0.073186    0.359124
 81   42.546021   -0.000008    0.000008   -0.069567   -0.061304    0.347134
 82   42.234528   -0.000023   -0.000009    0.015299   -0.030465   -0.117207
 83   42.465042    0.000015   -0.000002    0.056483   -0.026900   -0.615075
 84   42.458099    0.000008   -0.000011    0.016553   -0.039215   -0.330807
 85   42.267883    0.000031   -0.000013    0.002959   -0.050354   -0.405045
 86   42.506027    0.000000    0.000011   -0.033530   -0.087358   -0.808219
 87   42.233040   -0.000061   -0.000005   -0.020116   -0.007756   -0.165771
 88   42.352272   -0.000061    0.000011    0.045658    0.013458    0.366773
 89   42.391754   -0.000031   -0.000008    0.067641    0.052957    0.720113
 90   42.497559    0.000015   -0.000026    0.007784    0.045947    0.362293
 91   42.272522   -0.000006    0.000016   -0.004903    0.023802    0.185490
time 43
  0    0.000000    0.000000    0.000000    0.000000   -0.000000    0.000000
  1    0.000000    0.000000    0.000000    0.000000   -0.000000    0.000000
  2   -0.047810  -10.621108    5.900696    2.741027   -1.483730   -1.172711
  3   50.309219   -0.435479    0.000004   -0.000017   -0.211246    0.014098
  4   30.891541   -0.000011   -0.000001    0.000017   -0.183018   -0.014097
  5   34.635597    0.000006    0.000000   -0.000000   -0.237808   -0.000001
  6   30.584290    0.000017   -0.000004   -0.000000   -0.469538    0.000001
  7   31.520195   -0.000001   -0.000015   -0.000000   -0.539727   -0.000001
  8   34.241188  -28.000036  -41.878006    0.979910   -0.457073    0.306696
  9   34.241112   23.441799  -41.878098   -0.979915   -0.457074   -0.306691
 10   35.246704  -52.543087    1.319138   -0.000000   -0.000000    0.564623
 11   35.246536   52.726315    1.318909   -0.000000    0.000000   -0.564620
 12   34.830009  -24.891926   45.588600   -0.977825    0.464116    0.295002
 13   34.885757   27.636589   43.767822    0.977821    0.464114   -0.295002
 14   29.239330  -51.573349   94.292938    0.031408   -0.544971   -0.476018
 15   42.375069   -0.000008    0.000000   -0.095469   -0.040533    0.010654
 16   42.546082    0.000042    0.000000   -0.055118    0.029664    0.063662
 17   42.234482    0.000015   -0.000023   -0.029981   -0.027305   -0.010980
 18   42.464966    0.000015    0.000015    0.028350   -0.270747   -0.313491
 19   42.458099   -0.000076   -0.000019    0.106838   -0.430120   -0.552883
 20   42.267944    0.000015    0.000015    0.019960   -0.226853   -0.276189
 21   42.505905   -0.000015    0.000000    0.131789   -0.429188   -0.591953
 22   42.233170   -0.000031   -0.000046    0.010557   -0.066647   -0.080528
 23   42.352245    0.000031   -0.000046    0.230840    0.533789    0.792942
 24   42.391724   -0.000107    0.000000    0.034599    0.252647    0.314668
 25   42.497437    0.000004   -0.000034    0.002740    0.097559    0.119024
 26   42.272888    0.000074   -0.000022   -0.000496    0.054970    0.067232
 27   29.016384   55.288532   92.163277    1.548555   -0.484047    0.481385
 28   42.375092   -0.000008    0.000000    0.038007    0.036513    0.094057
 29   42.546066   -0.000027    0.000013    0.034902   -0.007337    0.030888
 30   42.234467    0.000076   -0.000019    0.022645    0.042671    0.074593
 31   42.464996   -0.000038    0.000000    0.051484    0.277942    0.338692
 32   42.458008    0.000031    0.000000    0.065941    0.261524    0.318350
 33   42.267868    0.000015    0.000031    0.055489    0.232700    0.257018
 34   42.506012    0.000092   -0.000031    0.268157    0.576312    0.715057
 35   42.233070   -0.000031    0.000031   -0.006761    0.036541    0.032403
 36   42.352238   -0.000122    0.000092    0.186235   -0.607308   -0.714976
 37   42.391693    0.000046   -0.000031    0.034911   -0.261955   -0.281749
 38   42.497711    0.000046   -0.000046    0.008494   -0.109140   -0.114493
 39   42.272675    0.000134   -0.000020    0.004464   -0.058513   -0.060837
 40   29.106133  106.580910    1.775723    0.001166    0.177787    1.237977
 41   42.375061   -0.000011   -0.000008    0.056836   -0.046987   -0.324233
 42   42.546143   -0.000011    0.000002    0.040314   -0.037749   -0.336318
 43   42.234497   -0.000046   -0.000003   -0.008947   -0.019742    0.115402
 44   42.465088    0.000008   -0.000008   -0.033014   -0.018454    0.618466
 45   42.458069   -0.000023   -0.000009   -0.009078   -0.024892    0.337813
 46   42.267944    0.000000    0.000001   -0.000220   -0.033839    0.451635
 47   42.505875    0.000000    0.000006    0.024570   -0.050615    0.801284
 48   42.233131   -0.000031   -0.000013    0.009235   -0.002660    0.123380
 49   42.352264   -0.000031    0.000001   -0.030441    0.007955   -0.407024
 50   42.391708    0.000031   -0.000003   -0.039569    0.031181   -0.693256
 51   42.497559    0.000031   -0.000012   -0.005348    0.026224   -0.343638
 52   42.272705   -0.000008    0.000001    0.002064    0.014028   -0.179317
 53   29.117870   50.683498  -91.253777   -1.021719    1.007708    1.082146
 54   42.375107    0.000000   -0.000015   -0.050004    0.085223   -0.132052
 55   42.546051    0.000038    0.000008   -0.045154    0.121733   -0.168053
 56   42.234512   -0.000057   -0.000011   -0.026698    0.035733   -0.047733
 57   42.464981    0.000023    0.000015   -0.045209   -0.211316    0.247516
 58   42.458038    0.000038    0.000000   -0.071979   -0.287644    0.331192
 59   42.267975   -0.000099    0.000031   -0.111632   -0.409684    0.469259
 60   42.505890    0.000092   -0.000031   -0.088517   -0.407117    0.453228
 61   42.233154   -0.000061    0.000000    0.010541    0.007123   -0.007283
 62   42.352226    0.000000   -0.000031   -0.065471    0.326590   -0.363916
 63   42.391678    0.000015    0.000015   -0.061077    0.302633   -0.330907
 64   42.497589    0.000038    0.000000   -0.022851    0.186938   -0.194071
 65   42.272797    0.000003    0.000043   -0.007084    0.089700   -0.090991
 66   29.239323  -56.044868  -91.389023   -0.303643    1.073263   -0.790607
 67   42.375084    0.000000   -0.000013    0.071765   -0.138188    0.041824
 68   42.546097    0.000000    0.000015    0.029097   -0.167318    0.091566
 69   42.234467    0.000034   -0.000004    0.028140   -0.038138    0.004736
 70   42.465027   -0.000038    0.000008   -0.000006    0.228286   -0.248350
 71   42.458099    0.000015   -0.000011   -0.021582    0.281233   -0.334561
 72   42.267883   -0.000076   -0.000008   -0.101328    0.380132   -0.510595
 73   42.505951    0.000031    0.000000   -0.116181    0.352544   -0.465766
 74   42.233124   -0.000031   -0.000031   -0.006728   -0.017391    0.019957
 75   42.352188   -0.000061   -0.000015   -0.036628   -0.322974    0.387853
 76   42.391754    0.000015   -0.000061   -0.028590   -0.273059    0.341041
 77   42.497620    0.000038    0.000023   -0.012384   -0.164556    0.207528
 78   42.272675   -0.000025    0.000032   -0.002255   -0.076342    0.095992
 79   29.137253 -106.634544    1.771904   -0.001128    0.194855   -1.048743
 80   42.375092    0.000010    0.000004   -0.046908   -0.056686    0.242225
 81   42.546051   -0.000004    0.000004   -0.038407   -0.043802    0.292882
 82   42.234528   -0.000038   -0.000010    0.008247   -0.021036   -0.098831
 83   42.465057    0.000008   -0.000006    0.035113   -0.013947   -0.605270
 84   42.458069    0.000046   -0.000004    0.012394   -0.024299   -0.349180
 85   42.267853    0.000015   -0.000006    0.003869   -0.032327   -0.428428
 86   42.505936    0.000000    0.000016   -0.017933   -0.054576   -0.814924
 87   42.233047   -0.000122   -0.000011   -0.010844   -0.004746   -0.150901
 88   42.352291   -0.000031    0.000003    0.027588    0.009996    0.372109
 89   42.391724    0.000031   -0.000002    0.039063    0.034499    0.709494
 90   42.497559    0.000015   -0.000021    0.003609    0.027748    0.354112
 91   42.272552    0.000018    0.000017   -0.003425    0.014721    0.188251
time 44
  0    0.000000    0.000000    0.000000    0.000000   -0.000000    0.000000
  1    0.000000    0.000000    0.000000    0.000000   -0.000000    0.000000
  2   -0.023905   -5.310555   -3.394020    2.316818   -1.531667   -0.747081
  3   50.309204   -0.435479    0.000003   -0.000017   -0.202929    0.014098
  4   30.891537   -0.000011    0.000001    0.000017   -0.181007   -0.014097
  5   34.635597    0.000007    0.000002   -0.000000   -0.233987   -0.000001
  6   30.584290    0.000018    0.000004   -0.000000   -0.470572    0.000001
  7   31.520187    0.000001   -0.000008   -0.000000   -0.538659   -0.000001
  8   34.241192  -28.000036  -41.877991    0.979910   -0.457073    0.306696
  9   34.241116   23.441799  -41.878098   -0.979915   -0.457074   -0.306691
 10   35.246700  -52.543083    1.319122   -0.000000    0.000000    0.564623
 11   35.246532   52.726318    1.318924   -0.000000    0.000000   -0.564620
 12   34.830006  -24.891926   45.588608   -0.977825    0.464116    0.295003
 13   34.885761   27.636585   43.767822    0.977821    0.464114   -0.295002
 14   29.239315  -51.573349   94.292931    0.033602   -0.664094   -0.501264
 15   42.375084   -0.000010   -0.000008   -0.099543    0.001578    0.015783
 16   42.546097    0.000034    0.000008   -0.053179    0.055221    0.068531
 17   42.234451    0.000027    0.000000   -0.030898    0.000530    0.008171
 18   42.465027    0.000031   -0.000004    0.016173   -0.242729   -0.297426
 19   42.458099   -0.000076   -0.000023    0.102852   -0.413316   -0.572630
 20   42.267960    0.000000    0.000015    0.019447   -0.209726   -0.277716
 21   42.505890    0.000046   -0.000031    0.125737   -0.390721   -0.575905
 22   42.233192    0.000061   -0.000031    0.026006   -0.146553   -0.192321
 23   42.352280    0.000031    0.000015    0.194576    0.500524    0.766656
 24   42.391754   -0.000046    0.000015    0.042604    0.271145    0.368920
 25   42.497437    0.000023   -0.000023    0.003063    0.096214    0.127740
 26   42.272797    0.000075   -0.000020   -0.000230    0.053615    0.071356
 27   29.182629   55.358700   92.201813    1.515655   -0.568797    0.471869
 28   42.375053    0.000004    0.000004    0.043547    0.035912    0.069055
 29   42.546097   -0.000031    0.000008    0.035735    0.005279    0.024213
 30   42.234467    0.000053    0.000004    0.024922    0.025550    0.044113
 31   42.465027   -0.000038   -0.000008    0.053403    0.265414    0.327307
 32   42.458038    0.000034   -0.000011    0.078297    0.294696    0.361556
 33   42.267883   -0.000015    0.000000    0.047281    0.214732    0.238337
 34   42.506012    0.000061    0.000015    0.216679    0.542013    0.664805
 35   42.233040   -0.000031    0.000031   -0.000771    0.100978    0.097966
 36   42.352272   -0.000092    0.000031    0.205896   -0.590305   -0.732556
 37   42.391724    0.000061   -0.000015    0.042445   -0.271904   -0.297970
 38   42.497711    0.000038   -0.000008    0.008906   -0.106872   -0.112968
 39   42.272675    0.000148    0.000010    0.004675   -0.060676   -0.063509
 40   29.205467  106.704529    1.749716    0.000697    0.077826    1.122599
 41   42.375069    0.000004    0.000000    0.019757   -0.024598   -0.256422
 42   42.546112   -0.000008    0.000001    0.015565   -0.020113   -0.310436
 43   42.234467   -0.000015   -0.000003   -0.002650   -0.008974    0.093069
 44   42.465088    0.000000   -0.000007   -0.010995   -0.004073    0.611521
 45   42.458099   -0.000015   -0.000004   -0.003907   -0.008222    0.353994
 46   42.267853   -0.000031    0.000002   -0.000943   -0.011467    0.474255
 47   42.505859    0.000000    0.000009    0.007303   -0.017025    0.809560
 48   42.233154   -0.000031   -0.000011    0.002735   -0.000843    0.112742
 49   42.352245    0.000031    0.000000   -0.009937    0.003373   -0.410521
 50   42.391663    0.000031   -0.000003   -0.012089    0.011177   -0.686592
 51   42.497620    0.000000   -0.000013   -0.001061    0.008581   -0.336256
 52   42.272675   -0.000016   -0.000002    0.001035    0.004633   -0.181896
 53   29.208431   50.700954  -91.354652   -1.170626    0.875894    0.874490
 54   42.375092   -0.000011   -0.000017   -0.054055    0.077795   -0.093015
 55   42.546051    0.000027    0.000015   -0.047438    0.109648   -0.130751
 56   42.234512   -0.000019    0.000000   -0.027228    0.031491   -0.028380
 57   42.464996    0.000053    0.000011   -0.041571   -0.199657    0.250340
 58   42.458099    0.000023   -0.000008   -0.073229   -0.281916    0.350826
 59   42.267944   -0.000069    0.000015   -0.108726   -0.378037    0.468041
 60   42.505859    0.000107    0.000000   -0.113908   -0.416403    0.505969
 61   42.233154   -0.000092   -0.000015    0.010854    0.000827   -0.000844
 62   42.352226    0.000031    0.000015   -0.060252    0.328014   -0.387066
 63   42.391724    0.000015    0.000015   -0.055152    0.290254   -0.340935
 64   42.497559    0.000031   -0.000023   -0.020444    0.173884   -0.195976
 65   42.272766   -0.000009   -0.000040   -0.006641    0.081780   -0.090382
 66   29.239311  -56.044880  -91.389053   -0.167594    0.910989   -0.637998
 67   42.375084   -0.000006   -0.000004    0.086615   -0.090562    0.036594
 68   42.546082    0.000011    0.000017    0.041367   -0.122884    0.083432
 69   42.234451    0.000027    0.000011    0.029722   -0.020448    0.003998
 70   42.464996   -0.000031   -0.000011   -0.002927    0.220022   -0.246578
 71   42.458130    0.000053   -0.000015   -0.024962    0.284681   -0.343877
 72   42.267944   -0.000031   -0.000023   -0.086995    0.368165   -0.492024
 73   42.505951    0.000092   -0.000031   -0.117729    0.375605   -0.511333
 74   42.233139   -0.000031   -0.000015   -0.007796   -0.010803    0.012960
 75   42.352188    0.000061    0.000000   -0.052457   -0.324914    0.407668
 76   42.391815   -0.000015   -0.000046   -0.034711   -0.270461    0.343333
 77   42.497528    0.000061   -0.000031   -0.012596   -0.159964    0.202328
 78   42.272675    0.000019   -0.000031   -0.001678   -0.073131    0.092067
 79   29.213352 -106.747742    1.748779   -0.000689    0.083481   -0.968201
 80   42.375053    0.000011   -0.000004   -0.016014   -0.026874    0.192876
 81   42.546021   -0.000008    0.000003   -0.014833   -0.022280    0.271665
 82   42.234528   -0.000015   -0.000008    0.002318   -0.009935   -0.074721
 83   42.465088   -0.000031   -0.000004    0.011676   -0.002415   -0.596353
 84   42.458099    0.000023   -0.000003    0.005178   -0.007836   -0.366592
 85   42.267944   -0.000015   -0.000008    0.002329   -0.010889   -0.448398
 86   42.505890    0.000031    0.000015   -0.004783   -0.018480   -0.826611
 87   42.233093   -0.000031   -0.000010   -0.003277   -0.001595   -0.141533
 88   42.352268   -0.000061   -0.000000    0.008945    0.004099    0.373503
 89   42.391708   -0.000031   -0.000006    0.011871    0.012480    0.703847
 90   42.497589    0.000000   -0.000021    0.000386    0.009140    0.347044
 91   42.272583    0.000008    0.000021   -0.001567    0.004867    0.190906
time 45
  0    0.000000    0.000000    0.000000    0.000000   -0.000000    0.000000
  1    0.000000    0.000000    0.000000    0.000000   -0.000000    0.000000
  2    0.000000    0.000000  -12.688735    0.785351   -1.573471    0.785351
  3   50.309212   -0.435479    0.000004   -0.000017   -0.199896    0.014098
  4   30.891541   -0.000011    0.000001    0.000017   -0.180273   -0.014097
  5   34.635597    0.000007    0.000000   -0.000000   -0.232594   -0.000001
  6   30.584290    0.000018    0.000004   -0.000000   -0.470874    0.000001
  7   31.520195    0.000000    0.000000   -0.000000   -0.538270   -0.000001
  8   34.241184  -28.000034  -41.878006    0.979910   -0.457073    0.306696
  9   34.241108   23.441805  -41.878098   -0.979915   -0.457074   -0.306691
 10   35.246693  -52.543095    1.319122   -0.000000    0.000000    0.564623
 11   35.246532   52.726318    1.318924   -0.000000    0.000000   -0.564620
 12   34.830006  -24.891928   45.588600   -0.977825    0.464116    0.295003
 13   34.885761   27.636591   43.767815    0.977821    0.464114   -0.295002
 14   29.239323  -51.573330   94.292961    0.080343   -0.731682   -0.550936
 15   42.375061   -0.000011   -0.000008   -0.098021    0.027525    0.022163
 16   42.546082    0.000031    0.000023   -0.052236    0.071531    0.068559
 17   42.234451    0.000004   -0.000015   -0.030408    0.030748    0.032969
 18   42.465027    0.000034   -0.000015    0.009742   -0.217763   -0.250576
 19   42.458038   -0.000061    0.000031    0.111223   -0.438906   -0.577002
 20   42.267944    0.000000   -0.000023    0.017169   -0.218219   -0.272142
 21   42.505981   -0.000031   -0.000031    0.096108   -0.371168   -0.505567
 22   42.233139    0.000000   -0.000031    0.048501   -0.250256   -0.324250
 23   42.352325   -0.000031   -0.000015    0.177606    0.479118    0.691662
 24   42.391739   -0.000061   -0.000031    0.066756    0.327120    0.427786
 25   42.497559    0.000000   -0.000008    0.004218    0.105674    0.131371
 26   42.272858    0.000031   -0.000042   -0.000046    0.057975    0.072144
 27   29.239346   55.382652   92.214981    1.518418   -0.591864    0.396611
 28   42.375069    0.000011   -0.000011    0.047796    0.040037    0.058788
 29   42.546082   -0.000023   -0.000004    0.037366    0.027070    0.035639
 30   42.234451    0.000057   -0.000011    0.026476    0.012985    0.015426
 31   42.465027   -0.000061    0.000008    0.047730    0.219504    0.266439
 32   42.458069   -0.000015   -0.000027    0.104334    0.356618    0.438065
 33   42.267883    0.000000    0.000000    0.041203    0.212242    0.235570
 34   42.506012    0.000092    0.000031    0.134075    0.465564    0.554443
 35   42.233078   -0.000031    0.000061    0.017650    0.229466    0.247603
 36   42.352226   -0.000153    0.000061    0.205767   -0.544343   -0.707568
 37   42.391632    0.000046   -0.000015    0.067423   -0.322327   -0.366512
 38   42.497620    0.000015   -0.000038    0.010201   -0.110609   -0.117754
 39   42.272644    0.000143   -0.000048    0.004865   -0.061815   -0.065033
 40   29.239349  106.746674    1.740858    0.000002    0.001974    0.965350
 41   42.375084    0.000019   -0.000001    0.000352   -0.000131   -0.179150
 42   42.546112    0.000015    0.000000    0.000481   -0.000017   -0.268558
 43   42.234451   -0.000015   -0.000003   -0.000087   -0.000195    0.050199
 44   42.465057   -0.000015   -0.000006   -0.000850   -0.000518    0.587561
 45   42.458084    0.000031   -0.000003   -0.000281   -0.000637    0.380480
 46   42.267883    0.000015    0.000001   -0.000029   -0.000858    0.465935
 47   42.505890    0.000000    0.000007    0.000599   -0.001298    0.844402
 48   42.233131   -0.000061   -0.000013    0.000247   -0.000074    0.135230
 49   42.352245    0.000000    0.000002   -0.000691    0.000110   -0.374449
 50   42.391678    0.000000   -0.000003   -0.001064    0.000628   -0.702508
 51   42.497650    0.000031   -0.000012   -0.000209    0.000603   -0.340155
 52   42.272705   -0.000004    0.000003    0.000002    0.000357   -0.187757
 53   29.239334   50.706898  -91.389107   -1.294099    0.775060    0.737438
 54   42.375107   -0.000008   -0.000004   -0.053502    0.076313   -0.059212
 55   42.546097    0.000011    0.000029   -0.045189    0.106314   -0.097456
 56   42.234573   -0.000031   -0.000015   -0.026690    0.033399   -0.017867
 57   42.465012    0.000050    0.000011   -0.043018   -0.197149    0.234002
 58   42.458099    0.000061    0.000008   -0.079773   -0.301987    0.354657
 59   42.267975   -0.000092    0.000031   -0.098303   -0.372229    0.431119
 60   42.505920    0.000061    0.000000   -0.129375   -0.463147    0.543694
 61   42.233170   -0.000092   -0.000015    0.010729   -0.015872    0.016569
 62   42.352242   -0.000061   -0.000031   -0.068400    0.341074   -0.386760
 63   42.391724    0.000061   -0.000031   -0.059765    0.303781   -0.338910
 64   42.497498    0.000053   -0.000015   -0.020186    0.176514   -0.187473
 65   42.272736    0.000040   -0.000010   -0.006279    0.082672   -0.086074
 66   29.239323  -56.044899  -91.389084   -0.151591    0.811513   -0.656536
 67   42.375084   -0.000006    0.000000    0.096833   -0.068100    0.053751
 68   42.546082   -0.000004    0.000031    0.049815   -0.100505    0.096710
 69   42.234482    0.000019   -0.000031    0.030832   -0.009553    0.010399
 70   42.465027   -0.000038   -0.000023   -0.008430    0.213342   -0.247576
 71   42.458099    0.000038    0.000000   -0.031803    0.290543   -0.358513
 72   42.267944   -0.000031   -0.000008   -0.074054    0.356054   -0.473045
 73   42.505997    0.000076    0.000000   -0.114261    0.396597   -0.554489
 74   42.233109    0.000000    0.000000   -0.008409   -0.004355    0.005527
 75   42.352158    0.000000    0.000000   -0.072329   -0.325669    0.430649
 76   42.391846   -0.000015    0.000000   -0.041375   -0.266901    0.344458
 77   42.497498    0.000061    0.000015   -0.012630   -0.155248    0.196680
 78   42.272644   -0.000001    0.000011   -0.000958   -0.069799    0.087890
 79   29.239319 -106.786263    1.740884   -0.000002    0.001968   -0.976201
 80   42.375107    0.000008   -0.000004   -0.000358   -0.000127    0.183061
 81   42.546021   -0.000031    0.000002   -0.000486   -0.000014    0.271904
 82   42.234497   -0.000015   -0.000006    0.000087   -0.000195   -0.050564
 83   42.465088    0.000023   -0.000003    0.000850   -0.000521   -0.588832
 84   42.458099    0.000015   -0.000003    0.000279   -0.000637   -0.379835
 85   42.267914    0.000015   -0.000009    0.000027   -0.000859   -0.467067
 86   42.505966    0.000000    0.000018   -0.000603   -0.001295   -0.843861
 87   42.233101    0.000061   -0.000014   -0.000245   -0.000073   -0.133894
 88   42.352287   -0.000031    0.000002    0.000694    0.000109    0.376301
 89   42.391693    0.000000   -0.000006    0.001063    0.000627    0.701858
 90   42.497528    0.000015   -0.000020    0.000210    0.000602    0.339644
 91   42.272491   -0.000006    0.000018   -0.000002    0.000355    0.187448
end
