version 1
nodes
  0 "SK_Tyranopode"                -1
  1 "ROOT_"                        -1
  2 "TYRANOPODE_"                   1
  3 "TYRANOPODE_BODY_01"            2
  4 "TYRANOPODE_BODY_02"            3
  5 "TYRANOPODE_BODY_03"            4
  6 "TYRANOPODE_BODY_04"            5
  7 "TYRANOPODE_BODY_05"            6
  8 "TYRANOPODE_JAW_R_L"            7
  9 "TYRANOPODE_JAW_R_R"            7
 10 "TYRANOPODE_JAW_M_L"            7
 11 "TYRANOPODE_JAW_M_R"            7
 12 "TYRANOPODE_JAW_F_L"            7
 13 "TYRANOPODE_JAW_F_R"            7
 14 "TYRANOPODE_TENTACLE_F_L_001"   2
 15 "TYRANOPODE_TENTACLE_F_L_002"  14
 16 "TYRANOPODE_TENTACLE_F_L_003"  15
 17 "TYRANOPODE_TENTACLE_F_L_004"  16
 18 "TYRANOPODE_TENTACLE_F_L_005"  17
 19 "TYRANOPODE_TENTACLE_F_L_006"  18
 20 "TYRANOPODE_TENTACLE_F_L_007"  19
 21 "TYRANOPODE_TENTACLE_F_L_008"  20
 22 "TYRANOPODE_TENTACLE_F_L_009"  21
 23 "TYRANOPODE_TENTACLE_F_L_010"  22
 24 "TYRANOPODE_TENTACLE_F_L_011"  23
 25 "TYRANOPODE_TENTACLE_F_L_012"  24
 26 "TYRANOPODE_TENTACLE_F_L_013"  25
 27 "TYRANOPODE_TENTACLE_F_R_001"   2
 28 "TYRANOPODE_TENTACLE_F_R_002"  27
 29 "TYRANOPODE_TENTACLE_F_R_003"  28
 30 "TYRANOPODE_TENTACLE_F_R_004"  29
 31 "TYRANOPODE_TENTACLE_F_R_005"  30
 32 "TYRANOPODE_TENTACLE_F_R_006"  31
 33 "TYRANOPODE_TENTACLE_F_R_007"  32
 34 "TYRANOPODE_TENTACLE_F_R_008"  33
 35 "TYRANOPODE_TENTACLE_F_R_009"  34
 36 "TYRANOPODE_TENTACLE_F_R_010"  35
 37 "TYRANOPODE_TENTACLE_F_R_011"  36
 38 "TYRANOPODE_TENTACLE_F_R_012"  37
 39 "TYRANOPODE_TENTACLE_F_R_013"  38
 40 "TYRANOPODE_TENTACLE_M_R_001"   2
 41 "TYRANOPODE_TENTACLE_M_R_002"  40
 42 "TYRANOPODE_TENTACLE_M_R_003"  41
 43 "TYRANOPODE_TENTACLE_M_R_004"  42
 44 "TYRANOPODE_TENTACLE_M_R_005"  43
 45 "TYRANOPODE_TENTACLE_M_R_006"  44
 46 "TYRANOPODE_TENTACLE_M_R_007"  45
 47 "TYRANOPODE_TENTACLE_M_R_008"  46
 48 "TYRANOPODE_TENTACLE_M_R_009"  47
 49 "TYRANOPODE_TENTACLE_M_R_010"  48
 50 "TYRANOPODE_TENTACLE_M_R_011"  49
 51 "TYRANOPODE_TENTACLE_M_R_012"  50
 52 "TYRANOPODE_TENTACLE_M_R_013"  51
 53 "TYRANOPODE_TENTACLE_R_R_001"   2
 54 "TYRANOPODE_TENTACLE_R_R_002"  53
 55 "TYRANOPODE_TENTACLE_R_R_003"  54
 56 "TYRANOPODE_TENTACLE_R_R_004"  55
 57 "TYRANOPODE_TENTACLE_R_R_005"  56
 58 "TYRANOPODE_TENTACLE_R_R_006"  57
 59 "TYRANOPODE_TENTACLE_R_R_007"  58
 60 "TYRANOPODE_TENTACLE_R_R_008"  59
 61 "TYRANOPODE_TENTACLE_R_R_009"  60
 62 "TYRANOPODE_TENTACLE_R_R_010"  61
 63 "TYRANOPODE_TENTACLE_R_R_011"  62
 64 "TYRANOPODE_TENTACLE_R_R_012"  63
 65 "TYRANOPODE_TENTACLE_R_R_013"  64
 66 "TYRANOPODE_TENTACLE_R_L_001"   2
 67 "TYRANOPODE_TENTACLE_R_L_002"  66
 68 "TYRANOPODE_TENTACLE_R_L_003"  67
 69 "TYRANOPODE_TENTACLE_R_L_004"  68
 70 "TYRANOPODE_TENTACLE_R_L_005"  69
 71 "TYRANOPODE_TENTACLE_R_L_006"  70
 72 "TYRANOPODE_TENTACLE_R_L_007"  71
 73 "TYRANOPODE_TENTACLE_R_L_008"  72
 74 "TYRANOPODE_TENTACLE_R_L_009"  73
 75 "TYRANOPODE_TENTACLE_R_L_010"  74
 76 "TYRANOPODE_TENTACLE_R_L_011"  75
 77 "TYRANOPODE_TENTACLE_R_L_012"  76
 78 "TYRANOPODE_TENTACLE_R_L_013"  77
 79 "TYRANOPODE_TENTACLE_M_L_001"   2
 80 "TYRANOPODE_TENTACLE_M_L_002"  79
 81 "TYRANOPODE_TENTACLE_M_L_003"  80
 82 "TYRANOPODE_TENTACLE_M_L_004"  81
 83 "TYRANOPODE_TENTACLE_M_L_005"  82
 84 "TYRANOPODE_TENTACLE_M_L_006"  83
 85 "TYRANOPODE_TENTACLE_M_L_007"  84
 86 "TYRANOPODE_TENTACLE_M_L_008"  85
 87 "TYRANOPODE_TENTACLE_M_L_009"  86
 88 "TYRANOPODE_TENTACLE_M_L_010"  87
 89 "TYRANOPODE_TENTACLE_M_L_011"  88
 90 "TYRANOPODE_TENTACLE_M_L_012"  89
 91 "TYRANOPODE_TENTACLE_M_L_013"  90
end
skeleton
time 0
  0    0.000000    0.000000    0.000000    0.000000   -0.000000    0.000000
  1    0.000000    0.000000    0.000000    0.000000   -0.000000    0.000000
  2    0.000000    0.000000  -12.688735    0.785390   -1.573515    0.785390
  3   50.309212   -0.435479    0.000004   -0.000017   -0.199896    0.014098
  4   30.891541   -0.000011    0.000001    0.000017   -0.180273   -0.014097
  5   34.635597    0.000007   -0.000002   -0.000000   -0.232594   -0.000001
  6   30.584282    0.000018    0.000004   -0.000000   -0.470874    0.000001
  7   31.520187    0.000000    0.000000   -0.000000   -0.538270   -0.000001
  8   34.241192  -28.000036  -41.878006    0.979910   -0.457073    0.306696
  9   34.241123   23.441803  -41.878098   -0.979915   -0.457074   -0.306691
 10   35.246700  -52.543095    1.319138   -0.000000    0.000000    0.564623
 11   35.246532   52.726318    1.318924   -0.000000    0.000000   -0.564620
 12   34.830021  -24.891930   45.588608   -0.977825    0.464116    0.295003
 13   34.885777   27.636591   43.767822    0.977821    0.464114   -0.295002
 14   29.239319  -51.573330   94.292969    0.080343   -0.731682   -0.550935
 15   42.375061   -0.000004   -0.000011   -0.098021    0.027525    0.022163
 16   42.546082    0.000031    0.000023   -0.052237    0.071531    0.068559
 17   42.234482    0.000004    0.000004   -0.030408    0.030748    0.032969
 18   42.464996    0.000050   -0.000011    0.009742   -0.217763   -0.250576
 19   42.458038   -0.000061    0.000015    0.111223   -0.438906   -0.577003
 20   42.267914    0.000000   -0.000015    0.017169   -0.218219   -0.272142
 21   42.505936   -0.000031   -0.000031    0.096108   -0.371168   -0.505567
 22   42.233139    0.000000   -0.000015    0.048501   -0.250256   -0.324250
 23   42.352322   -0.000031   -0.000031    0.177606    0.479118    0.691662
 24   42.391708   -0.000046   -0.000046    0.066756    0.327120    0.427786
 25   42.497559    0.000000   -0.000019    0.004218    0.105674    0.131371
 26   42.272858    0.000021   -0.000044   -0.000046    0.057975    0.072144
 27   29.239342   55.382656   92.214973    1.518418   -0.591864    0.396611
 28   42.375076    0.000008   -0.000004    0.047796    0.040037    0.058788
 29   42.546082   -0.000015    0.000000    0.037366    0.027070    0.035639
 30   42.234467    0.000065   -0.000015    0.026475    0.012985    0.015426
 31   42.465027   -0.000038    0.000000    0.047730    0.219504    0.266439
 32   42.458099    0.000000   -0.000015    0.104334    0.356618    0.438065
 33   42.267899    0.000015   -0.000015    0.041203    0.212242    0.235570
 34   42.506027    0.000061    0.000031    0.134075    0.465564    0.554443
 35   42.233070   -0.000031    0.000076    0.017650    0.229466    0.247603
 36   42.352234   -0.000122    0.000061    0.205767   -0.544343   -0.707568
 37   42.391663    0.000031   -0.000015    0.067423   -0.322327   -0.366512
 38   42.497620   -0.000008   -0.000042    0.010201   -0.110609   -0.117754
 39   42.272644    0.000152   -0.000032    0.004865   -0.061815   -0.065033
 40   29.239353  106.746689    1.740858    0.000002    0.001974    0.965349
 41   42.375084    0.000019   -0.000001    0.000352   -0.000131   -0.179150
 42   42.546127    0.000023    0.000001    0.000481   -0.000017   -0.268558
 43   42.234451   -0.000015   -0.000003   -0.000087   -0.000195    0.050199
 44   42.465057   -0.000015   -0.000006   -0.000850   -0.000518    0.587561
 45   42.458069    0.000031   -0.000003   -0.000281   -0.000637    0.380480
 46   42.267883    0.000015    0.000001   -0.000029   -0.000858    0.465935
 47   42.505905    0.000000    0.000007    0.000599   -0.001298    0.844402
 48   42.233139   -0.000031   -0.000013    0.000247   -0.000074    0.135230
 49   42.352245    0.000000    0.000002   -0.000691    0.000110   -0.374449
 50   42.391693    0.000000   -0.000003   -0.001064    0.000628   -0.702508
 51   42.497650    0.000015   -0.000012   -0.000209    0.000603   -0.340155
 52   42.272705   -0.000006    0.000003    0.000002    0.000357   -0.187757
 53   29.239334   50.706898  -91.389107   -1.294100    0.775060    0.737438
 54   42.375099   -0.000011    0.000000   -0.053502    0.076313   -0.059212
 55   42.546097    0.000004    0.000025   -0.045189    0.106314   -0.097456
 56   42.234558   -0.000046   -0.000008   -0.026690    0.033399   -0.017867
 57   42.465027    0.000038    0.000011   -0.043018   -0.197149    0.234003
 58   42.458069    0.000069    0.000000   -0.079773   -0.301987    0.354657
 59   42.267944   -0.000076    0.000023   -0.098303   -0.372229    0.431119
 60   42.505951    0.000092   -0.000031   -0.129375   -0.463147    0.543694
 61   42.233170   -0.000061   -0.000046    0.010729   -0.015872    0.016569
 62   42.352242   -0.000061   -0.000031   -0.068400    0.341074   -0.386761
 63   42.391724    0.000046   -0.000015   -0.059765    0.303781   -0.338910
 64   42.497559    0.000061   -0.000008   -0.020186    0.176514   -0.187473
 65   42.272766    0.000040   -0.000025   -0.006279    0.082672   -0.086074
 66   29.239326  -56.044899  -91.389076   -0.151591    0.811513   -0.656536
 67   42.375099   -0.000008    0.000004    0.096833   -0.068100    0.053751
 68   42.546082   -0.000004    0.000031    0.049815   -0.100505    0.096710
 69   42.234467    0.000023   -0.000015    0.030832   -0.009553    0.010399
 70   42.465042   -0.000023   -0.000011   -0.008430    0.213342   -0.247576
 71   42.458069    0.000031   -0.000008   -0.031803    0.290543   -0.358513
 72   42.267944   -0.000031   -0.000023   -0.074054    0.356054   -0.473045
 73   42.505981    0.000076   -0.000031   -0.114261    0.396597   -0.554489
 74   42.233116    0.000000    0.000015   -0.008409   -0.004355    0.005527
 75   42.352142    0.000000    0.000031   -0.072329   -0.325669    0.430649
 76   42.391846    0.000015    0.000000   -0.041375   -0.266901    0.344458
 77   42.497467    0.000061    0.000008   -0.012630   -0.155248    0.196680
 78   42.272644   -0.000003    0.000010   -0.000958   -0.069799    0.087890
 79   29.239323 -106.786255    1.740884   -0.000002    0.001968   -0.976201
 80   42.375114    0.000011   -0.000004   -0.000358   -0.000127    0.183061
 81   42.546036   -0.000015    0.000002   -0.000486   -0.000014    0.271904
 82   42.234497   -0.000015   -0.000006    0.000087   -0.000195   -0.050564
 83   42.465088    0.000023   -0.000003    0.000850   -0.000521   -0.588832
 84   42.458099    0.000015   -0.000003    0.000279   -0.000637   -0.379835
 85   42.267914    0.000015   -0.000009    0.000027   -0.000859   -0.467067
 86   42.505936    0.000031    0.000018   -0.000603   -0.001295   -0.843861
 87   42.233101    0.000061   -0.000013   -0.000245   -0.000073   -0.133894
 88   42.352291   -0.000031    0.000002    0.000694    0.000109    0.376301
 89   42.391708    0.000031   -0.000006    0.001063    0.000627    0.701858
 90   42.497528   -0.000015   -0.000020    0.000210    0.000602    0.339644
 91   42.272491   -0.000007    0.000018   -0.000002    0.000355    0.187448
time 1
  0    0.000000    0.000000    0.000000    0.000000   -0.000000    0.000000
  1    0.000000    0.000000    0.000000    0.000000   -0.000000    0.000000
  2    0.000000    0.989888  -12.302525    0.772160   -1.574641    0.888196
  3   50.309216   -0.435479    0.000004    0.000617   -0.161851    0.014087
  4   30.891544   -0.000011    0.000001    0.000355   -0.165461   -0.014134
  5   34.635597    0.000007    0.000000    0.000491   -0.210096   -0.000155
  6   30.584290    0.000017   -0.000004   -0.000162   -0.477465    0.000139
  7   31.520187   -0.000002    0.000000   -0.000205   -0.548985    0.000302
  8   34.241203  -28.000032  -41.877991    0.979910   -0.457073    0.306696
  9   34.241112   23.441801  -41.878082   -0.979915   -0.457074   -0.306691
 10   35.246712  -52.543091    1.319138   -0.000000    0.000000    0.564623
 11   35.246544   52.726318    1.318924   -0.000000   -0.000000   -0.564620
 12   34.830025  -24.891928   45.588623   -0.977825    0.464116    0.295003
 13   34.885780   27.636589   43.767838    0.977821    0.464114   -0.295002
 14   29.239319  -51.573353   94.292976    0.065446   -0.878775   -0.320052
 15   42.375046   -0.000008    0.000000   -0.112255    0.069256   -0.034318
 16   42.546112    0.000023    0.000034   -0.054063    0.121944    0.012038
 17   42.234451    0.000019    0.000027   -0.034914    0.064101    0.002713
 18   42.465012    0.000000    0.000008   -0.014959   -0.253732   -0.206721
 19   42.458069   -0.000061   -0.000008    0.055512   -0.528406   -0.506107
 20   42.267944    0.000031    0.000000   -0.014716   -0.240689   -0.251567
 21   42.505905    0.000046    0.000000    0.060656   -0.395563   -0.482206
 22   42.233177    0.000031    0.000000    0.042539   -0.257111   -0.320654
 23   42.352230    0.000000    0.000015    0.223311    0.498984    0.710645
 24   42.391693    0.000000   -0.000031    0.101913    0.332305    0.395245
 25   42.497437    0.000046    0.000015    0.017740    0.112633    0.117969
 26   42.272858    0.000063   -0.000021    0.007397    0.062981    0.064226
 27   29.239332   55.382603   92.214943    1.369093   -0.483670    0.552280
 28   42.375069    0.000000   -0.000011    0.025717    0.009150    0.073485
 29   42.546097   -0.000004   -0.000002    0.023017   -0.008147    0.057456
 30   42.234482    0.000065    0.000004    0.018876   -0.026565    0.035832
 31   42.465057   -0.000023    0.000008    0.018666    0.199088    0.267824
 32   42.458099    0.000008    0.000008    0.052429    0.340077    0.458303
 33   42.267929    0.000015    0.000038    0.009736    0.184258    0.259183
 34   42.506042    0.000092    0.000046    0.075919    0.378554    0.598200
 35   42.233116   -0.000031    0.000076    0.014462    0.193637    0.308929
 36   42.352249   -0.000061    0.000031    0.199958   -0.407830   -0.767619
 37   42.391708    0.000092    0.000000    0.104415   -0.269475   -0.425308
 38   42.497711    0.000061    0.000034    0.023900   -0.096856   -0.132048
 39   42.272614    0.000170    0.000036    0.012357   -0.055009   -0.072008
 40   29.239355  106.746635    1.740827   -0.091498    0.227117    0.966127
 41   42.375084    0.000015   -0.000006    0.040232   -0.061273   -0.183623
 42   42.546112    0.000000   -0.000002    0.035959   -0.055398   -0.274079
 43   42.234467    0.000023   -0.000003   -0.002312   -0.028395    0.036941
 44   42.465057    0.000023   -0.000008   -0.034562   -0.008142    0.582210
 45   42.458145   -0.000031   -0.000007   -0.033585   -0.023402    0.386072
 46   42.267914   -0.000046    0.000000   -0.042823   -0.037520    0.454096
 47   42.505966   -0.000031    0.000004   -0.083204   -0.090586    0.846736
 48   42.233147    0.000000   -0.000011   -0.004300   -0.023053    0.145872
 49   42.352245    0.000000    0.000004   -0.000961    0.063239   -0.353859
 50   42.391632    0.000031    0.000000    0.007634    0.110012   -0.702073
 51   42.497650    0.000015   -0.000011    0.023713    0.041572   -0.342119
 52   42.272705   -0.000008   -0.000007    0.015776    0.017457   -0.189411
 53   29.239334   50.706913  -91.389114   -1.552662    0.912877    0.497088
 54   42.375099   -0.000011   -0.000008   -0.049129    0.029290   -0.091046
 55   42.546082    0.000019    0.000015   -0.038041    0.067542   -0.125779
 56   42.234497   -0.000061    0.000000   -0.031097    0.012171   -0.035820
 57   42.465027    0.000031   -0.000004   -0.066080   -0.203077    0.225197
 58   42.458069    0.000046    0.000000   -0.129022   -0.330080    0.349086
 59   42.267975   -0.000084    0.000000   -0.148505   -0.412700    0.381908
 60   42.505920    0.000122   -0.000046   -0.169408   -0.543522    0.463576
 61   42.233208   -0.000046   -0.000061    0.011925   -0.033622    0.023018
 62   42.352310    0.000031    0.000031   -0.036439    0.391030   -0.293148
 63   42.391678    0.000046    0.000046   -0.028887    0.374414   -0.292690
 64   42.497589    0.000015   -0.000023    0.001595    0.210074   -0.166338
 65   42.272797   -0.000004    0.000013    0.004068    0.099569   -0.080781
 66   29.239323  -56.044830  -91.389000   -0.129584    0.622452   -0.833018
 67   42.375084   -0.000013    0.000015    0.094160   -0.001624    0.111854
 68   42.546097   -0.000008    0.000008    0.056486   -0.030922    0.147232
 69   42.234467    0.000031   -0.000011    0.025547    0.016068    0.032358
 70   42.464996   -0.000038    0.000000   -0.027754    0.163594   -0.273885
 71   42.458069    0.000008   -0.000004   -0.072751    0.241963   -0.409686
 72   42.267853   -0.000076    0.000015   -0.115854    0.305723   -0.488825
 73   42.505951    0.000092   -0.000015   -0.152238    0.379446   -0.577625
 74   42.233101    0.000000   -0.000015   -0.007187    0.011544   -0.014556
 75   42.352165   -0.000061   -0.000015   -0.039217   -0.306781    0.406083
 76   42.391800    0.000046    0.000000   -0.011645   -0.270999    0.372930
 77   42.497528    0.000038    0.000023    0.009110   -0.149221    0.216005
 78   42.272705    0.000016    0.000036    0.009156   -0.067671    0.102201
 79   29.239317 -106.786285    1.740914    0.091386   -0.223685   -0.976831
 80   42.375092   -0.000008    0.000000    0.040401    0.094391    0.174256
 81   42.546066    0.000000    0.000004    0.040315    0.106677    0.263030
 82   42.234497   -0.000008   -0.000006   -0.002397    0.016595   -0.045729
 83   42.465073    0.000000   -0.000006   -0.003898   -0.108666   -0.576941
 84   42.458099    0.000000    0.000000   -0.026266   -0.055246   -0.380038
 85   42.267853   -0.000031   -0.000002   -0.036375   -0.040883   -0.458694
 86   42.505951    0.000000    0.000017   -0.039397   -0.035569   -0.847279
 87   42.233040    0.000092   -0.000007   -0.003374    0.002008   -0.141688
 88   42.352306    0.000031    0.000002    0.011285    0.001353    0.366653
 89   42.391739    0.000031   -0.000002    0.050511    0.009024    0.706099
 90   42.497559    0.000000   -0.000014    0.033223    0.021137    0.341791
 91   42.272522    0.000015    0.000023    0.018051    0.017364    0.188200
time 2
  0    0.000000    0.000000    0.000000    0.000000   -0.000000    0.000000
  1    0.000000    0.000000    0.000000    0.000000   -0.000000    0.000000
  2    0.000000    3.350392  -11.296123    0.734214   -1.577788    0.991021
  3   50.309223   -0.435479    0.000004    0.002128   -0.071128    0.014061
  4   30.891552   -0.000011    0.000000    0.001158   -0.130140   -0.014222
  5   34.635605    0.000007   -0.000002    0.001662   -0.156447   -0.000523
  6   30.584297    0.000018    0.000002   -0.000549   -0.493183    0.000470
  7   31.520195   -0.000002    0.000000   -0.000695   -0.574536    0.001026
  8   34.241207  -28.000038  -41.878036    0.979910   -0.457073    0.306696
  9   34.241131   23.441807  -41.878113   -0.979915   -0.457074   -0.306691
 10   35.246716  -52.543102    1.319122   -0.000000    0.000000    0.564623
 11   35.246555   52.726330    1.318909   -0.000000   -0.000000   -0.564620
 12   34.830021  -24.891937   45.588600   -0.977825    0.464116    0.295003
 13   34.885777   27.636595   43.767815    0.977821    0.464114   -0.295002
 14   29.239315  -51.573357   94.292946   -0.000611   -0.981405   -0.096926
 15   42.375099    0.000000   -0.000023   -0.117816    0.093594   -0.079954
 16   42.546112    0.000038   -0.000004   -0.055643    0.151816   -0.039743
 17   42.234497    0.000008    0.000027   -0.037048    0.100081   -0.023365
 18   42.465057    0.000011    0.000023   -0.034779   -0.253387   -0.156457
 19   42.458099   -0.000050   -0.000008    0.007267   -0.602034   -0.437669
 20   42.267929    0.000053    0.000000   -0.039149   -0.265578   -0.237031
 21   42.505920    0.000015   -0.000031    0.026498   -0.402797   -0.438030
 22   42.233170    0.000000   -0.000031    0.044730   -0.294178   -0.350226
 23   42.352280    0.000061    0.000015    0.250253    0.511597    0.702046
 24   42.391754   -0.000031   -0.000015    0.133744    0.351781    0.384169
 25   42.497559    0.000031   -0.000008    0.027321    0.119433    0.107860
 26   42.272766    0.000072   -0.000005    0.012577    0.067129    0.057856
 27   29.239342   55.382626   92.214966    1.278762   -0.413239    0.650388
 28   42.375084    0.000008    0.000006    0.013241   -0.011886    0.074237
 29   42.546120   -0.000004   -0.000002    0.014042   -0.030764    0.064351
 30   42.234467    0.000080    0.000000    0.015567   -0.060408    0.038255
 31   42.465027   -0.000023    0.000011   -0.001605    0.174623    0.254586
 32   42.458069   -0.000008   -0.000004    0.016363    0.337122    0.475595
 33   42.267868   -0.000015    0.000008   -0.013850    0.166660    0.274472
 34   42.505997    0.000092    0.000000    0.025732    0.312150    0.600138
 35   42.233116   -0.000092    0.000000    0.011957    0.176979    0.381815
 36   42.352226   -0.000031    0.000000    0.176335   -0.304996   -0.769955
 37   42.391693    0.000061   -0.000008    0.136442   -0.235627   -0.483552
 38   42.497620    0.000031    0.000008    0.034826   -0.088468   -0.143647
 39   42.272675    0.000156   -0.000022    0.018239   -0.050926   -0.077336
 40   29.239346  106.746658    1.740836   -0.157838    0.370066    0.968902
 41   42.375061   -0.000008   -0.000008    0.066131   -0.091216   -0.193400
 42   42.546112    0.000008    0.000002    0.060172   -0.085331   -0.284142
 43   42.234497    0.000000   -0.000007   -0.002332   -0.047524    0.017882
 44   42.465073   -0.000015   -0.000013   -0.059083   -0.018291    0.574345
 45   42.458069   -0.000023   -0.000012   -0.057941   -0.042458    0.393352
 46   42.267975   -0.000015   -0.000008   -0.069221   -0.062103    0.438112
 47   42.505814    0.000000    0.000000   -0.141531   -0.152751    0.846404
 48   42.233139    0.000061    0.000000   -0.008582   -0.043243    0.159467
 49   42.352257    0.000000    0.000023   -0.000524    0.102504   -0.323510
 50   42.391647    0.000031    0.000008    0.012867    0.191780   -0.696066
 51   42.497589    0.000061   -0.000019    0.041807    0.073496   -0.342964
 52   42.272705   -0.000007   -0.000017    0.027964    0.030840   -0.191106
 53   29.239338   50.706917  -91.389107   -1.791083    0.976098    0.278054
 54   42.375092   -0.000006   -0.000008   -0.048388    0.001108   -0.114959
 55   42.546097    0.000032    0.000015   -0.034956    0.046448   -0.145825
 56   42.234528   -0.000015   -0.000011   -0.035200   -0.000952   -0.045834
 57   42.465027    0.000065   -0.000008   -0.083491   -0.210985    0.217002
 58   42.458038    0.000053    0.000000   -0.168821   -0.358711    0.343315
 59   42.268036   -0.000053    0.000008   -0.181214   -0.443605    0.336916
 60   42.505951    0.000122    0.000000   -0.183772   -0.595444    0.381740
 61   42.233139   -0.000031   -0.000031    0.012246   -0.050529    0.023701
 62   42.352280    0.000015    0.000000   -0.009865    0.408389   -0.210740
 63   42.391678    0.000031    0.000031   -0.000828    0.429596   -0.243363
 64   42.497650    0.000084   -0.000053    0.019876    0.238408   -0.145097
 65   42.272675    0.000048   -0.000008    0.013181    0.115547   -0.075119
 66   29.239319  -56.044872  -91.389061   -0.083902    0.462897   -0.930197
 67   42.375092   -0.000002   -0.000015    0.095297    0.060020    0.144000
 68   42.546143    0.000000    0.000015    0.064222    0.030283    0.173989
 69   42.234482    0.000015   -0.000008    0.022751    0.040682    0.044974
 70   42.465042   -0.000023   -0.000008   -0.038257    0.127444   -0.282963
 71   42.458099    0.000015   -0.000019   -0.102000    0.205111   -0.447267
 72   42.267944   -0.000076   -0.000046   -0.143366    0.271025   -0.492808
 73   42.505981    0.000031   -0.000015   -0.180924    0.368936   -0.592168
 74   42.233116   -0.000031    0.000015   -0.008177    0.027908   -0.034983
 75   42.352135    0.000061    0.000000   -0.017760   -0.287541    0.373986
 76   42.391830   -0.000015    0.000015    0.009544   -0.282590    0.397545
 77   42.497498    0.000023    0.000046    0.026458   -0.148882    0.232719
 78   42.272736    0.000009    0.000043    0.018309   -0.068259    0.116208
 79   29.239311 -106.786301    1.740911    0.157459   -0.402704   -0.983027
 80   42.375084   -0.000004   -0.000004    0.071530    0.164056    0.157777
 81   42.546051    0.000015    0.000001    0.071046    0.191225    0.244877
 82   42.234528   -0.000008   -0.000008   -0.002941    0.039169   -0.034272
 83   42.465073    0.000023   -0.000008   -0.007145   -0.187349   -0.550258
 84   42.458069    0.000008   -0.000010   -0.047061   -0.101449   -0.381474
 85   42.267914    0.000000   -0.000010   -0.064102   -0.068728   -0.439868
 86   42.505951    0.000000    0.000015   -0.072416   -0.062458   -0.854006
 87   42.233047    0.000031   -0.000004   -0.006880    0.004494   -0.161398
 88   42.352276   -0.000031    0.000008    0.017356    0.002601    0.343257
 89   42.391708    0.000000   -0.000001    0.086023    0.014488    0.715968
 90   42.497559    0.000015   -0.000016    0.058311    0.036478    0.347343
 91   42.272583    0.000004    0.000018    0.031778    0.030285    0.190432
time 3
  0    0.000000    0.000000    0.000000    0.000000   -0.000000    0.000000
  1    0.000000    0.000000    0.000000    0.000000   -0.000000    0.000000
  2    0.000000    6.167765   -9.897861    0.674340   -1.582423    1.093849
  3   50.309204   -0.435479    0.000004    0.003932    0.037153    0.014029
  4   30.891533   -0.000011    0.000001    0.002118   -0.087982   -0.014327
  5   34.635597    0.000007   -0.000001    0.003061   -0.092414   -0.000962
  6   30.584282    0.000018    0.000000   -0.001010   -0.511943    0.000865
  7   31.520180    0.000001   -0.000008   -0.001278   -0.605033    0.001891
  8   34.241196  -28.000023  -41.878006    0.979910   -0.457073    0.306696
  9   34.241119   23.441795  -41.878098   -0.979915   -0.457074   -0.306691
 10   35.246681  -52.543072    1.319138   -0.000000   -0.000000    0.564623
 11   35.246544   52.726307    1.318909   -0.000000   -0.000000   -0.564620
 12   34.830009  -24.891918   45.588600   -0.977825    0.464116    0.295003
 13   34.885765   27.636580   43.767815    0.977821    0.464114   -0.295002
 14   29.239321  -51.573341   94.292953   -0.091293   -1.045839    0.091551
 15   42.375061    0.000000   -0.000004   -0.115042    0.107106   -0.108622
 16   42.546089    0.000023   -0.000011   -0.054765    0.167868   -0.077658
 17   42.234497    0.000004    0.000000   -0.036545    0.133783   -0.047476
 18   42.465027    0.000025    0.000008   -0.045323   -0.233099   -0.120016
 19   42.458130   -0.000061    0.000015   -0.031957   -0.654224   -0.374820
 20   42.267960   -0.000008   -0.000031   -0.057374   -0.290296   -0.227341
 21   42.505920    0.000015    0.000000   -0.000849   -0.397901   -0.391487
 22   42.233162    0.000031   -0.000031    0.049365   -0.340904   -0.388253
 23   42.352322    0.000000    0.000000    0.261632    0.517499    0.681779
 24   42.391693    0.000031    0.000015    0.160867    0.374603    0.384400
 25   42.497498    0.000061   -0.000008    0.033772    0.124861    0.100555
 26   42.272766    0.000032   -0.000038    0.015967    0.070100    0.053087
 27   29.239336   55.382629   92.214958    1.222502   -0.375571    0.712437
 28   42.375069   -0.000008   -0.000011    0.008037   -0.024389    0.068856
 29   42.546082   -0.000027    0.000015    0.009815   -0.043317    0.062837
 30   42.234482    0.000080   -0.000015    0.015907   -0.084863    0.032169
 31   42.465057   -0.000019    0.000011   -0.013288    0.152440    0.238555
 32   42.458099    0.000015   -0.000008   -0.007088    0.339829    0.487414
 33   42.267883   -0.000031    0.000023   -0.030141    0.157312    0.285011
 34   42.506012    0.000076   -0.000015   -0.008364    0.268766    0.586926
 35   42.233101   -0.000061    0.000000    0.008085    0.165912    0.444383
 36   42.352257   -0.000153    0.000023    0.153281   -0.237677   -0.749912
 37   42.391724    0.000031    0.000015    0.160742   -0.211958   -0.532539
 38   42.497650    0.000038   -0.000023    0.042978   -0.083540   -0.152578
 39   42.272614    0.000164   -0.000005    0.022538   -0.048624   -0.081242
 40   29.239346  106.746658    1.740841   -0.201859    0.452322    0.977843
 41   42.375069    0.000004   -0.000011    0.083421   -0.101828   -0.205553
 42   42.546089    0.000004   -0.000002    0.075820   -0.097358   -0.295604
 43   42.234467    0.000046   -0.000004   -0.001712   -0.058132    0.005427
 44   42.465057    0.000008   -0.000008   -0.076510   -0.029023    0.570047
 45   42.458038   -0.000008   -0.000006   -0.073817   -0.057912    0.396493
 46   42.267914   -0.000031   -0.000004   -0.084134   -0.078189    0.428467
 47   42.505844    0.000000   -0.000015   -0.176496   -0.192744    0.842921
 48   42.233109    0.000000   -0.000015   -0.011420   -0.057115    0.165841
 49   42.352230    0.000031    0.000015   -0.000233    0.126221   -0.303105
 50   42.391647   -0.000031   -0.000008    0.016390    0.246641   -0.686032
 51   42.497650   -0.000031   -0.000019    0.054302    0.095806   -0.341015
 52   42.272736   -0.000019   -0.000005    0.036527    0.040299   -0.191274
 53   29.239328   50.706917  -91.389099   -1.964105    1.000350    0.122303
 54   42.375069   -0.000015    0.000015   -0.048815   -0.013898   -0.133354
 55   42.546066    0.000040    0.000008   -0.033968    0.037950   -0.160059
 56   42.234543   -0.000042   -0.000011   -0.038974   -0.009844   -0.047271
 57   42.464966    0.000053   -0.000015   -0.097232   -0.221652    0.214387
 58   42.458099    0.000038    0.000000   -0.198135   -0.383510    0.337249
 59   42.267975   -0.000084    0.000015   -0.201598   -0.467967    0.302750
 60   42.505951    0.000107   -0.000031   -0.179950   -0.619925    0.309707
 61   42.233200   -0.000069    0.000031    0.012736   -0.057773    0.019438
 62   42.352230    0.000000   -0.000061    0.007004    0.412061   -0.153666
 63   42.391724    0.000046    0.000000    0.021992    0.464111   -0.198936
 64   42.497559    0.000053    0.000031    0.033841    0.258398   -0.126427
 65   42.272736    0.000019    0.000017    0.020344    0.127386   -0.069267
 66   29.239315  -56.044880  -91.389061   -0.044247    0.344764   -0.989823
 67   42.375099    0.000002   -0.000008    0.097274    0.108816    0.163046
 68   42.546097   -0.000008    0.000000    0.070286    0.076766    0.189321
 69   42.234451    0.000015   -0.000004    0.020840    0.060049    0.049554
 70   42.465012   -0.000053    0.000015   -0.044156    0.105006   -0.286834
 71   42.458160    0.000023    0.000008   -0.121992    0.179992   -0.473904
 72   42.267883   -0.000076    0.000000   -0.161528    0.250541   -0.494509
 73   42.505997    0.000076   -0.000015   -0.198473    0.361473   -0.596406
 74   42.233131    0.000031    0.000000   -0.009776    0.039697   -0.049226
 75   42.352165    0.000061   -0.000015   -0.005730   -0.271449    0.345913
 76   42.391769    0.000031   -0.000031    0.023246   -0.294402    0.414501
 77   42.497559    0.000023    0.000008    0.039111   -0.151125    0.245498
 78   42.272736    0.000015   -0.000005    0.025762   -0.069825    0.127774
 79   29.239317 -106.786301    1.740900    0.201006   -0.532140   -0.994654
 80   42.375099    0.000004    0.000000    0.094858    0.209778    0.144503
 81   42.546028    0.000000    0.000002    0.092082    0.252461    0.226607
 82   42.234497    0.000000   -0.000004   -0.002099    0.063500   -0.024770
 83   42.465073   -0.000008    0.000004   -0.009070   -0.238711   -0.522200
 84   42.458099    0.000023   -0.000004   -0.062068   -0.138560   -0.381830
 85   42.267914    0.000031    0.000008   -0.083590   -0.086711   -0.422282
 86   42.505920    0.000031    0.000023   -0.098892   -0.082341   -0.857882
 87   42.233017    0.000061    0.000003   -0.010652    0.007041   -0.182144
 88   42.352245    0.000000    0.000015    0.020289    0.003882    0.320133
 89   42.391724    0.000000    0.000008    0.109416    0.017903    0.725098
 90   42.497620    0.000000   -0.000013    0.075960    0.047283    0.352881
 91   42.272522    0.000019    0.000022    0.041405    0.039517    0.192698
time 4
  0    0.000000    0.000000    0.000000    0.000000   -0.000000    0.000000
  1    0.000000    0.000000    0.000000    0.000000   -0.000000    0.000000
  2    0.000000    8.528272   -8.336095    0.595281   -1.588025    1.196671
  3   50.309219   -0.435479    0.000005    0.005444    0.127876    0.014003
  4   30.891548   -0.000011    0.000001    0.002922   -0.052661   -0.014415
  5   34.635605    0.000006    0.000000    0.004232   -0.038764   -0.001330
  6   30.584312    0.000018    0.000000   -0.001397   -0.527660    0.001195
  7   31.520203   -0.000000    0.000000   -0.001768   -0.630585    0.002615
  8   34.241196  -28.000038  -41.878021    0.979910   -0.457073    0.306696
  9   34.241119   23.441807  -41.878098   -0.979915   -0.457074   -0.306691
 10   35.246696  -52.543091    1.319138   -0.000000   -0.000000    0.564623
 11   35.246544   52.726322    1.318924   -0.000000   -0.000000   -0.564620
 12   34.830017  -24.891928   45.588608   -0.977825    0.464116    0.295003
 13   34.885773   27.636593   43.767822    0.977821    0.464114   -0.295002
 14   29.239330  -51.573364   94.292953   -0.169158   -1.081727    0.217517
 15   42.375092    0.000004    0.000015   -0.108744    0.115668   -0.122693
 16   42.546097    0.000042    0.000019   -0.052123    0.177101   -0.099300
 17   42.234451    0.000000    0.000004   -0.034997    0.158248   -0.065192
 18   42.465012    0.000019   -0.000015   -0.048881   -0.212997   -0.101084
 19   42.458130   -0.000061    0.000023   -0.057491   -0.683055   -0.329017
 20   42.267975    0.000015   -0.000015   -0.068995   -0.309318   -0.221238
 21   42.505920    0.000015   -0.000015   -0.017717   -0.390363   -0.358012
 22   42.233154    0.000000    0.000000    0.052397   -0.377126   -0.415318
 23   42.352303    0.000000    0.000031    0.266029    0.519870    0.664511
 24   42.391724   -0.000092   -0.000015    0.178906    0.391509    0.386173
 25   42.497467    0.000011   -0.000023    0.037361    0.128162    0.095736
 26   42.272888    0.000088   -0.000029    0.017800    0.071786    0.049959
 27   29.239346   55.382629   92.214951    1.190932   -0.360048    0.748314
 28   42.375076    0.000008   -0.000007    0.006941   -0.031053    0.062898
 29   42.546104   -0.000023    0.000013    0.008817   -0.049685    0.058523
 30   42.234482    0.000061   -0.000015    0.017856   -0.099194    0.024317
 31   42.465042   -0.000038    0.000008   -0.018832    0.137991    0.226769
 32   42.458099    0.000023   -0.000015   -0.020026    0.343172    0.493802
 33   42.267975   -0.000046    0.000000   -0.039454    0.153306    0.291291
 34   42.506042    0.000076   -0.000008   -0.026324    0.245828    0.574941
 35   42.233093   -0.000092    0.000038    0.004759    0.159059    0.482461
 36   42.352226   -0.000122    0.000053    0.138553   -0.202207   -0.730814
 37   42.391724    0.000061    0.000023    0.174795   -0.197662   -0.563015
 38   42.497711    0.000092   -0.000011    0.047904   -0.081032   -0.158031
 39   42.272675    0.000179   -0.000010    0.025108   -0.047512   -0.083549
 40   29.239365  106.746635    1.740848   -0.226364    0.493400    0.993271
 41   42.375061    0.000008   -0.000004    0.095597   -0.102856   -0.218580
 42   42.546112    0.000000    0.000002    0.085575   -0.099016   -0.307455
 43   42.234482    0.000038    0.000001   -0.001729   -0.062184    0.002373
 44   42.465073    0.000000   -0.000006   -0.088525   -0.038738    0.570843
 45   42.458084    0.000008    0.000000   -0.081792   -0.069385    0.394664
 46   42.267914    0.000015    0.000008   -0.091275   -0.088360    0.426246
 47   42.505844    0.000015    0.000008   -0.191809   -0.215401    0.838882
 48   42.233139    0.000000   -0.000015   -0.012008   -0.062550    0.164211
 49   42.352234    0.000031    0.000000   -0.000706    0.141129   -0.296428
 50   42.391678    0.000061   -0.000015    0.018682    0.276888   -0.676078
 51   42.497589    0.000015   -0.000015    0.061367    0.108523   -0.337362
 52   42.272675    0.000004   -0.000003    0.041459    0.045825   -0.190069
 53   29.239346   50.706902  -91.389099   -2.064487    1.015128    0.037756
 54   42.375107   -0.000010   -0.000004   -0.047740   -0.018689   -0.148528
 55   42.546097    0.000032    0.000015   -0.033096    0.038355   -0.170615
 56   42.234528   -0.000031   -0.000015   -0.041920   -0.016009   -0.043125
 57   42.465057    0.000050   -0.000008   -0.108101   -0.233751    0.217607
 58   42.458069    0.000031   -0.000023   -0.216161   -0.401236    0.331522
 59   42.268005   -0.000092   -0.000015   -0.212657   -0.486459    0.281516
 60   42.505875    0.000114    0.000031   -0.168060   -0.624558    0.258550
 61   42.233154   -0.000023    0.000000    0.013632   -0.054790    0.014438
 62   42.352333    0.000008   -0.000031    0.015404    0.415620   -0.122810
 63   42.391724    0.000061    0.000000    0.036263    0.479438   -0.168524
 64   42.497589    0.000076   -0.000046    0.042298    0.269074   -0.113465
 65   42.272736    0.000037   -0.000017    0.024625    0.133376   -0.064407
 66   29.239330  -56.044865  -91.389053   -0.026291    0.273774   -1.030587
 67   42.375092   -0.000004   -0.000008    0.101041    0.140564    0.178435
 68   42.546127    0.000004    0.000023    0.074952    0.105195    0.201284
 69   42.234451    0.000038   -0.000015    0.019252    0.071192    0.048613
 70   42.465042   -0.000023   -0.000019   -0.047864    0.093903   -0.292252
 71   42.458130    0.000015   -0.000031   -0.134048    0.166877   -0.489986
 72   42.267914   -0.000061    0.000008   -0.172797    0.241886   -0.497265
 73   42.505951    0.000046    0.000015   -0.205568    0.356558   -0.592294
 74   42.233162    0.000031   -0.000031   -0.010593    0.044118   -0.054130
 75   42.352165    0.000000    0.000000    0.000034   -0.263072    0.330088
 76   42.391815    0.000000    0.000000    0.031033   -0.301615    0.422378
 77   42.497559    0.000015    0.000023    0.046638   -0.153210    0.252866
 78   42.272705    0.000019    0.000004    0.030421   -0.070898    0.134563
 79   29.239315 -106.786247    1.740898    0.224883   -0.611121   -1.010990
 80   42.375092   -0.000008   -0.000015    0.112356    0.237071    0.139883
 81   42.546051    0.000008    0.000000    0.105226    0.291593    0.216460
 82   42.234543    0.000015    0.000004   -0.001264    0.080433   -0.020886
 83   42.465073    0.000000    0.000000   -0.009236   -0.268736   -0.503244
 84   42.458145   -0.000008    0.000006   -0.071123   -0.163009   -0.379687
 85   42.267944   -0.000015   -0.000004   -0.095957   -0.097361   -0.412315
 86   42.505920    0.000031    0.000000   -0.117216   -0.094239   -0.858621
 87   42.233063    0.000000   -0.000017   -0.013713    0.009233   -0.194357
 88   42.352299    0.000000   -0.000005    0.022210    0.005152    0.307250
 89   42.391747    0.000031   -0.000012    0.123239    0.020721    0.729872
 90   42.497589    0.000015   -0.000019    0.086058    0.054324    0.355714
 91   42.272461    0.000000    0.000023    0.046719    0.045277    0.193697
time 5
  0    0.000000    0.000000    0.000000    0.000000   -0.000000    0.000000
  1    0.000000    0.000000    0.000000    0.000000   -0.000000    0.000000
  2    0.000000    9.518158   -6.839158    0.499760   -1.594104    1.299490
  3   50.309212   -0.435479    0.000004    0.006078    0.165921    0.013992
  4   30.891541   -0.000011    0.000001    0.003259   -0.037848   -0.014452
  5   34.635597    0.000007   -0.000000    0.004723   -0.016266   -0.001484
  6   30.584297    0.000018    0.000000   -0.001559   -0.534252    0.001334
  7   31.520195   -0.000001    0.000000   -0.001973   -0.641300    0.002918
  8   34.241211  -28.000038  -41.878036    0.979910   -0.457073    0.306696
  9   34.241127   23.441805  -41.878098   -0.979915   -0.457074   -0.306691
 10   35.246704  -52.543091    1.319138   -0.000000    0.000000    0.564623
 11   35.246552   52.726322    1.318909   -0.000000   -0.000000   -0.564620
 12   34.830017  -24.891932   45.588608   -0.977825    0.464116    0.295003
 13   34.885773   27.636587   43.767822    0.977821    0.464114   -0.295002
 14   29.239317  -51.573357   94.292923   -0.201075   -1.094970    0.262015
 15   42.375061    0.000011   -0.000025   -0.104158    0.121483   -0.127445
 16   42.546097    0.000027    0.000008   -0.049938    0.183500   -0.106528
 17   42.234451    0.000015   -0.000008   -0.034444    0.166636   -0.071643
 18   42.464996    0.000004    0.000031   -0.049329   -0.208945   -0.095661
 19   42.458038   -0.000092    0.000000   -0.066133   -0.692817   -0.311205
 20   42.267883    0.000008    0.000000   -0.073090   -0.315287   -0.216909
 21   42.505966    0.000031   -0.000031   -0.023326   -0.391112   -0.348099
 22   42.233162    0.000031   -0.000015    0.050710   -0.386574   -0.418056
 23   42.352268    0.000000    0.000000    0.273563    0.524914    0.663817
 24   42.391754   -0.000076   -0.000015    0.182797    0.395047    0.380351
 25   42.497528    0.000031    0.000000    0.038232    0.128933    0.093022
 26   42.272797    0.000053   -0.000015    0.018251    0.072220    0.048401
 27   29.239334   55.382614   92.214935    1.181979   -0.354894    0.762272
 28   42.375061   -0.000008    0.000006    0.007202   -0.034084    0.060172
 29   42.546097   -0.000019    0.000025    0.009322   -0.053139    0.055540
 30   42.234482    0.000076    0.000000    0.019148   -0.104314    0.020333
 31   42.465042   -0.000072    0.000023   -0.020699    0.135754    0.224550
 32   42.458099    0.000015   -0.000008   -0.024380    0.344373    0.495479
 33   42.267853    0.000000   -0.000015   -0.042086    0.151893    0.292481
 34   42.506058    0.000092    0.000023   -0.030207    0.240753    0.574715
 35   42.233109    0.000000    0.000000    0.003960    0.155177    0.487215
 36   42.352253   -0.000122    0.000015    0.135641   -0.194513   -0.729620
 37   42.391693    0.000061    0.000015    0.177291   -0.192789   -0.567152
 38   42.497650    0.000069    0.000019    0.049217   -0.080105   -0.158931
 39   42.272644    0.000158   -0.000009    0.025846   -0.047117   -0.083944
 40   29.239349  106.746674    1.740835   -0.234118    0.510269    1.012803
 41   42.375061    0.000004    0.000000    0.104636   -0.101238   -0.231467
 42   42.546112    0.000000    0.000000    0.091504   -0.097280   -0.318393
 43   42.234497   -0.000015   -0.000004   -0.002572   -0.062871    0.006546
 44   42.465088   -0.000015   -0.000007   -0.095487   -0.045837    0.575123
 45   42.458099    0.000000   -0.000006   -0.083257   -0.076168    0.389829
 46   42.267914    0.000000    0.000008   -0.092857   -0.093797    0.429723
 47   42.505875    0.000000    0.000015   -0.191930   -0.224232    0.835501
 48   42.233109    0.000000    0.000000   -0.010732   -0.060878    0.157661
 49   42.352226   -0.000031    0.000031   -0.002140    0.149536   -0.300934
 50   42.391701   -0.000031    0.000000    0.019199    0.286466   -0.669227
 51   42.497620    0.000015   -0.000008    0.063506    0.112910   -0.333612
 52   42.272675   -0.000017    0.000003    0.043109    0.047909   -0.188241
 53   29.239336   50.706902  -91.389099   -2.105489    1.039455    0.013508
 54   42.375069   -0.000008   -0.000015   -0.043278   -0.013786   -0.162636
 55   42.546082    0.000023    0.000000   -0.031089    0.045146   -0.180042
 56   42.234558   -0.000057   -0.000008   -0.043231   -0.018947   -0.038720
 57   42.465042    0.000050    0.000000   -0.115112   -0.244017    0.223789
 58   42.458130    0.000015   -0.000015   -0.222409   -0.409318    0.326943
 59   42.268005   -0.000061    0.000015   -0.216507   -0.498333    0.273988
 60   42.505905    0.000130    0.000061   -0.156534   -0.619001    0.233987
 61   42.233154   -0.000046    0.000000    0.014570   -0.045737    0.010912
 62   42.352283    0.000015   -0.000092    0.017412    0.424288   -0.114681
 63   42.391724    0.000076    0.000000    0.040816    0.479774   -0.156029
 64   42.497528    0.000038    0.000031    0.044817    0.270891   -0.107685
 65   42.272675    0.000047    0.000008    0.025653    0.133354   -0.061361
 66   29.239323  -56.044868  -91.389038   -0.041221    0.255759   -1.062182
 67   42.375099    0.000000    0.000000    0.109122    0.149628    0.195724
 68   42.546097    0.000011    0.000019    0.079158    0.112247    0.214261
 69   42.234467    0.000046   -0.000019    0.018282    0.073163    0.045368
 70   42.465012   -0.000038    0.000011   -0.050475    0.092057   -0.301259
 71   42.458160    0.000061    0.000000   -0.138681    0.164827   -0.494904
 72   42.267914   -0.000031   -0.000015   -0.178499    0.242600   -0.501877
 73   42.505951    0.000092    0.000031   -0.204478    0.353933   -0.583005
 74   42.233131    0.000031    0.000000   -0.010076    0.040466   -0.049206
 75   42.352188   -0.000031   -0.000046    0.001882   -0.265689    0.330892
 76   42.391769   -0.000015    0.000000    0.034745   -0.301672    0.421028
 77   42.497559    0.000000    0.000008    0.049042   -0.153028    0.253688
 78   42.272675    0.000000   -0.000031    0.031567   -0.070271    0.134803
 79   29.239323 -106.786247    1.740904    0.231977   -0.638225   -1.029830
 80   42.375069    0.000015    0.000000    0.123911    0.250341    0.145720
 81   42.546051    0.000000    0.000004    0.111723    0.309539    0.219270
 82   42.234512   -0.000008   -0.000011   -0.001516    0.081828   -0.023626
 83   42.465012   -0.000008    0.000004   -0.007542   -0.283473   -0.499646
 84   42.458084    0.000023   -0.000004   -0.074380   -0.171545   -0.374498
 85   42.267883    0.000015    0.000004   -0.102171   -0.102430   -0.412861
 86   42.505981    0.000000    0.000019   -0.125967   -0.098013   -0.858096
 87   42.233025    0.000000    0.000006   -0.014882    0.010624   -0.191218
 88   42.352322    0.000000    0.000008    0.024667    0.006346    0.310544
 89   42.391678   -0.000031    0.000006    0.129804    0.024078    0.728526
 90   42.497559    0.000015   -0.000015    0.088750    0.058244    0.354122
 91   42.272400    0.000015    0.000026    0.047689    0.047782    0.192511
time 6
  0    0.000000    0.000000    0.000000    0.000000   -0.000000    0.000000
  1    0.000000    0.000000    0.000000    0.000000   -0.000000    0.000000
  2    0.000000    8.480962   -5.335643    0.392597   -1.600838    1.402308
  3   50.309219   -0.435479    0.000004    0.006068    0.149391    0.013994
  4   30.891533   -0.000010   -0.000001    0.003259   -0.046085   -0.014452
  5   34.635597    0.000007    0.000001    0.004723   -0.020027   -0.001484
  6   30.584290    0.000018    0.000001   -0.001555   -0.529065    0.001331
  7   31.520195    0.000000   -0.000008   -0.001968   -0.629947    0.002911
  8   34.241203  -28.000034  -41.878021    0.979910   -0.457073    0.306696
  9   34.241127   23.441801  -41.878113   -0.979915   -0.457074   -0.306691
 10   35.246704  -52.543091    1.319122   -0.000000   -0.000000    0.564623
 11   35.246544   52.726311    1.318909   -0.000000    0.000000   -0.564620
 12   34.830009  -24.891922   45.588600   -0.977825    0.464116    0.295002
 13   34.885765   27.636587   43.767815    0.977820    0.464114   -0.295002
 14   29.239319  -51.573364   94.292976   -0.178326   -1.087603    0.232415
 15   42.375084    0.000004    0.000004   -0.103546    0.125164   -0.128180
 16   42.546089    0.000027    0.000008   -0.049596    0.188978   -0.103457
 17   42.234451    0.000019    0.000008   -0.036196    0.154334   -0.067237
 18   42.464996    0.000008   -0.000008   -0.049135   -0.230460   -0.100502
 19   42.458069   -0.000069   -0.000023   -0.062022   -0.688361   -0.318696
 20   42.268005    0.000015   -0.000031   -0.070822   -0.305043   -0.211548
 21   42.505875    0.000015    0.000000   -0.018591   -0.408153   -0.366197
 22   42.233185    0.000015    0.000015    0.042145   -0.359603   -0.386558
 23   42.352268    0.000000    0.000061    0.293167    0.538778    0.688308
 24   42.391708   -0.000031    0.000000    0.170179    0.380545    0.358404
 25   42.497498    0.000038   -0.000023    0.036820    0.127023    0.091194
 26   42.272827    0.000036   -0.000042    0.017621    0.071495    0.047807
 27   29.239338   55.382614   92.214943    1.175190   -0.336132    0.792613
 28   42.375084   -0.000008   -0.000003    0.008194   -0.051377    0.062812
 29   42.546112    0.000008    0.000006    0.012318   -0.076000    0.055509
 30   42.234467    0.000069   -0.000008    0.019857   -0.123607    0.024046
 31   42.465027   -0.000031    0.000019   -0.014765    0.143847    0.230283
 32   42.458099    0.000023   -0.000015   -0.014898    0.350244    0.476324
 33   42.267883   -0.000046    0.000000   -0.039493    0.156673    0.283924
 34   42.506042    0.000076    0.000000   -0.027511    0.255019    0.583862
 35   42.233078   -0.000031    0.000023    0.003784    0.162825    0.485609
 36   42.352245   -0.000122    0.000015    0.122928   -0.194388   -0.675215
 37   42.391708    0.000000    0.000000    0.185295   -0.207988   -0.596244
 38   42.497650    0.000046   -0.000031    0.051304   -0.087451   -0.168803
 39   42.272552    0.000149   -0.000013    0.026542   -0.051131   -0.088488
 40   29.239349  106.746666    1.740834   -0.230000    0.514954    1.037143
 41   42.375084    0.000019    0.000000    0.112731   -0.098500   -0.245473
 42   42.546112   -0.000027    0.000000    0.095778   -0.094510   -0.328884
 43   42.234467   -0.000008   -0.000002   -0.004099   -0.061537    0.015671
 44   42.465088    0.000038   -0.000005   -0.100126   -0.049078    0.581782
 45   42.458084   -0.000008    0.000002   -0.081797   -0.078806    0.383511
 46   42.267944    0.000015    0.000008   -0.092594   -0.096688    0.438016
 47   42.505905    0.000000    0.000023   -0.183657   -0.225183    0.831487
 48   42.233154    0.000031    0.000015   -0.008346   -0.055131    0.147119
 49   42.352245   -0.000031   -0.000015   -0.004725    0.153580   -0.314271
 50   42.391678    0.000000    0.000000    0.017828    0.281912   -0.664691
 51   42.497589    0.000000   -0.000004    0.062038    0.111523   -0.329859
 52   42.272736    0.000027   -0.000008    0.042389    0.047624   -0.185981
 53   29.239338   50.706905  -91.389122   -2.110937    1.083469    0.028640
 54   42.375084   -0.000010   -0.000004   -0.034837    0.000023   -0.178173
 55   42.546082    0.000029    0.000027   -0.027230    0.056556   -0.192189
 56   42.234512   -0.000027    0.000015   -0.042143   -0.016423   -0.040957
 57   42.465027    0.000053   -0.000008   -0.117721   -0.250712    0.229944
 58   42.458069    0.000008    0.000015   -0.224863   -0.417108    0.331959
 59   42.267944   -0.000107    0.000000   -0.209299   -0.493928    0.269205
 60   42.505890    0.000114    0.000000   -0.148610   -0.608816    0.231034
 61   42.233116   -0.000069    0.000000    0.015008   -0.038615    0.009558
 62   42.352249    0.000031    0.000031    0.014905    0.438010   -0.123326
 63   42.391724    0.000038    0.000031    0.038142    0.468956   -0.156939
 64   42.497528    0.000015    0.000000    0.042585    0.264328   -0.106712
 65   42.272736   -0.000009    0.000010    0.024043    0.128022   -0.059334
 66   29.239311  -56.044880  -91.389046   -0.091003    0.290450   -1.092266
 67   42.375092   -0.000006    0.000000    0.121060    0.131450    0.214970
 68   42.546112   -0.000019    0.000015    0.083032    0.097004    0.229618
 69   42.234482    0.000015   -0.000023    0.018582    0.067324    0.044556
 70   42.465027   -0.000031   -0.000011   -0.052747    0.098201   -0.313673
 71   42.458099    0.000023   -0.000023   -0.141492    0.173860   -0.501084
 72   42.267883   -0.000076   -0.000008   -0.175759    0.246350   -0.497562
 73   42.505981    0.000046    0.000000   -0.196703    0.350421   -0.566715
 74   42.233177    0.000061    0.000000   -0.008933    0.032403   -0.039132
 75   42.352203    0.000000    0.000031    0.001381   -0.279586    0.348179
 76   42.391815    0.000000    0.000015    0.036453   -0.293562    0.410164
 77   42.497559   -0.000046    0.000008    0.047379   -0.148882    0.246755
 78   42.272736   -0.000059   -0.000002    0.029594   -0.067085    0.127895
 79   29.239311 -106.786263    1.740904    0.227229   -0.624794   -1.050501
 80   42.375099    0.000019   -0.000004    0.130604    0.255792    0.160965
 81   42.546066   -0.000023    0.000006    0.112409    0.311941    0.233208
 82   42.234528   -0.000008    0.000015   -0.002694    0.068899   -0.033068
 83   42.465088   -0.000031    0.000008   -0.002781   -0.287201   -0.510290
 84   42.458099    0.000031   -0.000002   -0.071765   -0.166591   -0.366792
 85   42.267914    0.000000   -0.000008   -0.102616   -0.104560   -0.424083
 86   42.505936    0.000031    0.000023   -0.124709   -0.096851   -0.855186
 87   42.233078    0.000000   -0.000002   -0.014044    0.010378   -0.173226
 88   42.352299   -0.000031    0.000007    0.028600    0.007518    0.329952
 89   42.391754   -0.000031    0.000000    0.131829    0.028761    0.720867
 90   42.497528    0.000015   -0.000015    0.085780    0.060029    0.348055
 91   42.272430    0.000034    0.000026    0.045330    0.047885    0.189085
time 7
  0    0.000000    0.000000    0.000000    0.000000   -0.000000    0.000000
  1    0.000000    0.000000    0.000000    0.000000   -0.000000    0.000000
  2    0.000000    5.659281   -3.648217    0.277660   -1.608516    1.505128
  3   50.309216   -0.435479    0.000004    0.005996    0.104524    0.014004
  4   30.891541   -0.000011    0.000002    0.003257   -0.068439   -0.014452
  5   34.635597    0.000007    0.000000    0.004720   -0.030236   -0.001483
  6   30.584282    0.000018    0.000002   -0.001545   -0.514977    0.001322
  7   31.520172    0.000000    0.000008   -0.001955   -0.599134    0.002892
  8   34.241188  -28.000031  -41.878006    0.979910   -0.457073    0.306696
  9   34.241104   23.441797  -41.878067   -0.979915   -0.457074   -0.306691
 10   35.246689  -52.543076    1.319138   -0.000000   -0.000000    0.564623
 11   35.246529   52.726307    1.318924   -0.000000   -0.000000   -0.564620
 12   34.830002  -24.891916   45.588615   -0.977825    0.464116    0.295002
 13   34.885757   27.636585   43.767822    0.977821    0.464114   -0.295002
 14   29.239323  -51.573353   94.292946   -0.117447   -1.060913    0.152581
 15   42.375069    0.000000    0.000002   -0.106199    0.126483   -0.125825
 16   42.546112    0.000023   -0.000004   -0.050802    0.192904   -0.091718
 17   42.234497    0.000004   -0.000015   -0.039508    0.123577   -0.056483
 18   42.464981    0.000004    0.000000   -0.048022   -0.275127   -0.116934
 19   42.458069   -0.000069   -0.000008   -0.051568   -0.667146   -0.338809
 20   42.267944    0.000000   -0.000015   -0.064633   -0.285270   -0.205683
 21   42.505875    0.000000   -0.000015   -0.003937   -0.438437   -0.408252
 22   42.233131   -0.000031    0.000000    0.028959   -0.299075   -0.322185
 23   42.352238    0.000000    0.000015    0.321094    0.557305    0.729045
 24   42.391724   -0.000046    0.000000    0.145848    0.351036    0.323628
 25   42.497437    0.000019   -0.000023    0.033837    0.123012    0.089720
 26   42.272858    0.000020   -0.000034    0.016254    0.069852    0.047761
 27   29.239342   55.382618   92.214928    1.180943   -0.309911    0.817587
 28   42.375084   -0.000008   -0.000001    0.008535   -0.072239    0.071360
 29   42.546097   -0.000015    0.000004    0.015747   -0.104650    0.059302
 30   42.234467    0.000065   -0.000011    0.018252   -0.136079    0.035568
 31   42.465027   -0.000050   -0.000004   -0.006107    0.164676    0.245201
 32   42.458008   -0.000008   -0.000008   -0.003019    0.349252    0.450489
 33   42.267899    0.000015    0.000008   -0.033142    0.162059    0.274124
 34   42.506104    0.000076    0.000015   -0.014384    0.283046    0.606348
 35   42.233093    0.000031    0.000015    0.004111    0.168706    0.453604
 36   42.352253   -0.000122    0.000053    0.117931   -0.206444   -0.634536
 37   42.391708    0.000061    0.000038    0.186771   -0.229206   -0.604774
 38   42.497620    0.000084    0.000019    0.051540   -0.096675   -0.176464
 39   42.272614    0.000162   -0.000011    0.026286   -0.056142   -0.092275
 40   29.239355  106.746620    1.740842   -0.217964    0.509064    1.069563
 41   42.375053   -0.000008   -0.000008    0.120846   -0.092153   -0.263013
 42   42.546127    0.000011    0.000000    0.099105   -0.088756   -0.339887
 43   42.234436    0.000000    0.000001   -0.006431   -0.057660    0.029731
 44   42.465088    0.000000   -0.000010   -0.105181   -0.049027    0.590873
 45   42.458115   -0.000046   -0.000008   -0.079617   -0.078642    0.375581
 46   42.267944   -0.000015    0.000000   -0.092891   -0.098942    0.451802
 47   42.505890    0.000015    0.000000   -0.170738   -0.222280    0.824461
 48   42.233124   -0.000031   -0.000015   -0.005407   -0.047019    0.131788
 49   42.352280   -0.000031    0.000000   -0.008658    0.155206   -0.336298
 50   42.391724    0.000000    0.000015    0.015143    0.267989   -0.660002
 51   42.497620   -0.000015   -0.000011    0.058136    0.106278   -0.325287
 52   42.272736   -0.000004   -0.000003    0.040064    0.045778   -0.183013
 53   29.239336   50.706898  -91.389076   -2.086037    1.144205    0.077547
 54   42.375076   -0.000011   -0.000004   -0.024257    0.020042   -0.193952
 55   42.546066    0.000036    0.000008   -0.021925    0.071619   -0.208034
 56   42.234558   -0.000034    0.000000   -0.038834   -0.007629   -0.051877
 57   42.464981    0.000027    0.000000   -0.116569   -0.254354    0.235340
 58   42.458038    0.000008    0.000008   -0.230746   -0.433411    0.353232
 59   42.267914   -0.000084    0.000015   -0.189190   -0.467619    0.258255
 60   42.505905    0.000069    0.000000   -0.143182   -0.593858    0.241501
 61   42.233185   -0.000076   -0.000031    0.014816   -0.037622    0.010515
 62   42.352287    0.000000   -0.000031    0.008767    0.453947   -0.144280
 63   42.391739    0.000008   -0.000031    0.031207    0.449370   -0.165237
 64   42.497559    0.000023    0.000031    0.037296    0.250834   -0.107853
 65   42.272766   -0.000009    0.000018    0.020787    0.118899   -0.057537
 66   29.239323  -56.044861  -91.389030   -0.164990    0.367024   -1.123633
 67   42.375107    0.000000    0.000023    0.130767    0.089787    0.230659
 68   42.546097    0.000000    0.000042    0.084882    0.063434    0.245226
 69   42.234482    0.000023   -0.000008    0.020163    0.055711    0.048560
 70   42.465027   -0.000061    0.000006   -0.054791    0.111463   -0.328250
 71   42.458130    0.000023   -0.000004   -0.147016    0.193792   -0.518929
 72   42.267853   -0.000061    0.000000   -0.161851    0.246662   -0.474233
 73   42.505981    0.000061    0.000000   -0.184750    0.344296   -0.544095
 74   42.233124   -0.000061   -0.000061   -0.007894    0.023820   -0.028618
 75   42.352173   -0.000061   -0.000031   -0.000718   -0.300526    0.375995
 76   42.391815    0.000000   -0.000031    0.036669   -0.278589    0.390756
 77   42.497528    0.000015   -0.000008    0.042971   -0.141341    0.233181
 78   42.272644    0.000010   -0.000004    0.025719   -0.062023    0.116026
 79   29.239311 -106.786293    1.740903    0.214628   -0.586167   -1.072332
 80   42.375084    0.000000   -0.000008    0.134073    0.257953    0.183919
 81   42.546021   -0.000008    0.000008    0.107126    0.303929    0.252135
 82   42.234497    0.000015    0.000008   -0.003605    0.049078   -0.048219
 83   42.465057   -0.000023    0.000008    0.005940   -0.281330   -0.529544
 84   42.458130    0.000015    0.000002   -0.063924   -0.153794   -0.357828
 85   42.267944    0.000015    0.000004   -0.097638   -0.105741   -0.444326
 86   42.505966    0.000061    0.000015   -0.115264   -0.093836   -0.846505
 87   42.233047   -0.000061   -0.000016   -0.012101    0.008483   -0.146657
 88   42.352345   -0.000031   -0.000002    0.034109    0.008935    0.360664
 89   42.391739   -0.000061   -0.000010    0.130538    0.034714    0.707872
 90   42.497528    0.000046   -0.000017    0.079117    0.060339    0.338931
 91   42.272522    0.000010    0.000018    0.040899    0.046451    0.184217
time 8
  0    0.000000    0.000000    0.000000    0.000000   -0.000000    0.000000
  1    0.000000    0.000000    0.000000    0.000000   -0.000000    0.000000
  2    0.000000    1.487973   -1.846336   -2.985267   -1.524772   -1.533648
  3   50.309212   -0.435479    0.000004    0.005801    0.038403    0.014032
  4   30.891537   -0.000010    0.000000    0.003251   -0.101384   -0.014451
  5   34.635597    0.000007    0.000002    0.004712   -0.045279   -0.001480
  6   30.584290    0.000018    0.000002   -0.001530   -0.494201    0.001309
  7   31.520195   -0.000001    0.000000   -0.001936   -0.553725    0.002863
  8   34.241188  -28.000031  -41.878006    0.979910   -0.457073    0.306696
  9   34.241127   23.441801  -41.878113   -0.979914   -0.457074   -0.306691
 10   35.246712  -52.543091    1.319138   -0.000000   -0.000000    0.564623
 11   35.246544   52.726318    1.318893   -0.000000    0.000000   -0.564620
 12   34.830025  -24.891928   45.588600   -0.977825    0.464116    0.295002
 13   34.885765   27.636587   43.767815    0.977821    0.464114   -0.295002
 14   29.239313  -51.573357   94.292976   -0.037269   -1.010594    0.041788
 15   42.375084    0.000004   -0.000013   -0.111388    0.121705   -0.117345
 16   42.546082    0.000042   -0.000004   -0.053047    0.190824   -0.070200
 17   42.234451    0.000015   -0.000015   -0.042897    0.079047   -0.044740
 18   42.465027    0.000015    0.000000   -0.043519   -0.332303   -0.149122
 19   42.458099   -0.000057    0.000015   -0.038998   -0.625942   -0.359822
 20   42.267929    0.000031    0.000015   -0.056237   -0.264563   -0.202604
 21   42.505890   -0.000015    0.000000    0.020459   -0.471538   -0.465810
 22   42.233185   -0.000031    0.000000    0.016878   -0.216446   -0.235735
 23   42.352242    0.000031   -0.000031    0.342939    0.570520    0.766735
 24   42.391724   -0.000015   -0.000031    0.118439    0.315604    0.288578
 25   42.497528    0.000011    0.000015    0.030015    0.118097    0.089326
 26   42.272766    0.000082   -0.000004    0.014433    0.067744    0.048453
 27   29.239332   55.382607   92.214920    1.195880   -0.277934    0.841292
 28   42.375061   -0.000008   -0.000010    0.008158   -0.098326    0.086032
 29   42.546097   -0.000011    0.000025    0.019486   -0.139911    0.066715
 30   42.234497    0.000084    0.000008    0.015208   -0.139019    0.053051
 31   42.464996   -0.000034    0.000027    0.006396    0.195074    0.264417
 32   42.458069    0.000015    0.000023    0.009284    0.342228    0.417880
 33   42.267944    0.000015    0.000023   -0.024476    0.169540    0.266024
 34   42.506012    0.000076    0.000031    0.008351    0.320995    0.635286
 35   42.233063   -0.000061    0.000015    0.004428    0.171433    0.402607
 36   42.352215   -0.000092    0.000015    0.116346   -0.227666   -0.601955
 37   42.391754    0.000061    0.000023    0.183276   -0.255655   -0.599714
 38   42.497681    0.000084    0.000008    0.050018   -0.107594   -0.182121
 39   42.272614    0.000147   -0.000020    0.025115   -0.062005   -0.095334
 40   29.239347  106.746635    1.740830   -0.199377    0.492688    1.109950
 41   42.375069   -0.000010   -0.000004    0.128361   -0.082057   -0.284609
 42   42.546143    0.000019    0.000000    0.101059   -0.080370   -0.350632
 43   42.234451    0.000008   -0.000005   -0.009465   -0.051778    0.047694
 44   42.465057    0.000008   -0.000008   -0.110077   -0.046442    0.601101
 45   42.458054    0.000000   -0.000005   -0.076642   -0.076195    0.366660
 46   42.267883   -0.000015   -0.000004   -0.093202   -0.100444    0.470468
 47   42.505966    0.000000    0.000000   -0.153468   -0.215264    0.813499
 48   42.233124   -0.000031   -0.000015   -0.002574   -0.037853    0.113355
 49   42.352234    0.000000   -0.000015   -0.013797    0.153533   -0.365191
 50   42.391693    0.000000   -0.000008    0.011435    0.246667   -0.654476
 51   42.497559    0.000015   -0.000013    0.052406    0.098151   -0.320034
 52   42.272675   -0.000012   -0.000005    0.036538    0.042748   -0.179560
 53   29.239334   50.706921  -91.389107   -2.010246    1.212546    0.177165
 54   42.375069   -0.000010    0.000000   -0.014552    0.042508   -0.206659
 55   42.546066    0.000010    0.000015   -0.016492    0.088406   -0.225051
 56   42.234543   -0.000038    0.000004   -0.033937    0.007547   -0.071443
 57   42.464996    0.000038    0.000023   -0.110839   -0.252762    0.237536
 58   42.458038    0.000061   -0.000008   -0.239154   -0.455349    0.389794
 59   42.267975   -0.000046   -0.000015   -0.162273   -0.426278    0.244737
 60   42.505920    0.000084    0.000000   -0.138326   -0.571919    0.260412
 61   42.233154   -0.000046   -0.000061    0.014006   -0.044070    0.014612
 62   42.352303    0.000023   -0.000061   -0.001036    0.467050   -0.175661
 63   42.391754    0.000038    0.000000    0.021632    0.423241   -0.177966
 64   42.497589    0.000031   -0.000015    0.030197    0.232936   -0.110290
 65   42.272797    0.000019   -0.000015    0.016713    0.108003   -0.056133
 66   29.239319  -56.044857  -91.389023   -0.250995    0.475377   -1.155451
 67   42.375092   -0.000009    0.000000    0.131721    0.032492    0.235866
 68   42.546127   -0.000008    0.000019    0.082361    0.016238    0.256861
 69   42.234451    0.000023   -0.000019    0.022627    0.038534    0.058225
 70   42.464996   -0.000046   -0.000013   -0.055260    0.130064   -0.340078
 71   42.458130    0.000053    0.000000   -0.153826    0.222395   -0.545106
 72   42.267914   -0.000046    0.000000   -0.139334    0.240986   -0.435063
 73   42.505936    0.000107    0.000031   -0.172106    0.337096   -0.520752
 74   42.233131    0.000031    0.000000   -0.007245    0.016899   -0.020219
 75   42.352188   -0.000031    0.000015   -0.004307   -0.322422    0.406038
 76   42.391815    0.000061    0.000015    0.034619   -0.259877    0.365636
 77   42.497528    0.000023   -0.000008    0.036794   -0.132543    0.216003
 78   42.272705    0.000022   -0.000015    0.021121   -0.056581    0.102566
 79   29.239307 -106.786285    1.740906    0.195649   -0.525041   -1.092099
 80   42.375099    0.000000    0.000000    0.132530    0.254778    0.213043
 81   42.546036   -0.000015    0.000004    0.094682    0.284060    0.271236
 82   42.234512   -0.000038    0.000000   -0.003113    0.027251   -0.068186
 83   42.465057   -0.000023    0.000000    0.017525   -0.265134   -0.552601
 84   42.458084    0.000008    0.000000   -0.052398   -0.136696   -0.348652
 85   42.267975    0.000015    0.000004   -0.087526   -0.106036   -0.471832
 86   42.505981    0.000061    0.000038   -0.100264   -0.089895   -0.829811
 87   42.233063   -0.000031    0.000007   -0.009757    0.005748   -0.116771
 88   42.352333   -0.000031    0.000017    0.040603    0.010896    0.398248
 89   42.391724    0.000000    0.000013    0.125222    0.041138    0.690440
 90   42.497528    0.000000   -0.000003    0.069749    0.059123    0.328159
 91   42.272491    0.000022    0.000027    0.035113    0.043774    0.178723
time 9
  0    0.000000    0.000000    0.000000    0.000000   -0.000000    0.000000
  1    0.000000    0.000000    0.000000    0.000000   -0.000000    0.000000
  2    0.000000   -3.598106    0.000548   -3.111630   -1.516159   -1.430829
  3   50.309212   -0.435479    0.000004    0.005422   -0.041885    0.014087
  4   30.891541   -0.000011    0.000000    0.003241   -0.141387   -0.014450
  5   34.635597    0.000007   -0.000003    0.004697   -0.063547   -0.001476
  6   30.584282    0.000017    0.000000   -0.001511   -0.468946    0.001293
  7   31.520187   -0.000001    0.000000   -0.001912   -0.498585    0.002829
  8   34.241196  -28.000027  -41.878021    0.979910   -0.457073    0.306696
  9   34.241119   23.441793  -41.878082   -0.979915   -0.457074   -0.306691
 10   35.246704  -52.543072    1.319138   -0.000000   -0.000000    0.564623
 11   35.246536   52.726295    1.318924   -0.000000   -0.000000   -0.564620
 12   34.830017  -24.891922   45.588600   -0.977825    0.464116    0.295003
 13   34.885757   27.636580   43.767830    0.977821    0.464114   -0.295002
 14   29.239321  -51.573345   94.292908    0.039321   -0.932744   -0.077634
 15   42.375053    0.000000   -0.000019   -0.117446    0.105448   -0.099493
 16   42.546051    0.000042   -0.000004   -0.055529    0.178403   -0.039803
 17   42.234451    0.000008    0.000008   -0.045061    0.027891   -0.037802
 18   42.464966    0.000027    0.000000   -0.032934   -0.387269   -0.198044
 19   42.458130   -0.000057   -0.000015   -0.026863   -0.569175   -0.374176
 20   42.267975    0.000015   -0.000015   -0.046748   -0.248771   -0.204992
 21   42.505936    0.000000   -0.000046    0.051110   -0.496682   -0.526967
 22   42.233147    0.000000   -0.000015    0.010386   -0.128884   -0.143198
 23   42.352287    0.000000    0.000031    0.348401    0.573734    0.789485
 24   42.391663   -0.000031    0.000000    0.094439    0.283263    0.262747
 25   42.497528    0.000042   -0.000046    0.025925    0.113249    0.090560
 26   42.272705    0.000040   -0.000040    0.012400    0.065540    0.050018
 27   29.239338   55.382618   92.214928    1.216446   -0.242125    0.867383
 28   42.375076   -0.000008    0.000000    0.007089   -0.131135    0.107133
 29   42.546097   -0.000023    0.000017    0.023168   -0.181175    0.077434
 30   42.234497    0.000034   -0.000023    0.012358   -0.130573    0.073532
 31   42.464996   -0.000042    0.000023    0.022943    0.230574    0.283152
 32   42.458038    0.000031    0.000031    0.020810    0.331108    0.380530
 33   42.267914    0.000015    0.000015   -0.014371    0.180168    0.261167
 34   42.506058    0.000092    0.000031    0.039010    0.364794    0.663703
 35   42.233078   -0.000031    0.000015    0.004330    0.170181    0.343648
 36   42.352226   -0.000061   -0.000015    0.114682   -0.254886   -0.571567
 37   42.391724    0.000061    0.000046    0.176042   -0.286166   -0.587155
 38   42.497589    0.000061    0.000031    0.046931   -0.119997   -0.186168
 39   42.272644    0.000168    0.000007    0.023109   -0.068558   -0.097749
 40   29.239355  106.746613    1.740834   -0.175611    0.465722    1.157444
 41   42.375038   -0.000017    0.000004    0.134117   -0.068147   -0.310457
 42   42.546097    0.000000    0.000000    0.101220   -0.069801   -0.360423
 43   42.234451   -0.000008   -0.000004   -0.013014   -0.044439    0.068288
 44   42.465057   -0.000031   -0.000009   -0.114059   -0.042003    0.611022
 45   42.458099   -0.000015   -0.000006   -0.072861   -0.071942    0.357487
 46   42.267883   -0.000015    0.000000   -0.092762   -0.100742    0.492646
 47   42.505844    0.000000   -0.000008   -0.132733   -0.203964    0.798650
 48   42.233101    0.000092    0.000008   -0.000339   -0.028976    0.093682
 49   42.352180    0.000031    0.000000   -0.019746    0.147445   -0.398316
 50   42.391663    0.000031    0.000023    0.006944    0.220031   -0.647766
 51   42.497559    0.000031   -0.000011    0.045463    0.088120   -0.314415
 52   42.272644   -0.000006   -0.000008    0.032219    0.038902   -0.175924
 53   29.239340   50.706928  -91.389076   -1.851982    1.276182    0.354711
 54   42.375092   -0.000013   -0.000008   -0.008423    0.062859   -0.213737
 55   42.546051    0.000006    0.000000   -0.012283    0.104727   -0.240800
 56   42.234543   -0.000042    0.000023   -0.028529    0.028671   -0.099153
 57   42.465027    0.000034   -0.000015   -0.099988   -0.243532    0.233329
 58   42.458038    0.000008    0.000000   -0.249148   -0.479684    0.440794
 59   42.267944   -0.000099    0.000031   -0.135015   -0.379979    0.233102
 60   42.505890    0.000122    0.000000   -0.129891   -0.537043    0.279282
 61   42.233170   -0.000061   -0.000031    0.012414   -0.060042    0.024130
 62   42.352234    0.000031    0.000031   -0.013785    0.473045   -0.214647
 63   42.391693    0.000031    0.000000    0.010973    0.393001   -0.192577
 64   42.497620    0.000061    0.000008    0.022430    0.212818   -0.113267
 65   42.272797    0.000001    0.000000    0.012482    0.096823   -0.055183
 66   29.239330  -56.044842  -91.388992   -0.339295    0.603987   -1.186634
 67   42.375076    0.000002   -0.000011    0.122242   -0.029692    0.227221
 68   42.546112    0.000004    0.000008    0.074282   -0.038739    0.260500
 69   42.234482    0.000031   -0.000004    0.025243    0.014338    0.074299
 70   42.465027   -0.000038    0.000013   -0.052282    0.150428   -0.342713
 71   42.458099    0.000015    0.000000   -0.161346    0.258345   -0.577885
 72   42.267929   -0.000092    0.000000   -0.112719    0.229058   -0.387007
 73   42.505920    0.000076    0.000031   -0.159423    0.328927   -0.497390
 74   42.233139    0.000000    0.000015   -0.007426    0.014992   -0.017892
 75   42.352188   -0.000061    0.000015   -0.009114   -0.340452    0.431036
 76   42.391815   -0.000015   -0.000015    0.030227   -0.241203    0.338835
 77   42.497528    0.000008   -0.000015    0.029860   -0.124163    0.197981
 78   42.272644    0.000010    0.000025    0.016665   -0.051814    0.090025
 79   29.239317 -106.786270    1.740908    0.171747   -0.444569   -1.107450
 80   42.375069    0.000008   -0.000004    0.123773    0.243542    0.245445
 81   42.546036    0.000008    0.000000    0.075772    0.252970    0.287130
 82   42.234528    0.000015   -0.000019   -0.000568    0.008061   -0.091281
 83   42.465057    0.000008   -0.000015    0.030740   -0.238829   -0.574697
 84   42.458038   -0.000015   -0.000008   -0.038631   -0.118374   -0.340487
 85   42.267975   -0.000015   -0.000011   -0.072425   -0.104961   -0.502807
 86   42.505981   -0.000031    0.000019   -0.082357   -0.086427   -0.806297
 87   42.233086    0.000000   -0.000003   -0.007488    0.002823   -0.088190
 88   42.352299   -0.000031    0.000007    0.046911    0.013525    0.437045
 89   42.391785   -0.000061   -0.000002    0.115638    0.046982    0.670645
 90   42.497589    0.000000   -0.000019    0.058769    0.056439    0.317429
 91   42.272614    0.000000    0.000013    0.028650    0.040175    0.173474
time 10
  0    0.000000    0.000000    0.000000    0.000000   -0.000000    0.000000
  1    0.000000    0.000000    0.000000    0.000000   -0.000000    0.000000
  2    0.000000   -9.164092    1.822977    3.041536   -1.507556   -1.328011
  3   50.309208   -0.435479    0.000005    0.004797   -0.129258    0.014176
  4   30.891541   -0.000011    0.000002    0.003224   -0.184921   -0.014448
  5   34.635590    0.000007    0.000002    0.004672   -0.083426   -0.001468
  6   30.584282    0.000018    0.000006   -0.001491   -0.441422    0.001276
  7   31.520187   -0.000001    0.000015   -0.001887   -0.438580    0.002791
  8   34.241188  -28.000032  -41.878006    0.979910   -0.457073    0.306696
  9   34.241127   23.441799  -41.878098   -0.979915   -0.457074   -0.306691
 10   35.246696  -52.543087    1.319122   -0.000000    0.000000    0.564623
 11   35.246544   52.726311    1.318909   -0.000000    0.000000   -0.564620
 12   34.830025  -24.891926   45.588593   -0.977825    0.464116    0.295003
 13   34.885765   27.636587   43.767807    0.977821    0.464114   -0.295002
 14   29.239315  -51.573349   94.293015    0.092868   -0.827916   -0.187120
 15   42.375069    0.000008   -0.000004   -0.121720    0.074196   -0.071257
 16   42.546097    0.000023   -0.000008   -0.058034    0.150919   -0.005363
 17   42.234451    0.000011    0.000008   -0.045163   -0.020037   -0.038732
 18   42.464981    0.000015    0.000023   -0.015825   -0.426101   -0.258749
 19   42.458038   -0.000061   -0.000008   -0.015279   -0.507304   -0.381477
 20   42.267883    0.000031    0.000000   -0.036432   -0.239362   -0.213865
 21   42.505890    0.000000   -0.000031    0.081941   -0.507617   -0.580128
 22   42.233147    0.000000   -0.000031    0.009572   -0.053261   -0.060805
 23   42.352318    0.000031    0.000031    0.336724    0.567885    0.797570
 24   42.391785   -0.000092   -0.000015    0.076081    0.259077    0.249837
 25   42.497498    0.000011    0.000004    0.021885    0.109025    0.093713
 26   42.272766    0.000050   -0.000018    0.010297    0.063464    0.052534
 27   29.239328   55.382641   92.215004    1.238666   -0.205145    0.898857
 28   42.375076    0.000015    0.000004    0.005715   -0.171887    0.134373
 29   42.546112    0.000000    0.000013    0.026321   -0.226313    0.090458
 30   42.234482    0.000080    0.000004    0.011509   -0.111055    0.093480
 31   42.465042   -0.000015    0.000008    0.042547    0.266945    0.297741
 32   42.458069    0.000023    0.000023    0.031029    0.318626    0.341821
 33   42.267822    0.000015    0.000008   -0.003286    0.193975    0.259510
 34   42.505981    0.000092    0.000015    0.074696    0.410496    0.686260
 35   42.233063    0.000000    0.000046    0.003932    0.165454    0.286191
 36   42.352211   -0.000092    0.000031    0.110679   -0.285078   -0.539831
 37   42.391724    0.000031    0.000046    0.165949   -0.319634   -0.571066
 38   42.497650    0.000076    0.000015    0.042455   -0.133560   -0.188869
 39   42.272552    0.000162    0.000006    0.020361   -0.075569   -0.099565
 40   29.239342  106.746651    1.740844   -0.148050    0.428141    1.210396
 41   42.375084    0.000002   -0.000004    0.136522   -0.050695   -0.340280
 42   42.546112    0.000004   -0.000004    0.099288   -0.057582   -0.368863
 43   42.234497    0.000000   -0.000004   -0.016805   -0.036181    0.090134
 44   42.465057    0.000000   -0.000010   -0.116320   -0.036336    0.619374
 45   42.458069    0.000000   -0.000004   -0.068312   -0.066308    0.348798
 46   42.267944    0.000000    0.000004   -0.090749   -0.099168    0.516473
 47   42.505890    0.000000    0.000015   -0.109943   -0.188506    0.781058
 48   42.233147    0.000000   -0.000023    0.001087   -0.021404    0.074399
 49   42.352283    0.000031    0.000008   -0.025855    0.136170   -0.432682
 50   42.391724    0.000000   -0.000008    0.001915    0.190108   -0.639995
 51   42.497681    0.000000   -0.000002    0.037869    0.077014   -0.308820
 52   42.272705    0.000009    0.000007    0.027292    0.034299   -0.171174
 53   29.239323   50.706913  -91.389099   -1.585996    1.319651    0.631729
 54   42.375092   -0.000008   -0.000002   -0.007039    0.077562   -0.214595
 55   42.546066    0.000031    0.000011   -0.010487    0.118012   -0.252756
 56   42.234528   -0.000031   -0.000019   -0.024072    0.054419   -0.133625
 57   42.465012    0.000008   -0.000015   -0.084626   -0.225349    0.220211
 58   42.458069    0.000015    0.000008   -0.258939   -0.502379    0.503528
 59   42.267914   -0.000084    0.000000   -0.112654   -0.340316    0.228955
 60   42.505875    0.000107    0.000000   -0.113408   -0.482643    0.287285
 61   42.233170   -0.000061   -0.000031    0.009620   -0.086685    0.042429
 62   42.352249    0.000015   -0.000031   -0.027878    0.469436   -0.257515
 63   42.391632    0.000015    0.000031    0.000449    0.360984   -0.207391
 64   42.497559    0.000008    0.000008    0.014834    0.192165   -0.116291
 65   42.272705   -0.000012    0.000011    0.008504    0.086253   -0.054694
 66   29.239307  -56.044868  -91.389030   -0.423805    0.740839   -1.215393
 67   42.375092    0.000010   -0.000008    0.105560   -0.086048    0.205908
 68   42.546112   -0.000008    0.000010    0.061143   -0.094783    0.253486
 69   42.234467    0.000046   -0.000011    0.026596   -0.019022    0.095676
 70   42.465027   -0.000008    0.000008   -0.044243    0.167228   -0.330355
 71   42.458099    0.000023   -0.000015   -0.169737    0.301165   -0.616242
 72   42.267975   -0.000061   -0.000038   -0.087529    0.214587   -0.340589
 73   42.505951    0.000031    0.000000   -0.144136    0.317072   -0.468396
 74   42.233147    0.000061    0.000000   -0.009138    0.022122   -0.026411
 75   42.352203    0.000031    0.000031   -0.014741   -0.352625    0.447200
 76   42.391785    0.000015   -0.000015    0.024134   -0.225630    0.314210
 77   42.497528    0.000023    0.000004    0.022960   -0.117116    0.181052
 78   42.272644   -0.000010   -0.000023    0.012772   -0.048230    0.079668
 79   29.239298 -106.786270    1.740901    0.144352   -0.349004   -1.117077
 80   42.375092    0.000010    0.000000    0.106192    0.222144    0.277090
 81   42.546036   -0.000011    0.000001    0.052780    0.213499    0.298596
 82   42.234528   -0.000015   -0.000008    0.003921   -0.005194   -0.114762
 83   42.465088    0.000008   -0.000015    0.044456   -0.204168   -0.592499
 84   42.458099    0.000015   -0.000004   -0.023776   -0.100774   -0.334376
 85   42.267883    0.000000    0.000002   -0.052987   -0.101777   -0.532224
 86   42.505981    0.000000    0.000027   -0.063678   -0.084497   -0.780544
 87   42.233047    0.000031    0.000001   -0.005542    0.000062   -0.064210
 88   42.352310    0.000061    0.000011    0.051553    0.016662    0.471408
 89   42.391739    0.000000    0.000009    0.102387    0.051280    0.651553
 90   42.497589    0.000031   -0.000010    0.047146    0.052487    0.308290
 91   42.272522    0.000006    0.000023    0.021612    0.035329    0.166245
time 11
  0    0.000000    0.000000    0.000000    0.000000   -0.000000    0.000000
  1    0.000000    0.000000    0.000000    0.000000   -0.000000    0.000000
  2    0.000000  -14.775133    3.551497    2.909233   -1.499277   -1.225192
  3   50.309219   -0.435479    0.000003    0.003864   -0.216631    0.014310
  4   30.891541   -0.000011    0.000002    0.003198   -0.228454   -0.014445
  5   34.635605    0.000007    0.000004    0.004634   -0.103305   -0.001456
  6   30.584290    0.000018    0.000000   -0.001471   -0.413841    0.001259
  7   31.520195    0.000000    0.000000   -0.001861   -0.378575    0.002753
  8   34.241196  -28.000032  -41.877991    0.976376   -0.360136    0.246595
  9   34.241135   23.441803  -41.878082   -0.976349   -0.359549   -0.246022
 10   35.246704  -52.543079    1.319138   -0.000000   -0.000000    0.451522
 11   35.246567   52.726315    1.318924   -0.000000   -0.000000   -0.451828
 12   34.830032  -24.891924   45.588623   -0.974780    0.368008    0.235713
 13   34.885818   27.636591   43.767838    0.974729    0.367122   -0.234862
 14   29.239313  -51.573345   94.292938    0.113494   -0.703077   -0.276895
 15   42.375069    0.000008    0.000008   -0.122145    0.027355   -0.035726
 16   42.546112    0.000038    0.000011   -0.060369    0.108394    0.025331
 17   42.234451   -0.000008    0.000038   -0.043246   -0.056653   -0.045892
 18   42.464981    0.000004    0.000008    0.004615   -0.441007   -0.321389
 19   42.458130   -0.000084    0.000004   -0.003311   -0.450594   -0.386241
 20   42.267944    0.000031   -0.000015   -0.025051   -0.235510   -0.229262
 21   42.505890    0.000000    0.000015    0.106912   -0.502548   -0.616193
 22   42.233181   -0.000031   -0.000015    0.011074   -0.001217   -0.001434
 23   42.352276    0.000031    0.000015    0.313266    0.556198    0.797513
 24   42.391724   -0.000107    0.000000    0.062738    0.243894    0.249595
 25   42.497528   -0.000019    0.000000    0.018008    0.105622    0.098867
 26   42.272827    0.000059   -0.000024    0.008195    0.061595    0.055998
 27   29.239328   55.382633   92.214943    1.257815   -0.170658    0.937763
 28   42.375084   -0.000015   -0.000006    0.005181   -0.221323    0.166039
 29   42.546112    0.000008    0.000017    0.028617   -0.272278    0.103734
 30   42.234451    0.000076    0.000000    0.013800   -0.083114    0.109971
 31   42.465057   -0.000023    0.000000    0.063533    0.301380    0.306254
 32   42.458069    0.000027   -0.000015    0.039810    0.307537    0.304984
 33   42.267853    0.000000    0.000008    0.008353    0.209883    0.259835
 34   42.506012    0.000061    0.000015    0.111928    0.454786    0.700348
 35   42.233078   -0.000031    0.000031    0.003660    0.159040    0.236909
 36   42.352257   -0.000122    0.000031    0.103353   -0.315723   -0.505786
 37   42.391724    0.000000    0.000046    0.153533   -0.355011   -0.553530
 38   42.497650    0.000031    0.000000    0.036724   -0.147750   -0.190270
 39   42.272644    0.000149    0.000007    0.016967   -0.082707   -0.100738
 40   29.239355  106.746620    1.740837   -0.118087    0.380305    1.266492
 41   42.375061    0.000010   -0.000004    0.133821   -0.030523   -0.373205
 42   42.546112    0.000004    0.000000    0.095145   -0.044262   -0.375993
 43   42.234467    0.000023   -0.000002   -0.020444   -0.027524    0.111708
 44   42.465057    0.000008   -0.000010   -0.116143   -0.030004    0.625322
 45   42.458084   -0.000008   -0.000004   -0.063072   -0.059668    0.341261
 46   42.267853   -0.000015    0.000000   -0.086447   -0.095019    0.539824
 47   42.505859    0.000000    0.000004   -0.086734   -0.169372    0.762717
 48   42.233093   -0.000031   -0.000008    0.001743   -0.015705    0.056867
 49   42.352203    0.000061    0.000000   -0.031309    0.119593   -0.465178
 50   42.391602   -0.000031    0.000000   -0.003385    0.158711   -0.631807
 51   42.497559   -0.000008   -0.000015    0.030101    0.065470   -0.303694
 52   42.272736   -0.000022   -0.000005    0.022140    0.029260   -0.165617
 53   29.239340   50.706913  -91.389099   -1.250874    1.329451    0.967728
 54   42.375076    0.000000   -0.000011   -0.009833    0.085318   -0.210419
 55   42.546082    0.000046    0.000002   -0.011711    0.126198   -0.259226
 56   42.234543   -0.000019   -0.000004   -0.022127    0.082204   -0.172056
 57   42.465027    0.000031    0.000015   -0.066920   -0.199166    0.198012
 58   42.458069    0.000031   -0.000015   -0.265282   -0.518924    0.571770
 59   42.267975   -0.000099    0.000031   -0.097123   -0.314131    0.236597
 60   42.505966    0.000092    0.000000   -0.089489   -0.410453    0.278819
 61   42.233215   -0.000061    0.000000    0.005195   -0.120423    0.071520
 62   42.352280    0.000000    0.000000   -0.041181    0.455326   -0.299905
 63   42.391724    0.000015    0.000015   -0.009250    0.329590   -0.221883
 64   42.497559    0.000031    0.000000    0.007935    0.172336   -0.119230
 65   42.272644    0.000002    0.000011    0.004992    0.076846   -0.054730
 66   29.239309  -56.044880  -91.389053   -0.500345    0.874957   -1.238589
 67   42.375069   -0.000002    0.000004    0.086826   -0.129128    0.176414
 68   42.546082   -0.000011    0.000040    0.044965   -0.144975    0.235229
 69   42.234436    0.000042   -0.000023    0.024791   -0.062245    0.118656
 70   42.465027   -0.000038    0.000015   -0.031064    0.174719   -0.300969
 71   42.458069    0.000038   -0.000019   -0.178806    0.350195   -0.657269
 72   42.267914   -0.000061   -0.000015   -0.068451    0.204817   -0.307717
 73   42.505936    0.000092    0.000000   -0.122531    0.296350   -0.424759
 74   42.233101    0.000000   -0.000015   -0.013283    0.041323   -0.049470
 75   42.352180    0.000000    0.000061   -0.020801   -0.359389    0.454421
 76   42.391754    0.000046   -0.000015    0.017162   -0.214659    0.294156
 77   42.497528    0.000015   -0.000004    0.016560   -0.111704    0.166262
 78   42.272675    0.000004   -0.000002    0.009518   -0.045918    0.071781
 79   29.239309 -106.786285    1.740902    0.114853   -0.243993   -1.120562
 80   42.375092   -0.000006   -0.000002    0.079987    0.190436    0.303886
 81   42.546066    0.000000    0.000008    0.028554    0.169563    0.306145
 82   42.234512   -0.000015    0.000004    0.009535   -0.011253   -0.135247
 83   42.465118   -0.000008    0.000000    0.057747   -0.164044   -0.604881
 84   42.458130    0.000015   -0.000010   -0.008694   -0.084581   -0.330734
 85   42.267822    0.000031   -0.000013   -0.030698   -0.095915   -0.555620
 86   42.505905   -0.000031    0.000013   -0.045460   -0.084199   -0.758276
 87   42.233093    0.000031   -0.000016   -0.004048   -0.002446   -0.046702
 88   42.352310    0.000000   -0.000004    0.053324    0.019894    0.497232
 89   42.391754   -0.000092   -0.000006    0.086684    0.053514    0.636235
 90   42.497559    0.000015   -0.000023    0.035559    0.047545    0.301756
 91   42.272491    0.000008    0.000006    0.015020    0.030343    0.161044
time 12
  0    0.000000    0.000000    0.000000    0.000000   -0.000000    0.000000
  1    0.000000    0.000000    0.000000    0.000000   -0.000000    0.000000
  2    0.000000  -19.996363    5.116650    2.776015   -1.491644   -1.122375
  3   50.309219   -0.435479    0.000004    0.002563   -0.296920    0.014497
  4   30.891544   -0.000011    0.000002    0.003162   -0.268457   -0.014441
  5   34.635605    0.000006    0.000002    0.004582   -0.121573   -0.001440
  6   30.584305    0.000017   -0.000004   -0.001453   -0.388413    0.001243
  7   31.520203   -0.000001    0.000008   -0.001838   -0.323435    0.002719
  8   34.241188  -28.000042  -41.878021    0.967290   -0.124717    0.099311
  9   34.241127   23.441807  -41.878113   -0.967200   -0.122955   -0.097602
 10   35.246712  -52.543102    1.319138   -0.000000    0.000000    0.176452
 11   35.246544   52.726330    1.318924   -0.000000   -0.000000   -0.177374
 12   34.830025  -24.891932   45.588600   -0.966898    0.134231    0.090092
 13   34.885765   27.636593   43.767807    0.966752    0.131577   -0.087539
 14   29.239323  -51.573349   94.292946    0.101435   -0.570630   -0.345260
 15   42.375092   -0.000010    0.000015   -0.118053   -0.033615   -0.001171
 16   42.546066    0.000027    0.000000   -0.061538    0.060885    0.048431
 17   42.234467    0.000019    0.000000   -0.040058   -0.080886   -0.055829
 18   42.465027    0.000011    0.000015    0.023417   -0.432338   -0.375891
 19   42.458160   -0.000076   -0.000023    0.009714   -0.404612   -0.393872
 20   42.267914    0.000015   -0.000031   -0.012354   -0.235072   -0.250104
 21   42.505890    0.000031    0.000015    0.123106   -0.483650   -0.631779
 22   42.233116   -0.000031    0.000000    0.011548    0.023008    0.027932
 23   42.352222    0.000092   -0.000015    0.283538    0.541414    0.794355
 24   42.391663   -0.000015   -0.000046    0.053037    0.236693    0.260764
 25   42.497467    0.000065   -0.000031    0.014289    0.103030    0.105982
 26   42.272827    0.000073   -0.000041    0.006120    0.059930    0.060351
 27   29.239338   55.382610   92.214966    1.268167   -0.143295    0.984944
 28   42.375084    0.000000    0.000013    0.007930   -0.279715    0.197994
 29   42.546112   -0.000023    0.000015    0.029928   -0.315715    0.114563
 30   42.234497    0.000084    0.000000    0.019244   -0.051121    0.121400
 31   42.465057   -0.000031    0.000000    0.084287    0.332826    0.308532
 32   42.458069    0.000023    0.000015    0.047178    0.300030    0.272088
 33   42.267853    0.000000    0.000023    0.019791    0.225905    0.260292
 34   42.506042    0.000046   -0.000015    0.147615    0.495201    0.706334
 35   42.233047   -0.000061    0.000015    0.003971    0.153487    0.199440
 36   42.352257   -0.000031   -0.000031    0.092749   -0.345065   -0.470302
 37   42.391754    0.000031    0.000031    0.139101   -0.391190   -0.535592
 38   42.497650    0.000061    0.000000    0.029880   -0.161784   -0.190280
 39   42.272705    0.000120    0.000016    0.013051   -0.089507   -0.101189
 40   29.239361  106.746666    1.740833   -0.087121    0.323208    1.322928
 41   42.375046    0.000011    0.000004    0.124573   -0.009060   -0.407787
 42   42.546127   -0.000019    0.000008    0.088816   -0.030338   -0.382230
 43   42.234436    0.000015    0.000000   -0.023461   -0.018967    0.131518
 44   42.465027   -0.000023   -0.000010   -0.113078   -0.023531    0.628712
 45   42.458069    0.000008   -0.000002   -0.057197   -0.052353    0.335287
 46   42.267944   -0.000015    0.000002   -0.079446   -0.087815    0.560848
 47   42.505890   -0.000031    0.000004   -0.064505   -0.147299    0.745731
 48   42.233154    0.000031   -0.000015    0.001831   -0.011938    0.042002
 49   42.352264   -0.000061    0.000011   -0.035336    0.098496   -0.493410
 50   42.391678    0.000061    0.000000   -0.008590    0.127263   -0.623973
 51   42.497650    0.000031   -0.000010    0.022539    0.053903   -0.299349
 52   42.272644    0.000009    0.000002    0.017225    0.024264   -0.160957
 53   29.239330   50.706909  -91.389099   -0.954369    1.306020    1.255085
 54   42.375092   -0.000015    0.000002   -0.015233    0.087093   -0.203402
 55   42.546082    0.000027    0.000008   -0.015764    0.128678   -0.260056
 56   42.234558   -0.000038   -0.000008   -0.023802    0.108461   -0.210306
 57   42.465027    0.000053    0.000000   -0.049944   -0.168554    0.169856
 58   42.458069    0.000008   -0.000008   -0.264111   -0.525737    0.636142
 59   42.267960   -0.000069   -0.000031   -0.086495   -0.298292    0.254582
 60   42.505875    0.000107    0.000046   -0.065671   -0.336461    0.261309
 61   42.233162   -0.000046    0.000000   -0.000360   -0.151117    0.107949
 62   42.352280    0.000015   -0.000031   -0.051615    0.431248   -0.337429
 63   42.391754    0.000046    0.000046   -0.017948    0.301185   -0.236716
 64   42.497650    0.000008    0.000015    0.001958    0.154451   -0.122339
 65   42.272827    0.000017    0.000023    0.002013    0.068982   -0.055468
 66   29.239323  -56.044865  -91.389030   -0.564132    0.997830   -1.251016
 67   42.375084    0.000010    0.000006    0.070155   -0.156649    0.144339
 68   42.546127   -0.000004    0.000038    0.028618   -0.183788    0.207884
 69   42.234467    0.000023   -0.000004    0.018473   -0.112482    0.137873
 70   42.465027   -0.000023    0.000027   -0.015072    0.169383   -0.258731
 71   42.458130    0.000023   -0.000004   -0.186731    0.403044   -0.694138
 72   42.267944   -0.000046   -0.000031   -0.056822    0.205614   -0.294804
 73   42.505981    0.000061    0.000000   -0.095639    0.265115   -0.366245
 74   42.233147    0.000031    0.000000   -0.020224    0.071151   -0.085541
 75   42.352173   -0.000061    0.000015   -0.026813   -0.361827    0.454050
 76   42.391815    0.000000    0.000000    0.009855   -0.208855    0.279982
 77   42.497559    0.000038    0.000000    0.010854   -0.108045    0.154200
 78   42.272675    0.000004    0.000024    0.006816   -0.044838    0.066246
 79   29.239315 -106.786293    1.740906    0.084590   -0.136388   -1.118052
 80   42.375107   -0.000011   -0.000009    0.047679    0.150677    0.322870
 81   42.546021   -0.000004    0.000006    0.005342    0.124820    0.310990
 82   42.234497    0.000000   -0.000008    0.015088   -0.010973   -0.149725
 83   42.465057    0.000015    0.000000    0.069766   -0.121575   -0.612557
 84   42.458069    0.000008   -0.000002    0.005884   -0.069635   -0.329282
 85   42.267914    0.000015   -0.000008   -0.007659   -0.087153   -0.570435
 86   42.505920    0.000031    0.000023   -0.028086   -0.084658   -0.743810
 87   42.233025   -0.000031   -0.000004   -0.003068   -0.004737   -0.036332
 88   42.352253    0.000000    0.000011    0.051752    0.022710    0.512657
 89   42.391724    0.000000    0.000003    0.069809    0.053681    0.626725
 90   42.497650    0.000008   -0.000018    0.024383    0.041889    0.298211
 91   42.272583    0.000006    0.000025    0.008971    0.025392    0.158259
time 13
  0    0.000000    0.000000    0.000000    0.000000   -0.000000    0.000000
  1    0.000000    0.000000    0.000000    0.000000   -0.000000    0.000000
  2    0.000000  -24.392929    6.448981    2.643254   -1.484973   -1.019557
  3   50.309204   -0.435479    0.000004    0.000831   -0.363040    0.014746
  4   30.891541   -0.000010   -0.000002    0.003114   -0.301402   -0.014436
  5   34.635597    0.000007    0.000000    0.004512   -0.136616   -0.001418
  6   30.584274    0.000018    0.000008   -0.001438   -0.367349    0.001230
  7   31.520187   -0.000001    0.000000   -0.001819   -0.278025    0.002690
  8   34.241180  -28.000032  -41.878006    0.954928    0.166095   -0.085626
  9   34.241119   23.441803  -41.878082   -0.954790    0.168739    0.088187
 10   35.246689  -52.543087    1.319138   -0.000000   -0.000000   -0.164241
 11   35.246536   52.726318    1.318924   -0.000000    0.000000    0.162856
 12   34.830032  -24.891924   45.588600   -0.956056   -0.155391   -0.093488
 13   34.885757   27.636589   43.767815    0.955839   -0.159372    0.097317
 14   29.239330  -51.573338   94.292961    0.064059   -0.445661   -0.394853
 15   42.375092   -0.000004   -0.000031   -0.109093   -0.099566    0.023170
 16   42.546082    0.000038   -0.000008   -0.061312    0.015543    0.063747
 17   42.234451    0.000011   -0.000008   -0.036398   -0.093935   -0.064790
 18   42.465012    0.000000    0.000000    0.037019   -0.406295   -0.416455
 19   42.458099   -0.000076    0.000015    0.023776   -0.369602   -0.407540
 20   42.267914    0.000015   -0.000031    0.000581   -0.231311   -0.269124
 21   42.505905    0.000000   -0.000015    0.135559   -0.461035   -0.639658
 22   42.233162   -0.000061    0.000000    0.010298    0.023004    0.028780
 23   42.352245    0.000000   -0.000015    0.250143    0.524390    0.787821
 24   42.391724   -0.000046    0.000000    0.046381    0.237670    0.284285
 25   42.497528    0.000019   -0.000011    0.010740    0.101400    0.115192
 26   42.272858    0.000042   -0.000007    0.004094    0.058539    0.065601
 27   29.239338   55.382626   92.214958    1.263245   -0.128343    1.039852
 28   42.375069    0.000000   -0.000004    0.018757   -0.348884    0.222390
 29   42.546097   -0.000008    0.000021    0.029756   -0.349155    0.121592
 30   42.234467    0.000076    0.000008    0.026527   -0.022142    0.127096
 31   42.465088   -0.000031    0.000008    0.103809    0.361844    0.305855
 32   42.458069    0.000031   -0.000015    0.053096    0.297384    0.243762
 33   42.267914    0.000000    0.000031    0.029815    0.239627    0.259082
 34   42.506042    0.000092    0.000031    0.179743    0.530049    0.707152
 35   42.233116    0.000031   -0.000015    0.005230    0.151101    0.174624
 36   42.352268   -0.000153    0.000046    0.079695   -0.372479   -0.435640
 37   42.391708    0.000092    0.000046    0.122817   -0.426778   -0.517841
 38   42.497681    0.000038   -0.000015    0.022135   -0.174571   -0.188768
 39   42.272675    0.000187    0.000012    0.008794   -0.095365   -0.100811
 40   29.239353  106.746658    1.740847   -0.056552    0.258590    1.376623
 41   42.375061   -0.000011    0.000000    0.108115    0.011858   -0.442046
 42   42.546127    0.000004    0.000000    0.080388   -0.016194   -0.388151
 43   42.234467    0.000015   -0.000004   -0.025392   -0.010976    0.148268
 44   42.465042   -0.000031    0.000000   -0.107015   -0.017456    0.630040
 45   42.458038    0.000000   -0.000004   -0.050685   -0.044671    0.331001
 46   42.267975    0.000000   -0.000004   -0.069692   -0.077471    0.578341
 47   42.505936    0.000000    0.000008   -0.044123   -0.123088    0.731647
 48   42.233078    0.000000   -0.000008    0.001600   -0.009755    0.030286
 49   42.352203    0.000031    0.000000   -0.037376    0.074387   -0.515898
 50   42.391632    0.000031   -0.000004   -0.013270    0.096822   -0.617170
 51   42.497589   -0.000008   -0.000019    0.015485    0.042586   -0.295951
 52   42.272583   -0.000012   -0.000006    0.012698    0.019406   -0.157332
 53   29.239346   50.706902  -91.389076   -0.752864    1.262539    1.439067
 54   42.375099   -0.000004   -0.000011   -0.021688    0.085197   -0.195912
 55   42.546051    0.000032   -0.000002   -0.021880    0.126772   -0.256879
 56   42.234528   -0.000031   -0.000015   -0.029164    0.129579   -0.243458
 57   42.464996    0.000031    0.000008   -0.036272   -0.138968    0.141920
 58   42.458084   -0.000015    0.000000   -0.252834   -0.521760    0.687550
 59   42.267990   -0.000092    0.000015   -0.078821   -0.288516    0.280195
 60   42.505890    0.000076    0.000000   -0.046540   -0.272457    0.242407
 61   42.233192   -0.000046    0.000000   -0.005689   -0.170920    0.145082
 62   42.352287    0.000031    0.000000   -0.058324    0.400877   -0.368377
 63   42.391632    0.000046    0.000046   -0.025506    0.275970   -0.251854
 64   42.497589    0.000038   -0.000023   -0.003074    0.138974   -0.125832
 65   42.272766    0.000027    0.000004   -0.000492    0.062498   -0.056826
 66   29.239326  -56.044868  -91.389053   -0.607628    1.103858   -1.244595
 67   42.375099   -0.000010    0.000000    0.057413   -0.171057    0.114367
 68   42.546097    0.000011    0.000015    0.014656   -0.209105    0.176012
 69   42.234436    0.000042    0.000008    0.008160   -0.163074    0.148519
 70   42.465027   -0.000061    0.000000   -0.000133    0.152942   -0.213574
 71   42.458145    0.000031   -0.000015   -0.189913    0.454954   -0.717451
 72   42.267914   -0.000061    0.000008   -0.049821    0.215278   -0.296252
 73   42.505966    0.000107    0.000015   -0.071617    0.233191   -0.310766
 74   42.233124    0.000000    0.000000   -0.028249    0.103036   -0.124214
 75   42.352135    0.000000    0.000015   -0.032190   -0.360716    0.447535
 76   42.391815    0.000015    0.000031    0.002401   -0.208391    0.272368
 77   42.497589    0.000069    0.000000    0.005845   -0.106286    0.145280
 78   42.272736   -0.000004    0.000029    0.004530   -0.044950    0.062843
 79   29.239315 -106.786247    1.740900    0.054868   -0.033633   -1.109946
 80   42.375099   -0.000002   -0.000004    0.013551    0.106919    0.332834
 81   42.546036   -0.000015    0.000000   -0.015448    0.081999    0.314095
 82   42.234512    0.000000   -0.000011    0.019477   -0.006731   -0.156686
 83   42.465012   -0.000023   -0.000004    0.079538   -0.079502   -0.616834
 84   42.458069   -0.000038   -0.000004    0.019191   -0.055542   -0.329470
 85   42.267822    0.000000   -0.000006    0.013862   -0.075649   -0.576418
 86   42.505951    0.000000    0.000018   -0.011607   -0.084372   -0.738650
 87   42.233040    0.000000   -0.000015   -0.002556   -0.006817   -0.032654
 88   42.352291   -0.000031   -0.000003    0.047167    0.024690    0.518090
 89   42.391647    0.000000   -0.000002    0.052704    0.052102    0.623404
 90   42.497589   -0.000038   -0.000023    0.013798    0.035742    0.297442
 91   42.272430   -0.000013    0.000029    0.003429    0.020503    0.157692
time 14
  0    0.000000    0.000000    0.000000    0.000000   -0.000000    0.000000
  1    0.000000    0.000000    0.000000    0.000000   -0.000000    0.000000
  2    0.000000  -27.529972    7.479037    2.512322   -1.479580   -0.916739
  3   50.309219   -0.435478    0.000004   -0.001392   -0.407907    0.015065
  4   30.891541   -0.000010    0.000004    0.003053   -0.323757   -0.014429
  5   34.635597    0.000007    0.000008    0.004423   -0.146824   -0.001390
  6   30.584274    0.000019    0.000004   -0.001427   -0.352860    0.001221
  7   31.520203    0.000000    0.000008   -0.001806   -0.247212    0.002671
  8   34.241180  -28.000034  -41.877975    0.941564    0.429213   -0.258687
  9   34.241119   23.441803  -41.878067   -0.941442    0.431564    0.260962
 10   35.246704  -52.543083    1.319153   -0.000000   -0.000000   -0.474210
 11   35.246536   52.726315    1.318939   -0.000000    0.000000    0.472980
 12   34.830048  -24.891926   45.588631   -0.944131   -0.419038   -0.266654
 13   34.885788   27.636589   43.767838    0.943937   -0.422575    0.270059
 14   29.239319  -51.573345   94.292953    0.012831   -0.343275   -0.429610
 15   42.375084    0.000013   -0.000015   -0.096217   -0.157004    0.032850
 16   42.546097    0.000027    0.000008   -0.059928   -0.023232    0.072805
 17   42.234497    0.000031    0.000004   -0.032931   -0.098493   -0.070238
 18   42.464996    0.000038    0.000008    0.044438   -0.370776   -0.441947
 19   42.458099   -0.000053   -0.000023    0.038229   -0.342964   -0.427449
 20   42.267960    0.000031   -0.000015    0.012312   -0.222524   -0.282721
 21   42.505920    0.000031   -0.000015    0.147386   -0.439296   -0.647268
 22   42.233139    0.000000   -0.000046    0.008934    0.006856    0.008834
 23   42.352322    0.000031    0.000046    0.214161    0.504638    0.773883
 24   42.391693   -0.000076    0.000000    0.041846    0.245458    0.319261
 25   42.497498    0.000008   -0.000008    0.007297    0.100529    0.126163
 26   42.272888    0.000067   -0.000047    0.002121    0.057353    0.071546
 27   29.239330   55.382637   92.214920    1.237269   -0.131128    1.100612
 28   42.375084    0.000008   -0.000004    0.041811   -0.424767    0.229467
 29   42.546127    0.000000    0.000006    0.028994   -0.373853    0.121992
 30   42.234467    0.000080    0.000015    0.033990    0.000426    0.127671
 31   42.465027   -0.000031    0.000015    0.121646    0.389276    0.299888
 32   42.458069    0.000000    0.000008    0.057561    0.300748    0.219941
 33   42.267792   -0.000015    0.000015    0.036843    0.248496    0.254408
 34   42.506012    0.000076   -0.000015    0.206922    0.557725    0.706637
 35   42.233047    0.000031    0.000031    0.008068    0.154795    0.163186
 36   42.352242   -0.000092    0.000092    0.064963   -0.397648   -0.403701
 37   42.391724    0.000076    0.000031    0.105255   -0.460710   -0.501919
 38   42.497650    0.000031    0.000008    0.013890   -0.184958   -0.185904
 39   42.272644    0.000164   -0.000006    0.004467   -0.099668   -0.099627
 40   29.239346  106.746658    1.740854   -0.027781    0.188871    1.424373
 41   42.375046    0.000021    0.000004    0.084863    0.030429   -0.473542
 42   42.546127   -0.000015    0.000004    0.069939   -0.002069   -0.394177
 43   42.234467   -0.000015    0.000000   -0.025896   -0.003984    0.161012
 44   42.465103    0.000015   -0.000008   -0.098142   -0.012426    0.630210
 45   42.458069   -0.000023    0.000000   -0.043476   -0.036954    0.328312
 46   42.267975   -0.000015   -0.000004   -0.057391   -0.064333    0.591776
 47   42.505890    0.000000    0.000010   -0.025904   -0.097480    0.721199
 48   42.233139    0.000000   -0.000011    0.001265   -0.008554    0.021786
 49   42.352264   -0.000031    0.000000   -0.037169    0.049237   -0.532199
 50   42.391724    0.000061   -0.000002   -0.016966    0.068222   -0.611785
 51   42.497742    0.000015   -0.000012    0.009200    0.031745   -0.293498
 52   42.272736   -0.000021   -0.000004    0.008665    0.014751   -0.154727
 53   29.239334   50.706902  -91.389069   -0.632820    1.210984    1.535644
 54   42.375076   -0.000015   -0.000002   -0.028324    0.082194   -0.189979
 55   42.546074    0.000038    0.000002   -0.029279    0.123244   -0.252581
 56   42.234558   -0.000046    0.000000   -0.037070    0.143162   -0.266716
 57   42.464996    0.000076    0.000008   -0.026868   -0.116336    0.122364
 58   42.458069    0.000008    0.000000   -0.232085   -0.508489    0.720584
 59   42.267944   -0.000092   -0.000008   -0.071766   -0.278792    0.307180
 60   42.505951    0.000076    0.000015   -0.034135   -0.226957    0.231179
 61   42.233147   -0.000061   -0.000015   -0.009109   -0.175974    0.174856
 62   42.352264   -0.000031   -0.000031   -0.061988    0.369439   -0.394103
 63   42.391693    0.000015   -0.000015   -0.031714    0.253287   -0.266367
 64   42.497620    0.000038   -0.000008   -0.007259    0.126167   -0.129976
 65   42.272766    0.000019   -0.000008   -0.002588    0.057152   -0.058610
 66   29.239323  -56.044884  -91.389038   -0.619224    1.189503   -1.207677
 67   42.375084    0.000008    0.000000    0.048604   -0.177239    0.089164
 68   42.546127   -0.000011    0.000011    0.004319   -0.223031    0.144999
 69   42.234436    0.000034   -0.000011   -0.003305   -0.205574    0.148158
 70   42.465012   -0.000031   -0.000004    0.010862    0.133189   -0.176776
 71   42.458145    0.000008    0.000004   -0.184929    0.499939   -0.720484
 72   42.267899   -0.000046    0.000000   -0.044882    0.230059   -0.304876
 73   42.505951    0.000046    0.000015   -0.054560    0.209394   -0.270483
 74   42.233177    0.000000    0.000000   -0.034767    0.128990   -0.155254
 75   42.352142    0.000031    0.000015   -0.036872   -0.357714    0.438022
 76   42.391815    0.000031    0.000000   -0.005065   -0.211865    0.269908
 77   42.497498    0.000031    0.000000    0.001420   -0.106385    0.139486
 78   42.272644   -0.000015    0.000015    0.002518   -0.045959    0.061029
 79   29.239311 -106.786270    1.740896    0.026962    0.056977   -1.096774
 80   42.375076   -0.000004   -0.000008   -0.017632    0.063815    0.334249
 81   42.546051    0.000004    0.000004   -0.032841    0.043078    0.315757
 82   42.234528   -0.000015   -0.000011    0.022058   -0.001343   -0.156755
 83   42.465088   -0.000008   -0.000004    0.085948   -0.040302   -0.618736
 84   42.458069    0.000008   -0.000004    0.030353   -0.042111   -0.330832
 85   42.267914    0.000000   -0.000006    0.031782   -0.061936   -0.575376
 86   42.506012    0.000000    0.000009    0.003574   -0.081634   -0.741324
 87   42.233078    0.000031   -0.000013   -0.002343   -0.008533   -0.034177
 88   42.352329   -0.000092   -0.000001    0.040414    0.025627    0.515738
 89   42.391724    0.000092   -0.000003    0.035948    0.049157    0.625093
 90   42.497559    0.000023   -0.000029    0.003942    0.029294    0.298760
 91   42.272614    0.000024    0.000010   -0.001629    0.015665    0.158786
time 15
  0    0.000000    0.000000    0.000000    0.000000   -0.000000    0.000000
  1    0.000000    0.000000    0.000000    0.000000   -0.000000    0.000000
  2    0.000000  -28.972635    8.137362    2.384589   -1.475785   -0.813921
  3   50.309219   -0.435479    0.000006   -0.004169   -0.424437    0.015464
  4   30.891541   -0.000011   -0.000002    0.002976   -0.331993   -0.014421
  5   34.635597    0.000007   -0.000008    0.004311   -0.150585   -0.001355
  6   30.584290    0.000018   -0.000011   -0.001423   -0.347156    0.001218
  7   31.520180   -0.000000    0.000000   -0.001801   -0.235860    0.002664
  8   34.241165  -28.000034  -41.878006    0.929474    0.581547   -0.370341
  9   34.241104   23.441803  -41.878098   -0.929479    0.581550    0.370341
 10   35.246704  -52.543095    1.319138   -0.000000   -0.000000   -0.657108
 11   35.246506   52.726326    1.318939   -0.000000   -0.000000    0.657111
 12   34.829987  -24.891930   45.588623   -0.933001   -0.574887   -0.381033
 13   34.885757   27.636593   43.767838    0.932996   -0.574885    0.381039
 14   29.239323  -51.573368   94.292961   -0.039107   -0.276758   -0.453399
 15   42.375069    0.000004   -0.000015   -0.082958   -0.193477    0.030722
 16   42.546066    0.000042    0.000015   -0.057877   -0.051692    0.077670
 17   42.234482    0.000011    0.000004   -0.030075   -0.097308   -0.071167
 18   42.465027    0.000023   -0.000015    0.046512   -0.332763   -0.453811
 19   42.458038   -0.000076   -0.000023    0.052069   -0.322076   -0.451846
 20   42.267944    0.000031   -0.000031    0.021986   -0.210517   -0.291044
 21   42.505920   -0.000031    0.000015    0.158548   -0.418882   -0.655103
 22   42.233154    0.000000   -0.000015    0.009217   -0.017347   -0.023041
 23   42.352253    0.000000    0.000015    0.177235    0.481687    0.749566
 24   42.391693   -0.000031   -0.000046    0.038620    0.257669    0.362527
 25   42.497498    0.000000   -0.000023    0.003963    0.100121    0.138159
 26   42.272827    0.000051   -0.000008    0.000237    0.056279    0.077801
 27   29.239342   55.382648   92.214966    1.188019   -0.156176    1.164441
 28   42.375076    0.000008    0.000000    0.079132   -0.497504    0.209389
 29   42.546097   -0.000008    0.000031    0.028497   -0.395420    0.113564
 30   42.234497    0.000061   -0.000008    0.040115    0.014489    0.123639
 31   42.465042   -0.000046    0.000000    0.137705    0.415452    0.292266
 32   42.458069    0.000015    0.000008    0.060692    0.311816    0.200428
 33   42.267914    0.000008    0.000008    0.039215    0.250410    0.244326
 34   42.506058    0.000092    0.000000    0.226233    0.575724    0.706188
 35   42.233124   -0.000061   -0.000061    0.013597    0.168562    0.167040
 36   42.352272   -0.000061    0.000031    0.048952   -0.419119   -0.374162
 37   42.391754    0.000076    0.000031    0.087421   -0.493034   -0.490134
 38   42.497681    0.000076   -0.000008    0.005597   -0.192507   -0.182386
 39   42.272705    0.000179    0.000042    0.000308   -0.102219   -0.097936
 40   29.239357  106.746658    1.740833   -0.002205    0.116901    1.462934
 41   42.375076    0.000002    0.000000    0.056299    0.045438   -0.499565
 42   42.546112   -0.000019    0.000000    0.057522    0.011931   -0.400258
 43   42.234497    0.000000   -0.000004   -0.024861    0.001609    0.169420
 44   42.465088   -0.000008    0.000004   -0.086833   -0.009292    0.630178
 45   42.458099    0.000008    0.000000   -0.035451   -0.029608    0.327007
 46   42.267914    0.000000    0.000002   -0.042868   -0.049145    0.601409
 47   42.505859   -0.000031    0.000005   -0.009724   -0.071116    0.714133
 48   42.233170    0.000000   -0.000011    0.000953   -0.007622    0.016084
 49   42.352249    0.000031    0.000001   -0.034766    0.025198   -0.542924
 50   42.391708   -0.000031   -0.000005   -0.019228    0.042266   -0.607764
 51   42.497681   -0.000008   -0.000011    0.003928    0.021645   -0.291823
 52   42.272766   -0.000004    0.000000    0.005221    0.010377   -0.152975
 53   29.239338   50.706928  -91.389130   -0.569362    1.157318    1.572325
 54   42.375107   -0.000008   -0.000004   -0.035080    0.080378   -0.187137
 55   42.546089    0.000025    0.000006   -0.037676    0.121291   -0.250204
 56   42.234512   -0.000042    0.000008   -0.045478    0.148623   -0.275897
 57   42.465057    0.000023    0.000034   -0.020891   -0.104565    0.117675
 58   42.458054    0.000023    0.000000   -0.206416   -0.489401    0.737010
 59   42.267975   -0.000092   -0.000015   -0.063371   -0.263788    0.326271
 60   42.505905    0.000092   -0.000031   -0.028436   -0.203598    0.236129
 61   42.233200   -0.000076   -0.000061   -0.009917   -0.167717    0.191658
 62   42.352318    0.000000   -0.000031   -0.063974    0.341604   -0.417445
 63   42.391693    0.000046   -0.000046   -0.036514    0.233301   -0.279603
 64   42.497620    0.000046   -0.000038   -0.010774    0.116469   -0.135326
 65   42.272766    0.000051   -0.000013   -0.004328    0.052968   -0.060818
 66   29.239330  -56.044876  -91.389046   -0.584714    1.251512   -1.126588
 67   42.375084   -0.000015   -0.000004    0.042890   -0.180169    0.069507
 68   42.546112   -0.000006    0.000027   -0.002473   -0.230421    0.119104
 69   42.234467    0.000015   -0.000015   -0.011790   -0.232506    0.137104
 70   42.464996   -0.000015    0.000015    0.017585    0.121453   -0.156044
 71   42.458160    0.000038    0.000008   -0.171068    0.532619   -0.703606
 72   42.267960   -0.000031    0.000008   -0.039431    0.243403   -0.311119
 73   42.506012    0.000076   -0.000031   -0.045837    0.201440   -0.253972
 74   42.233131    0.000076   -0.000031   -0.037650    0.143466   -0.171441
 75   42.352188    0.000000   -0.000015   -0.041529   -0.355568    0.430093
 76   42.391876    0.000015   -0.000046   -0.012286   -0.217365    0.270511
 77   42.497528    0.000038   -0.000023   -0.002569   -0.108382    0.136853
 78   42.272705    0.000010   -0.000006    0.000711   -0.047607    0.060369
 79   29.239319 -106.786247    1.740904    0.002143    0.128852   -1.079282
 80   42.375099   -0.000004   -0.000004   -0.041862    0.025546    0.328778
 81   42.546066    0.000000    0.000008   -0.045830    0.009822    0.315774
 82   42.234528   -0.000023   -0.000008    0.022733    0.003032   -0.152219
 83   42.465118    0.000008    0.000004    0.087933   -0.006570   -0.618959
 84   42.458069    0.000008   -0.000004    0.038388   -0.029548   -0.333052
 85   42.267914    0.000000   -0.000004    0.044380   -0.046836   -0.570387
 86   42.506012    0.000061    0.000014    0.016254   -0.075004   -0.748451
 87   42.233055    0.000000   -0.000007   -0.002197   -0.009522   -0.038653
 88   42.352322    0.000031    0.000005    0.032473    0.025554    0.509024
 89   42.391708    0.000000   -0.000007    0.019953    0.045124    0.629555
 90   42.497528    0.000008   -0.000020   -0.004961    0.022756    0.301166
 91   42.272614    0.000024    0.000021   -0.006122    0.010925    0.160739
time 16
  0    0.000000    0.000000    0.000000    0.000000   -0.000000    0.000000
  1    0.000000    0.000000    0.000000    0.000000   -0.000000    0.000000
  2    0.000000  -29.413214    8.581128    2.384288   -1.472936   -0.813616
  3   50.309219   -0.435479    0.000002   -0.008055   -0.424389    0.016487
  4   30.891541   -0.000010    0.000002    0.001903   -0.331955   -0.013504
  5   34.635597    0.000007   -0.000004    0.003493   -0.150553   -0.000354
  6   30.584305    0.000018    0.000004   -0.002025   -0.346619    0.002378
  7   31.520195   -0.000002    0.000008   -0.001801   -0.235860    0.002664
  8   34.241180  -27.603939  -41.285614    0.914582    0.621946   -0.407935
  9   34.241104   23.110188  -41.285690   -0.915332    0.619808    0.405862
 10   35.246689  -51.799805    1.300476   -0.000000    0.000000   -0.708009
 11   35.246552   51.980434    1.300278   -0.000000   -0.000000    0.709137
 12   34.830017  -24.539803   44.943718   -0.917509   -0.618452   -0.421207
 13   34.885757   27.245632   43.148689    0.918611   -0.615225    0.418114
 14   29.239326  -51.573349   94.292984   -0.033585   -0.305902   -0.455707
 15   42.375099    0.000008    0.000015   -0.090810   -0.181059    0.053356
 16   42.546066    0.000034   -0.000008   -0.057289   -0.038673    0.083155
 17   42.234497    0.000008    0.000027   -0.031906   -0.099375   -0.080228
 18   42.464981    0.000031    0.000015    0.044143   -0.341381   -0.472227
 19   42.458099   -0.000061   -0.000015    0.042632   -0.307443   -0.438021
 20   42.267929    0.000061    0.000000    0.027504   -0.218899   -0.322230
 21   42.505859    0.000031    0.000000    0.163926   -0.402072   -0.658024
 22   42.233181   -0.000092    0.000000    0.007399    0.018970    0.019068
 23   42.352242    0.000031   -0.000015    0.158389    0.483275    0.748828
 24   42.391693   -0.000046    0.000031    0.026921    0.238320    0.344456
 25   42.497498    0.000038   -0.000015    0.002168    0.096319    0.138687
 26   42.272797    0.000082   -0.000016   -0.000429    0.054517    0.078920
 27   29.239346   55.382614   92.214966    1.138268   -0.135073    1.223072
 28   42.375061    0.000000   -0.000004    0.114396   -0.540136    0.183157
 29   42.546097    0.000008    0.000042    0.030099   -0.432215    0.115253
 30   42.234482    0.000065   -0.000015    0.038955    0.006523    0.119950
 31   42.465027   -0.000061   -0.000008    0.139280    0.426186    0.286156
 32   42.458069    0.000011    0.000008    0.057724    0.328123    0.195962
 33   42.267914   -0.000008    0.000038    0.031334    0.238615    0.234050
 34   42.506042    0.000076    0.000031    0.220896    0.558585    0.716131
 35   42.233116    0.000031    0.000031    0.024706    0.192865    0.200373
 36   42.352222   -0.000061    0.000031    0.034741   -0.411874   -0.359414
 37   42.391693    0.000092    0.000046    0.082588   -0.504529   -0.507180
 38   42.497711    0.000053    0.000008    0.003312   -0.192454   -0.186499
 39   42.272675    0.000175    0.000034   -0.000552   -0.101184   -0.099662
 40   29.239365  106.746651    1.740837   -0.002351    0.115817    1.476398
 41   42.375061   -0.000008   -0.000004    0.056589    0.049214   -0.507517
 42   42.546112   -0.000008    0.000000    0.058880    0.013677   -0.403481
 43   42.234467    0.000008    0.000004   -0.025649    0.001758    0.170538
 44   42.465057   -0.000031   -0.000011   -0.089069   -0.010027    0.630308
 45   42.458038    0.000000   -0.000011   -0.036161   -0.030479    0.326632
 46   42.267868    0.000015    0.000002   -0.043739   -0.051012    0.602526
 47   42.505905    0.000000    0.000008   -0.009280   -0.073220    0.712459
 48   42.233147   -0.000031   -0.000012    0.000937   -0.007635    0.015163
 49   42.352261   -0.000031    0.000001   -0.036179    0.026267   -0.544213
 50   42.391724    0.000000   -0.000003   -0.019873    0.043920   -0.606723
 51   42.497650    0.000069   -0.000010    0.004095    0.022518   -0.291383
 52   42.272675    0.000013   -0.000004    0.005426    0.010789   -0.152641
 53   29.239346   50.706913  -91.389069   -0.542435    1.159184    1.602364
 54   42.375099   -0.000004   -0.000004   -0.034652    0.080121   -0.187331
 55   42.546074    0.000025    0.000008   -0.037269    0.121145   -0.251475
 56   42.234558   -0.000057   -0.000011   -0.046042    0.150677   -0.281523
 57   42.465012    0.000015    0.000000   -0.020598   -0.102298    0.114414
 58   42.458099    0.000023    0.000015   -0.204166   -0.486628    0.733975
 59   42.267975   -0.000092   -0.000015   -0.063703   -0.264066    0.327680
 60   42.505936    0.000107   -0.000031   -0.029082   -0.205174    0.238724
 61   42.233162   -0.000061   -0.000061   -0.010227   -0.168213    0.192709
 62   42.352303    0.000031   -0.000046   -0.063659    0.341223   -0.417808
 63   42.391724    0.000061   -0.000015   -0.036404    0.233028   -0.280012
 64   42.497620    0.000023   -0.000008   -0.010744    0.116291   -0.135506
 65   42.272766    0.000000   -0.000008   -0.004324    0.052887   -0.060906
 66   29.239326  -56.044876  -91.389023   -0.606669    1.257338   -1.149924
 67   42.375107    0.000006   -0.000015    0.041944   -0.180298    0.069689
 68   42.546112    0.000011    0.000015   -0.003615   -0.231423    0.119249
 69   42.234467    0.000031   -0.000004   -0.013497   -0.236639    0.139204
 70   42.464996   -0.000069    0.000004    0.018003    0.119244   -0.154303
 71   42.458099    0.000031   -0.000023   -0.168941    0.531304   -0.699686
 72   42.267914   -0.000046    0.000008   -0.039885    0.243732   -0.311760
 73   42.505981    0.000076    0.000031   -0.047142    0.203473   -0.256656
 74   42.233131    0.000031   -0.000015   -0.038181    0.143662   -0.171403
 75   42.352112   -0.000061    0.000015   -0.040565   -0.356420    0.430083
 76   42.391785    0.000031   -0.000031   -0.011888   -0.217204    0.270214
 77   42.497589    0.000046   -0.000038   -0.002497   -0.108304    0.136811
 78   42.272736    0.000000    0.000017    0.000717   -0.047534    0.060310
 79   29.239311 -106.786255    1.740908    0.002283    0.132597   -1.080675
 80   42.375107    0.000010    0.000000   -0.043452    0.025103    0.331672
 81   42.546051   -0.000023    0.000004   -0.046801    0.009080    0.316165
 82   42.234512   -0.000046   -0.000011    0.023288    0.002976   -0.153873
 83   42.465057    0.000015   -0.000004    0.089076   -0.006318   -0.619035
 84   42.458069   -0.000023    0.000004    0.038945   -0.029861   -0.332530
 85   42.267853   -0.000015   -0.000006    0.045327   -0.048413   -0.572017
 86   42.505890    0.000031    0.000011    0.016046   -0.076974   -0.746382
 87   42.233078    0.000031   -0.000015   -0.002199   -0.009538   -0.037323
 88   42.352303    0.000000    0.000003    0.033623    0.026537    0.510925
 89   42.391724    0.000061   -0.000006    0.020441    0.046593    0.628214
 90   42.497620    0.000015   -0.000022   -0.005145    0.023503    0.300559
 91   42.272522    0.000019    0.000008   -0.006320    0.011273    0.160268
time 17
  0    0.000000    0.000000    0.000000    0.000000   -0.000000    0.000000
  1    0.000000    0.000000    0.000000    0.000000   -0.000000    0.000000
  2    0.000000  -29.834215    9.013854    2.383986   -1.470170   -0.813313
  3   50.309216   -0.435478    0.000008   -0.013394   -0.424254    0.018563
  4   30.891548   -0.000011    0.000006   -0.000962   -0.331847   -0.010940
  5   34.635605    0.000007    0.000000    0.001415   -0.150461    0.002390
  6   30.584290    0.000018    0.000004   -0.003716   -0.346153    0.005643
  7   31.520187    0.000000    0.000008   -0.001801   -0.235860    0.002664
  8   34.241180  -27.207836  -40.693176    0.905034    0.627730   -0.413314
  9   34.241119   22.778568  -40.693253   -0.906428    0.625286    0.410946
 10   35.246689  -51.056507    1.281815   -0.000000    0.000000   -0.715301
 11   35.246521   51.234550    1.281601   -0.000000    0.000000    0.716588
 12   34.830017  -24.187664   44.298798   -0.907068   -0.624686   -0.426955
 13   34.885773   26.854679   42.529526    0.909129   -0.620999    0.423420
 14   29.239326  -51.573345   94.292984   -0.027500   -0.342160   -0.457563
 15   42.375076    0.000000    0.000008   -0.098625   -0.161092    0.079556
 16   42.546082    0.000038    0.000015   -0.055932   -0.025510    0.085918
 17   42.234467    0.000000    0.000000   -0.034100   -0.101945   -0.090084
 18   42.464996    0.000023    0.000008    0.040650   -0.348902   -0.489208
 19   42.458099   -0.000069    0.000008    0.033704   -0.292268   -0.425026
 20   42.267960    0.000031   -0.000031    0.035768   -0.229524   -0.362484
 21   42.505890    0.000031    0.000015    0.165297   -0.378907   -0.647033
 22   42.233231   -0.000031   -0.000015    0.004581    0.052710    0.058335
 23   42.352303    0.000031   -0.000015    0.136226    0.481711    0.743451
 24   42.391754   -0.000046    0.000000    0.016366    0.219864    0.327789
 25   42.497559   -0.000008    0.000023    0.000292    0.092511    0.139477
 26   42.272797    0.000076    0.000017   -0.001143    0.052715    0.080223
 27   29.239346   55.382618   92.214981    1.088228   -0.119133    1.275053
 28   42.375061    0.000023    0.000000    0.157472   -0.564042    0.144362
 29   42.546097   -0.000008    0.000023    0.037496   -0.461721    0.110099
 30   42.234482    0.000076    0.000023    0.037019    0.001881    0.120451
 31   42.465057   -0.000023    0.000023    0.137158    0.435440    0.291859
 32   42.458130    0.000050    0.000015    0.053659    0.328573    0.197201
 33   42.267914    0.000000   -0.000008    0.028633    0.229577    0.235705
 34   42.506073    0.000122   -0.000015    0.231306    0.544072    0.736313
 35   42.233124   -0.000061    0.000031    0.032273    0.190190    0.206231
 36   42.352249   -0.000092    0.000061    0.024114   -0.432625   -0.374974
 37   42.391785    0.000031    0.000046    0.063956   -0.491211   -0.501112
 38   42.497620    0.000092   -0.000023    0.000084   -0.182409   -0.184334
 39   42.272736    0.000141    0.000032   -0.001362   -0.095884   -0.098999
 40   29.239346  106.746635    1.740850   -0.002497    0.114687    1.489673
 41   42.375076   -0.000008    0.000000    0.056802    0.052915   -0.515124
 42   42.546112    0.000004    0.000000    0.060246    0.015408   -0.406928
 43   42.234497    0.000008   -0.000004   -0.026374    0.001883    0.171331
 44   42.465057   -0.000061   -0.000015   -0.091238   -0.010722    0.630550
 45   42.458008    0.000000   -0.000004   -0.036858   -0.031338    0.326388
 46   42.267914    0.000031    0.000000   -0.044563   -0.052865    0.603503
 47   42.505936    0.000031    0.000011   -0.008811   -0.075286    0.710810
 48   42.233139    0.000031   -0.000010    0.000924   -0.007639    0.014360
 49   42.352280   -0.000061    0.000003   -0.037570    0.027337   -0.545178
 50   42.391632    0.000000   -0.000001   -0.020515    0.045583   -0.605771
 51   42.497620    0.000008   -0.000010    0.004267    0.023401   -0.291041
 52   42.272705    0.000011    0.000000    0.005637    0.011204   -0.152367
 53   29.239338   50.706890  -91.389122   -0.516211    1.160645    1.631607
 54   42.375107   -0.000015   -0.000002   -0.034246    0.079849   -0.187432
 55   42.546059    0.000027   -0.000002   -0.036867    0.120972   -0.252609
 56   42.234497   -0.000034    0.000011   -0.046591    0.152656   -0.286988
 57   42.465012    0.000031    0.000015   -0.020325   -0.100110    0.111246
 58   42.458130   -0.000023    0.000011   -0.201861   -0.483791    0.730743
 59   42.267990   -0.000092    0.000008   -0.064001   -0.264274    0.328979
 60   42.505890    0.000107   -0.000061   -0.029787   -0.206942    0.241556
 61   42.233170   -0.000031   -0.000015   -0.010516   -0.168632    0.193662
 62   42.352287    0.000000   -0.000015   -0.063367    0.340883   -0.418211
 63   42.391724    0.000076   -0.000015   -0.036298    0.232766   -0.280417
 64   42.497559    0.000046   -0.000015   -0.010717    0.116134   -0.135703
 65   42.272705    0.000008    0.000000   -0.004319    0.052815   -0.060996
 66   29.239323  -56.044876  -91.389076   -0.628759    1.262751   -1.173378
 67   42.375107   -0.000004    0.000000    0.041053   -0.180367    0.069856
 68   42.546127   -0.000015    0.000004   -0.004708   -0.232342    0.119387
 69   42.234482    0.000015   -0.000008   -0.015170   -0.240612    0.141225
 70   42.464996   -0.000046   -0.000015    0.018389    0.117172   -0.152699
 71   42.458176    0.000046   -0.000015   -0.166733    0.529860   -0.695596
 72   42.267960   -0.000031   -0.000008   -0.040287    0.243977   -0.312289
 73   42.505981    0.000046    0.000015   -0.048524    0.205706   -0.259621
 74   42.233154    0.000031   -0.000031   -0.038656    0.143709   -0.171188
 75   42.352196    0.000031    0.000000   -0.039650   -0.357305    0.430159
 76   42.391785    0.000061   -0.000031   -0.011497   -0.217016    0.269893
 77   42.497620    0.000069    0.000000   -0.002429   -0.108236    0.136777
 78   42.272797    0.000023    0.000017    0.000722   -0.047460    0.060253
 79   29.239319 -106.786270    1.740892    0.002423    0.136157   -1.082218
 80   42.375092    0.000004   -0.000004   -0.044993    0.024725    0.334505
 81   42.546036   -0.000008    0.000000   -0.047759    0.008402    0.316702
 82   42.234482   -0.000015   -0.000011    0.023806    0.002920   -0.155291
 83   42.465057    0.000008   -0.000011    0.090197   -0.006088   -0.619161
 84   42.458038    0.000015   -0.000008    0.039496   -0.030190   -0.332162
 85   42.267929    0.000000   -0.000011    0.046237   -0.049975   -0.573730
 86   42.505966    0.000000    0.000017    0.015793   -0.078869   -0.744188
 87   42.233040   -0.000031   -0.000004   -0.002194   -0.009534   -0.035962
 88   42.352245   -0.000031    0.000007    0.034753    0.027522    0.512774
 89   42.391724    0.000000   -0.000006    0.020899    0.048039    0.626819
 90   42.497528   -0.000031   -0.000024   -0.005333    0.024239    0.299964
 91   42.272461   -0.000020    0.000023   -0.006516    0.011614    0.159802
time 18
  0    0.000000    0.000000    0.000000    0.000000   -0.000000    0.000000
  1    0.000000    0.000000    0.000000    0.000000   -0.000000    0.000000
  2    0.000000  -30.236080    9.435584    2.383686   -1.467481   -0.813010
  3   50.309216   -0.435479    0.000000   -0.019931   -0.424044    0.021525
  4   30.891548   -0.000011   -0.000004   -0.005342   -0.331681   -0.006984
  5   34.635590    0.000007    0.000000   -0.001729   -0.150319    0.006610
  6   30.584297    0.000017   -0.000004   -0.006330   -0.345754    0.010690
  7   31.520180   -0.000001    0.000008   -0.001801   -0.235860    0.002664
  8   34.241180  -27.603930  -41.285599    0.917255    0.604636   -0.391826
  9   34.241104   23.110189  -41.285675   -0.917955    0.603415    0.390642
 10   35.246674  -51.799797    1.300491   -0.000000    0.000000   -0.686200
 11   35.246521   51.980438    1.300278   -0.000000   -0.000000    0.686845
 12   34.830017  -24.539795   44.943718   -0.920035   -0.599785   -0.403993
 13   34.885757   27.245632   43.148689    0.921064   -0.597940    0.402227
 14   29.239323  -51.573353   94.292931   -0.021555   -0.385260   -0.458411
 15   42.375069   -0.000010   -0.000031   -0.104902   -0.132627    0.108139
 16   42.546082    0.000023   -0.000008   -0.054039   -0.013167    0.085553
 17   42.234421    0.000008    0.000004   -0.036641   -0.105016   -0.100455
 18   42.465027    0.000023   -0.000011    0.035943   -0.354681   -0.503568
 19   42.458099   -0.000046   -0.000015    0.025666   -0.277246   -0.413873
 20   42.267899    0.000031   -0.000015    0.046785   -0.240548   -0.409497
 21   42.505913    0.000031   -0.000015    0.163456   -0.351440   -0.624106
 22   42.233158    0.000000   -0.000015    0.000616    0.082067    0.092382
 23   42.352306    0.000000    0.000031    0.111646    0.476797    0.733321
 24   42.391754   -0.000061   -0.000031    0.007216    0.203587    0.314037
 25   42.497498    0.000038   -0.000017   -0.001615    0.088915    0.140707
 26   42.272797    0.000076   -0.000021   -0.001893    0.050977    0.081769
 27   29.239334   55.382641   92.214935    1.039035   -0.108020    1.320815
 28   42.375076    0.000008    0.000000    0.204743   -0.570252    0.097664
 29   42.546112    0.000000    0.000015    0.051526   -0.483924    0.097695
 30   42.234467    0.000042   -0.000015    0.034350   -0.000031    0.124570
 31   42.465027   -0.000053   -0.000023    0.131346    0.443314    0.307860
 32   42.458069    0.000019   -0.000008    0.048855    0.314903    0.203215
 33   42.267944    0.000000    0.000000    0.030144    0.221771    0.247942
 34   42.505981    0.000076    0.000000    0.257437    0.531186    0.766588
 35   42.233047   -0.000061    0.000092    0.034208    0.164302    0.186298
 36   42.352192   -0.000122    0.000031    0.013943   -0.474026   -0.414963
 37   42.391739    0.000000    0.000015    0.037226   -0.454755   -0.476063
 38   42.497681    0.000046    0.000000   -0.003196   -0.165389   -0.177595
 39   42.272705    0.000149   -0.000038   -0.001984   -0.087703   -0.096624
 40   29.239357  106.746651    1.740831   -0.002644    0.113517    1.502753
 41   42.375023    0.000011    0.000000    0.056940    0.056533   -0.522372
 42   42.546112   -0.000004   -0.000004    0.061620    0.017128   -0.410605
 43   42.234451   -0.000015    0.000008   -0.027032    0.001987    0.171788
 44   42.465057    0.000008    0.000000   -0.093343   -0.011374    0.630903
 45   42.458069   -0.000015   -0.000004   -0.037544   -0.032185    0.326279
 46   42.267899   -0.000015    0.000000   -0.045342   -0.054703    0.604327
 47   42.505859    0.000031    0.000009   -0.008322   -0.077317    0.709215
 48   42.233124   -0.000031   -0.000012    0.000914   -0.007636    0.013676
 49   42.352234    0.000031    0.000002   -0.038937    0.028409   -0.545834
 50   42.391632    0.000092   -0.000003   -0.021155    0.047254   -0.604905
 51   42.497650    0.000031   -0.000011    0.004444    0.024293   -0.290786
 52   42.272705   -0.000019   -0.000002    0.005852    0.011624   -0.152154
 53   29.239338   50.706921  -91.389046   -0.490725    1.161734    1.660025
 54   42.375061   -0.000023    0.000002   -0.033861    0.079566   -0.187457
 55   42.546051    0.000025    0.000013   -0.036472    0.120785   -0.253633
 56   42.234528   -0.000042    0.000000   -0.047122    0.154549   -0.292273
 57   42.464996   -0.000008    0.000000   -0.020074   -0.098017    0.108200
 58   42.458038    0.000000   -0.000008   -0.199508   -0.480896    0.727331
 59   42.267944   -0.000092    0.000023   -0.064264   -0.264403    0.330151
 60   42.505875    0.000107    0.000000   -0.030547   -0.208900    0.244628
 61   42.233170   -0.000061    0.000000   -0.010785   -0.168963    0.194503
 62   42.352242    0.000000    0.000015   -0.063096    0.340592   -0.418655
 63   42.391632    0.000046    0.000031   -0.036192    0.232512   -0.280815
 64   42.497559    0.000031    0.000008   -0.010695    0.115996   -0.135916
 65   42.272644    0.000000    0.000059   -0.004313    0.052746   -0.061087
 66   29.239323  -56.044865  -91.388992   -0.650941    1.267765   -1.196906
 67   42.375084   -0.000008    0.000004    0.040216   -0.180381    0.070010
 68   42.546112   -0.000010    0.000019   -0.005751   -0.233182    0.119515
 69   42.234451    0.000031   -0.000004   -0.016808   -0.244429    0.143173
 70   42.464996   -0.000031    0.000019    0.018747    0.115205   -0.151199
 71   42.458069    0.000038    0.000011   -0.164444    0.528290   -0.691341
 72   42.267883   -0.000076    0.000008   -0.040646    0.244156   -0.312730
 73   42.505966    0.000092   -0.000015   -0.049980    0.208118   -0.262846
 74   42.233154    0.000031    0.000000   -0.039084    0.143646   -0.170843
 75   42.352180    0.000000    0.000031   -0.038777   -0.358209    0.430297
 76   42.391785   -0.000015   -0.000015   -0.011119   -0.216823    0.269572
 77   42.497589    0.000031   -0.000023   -0.002365   -0.108180    0.136763
 78   42.272675   -0.000057    0.000000    0.000728   -0.047393    0.060193
 79   29.239315 -106.786247    1.740904    0.002563    0.139533   -1.083904
 80   42.375069    0.000002   -0.000011   -0.046484    0.024413    0.337274
 81   42.546051   -0.000015    0.000004   -0.048705    0.007789    0.317385
 82   42.234512    0.000008   -0.000011    0.024285    0.002862   -0.156465
 83   42.465073    0.000008   -0.000004    0.091296   -0.005879   -0.619333
 84   42.458099   -0.000023   -0.000008    0.040042   -0.030532   -0.331943
 85   42.267899    0.000000   -0.000010    0.047109   -0.051520   -0.575464
 86   42.505951    0.000000    0.000016    0.015503   -0.080694   -0.741919
 87   42.233025    0.000031   -0.000010   -0.002182   -0.009514   -0.034613
 88   42.352272   -0.000061    0.000003    0.035859    0.028503    0.514498
 89   42.391724   -0.000031   -0.000003    0.021333    0.049463    0.625409
 90   42.497559    0.000008   -0.000023   -0.005522    0.024964    0.299397
 91   42.272583    0.000015    0.000029   -0.006712    0.011949    0.159365
time 19
  0    0.000000    0.000000    0.000000    0.000000   -0.000000    0.000000
  1    0.000000    0.000000    0.000000    0.000000   -0.000000    0.000000
  2    0.000000  -30.619263    9.846369    2.383385   -1.464871   -0.812706
  3   50.309216   -0.435478    0.000000   -0.027412   -0.423775    0.025206
  4   30.891541   -0.000010    0.000002   -0.010962   -0.331468   -0.001887
  5   34.635605    0.000008    0.000000   -0.005741   -0.150135    0.012037
  6   30.584305    0.000017    0.000000   -0.009699   -0.345416    0.017193
  7   31.520180    0.000001    0.000008   -0.001801   -0.235860    0.002664
  8   34.241211  -28.000031  -41.878006    0.929474    0.581547   -0.370341
  9   34.241119   23.441799  -41.878098   -0.929479    0.581550    0.370341
 10   35.246719  -52.543079    1.319153   -0.000000    0.000000   -0.657108
 11   35.246552   52.726315    1.318924   -0.000000    0.000000    0.657111
 12   34.830032  -24.891926   45.588615   -0.933001   -0.574887   -0.381033
 13   34.885788   27.636585   43.767838    0.932996   -0.574885    0.381039
 14   29.239315  -51.573334   94.292969   -0.016607   -0.434580   -0.457691
 15   42.375061    0.000006    0.000031   -0.107968   -0.095510    0.137677
 16   42.546066    0.000031    0.000008   -0.051963   -0.002415    0.082121
 17   42.234467    0.000031   -0.000004   -0.039485   -0.108483   -0.111000
 18   42.464996    0.000031   -0.000023    0.030030   -0.358237   -0.514394
 19   42.458069   -0.000061   -0.000008    0.018736   -0.263028   -0.405425
 20   42.268036    0.000046   -0.000031    0.060124   -0.250156   -0.460044
 21   42.505913   -0.000031   -0.000015    0.159736   -0.322225   -0.593211
 22   42.233170    0.000000   -0.000015   -0.004394    0.105781    0.119530
 23   42.352257    0.000061    0.000000    0.085950    0.469110    0.719362
 24   42.391693   -0.000031    0.000015   -0.000627    0.190272    0.304182
 25   42.497498    0.000023   -0.000010   -0.003537    0.085722    0.142558
 26   42.272797    0.000072   -0.000042   -0.002683    0.049102    0.083145
 27   29.239330   55.382607   92.214989    0.991913   -0.101239    1.360852
 28   42.375069   -0.000008    0.000000    0.251837   -0.560472    0.048154
 29   42.546112   -0.000015    0.000027    0.072739   -0.497958    0.077639
 30   42.234467    0.000069    0.000015    0.030559   -0.000057    0.131905
 31   42.465088   -0.000038    0.000015    0.121375    0.447071    0.332804
 32   42.458069   -0.000008    0.000023    0.044180    0.290354    0.213220
 33   42.267944   -0.000008    0.000008    0.035868    0.214882    0.270117
 34   42.506012    0.000076    0.000046    0.295958    0.516656    0.800118
 35   42.233093    0.000031   -0.000031    0.028981    0.119494    0.145448
 36   42.352249   -0.000122   -0.000031    0.001440   -0.523603   -0.470215
 37   42.391724    0.000092    0.000000    0.009919   -0.399204   -0.437488
 38   42.497650    0.000053    0.000008   -0.005836   -0.145167   -0.168612
 39   42.272583    0.000149    0.000021   -0.002351   -0.076951   -0.091939
 40   29.239349  106.746651    1.740837   -0.002789    0.112311    1.515624
 41   42.375069    0.000000   -0.000008    0.057005    0.060064   -0.529260
 42   42.546127    0.000011    0.000004    0.063000    0.018841   -0.414501
 43   42.234451   -0.000015    0.000000   -0.027623    0.002071    0.171938
 44   42.465103   -0.000015   -0.000008   -0.095389   -0.011985    0.631366
 45   42.458023    0.000008   -0.000008   -0.038218   -0.033022    0.326287
 46   42.267944    0.000000    0.000008   -0.046076   -0.056524    0.605015
 47   42.505920   -0.000031    0.000009   -0.007813   -0.079312    0.707660
 48   42.233131   -0.000061   -0.000011    0.000909   -0.007625    0.013104
 49   42.352280    0.000061    0.000004   -0.040279    0.029479   -0.546196
 50   42.391663    0.000000   -0.000000   -0.021793    0.048933   -0.604123
 51   42.497681    0.000015   -0.000010    0.004626    0.025195   -0.290619
 52   42.272644   -0.000013   -0.000002    0.006071    0.012048   -0.151995
 53   29.239330   50.706913  -91.389069   -0.465990    1.162478    1.687604
 54   42.375092   -0.000008    0.000002   -0.033496    0.079275   -0.187414
 55   42.546082    0.000036    0.000019   -0.036085    0.120578   -0.254542
 56   42.234528   -0.000023    0.000000   -0.047637    0.156366   -0.297392
 57   42.465012    0.000046    0.000019   -0.019842   -0.096002    0.105255
 58   42.458099    0.000023   -0.000004   -0.197113   -0.477946    0.723748
 59   42.267944   -0.000076   -0.000008   -0.064494   -0.264465    0.331214
 60   42.505951    0.000076   -0.000015   -0.031367   -0.211042    0.247933
 61   42.233109   -0.000076   -0.000015   -0.011030   -0.169214    0.195241
 62   42.352257    0.000031   -0.000015   -0.062849    0.340344   -0.419145
 63   42.391724    0.000031   -0.000046   -0.036091    0.232267   -0.281209
 64   42.497589    0.000038   -0.000015   -0.010673    0.115877   -0.136142
 65   42.272736    0.000038    0.000029   -0.004309    0.052684   -0.061183
 66   29.239319  -56.044865  -91.389038   -0.673164    1.272401   -1.220453
 67   42.375092    0.000006   -0.000004    0.039429   -0.180351    0.070150
 68   42.546089    0.000000    0.000023   -0.006747   -0.233951    0.119639
 69   42.234451    0.000019   -0.000004   -0.018409   -0.248093    0.145045
 70   42.464981   -0.000053   -0.000023    0.019078    0.113362   -0.149816
 71   42.458084    0.000031   -0.000027   -0.162082    0.526597   -0.686928
 72   42.267944   -0.000061    0.000008   -0.040958    0.244267   -0.313078
 73   42.506012    0.000061    0.000015   -0.051511    0.210709   -0.266328
 74   42.233154    0.000046   -0.000031   -0.039462    0.143465   -0.170361
 75   42.352104    0.000000   -0.000015   -0.037941   -0.359129    0.430489
 76   42.391785    0.000031    0.000000   -0.010753   -0.216626    0.269254
 77   42.497498    0.000046   -0.000015   -0.002304   -0.108139    0.136764
 78   42.272614    0.000017   -0.000025    0.000731   -0.047324    0.060140
 79   29.239307 -106.786285    1.740910    0.002702    0.142733   -1.085715
 80   42.375084   -0.000029    0.000000   -0.047923    0.024163    0.339971
 81   42.546066   -0.000008    0.000008   -0.049643    0.007238    0.318206
 82   42.234512   -0.000015   -0.000015    0.024725    0.002801   -0.157420
 83   42.465073    0.000015   -0.000004    0.092375   -0.005691   -0.619559
 84   42.458054   -0.000008    0.000004    0.040582   -0.030888   -0.331862
 85   42.267914    0.000000    0.000000    0.047948   -0.053051   -0.577270
 86   42.505981    0.000000    0.000016    0.015173   -0.082448   -0.739536
 87   42.233070    0.000000   -0.000009   -0.002162   -0.009475   -0.033236
 88   42.352325    0.000031    0.000004    0.036945    0.029485    0.516184
 89   42.391708    0.000031   -0.000002    0.021738    0.050864    0.623943
 90   42.497528    0.000015   -0.000021   -0.005714    0.025677    0.298840
 91   42.272491   -0.000017    0.000021   -0.006906    0.012278    0.158930
time 20
  0    0.000000    0.000000    0.000000    0.000000   -0.000000    0.000000
  1    0.000000    0.000000    0.000000    0.000000   -0.000000    0.000000
  2    0.000000  -30.984203   10.246257    2.383084   -1.462332   -0.812403
  3   50.309219   -0.435479    0.000000   -0.035580   -0.423458    0.029440
  4   30.891541   -0.000011   -0.000002   -0.017544   -0.331217    0.004096
  5   34.635612    0.000007    0.000000   -0.010429   -0.149920    0.018402
  6   30.584297    0.000017    0.000004   -0.013656   -0.345135    0.024830
  7   31.520203    0.000000    0.000008   -0.001801   -0.235860    0.002664
  8   34.241211  -27.603943  -41.285599    0.917255    0.604636   -0.391826
  9   34.241150   23.110191  -41.285675   -0.917955    0.603415    0.390642
 10   35.246719  -51.799805    1.300476   -0.000000   -0.000000   -0.686200
 11   35.246567   51.980438    1.300278   -0.000000    0.000000    0.686845
 12   34.830032  -24.539803   44.943703   -0.920035   -0.599785   -0.403993
 13   34.885803   27.245640   43.148682    0.921064   -0.597940    0.402227
 14   29.239319  -51.573345   94.292923   -0.013579   -0.489101   -0.454892
 15   42.375053    0.000006    0.000000   -0.106331   -0.050536    0.166813
 16   42.546112    0.000019    0.000008   -0.050056    0.006289    0.076090
 17   42.234482    0.000008   -0.000015   -0.042565   -0.112128   -0.121298
 18   42.464996    0.000023    0.000000    0.023036   -0.359319   -0.521157
 19   42.458130   -0.000069   -0.000015    0.012957   -0.250125   -0.400229
 20   42.267944    0.000015   -0.000031    0.074983   -0.257089   -0.510774
 21   42.505920    0.000031   -0.000046    0.155424   -0.293681   -0.558870
 22   42.233170    0.000000    0.000015   -0.010099    0.123159    0.138860
 23   42.352303    0.000031    0.000000    0.060483    0.459779    0.703112
 24   42.391724   -0.000061   -0.000038   -0.007474    0.180160    0.298551
 25   42.497467    0.000008   -0.000048   -0.005473    0.083055    0.145163
 26   42.272766    0.000084   -0.000044   -0.003499    0.047197    0.084405
 27   29.239334   55.382626   92.214912    0.947938   -0.098181    1.395709
 28   42.375061    0.000000    0.000008    0.294773   -0.537209    0.000300
 29   42.546097   -0.000008    0.000017    0.101107   -0.502568    0.050014
 30   42.234512    0.000065   -0.000008    0.025054    0.000616    0.141900
 31   42.465057   -0.000057    0.000000    0.106785    0.443114    0.365290
 32   42.458069    0.000023   -0.000008    0.040509    0.258991    0.226594
 33   42.267853   -0.000015    0.000023    0.046968    0.211240    0.304127
 34   42.506042    0.000107    0.000031    0.337887    0.494525    0.822197
 35   42.233086    0.000000    0.000061    0.015742    0.060955    0.090686
 36   42.352272   -0.000122    0.000092   -0.015333   -0.567886   -0.530876
 37   42.391724    0.000076    0.000031   -0.011681   -0.331367   -0.390192
 38   42.497742    0.000099   -0.000008   -0.007587   -0.124471   -0.158991
 39   42.272614    0.000153    0.000004   -0.002446   -0.065645   -0.086355
 40   29.239357  106.746628    1.740843   -0.002935    0.111074    1.528281
 41   42.375046    0.000000   -0.000004    0.057000    0.063501   -0.535780
 42   42.546112    0.000000    0.000004    0.064386    0.020550   -0.418608
 43   42.234451   -0.000008    0.000008   -0.028146    0.002138    0.171783
 44   42.465073   -0.000008    0.000000   -0.097379   -0.012554    0.631939
 45   42.458069   -0.000031   -0.000008   -0.038883   -0.033849    0.326411
 46   42.267944   -0.000015   -0.000004   -0.046768   -0.058329    0.605573
 47   42.505890   -0.000031    0.000006   -0.007288   -0.081272    0.706142
 48   42.233154    0.000031   -0.000009    0.000908   -0.007608    0.012631
 49   42.352272    0.000000    0.000005   -0.041595    0.030548   -0.546298
 50   42.391632    0.000031   -0.000004   -0.022430    0.050618   -0.603414
 51   42.497589   -0.000008   -0.000015    0.004811    0.026106   -0.290530
 52   42.272675   -0.000004   -0.000002    0.006295    0.012475   -0.151881
 53   29.239338   50.706909  -91.389069   -0.442016    1.162907    1.714339
 54   42.375107    0.000000   -0.000006   -0.033151    0.078978   -0.187313
 55   42.546082    0.000027    0.000000   -0.035708    0.120362   -0.255357
 56   42.234543   -0.000038    0.000004   -0.048134    0.158105   -0.302336
 57   42.465012    0.000046    0.000015   -0.019629   -0.094075    0.102423
 58   42.458099   -0.000015   -0.000004   -0.194688   -0.474950    0.720019
 59   42.268005   -0.000107   -0.000015   -0.064690   -0.264450    0.332153
 60   42.505890    0.000122    0.000000   -0.032247   -0.213364    0.251472
 61   42.233192   -0.000031    0.000015   -0.011253   -0.169379    0.195866
 62   42.352249    0.000061    0.000000   -0.062621    0.340135   -0.419666
 63   42.391754    0.000015    0.000015   -0.035994    0.232033   -0.281602
 64   42.497559    0.000046   -0.000008   -0.010653    0.115780   -0.136382
 65   42.272827    0.000011   -0.000008   -0.004306    0.052631   -0.061282
 66   29.239326  -56.044868  -91.389053   -0.695389    1.276674   -1.243981
 67   42.375092   -0.000004   -0.000011    0.038688   -0.180284    0.070282
 68   42.546097   -0.000002    0.000011   -0.007696   -0.234656    0.119759
 69   42.234436    0.000019   -0.000008   -0.019971   -0.251604    0.146842
 70   42.465012   -0.000031    0.000011    0.019386    0.111632   -0.148538
 71   42.458099    0.000031    0.000008   -0.159656    0.524786   -0.682374
 72   42.267944   -0.000061    0.000008   -0.041228    0.244316   -0.313343
 73   42.505966    0.000046    0.000015   -0.053122    0.213475   -0.270065
 74   42.233147   -0.000015    0.000000   -0.039791    0.143168   -0.169736
 75   42.352188   -0.000061    0.000031   -0.037142   -0.360067    0.430731
 76   42.391785   -0.000046   -0.000031   -0.010395   -0.216425    0.268937
 77   42.497528    0.000023    0.000023   -0.002248   -0.108111    0.136786
 78   42.272644    0.000002    0.000013    0.000735   -0.047261    0.060089
 79   29.239307 -106.786247    1.740902    0.002841    0.145758   -1.087639
 80   42.375076   -0.000002    0.000000   -0.049309    0.023976    0.342593
 81   42.546036   -0.000023   -0.000004   -0.050571    0.006748    0.319160
 82   42.234512   -0.000023    0.000004    0.025128    0.002737   -0.158159
 83   42.465027    0.000015   -0.000004    0.093435   -0.005522   -0.619834
 84   42.458099   -0.000008   -0.000004    0.041118   -0.031256   -0.331912
 85   42.267944    0.000000   -0.000002    0.048752   -0.054566   -0.579112
 86   42.505997    0.000000    0.000022    0.014808   -0.084132   -0.737073
 87   42.233086    0.000000   -0.000012   -0.002136   -0.009420   -0.031861
 88   42.352306    0.000031    0.000006    0.038009    0.030462    0.517767
 89   42.391724    0.000031   -0.000004    0.022121    0.052242    0.622463
 90   42.497589    0.000000   -0.000015   -0.005907    0.026381    0.298303
 91   42.272461   -0.000006    0.000029   -0.007100    0.012601    0.158518
time 21
  0    0.000000    0.000000    0.000000    0.000000   -0.000000    0.000000
  1    0.000000    0.000000    0.000000    0.000000   -0.000000    0.000000
  2    0.000000  -31.331343   10.635300    2.382783   -1.459865   -0.812100
  3   50.309219   -0.435480    0.000002   -0.044181   -0.423108    0.034061
  4   30.891556   -0.000011    0.000000   -0.024812   -0.330939    0.010711
  5   34.635605    0.000007   -0.000004   -0.015596   -0.149682    0.025436
  6   30.584290    0.000019    0.000004   -0.018031   -0.344904    0.033276
  7   31.520203    0.000000    0.000000   -0.001801   -0.235860    0.002664
  8   34.241196  -27.207848  -40.693176    0.905034    0.627729   -0.413314
  9   34.241119   22.778587  -40.693268   -0.906428    0.625286    0.410946
 10   35.246719  -51.056534    1.281830   -0.000000   -0.000000   -0.715301
 11   35.246552   51.234570    1.281616   -0.000000    0.000000    0.716588
 12   34.830032  -24.187679   44.298820   -0.907068   -0.624686   -0.426955
 13   34.885788   26.854687   42.529549    0.909129   -0.620999    0.423420
 14   29.239317  -51.573338   94.292938   -0.013343   -0.547424   -0.449634
 15   42.375053   -0.000002    0.000008   -0.099000    0.000630    0.194550
 16   42.546066    0.000031    0.000000   -0.048575    0.012820    0.068201
 17   42.234467    0.000038    0.000000   -0.045786   -0.115677   -0.130913
 18   42.465057    0.000015    0.000000    0.015227   -0.357972   -0.523837
 19   42.458099   -0.000061    0.000008    0.008242   -0.238845   -0.398413
 20   42.267883    0.000031   -0.000008    0.090410   -0.260887   -0.558982
 21   42.505974    0.000031    0.000015    0.151428   -0.267595   -0.524914
 22   42.233131    0.000031   -0.000015   -0.015979    0.134268    0.150458
 23   42.352310    0.000061    0.000015    0.036270    0.450003    0.686035
 24   42.391724   -0.000015    0.000000   -0.013674    0.173035    0.296838
 25   42.497498    0.000053    0.000022   -0.007443    0.080963    0.148556
 26   42.272766    0.000061   -0.000017   -0.004326    0.045733    0.086322
 27   29.239344   55.382626   92.214943    0.907909   -0.098182    1.425929
 28   42.375084   -0.000008   -0.000015    0.330793   -0.503662   -0.042799
 29   42.546112   -0.000015    0.000038    0.135686   -0.496572    0.015813
 30   42.234482    0.000053    0.000015    0.017352    0.000474    0.153497
 31   42.465027   -0.000050    0.000008    0.087446    0.428793    0.403760
 32   42.458069    0.000031   -0.000019    0.038345    0.224828    0.242953
 33   42.267853   -0.000031    0.000015    0.064825    0.210802    0.349742
 34   42.506073    0.000046    0.000031    0.374242    0.462667    0.821149
 35   42.233055   -0.000061    0.000061   -0.006152   -0.006400    0.028780
 36   42.352215   -0.000153    0.000122   -0.038162   -0.592801   -0.584253
 37   42.391693    0.000076    0.000008   -0.024461   -0.261662   -0.340031
 38   42.497650    0.000023   -0.000045   -0.008512   -0.104970   -0.149722
 39   42.272614    0.000145   -0.000042   -0.002326   -0.055051   -0.080883
 40   29.239344  106.746635    1.740835   -0.003080    0.109811    1.540713
 41   42.375076    0.000000    0.000004    0.056930    0.066839   -0.541934
 42   42.546097   -0.000004    0.000000    0.065776    0.022257   -0.422919
 43   42.234497    0.000015   -0.000011   -0.028604    0.002188    0.171352
 44   42.465057    0.000000   -0.000008   -0.099314   -0.013083    0.632611
 45   42.458069    0.000023   -0.000004   -0.039539   -0.034666    0.326640
 46   42.267960   -0.000015    0.000006   -0.047420   -0.060117    0.606013
 47   42.505890    0.000000    0.000009   -0.006746   -0.083199    0.704658
 48   42.233170   -0.000061   -0.000008    0.000912   -0.007585    0.012256
 49   42.352234    0.000000    0.000005   -0.042885    0.031612   -0.546143
 50   42.391708   -0.000031    0.000000   -0.023068    0.052308   -0.602776
 51   42.497650    0.000015   -0.000004    0.005000    0.027027   -0.290514
 52   42.272705    0.000023    0.000006    0.006523    0.012907   -0.151819
 53   29.239332   50.706917  -91.389076   -0.418809    1.163046    1.740224
 54   42.375092   -0.000015    0.000004   -0.032826    0.078679   -0.187162
 55   42.546059    0.000019    0.000008   -0.035340    0.120136   -0.256081
 56   42.234512   -0.000038   -0.000008   -0.048614    0.159770   -0.307112
 57   42.464996    0.000038    0.000008   -0.019432   -0.092219    0.099689
 58   42.458099    0.000000   -0.000015   -0.192230   -0.471905    0.716136
 59   42.267990   -0.000076   -0.000015   -0.064854   -0.264374    0.332992
 60   42.505920    0.000122    0.000015   -0.033184   -0.215851    0.255227
 61   42.233154   -0.000076   -0.000015   -0.011460   -0.169486    0.196414
 62   42.352287    0.000000   -0.000031   -0.062405    0.339951   -0.420203
 63   42.391724    0.000046    0.000000   -0.035902    0.231825   -0.282011
 64   42.497589    0.000046    0.000015   -0.010638    0.115703   -0.136645
 65   42.272797    0.000015    0.000017   -0.004302    0.052585   -0.061389
 66   29.239325  -56.044861  -91.389046   -0.717564    1.280601   -1.267435
 67   42.375099    0.000006   -0.000008    0.037990   -0.180185    0.070405
 68   42.546097   -0.000006    0.000011   -0.008605   -0.235310    0.119879
 69   42.234482    0.000023   -0.000019   -0.021490   -0.254963    0.148561
 70   42.465027   -0.000031   -0.000004    0.019671    0.110024   -0.147368
 71   42.458130    0.000031    0.000008   -0.157168    0.522859   -0.677681
 72   42.267868   -0.000031    0.000015   -0.041457    0.244306   -0.313529
 73   42.505936    0.000061    0.000015   -0.054814    0.216412   -0.274054
 74   42.233086    0.000031   -0.000031   -0.040070    0.142750   -0.168971
 75   42.352188    0.000000    0.000031   -0.036378   -0.361022    0.431028
 76   42.391785    0.000015   -0.000015   -0.010050   -0.216220    0.268622
 77   42.497559    0.000015    0.000000   -0.002195   -0.108097    0.136824
 78   42.272766    0.000051   -0.000015    0.000738   -0.047200    0.060042
 79   29.239309 -106.786278    1.740889    0.002979    0.148613   -1.089659
 80   42.375114   -0.000006    0.000000   -0.050642    0.023852    0.345139
 81   42.546051   -0.000019    0.000004   -0.051492    0.006316    0.320236
 82   42.234512    0.000000   -0.000008    0.025494    0.002669   -0.158700
 83   42.465073    0.000015    0.000000    0.094476   -0.005373   -0.620162
 84   42.458115   -0.000015    0.000004    0.041649   -0.031636   -0.332088
 85   42.267975   -0.000031   -0.000004    0.049523   -0.056068   -0.581010
 86   42.505981    0.000000    0.000017    0.014405   -0.085747   -0.734505
 87   42.233040   -0.000061   -0.000008   -0.002103   -0.009350   -0.030469
 88   42.352345    0.000000   -0.000000    0.039054    0.031439    0.519300
 89   42.391754   -0.000031   -0.000004    0.022479    0.053597    0.620945
 90   42.497528    0.000000   -0.000017   -0.006100    0.027073    0.297779
 91   42.272522   -0.000025    0.000017   -0.007291    0.012918    0.158108
time 22
  0    0.000000    0.000000    0.000000    0.000000   -0.000000    0.000000
  1    0.000000    0.000000    0.000000    0.000000   -0.000000    0.000000
  2    0.000000  -31.661127   11.013545    2.382484   -1.457466   -0.811797
  3   50.309216   -0.435478    0.000002   -0.052959   -0.422737    0.038903
  4   30.891541   -0.000011    0.000000   -0.032489   -0.330646    0.017706
  5   34.635605    0.000007    0.000000   -0.021047   -0.149431    0.032870
  6   30.584290    0.000018    0.000008   -0.022659   -0.344719    0.042209
  7   31.520187    0.000000    0.000015   -0.001801   -0.235860    0.002664
  8   34.241196  -27.603933  -41.285583    0.917255    0.604636   -0.391826
  9   34.241119   23.110186  -41.285675   -0.917955    0.603415    0.390642
 10   35.246704  -51.799805    1.300491   -0.000000   -0.000000   -0.686200
 11   35.246536   51.980431    1.300278   -0.000000    0.000000    0.686845
 12   34.830032  -24.539793   44.943703   -0.920035   -0.599785   -0.403993
 13   34.885788   27.245632   43.148674    0.921064   -0.597940    0.402227
 14   29.239307  -51.573334   94.292946   -0.016567   -0.607850   -0.441730
 15   42.375092    0.000006    0.000008   -0.085680    0.055705    0.220375
 16   42.546097    0.000031    0.000008   -0.047634    0.017334    0.059311
 17   42.234467    0.000015   -0.000031   -0.049033   -0.118826   -0.139423
 18   42.465027    0.000031    0.000023    0.006958   -0.354495   -0.522852
 19   42.458099   -0.000061    0.000000    0.004420   -0.229286   -0.399667
 20   42.267944    0.000031   -0.000023    0.105465   -0.261710   -0.602770
 21   42.505920    0.000031   -0.000046    0.148309   -0.245054   -0.494158
 22   42.233181    0.000031   -0.000031   -0.021469    0.139707    0.155106
 23   42.352287    0.000031   -0.000031    0.013891    0.440672    0.669058
 24   42.391724   -0.000046   -0.000015   -0.019510    0.168530    0.298500
 25   42.497467    0.000015   -0.000017   -0.009456    0.079444    0.152688
 26   42.272888    0.000051   -0.000011   -0.005175    0.044707    0.088917
 27   29.239330   55.382599   92.214951    0.872291   -0.100556    1.452032
 28   42.375084   -0.000008    0.000000    0.358624   -0.463340   -0.079581
 29   42.546082   -0.000015    0.000032    0.174479   -0.479511   -0.022831
 30   42.234497    0.000076    0.000015    0.007524   -0.002086    0.164850
 31   42.465057   -0.000050    0.000008    0.063616    0.403726    0.446578
 32   42.458099    0.000000   -0.000011    0.037685    0.190914    0.262156
 33   42.267944   -0.000015    0.000023    0.089083    0.209549    0.401108
 34   42.506073    0.000092    0.000031    0.401428    0.424251    0.797042
 35   42.233097   -0.000031    0.000000   -0.036504   -0.076589   -0.034256
 36   42.352192   -0.000092    0.000046   -0.067738   -0.588123   -0.617238
 37   42.391693    0.000061    0.000000   -0.029544   -0.201390   -0.295113
 38   42.497589    0.000061   -0.000012   -0.008838   -0.087654   -0.141558
 39   42.272644    0.000160   -0.000011   -0.002083   -0.045700   -0.076013
 40   29.239361  106.746628    1.740835   -0.003224    0.108525    1.552919
 41   42.375084   -0.000004    0.000004    0.056795    0.070076   -0.547715
 42   42.546097   -0.000008   -0.000004    0.067169    0.023967   -0.427433
 43   42.234482   -0.000023    0.000000   -0.028993    0.002223    0.170643
 44   42.465057   -0.000031   -0.000011   -0.101198   -0.013571    0.633378
 45   42.458069   -0.000015   -0.000015   -0.040188   -0.035475    0.326972
 46   42.267883   -0.000015    0.000004   -0.048030   -0.061883    0.606313
 47   42.505920   -0.000031    0.000008   -0.006194   -0.085094    0.703234
 48   42.233124    0.000031   -0.000008    0.000922   -0.007558    0.011993
 49   42.352222    0.000031    0.000006   -0.044144    0.032669   -0.545709
 50   42.391693    0.000000   -0.000002   -0.023710    0.054003   -0.602231
 51   42.497650    0.000015   -0.000016    0.005191    0.027957   -0.290579
 52   42.272736    0.000004   -0.000002    0.006756    0.013344   -0.151808
 53   29.239338   50.706898  -91.389084   -0.396369    1.162921    1.765262
 54   42.375092   -0.000011   -0.000004   -0.032520    0.078379   -0.186969
 55   42.546074    0.000027   -0.000006   -0.034984    0.119905   -0.256725
 56   42.234482   -0.000019   -0.000011   -0.049077    0.161361   -0.311719
 57   42.464981    0.000015    0.000011   -0.019250   -0.090436    0.097053
 58   42.458069    0.000023    0.000023   -0.189746   -0.468814    0.712117
 59   42.267990   -0.000061   -0.000008   -0.064991   -0.264241    0.333733
 60   42.505966    0.000061   -0.000031   -0.034182   -0.218498    0.259195
 61   42.233170   -0.000076   -0.000046   -0.011648   -0.169530    0.196879
 62   42.352325   -0.000031    0.000031   -0.062202    0.339787   -0.420753
 63   42.391663    0.000031   -0.000015   -0.035820    0.231645   -0.282441
 64   42.497620    0.000069   -0.000023   -0.010623    0.115651   -0.136926
 65   42.272705   -0.000032    0.000023   -0.004300    0.052548   -0.061506
 66   29.239323  -56.044895  -91.389038   -0.739650    1.284201   -1.290773
 67   42.375107    0.000000    0.000000    0.037332   -0.180059    0.070520
 68   42.546089    0.000010    0.000011   -0.009473   -0.235911    0.119997
 69   42.234467    0.000046   -0.000004   -0.022967   -0.258178    0.150210
 70   42.465012   -0.000053   -0.000008    0.019936    0.108514   -0.146285
 71   42.458099    0.000031    0.000008   -0.154625    0.520825   -0.672863
 72   42.267914   -0.000046   -0.000008   -0.041649    0.244248   -0.313650
 73   42.505981    0.000031    0.000031   -0.056584    0.219503   -0.278272
 74   42.233139    0.000000   -0.000015   -0.040308    0.142242   -0.168099
 75   42.352188    0.000000    0.000031   -0.035641   -0.361976    0.431347
 76   42.391785   -0.000031   -0.000046   -0.009717   -0.216032    0.268333
 77   42.497589   -0.000015    0.000008   -0.002147   -0.108101    0.136887
 78   42.272705   -0.000061    0.000013    0.000742   -0.047144    0.060004
 79   29.239315 -106.786255    1.740908    0.003116    0.151305   -1.091764
 80   42.375107   -0.000019   -0.000008   -0.051920    0.023786    0.347600
 81   42.546036   -0.000011    0.000000   -0.052405    0.005942    0.321433
 82   42.234497   -0.000008   -0.000011    0.025823    0.002596   -0.159036
 83   42.465088   -0.000038   -0.000008    0.095500   -0.005239   -0.620536
 84   42.458054    0.000008   -0.000004    0.042177   -0.032028   -0.332379
 85   42.267883   -0.000015   -0.000008    0.050260   -0.057554   -0.582926
 86   42.506012    0.000000    0.000019    0.013973   -0.087297   -0.731884
 87   42.233101    0.000061   -0.000008   -0.002064   -0.009267   -0.029090
 88   42.352348   -0.000092    0.000001    0.040075    0.032409    0.520727
 89   42.391769   -0.000031   -0.000009    0.022819    0.054930    0.619422
 90   42.497528    0.000008   -0.000024   -0.006295    0.027757    0.297279
 91   42.272583   -0.000008    0.000025   -0.007482    0.013231    0.157722
time 23
  0    0.000000    0.000000    0.000000    0.000000   -0.000000    0.000000
  1    0.000000    0.000000    0.000000    0.000000   -0.000000    0.000000
  2    0.000000  -31.974003   11.381040    2.382182   -1.455129   -0.811493
  3   50.309223   -0.435478    0.000004   -0.061660   -0.422360    0.043798
  4   30.891541   -0.000011   -0.000002   -0.040299   -0.330347    0.024828
  5   34.635590    0.000007    0.000000   -0.026588   -0.149175    0.040436
  6   30.584290    0.000019    0.000000   -0.027370   -0.344576    0.051303
  7   31.520203   -0.000001    0.000000   -0.001801   -0.235860    0.002664
  8   34.241180  -28.000032  -41.878021    0.929474    0.581547   -0.370341
  9   34.241104   23.441801  -41.878098   -0.929479    0.581550    0.370341
 10   35.246689  -52.543083    1.319138   -0.000000   -0.000000   -0.657108
 11   35.246552   52.726311    1.318939   -0.000000    0.000000    0.657111
 12   34.830032  -24.891924   45.588608   -0.933001   -0.574887   -0.381033
 13   34.885788   27.636587   43.767822    0.932996   -0.574885    0.381039
 14   29.239326  -51.573360   94.292984   -0.023595   -0.668485   -0.431229
 15   42.375046    0.000008   -0.000011   -0.066795    0.112107    0.244225
 16   42.546082    0.000031   -0.000015   -0.047221    0.020181    0.050217
 17   42.234497    0.000038   -0.000015   -0.052178   -0.121314   -0.146487
 18   42.464981    0.000046   -0.000046   -0.001357   -0.349418   -0.519015
 19   42.458038   -0.000076   -0.000031    0.001278   -0.221356   -0.403280
 20   42.268021    0.000015    0.000000    0.119382   -0.260118   -0.641123
 21   42.505905    0.000031   -0.000031    0.146338   -0.226488   -0.468266
 22   42.233139    0.000031    0.000015   -0.026108    0.140559    0.154227
 23   42.352257    0.000092   -0.000015   -0.006389    0.432201    0.652538
 24   42.391724   -0.000031   -0.000008   -0.025158    0.166206    0.302815
 25   42.497498    0.000023    0.000012   -0.011516    0.078442    0.157416
 26   42.272766    0.000059   -0.000023   -0.006050    0.044078    0.092125
 27   29.239346   55.382607   92.214951    0.841239   -0.104618    1.474486
 28   42.375061    0.000004    0.000000    0.378309   -0.419713   -0.109757
 29   42.546066   -0.000023    0.000031    0.214647   -0.452223   -0.062835
 30   42.234467    0.000038    0.000015   -0.003405   -0.008124    0.173418
 31   42.465027   -0.000061    0.000015    0.035782    0.370052    0.492008
 32   42.458130    0.000031    0.000023    0.038063    0.158835    0.284193
 33   42.267914    0.000015    0.000015    0.116497    0.203078    0.448933
 34   42.506027    0.000061   -0.000015    0.421122    0.384259    0.759907
 35   42.233116   -0.000092    0.000031   -0.072712   -0.140491   -0.092068
 36   42.352242   -0.000122    0.000031   -0.100752   -0.555493   -0.626148
 37   42.391724    0.000107   -0.000008   -0.030685   -0.156504   -0.262291
 38   42.497650    0.000084    0.000001   -0.008868   -0.073014   -0.135152
 39   42.272675    0.000130   -0.000008   -0.001815   -0.037912   -0.072295
 40   29.239357  106.746651    1.740829   -0.003367    0.107222    1.564884
 41   42.375053    0.000011   -0.000011    0.056602    0.073206   -0.553122
 42   42.546127   -0.000004   -0.000004    0.068563    0.025680   -0.432131
 43   42.234497   -0.000031    0.000000   -0.029315    0.002244    0.169673
 44   42.465118   -0.000008    0.000000   -0.103033   -0.014018    0.634241
 45   42.458115   -0.000015   -0.000008   -0.040829   -0.036275    0.327405
 46   42.267914   -0.000015    0.000000   -0.048603   -0.063632    0.606517
 47   42.505890    0.000092    0.000009   -0.005628   -0.086956    0.701833
 48   42.233147    0.000031   -0.000012    0.000937   -0.007527    0.011809
 49   42.352303   -0.000031    0.000002   -0.045375    0.033718   -0.545048
 50   42.391678    0.000000   -0.000001   -0.024354    0.055700   -0.601749
 51   42.497681    0.000000   -0.000008    0.005383    0.028896   -0.290713
 52   42.272675   -0.000044    0.000002    0.006991    0.013784   -0.151839
 53   29.239338   50.706913  -91.389069   -0.374692    1.162553    1.789462
 54   42.375092   -0.000008   -0.000006   -0.032232    0.078082   -0.186743
 55   42.546097    0.000027    0.000017   -0.034639    0.119673   -0.257304
 56   42.234512   -0.000061   -0.000004   -0.049524    0.162881   -0.316157
 57   42.465027    0.000031    0.000015   -0.019083   -0.088738    0.094535
 58   42.458084    0.000031   -0.000008   -0.187245   -0.465686    0.707979
 59   42.268036   -0.000092   -0.000008   -0.065095   -0.264041    0.334363
 60   42.505936    0.000092   -0.000015   -0.035242   -0.221310    0.263388
 61   42.233200   -0.000061   -0.000015   -0.011815   -0.169490    0.197233
 62   42.352303    0.000000   -0.000031   -0.062013    0.339657   -0.421330
 63   42.391693    0.000046    0.000015   -0.035739    0.231476   -0.282874
 64   42.497681    0.000046   -0.000023   -0.010614    0.115619   -0.137226
 65   42.272827    0.000025    0.000023   -0.004297    0.052517   -0.061627
 66   29.239330  -56.044884  -91.389023   -0.761602    1.287487   -1.313952
 67   42.375076    0.000002    0.000019    0.036712   -0.179914    0.070631
 68   42.546104   -0.000011    0.000011   -0.010303   -0.236472    0.120117
 69   42.234451    0.000027    0.000000   -0.024400   -0.261248    0.151783
 70   42.465012   -0.000015    0.000023    0.020181    0.107123   -0.145306
 71   42.458099    0.000046   -0.000023   -0.152034    0.518685   -0.667926
 72   42.267944   -0.000107   -0.000015   -0.041804    0.244141   -0.313703
 73   42.506012    0.000092    0.000000   -0.058439    0.222752   -0.282729
 74   42.233154   -0.000031    0.000000   -0.040498    0.141622   -0.167093
 75   42.352226    0.000000    0.000015   -0.034935   -0.362941    0.431709
 76   42.391754    0.000000   -0.000046   -0.009396   -0.215849    0.268055
 77   42.497559    0.000038   -0.000008   -0.002102   -0.108120    0.136966
 78   42.272705   -0.000021    0.000010    0.000742   -0.047094    0.059972
 79   29.239315 -106.786263    1.740917    0.003253    0.153837   -1.093939
 80   42.375092   -0.000002   -0.000011   -0.053141    0.023777    0.349969
 81   42.546021   -0.000004    0.000000   -0.053313    0.005625    0.322743
 82   42.234512    0.000008   -0.000008    0.026114    0.002518   -0.159174
 83   42.465042    0.000008    0.000000    0.096506   -0.005121   -0.620958
 84   42.458084    0.000008    0.000000    0.042702   -0.032431   -0.332789
 85   42.267944    0.000061   -0.000010    0.050966   -0.059026   -0.584868
 86   42.505951    0.000000    0.000010    0.013511   -0.088783   -0.729198
 87   42.233040    0.000000   -0.000011   -0.002019   -0.009170   -0.027716
 88   42.352306   -0.000061    0.000002    0.041074    0.033374    0.522066
 89   42.391678    0.000031   -0.000007    0.023139    0.056241    0.617888
 90   42.497528    0.000008   -0.000031   -0.006489    0.028432    0.296800
 91   42.272461    0.000007    0.000015   -0.007671    0.013539    0.157353
time 24
  0    0.000000    0.000000    0.000000    0.000000   -0.000000    0.000000
  1    0.000000    0.000000    0.000000    0.000000   -0.000000    0.000000
  2    0.000000  -32.270412   11.737839    2.381881   -1.452856   -0.811189
  3   50.309208   -0.435479    0.000004   -0.070029   -0.421990    0.048580
  4   30.891533   -0.000012    0.000004   -0.047965   -0.330053    0.031822
  5   34.635590    0.000006   -0.000008   -0.032023   -0.148923    0.047866
  6   30.584290    0.000017    0.000000   -0.031997   -0.344467    0.060235
  7   31.520203    0.000001    0.000000   -0.001801   -0.235860    0.002664
  8   34.241180  -27.603935  -41.285583    0.917255    0.604636   -0.391826
  9   34.241135   23.110191  -41.285675   -0.917955    0.603415    0.390642
 10   35.246689  -51.799797    1.300491   -0.000000   -0.000000   -0.686200
 11   35.246552   51.980442    1.300278   -0.000000    0.000000    0.686845
 12   34.830017  -24.539795   44.943703   -0.920035   -0.599785   -0.403993
 13   34.885788   27.245632   43.148674    0.921064   -0.597940    0.402227
 14   29.239323  -51.573345   94.293015   -0.034359   -0.727314   -0.418427
 15   42.375061    0.000008   -0.000011   -0.043415    0.167231    0.266266
 16   42.546082    0.000023    0.000008   -0.047231    0.021775    0.041576
 17   42.234528   -0.000008    0.000015   -0.055098   -0.122973   -0.151916
 18   42.464996    0.000011   -0.000008   -0.009324   -0.343378   -0.513293
 19   42.458099   -0.000069    0.000000   -0.001380   -0.214863   -0.408330
 20   42.267929    0.000046    0.000008    0.131606   -0.256818   -0.673672
 21   42.505928   -0.000031    0.000000    0.145596   -0.211869   -0.447969
 22   42.233208   -0.000061    0.000000   -0.029614    0.138038    0.149402
 23   42.352249    0.000000    0.000015   -0.024467    0.424645    0.636501
 24   42.391785   -0.000015    0.000008   -0.030683    0.165670    0.309110
 25   42.497498    0.000031    0.000008   -0.013602    0.077891    0.162536
 26   42.272705    0.000076   -0.000027   -0.006947    0.043785    0.095821
 27   29.239334   55.382637   92.214996    0.814665   -0.109698    1.493709
 28   42.375053    0.000004    0.000000    0.390799   -0.375892   -0.133822
 29   42.546082   -0.000015    0.000019    0.253138   -0.417150   -0.100847
 30   42.234467    0.000038    0.000008   -0.013444   -0.017536    0.176632
 31   42.465088   -0.000050    0.000023    0.004531    0.331616    0.537930
 32   42.458130    0.000023    0.000015    0.038726    0.128947    0.309044
 33   42.267883    0.000000    0.000023    0.142151    0.189783    0.485312
 34   42.506058    0.000092    0.000031    0.437269    0.346684    0.722153
 35   42.233089   -0.000061    0.000000   -0.109494   -0.188033   -0.137957
 36   42.352238   -0.000153    0.000015   -0.131569   -0.508858   -0.619893
 37   42.391693    0.000076    0.000000   -0.031038   -0.125678   -0.242792
 38   42.497681    0.000046    0.000012   -0.008880   -0.061106   -0.130954
 39   42.272644    0.000126   -0.000015   -0.001614   -0.031767   -0.070218
 40   29.239346  106.746620    1.740833   -0.003510    0.105909    1.576608
 41   42.375076   -0.000011   -0.000008    0.056354    0.076228   -0.558158
 42   42.546112    0.000008    0.000004    0.069957    0.027398   -0.437008
 43   42.234451   -0.000008   -0.000008   -0.029571    0.002253    0.168453
 44   42.465103    0.000000   -0.000011   -0.104821   -0.014427    0.635185
 45   42.458054    0.000000   -0.000004   -0.041465   -0.037066    0.327929
 46   42.267914    0.000031    0.000000   -0.049140   -0.065359    0.606611
 47   42.505905   -0.000061    0.000010   -0.005053   -0.088788    0.700477
 48   42.233139    0.000031   -0.000008    0.000958   -0.007492    0.011710
 49   42.352264    0.000000    0.000006   -0.046578    0.034761   -0.544185
 50   42.391724    0.000031    0.000002   -0.025000    0.057399   -0.601321
 51   42.497589    0.000023   -0.000005    0.005578    0.029844   -0.290905
 52   42.272675    0.000015    0.000002    0.007231    0.014229   -0.151909
 53   29.239338   50.706917  -91.389130   -0.353767    1.161968    1.812835
 54   42.375114   -0.000019   -0.000006   -0.031962    0.077787   -0.186489
 55   42.546082    0.000027    0.000006   -0.034307    0.119440   -0.257817
 56   42.234589   -0.000031    0.000000   -0.049954    0.164333   -0.320435
 57   42.465042    0.000053    0.000027   -0.018928   -0.087095    0.092096
 58   42.458099    0.000015    0.000011   -0.184724   -0.462514    0.703714
 59   42.267990   -0.000092   -0.000023   -0.065177   -0.263802    0.334921
 60   42.505920    0.000107   -0.000031   -0.036362   -0.224265    0.267780
 61   42.233215   -0.000076   -0.000031   -0.011968   -0.169410    0.197529
 62   42.352325   -0.000031    0.000000   -0.061827    0.339530   -0.421894
 63   42.391724    0.000031   -0.000046   -0.035671    0.231350   -0.283346
 64   42.497620    0.000000   -0.000015   -0.010608    0.115612   -0.137552
 65   42.272644    0.000025   -0.000013   -0.004295    0.052505   -0.061757
 66   29.239315  -56.044868  -91.389091   -0.783383    1.290476   -1.336931
 67   42.375122    0.000017    0.000000    0.036127   -0.179751    0.070738
 68   42.546104   -0.000010    0.000027   -0.011095   -0.236989    0.120239
 69   42.234497    0.000031   -0.000011   -0.025790   -0.264180    0.153288
 70   42.465012   -0.000046    0.000008    0.020411    0.105811   -0.144390
 71   42.458130    0.000031   -0.000019   -0.149394    0.516442   -0.662874
 72   42.267960   -0.000031   -0.000008   -0.041932    0.244007   -0.313722
 73   42.505951    0.000092    0.000015   -0.060373    0.226142   -0.287402
 74   42.233177    0.000000    0.000015   -0.040652    0.140924   -0.165997
 75   42.352180    0.000031    0.000015   -0.034245   -0.363894    0.432071
 76   42.391815    0.000015   -0.000015   -0.009088   -0.215690    0.267816
 77   42.497498    0.000038    0.000015   -0.002063   -0.108159    0.137074
 78   42.272675    0.000031   -0.000011    0.000743   -0.047054    0.059950
 79   29.239307 -106.786247    1.740910    0.003388    0.156214   -1.096171
 80   42.375076   -0.000008    0.000000   -0.054306    0.023825    0.352246
 81   42.546051   -0.000019    0.000004   -0.054213    0.005361    0.324156
 82   42.234528   -0.000023   -0.000015    0.026372    0.002435   -0.159146
 83   42.465057   -0.000038   -0.000008    0.097497   -0.005020   -0.621427
 84   42.458054    0.000000   -0.000011    0.043222   -0.032844   -0.333298
 85   42.267883    0.000000   -0.000008    0.051640   -0.060484   -0.586851
 86   42.505981    0.000031    0.000012    0.013018   -0.090204   -0.726432
 87   42.233078   -0.000031   -0.000005   -0.001968   -0.009059   -0.026333
 88   42.352295    0.000000    0.000002    0.042055    0.034334    0.523366
 89   42.391739    0.000031   -0.000007    0.023438    0.057528    0.616324
 90   42.497620    0.000023   -0.000013   -0.006683    0.029095    0.296330
 91   42.272491   -0.000002    0.000015   -0.007858    0.013841    0.156986
time 25
  0    0.000000    0.000000    0.000000    0.000000   -0.000000    0.000000
  1    0.000000    0.000000    0.000000    0.000000   -0.000000    0.000000
  2    0.000000  -32.550808   12.083985    2.381580   -1.450643   -0.810886
  3   50.309204   -0.435478    0.000004   -0.077810   -0.421639    0.053083
  4   30.891541   -0.000011   -0.000002   -0.055210   -0.329775    0.038435
  5   34.635590    0.000008    0.000000   -0.037157   -0.148685    0.054889
  6   30.584290    0.000019   -0.000004   -0.036373   -0.344390    0.068681
  7   31.520187    0.000000    0.000008   -0.001801   -0.235860    0.002664
  8   34.241196  -27.207829  -40.693192    0.905034    0.627729   -0.413314
  9   34.241119   22.778564  -40.693268   -0.906428    0.625286    0.410946
 10   35.246719  -51.056492    1.281799   -0.000000   -0.000000   -0.715301
 11   35.246552   51.234528    1.281601   -0.000000    0.000000    0.716588
 12   34.830032  -24.187660   44.298790   -0.907068   -0.624686   -0.426955
 13   34.885788   26.854666   42.529510    0.909129   -0.620999    0.423420
 14   29.239326  -51.573341   94.292938   -0.048307   -0.782259   -0.403890
 15   42.375046    0.000004   -0.000004   -0.017147    0.218639    0.286652
 16   42.546082    0.000053   -0.000015   -0.047530    0.022510    0.033837
 17   42.234467    0.000031   -0.000031   -0.057689   -0.123801   -0.155744
 18   42.464981    0.000031   -0.000008   -0.016606   -0.337018   -0.506678
 19   42.458038   -0.000076   -0.000008   -0.003696   -0.209571   -0.413872
 20   42.267929    0.000031    0.000023    0.141846   -0.252546   -0.700554
 21   42.505989    0.000031    0.000000    0.145958   -0.200811   -0.433134
 22   42.233208    0.000000    0.000015   -0.031946    0.133476    0.142337
 23   42.352295    0.000031    0.000031   -0.040245    0.417855    0.621010
 24   42.391754   -0.000046    0.000019   -0.036038    0.166471    0.316580
 25   42.497498    0.000023    0.000010   -0.015668    0.077691    0.167776
 26   42.272827    0.000050    0.000000   -0.007847    0.043751    0.099795
 27   29.239342   55.382610   92.214951    0.792325   -0.115148    1.510058
 28   42.375076    0.000008    0.000008    0.397579   -0.334479   -0.152638
 29   42.546082   -0.000031    0.000008    0.287395   -0.378051   -0.134058
 30   42.234482    0.000053   -0.000019   -0.020327   -0.028918    0.173031
 31   42.465027   -0.000031    0.000031   -0.029212    0.292677    0.581487
 32   42.458069    0.000000    0.000008    0.038847    0.101060    0.336542
 33   42.267944    0.000000    0.000008    0.162021    0.171205    0.506993
 34   42.506073    0.000122    0.000023    0.453039    0.313544    0.692188
 35   42.233082    0.000000    0.000000   -0.141262   -0.214115   -0.167774
 36   42.352211   -0.000092   -0.000031   -0.157613   -0.463808   -0.610394
 37   42.391754    0.000076    0.000031   -0.031861   -0.104446   -0.233194
 38   42.497620    0.000053    0.000019   -0.009042   -0.051616   -0.128956
 39   42.272736    0.000137    0.000034   -0.001527   -0.027059   -0.069911
 40   29.239353  106.746666    1.740835   -0.003652    0.104587    1.588084
 41   42.375046    0.000015    0.000000    0.056055    0.079137   -0.562823
 42   42.546112   -0.000011    0.000000    0.071349    0.029123   -0.442053
 43   42.234467   -0.000031   -0.000004   -0.029762    0.002251    0.167001
 44   42.465088    0.000000   -0.000008   -0.106562   -0.014798    0.636208
 45   42.458084    0.000008   -0.000004   -0.042095   -0.037850    0.328542
 46   42.267883    0.000031    0.000004   -0.049640   -0.067065    0.606605
 47   42.505890    0.000031    0.000010   -0.004468   -0.090589    0.699158
 48   42.233177    0.000000   -0.000012    0.000986   -0.007456    0.011693
 49   42.352261   -0.000031    0.000000   -0.047749    0.035791   -0.543093
 50   42.391785    0.000000   -0.000004   -0.025652    0.059099   -0.600966
 51   42.497650    0.000031   -0.000010    0.005773    0.030800   -0.291165
 52   42.272766   -0.000006    0.000000    0.007473    0.014678   -0.152024
 53   29.239334   50.706894  -91.389084   -0.333580    1.161179    1.835397
 54   42.375099    0.000000   -0.000010   -0.031709    0.077498   -0.186211
 55   42.546059    0.000031    0.000017   -0.033986    0.119206   -0.258269
 56   42.234512   -0.000046   -0.000013   -0.050370    0.165722   -0.324556
 57   42.465042    0.000046    0.000019   -0.018785   -0.085512    0.089739
 58   42.458130    0.000015   -0.000008   -0.182190   -0.459306    0.699341
 59   42.267960   -0.000107   -0.000008   -0.065235   -0.263521    0.335402
 60   42.505890    0.000107    0.000000   -0.037543   -0.227358    0.272366
 61   42.233192   -0.000015   -0.000031   -0.012106   -0.169279    0.197755
 62   42.352272    0.000031    0.000000   -0.061646    0.339409   -0.422451
 63   42.391693    0.000046   -0.000015   -0.035612    0.231259   -0.283852
 64   42.497559    0.000008   -0.000015   -0.010604    0.115630   -0.137900
 65   42.272766   -0.000002   -0.000019   -0.004295    0.052500   -0.061904
 66   29.239326  -56.044872  -91.389038   -0.804956    1.293185   -1.359675
 67   42.375084   -0.000008   -0.000008    0.035573   -0.179580    0.070842
 68   42.546135   -0.000013    0.000008   -0.011855   -0.237474    0.120364
 69   42.234467    0.000031   -0.000004   -0.027135   -0.266977    0.154723
 70   42.465027   -0.000038    0.000008    0.020625    0.104602   -0.143559
 71   42.458130    0.000031   -0.000031   -0.146710    0.514099   -0.657712
 72   42.267914   -0.000076    0.000008   -0.042031    0.243841   -0.313696
 73   42.505936    0.000122    0.000000   -0.062388    0.229666   -0.292286
 74   42.233086    0.000031   -0.000031   -0.040768    0.140150   -0.164813
 75   42.352203    0.000000    0.000000   -0.033575   -0.364840    0.432445
 76   42.391785   -0.000015   -0.000015   -0.008793   -0.215561    0.267613
 77   42.497498    0.000015    0.000008   -0.002026   -0.108218    0.137208
 78   42.272705   -0.000038    0.000019    0.000742   -0.047022    0.059940
 79   29.239319 -106.786224    1.740900    0.003523    0.158444   -1.098445
 80   42.375107   -0.000004   -0.000004   -0.055415    0.023924    0.354423
 81   42.546051    0.000000    0.000000   -0.055108    0.005150    0.325669
 82   42.234528    0.000008   -0.000011    0.026593    0.002346   -0.158937
 83   42.465073    0.000000   -0.000011    0.098472   -0.004934   -0.621935
 84   42.458099    0.000023    0.000000    0.043740   -0.033267   -0.333911
 85   42.267929    0.000015   -0.000011    0.052284   -0.061926   -0.588834
 86   42.505936   -0.000061    0.000020    0.012501   -0.091566   -0.723630
 87   42.233086   -0.000061   -0.000015   -0.001913   -0.008939   -0.024969
 88   42.352329   -0.000031    0.000003    0.043012    0.035287    0.524564
 89   42.391739    0.000000    0.000002    0.023722    0.058793    0.614766
 90   42.497528   -0.000031   -0.000019   -0.006877    0.029752    0.295883
 91   42.272430   -0.000009    0.000029   -0.008044    0.014139    0.156640
time 26
  0    0.000000    0.000000    0.000000    0.000000   -0.000000    0.000000
  1    0.000000    0.000000    0.000000    0.000000   -0.000000    0.000000
  2    0.000000  -32.815632   12.419532    2.381280   -1.448485   -0.810583
  3   50.309212   -0.435479    0.000002   -0.084749   -0.421323    0.057141
  4   30.891541   -0.000010    0.000004   -0.061759   -0.329525    0.044414
  5   34.635597    0.000009   -0.000008   -0.041795   -0.148470    0.061238
  6   30.584290    0.000022   -0.000011   -0.040329   -0.344338    0.076318
  7   31.520187    0.000000   -0.000008   -0.001801   -0.235860    0.002664
  8   34.241196  -27.603928  -41.285583    0.917255    0.604636   -0.391826
  9   34.241119   23.110182  -41.285675   -0.917955    0.603415    0.390642
 10   35.246704  -51.799786    1.300491   -0.000000    0.000000   -0.686200
 11   35.246536   51.980419    1.300278   -0.000000   -0.000000    0.686845
 12   34.830017  -24.539791   44.943695   -0.920035   -0.599785   -0.403993
 13   34.885773   27.245625   43.148666    0.921064   -0.597940    0.402227
 14   29.239326  -51.573341   94.292999   -0.064361   -0.831203   -0.388465
 15   42.375061   -0.000008   -0.000008    0.009937    0.264150    0.305286
 16   42.546097    0.000031    0.000023   -0.047988    0.022681    0.027247
 17   42.234482    0.000008    0.000000   -0.059881   -0.123953   -0.158208
 18   42.465042   -0.000004    0.000027   -0.022937   -0.330918   -0.500062
 19   42.458130   -0.000069   -0.000015   -0.005735   -0.205271   -0.419129
 20   42.267944    0.000031   -0.000031    0.150040   -0.247965   -0.722142
 21   42.505898   -0.000031   -0.000015    0.147126   -0.192735   -0.423002
 22   42.233162   -0.000061   -0.000031   -0.033262    0.128075    0.134552
 23   42.352310    0.000031    0.000000   -0.053577    0.411729    0.606417
 24   42.391724   -0.000015    0.000008   -0.041071    0.168127    0.324391
 25   42.497559    0.000008   -0.000026   -0.017628    0.077728    0.172803
 26   42.272827    0.000055   -0.000015   -0.008718    0.043884    0.103772
 27   29.239338   55.382599   92.214935    0.773875   -0.120339    1.523843
 28   42.375092    0.000000   -0.000023    0.400362   -0.297546   -0.167104
 29   42.546112   -0.000015    0.000031    0.315845   -0.339241   -0.160814
 30   42.234497    0.000053    0.000008   -0.022635   -0.040210    0.163197
 31   42.465057   -0.000031    0.000023   -0.063684    0.256932    0.619291
 32   42.458099    0.000015    0.000023    0.037779    0.075130    0.366078
 33   42.267883    0.000000    0.000023    0.174549    0.150480    0.515352
 34   42.506042    0.000092    0.000000    0.469414    0.285338    0.672704
 35   42.233116   -0.000061   -0.000031   -0.164580   -0.220922   -0.182050
 36   42.352295   -0.000061    0.000000   -0.179652   -0.428563   -0.604007
 37   42.391724    0.000107    0.000010   -0.033281   -0.089274   -0.229641
 38   42.497681    0.000084   -0.000017   -0.009386   -0.044111   -0.128709
 39   42.272644    0.000160    0.000011   -0.001556   -0.023450   -0.071072
 40   29.239365  106.746666    1.740837   -0.003792    0.103261    1.599304
 41   42.375061    0.000000   -0.000008    0.055709    0.081934   -0.567125
 42   42.546112   -0.000004    0.000004    0.072735    0.030856   -0.447245
 43   42.234467   -0.000031   -0.000008   -0.029892    0.002238    0.165341
 44   42.465027    0.000000   -0.000008   -0.108259   -0.015135    0.637293
 45   42.458069   -0.000015   -0.000008   -0.042719   -0.038626    0.329240
 46   42.267868   -0.000031   -0.000006   -0.050106   -0.068751    0.606522
 47   42.505920    0.000000    0.000006   -0.003874   -0.092357    0.697858
 48   42.233124    0.000031   -0.000010    0.001018   -0.007416    0.011740
 49   42.352268    0.000061    0.000003   -0.048891    0.036810   -0.541837
 50   42.391647   -0.000031   -0.000004   -0.026306    0.060796   -0.600652
 51   42.497620    0.000015   -0.000011    0.005969    0.031764   -0.291475
 52   42.272736    0.000011   -0.000002    0.007718    0.015130   -0.152166
 53   29.239353   50.706909  -91.389069   -0.314119    1.160207    1.857164
 54   42.375069   -0.000023   -0.000002   -0.031472    0.077218   -0.185922
 55   42.546059    0.000038    0.000023   -0.033679    0.118981   -0.258682
 56   42.234528   -0.000019    0.000000   -0.050770    0.167043   -0.328514
 57   42.464996    0.000031    0.000011   -0.018653   -0.083999    0.087489
 58   42.458023    0.000008    0.000015   -0.179649   -0.456068    0.694873
 59   42.267914   -0.000099    0.000000   -0.065269   -0.263189    0.335797
 60   42.505905    0.000092   -0.000015   -0.038787   -0.230590    0.277151
 61   42.233185   -0.000015   -0.000015   -0.012227   -0.169093    0.197905
 62   42.352249   -0.000031    0.000000   -0.061467    0.339293   -0.422997
 63   42.391724    0.000015   -0.000061   -0.035564    0.231204   -0.284394
 64   42.497528    0.000031    0.000000   -0.010603    0.115673   -0.138274
 65   42.272705    0.000051    0.000021   -0.004294    0.052508   -0.062060
 66   29.239319  -56.044861  -91.389000   -0.826285    1.295630   -1.382146
 67   42.375099   -0.000002   -0.000004    0.035049   -0.179400    0.070944
 68   42.546089    0.000004    0.000019   -0.012585   -0.237933    0.120498
 69   42.234436    0.000008    0.000004   -0.028435   -0.269641    0.156088
 70   42.465012   -0.000031    0.000008    0.020826    0.103486   -0.142801
 71   42.458069    0.000046    0.000008   -0.143990    0.511659   -0.652454
 72   42.267914   -0.000061   -0.000015   -0.042104    0.243651   -0.313637
 73   42.505997    0.000092    0.000000   -0.064487    0.233322   -0.297376
 74   42.233101    0.000031   -0.000031   -0.040847    0.139295   -0.163533
 75   42.352173   -0.000061    0.000015   -0.032919   -0.365772    0.432814
 76   42.391785    0.000061   -0.000015   -0.008513   -0.215460    0.267453
 77   42.497467    0.000046    0.000008   -0.001993   -0.108299    0.137366
 78   42.272644    0.000010    0.000057    0.000741   -0.047001    0.059943
 79   29.239315 -106.786263    1.740902    0.003656    0.160531   -1.100747
 80   42.375114   -0.000017   -0.000004   -0.056468    0.024072    0.356499
 81   42.546051   -0.000011    0.000004   -0.055996    0.004989    0.327267
 82   42.234497   -0.000061   -0.000011    0.026780    0.002252   -0.158555
 83   42.465057   -0.000015   -0.000011    0.099432   -0.004862   -0.622484
 84   42.458115    0.000015   -0.000004    0.044256   -0.033698   -0.334618
 85   42.267944    0.000015   -0.000008    0.052897   -0.063354   -0.590822
 86   42.505951    0.000000    0.000014    0.011961   -0.092869   -0.720794
 87   42.233055    0.000031   -0.000013   -0.001853   -0.008808   -0.023621
 88   42.352287   -0.000031    0.000005    0.043949    0.036231    0.525674
 89   42.391754   -0.000061   -0.000004    0.023992    0.060036    0.613209
 90   42.497589   -0.000031   -0.000022   -0.007069    0.030399    0.295459
 91   42.272491   -0.000031    0.000017   -0.008228    0.014433    0.156311
time 27
  0    0.000000    0.000000    0.000000    0.000000   -0.000000    0.000000
  1    0.000000    0.000000    0.000000    0.000000   -0.000000    0.000000
  2    0.000000  -33.065327   12.744531    2.380980   -1.446381   -0.810280
  3   50.309219   -0.435479    0.000004   -0.090589   -0.421053    0.060587
  4   30.891541   -0.000011    0.000004   -0.067333   -0.329311    0.049505
  5   34.635597    0.000008   -0.000004   -0.045742   -0.148287    0.066644
  6   30.584274    0.000015    0.000011   -0.043698   -0.344307    0.082822
  7   31.520203   -0.000002   -0.000008   -0.001801   -0.235860    0.002664
  8   34.241180  -28.000029  -41.878006    0.929474    0.581547   -0.370341
  9   34.241119   23.441807  -41.878098   -0.929479    0.581550    0.370341
 10   35.246704  -52.543083    1.319153   -0.000000   -0.000000   -0.657108
 11   35.246521   52.726311    1.318939   -0.000000    0.000000    0.657111
 12   34.830032  -24.891924   45.588623   -0.933001   -0.574887   -0.381033
 13   34.885773   27.636593   43.767845    0.932996   -0.574885    0.381039
 14   29.239319  -51.573353   94.292953   -0.080919   -0.872017   -0.373287
 15   42.375046    0.000004    0.000011    0.035396    0.301862    0.321664
 16   42.546082    0.000053    0.000008   -0.048513    0.022468    0.021888
 17   42.234467    0.000031    0.000015   -0.061643   -0.123727   -0.159723
 18   42.464966   -0.000004    0.000023   -0.028123   -0.325531   -0.494166
 19   42.458099   -0.000061    0.000000   -0.007475   -0.201813   -0.423584
 20   42.268005    0.000000    0.000008    0.156321   -0.243653   -0.738915
 21   42.505844    0.000000   -0.000031    0.148634   -0.186979   -0.416367
 22   42.233143    0.000031   -0.000031   -0.033871    0.122928    0.127403
 23   42.352272    0.000031   -0.000031   -0.064284    0.406323    0.593488
 24   42.391724    0.000031    0.000019   -0.045519    0.170059    0.331581
 25   42.497528    0.000023   -0.000045   -0.019372    0.077873    0.177251
 26   42.272736    0.000092    0.000000   -0.009501    0.044080    0.107406
 27   29.239342   55.382622   92.214958    0.758940   -0.124658    1.535329
 28   42.375069    0.000000   -0.000015    0.400926   -0.266755   -0.178013
 29   42.546097   -0.000023    0.000023    0.337942   -0.304747   -0.180682
 30   42.234482    0.000061    0.000015   -0.020681   -0.049591    0.149835
 31   42.464996   -0.000053    0.000019   -0.096042    0.227023    0.648449
 32   42.458130    0.000023    0.000008    0.035324    0.051712    0.395938
 33   42.267899   -0.000015    0.000038    0.180602    0.130843    0.514564
 34   42.506027    0.000061   -0.000008    0.485298    0.262052    0.662144
 35   42.233089    0.000000    0.000031   -0.178800   -0.215123   -0.184919
 36   42.352234   -0.000122    0.000031   -0.198639   -0.404219   -0.601354
 37   42.391693    0.000076    0.000006   -0.035084   -0.078310   -0.229595
 38   42.497620    0.000031   -0.000019   -0.009855   -0.038265   -0.129571
 39   42.272705    0.000153   -0.000038   -0.001665   -0.020665   -0.073110
 40   29.239342  106.746628    1.740843   -0.003932    0.101938    1.610268
 41   42.375076   -0.000015   -0.000004    0.055321    0.084616   -0.571061
 42   42.546112    0.000027    0.000000    0.074115    0.032597   -0.452578
 43   42.234451   -0.000015   -0.000008   -0.029958    0.002216    0.163457
 44   42.465057   -0.000015   -0.000008   -0.109913   -0.015436    0.638446
 45   42.458084    0.000000   -0.000008   -0.043340   -0.039395    0.330019
 46   42.267914    0.000015    0.000000   -0.050539   -0.070413    0.606337
 47   42.505920   -0.000031    0.000003   -0.003277   -0.094098    0.696609
 48   42.233139   -0.000031   -0.000011    0.001058   -0.007376    0.011868
 49   42.352264   -0.000031    0.000004   -0.050000    0.037815   -0.540373
 50   42.391663    0.000000   -0.000006   -0.026968    0.062493   -0.600407
 51   42.497681    0.000015   -0.000012    0.006164    0.032736   -0.291843
 52   42.272675    0.000027   -0.000002    0.007966    0.015587   -0.152353
 53   29.239326   50.706913  -91.389084   -0.295363    1.159073    1.878159
 54   42.375084   -0.000019   -0.000004   -0.031250    0.076943   -0.185621
 55   42.546074    0.000034   -0.000008   -0.033386    0.118762   -0.259054
 56   42.234528   -0.000031   -0.000002   -0.051156    0.168306   -0.332321
 57   42.465012    0.000053    0.000008   -0.018532   -0.082542    0.085319
 58   42.458069    0.000023    0.000019   -0.177102   -0.452795    0.690307
 59   42.267990   -0.000076    0.000015   -0.065284   -0.262827    0.336129
 60   42.505814    0.000122    0.000031   -0.040090   -0.233945    0.282118
 61   42.233162   -0.000092   -0.000015   -0.012337   -0.168869    0.198000
 62   42.352295    0.000000    0.000046   -0.061287    0.339173   -0.423520
 63   42.391724    0.000015    0.000000   -0.035528    0.231194   -0.284982
 64   42.497528    0.000046    0.000000   -0.010606    0.115743   -0.138673
 65   42.272766    0.000019    0.000029   -0.004294    0.052531   -0.062230
 66   29.239319  -56.044868  -91.389061   -0.847337    1.297824   -1.404311
 67   42.375099   -0.000002   -0.000008    0.034550   -0.179219    0.071048
 68   42.546112   -0.000002    0.000011   -0.013284   -0.238365    0.120638
 69   42.234467    0.000034   -0.000031   -0.029691   -0.272175    0.157388
 70   42.465012   -0.000046    0.000004    0.021014    0.102446   -0.142099
 71   42.458130    0.000038   -0.000011   -0.141233    0.509129   -0.647102
 72   42.267944   -0.000061    0.000000   -0.042157    0.243451   -0.313564
 73   42.505997    0.000061    0.000015   -0.066665    0.237092   -0.302654
 74   42.233154    0.000000   -0.000015   -0.040897    0.138385   -0.162192
 75   42.352142   -0.000092   -0.000015   -0.032275   -0.366684    0.433173
 76   42.391785    0.000031    0.000000   -0.008245   -0.215399    0.267344
 77   42.497589    0.000023    0.000000   -0.001964   -0.108402    0.137553
 78   42.272614    0.000025    0.000011    0.000739   -0.046991    0.059961
 79   29.239315 -106.786263    1.740911    0.003788    0.162480   -1.103065
 80   42.375092    0.000002   -0.000004   -0.057462    0.024267    0.358465
 81   42.546036   -0.000011    0.000004   -0.056878    0.004878    0.328948
 82   42.234497   -0.000023    0.000000    0.026933    0.002151   -0.158009
 83   42.465088   -0.000031    0.000000    0.100377   -0.004804   -0.623066
 84   42.458069    0.000031   -0.000008    0.044769   -0.034140   -0.335413
 85   42.267914    0.000000   -0.000002    0.053480   -0.064765   -0.592804
 86   42.505981    0.000000    0.000018    0.011401   -0.094116   -0.717935
 87   42.233063    0.000031   -0.000009   -0.001790   -0.008669   -0.022298
 88   42.352268   -0.000031    0.000013    0.044865    0.037166    0.526703
 89   42.391663   -0.000061   -0.000002    0.024249    0.061258    0.611661
 90   42.497559    0.000000   -0.000012   -0.007260    0.031038    0.295053
 91   42.272430   -0.000004    0.000008   -0.008409    0.014723    0.155998
time 28
  0    0.000000    0.000000    0.000000    0.000000   -0.000000    0.000000
  1    0.000000    0.000000    0.000000    0.000000   -0.000000    0.000000
  2    0.000000  -33.300335   13.059027    2.380678   -1.444326   -0.809976
  3   50.309216   -0.435479   -0.000002   -0.095077   -0.420844    0.063254
  4   30.891541   -0.000012    0.000000   -0.071657   -0.329145    0.053456
  5   34.635597    0.000007   -0.000004   -0.048803   -0.148144    0.070839
  6   30.584274    0.000017    0.000004   -0.046312   -0.344290    0.087868
  7   31.520187   -0.000002    0.000000   -0.006128   -0.235471    0.025898
  8   34.241196  -27.603931  -41.285583    0.917255    0.604636   -0.391826
  9   34.241135   23.110184  -41.285660   -0.917955    0.603415    0.390642
 10   35.246689  -51.799793    1.300476   -0.000000   -0.000000   -0.686200
 11   35.246536   51.980434    1.300262   -0.000000    0.000000    0.686845
 12   34.830017  -24.539795   44.943703   -0.920035   -0.599785   -0.403993
 13   34.885773   27.245628   43.148659    0.921064   -0.597940    0.402227
 14   29.239326  -51.573357   94.292992   -0.095939   -0.902550   -0.359755
 15   42.375092   -0.000004   -0.000015    0.056525    0.330117    0.334847
 16   42.546082    0.000023   -0.000015   -0.049043    0.021939    0.017749
 17   42.234451    0.000015   -0.000015   -0.062980   -0.123494   -0.160799
 18   42.464996    0.000023    0.000004   -0.032006   -0.321208   -0.489569
 19   42.458130   -0.000061    0.000000   -0.008824   -0.199119   -0.426999
 20   42.268036    0.000031    0.000000    0.160931   -0.240079   -0.751270
 21   42.505905    0.000061    0.000000    0.149919   -0.182905   -0.411838
 22   42.233158    0.000061   -0.000061   -0.034126    0.118892    0.121937
 23   42.352249    0.000092   -0.000015   -0.072193    0.401909    0.583299
 24   42.391724   -0.000031    0.000000   -0.049059    0.171672    0.337237
 25   42.497467   -0.000008    0.000001   -0.020765    0.077992    0.180736
 26   42.272766    0.000057   -0.000027   -0.010131    0.044230    0.110307
 27   29.239338   55.382626   92.214966    0.747129   -0.127511    1.544749
 28   42.375061   -0.000015   -0.000008    0.400983   -0.243482   -0.185968
 29   42.546082   -0.000008    0.000023    0.353911   -0.277803   -0.194102
 30   42.234482    0.000076    0.000015   -0.016361   -0.056201    0.136680
 31   42.465012   -0.000069    0.000015   -0.122835    0.204555    0.667812
 32   42.458130    0.000053    0.000023    0.031974    0.032213    0.422860
 33   42.267929    0.000015    0.000000    0.182389    0.114860    0.509533
 34   42.506012    0.000031    0.000008    0.498698    0.244028    0.657318
 35   42.233078    0.000000    0.000031   -0.185607   -0.204310   -0.181783
 36   42.352211   -0.000061    0.000000   -0.214185   -0.388787   -0.600697
 37   42.391724    0.000076   -0.000002   -0.036933   -0.070714   -0.231348
 38   42.497742    0.000069   -0.000004   -0.010335   -0.033952   -0.130855
 39   42.272705    0.000141   -0.000008   -0.001808   -0.018584   -0.075335
 40   29.239346  106.746666    1.740835   -0.004070    0.100618    1.620971
 41   42.375061   -0.000011   -0.000015    0.054894    0.087182   -0.574639
 42   42.546097    0.000000   -0.000004    0.075485    0.034347   -0.458040
 43   42.234497   -0.000046    0.000000   -0.029966    0.002185    0.161391
 44   42.465057    0.000008   -0.000011   -0.111523   -0.015706    0.639645
 45   42.458099    0.000008   -0.000004   -0.043955   -0.040156    0.330873
 46   42.267883   -0.000015    0.000004   -0.050941   -0.072052    0.606086
 47   42.505890    0.000031    0.000009   -0.002671   -0.095807    0.695381
 48   42.233139    0.000000   -0.000009    0.001103   -0.007334    0.012052
 49   42.352314    0.000000    0.000003   -0.051080    0.038806   -0.538767
 50   42.391678    0.000000   -0.000003   -0.027633    0.064183   -0.600199
 51   42.497681    0.000038   -0.000010    0.006358    0.033714   -0.292253
 52   42.272736    0.000000    0.000000    0.008215    0.016047   -0.152567
 53   29.239330   50.706921  -91.389107   -0.277293    1.157784    1.898404
 54   42.375122   -0.000004   -0.000008   -0.031043    0.076681   -0.185313
 55   42.546104    0.000027    0.000002   -0.033106    0.118551   -0.259390
 56   42.234543   -0.000034   -0.000002   -0.051529    0.169512   -0.335982
 57   42.465027    0.000061    0.000015   -0.018419   -0.081135    0.083229
 58   42.458038   -0.000008    0.000019   -0.174551   -0.449494    0.685657
 59   42.268021   -0.000061    0.000008   -0.065282   -0.262434    0.336404
 60   42.505875    0.000076    0.000000   -0.041455   -0.237413    0.287260
 61   42.233215   -0.000076   -0.000015   -0.012436   -0.168614    0.198050
 62   42.352272   -0.000031   -0.000046   -0.061101    0.339037   -0.424008
 63   42.391724    0.000015    0.000000   -0.035505    0.231233   -0.285626
 64   42.497559    0.000046    0.000008   -0.010613    0.115841   -0.139103
 65   42.272736    0.000048   -0.000004   -0.004295    0.052569   -0.062417
 66   29.239323  -56.044868  -91.389046   -0.868089    1.299784   -1.426144
 67   42.375092   -0.000002   -0.000004    0.034075   -0.179037    0.071156
 68   42.546104   -0.000006    0.000019   -0.013957   -0.238782    0.120785
 69   42.234451    0.000042    0.000004   -0.030901   -0.274585    0.158622
 70   42.464996   -0.000031    0.000008    0.021190    0.101489   -0.141459
 71   42.458099    0.000031    0.000000   -0.138450    0.506515   -0.641670
 72   42.267883   -0.000046    0.000008   -0.042191    0.243240   -0.313478
 73   42.505936    0.000061   -0.000031   -0.068927    0.240979   -0.308126
 74   42.233192    0.000031   -0.000015   -0.040913    0.137400   -0.160761
 75   42.352180   -0.000031    0.000015   -0.031643   -0.367582    0.433525
 76   42.391785    0.000000   -0.000015   -0.007989   -0.215369    0.267279
 77   42.497620    0.000023    0.000008   -0.001940   -0.108526    0.137770
 78   42.272705   -0.000002   -0.000002    0.000735   -0.046991    0.059990
 79   29.239315 -106.786224    1.740904    0.003919    0.164301   -1.105385
 80   42.375092   -0.000015    0.000000   -0.058401    0.024504    0.360321
 81   42.546051   -0.000027   -0.000004   -0.057754    0.004813    0.330702
 82   42.234543    0.000008   -0.000011    0.027055    0.002045   -0.157325
 83   42.465073   -0.000015    0.000004    0.101309   -0.004758   -0.623684
 84   42.458069   -0.000023   -0.000004    0.045280   -0.034590   -0.336291
 85   42.267960    0.000000   -0.000010    0.054034   -0.066162   -0.594800
 86   42.505981    0.000000    0.000013    0.010820   -0.095307   -0.715031
 87   42.233055    0.000000   -0.000014   -0.001722   -0.008520   -0.020975
 88   42.352314   -0.000031   -0.000007    0.045762    0.038094    0.527685
 89   42.391769   -0.000031   -0.000006    0.024491    0.062457    0.610100
 90   42.497559    0.000008   -0.000016   -0.007449    0.031668    0.294658
 91   42.272522   -0.000014    0.000023   -0.008589    0.015008    0.155689
time 29
  0    0.000000    0.000000    0.000000    0.000000   -0.000000    0.000000
  1    0.000000    0.000000    0.000000    0.000000   -0.000000    0.000000
  2    0.000000  -33.521111   13.363070    2.380377   -1.442322   -0.809672
  3   50.309212   -0.435478    0.000008   -0.097957   -0.420708    0.064977
  4   30.891541   -0.000010    0.000002   -0.074455   -0.329038    0.056012
  5   34.635590    0.000008    0.000004   -0.050783   -0.148052    0.073552
  6   30.584274    0.000018    0.000008   -0.048004   -0.344284    0.091133
  7   31.520187    0.000004    0.000000   -0.014164   -0.234750    0.069049
  8   34.241180  -27.207848  -40.693176    0.905034    0.627730   -0.413314
  9   34.241119   22.778572  -40.693268   -0.906428    0.625286    0.410946
 10   35.246689  -51.056515    1.281815   -0.000000    0.000000   -0.715301
 11   35.246536   51.234554    1.281616   -0.000000   -0.000000    0.716588
 12   34.830002  -24.187664   44.298782   -0.907068   -0.624686   -0.426955
 13   34.885788   26.854677   42.529518    0.909129   -0.620999    0.423420
 14   29.239311  -51.573326   94.292976   -0.107177   -0.920691   -0.349388
 15   42.375061    0.000000    0.000040    0.070579    0.347423    0.343569
 16   42.546066    0.000031    0.000038   -0.049547    0.021097    0.014783
 17   42.234467    0.000031    0.000000   -0.063912   -0.123642   -0.161935
 18   42.465012    0.000023    0.000019   -0.034453   -0.318220   -0.486747
 19   42.458130   -0.000061   -0.000004   -0.009651   -0.197156   -0.429293
 20   42.267960    0.000046   -0.000008    0.164148   -0.237637   -0.759494
 21   42.505898    0.000031    0.000000    0.150393   -0.179965   -0.408038
 22   42.233162    0.000061   -0.000046   -0.034381    0.116696    0.119051
 23   42.352295    0.000061   -0.000015   -0.077124    0.398886    0.577070
 24   42.391754   -0.000061   -0.000008   -0.051332    0.172362    0.340457
 25   42.497559    0.000023   -0.000004   -0.021659    0.077950    0.182882
 26   42.272766    0.000004   -0.000019   -0.010522    0.044113    0.111763
 27   29.239319   55.382622   92.214966    0.738063   -0.128307    1.552320
 28   42.375053    0.000004    0.000000    0.402161   -0.229004   -0.191406
 29   42.546127   -0.000015    0.000027    0.364320   -0.260875   -0.201839
 30   42.234451    0.000053    0.000011   -0.012320   -0.060017    0.127318
 31   42.465012   -0.000053    0.000015   -0.140780    0.190474    0.678321
 32   42.458099    0.000031    0.000023    0.028930    0.018760    0.442236
 33   42.267914   -0.000015    0.000000    0.182376    0.104351    0.504622
 34   42.506012    0.000061    0.000008    0.507818    0.232205    0.655263
 35   42.233105   -0.000031    0.000031   -0.188105   -0.195022   -0.177654
 36   42.352257   -0.000092    0.000015   -0.224833   -0.380079   -0.600543
 37   42.391693    0.000076   -0.000022   -0.038358   -0.066108   -0.233303
 38   42.497650    0.000000   -0.000023   -0.010692   -0.031211   -0.131933
 39   42.272644    0.000137    0.000019   -0.001922   -0.017232   -0.077045
 40   29.239346  106.746643    1.740849   -0.004209    0.099312    1.631407
 41   42.375046    0.000008    0.000000    0.054436    0.089633   -0.577871
 42   42.546112    0.000019    0.000000    0.076845    0.036104   -0.463605
 43   42.234467    0.000008    0.000008   -0.029916    0.002146    0.159146
 44   42.465118   -0.000008   -0.000004   -0.113091   -0.015944    0.640886
 45   42.458084   -0.000015   -0.000008   -0.044567   -0.040911    0.331803
 46   42.267899    0.000000    0.000006   -0.051313   -0.073669    0.605772
 47   42.505859    0.000031    0.000009   -0.002061   -0.097488    0.694176
 48   42.233124    0.000000   -0.000009    0.001154   -0.007291    0.012291
 49   42.352245    0.000000    0.000001   -0.052129    0.039782   -0.537010
 50   42.391708    0.000061   -0.000004   -0.028304    0.065870   -0.600034
 51   42.497620   -0.000008   -0.000012    0.006551    0.034699   -0.292710
 52   42.272736   -0.000015    0.000002    0.008466    0.016511   -0.152811
 53   29.239334   50.706890  -91.389053   -0.259885    1.156362    1.917924
 54   42.375084    0.000004   -0.000002   -0.030850    0.076430   -0.185004
 55   42.546066    0.000042   -0.000002   -0.032839    0.118350   -0.259697
 56   42.234528   -0.000031   -0.000017   -0.051889    0.170662   -0.339498
 57   42.464996    0.000046    0.000008   -0.018314   -0.079770    0.081202
 58   42.458038    0.000015   -0.000011   -0.171999   -0.446163    0.680923
 59   42.267975   -0.000053    0.000015   -0.065267   -0.262028    0.336643
 60   42.505875    0.000107    0.000015   -0.042881   -0.240989    0.292568
 61   42.233162   -0.000061   -0.000031   -0.012527   -0.168338    0.198065
 62   42.352249   -0.000061    0.000000   -0.060909    0.338882   -0.424453
 63   42.391693    0.000046   -0.000015   -0.035496    0.231331   -0.286330
 64   42.497620    0.000053   -0.000008   -0.010621    0.115968   -0.139562
 65   42.272736    0.000011    0.000025   -0.004299    0.052625   -0.062625
 66   29.239315  -56.044876  -91.389046   -0.888511    1.301519   -1.447619
 67   42.375084   -0.000008   -0.000008    0.033622   -0.178861    0.071267
 68   42.546097   -0.000002    0.000019   -0.014607   -0.239182    0.120945
 69   42.234467    0.000034   -0.000015   -0.032067   -0.276875    0.159794
 70   42.464996   -0.000046    0.000023    0.021357    0.100613   -0.140876
 71   42.458099    0.000023   -0.000008   -0.135639    0.503812   -0.636156
 72   42.267914   -0.000031    0.000000   -0.042209    0.243026   -0.313386
 73   42.505981    0.000076   -0.000015   -0.071270    0.244964   -0.313767
 74   42.233109    0.000000   -0.000031   -0.040905    0.136379   -0.159293
 75   42.352158    0.000031   -0.000031   -0.031014   -0.368449    0.433850
 76   42.391724   -0.000015    0.000000   -0.007746   -0.215392    0.267280
 77   42.497498    0.000023    0.000000   -0.001918   -0.108675    0.138018
 78   42.272644    0.000006    0.000032    0.000730   -0.047007    0.060041
 79   29.239311 -106.786278    1.740902    0.004050    0.165994   -1.107695
 80   42.375092    0.000015   -0.000008   -0.059283    0.024782    0.362067
 81   42.546051   -0.000023   -0.000011   -0.058621    0.004796    0.332519
 82   42.234497   -0.000023   -0.000011    0.027144    0.001934   -0.156494
 83   42.465073   -0.000015   -0.000008    0.102227   -0.004728   -0.624327
 84   42.458084    0.000023   -0.000008    0.045788   -0.035048   -0.337250
 85   42.267944    0.000015   -0.000010    0.054560   -0.067544   -0.596774
 86   42.506012    0.000061    0.000010    0.010223   -0.096446   -0.712122
 87   42.233109    0.000000   -0.000010   -0.001651   -0.008365   -0.019688
 88   42.352264   -0.000061    0.000001    0.046637    0.039009    0.528555
 89   42.391739    0.000000   -0.000003    0.024726    0.063635    0.608569
 90   42.497589    0.000008   -0.000027   -0.007635    0.032292    0.294292
 91   42.272522   -0.000016    0.000002   -0.008767    0.015292    0.155404
time 30
  0    0.000000    0.000000    0.000000    0.000000   -0.000000    0.000000
  1    0.000000    0.000000    0.000000    0.000000   -0.000000    0.000000
  2    0.000000  -33.728088   13.656709    2.380077   -1.440362   -0.809370
  3   50.309212   -0.435479    0.000008   -0.098973   -0.420660    0.065588
  4   30.891541   -0.000011    0.000004   -0.075449   -0.329000    0.056921
  5   34.635590    0.000006    0.000004   -0.051486   -0.148020    0.074516
  6   30.584290    0.000019    0.000004   -0.048605   -0.344284    0.092294
  7   31.520187   -0.000002    0.000008   -0.018492   -0.234362    0.092284
  8   34.241211  -27.603943  -41.285583    0.917255    0.604636   -0.391826
  9   34.241135   23.110184  -41.285690   -0.917955    0.603415    0.390642
 10   35.246719  -51.799797    1.300476   -0.000000   -0.000000   -0.686200
 11   35.246536   51.980431    1.300262   -0.000000   -0.000000    0.686845
 12   34.830032  -24.539795   44.943695   -0.920035   -0.599785   -0.403993
 13   34.885773   27.245632   43.148666    0.921064   -0.597940    0.402227
 14   29.239317  -51.573341   94.292923   -0.112573   -0.924439   -0.343647
 15   42.375046   -0.000004    0.000000    0.075151    0.352358    0.346576
 16   42.546097    0.000053    0.000031   -0.050005    0.019917    0.012977
 17   42.234467    0.000015    0.000015   -0.064449   -0.124500   -0.163557
 18   42.464996    0.000027    0.000031   -0.035322   -0.316775   -0.486070
 19   42.458069   -0.000076    0.000000   -0.009823   -0.195938   -0.430449
 20   42.267960    0.000061   -0.000008    0.166179   -0.236645   -0.763673
 21   42.505898   -0.000031    0.000000    0.149550   -0.177779   -0.403879
 22   42.233231   -0.000031    0.000015   -0.034900    0.116912    0.119457
 23   42.352264    0.000000    0.000000   -0.078881    0.397631    0.575884
 24   42.391724   -0.000046    0.000011   -0.052015    0.171642    0.340508
 25   42.497406    0.000023    0.000004   -0.021926    0.077641    0.183355
 26   42.272797    0.000065   -0.000042   -0.010635    0.043919    0.112136
 27   29.239340   55.382626   92.214951    0.731384   -0.126476    1.558241
 28   42.375061    0.000008   -0.000008    0.405945   -0.224652   -0.194630
 29   42.546097   -0.000015    0.000023    0.369643   -0.256026   -0.204454
 30   42.234467    0.000015    0.000027   -0.010888   -0.061358    0.124431
 31   42.465042   -0.000076    0.000027   -0.147238    0.185653    0.681688
 32   42.458069    0.000046   -0.000008    0.027656    0.013726    0.449294
 33   42.267883   -0.000015    0.000008    0.182414    0.100600    0.502923
 34   42.506012    0.000092    0.000008    0.511551    0.227868    0.654269
 35   42.233082   -0.000092    0.000031   -0.189307   -0.191839   -0.176120
 36   42.352249   -0.000122    0.000015   -0.228919   -0.376981   -0.600363
 37   42.391754    0.000092    0.000001   -0.038872   -0.064417   -0.234039
 38   42.497681    0.000069   -0.000031   -0.010809   -0.030201   -0.132325
 39   42.272644    0.000153    0.000019   -0.001955   -0.016721   -0.077663
 40   29.239340  106.746643    1.740845   -0.004345    0.098017    1.641579
 41   42.375084    0.000000   -0.000004    0.053948    0.091968   -0.580759
 42   42.546127    0.000015    0.000008    0.078190    0.037870   -0.469271
 43   42.234436   -0.000008    0.000011   -0.029811    0.002100    0.156731
 44   42.465088   -0.000031   -0.000004   -0.114617   -0.016154    0.642160
 45   42.458054    0.000008   -0.000008   -0.045175   -0.041658    0.332801
 46   42.267883    0.000000   -0.000002   -0.051655   -0.075261    0.605383
 47   42.505890   -0.000031    0.000007   -0.001447   -0.099139    0.693012
 48   42.233131    0.000000   -0.000012    0.001212   -0.007249    0.012588
 49   42.352272    0.000031   -0.000000   -0.053146    0.040740   -0.535106
 50   42.391693    0.000000   -0.000002   -0.028982    0.067548   -0.599917
 51   42.497681    0.000015   -0.000008    0.006741    0.035690   -0.293212
 52   42.272675    0.000036   -0.000002    0.008719    0.016979   -0.153082
 53   29.239325   50.706905  -91.389069   -0.243118    1.154814    1.936741
 54   42.375092   -0.000015    0.000008   -0.030670    0.076190   -0.184700
 55   42.546089    0.000034   -0.000002   -0.032587    0.118165   -0.259988
 56   42.234528   -0.000034   -0.000015   -0.052237    0.171758   -0.342872
 57   42.465042    0.000031   -0.000004   -0.018218   -0.078460    0.079263
 58   42.458054   -0.000008    0.000004   -0.169450   -0.442809    0.676123
 59   42.268021   -0.000076   -0.000038   -0.065236   -0.261593    0.336828
 60   42.505905    0.000107    0.000000   -0.044369   -0.244669    0.298044
 61   42.233185   -0.000061   -0.000015   -0.012609   -0.168028    0.198029
 62   42.352272    0.000061   -0.000015   -0.060708    0.338713   -0.424861
 63   42.391693    0.000061   -0.000015   -0.035501    0.231474   -0.287090
 64   42.497589    0.000061   -0.000008   -0.010636    0.116121   -0.140052
 65   42.272705    0.000059   -0.000050   -0.004303    0.052697   -0.062846
 66   29.239305  -56.044876  -91.389023   -0.908587    1.303050   -1.468717
 67   42.375099   -0.000002    0.000000    0.033187   -0.178692    0.071381
 68   42.546082    0.000004    0.000011   -0.015234   -0.239570    0.121114
 69   42.234451    0.000019   -0.000019   -0.033191   -0.279049    0.160905
 70   42.464996   -0.000023   -0.000008    0.021514    0.099794   -0.140331
 71   42.458115    0.000015    0.000011   -0.132804    0.501034   -0.630572
 72   42.267914   -0.000061    0.000015   -0.042216    0.242821   -0.313308
 73   42.505997    0.000015    0.000046   -0.073690    0.249041   -0.319571
 74   42.233131   -0.000031    0.000000   -0.040877    0.135319   -0.157781
 75   42.352188   -0.000031    0.000031   -0.030386   -0.369284    0.434137
 76   42.391846    0.000000    0.000031   -0.007519   -0.215471    0.267352
 77   42.497559   -0.000015   -0.000008   -0.001900   -0.108851    0.138299
 78   42.272675   -0.000011    0.000000    0.000725   -0.047036    0.060106
 79   29.239313 -106.786278    1.740894    0.004179    0.167572   -1.109978
 80   42.375084   -0.000008   -0.000015   -0.060111    0.025096    0.363694
 81   42.546036    0.000000    0.000004   -0.059482    0.004820    0.334390
 82   42.234528   -0.000031   -0.000008    0.027206    0.001817   -0.155536
 83   42.465057   -0.000008   -0.000008    0.103132   -0.004711   -0.624997
 84   42.458069   -0.000008   -0.000011    0.046293   -0.035515   -0.338276
 85   42.267899   -0.000031   -0.000004    0.055059   -0.068912   -0.598758
 86   42.505981    0.000000    0.000013    0.009607   -0.097533   -0.709185
 87   42.233070    0.000031   -0.000011   -0.001576   -0.008202   -0.018409
 88   42.352325   -0.000092   -0.000003    0.047496    0.039916    0.529388
 89   42.391693    0.000000   -0.000002    0.024948    0.064792    0.607032
 90   42.497528   -0.000008   -0.000023   -0.007820    0.032907    0.293934
 91   42.272522   -0.000004    0.000015   -0.008942    0.015569    0.155124
time 31
  0    0.000000    0.000000    0.000000    0.000000   -0.000000    0.000000
  1    0.000000    0.000000    0.000000    0.000000   -0.000000    0.000000
  2    0.000000  -33.921722   13.939996    2.379776   -1.438443   -0.809066
  3   50.309216   -0.435479    0.000000   -0.098357   -0.420670    0.065247
  4   30.891541   -0.000010   -0.000002   -0.074946   -0.329002    0.056446
  5   34.635597    0.000008    0.000008   -0.051134   -0.148020    0.074014
  6   30.584290    0.000020   -0.000008   -0.048311   -0.344284    0.091697
  7   31.520187    0.000000    0.000008   -0.001801   -0.235860    0.002664
  8   34.241180  -28.000031  -41.878006    0.929474    0.581547   -0.370341
  9   34.241119   23.441813  -41.878098   -0.929479    0.581550    0.370341
 10   35.246689  -52.543098    1.319122   -0.000000    0.000000   -0.657108
 11   35.246552   52.726334    1.318924   -0.000000   -0.000000    0.657111
 12   34.830017  -24.891926   45.588623   -0.933000   -0.574887   -0.381033
 13   34.885788   27.636602   43.767822    0.932996   -0.574885    0.381039
 14   29.239323  -51.573360   94.292961   -0.108894   -0.916389   -0.347386
 15   42.375076   -0.000011    0.000004    0.072009    0.349466    0.347544
 16   42.546082    0.000031    0.000008   -0.050582    0.018014    0.011806
 17   42.234467    0.000023   -0.000008   -0.064265   -0.126625   -0.165073
 18   42.464996    0.000015    0.000015   -0.034593   -0.319582   -0.486445
 19   42.458099   -0.000092   -0.000015   -0.010168   -0.196936   -0.430679
 20   42.267944   -0.000015   -0.000015    0.165007   -0.236165   -0.763967
 21   42.505974    0.000000   -0.000015    0.146691   -0.175165   -0.399159
 22   42.233162    0.000000   -0.000031   -0.035622    0.119392    0.122784
 23   42.352280    0.000061   -0.000046   -0.077669    0.397464    0.578770
 24   42.391815   -0.000061   -0.000015   -0.051142    0.169697    0.337490
 25   42.497589    0.000015   -0.000016   -0.021601    0.077212    0.182313
 26   42.272827    0.000031   -0.000042   -0.010491    0.043723    0.111488
 27   29.239330   55.382637   92.214920    0.726681   -0.123206    1.562742
 28   42.375053   -0.000015   -0.000008    0.411197   -0.226354   -0.196463
 29   42.546074   -0.000023    0.000046    0.371747   -0.258294   -0.204092
 30   42.234467    0.000008    0.000019   -0.011671   -0.061098    0.125893
 31   42.465042   -0.000061    0.000027   -0.146623    0.186469    0.681631
 32   42.458099    0.000038    0.000008    0.027800    0.014164    0.448215
 33   42.267929    0.000046    0.000023    0.183154    0.100889    0.504326
 34   42.506042    0.000122   -0.000008    0.511409    0.227765    0.652621
 35   42.233101   -0.000122    0.000000   -0.191408   -0.194063   -0.177778
 36   42.352226   -0.000122    0.000015   -0.228588   -0.375975   -0.600021
 37   42.391724    0.000076   -0.000010   -0.038619   -0.064160   -0.233377
 38   42.497620    0.000069    0.000025   -0.010727   -0.030143   -0.132083
 39   42.272583    0.000130    0.000015   -0.001917   -0.016676   -0.077426
 40   29.239342  106.746658    1.740822   -0.004481    0.096741    1.651485
 41   42.375038    0.000000    0.000000    0.053435    0.094189   -0.583316
 42   42.546112   -0.000015    0.000004    0.079520    0.039642   -0.475013
 43   42.234497   -0.000023   -0.000008   -0.029655    0.002047    0.154170
 44   42.465073    0.000023    0.000004   -0.116102   -0.016340    0.643461
 45   42.458038   -0.000015   -0.000008   -0.045778   -0.042398    0.333860
 46   42.267914    0.000031    0.000002   -0.051970   -0.076830    0.604945
 47   42.505905    0.000000    0.000010   -0.000830   -0.100760    0.691866
 48   42.233185   -0.000061   -0.000011    0.001275   -0.007206    0.012926
 49   42.352295    0.000031    0.000002   -0.054135    0.041681   -0.533099
 50   42.391617    0.000061   -0.000000   -0.029664    0.069217   -0.599822
 51   42.497528    0.000031   -0.000013    0.006929    0.036685   -0.293743
 52   42.272705    0.000002    0.000000    0.008973    0.017449   -0.153377
 53   29.239338   50.706905  -91.389099   -0.226967    1.153154    1.954886
 54   42.375092   -0.000008   -0.000013   -0.030503    0.075965   -0.184400
 55   42.546066    0.000023    0.000015   -0.032349    0.117990   -0.260259
 56   42.234528   -0.000038   -0.000021   -0.052574    0.172808   -0.346115
 57   42.464996    0.000023    0.000008   -0.018128   -0.077183    0.077378
 58   42.458069    0.000015   -0.000019   -0.166905   -0.439430    0.671253
 59   42.267960   -0.000076    0.000023   -0.065198   -0.261154    0.336992
 60   42.505829    0.000153    0.000000   -0.045914   -0.248432    0.303662
 61   42.233215   -0.000061   -0.000015   -0.012686   -0.167718    0.197988
 62   42.352249    0.000000    0.000015   -0.060489    0.338503   -0.425196
 63   42.391693    0.000031   -0.000015   -0.035526    0.231692   -0.287937
 64   42.497559    0.000053   -0.000023   -0.010653    0.116308   -0.140579
 65   42.272736    0.000002    0.000029   -0.004308    0.052787   -0.063093
 66   29.239323  -56.044861  -91.389053   -0.928299    1.304384   -1.489420
 67   42.375114   -0.000004   -0.000015    0.032770   -0.178530    0.071503
 68   42.546112    0.000000    0.000019   -0.015839   -0.239947    0.121294
 69   42.234451    0.000023    0.000000   -0.034274   -0.281116    0.161962
 70   42.465027   -0.000046   -0.000004    0.021663    0.099041   -0.139828
 71   42.458160    0.000023   -0.000019   -0.129951    0.498177   -0.624923
 72   42.267975   -0.000061    0.000008   -0.042213    0.242629   -0.313244
 73   42.505951    0.000076    0.000031   -0.076186    0.253197   -0.325522
 74   42.233131    0.000031   -0.000015   -0.040832    0.134242   -0.156250
 75   42.352142   -0.000061    0.000031   -0.029755   -0.370082    0.434377
 76   42.391846    0.000031    0.000015   -0.007305   -0.215611    0.267503
 77   42.497528    0.000023    0.000015   -0.001887   -0.109055    0.138615
 78   42.272705    0.000008    0.000027    0.000718   -0.047082    0.060196
 79   29.239315 -106.786324    1.740894    0.004307    0.169037   -1.112225
 80   42.375076   -0.000006   -0.000008   -0.060883    0.025442    0.365200
 81   42.546051    0.000000   -0.000004   -0.060334    0.004887    0.336307
 82   42.234497   -0.000038   -0.000008    0.027236    0.001695   -0.154443
 83   42.465057   -0.000031   -0.000004    0.104024   -0.004706   -0.625683
 84   42.458069   -0.000015    0.000004    0.046797   -0.035989   -0.339369
 85   42.268021    0.000000   -0.000011    0.055528   -0.070260   -0.600688
 86   42.505951    0.000000    0.000019    0.008984   -0.098574   -0.706283
 87   42.233055    0.000031   -0.000007   -0.001501   -0.008037   -0.017184
 88   42.352325   -0.000031    0.000009    0.048331    0.040805    0.530095
 89   42.391693    0.000031   -0.000004    0.025168    0.065929    0.605546
 90   42.497620    0.000000   -0.000023   -0.008001    0.033516    0.293607
 91   42.272552   -0.000005    0.000006   -0.009114    0.015846    0.154872
time 32
  0    0.000000    0.000000    0.000000    0.000000   -0.000000    0.000000
  1    0.000000    0.000000    0.000000    0.000000   -0.000000    0.000000
  2    0.000000  -34.102440   14.212975    2.379475   -1.436565   -0.808763
  3   50.309219   -0.435478    0.000008   -0.096566   -0.420698    0.064254
  4   30.891548   -0.000010   -0.000002   -0.073484   -0.329008    0.055064
  5   34.635605    0.000008    0.000000   -0.050111   -0.148020    0.072553
  6   30.584274    0.000019   -0.000004   -0.047457   -0.344284    0.089962
  7   31.520187    0.000010   -0.000008   -0.001801   -0.235860    0.002664
  8   34.241196  -27.603931  -41.285599    0.917255    0.604636   -0.391826
  9   34.241135   23.110184  -41.285675   -0.917955    0.603415    0.390642
 10   35.246704  -51.799797    1.300461   -0.000000   -0.000000   -0.686200
 11   35.246567   51.980442    1.300247   -0.000000   -0.000000    0.686845
 12   34.830017  -24.539791   44.943703   -0.920035   -0.599785   -0.403993
 13   34.885803   27.245638   43.148674    0.921064   -0.597940    0.402227
 14   29.239319  -51.573334   94.292969   -0.094986   -0.900490   -0.363628
 15   42.375061    0.000004    0.000021    0.064294    0.343826    0.350725
 16   42.546082    0.000023    0.000008   -0.051369    0.015167    0.010843
 17   42.234436    0.000008    0.000023   -0.063115   -0.130232   -0.165757
 18   42.464996    0.000027    0.000011   -0.032454   -0.328604   -0.486747
 19   42.458069   -0.000053   -0.000019   -0.011493   -0.201167   -0.430246
 20   42.267944    0.000031    0.000000    0.159014   -0.235163   -0.760660
 21   42.505875    0.000031   -0.000015    0.141660   -0.171345   -0.394280
 22   42.233189   -0.000061    0.000015   -0.036303    0.123540    0.128153
 23   42.352249    0.000000    0.000000   -0.073958    0.397431    0.583857
 24   42.391693    0.000000   -0.000038   -0.049036    0.167092    0.332117
 25   42.497498    0.000031   -0.000003   -0.020833    0.076872    0.180180
 26   42.272827    0.000080   -0.000034   -0.010142    0.043413    0.109561
 27   29.239346   55.382633   92.214989    0.723774   -0.120075    1.565935
 28   42.375061   -0.000004   -0.000008    0.415868   -0.229047   -0.197583
 29   42.546097   -0.000015    0.000027    0.372407   -0.261306   -0.202810
 30   42.234497    0.000053    0.000019   -0.013199   -0.060006    0.128302
 31   42.465042   -0.000061    0.000011   -0.144825    0.188475    0.681258
 32   42.458099    0.000053    0.000008    0.028231    0.015644    0.445827
 33   42.267975    0.000031   -0.000015    0.184564    0.101803    0.507392
 34   42.506058    0.000031    0.000000    0.509420    0.227788    0.649033
 35   42.233112   -0.000031    0.000015   -0.195275   -0.199021   -0.181763
 36   42.352249   -0.000153   -0.000015   -0.226918   -0.373606   -0.599355
 37   42.391754    0.000076   -0.000031   -0.038006   -0.063762   -0.231838
 38   42.497681    0.000076   -0.000004   -0.010549   -0.030110   -0.131487
 39   42.272614    0.000153   -0.000023   -0.001842   -0.016629   -0.076858
 40   29.239365  106.746628    1.740841   -0.004616    0.095486    1.661119
 41   42.375084   -0.000004   -0.000004    0.052903    0.096296   -0.585552
 42   42.546112   -0.000004    0.000004    0.080831    0.041419   -0.480817
 43   42.234451    0.000008    0.000000   -0.029448    0.001988    0.151464
 44   42.465057   -0.000015   -0.000004   -0.117547   -0.016499    0.644779
 45   42.458115    0.000008   -0.000004   -0.046378   -0.043133    0.334988
 46   42.267929    0.000000    0.000002   -0.052258   -0.078375    0.604464
 47   42.505890   -0.000031    0.000009   -0.000209   -0.102352    0.690738
 48   42.233147    0.000000   -0.000013    0.001343   -0.007164    0.013309
 49   42.352280    0.000000    0.000004   -0.055091    0.042602   -0.530967
 50   42.391724    0.000031   -0.000002   -0.030353    0.070876   -0.599770
 51   42.497589    0.000031   -0.000010    0.007113    0.037684   -0.294312
 52   42.272705    0.000013    0.000004    0.009227    0.017922   -0.153696
 53   29.239338   50.706913  -91.389107   -0.211406    1.151393    1.972385
 54   42.375092   -0.000008    0.000013   -0.030348    0.075753   -0.184111
 55   42.546082    0.000031    0.000010   -0.032124    0.117833   -0.260519
 56   42.234558   -0.000042    0.000019   -0.052901    0.173810   -0.349230
 57   42.465027    0.000031    0.000000   -0.018044   -0.075942    0.075555
 58   42.458069    0.000053    0.000000   -0.164371   -0.436033    0.666329
 59   42.267899   -0.000092    0.000008   -0.065150   -0.260708    0.337133
 60   42.505890    0.000092   -0.000015   -0.047519   -0.252279    0.309426
 61   42.233124   -0.000122   -0.000031   -0.012760   -0.167397    0.197925
 62   42.352333   -0.000061   -0.000031   -0.060257    0.338261   -0.425474
 63   42.391785   -0.000015    0.000000   -0.035565    0.231968   -0.288854
 64   42.497589    0.000031    0.000008   -0.010675    0.116525   -0.141140
 65   42.272766    0.000002    0.000013   -0.004313    0.052899   -0.063359
 66   29.239323  -56.044876  -91.389023   -0.947628    1.305536   -1.509709
 67   42.375092    0.000010    0.000004    0.032366   -0.178383    0.071635
 68   42.546089   -0.000008    0.000023   -0.016428   -0.240322    0.121488
 69   42.234451    0.000008    0.000015   -0.035315   -0.283070    0.162960
 70   42.465027   -0.000038    0.000011    0.021806    0.098343   -0.139357
 71   42.458115    0.000015   -0.000008   -0.127084    0.495255   -0.619221
 72   42.267944   -0.000061    0.000015   -0.042204    0.242455   -0.313209
 73   42.505936    0.000061    0.000000   -0.078761    0.257429   -0.331617
 74   42.233170   -0.000015   -0.000061   -0.040770    0.133135   -0.154689
 75   42.352196   -0.000061   -0.000046   -0.029122   -0.370849    0.434582
 76   42.391846    0.000046   -0.000046   -0.007103   -0.215807    0.267724
 77   42.497620    0.000031    0.000008   -0.001878   -0.109284    0.138966
 78   42.272705   -0.000004   -0.000015    0.000710   -0.047145    0.060303
 79   29.239315 -106.786301    1.740902    0.004435    0.170397   -1.114423
 80   42.375099    0.000002    0.000004   -0.061602    0.025818    0.366590
 81   42.546051   -0.000027    0.000000   -0.061177    0.004992    0.338257
 82   42.234543    0.000000    0.000000    0.027240    0.001569   -0.153242
 83   42.465088    0.000000   -0.000004    0.104904   -0.004714   -0.626386
 84   42.458069   -0.000015    0.000004    0.047298   -0.036470   -0.340522
 85   42.267883   -0.000015    0.000004    0.055973   -0.071596   -0.602622
 86   42.505951   -0.000031    0.000011    0.008345   -0.099568   -0.703361
 87   42.233101    0.000061   -0.000009   -0.001422   -0.007864   -0.015965
 88   42.352306    0.000031    0.000008    0.049150    0.041686    0.530766
 89   42.391739    0.000031   -0.000006    0.025377    0.067044    0.604054
 90   42.497620   -0.000008   -0.000022   -0.008179    0.034118    0.293289
 91   42.272614    0.000001    0.000013   -0.009285    0.016119    0.154625
time 33
  0    0.000000    0.000000    0.000000    0.000000   -0.000000    0.000000
  1    0.000000    0.000000    0.000000    0.000000   -0.000000    0.000000
  2    0.000000  -34.270710   14.475698    2.379175   -1.434722   -0.808459
  3   50.309219   -0.435478    0.000004   -0.093682   -0.420744    0.062656
  4   30.891548   -0.000011    0.000000   -0.071131   -0.329018    0.052840
  5   34.635605    0.000007    0.000008   -0.048464   -0.148021    0.070202
  6   30.584290    0.000020    0.000000   -0.046081   -0.344285    0.087169
  7   31.520187    0.000000    0.000008   -0.001801   -0.235860    0.002664
  8   34.241211  -27.207844  -40.693176    0.905034    0.627730   -0.413314
  9   34.241135   22.778568  -40.693253   -0.906428    0.625286    0.410946
 10   35.246704  -51.056507    1.281815   -0.000000    0.000000   -0.715301
 11   35.246552   51.234550    1.281616   -0.000000    0.000000    0.716588
 12   34.830048  -24.187672   44.298813   -0.907068   -0.624686   -0.426955
 13   34.885803   26.854675   42.529533    0.909129   -0.620999    0.423420
 14   29.239319  -51.573349   94.293007   -0.072693   -0.876957   -0.390681
 15   42.375122   -0.000010    0.000017    0.052365    0.334950    0.356309
 16   42.546066    0.000038    0.000000   -0.052236    0.011582    0.010231
 17   42.234467    0.000046   -0.000015   -0.061096   -0.134885   -0.165527
 18   42.465042    0.000011    0.000004   -0.029072   -0.342886   -0.487234
 19   42.458038   -0.000069   -0.000008   -0.013707   -0.208026   -0.429042
 20   42.267975    0.000031   -0.000038    0.148774   -0.233662   -0.753619
 21   42.505875   -0.000031    0.000000    0.135081   -0.166873   -0.389978
 22   42.233143    0.000031   -0.000015   -0.036742    0.128988    0.135226
 23   42.352257    0.000031    0.000000   -0.067903    0.397339    0.590366
 24   42.391724   -0.000031   -0.000027   -0.045919    0.164181    0.324930
 25   42.497528    0.000023   -0.000005   -0.019696    0.076673    0.177148
 26   42.272858    0.000092   -0.000004   -0.009642    0.043157    0.106893
 27   29.239330   55.382622   92.215004    0.722643   -0.117076    1.567850
 28   42.375061    0.000004   -0.000008    0.419962   -0.232716   -0.198004
 29   42.546112   -0.000031    0.000004    0.371622   -0.265006   -0.200603
 30   42.234482    0.000061    0.000031   -0.015416   -0.058072    0.131609
 31   42.465027   -0.000046    0.000008   -0.141901    0.191608    0.680540
 32   42.458099    0.000038    0.000023    0.028916    0.018084    0.442228
 33   42.267944    0.000000    0.000031    0.186627    0.103318    0.512046
 34   42.506088    0.000092    0.000038    0.505604    0.227903    0.643522
 35   42.233135   -0.000031    0.000061   -0.200762   -0.206607   -0.188000
 36   42.352234   -0.000061   -0.000015   -0.223959   -0.369857   -0.598211
 37   42.391815    0.000092    0.000011   -0.037074   -0.063256   -0.229532
 38   42.497681    0.000053    0.000006   -0.010280   -0.030105   -0.130558
 39   42.272705    0.000175    0.000008   -0.001731   -0.016579   -0.075977
 40   29.239346  106.746643    1.740856   -0.004751    0.094257    1.670489
 41   42.375046   -0.000008    0.000000    0.052354    0.098292   -0.587473
 42   42.546127   -0.000015    0.000004    0.082123    0.043201   -0.486674
 43   42.234482   -0.000008    0.000000   -0.029193    0.001922    0.148629
 44   42.465088    0.000031   -0.000004   -0.118951   -0.016637    0.646104
 45   42.458099   -0.000015    0.000004   -0.046975   -0.043860    0.336170
 46   42.267883    0.000015    0.000008   -0.052521   -0.079893    0.603923
 47   42.505829    0.000000    0.000005    0.000411   -0.103916    0.689655
 48   42.233154    0.000061   -0.000012    0.001417   -0.007123    0.013731
 49   42.352272    0.000000   -0.000000   -0.056019    0.043503   -0.528748
 50   42.391708    0.000031   -0.000004   -0.031048    0.072522   -0.599739
 51   42.497620   -0.000008   -0.000011    0.007293    0.038686   -0.294908
 52   42.272736    0.000001    0.000000    0.009481    0.018397   -0.154036
 53   29.239326   50.706913  -91.389053   -0.196409    1.149539    1.989266
 54   42.375084   -0.000015   -0.000010   -0.030204    0.075557   -0.183836
 55   42.546066    0.000019    0.000010   -0.031913    0.117694   -0.260778
 56   42.234528   -0.000038   -0.000004   -0.053218    0.174768   -0.352219
 57   42.465012    0.000031    0.000008   -0.017966   -0.074740    0.073796
 58   42.458038   -0.000008   -0.000008   -0.161845   -0.432617    0.661354
 59   42.268005   -0.000092    0.000000   -0.065096   -0.260256    0.337255
 60   42.505844    0.000076    0.000000   -0.049183   -0.256201    0.315324
 61   42.233154   -0.000061    0.000000   -0.012830   -0.167072    0.197850
 62   42.352226   -0.000031    0.000000   -0.060006    0.337978   -0.425678
 63   42.391693    0.000031   -0.000046   -0.035623    0.232315   -0.289856
 64   42.497528    0.000023   -0.000015   -0.010701    0.116773   -0.141736
 65   42.272705   -0.000042   -0.000019   -0.004322    0.053029   -0.063650
 66   29.239311  -56.044865  -91.389069   -0.966561    1.306517   -1.529572
 67   42.375092   -0.000010   -0.000004    0.031975   -0.178250    0.071774
 68   42.546127   -0.000004    0.000031   -0.017002   -0.240699    0.121701
 69   42.234497    0.000034    0.000011   -0.036314   -0.284918    0.163902
 70   42.465042   -0.000023    0.000034    0.021941    0.097701   -0.138919
 71   42.458099    0.000038    0.000015   -0.124208    0.492265   -0.613474
 72   42.267883   -0.000061    0.000023   -0.042190    0.242300   -0.313197
 73   42.505966    0.000061    0.000000   -0.081408    0.261724   -0.337843
 74   42.233124    0.000000   -0.000046   -0.040697    0.132023   -0.153125
 75   42.352142   -0.000061    0.000015   -0.028481   -0.371568    0.434726
 76   42.391785    0.000000   -0.000015   -0.006916   -0.216074    0.268034
 77   42.497498    0.000038   -0.000008   -0.001870   -0.109542    0.139353
 78   42.272644    0.000015    0.000021    0.000700   -0.047225    0.060437
 79   29.239311 -106.786293    1.740910    0.004562    0.171657   -1.116559
 80   42.375107    0.000010   -0.000008   -0.062269    0.026220    0.367855
 81   42.546021   -0.000011    0.000008   -0.062009    0.005137    0.340235
 82   42.234497   -0.000015   -0.000008    0.027218    0.001437   -0.151931
 83   42.465057    0.000000    0.000000    0.105772   -0.004736   -0.627103
 84   42.458099   -0.000023    0.000000    0.047796   -0.036959   -0.341733
 85   42.267975   -0.000015   -0.000006    0.056392   -0.072915   -0.604525
 86   42.506012    0.000031    0.000016    0.007697   -0.100518   -0.700455
 87   42.233063    0.000031   -0.000015   -0.001342   -0.007688   -0.014777
 88   42.352299    0.000061    0.000004    0.049953    0.042554    0.531378
 89   42.391708    0.000031   -0.000004    0.025581    0.068139    0.602584
 90   42.497559    0.000008   -0.000026   -0.008353    0.034712    0.292987
 91   42.272552   -0.000014    0.000025   -0.009452    0.016388    0.154387
time 34
  0    0.000000    0.000000    0.000000    0.000000   -0.000000    0.000000
  1    0.000000    0.000000    0.000000    0.000000   -0.000000    0.000000
  2    0.000000  -34.426960   14.728216    2.378874   -1.432914   -0.808156
  3   50.309212   -0.435479    0.000004   -0.089791   -0.420806    0.060499
  4   30.891541   -0.000011   -0.000004   -0.067956   -0.329031    0.049839
  5   34.635590    0.000009   -0.000004   -0.046242   -0.148022    0.067030
  6   30.584290    0.000019   -0.000004   -0.044225   -0.344288    0.083400
  7   31.520187   -0.000002    0.000000   -0.001801   -0.235860    0.002664
  8   34.241196  -27.603928  -41.285568    0.917255    0.604636   -0.391826
  9   34.241119   23.110182  -41.285675   -0.917955    0.603415    0.390642
 10   35.246689  -51.799789    1.300491   -0.000000   -0.000000   -0.686200
 11   35.246536   51.980427    1.300278   -0.000000   -0.000000    0.686845
 12   34.830017  -24.539791   44.943703   -0.920035   -0.599785   -0.403993
 13   34.885773   27.245630   43.148666    0.921064   -0.597940    0.402228
 14   29.239326  -51.573334   94.292953   -0.044181   -0.845979   -0.426650
 15   42.375076    0.000013    0.000019    0.036657    0.322374    0.364613
 16   42.546127    0.000023    0.000008   -0.053065    0.007509    0.010135
 17   42.234497    0.000015    0.000015   -0.058310   -0.139995   -0.164191
 18   42.464996    0.000023    0.000000   -0.024572   -0.361442   -0.488172
 19   42.458160   -0.000061    0.000011   -0.016711   -0.217003   -0.426965
 20   42.267960    0.000031   -0.000008    0.134873   -0.231639   -0.742594
 21   42.505859    0.000092   -0.000015    0.127596   -0.162404   -0.387209
 22   42.233150   -0.000031    0.000015   -0.036668    0.135244    0.143499
 23   42.352295    0.000031    0.000031   -0.059670    0.397051    0.597461
 24   42.391815   -0.000046    0.000004   -0.042040    0.161378    0.316588
 25   42.497559    0.000023   -0.000001   -0.018274    0.076678    0.173450
 26   42.272766    0.000107   -0.000023   -0.009028    0.042998    0.103707
 27   29.239334   55.382626   92.214928    0.723274   -0.114207    1.568518
 28   42.375053    0.000008    0.000008    0.423460   -0.237346   -0.197721
 29   42.546120   -0.000008    0.000023    0.369390   -0.269327   -0.197460
 30   42.234451    0.000046   -0.000004   -0.018232   -0.055292    0.135737
 31   42.465042   -0.000053    0.000023   -0.137919    0.195816    0.679421
 32   42.458069    0.000023    0.000008    0.029811    0.021398    0.437555
 33   42.267868   -0.000031   -0.000038    0.189303    0.105405    0.518172
 34   42.506073    0.000061   -0.000023    0.499985    0.228059    0.636130
 35   42.233112    0.000000    0.000015   -0.207661   -0.216699   -0.196404
 36   42.352303   -0.000092   -0.000015   -0.219773   -0.364705   -0.596370
 37   42.391754    0.000061    0.000000   -0.035877   -0.062693   -0.226609
 38   42.497681    0.000076   -0.000011   -0.009930   -0.030125   -0.129319
 39   42.272705    0.000153   -0.000015   -0.001590   -0.016529   -0.074807
 40   29.239349  106.746628    1.740837   -0.004885    0.093054    1.679589
 41   42.375076    0.000008   -0.000011    0.051792    0.100177   -0.589097
 42   42.546112    0.000031   -0.000004    0.083392    0.044986   -0.492557
 43   42.234467    0.000008   -0.000004   -0.028893    0.001851    0.145678
 44   42.465057   -0.000015    0.000000   -0.120315   -0.016755    0.647429
 45   42.458069   -0.000015   -0.000011   -0.047568   -0.044581    0.337405
 46   42.267960    0.000015   -0.000004   -0.052759   -0.081386    0.603346
 47   42.505905    0.000000    0.000010    0.001032   -0.105451    0.688594
 48   42.233109    0.000031   -0.000008    0.001497   -0.007083    0.014192
 49   42.352283    0.000000    0.000008   -0.056917    0.044382   -0.526436
 50   42.391678   -0.000031   -0.000001   -0.031749    0.074154   -0.599740
 51   42.497650    0.000046   -0.000010    0.007469    0.039691   -0.295531
 52   42.272736   -0.000020    0.000000    0.009734    0.018875   -0.154398
 53   29.239342   50.706917  -91.389099   -0.181955    1.147599    2.005554
 54   42.375099   -0.000004   -0.000002   -0.030070    0.075377   -0.183576
 55   42.546066    0.000034    0.000006   -0.031716    0.117572   -0.261033
 56   42.234543   -0.000004    0.000002   -0.053527    0.175685   -0.355091
 57   42.464996    0.000046    0.000008   -0.017893   -0.073560    0.072079
 58   42.458054    0.000015    0.000004   -0.159334   -0.429186    0.656337
 59   42.267929   -0.000061    0.000008   -0.065039   -0.259812    0.337375
 60   42.505905    0.000061    0.000031   -0.050901   -0.260179    0.321340
 61   42.233139   -0.000046    0.000000   -0.012901   -0.166764    0.197792
 62   42.352180    0.000000   -0.000015   -0.059732    0.337642   -0.425795
 63   42.391724    0.000031    0.000031   -0.035702    0.232740   -0.290954
 64   42.497559    0.000046    0.000015   -0.010732    0.117056   -0.142375
 65   42.272675    0.000053    0.000021   -0.004327    0.053181   -0.063963
 66   29.239323  -56.044857  -91.388992   -0.985099    1.307342   -1.549009
 67   42.375107   -0.000006    0.000008    0.031595   -0.178133    0.071923
 68   42.546120   -0.000008    0.000023   -0.017560   -0.241070    0.121925
 69   42.234467    0.000046    0.000008   -0.037278   -0.286675    0.164800
 70   42.464996   -0.000038    0.000034    0.022071    0.097087   -0.138488
 71   42.458069    0.000015    0.000034   -0.121323    0.489221   -0.607689
 72   42.267914   -0.000076    0.000015   -0.042177    0.242182   -0.313236
 73   42.505997    0.000061    0.000000   -0.084123    0.266065   -0.344175
 74   42.233124    0.000000    0.000000   -0.040624    0.130929   -0.151585
 75   42.352219   -0.000061    0.000015   -0.027826   -0.372236    0.434800
 76   42.391754   -0.000046   -0.000015   -0.006742   -0.216421    0.268442
 77   42.497559   -0.000031    0.000008   -0.001868   -0.109834    0.139783
 78   42.272736   -0.000072    0.000008    0.000689   -0.047326    0.060596
 79   29.239315 -106.786263    1.740902    0.004687    0.172828   -1.118620
 80   42.375084   -0.000011    0.000004   -0.062885    0.026644    0.368995
 81   42.546036    0.000008   -0.000004   -0.062831    0.005315    0.342231
 82   42.234497   -0.000046   -0.000008    0.027172    0.001302   -0.150523
 83   42.465088   -0.000015   -0.000004    0.106627   -0.004770   -0.627823
 84   42.458038    0.000008    0.000000    0.048292   -0.037454   -0.342993
 85   42.267853    0.000015   -0.000015    0.056785   -0.074216   -0.606387
 86   42.505875    0.000000    0.000014    0.007043   -0.101428   -0.697581
 87   42.233017   -0.000061   -0.000005   -0.001261   -0.007510   -0.013633
 88   42.352306   -0.000031    0.000009    0.050735    0.043405    0.531887
 89   42.391693    0.000031   -0.000017    0.025785    0.069215    0.601159
 90   42.497528    0.000008   -0.000022   -0.008524    0.035301    0.292712
 91   42.272552    0.000030    0.000006   -0.009617    0.016655    0.154172
time 35
  0    0.000000    0.000000    0.000000    0.000000   -0.000000    0.000000
  1    0.000000    0.000000    0.000000    0.000000   -0.000000    0.000000
  2    0.000000  -34.571644   14.970577    2.378573   -1.431137   -0.807852
  3   50.309212   -0.435479    0.000000   -0.084976   -0.420882    0.057831
  4   30.891541   -0.000010    0.000006   -0.064028   -0.329047    0.046125
  5   34.635590    0.000006    0.000004   -0.043493   -0.148024    0.063104
  6   30.584274    0.000019    0.000015   -0.041928   -0.344292    0.078736
  7   31.520187   -0.000002    0.000008   -0.001801   -0.235860    0.002664
  8   34.241196  -28.000027  -41.877991    0.929474    0.581547   -0.370341
  9   34.241119   23.441807  -41.878067   -0.929479    0.581550    0.370341
 10   35.246704  -52.543083    1.319153   -0.000000   -0.000000   -0.657108
 11   35.246536   52.726318    1.318939   -0.000000   -0.000000    0.657111
 12   34.830048  -24.891926   45.588600   -0.933001   -0.574887   -0.381033
 13   34.885803   27.636591   43.767815    0.932996   -0.574885    0.381039
 14   29.239332  -51.573360   94.293022   -0.011701   -0.807815   -0.469609
 15   42.375076   -0.000004    0.000000    0.017655    0.305738    0.376019
 16   42.546082    0.000023   -0.000008   -0.053762    0.003236    0.010734
 17   42.234512    0.000000    0.000023   -0.054890   -0.144864   -0.161515
 18   42.465027    0.000019   -0.000011   -0.019016   -0.383202   -0.489793
 19   42.458130   -0.000092   -0.000027   -0.020346   -0.227741   -0.423959
 20   42.267975    0.000000   -0.000046    0.117928   -0.229079   -0.727236
 21   42.505913    0.000031   -0.000046    0.119788   -0.158665   -0.387085
 22   42.233147   -0.000031   -0.000046   -0.035769    0.141640    0.152194
 23   42.352272    0.000061   -0.000046   -0.049445    0.396570    0.604380
 24   42.391754   -0.000076   -0.000061   -0.037637    0.159132    0.307844
 25   42.497559    0.000000   -0.000025   -0.016654    0.076970    0.169352
 26   42.272888    0.000002   -0.000069   -0.008341    0.042999    0.100266
 27   29.239344   55.382614   92.214973    0.725654   -0.111465    1.567962
 28   42.375061    0.000008    0.000000    0.426333   -0.242915   -0.196725
 29   42.546097   -0.000015    0.000023    0.365703   -0.274181   -0.193352
 30   42.234497    0.000069    0.000023   -0.021535   -0.051659    0.140598
 31   42.464996   -0.000015    0.000023   -0.132952    0.201049    0.677817
 32   42.458160    0.000031    0.000000    0.030865    0.025491    0.431962
 33   42.267914   -0.000015    0.000038    0.192535    0.108030    0.525647
 34   42.506058    0.000031    0.000031    0.492571    0.228177    0.626901
 35   42.233097   -0.000061    0.000031   -0.215705   -0.229142   -0.206888
 36   42.352234   -0.000061    0.000000   -0.214439   -0.358132   -0.593556
 37   42.391693    0.000031    0.000019   -0.034479   -0.062128   -0.223251
 38   42.497620   -0.000015    0.000004   -0.009509   -0.030172   -0.127800
 39   42.272644    0.000126    0.000015   -0.001423   -0.016476   -0.073378
 40   29.239355  106.746658    1.740833   -0.005019    0.091884    1.688423
 41   42.375069    0.000008   -0.000004    0.051224    0.101957   -0.590435
 42   42.546112    0.000000    0.000000    0.084637    0.046771   -0.498455
 43   42.234467   -0.000015    0.000004   -0.028554    0.001775    0.142631
 44   42.465073   -0.000008   -0.000008   -0.121639   -0.016858    0.648745
 45   42.458054    0.000000   -0.000011   -0.048157   -0.045295    0.338686
 46   42.267883   -0.000015   -0.000006   -0.052974   -0.082854    0.602728
 47   42.505905    0.000031    0.000008    0.001653   -0.106959    0.687563
 48   42.233131    0.000031   -0.000010    0.001582   -0.007045    0.014683
 49   42.352242    0.000031    0.000004   -0.057786    0.045239   -0.524057
 50   42.391693    0.000031   -0.000003   -0.032456    0.075770   -0.599763
 51   42.497620    0.000023   -0.000010    0.007639    0.040697   -0.296177
 52   42.272736    0.000004    0.000004    0.009987    0.019353   -0.154772
 53   29.239325   50.706905  -91.389145   -0.168017    1.145584    2.021277
 54   42.375092   -0.000008   -0.000002   -0.029947    0.075214   -0.183335
 55   42.546066    0.000038    0.000013   -0.031531    0.117468   -0.261292
 56   42.234558   -0.000046    0.000000   -0.053828    0.176564   -0.357849
 57   42.464996    0.000061    0.000019   -0.017826   -0.072405    0.070409
 58   42.458099    0.000023    0.000004   -0.156837   -0.425742    0.651282
 59   42.267990   -0.000092    0.000000   -0.064980   -0.259375    0.337496
 60   42.505936    0.000092    0.000000   -0.052673   -0.264207    0.327465
 61   42.233177   -0.000076   -0.000046   -0.012977   -0.166479    0.197753
 62   42.352264   -0.000031   -0.000031   -0.059430    0.337249   -0.425815
 63   42.391754    0.000046   -0.000046   -0.035801    0.233244   -0.292154
 64   42.497650    0.000023    0.000008   -0.010768    0.117373   -0.143054
 65   42.272705    0.000044    0.000011   -0.004338    0.053358   -0.064310
 66   29.239309  -56.044880  -91.389076   -1.003227    1.308016   -1.568005
 67   42.375107    0.000013    0.000004    0.031223   -0.178036    0.072085
 68   42.546104    0.000008    0.000023   -0.018107   -0.241447    0.122169
 69   42.234467    0.000015   -0.000011   -0.038205   -0.288333    0.165646
 70   42.464996   -0.000046    0.000042    0.022197    0.096519   -0.138082
 71   42.458084   -0.000015    0.000008   -0.118437    0.486121   -0.601872
 72   42.267899   -0.000076   -0.000008   -0.042164    0.242094   -0.313318
 73   42.505997    0.000031    0.000015   -0.086907    0.270450   -0.350615
 74   42.233131    0.000061   -0.000031   -0.040546    0.129846   -0.150061
 75   42.352188    0.000000   -0.000015   -0.027156   -0.372854    0.434802
 76   42.391815   -0.000031   -0.000046   -0.006580   -0.216846    0.268948
 77   42.497498    0.000015    0.000000   -0.001867   -0.110157    0.140250
 78   42.272644    0.000019   -0.000008    0.000676   -0.047446    0.060785
 79   29.239313 -106.786278    1.740910    0.004813    0.173911   -1.120595
 80   42.375076    0.000006    0.000000   -0.063451    0.027087    0.370009
 81   42.546036   -0.000023    0.000008   -0.063641    0.005528    0.344232
 82   42.234512   -0.000031   -0.000015    0.027102    0.001162   -0.149022
 83   42.465088   -0.000008    0.000000    0.107472   -0.004817   -0.628547
 84   42.458084   -0.000015    0.000011    0.048785   -0.037956   -0.344296
 85   42.267929   -0.000031    0.000002    0.057154   -0.075502   -0.608215
 86   42.505981   -0.000031    0.000021    0.006383   -0.102300   -0.694736
 87   42.233063   -0.000031   -0.000010   -0.001180   -0.007330   -0.012520
 88   42.352306    0.000061   -0.000003    0.051501    0.044242    0.532335
 89   42.391739   -0.000031   -0.000004    0.025986    0.070271    0.599758
 90   42.497528    0.000000   -0.000023   -0.008689    0.035884    0.292452
 91   42.272461    0.000002    0.000029   -0.009778    0.016921    0.153970
time 36
  0    0.000000    0.000000    0.000000    0.000000   -0.000000    0.000000
  1    0.000000    0.000000    0.000000    0.000000   -0.000000    0.000000
  2    0.000000  -34.705204   15.202832    2.378272   -1.429388   -0.807550
  3   50.309212   -0.435479    0.000008   -0.079321   -0.420972    0.054697
  4   30.891541   -0.000010    0.000008   -0.059414   -0.329067    0.041764
  5   34.635605    0.000005    0.000011   -0.040263   -0.148028    0.058493
  6   30.584290    0.000017    0.000008   -0.039230   -0.344298    0.073259
  7   31.520187    0.000004    0.000015   -0.001801   -0.235860    0.002664
  8   34.241196  -27.603937  -41.285568    0.917255    0.604636   -0.391826
  9   34.241119   23.110184  -41.285675   -0.917955    0.603415    0.390642
 10   35.246719  -51.799789    1.300476   -0.000000   -0.000000   -0.686200
 11   35.246552   51.980431    1.300247   -0.000000    0.000000    0.686845
 12   34.830048  -24.539797   44.943687   -0.920035   -0.599785   -0.403993
 13   34.885803   27.245634   43.148659    0.921064   -0.597940    0.402227
 14   29.239321  -51.573349   94.293015    0.022676   -0.762863   -0.517823
 15   42.375076   -0.000006    0.000011   -0.004137    0.284862    0.390974
 16   42.546051    0.000031    0.000008   -0.054276   -0.000962    0.012189
 17   42.234467    0.000015   -0.000015   -0.051008   -0.148701   -0.157227
 18   42.465027    0.000027    0.000015   -0.012405   -0.406965   -0.492271
 19   42.458069   -0.000084    0.000008   -0.024354   -0.240113   -0.420167
 20   42.267960    0.000000   -0.000023    0.098669   -0.226013   -0.707184
 21   42.505913    0.000000   -0.000015    0.112063   -0.156385   -0.390618
 22   42.233181    0.000000   -0.000046   -0.033764    0.147410    0.160334
 23   42.352295    0.000031   -0.000015   -0.037400    0.396081    0.610653
 24   42.391754   -0.000031   -0.000011   -0.032900    0.157822    0.299403
 25   42.497559    0.000038    0.000040   -0.014900    0.077629    0.165095
 26   42.272858    0.000065   -0.000027   -0.007614    0.043223    0.096811
 27   29.239336   55.382648   92.214966    0.729781   -0.108852    1.566200
 28   42.375061   -0.000008   -0.000015    0.428532   -0.249401   -0.194989
 29   42.546112   -0.000023    0.000004    0.360562   -0.279479   -0.188257
 30   42.234467    0.000076    0.000008   -0.025209   -0.047154    0.146109
 31   42.464996   -0.000053    0.000008   -0.127072    0.207265    0.675648
 32   42.458069    0.000038    0.000008    0.032021    0.030263    0.425597
 33   42.267883   -0.000031    0.000015    0.196250    0.111159    0.534313
 34   42.506073    0.000061    0.000015    0.483387    0.228168    0.615904
 35   42.233116   -0.000031    0.000031   -0.224558   -0.243742   -0.219336
 36   42.352272   -0.000153    0.000031   -0.208063   -0.350163   -0.589478
 37   42.391754    0.000122    0.000005   -0.032947   -0.061627   -0.219664
 38   42.497650    0.000038    0.000006   -0.009028   -0.030249   -0.126037
 39   42.272644    0.000134    0.000008   -0.001234   -0.016421   -0.071723
 40   29.239351  106.746613    1.740841   -0.005151    0.090745    1.696996
 41   42.375076   -0.000008   -0.000004    0.050649    0.103632   -0.591503
 42   42.546097   -0.000008    0.000000    0.085856    0.048554   -0.504353
 43   42.234467    0.000000   -0.000011   -0.028176    0.001696    0.139498
 44   42.465073   -0.000015   -0.000011   -0.122925   -0.016945    0.650049
 45   42.458130    0.000038   -0.000008   -0.048740   -0.046003    0.340009
 46   42.267975    0.000061    0.000006   -0.053166   -0.084295    0.602082
 47   42.505920   -0.000031    0.000009    0.002275   -0.108436    0.686561
 48   42.233116   -0.000092   -0.000012    0.001671   -0.007008    0.015198
 49   42.352261   -0.000061    0.000001   -0.058626    0.046071   -0.521611
 50   42.391708    0.000061   -0.000005   -0.033170    0.077367   -0.599803
 51   42.497620    0.000000   -0.000013    0.007803    0.041702   -0.296843
 52   42.272797    0.000012    0.000000    0.010238    0.019834   -0.155166
 53   29.239332   50.706909  -91.389099   -0.154569    1.143496    2.036463
 54   42.375114   -0.000008    0.000000   -0.029833    0.075068   -0.183112
 55   42.546097    0.000027    0.000015   -0.031361    0.117385   -0.261553
 56   42.234528   -0.000023    0.000002   -0.054122    0.177409   -0.360505
 57   42.464981    0.000023    0.000000   -0.017762   -0.071262    0.068765
 58   42.458069    0.000000    0.000004   -0.154355   -0.422287    0.646197
 59   42.267960   -0.000069    0.000000   -0.064923   -0.258958    0.337634
 60   42.505905    0.000107   -0.000031   -0.054495   -0.268275    0.333688
 61   42.233200   -0.000092   -0.000031   -0.013060   -0.166226    0.197748
 62   42.352287    0.000031   -0.000092   -0.059098    0.336787   -0.425725
 63   42.391724    0.000046   -0.000015   -0.035926    0.233837   -0.293467
 64   42.497620    0.000069   -0.000008   -0.010806    0.117726   -0.143776
 65   42.272766    0.000029    0.000031   -0.004351    0.053560   -0.064684
 66   29.239313  -56.044865  -91.389069   -1.020949    1.308555   -1.586564
 67   42.375099   -0.000004    0.000000    0.030857   -0.177960    0.072260
 68   42.546112   -0.000008    0.000023   -0.018645   -0.241831    0.122430
 69   42.234497    0.000027   -0.000011   -0.039097   -0.289902    0.166446
 70   42.465027   -0.000038   -0.000015    0.022319    0.095985   -0.137685
 71   42.458145    0.000061   -0.000004   -0.115553    0.482974   -0.596036
 72   42.267899   -0.000069   -0.000015   -0.042155    0.242046   -0.313452
 73   42.505920    0.000061    0.000031   -0.089755    0.274867   -0.357143
 74   42.233139   -0.000015   -0.000015   -0.040471    0.128788   -0.148572
 75   42.352196   -0.000031   -0.000015   -0.026470   -0.373419    0.434730
 76   42.391876    0.000015   -0.000031   -0.006433   -0.217354    0.269555
 77   42.497559    0.000061   -0.000015   -0.001872   -0.110512    0.140761
 78   42.272766    0.000004    0.000004    0.000663   -0.047591    0.060993
 79   29.239313 -106.786278    1.740917    0.004938    0.174919   -1.122473
 80   42.375076   -0.000006   -0.000011   -0.063971    0.027544    0.370898
 81   42.546051   -0.000038    0.000008   -0.064439    0.005772    0.346231
 82   42.234543   -0.000038   -0.000011    0.027011    0.001020   -0.147445
 83   42.465088   -0.000031   -0.000004    0.108304   -0.004878   -0.629266
 84   42.458069    0.000008   -0.000008    0.049276   -0.038463   -0.345638
 85   42.267899    0.000031   -0.000015    0.057499   -0.076771   -0.609995
 86   42.505936    0.000061    0.000012    0.005720   -0.103136   -0.691932
 87   42.233032    0.000031   -0.000002   -0.001098   -0.007150   -0.011446
 88   42.352322    0.000061    0.000001    0.052251    0.045063    0.532722
 89   42.391678    0.000000   -0.000002    0.026186    0.071309    0.598392
 90   42.497589   -0.000008   -0.000007   -0.008851    0.036459    0.292209
 91   42.272491    0.000010    0.000029   -0.009937    0.017183    0.153779
time 37
  0    0.000000    0.000000    0.000000    0.000000   -0.000000    0.000000
  1    0.000000    0.000000    0.000000    0.000000   -0.000000    0.000000
  2    0.000000  -34.828091   15.425029    2.377972   -1.427664   -0.807246
  3   50.309219   -0.435479    0.000008   -0.072910   -0.421073    0.051145
  4   30.891548   -0.000010    0.000004   -0.054183   -0.329089    0.036820
  5   34.635590    0.000005    0.000008   -0.036602   -0.148033    0.053266
  6   30.584290    0.000016    0.000004   -0.036172   -0.344307    0.067050
  7   31.520203   -0.000004    0.000000   -0.001801   -0.235860    0.002664
  8   34.241226  -27.207836  -40.693176    0.905034    0.627729   -0.413314
  9   34.241135   22.778568  -40.693268   -0.906428    0.625286    0.410946
 10   35.246735  -51.056515    1.281815   -0.000000   -0.000000   -0.715301
 11   35.246552   51.234539    1.281616   -0.000000   -0.000000    0.716588
 12   34.830048  -24.187672   44.298782   -0.907067   -0.624686   -0.426955
 13   34.885803   26.854675   42.529510    0.909129   -0.620999    0.423420
 14   29.239325  -51.573345   94.292999    0.057180   -0.711676   -0.569790
 15   42.375046    0.000008   -0.000011   -0.028258    0.259763    0.409856
 16   42.546097    0.000031    0.000000   -0.054612   -0.004841    0.014644
 17   42.234467    0.000031    0.000000   -0.046879   -0.150758   -0.151120
 18   42.464966    0.000008    0.000000   -0.004689   -0.431344   -0.495670
 19   42.458069   -0.000061    0.000008   -0.028364   -0.254227   -0.415996
 20   42.267944    0.000015    0.000015    0.077965   -0.222546   -0.682132
 21   42.505882   -0.000031   -0.000031    0.104596   -0.156242   -0.398519
 22   42.233154    0.000031   -0.000046   -0.030478    0.151755    0.166804
 23   42.352226   -0.000061    0.000000   -0.023657    0.395906    0.616140
 24   42.391785    0.000000   -0.000015   -0.027948    0.157748    0.291843
 25   42.497620    0.000031   -0.000013   -0.013066    0.078726    0.160907
 26   42.272797    0.000044   -0.000031   -0.006869    0.043737    0.093549
 27   29.239347   55.382633   92.215050    0.735638   -0.106366    1.563255
 28   42.375084    0.000000   -0.000023    0.429981   -0.256767   -0.192472
 29   42.546112   -0.000015    0.000004    0.353985   -0.285112   -0.182153
 30   42.234482    0.000046   -0.000004   -0.029103   -0.041785    0.152148
 31   42.465042   -0.000069   -0.000004   -0.120377    0.214421    0.672808
 32   42.458099    0.000000   -0.000008    0.033220    0.035617    0.418641
 33   42.267899   -0.000015    0.000008    0.200356    0.114751    0.544003
 34   42.505981    0.000061   -0.000015    0.472484    0.227937    0.603250
 35   42.233097   -0.000061    0.000015   -0.233862   -0.260289   -0.233643
 36   42.352295   -0.000061   -0.000031   -0.200753   -0.340861   -0.583873
 37   42.391724    0.000076    0.000004   -0.031343   -0.061244   -0.216039
 38   42.497620    0.000023   -0.000023   -0.008500   -0.030354   -0.124061
 39   42.272644    0.000153   -0.000004   -0.001028   -0.016365   -0.069877
 40   29.239355  106.746689    1.740833   -0.005285    0.089647    1.705306
 41   42.375053    0.000011    0.000000    0.050076    0.105208   -0.592314
 42   42.546127    0.000000   -0.000008    0.087049    0.050333   -0.510234
 43   42.234451    0.000000   -0.000011   -0.027764    0.001610    0.136290
 44   42.465057    0.000008   -0.000019   -0.124171   -0.017020    0.651328
 45   42.458084    0.000000   -0.000019   -0.049320   -0.046705    0.341375
 46   42.267929    0.000015   -0.000004   -0.053338   -0.085711    0.601409
 47   42.505890   -0.000031    0.000005    0.002894   -0.109886    0.685583
 48   42.233116    0.000031   -0.000011    0.001765   -0.006974    0.015739
 49   42.352268    0.000031    0.000004   -0.059438    0.046879   -0.519113
 50   42.391739    0.000000   -0.000000   -0.033890    0.078946   -0.599869
 51   42.497711    0.000031   -0.000013    0.007960    0.042707   -0.297524
 52   42.272736    0.000016   -0.000004    0.010487    0.020315   -0.155571
 53   29.239344   50.706902  -91.389130   -0.141581    1.141346    2.051145
 54   42.375103   -0.000015   -0.000008   -0.029728    0.074939   -0.182913
 55   42.546036    0.000038    0.000010   -0.031202    0.117320   -0.261824
 56   42.234543   -0.000027   -0.000010   -0.054412    0.178223   -0.363064
 57   42.465042    0.000053    0.000000   -0.017701   -0.070133    0.067151
 58   42.458069    0.000046   -0.000008   -0.151896   -0.418826    0.641093
 59   42.267975   -0.000061    0.000031   -0.064869   -0.258556    0.337787
 60   42.505890    0.000107    0.000015   -0.056365   -0.272369    0.339991
 61   42.233238   -0.000031   -0.000076   -0.013152   -0.166018    0.197796
 62   42.352264   -0.000061   -0.000015   -0.058732    0.336254   -0.425518
 63   42.391754    0.000031    0.000031   -0.036074    0.234519   -0.294896
 64   42.497650    0.000053    0.000008   -0.010850    0.118116   -0.144542
 65   42.272797    0.000027    0.000032   -0.004364    0.053789   -0.065092
 66   29.239325  -56.044884  -91.389069   -1.038261    1.308964   -1.604685
 67   42.375107    0.000004   -0.000008    0.030498   -0.177903    0.072449
 68   42.546112   -0.000004    0.000008   -0.019174   -0.242219    0.122708
 69   42.234467    0.000027   -0.000008   -0.039957   -0.291388    0.167208
 70   42.464981   -0.000015   -0.000011    0.022437    0.095453   -0.137272
 71   42.458084    0.000000   -0.000015   -0.112673    0.479789   -0.590190
 72   42.267899   -0.000076   -0.000008   -0.042154    0.242049   -0.313658
 73   42.505936    0.000092    0.000015   -0.092660    0.279300   -0.363742
 74   42.233116    0.000031    0.000000   -0.040408    0.127784   -0.147150
 75   42.352142    0.000031    0.000015   -0.025759   -0.373920    0.434564
 76   42.391846    0.000046   -0.000015   -0.006299   -0.217955    0.270276
 77   42.497498    0.000038    0.000008   -0.001879   -0.110900    0.141316
 78   42.272675   -0.000011    0.000029    0.000646   -0.047759    0.061239
 79   29.239317 -106.786285    1.740910    0.005064    0.175851   -1.124241
 80   42.375122    0.000011   -0.000004   -0.064444    0.028015    0.371661
 81   42.546036   -0.000015    0.000008   -0.065223    0.006046    0.348219
 82   42.234512    0.000000   -0.000015    0.026900    0.000874   -0.145794
 83   42.465042    0.000008   -0.000004    0.109127   -0.004952   -0.629980
 84   42.458069    0.000000   -0.000011    0.049763   -0.038977   -0.347013
 85   42.267914    0.000000   -0.000013    0.057820   -0.078023   -0.611730
 86   42.505905    0.000031    0.000021    0.005054   -0.103939   -0.689177
 87   42.233047    0.000031   -0.000009   -0.001016   -0.006968   -0.010407
 88   42.352299   -0.000061    0.000009    0.052986    0.045868    0.533052
 89   42.391724    0.000000    0.000006    0.026386    0.072327    0.597058
 90   42.497620    0.000000   -0.000011   -0.009006    0.037029    0.291981
 91   42.272461   -0.000025    0.000017   -0.010093    0.017444    0.153599
time 38
  0    0.000000    0.000000    0.000000    0.000000   -0.000000    0.000000
  1    0.000000    0.000000    0.000000    0.000000   -0.000000    0.000000
  2    0.000000  -34.940735   15.637214    2.377671   -1.425962   -0.806943
  3   50.309208   -0.435480    0.000008   -0.065827   -0.421186    0.047220
  4   30.891556   -0.000009    0.000000   -0.048404   -0.329113    0.031357
  5   34.635597    0.000009    0.000008   -0.032558   -0.148039    0.047491
  6   30.584290    0.000019    0.000011   -0.032794   -0.344319    0.060190
  7   31.520172    0.000003    0.000015   -0.001801   -0.235860    0.002664
  8   34.241196  -27.603935  -41.285614    0.917255    0.604636   -0.391826
  9   34.241135   23.110188  -41.285690   -0.917955    0.603415    0.390642
 10   35.246704  -51.799789    1.300461   -0.000000    0.000000   -0.686200
 11   35.246552   51.980434    1.300247   -0.000000    0.000000    0.686845
 12   34.830032  -24.539799   44.943680   -0.920035   -0.599785   -0.403993
 13   34.885788   27.245630   43.148659    0.921064   -0.597940    0.402227
 14   29.239326  -51.573349   94.292992    0.090431   -0.654918   -0.624330
 15   42.375061   -0.000013    0.000015   -0.054342    0.230626    0.432947
 16   42.546082    0.000023    0.000023   -0.054809   -0.008220    0.018249
 17   42.234497    0.000008    0.000008   -0.042754   -0.150405   -0.143057
 18   42.464951    0.000004    0.000004    0.004161   -0.454689   -0.499861
 19   42.458099   -0.000107    0.000008   -0.031882   -0.270431   -0.412169
 20   42.267960   -0.000031    0.000000    0.056813   -0.218848   -0.651890
 21   42.505920   -0.000031   -0.000015    0.097350   -0.158860   -0.411085
 22   42.233147   -0.000031   -0.000046   -0.025880    0.153861    0.170389
 23   42.352264    0.000031    0.000000   -0.008285    0.396400    0.620962
 24   42.391724   -0.000046    0.000000   -0.022819    0.159148    0.285643
 25   42.497589    0.000008   -0.000010   -0.011178    0.080333    0.156975
 26   42.272797    0.000021   -0.000031   -0.006119    0.044606    0.090655
 27   29.239338   55.382614   92.214989    0.743235   -0.104010    1.559136
 28   42.375076    0.000008    0.000015    0.430600   -0.264987   -0.189123
 29   42.546097   -0.000015    0.000015    0.345986   -0.290956   -0.175022
 30   42.234467    0.000046    0.000004   -0.033082   -0.035540    0.158613
 31   42.465057   -0.000038    0.000023   -0.112956    0.222470    0.669221
 32   42.458069    0.000038    0.000015    0.034412    0.041458    0.411257
 33   42.267883    0.000031    0.000000    0.204763    0.118773    0.554543
 34   42.506050    0.000092    0.000000    0.459926    0.227382    0.589045
 35   42.233128   -0.000061    0.000046   -0.243049   -0.278258   -0.249392
 36   42.352249   -0.000092    0.000046   -0.192727   -0.330789   -0.577109
 37   42.391663    0.000107   -0.000003   -0.029660   -0.060933   -0.212229
 38   42.497650    0.000107   -0.000004   -0.007937   -0.030496   -0.121922
 39   42.272552    0.000164    0.000011   -0.000814   -0.016312   -0.067892
 40   29.239349  106.746643    1.740837   -0.005418    0.088585    1.713360
 41   42.375053    0.000004   -0.000004    0.049504    0.106686   -0.592882
 42   42.546112    0.000019    0.000000    0.088212    0.052107   -0.516081
 43   42.234467    0.000008   -0.000004   -0.027317    0.001521    0.133007
 44   42.465057   -0.000015    0.000000   -0.125379   -0.017085    0.652584
 45   42.458084   -0.000015    0.000000   -0.049895   -0.047401    0.342775
 46   42.267960   -0.000015   -0.000006   -0.053488   -0.087099    0.600714
 47   42.505890    0.000000    0.000002    0.003512   -0.111308    0.684642
 48   42.233116   -0.000031   -0.000011    0.001863   -0.006942    0.016299
 49   42.352242    0.000000    0.000002   -0.060225    0.047663   -0.516584
 50   42.391632   -0.000031   -0.000006   -0.034615    0.080502   -0.599944
 51   42.497620    0.000015   -0.000015    0.008110    0.043708   -0.298214
 52   42.272736    0.000006    0.000000    0.010733    0.020797   -0.155989
 53   29.239338   50.706917  -91.389114   -0.129038    1.139134    2.065338
 54   42.375088   -0.000015   -0.000006   -0.029630    0.074830   -0.182740
 55   42.546082    0.000027    0.000010   -0.031057    0.117281   -0.262113
 56   42.234543   -0.000046   -0.000004   -0.054695    0.179006   -0.365522
 57   42.464996    0.000015    0.000004   -0.017645   -0.069018    0.065570
 58   42.458069    0.000023   -0.000004   -0.149458   -0.415362    0.635976
 59   42.267990   -0.000107    0.000000   -0.064818   -0.258176    0.337964
 60   42.505920    0.000107   -0.000015   -0.058284   -0.276490    0.346381
 61   42.233147   -0.000076   -0.000015   -0.013252   -0.165842    0.197877
 62   42.352272    0.000000    0.000000   -0.058335    0.335650   -0.425199
 63   42.391754    0.000031    0.000015   -0.036244    0.235287   -0.296435
 64   42.497650    0.000031    0.000023   -0.010899    0.118543   -0.145355
 65   42.272797    0.000000    0.000027   -0.004379    0.054043   -0.065531
 66   29.239323  -56.044861  -91.389038   -1.055168    1.309255   -1.622366
 67   42.375092   -0.000019   -0.000008    0.030140   -0.177873    0.072655
 68   42.546097   -0.000015    0.000015   -0.019698   -0.242622    0.123009
 69   42.234451    0.000019   -0.000008   -0.040786   -0.292790    0.167929
 70   42.465057   -0.000031    0.000004    0.022553    0.094957   -0.136874
 71   42.458099    0.000015    0.000000   -0.109805    0.476571   -0.584344
 72   42.267990   -0.000038    0.000031   -0.042157    0.242090   -0.313916
 73   42.505966    0.000122    0.000031   -0.095621    0.283744   -0.370403
 74   42.233154    0.000061    0.000031   -0.040355    0.126827   -0.145784
 75   42.352158   -0.000031    0.000000   -0.025027   -0.374358    0.434307
 76   42.391785    0.000015   -0.000015   -0.006176   -0.218652    0.271110
 77   42.497528    0.000069    0.000015   -0.001890   -0.111325    0.141919
 78   42.272614   -0.000023    0.000044    0.000630   -0.047952    0.061511
 79   29.239315 -106.786270    1.740898    0.005188    0.176720   -1.125891
 80   42.375107   -0.000006   -0.000004   -0.064873    0.028493    0.372293
 81   42.546036   -0.000015    0.000000   -0.065993    0.006347    0.350187
 82   42.234497   -0.000046   -0.000008    0.026769    0.000726   -0.144068
 83   42.465088   -0.000031   -0.000004    0.109939   -0.005038   -0.630686
 84   42.458069    0.000015   -0.000004    0.050248   -0.039496   -0.348415
 85   42.267914    0.000076   -0.000011    0.058121   -0.079257   -0.613409
 86   42.505920    0.000031    0.000022    0.004389   -0.104714   -0.686483
 87   42.233070   -0.000031   -0.000012   -0.000936   -0.006788   -0.009417
 88   42.352295    0.000000    0.000017    0.053705    0.046654    0.533299
 89   42.391739   -0.000031   -0.000004    0.026590    0.073328    0.595772
 90   42.497467    0.000038   -0.000025   -0.009157    0.037594    0.291775
 91   42.272552    0.000007    0.000025   -0.010245    0.017703    0.153441
time 39
  0    0.000000    0.000000    0.000000    0.000000   -0.000000    0.000000
  1    0.000000    0.000000    0.000000    0.000000   -0.000000    0.000000
  2    0.000000  -35.043598   15.839440    2.377370   -1.424281   -0.806638
  3   50.309216   -0.435479    0.000004   -0.058157   -0.421307    0.042969
  4   30.891541   -0.000010   -0.000008   -0.042145   -0.329139    0.025442
  5   34.635590    0.000007   -0.000004   -0.028177   -0.148047    0.041237
  6   30.584274    0.000016    0.000008   -0.029135   -0.344334    0.052761
  7   31.520187    0.000002    0.000000   -0.001801   -0.235860    0.002664
  8   34.241165  -28.000032  -41.877991    0.929474    0.581547   -0.370341
  9   34.241119   23.441805  -41.878098   -0.929479    0.581550    0.370341
 10   35.246704  -52.543083    1.319153   -0.000000   -0.000000   -0.657108
 11   35.246536   52.726318    1.318924   -0.000000   -0.000000    0.657111
 12   34.830032  -24.891924   45.588623   -0.933000   -0.574887   -0.381033
 13   34.885788   27.636585   43.767830    0.932996   -0.574885    0.381039
 14   29.239323  -51.573338   94.292892    0.121449   -0.593342   -0.680535
 15   42.375046    0.000004    0.000008   -0.082148    0.197778    0.460350
 16   42.546112    0.000046   -0.000015   -0.054939   -0.010998    0.023172
 17   42.234467    0.000015   -0.000008   -0.038888   -0.147404   -0.133234
 18   42.464981    0.000038   -0.000011    0.013947   -0.474936   -0.504041
 19   42.458099   -0.000084    0.000000   -0.034316   -0.289255   -0.409916
 20   42.267929    0.000031   -0.000031    0.036327   -0.215161   -0.616527
 21   42.505890    0.000000   -0.000031    0.090103   -0.164767   -0.427945
 22   42.233158   -0.000031   -0.000061   -0.020138    0.153062    0.170021
 23   42.352242    0.000031    0.000000    0.008717    0.397801    0.625323
 24   42.391724   -0.000076   -0.000015   -0.017478    0.162194    0.281142
 25   42.497467   -0.000015   -0.000032   -0.009245    0.082502    0.153426
 26   42.272797    0.000021   -0.000031   -0.005363    0.045885    0.088232
 27   29.239334   55.382618   92.214935    0.752561   -0.101789    1.553856
 28   42.375069   -0.000008    0.000000    0.430293   -0.274008   -0.184883
 29   42.546082   -0.000023    0.000019    0.336608   -0.296880   -0.166854
 30   42.234467    0.000008    0.000011   -0.036993   -0.028435    0.165375
 31   42.465073   -0.000053   -0.000015   -0.104923    0.231368    0.664804
 32   42.458099   -0.000008    0.000008    0.035545    0.047691    0.403612
 33   42.267914   -0.000015    0.000000    0.209349    0.123184    0.565720
 34   42.506020    0.000061    0.000008    0.445836    0.226411    0.573479
 35   42.233063   -0.000031    0.000031   -0.251643   -0.297183   -0.266235
 36   42.352249   -0.000061    0.000015   -0.184179   -0.320362   -0.569400
 37   42.391754    0.000031   -0.000031   -0.027918   -0.060684   -0.208206
 38   42.497742    0.000023   -0.000034   -0.007357   -0.030680   -0.119672
 39   42.272644    0.000175   -0.000008   -0.000593   -0.016264   -0.065816
 40   29.239338  106.746635    1.740849   -0.005551    0.087564    1.721158
 41   42.375031    0.000008    0.000004    0.048938    0.108072   -0.593231
 42   42.546097   -0.000008    0.000015    0.089346    0.053869   -0.521874
 43   42.234467   -0.000023    0.000004   -0.026845    0.001429    0.129693
 44   42.465088   -0.000015   -0.000011   -0.126549   -0.017144    0.653806
 45   42.458069   -0.000023   -0.000004   -0.050463   -0.048090    0.344198
 46   42.267914    0.000000    0.000002   -0.053620   -0.088462    0.600014
 47   42.505859    0.000000    0.000002    0.004131   -0.112699    0.683715
 48   42.233131    0.000031   -0.000020    0.001963   -0.006911    0.016865
 49   42.352192    0.000031   -0.000007   -0.060988    0.048422   -0.514051
 50   42.391663   -0.000031   -0.000009   -0.035343    0.082034   -0.600019
 51   42.497589   -0.000008   -0.000015    0.008253    0.044705   -0.298909
 52   42.272736    0.000005   -0.000004    0.010975    0.021277   -0.156408
 53   29.239338   50.706905  -91.389038   -0.116910    1.136868    2.079077
 54   42.375072   -0.000023    0.000000   -0.029540    0.074739   -0.182591
 55   42.546059    0.000023    0.000008   -0.030923    0.117262   -0.262416
 56   42.234497   -0.000046   -0.000006   -0.054975    0.179763   -0.367898
 57   42.465012    0.000023   -0.000008   -0.017592   -0.067906    0.064003
 58   42.458069    0.000023   -0.000011   -0.147046   -0.411898    0.630854
 59   42.267960   -0.000092    0.000000   -0.064773   -0.257821    0.338171
 60   42.505890    0.000107    0.000000   -0.060243   -0.280614    0.352824
 61   42.233192   -0.000076   -0.000015   -0.013368   -0.165733    0.198040
 62   42.352310    0.000000   -0.000015   -0.057895    0.334951   -0.424733
 63   42.391754    0.000031    0.000000   -0.036444    0.236158   -0.298112
 64   42.497559    0.000046   -0.000008   -0.010954    0.119011   -0.146219
 65   42.272675    0.000019    0.000000   -0.004395    0.054326   -0.066008
 66   29.239319  -56.044880  -91.389008   -1.071675    1.309437   -1.639620
 67   42.375069    0.000006    0.000000    0.029783   -0.177868    0.072877
 68   42.546097    0.000004    0.000031   -0.020217   -0.243035    0.123330
 69   42.234451    0.000038   -0.000008   -0.041588   -0.294116    0.168613
 70   42.465012   -0.000031    0.000023    0.022666    0.094460   -0.136456
 71   42.458130    0.000046    0.000011   -0.106951    0.473327   -0.578504
 72   42.267914   -0.000061   -0.000023   -0.042171    0.242186   -0.314249
 73   42.505905    0.000031    0.000000   -0.098632    0.288186   -0.377112
 74   42.233131    0.000061    0.000000   -0.040322    0.125942   -0.144509
 75   42.352150   -0.000031    0.000000   -0.024263   -0.374722    0.433938
 76   42.391785   -0.000031   -0.000015   -0.006067   -0.219452    0.272073
 77   42.497498    0.000038    0.000008   -0.001903   -0.111787    0.142566
 78   42.272705   -0.000023    0.000013    0.000611   -0.048171    0.061823
 79   29.239315 -106.786308    1.740906    0.005313    0.177531   -1.127407
 80   42.375076   -0.000011   -0.000004   -0.065262    0.028977    0.372804
 81   42.546021   -0.000004    0.000008   -0.066747    0.006671    0.352118
 82   42.234543   -0.000015   -0.000008    0.026625    0.000576   -0.142311
 83   42.465042    0.000008    0.000004    0.110741   -0.005139   -0.631374
 84   42.458084    0.000008   -0.000011    0.050727   -0.040019   -0.349831
 85   42.267853   -0.000031   -0.000011    0.058399   -0.080475   -0.615039
 86   42.506012    0.000031    0.000016    0.003723   -0.105459   -0.683840
 87   42.233101    0.000031   -0.000016   -0.000856   -0.006610   -0.008465
 88   42.352306    0.000031    0.000004    0.054410    0.047423    0.533498
 89   42.391785    0.000031   -0.000011    0.026797    0.074311    0.594530
 90   42.497589   -0.000015   -0.000029   -0.009302    0.038153    0.291581
 91   42.272522    0.000001    0.000023   -0.010394    0.017960    0.153290
time 40
  0    0.000000    0.000000    0.000000    0.000000   -0.000000    0.000000
  1    0.000000    0.000000    0.000000    0.000000   -0.000000    0.000000
  2    0.000000  -35.137112   16.031757    2.377069   -1.422616   -0.806336
  3   50.309212   -0.435478    0.000004   -0.049982   -0.421437    0.038439
  4   30.891541   -0.000011    0.000000   -0.035475   -0.329167    0.019137
  5   34.635605    0.000007    0.000004   -0.023509   -0.148057    0.034572
  6   30.584290    0.000016   -0.000004   -0.025235   -0.344352    0.044843
  7   31.520187   -0.000002    0.000015   -0.001801   -0.235860    0.002664
  8   34.241196  -27.603931  -41.285583    0.917255    0.604636   -0.391826
  9   34.241119   23.110180  -41.285675   -0.917955    0.603415    0.390642
 10   35.246704  -51.799786    1.300476   -0.000000   -0.000000   -0.686200
 11   35.246552   51.980423    1.300278   -0.000000   -0.000000    0.686845
 12   34.830032  -24.539795   44.943710   -0.920035   -0.599785   -0.403993
 13   34.885788   27.245628   43.148682    0.921064   -0.597940    0.402227
 14   29.239307  -51.573326   94.292923    0.149550   -0.527697   -0.737686
 15   42.375076    0.000015    0.000008   -0.111556    0.161581    0.491924
 16   42.546066    0.000031   -0.000015   -0.055090   -0.013170    0.029650
 17   42.234467    0.000008    0.000015   -0.035498   -0.141960   -0.122138
 18   42.464935    0.000015    0.000000    0.024141   -0.489815   -0.506888
 19   42.458038   -0.000061    0.000015   -0.034978   -0.311165   -0.410751
 20   42.267975    0.000076    0.000015    0.017671   -0.211824   -0.576594
 21   42.505875    0.000061    0.000000    0.082557   -0.174369   -0.447915
 22   42.233147    0.000031   -0.000031   -0.013604    0.148945    0.165015
 23   42.352287    0.000061    0.000000    0.027353    0.400098    0.629292
 24   42.391724   -0.000031    0.000008   -0.011818    0.166998    0.278532
 25   42.497528    0.000031    0.000016   -0.007256    0.085255    0.150318
 26   42.272736    0.000088   -0.000032   -0.004597    0.047615    0.086323
 27   29.239326   55.382587   92.214958    0.763616   -0.099708    1.547425
 28   42.375053    0.000004   -0.000008    0.428940   -0.283777   -0.179670
 29   42.546066   -0.000031    0.000031    0.325914   -0.302739   -0.157663
 30   42.234482    0.000023    0.000034   -0.040688   -0.020497    0.172301
 31   42.465042   -0.000061    0.000050   -0.096393    0.241065    0.659498
 32   42.458069    0.000046    0.000015    0.036574    0.054229    0.395862
 33   42.267914    0.000031    0.000000    0.213976    0.127942    0.577300
 34   42.506020    0.000031    0.000000    0.430386    0.224948    0.556788
 35   42.233055   -0.000061    0.000031   -0.259287   -0.316714   -0.283934
 36   42.352234   -0.000122   -0.000015   -0.175268   -0.309835   -0.560803
 37   42.391632    0.000137   -0.000013   -0.026148   -0.060513   -0.204042
 38   42.497650    0.000107    0.000006   -0.006766   -0.030909   -0.117346
 39   42.272614    0.000164   -0.000011   -0.000372   -0.016224   -0.063687
 40   29.239346  106.746582    1.740826   -0.005683    0.086585    1.728709
 41   42.375061    0.000008   -0.000008    0.048380    0.109369   -0.593369
 42   42.546112   -0.000008    0.000000    0.090449    0.055622   -0.527606
 43   42.234482    0.000000   -0.000004   -0.026345    0.001333    0.126327
 44   42.465088   -0.000015   -0.000008   -0.127681   -0.017197    0.654985
 45   42.458084   -0.000015   -0.000008   -0.051025   -0.048772    0.345648
 46   42.267944    0.000000   -0.000002   -0.053732   -0.089794    0.599263
 47   42.505844   -0.000031    0.000010    0.004741   -0.114066    0.682858
 48   42.233124    0.000061   -0.000006    0.002070   -0.006886    0.017467
 49   42.352249    0.000061    0.000005   -0.061723    0.049150   -0.511470
 50   42.391663    0.000031   -0.000001   -0.036080    0.083540   -0.600128
 51   42.497681    0.000015   -0.000006    0.008386    0.045698   -0.299619
 52   42.272705    0.000014    0.000004    0.011214    0.021758   -0.156842
 53   29.239323   50.706890  -91.389069   -0.105177    1.134550    2.092381
 54   42.375084    0.000000   -0.000017   -0.029457    0.074666   -0.182470
 55   42.546089    0.000050    0.000006   -0.030802    0.117267   -0.262742
 56   42.234543   -0.000031   -0.000006   -0.055252    0.180497   -0.370189
 57   42.465012    0.000046    0.000023   -0.017542   -0.066793    0.062443
 58   42.458038    0.000031    0.000000   -0.144659   -0.408437    0.625735
 59   42.267960   -0.000092   -0.000023   -0.064735   -0.257498    0.338420
 60   42.505951    0.000107   -0.000015   -0.062244   -0.284739    0.359322
 61   42.233200   -0.000061   -0.000015   -0.013498   -0.165685    0.198276
 62   42.352280   -0.000031   -0.000046   -0.057417    0.334164   -0.424129
 63   42.391754    0.000015   -0.000015   -0.036669    0.237127   -0.299918
 64   42.497498    0.000015   -0.000015   -0.011012    0.119517   -0.147132
 65   42.272736   -0.000010    0.000000   -0.004414    0.054640   -0.066521
 66   29.239307  -56.044853  -91.389008   -1.087786    1.309519   -1.656445
 67   42.375092    0.000006   -0.000011    0.029428   -0.177888    0.073116
 68   42.546120    0.000004    0.000023   -0.020734   -0.243461    0.123673
 69   42.234467    0.000046    0.000004   -0.042363   -0.295371    0.169265
 70   42.465012   -0.000031    0.000046    0.022778    0.093962   -0.136020
 71   42.458084    0.000023    0.000015   -0.104113    0.470066   -0.572682
 72   42.267883   -0.000061    0.000000   -0.042195    0.242337   -0.314659
 73   42.505951    0.000046   -0.000031   -0.101690    0.292618   -0.383855
 74   42.233131    0.000000   -0.000015   -0.040309    0.125135   -0.143327
 75   42.352142   -0.000031    0.000000   -0.023469   -0.375011    0.433458
 76   42.391846   -0.000015    0.000000   -0.005971   -0.220358    0.273162
 77   42.497559    0.000069    0.000000   -0.001920   -0.112288    0.143265
 78   42.272766   -0.000011   -0.000027    0.000590   -0.048417    0.062169
 79   29.239311 -106.786255    1.740894    0.005437    0.178293   -1.128782
 80   42.375061    0.000013   -0.000011   -0.065611    0.029461    0.373186
 81   42.546036   -0.000008    0.000000   -0.067485    0.007017    0.354012
 82   42.234512    0.000031   -0.000008    0.026464    0.000423   -0.140495
 83   42.465042    0.000008    0.000000    0.111533   -0.005252   -0.632043
 84   42.458099    0.000023   -0.000004    0.051205   -0.040548   -0.351269
 85   42.268005   -0.000015   -0.000004    0.058657   -0.081674   -0.616598
 86   42.505951   -0.000061    0.000022    0.003062   -0.106180   -0.681282
 87   42.233040    0.000061   -0.000002   -0.000777   -0.006434   -0.007560
 88   42.352283    0.000000    0.000012    0.055101    0.048174    0.533630
 89   42.391800    0.000000    0.000006    0.027009    0.075277    0.593332
 90   42.497528   -0.000031   -0.000013   -0.009440    0.038707    0.291408
 91   42.272552   -0.000019    0.000027   -0.010540    0.018216    0.153155
time 41
  0    0.000000    0.000000    0.000000    0.000000   -0.000000    0.000000
  1    0.000000    0.000000    0.000000    0.000000   -0.000000    0.000000
  2    0.000000  -35.221725   16.214211    2.376768   -1.420966   -0.806032
  3   50.309212   -0.435479    0.000004   -0.041388   -0.421573    0.033677
  4   30.891541   -0.000011   -0.000004   -0.028463   -0.329197    0.012509
  5   34.635597    0.000005    0.000008   -0.018601   -0.148070    0.027565
  6   30.584274    0.000017    0.000008   -0.021136   -0.344375    0.036519
  7   31.520172   -0.000001    0.000008   -0.001801   -0.235860    0.002664
  8   34.241180  -27.207840  -40.693176    0.905034    0.627730   -0.413314
  9   34.241104   22.778568  -40.693268   -0.906428    0.625286    0.410946
 10   35.246704  -51.056515    1.281815   -0.000000   -0.000000   -0.715301
 11   35.246536   51.234535    1.281616   -0.000000    0.000000    0.716588
 12   34.830048  -24.187672   44.298798   -0.907068   -0.624686   -0.426955
 13   34.885788   26.854671   42.529526    0.909129   -0.620999    0.423420
 14   29.239326  -51.573380   94.292999    0.174251   -0.458691   -0.795159
 15   42.375046    0.000004    0.000023   -0.142502    0.122343    0.527228
 16   42.546066    0.000061    0.000000   -0.055355   -0.014833    0.038034
 17   42.234497    0.000008    0.000015   -0.032740   -0.134573   -0.110308
 18   42.464966    0.000008    0.000023    0.033929   -0.497250   -0.507037
 19   42.458069   -0.000092   -0.000015   -0.033085   -0.336221   -0.416101
 20   42.267960    0.000031   -0.000015    0.001892   -0.209266   -0.533165
 21   42.505867    0.000031   -0.000031    0.074500   -0.187976   -0.469133
 22   42.233150   -0.000031   -0.000031   -0.006768    0.141322    0.155093
 23   42.352310    0.000092    0.000000    0.047569    0.402993    0.632634
 24   42.391754   -0.000046   -0.000038   -0.005677    0.173657    0.277944
 25   42.497498    0.000031   -0.000012   -0.005190    0.088600    0.147659
 26   42.272797    0.000013    0.000004   -0.003804    0.049814    0.084908
 27   29.239334   55.382599   92.214981    0.776394   -0.097769    1.539851
 28   42.375069   -0.000008    0.000000    0.426420   -0.294221   -0.173400
 29   42.546082   -0.000015    0.000027    0.313988   -0.308383   -0.147477
 30   42.234467    0.000069    0.000011   -0.044029   -0.011763    0.179259
 31   42.465042   -0.000031    0.000019   -0.087490    0.251510    0.653276
 32   42.458069    0.000038    0.000000    0.037465    0.060994    0.388141
 33   42.267929    0.000015    0.000023    0.218506    0.133004    0.589058
 34   42.506027    0.000061    0.000015    0.413781    0.222931    0.539226
 35   42.233082   -0.000092    0.000031   -0.265689   -0.336522   -0.302267
 36   42.352264   -0.000122    0.000015   -0.166141   -0.299440   -0.551410
 37   42.391724    0.000122    0.000027   -0.024378   -0.060434   -0.199799
 38   42.497620    0.000061    0.000008   -0.006175   -0.031182   -0.114976
 39   42.272614    0.000139    0.000000   -0.000154   -0.016195   -0.061536
 40   29.239349  106.746628    1.740822   -0.005817    0.085653    1.736013
 41   42.375053    0.000015   -0.000008    0.047834    0.110584   -0.593322
 42   42.546112   -0.000023   -0.000004    0.091522    0.057358   -0.533252
 43   42.234482   -0.000015    0.000011   -0.025826    0.001233    0.122952
 44   42.465057    0.000008   -0.000011   -0.128777   -0.017250    0.656123
 45   42.458069   -0.000008   -0.000008   -0.051579   -0.049449    0.347105
 46   42.267868    0.000000   -0.000004   -0.053828   -0.091101    0.598522
 47   42.505966    0.000031    0.000006    0.005350   -0.115404    0.682016
 48   42.233162   -0.000092   -0.000015    0.002178   -0.006862    0.018065
 49   42.352264    0.000000   -0.000003   -0.062436    0.049854   -0.508900
 50   42.391708    0.000092   -0.000005   -0.036821    0.085020   -0.600239
 51   42.497559    0.000023   -0.000011    0.008509    0.046682   -0.300323
 52   42.272675    0.000022    0.000000    0.011448    0.022237   -0.157280
 53   29.239338   50.706921  -91.389069   -0.093813    1.132183    2.105280
 54   42.375103    0.000000    0.000002   -0.029380    0.074614   -0.182378
 55   42.546082    0.000031    0.000010   -0.030693    0.117292   -0.263082
 56   42.234528   -0.000011   -0.000023   -0.055527    0.181210   -0.372409
 57   42.464981    0.000031    0.000008   -0.017494   -0.065670    0.060880
 58   42.458069    0.000031   -0.000004   -0.142302   -0.404984    0.620627
 59   42.267914   -0.000053   -0.000015   -0.064707   -0.257208    0.338714
 60   42.505890    0.000122    0.000031   -0.064279   -0.288851    0.365853
 61   42.233147   -0.000092   -0.000031   -0.013649   -0.165718    0.198609
 62   42.352242   -0.000031   -0.000046   -0.056890    0.333273   -0.423363
 63   42.391693    0.000015   -0.000031   -0.036923    0.238203   -0.301870
 64   42.497589    0.000038    0.000008   -0.011078    0.120066   -0.148101
 65   42.272736    0.000036    0.000006   -0.004434    0.054987   -0.067074
 66   29.239323  -56.044865  -91.389053   -1.103506    1.309505   -1.672851
 67   42.375092    0.000002   -0.000004    0.029070   -0.177935    0.073374
 68   42.546097    0.000004    0.000034   -0.021251   -0.243903    0.124040
 69   42.234482    0.000031    0.000000   -0.043115   -0.296558    0.169887
 70   42.464996   -0.000027   -0.000008    0.022889    0.093460   -0.135564
 71   42.458130    0.000038   -0.000015   -0.101300    0.466797   -0.566895
 72   42.267914   -0.000038    0.000000   -0.042230    0.242540   -0.315142
 73   42.505981    0.000061   -0.000015   -0.104788    0.297027   -0.390616
 74   42.233124    0.000046    0.000000   -0.040324    0.124419   -0.142256
 75   42.352188   -0.000031    0.000000   -0.022641   -0.375221    0.432858
 76   42.391754   -0.000031   -0.000015   -0.005887   -0.221374    0.274384
 77   42.497498    0.000038   -0.000008   -0.001939   -0.112828    0.144012
 78   42.272705    0.000004    0.000013    0.000567   -0.048690    0.062552
 79   29.239307 -106.786224    1.740925    0.005563    0.179006   -1.130003
 80   42.375122   -0.000008    0.000004   -0.065922    0.029947    0.373443
 81   42.546021   -0.000019    0.000011   -0.068205    0.007383    0.355853
 82   42.234528   -0.000031   -0.000011    0.026290    0.000270   -0.138644
 83   42.465073   -0.000015   -0.000004    0.112316   -0.005379   -0.632692
 84   42.458069    0.000008    0.000000    0.051676   -0.041081   -0.352708
 85   42.267929   -0.000015   -0.000004    0.058895   -0.082854   -0.618087
 86   42.505966    0.000000    0.000024    0.002406   -0.106883   -0.678809
 87   42.233070    0.000000   -0.000017   -0.000702   -0.006262   -0.006710
 88   42.352341    0.000031    0.000003    0.055779    0.048905    0.533700
 89   42.391663    0.000031    0.000004    0.027228    0.076226    0.592186
 90   42.497589    0.000008   -0.000013   -0.009572    0.039255    0.291253
 91   42.272552   -0.000009    0.000015   -0.010682    0.018472    0.153037
time 42
  0    0.000000    0.000000    0.000000    0.000000   -0.000000    0.000000
  1    0.000000    0.000000    0.000000    0.000000   -0.000000    0.000000
  2    0.000000  -35.297890   16.386852    2.376467   -1.419327   -0.805728
  3   50.309212   -0.435479    0.000004   -0.032457   -0.421715    0.028728
  4   30.891541   -0.000011    0.000008   -0.021176   -0.329227    0.005622
  5   34.635605    0.000008    0.000004   -0.013501   -0.148084    0.020284
  6   30.584290    0.000017   -0.000004   -0.016876   -0.344402    0.027870
  7   31.520187    0.000001    0.000008   -0.001801   -0.235860    0.002664
  8   34.241196  -27.603939  -41.285614    0.917255    0.604636   -0.391826
  9   34.241150   23.110184  -41.285690   -0.917955    0.603415    0.390642
 10   35.246704  -51.799797    1.300461   -0.000000    0.000000   -0.686200
 11   35.246552   51.980431    1.300262   -0.000000    0.000000    0.686845
 12   34.830017  -24.539799   44.943680   -0.920035   -0.599785   -0.403993
 13   34.885773   27.245632   43.148659    0.921064   -0.597940    0.402227
 14   29.239332  -51.573364   94.293030    0.195074   -0.386933   -0.852271
 15   42.375046    0.000015    0.000000   -0.174880    0.080156    0.565360
 16   42.546112    0.000046   -0.000031   -0.055838   -0.016176    0.048907
 17   42.234482    0.000015    0.000015   -0.030688   -0.125957   -0.098288
 18   42.464996    0.000023    0.000015    0.042284   -0.495584   -0.503228
 19   42.458038   -0.000061    0.000015   -0.027756   -0.363834   -0.427154
 20   42.267975    0.000046   -0.000015   -0.010230   -0.208004   -0.487816
 21   42.505875   -0.000031   -0.000031    0.065952   -0.205797   -0.489341
 22   42.233223   -0.000031   -0.000015   -0.000185    0.130147    0.140347
 23   42.352264    0.000061   -0.000031    0.069174    0.405966    0.634798
 24   42.391785   -0.000076    0.000000    0.001154    0.182276    0.279480
 25   42.497467    0.000038    0.000010   -0.003017    0.092526    0.145417
 26   42.272736    0.000084   -0.000002   -0.002970    0.052497    0.083945
 27   29.239340   55.382622   92.215012    0.790887   -0.095978    1.531140
 28   42.375061    0.000008   -0.000015    0.422605   -0.305259   -0.165979
 29   42.546082   -0.000008    0.000038    0.300939   -0.313658   -0.136346
 30   42.234467    0.000046    0.000046   -0.046901   -0.002280    0.186129
 31   42.465057   -0.000038    0.000034   -0.078336    0.262635    0.646138
 32   42.458069    0.000038    0.000031    0.038191    0.067918    0.380558
 33   42.267914    0.000031    0.000023    0.222815    0.138340    0.600776
 34   42.506081    0.000000    0.000015    0.396243    0.220330    0.521047
 35   42.233128   -0.000061    0.000061   -0.270628   -0.356325   -0.321027
 36   42.352280   -0.000061    0.000015   -0.156929   -0.289375   -0.541325
 37   42.391724    0.000107   -0.000014   -0.022632   -0.060456   -0.195531
 38   42.497650    0.000092    0.000011   -0.005590   -0.031502   -0.112593
 39   42.272614    0.000202    0.000023    0.000058   -0.016177   -0.059394
 40   29.239344  106.746666    1.740837   -0.005951    0.084765    1.743079
 41   42.375092    0.000000   -0.000008    0.047303    0.111720   -0.593102
 42   42.546112    0.000015   -0.000004    0.092563    0.059076   -0.538803
 43   42.234467    0.000015   -0.000004   -0.025289    0.001130    0.119561
 44   42.465057   -0.000008   -0.000011   -0.129837   -0.017303    0.657214
 45   42.458069    0.000000   -0.000004   -0.052127   -0.050120    0.348581
 46   42.267914    0.000031    0.000004   -0.053905   -0.092381    0.597765
 47   42.505936    0.000031    0.000005    0.005956   -0.116712    0.681212
 48   42.233101    0.000000   -0.000007    0.002290   -0.006842    0.018674
 49   42.352184   -0.000031    0.000007   -0.063126    0.050528   -0.506337
 50   42.391647   -0.000031    0.000002   -0.037566    0.086469   -0.600361
 51   42.497589   -0.000015   -0.000015    0.008623    0.047659   -0.301027
 52   42.272736    0.000019    0.000000    0.011677    0.022714   -0.157718
 53   29.239336   50.706913  -91.389084   -0.082797    1.129772    2.117797
 54   42.375092    0.000000   -0.000011   -0.029310    0.074580   -0.182317
 55   42.546089    0.000038    0.000008   -0.030594    0.117343   -0.263448
 56   42.234604   -0.000027   -0.000004   -0.055801    0.181905   -0.374560
 57   42.464981    0.000046    0.000000   -0.017449   -0.064541    0.059317
 58   42.458115    0.000015    0.000008   -0.139976   -0.401542    0.615538
 59   42.268005   -0.000076   -0.000008   -0.064689   -0.256952    0.339056
 60   42.505890    0.000092    0.000031   -0.066345   -0.292937    0.372406
 61   42.233131   -0.000092   -0.000015   -0.013822   -0.165839    0.199049
 62   42.352242   -0.000031   -0.000031   -0.056314    0.332268   -0.422425
 63   42.391602    0.000061   -0.000015   -0.037209    0.239391   -0.303974
 64   42.497559    0.000031    0.000000   -0.011148    0.120658   -0.149126
 65   42.272766    0.000019    0.000015   -0.004457    0.055366   -0.067672
 66   29.239313  -56.044865  -91.389038   -1.118851    1.309407   -1.688850
 67   42.375092    0.000000    0.000000    0.028708   -0.178014    0.073653
 68   42.546104    0.000011    0.000019   -0.021769   -0.244361    0.124431
 69   42.234482    0.000031   -0.000015   -0.043845   -0.297682    0.170482
 70   42.465027   -0.000046   -0.000004    0.022998    0.092953   -0.135085
 71   42.458099    0.000008   -0.000011   -0.098513    0.463524   -0.561144
 72   42.267914   -0.000046   -0.000008   -0.042277    0.242801   -0.315703
 73   42.505966    0.000092    0.000000   -0.107921    0.301406   -0.397383
 74   42.233101    0.000015   -0.000031   -0.040370    0.123805   -0.141304
 75   42.352188    0.000000    0.000000   -0.021774   -0.375345    0.432125
 76   42.391724    0.000031   -0.000015   -0.005816   -0.222507    0.275747
 77   42.497559    0.000008    0.000031   -0.001961   -0.113408    0.144813
 78   42.272675    0.000031    0.000040    0.000542   -0.048995    0.062974
 79   29.239317 -106.786278    1.740906    0.005688    0.179684   -1.131063
 80   42.375092   -0.000004   -0.000008   -0.066200    0.030428    0.373579
 81   42.546021    0.000008   -0.000008   -0.068907    0.007767    0.357635
 82   42.234528   -0.000015   -0.000011    0.026108    0.000116   -0.136780
 83   42.465057   -0.000015   -0.000008    0.113089   -0.005521   -0.633311
 84   42.458069    0.000000   -0.000008    0.052144   -0.041618   -0.354150
 85   42.267929   -0.000015   -0.000006    0.059115   -0.084019   -0.619514
 86   42.505997    0.000031    0.000018    0.001754   -0.107564   -0.676412
 87   42.233093    0.000061   -0.000010   -0.000628   -0.006095   -0.005899
 88   42.352348    0.000000    0.000002    0.056445    0.049616    0.533720
 89   42.391739    0.000000   -0.000002    0.027453    0.077159    0.591089
 90   42.497559   -0.000008   -0.000008   -0.009697    0.039799    0.291110
 91   42.272552    0.000024    0.000008   -0.010820    0.018725    0.152928
time 43
  0    0.000000    0.000000    0.000000    0.000000   -0.000000    0.000000
  1    0.000000    0.000000    0.000000    0.000000   -0.000000    0.000000
  2    0.000000  -35.366043   16.549732    2.376167   -1.417696   -0.805425
  3   50.309208   -0.435478    0.000004   -0.023275   -0.421860    0.023639
  4   30.891548   -0.000011   -0.000004   -0.013684   -0.329259   -0.001460
  5   34.635605    0.000007   -0.000004   -0.008257   -0.148102    0.012797
  6   30.584290    0.000019   -0.000008   -0.012496   -0.344435    0.018976
  7   31.520172   -0.000001    0.000008   -0.001801   -0.235860    0.002664
  8   34.241180  -28.000034  -41.878006    0.929474    0.581547   -0.370341
  9   34.241104   23.441799  -41.878098   -0.929479    0.581550    0.370341
 10   35.246704  -52.543091    1.319138   -0.000000    0.000000   -0.657108
 11   35.246552   52.726318    1.318924   -0.000000    0.000000    0.657111
 12   34.830017  -24.891926   45.588615   -0.933001   -0.574887   -0.381033
 13   34.885773   27.636589   43.767830    0.932996   -0.574885    0.381039
 14   29.239323  -51.573349   94.292938    0.211956   -0.313292   -0.908789
 15   42.375069    0.000011   -0.000023   -0.208420    0.035774    0.605781
 16   42.546112    0.000053   -0.000008   -0.056649   -0.017832    0.062634
 17   42.234467    0.000031    0.000008   -0.029347   -0.116854   -0.086500
 18   42.464966    0.000038    0.000015    0.048176   -0.483889   -0.494634
 19   42.458069   -0.000046    0.000000   -0.018078   -0.392561   -0.444743
 20   42.267914    0.000046    0.000015   -0.018266   -0.208633   -0.442512
 21   42.505898    0.000000    0.000046    0.057212   -0.227873   -0.506123
 22   42.233181   -0.000031   -0.000046    0.005570    0.115505    0.121281
 23   42.352249    0.000000    0.000015    0.091819    0.408373    0.635055
 24   42.391754   -0.000061    0.000023    0.008925    0.192917    0.283120
 25   42.497589    0.000008    0.000004   -0.000715    0.096997    0.143531
 26   42.272797    0.000063   -0.000020   -0.002076    0.055644    0.083350
 27   29.239342   55.382603   92.214951    0.807076   -0.094341    1.521299
 28   42.375046   -0.000008   -0.000015    0.417358   -0.316779   -0.157304
 29   42.546097    0.000000    0.000057    0.286903   -0.318415   -0.124343
 30   42.234482    0.000053    0.000027   -0.049186    0.007869    0.192770
 31   42.465027   -0.000046    0.000023   -0.069060    0.274380    0.638105
 32   42.458099    0.000008    0.000008    0.038731    0.074940    0.373210
 33   42.267899    0.000015    0.000023    0.226748    0.143905    0.612209
 34   42.506065    0.000061    0.000031    0.378071    0.217151    0.502594
 35   42.233120   -0.000061   -0.000015   -0.273934   -0.375810   -0.339956
 36   42.352249   -0.000153    0.000008   -0.147775   -0.279858   -0.530728
 37   42.391724    0.000076    0.000023   -0.020927   -0.060590   -0.191298
 38   42.497742    0.000038    0.000013   -0.005016   -0.031872   -0.110226
 39   42.272583    0.000126    0.000031    0.000263   -0.016176   -0.057290
 40   29.239346  106.746620    1.740837   -0.006087    0.083926    1.749911
 41   42.375046   -0.000008   -0.000011    0.046788    0.112782   -0.592732
 42   42.546097   -0.000027    0.000004    0.093573    0.060774   -0.544244
 43   42.234467   -0.000008    0.000011   -0.024738    0.001024    0.116180
 44   42.465073   -0.000015    0.000000   -0.130862   -0.017359    0.658253
 45   42.458038   -0.000008   -0.000008   -0.052664   -0.050784    0.350049
 46   42.267944    0.000031    0.000006   -0.053968   -0.093632    0.597007
 47   42.505890    0.000000    0.000006    0.006557   -0.117995    0.680451
 48   42.233124   -0.000092   -0.000016    0.002404   -0.006825    0.019286
 49   42.352310   -0.000031   -0.000002   -0.063795    0.051174   -0.503793
 50   42.391678   -0.000031   -0.000008   -0.038316    0.087886   -0.600488
 51   42.497589    0.000038   -0.000011    0.008726    0.048625   -0.301725
 52   42.272705    0.000015   -0.000004    0.011899    0.023187   -0.158157
 53   29.239342   50.706890  -91.389076   -0.072107    1.127317    2.129956
 54   42.375103   -0.000015   -0.000008   -0.029245    0.074568   -0.182288
 55   42.546066    0.000027    0.000011   -0.030507    0.117418   -0.263842
 56   42.234528   -0.000042   -0.000004   -0.056074    0.182585   -0.376648
 57   42.465027    0.000046    0.000015   -0.017406   -0.063400    0.057743
 58   42.458099   -0.000023    0.000004   -0.137683   -0.398112    0.610474
 59   42.267944   -0.000099    0.000000   -0.064681   -0.256734    0.339452
 60   42.505859    0.000122    0.000015   -0.068437   -0.296991    0.378969
 61   42.233170   -0.000061    0.000000   -0.014021   -0.166054    0.199608
 62   42.352280    0.000061   -0.000015   -0.055685    0.331143   -0.421302
 63   42.391693    0.000031    0.000015   -0.037528    0.240693   -0.306236
 64   42.497559    0.000023    0.000008   -0.011225    0.121294   -0.150209
 65   42.272736    0.000025    0.000011   -0.004483    0.055782   -0.068312
 66   29.239315  -56.044861  -91.389008   -1.133834    1.309227   -1.704460
 67   42.375084    0.000004    0.000000    0.028341   -0.178119    0.073954
 68   42.546082   -0.000004    0.000023   -0.022289   -0.244833    0.124843
 69   42.234451    0.000031   -0.000008   -0.044560   -0.298751    0.171058
 70   42.464996   -0.000031    0.000008    0.023107    0.092406   -0.134556
 71   42.458130    0.000046    0.000015   -0.095757    0.460263   -0.555449
 72   42.267960   -0.000069   -0.000008   -0.042338    0.243123   -0.316353
 73   42.505966    0.000092    0.000015   -0.111082    0.305743   -0.404139
 74   42.233185    0.000046   -0.000031   -0.040453    0.123310   -0.140496
 75   42.352203   -0.000031    0.000000   -0.020866   -0.375371    0.431248
 76   42.391815    0.000015   -0.000015   -0.005754   -0.223761    0.277250
 77   42.497620    0.000069    0.000008   -0.001988   -0.114032    0.145671
 78   42.272736    0.000004   -0.000002    0.000516   -0.049331    0.063439
 79   29.239300 -106.786194    1.740906    0.005815    0.180330   -1.131949
 80   42.375092   -0.000004   -0.000008   -0.066444    0.030903    0.373588
 81   42.546036    0.000000   -0.000008   -0.069590    0.008165    0.359347
 82   42.234482   -0.000031   -0.000004    0.025916   -0.000038   -0.134892
 83   42.465088   -0.000015   -0.000004    0.113855   -0.005677   -0.633905
 84   42.458130   -0.000008    0.000004    0.052605   -0.042159   -0.355586
 85   42.267929    0.000031   -0.000006    0.059318   -0.085165   -0.620873
 86   42.505936    0.000031    0.000020    0.001109   -0.108231   -0.674108
 87   42.233078    0.000000   -0.000002   -0.000556   -0.005931   -0.005136
 88   42.352253    0.000000    0.000003    0.057101    0.050308    0.533694
 89   42.391678    0.000000   -0.000004    0.027686    0.078075    0.590041
 90   42.497528    0.000015   -0.000019   -0.009815    0.040338    0.290983
 91   42.272430   -0.000010    0.000019   -0.010954    0.018976    0.152830
time 44
  0    0.000000    0.000000    0.000000    0.000000   -0.000000    0.000000
  1    0.000000    0.000000    0.000000    0.000000   -0.000000    0.000000
  2    0.000000  -35.426632   16.702898    2.375866   -1.416071   -0.805122
  3   50.309212   -0.435480    0.000004   -0.013925   -0.422008    0.018458
  4   30.891541   -0.000011    0.000004   -0.006055   -0.329291   -0.008671
  5   34.635590    0.000007    0.000000   -0.002918   -0.148123    0.005174
  6   30.584305    0.000018   -0.000004   -0.008036   -0.344472    0.009920
  7   31.520203    0.000002    0.000000   -0.001801   -0.235860    0.002664
  8   34.241196  -27.603939  -41.285583    0.917255    0.604636   -0.391826
  9   34.241119   23.110189  -41.285690   -0.917955    0.603415    0.390642
 10   35.246704  -51.799805    1.300476   -0.000000   -0.000000   -0.686200
 11   35.246552   51.980446    1.300278   -0.000000    0.000000    0.686845
 12   34.830048  -24.539801   44.943710   -0.920035   -0.599785   -0.403993
 13   34.885773   27.245638   43.148682    0.921064   -0.597940    0.402228
 14   29.239323  -51.573353   94.292938    0.225163   -0.238728   -0.964787
 15   42.375076    0.000011   -0.000023   -0.242849   -0.009566    0.648171
 16   42.546051    0.000031   -0.000008   -0.057883   -0.020751    0.079415
 17   42.234467    0.000031    0.000015   -0.028668   -0.107917   -0.075190
 18   42.465027    0.000031    0.000011    0.050768   -0.462051   -0.480981
 19   42.458099   -0.000053    0.000000   -0.003292   -0.420036   -0.469282
 20   42.267914    0.000061    0.000046   -0.022131   -0.211789   -0.399392
 21   42.505882    0.000031    0.000000    0.048848   -0.254079   -0.517291
 22   42.233185   -0.000031    0.000000    0.009964    0.097450    0.098602
 23   42.352287   -0.000031   -0.000015    0.114980    0.409555    0.632609
 24   42.391785   -0.000031    0.000031    0.017911    0.205616    0.288785
 25   42.497589    0.000053    0.000034    0.001741    0.101976    0.141943
 26   42.272736    0.000073    0.000023   -0.001112    0.059240    0.083050
 27   29.239342   55.382637   92.214996    0.824944   -0.092866    1.510331
 28   42.375092    0.000000   -0.000015    0.410554   -0.328658   -0.147280
 29   42.546112   -0.000008    0.000023    0.272032   -0.322504   -0.111561
 30   42.234497    0.000076    0.000000   -0.050806    0.018601    0.199067
 31   42.465027   -0.000061   -0.000008   -0.059780    0.286668    0.629236
 32   42.458038    0.000008    0.000008    0.039075    0.082011    0.366158
 33   42.267883   -0.000015    0.000000    0.230186    0.149669    0.623155
 34   42.505997    0.000061    0.000000    0.359532    0.213425    0.484147
 35   42.233074   -0.000031    0.000015   -0.275534   -0.394779   -0.358872
 36   42.352234   -0.000153    0.000015   -0.138771   -0.271017   -0.519759
 37   42.391724    0.000061   -0.000031   -0.019278   -0.060842   -0.187135
 38   42.497620    0.000031   -0.000010   -0.004459   -0.032290   -0.107894
 39   42.272675    0.000151   -0.000011    0.000460   -0.016189   -0.055242
 40   29.239342  106.746689    1.740845   -0.006223    0.083136    1.756516
 41   42.375092    0.000000   -0.000004    0.046292    0.113774   -0.592217
 42   42.546127    0.000000    0.000004    0.094551    0.062449   -0.549567
 43   42.234467    0.000023    0.000000   -0.024175    0.000915    0.112806
 44   42.465088   -0.000023   -0.000008   -0.131853   -0.017420    0.659235
 45   42.458145   -0.000008    0.000000   -0.053193   -0.051442    0.351521
 46   42.267899    0.000000    0.000008   -0.054014   -0.094854    0.596227
 47   42.505859    0.000000    0.000010    0.007151   -0.119251    0.679746
 48   42.233109    0.000031   -0.000007    0.002521   -0.006813    0.019913
 49   42.352238   -0.000031    0.000008   -0.064442    0.051789   -0.501258
 50   42.391663    0.000000    0.000004   -0.039072    0.089270   -0.600633
 51   42.497650    0.000000   -0.000015    0.008817    0.049581   -0.302420
 52   42.272675    0.000003   -0.000004    0.012115    0.023659   -0.158601
 53   29.239342   50.706894  -91.389099   -0.061727    1.124821    2.141773
 54   42.375084    0.000015    0.000002   -0.029185    0.074576   -0.182292
 55   42.546082    0.000031    0.000029   -0.030430    0.117516   -0.264263
 56   42.234543   -0.000034    0.000000   -0.056348    0.183250   -0.378678
 57   42.465027    0.000038    0.000008   -0.017365   -0.062234    0.056143
 58   42.458054    0.000008    0.000000   -0.135425   -0.394701    0.605446
 59   42.267975   -0.000076    0.000008   -0.064687   -0.256559    0.339911
 60   42.505859    0.000107    0.000000   -0.070551   -0.301001    0.385526
 61   42.233208   -0.000061   -0.000031   -0.014246   -0.166376    0.200302
 62   42.352280    0.000000   -0.000015   -0.055002    0.329890   -0.419989
 63   42.391785    0.000015   -0.000015   -0.037878    0.242112   -0.308657
 64   42.497559    0.000038    0.000000   -0.011309    0.121976   -0.151354
 65   42.272705    0.000042    0.000011   -0.004509    0.056231   -0.069002
 66   29.239319  -56.044884  -91.389076   -1.148458    1.308974   -1.719680
 67   42.375099   -0.000002   -0.000008    0.027968   -0.178255    0.074276
 68   42.546135   -0.000004    0.000023   -0.022814   -0.245327    0.125285
 69   42.234467    0.000023   -0.000019   -0.045257   -0.299762    0.171609
 70   42.464996   -0.000050   -0.000027    0.023217    0.091840   -0.133993
 71   42.458099    0.000023   -0.000011   -0.093032    0.457015   -0.549812
 72   42.267929   -0.000069    0.000008   -0.042412    0.243500   -0.317078
 73   42.506012    0.000031    0.000046   -0.114261    0.310023   -0.410864
 74   42.233154    0.000015    0.000000   -0.040584    0.122958   -0.139855
 75   42.352158    0.000031    0.000015   -0.019908   -0.375292    0.430207
 76   42.391815   -0.000015    0.000031   -0.005707   -0.225153    0.278918
 77   42.497589    0.000038    0.000000   -0.002015   -0.114701    0.146586
 78   42.272675    0.000013    0.000010    0.000485   -0.049704    0.063950
 79   29.239330 -106.786308    1.740898    0.005942    0.180951   -1.132652
 80   42.375084   -0.000006    0.000000   -0.066659    0.031369    0.373477
 81   42.546036   -0.000019    0.000004   -0.070254    0.008575    0.360980
 82   42.234528   -0.000008   -0.000004    0.025716   -0.000192   -0.132997
 83   42.465103   -0.000023   -0.000011    0.114612   -0.005846   -0.634465
 84   42.458038    0.000015   -0.000011    0.053063   -0.042703   -0.357011
 85   42.267899    0.000015   -0.000013    0.059503   -0.086292   -0.622141
 86   42.505859    0.000000    0.000021    0.000475   -0.108886   -0.671916
 87   42.233086    0.000122   -0.000010   -0.000489   -0.005774   -0.004436
 88   42.352306    0.000031   -0.000004    0.057746    0.050978    0.533610
 89   42.391724    0.000000    0.000004    0.027931    0.078977    0.589059
 90   42.497559    0.000008   -0.000029   -0.009926    0.040872    0.290872
 91   42.272522    0.000010    0.000015   -0.011084    0.019228    0.152748
time 45
  0    0.000000    0.000000    0.000000    0.000000   -0.000000    0.000000
  1    0.000000    0.000000    0.000000    0.000000   -0.000000    0.000000
  2    0.000000  -35.480099   16.846397    2.375565   -1.414448   -0.804818
  3   50.309204   -0.435479    0.000008   -0.004490   -0.422158    0.013230
  4   30.891541   -0.000011   -0.000004    0.001643   -0.329323   -0.015947
  5   34.635605    0.000006   -0.000004    0.002470   -0.148146   -0.002518
  6   30.584290    0.000019   -0.000004   -0.003535   -0.344516    0.000783
  7   31.520187    0.000001    0.000008   -0.001801   -0.235860    0.002664
  8   34.241196  -27.207836  -40.693176    0.905034    0.627729   -0.413314
  9   34.241119   22.778568  -40.693253   -0.906428    0.625286    0.410946
 10   35.246719  -51.056499    1.281830   -0.000000    0.000000   -0.715301
 11   35.246552   51.234547    1.281601   -0.000000    0.000000    0.716588
 12   34.830032  -24.187668   44.298805   -0.907068   -0.624686   -0.426955
 13   34.885773   26.854671   42.529526    0.909129   -0.620999    0.423420
 14   29.239317  -51.573318   94.292953    0.234679   -0.164045   -1.019941
 15   42.375053   -0.000008   -0.000031   -0.277760   -0.055063    0.691426
 16   42.546082    0.000038    0.000015   -0.059643   -0.025929    0.099751
 17   42.234482    0.000046   -0.000008   -0.028571   -0.099711   -0.064493
 18   42.464996    0.000031    0.000004    0.049635   -0.431013   -0.462822
 19   42.458130   -0.000076   -0.000015    0.016792   -0.442831   -0.500469
 20   42.267960    0.000046   -0.000015   -0.021945   -0.218100   -0.360688
 21   42.505875    0.000031    0.000015    0.041624   -0.284061   -0.520965
 22   42.233177   -0.000031   -0.000031    0.012560    0.076159    0.073493
 23   42.352257    0.000000   -0.000015    0.138046    0.408988    0.626880
 24   42.391693   -0.000061   -0.000015    0.028348    0.220225    0.296110
 25   42.497559    0.000031   -0.000031    0.004362    0.107378    0.140550
 26   42.272827    0.000059   -0.000054   -0.000066    0.063236    0.082934
 27   29.239325   55.382607   92.214951    0.844449   -0.091554    1.498248
 28   42.375069   -0.000019   -0.000031    0.402071   -0.340745   -0.135801
 29   42.546066   -0.000015    0.000034    0.256514   -0.325798   -0.098127
 30   42.234451    0.000076    0.000008   -0.051701    0.029804    0.204907
 31   42.465012   -0.000061    0.000011   -0.050605    0.299420    0.619616
 32   42.458069    0.000038   -0.000031    0.039218    0.089096    0.359439
 33   42.267944    0.000031   -0.000015    0.233003    0.155598    0.633401
 34   42.506065    0.000061    0.000046    0.340934    0.209228    0.466033
 35   42.233055    0.000000    0.000031   -0.275403   -0.413021   -0.377548
 36   42.352234   -0.000092    0.000015   -0.130018   -0.262998   -0.508620
 37   42.391724    0.000122   -0.000001   -0.017692   -0.061214   -0.183084
 38   42.497650    0.000069   -0.000021   -0.003921   -0.032760   -0.105614
 39   42.272583    0.000195   -0.000008    0.000645   -0.016224   -0.053274
 40   29.239351  106.746635    1.740849   -0.006360    0.082394    1.762902
 41   42.375046    0.000000   -0.000008    0.045816    0.114705   -0.591593
 42   42.546097   -0.000011   -0.000008    0.095498    0.064096   -0.554747
 43   42.234467    0.000015   -0.000008   -0.023604    0.000803    0.109462
 44   42.465057   -0.000008   -0.000011   -0.132811   -0.017490    0.660160
 45   42.458038   -0.000023   -0.000011   -0.053710   -0.052094    0.352979
 46   42.267914    0.000000    0.000004   -0.054045   -0.096046    0.595435
 47   42.505829    0.000031    0.000012    0.007738   -0.120482    0.679097
 48   42.233154   -0.000031   -0.000006    0.002641   -0.006805    0.020541
 49   42.352219   -0.000031    0.000006   -0.065072    0.052374   -0.498775
 50   42.391678    0.000000    0.000003   -0.039831    0.090617   -0.600781
 51   42.497528    0.000008   -0.000006    0.008896    0.050522   -0.303102
 52   42.272705    0.000003    0.000000    0.012323    0.024125   -0.159037
 53   29.239336   50.706871  -91.389076   -0.051628    1.122286    2.153280
 54   42.375080   -0.000008   -0.000004   -0.029129    0.074603   -0.182329
 55   42.546051    0.000019    0.000013   -0.030364    0.117638   -0.264711
 56   42.234528   -0.000038   -0.000004   -0.056623    0.183908   -0.380663
 57   42.465057    0.000031   -0.000004   -0.017327   -0.061050    0.054524
 58   42.458099    0.000004   -0.000031   -0.133204   -0.391316    0.600466
 59   42.267975   -0.000092   -0.000015   -0.064704   -0.256420    0.340427
 60   42.505920    0.000107    0.000000   -0.072684   -0.304957    0.392069
 61   42.233177   -0.000061   -0.000046   -0.014502   -0.166804    0.201129
 62   42.352280    0.000061   -0.000031   -0.054260    0.328500   -0.418471
 63   42.391754    0.000046   -0.000015   -0.038264    0.243649   -0.311248
 64   42.497650    0.000046   -0.000015   -0.011395    0.122704   -0.152560
 65   42.272827    0.000015    0.000000   -0.004542    0.056721   -0.069741
 66   29.239325  -56.044861  -91.389030   -1.162744    1.308654   -1.734531
 67   42.375107    0.000000   -0.000015    0.027588   -0.178423    0.074622
 68   42.546104    0.000004    0.000015   -0.023344   -0.245838    0.125749
 69   42.234467    0.000031   -0.000004   -0.045943   -0.300726    0.172148
 70   42.465073   -0.000038   -0.000004    0.023326    0.091232   -0.133381
 71   42.458130    0.000008    0.000008   -0.090348    0.453798   -0.544252
 72   42.267914   -0.000053   -0.000008   -0.042501    0.243938   -0.317890
 73   42.506012    0.000092    0.000000   -0.117459    0.314249   -0.417558
 74   42.233162    0.000015   -0.000031   -0.040757    0.122735   -0.139368
 75   42.352173    0.000031    0.000031   -0.018905   -0.375108    0.429011
 76   42.391754    0.000015    0.000031   -0.005671   -0.226671    0.280735
 77   42.497559    0.000069    0.000046   -0.002046   -0.115414    0.147559
 78   42.272675    0.000008    0.000044    0.000454   -0.050110    0.064505
 79   29.239309 -106.786240    1.740894    0.006070    0.181554   -1.133164
 80   42.375069    0.000011   -0.000004   -0.066848    0.031823    0.373248
 81   42.546036    0.000004    0.000000   -0.070897    0.008993    0.362524
 82   42.234512    0.000000   -0.000011    0.025513   -0.000345   -0.131108
 83   42.465057   -0.000008    0.000000    0.115363   -0.006030   -0.634991
 84   42.458023    0.000000    0.000004    0.053513   -0.043249   -0.358411
 85   42.267914    0.000000    0.000006    0.059673   -0.087400   -0.623325
 86   42.505966   -0.000031    0.000015   -0.000149   -0.109532   -0.669839
 87   42.233063   -0.000031   -0.000010   -0.000426   -0.005624   -0.003785
 88   42.352291   -0.000031   -0.000006    0.058380    0.051626    0.533469
 89   42.391693   -0.000031   -0.000005    0.028187    0.079863    0.588133
 90   42.497528   -0.000015   -0.000015   -0.010028    0.041402    0.290780
 91   42.272552   -0.000010    0.000031   -0.011210    0.019479    0.152681
time 46
  0    0.000000    0.000000    0.000000    0.000000   -0.000000    0.000000
  1    0.000000    0.000000    0.000000    0.000000   -0.000000    0.000000
  2    0.000000  -35.526894   16.980284    2.375264   -1.412826   -0.804515
  3   50.309219   -0.435479    0.000004    0.004944   -0.422308    0.008002
  4   30.891541   -0.000011   -0.000004    0.009340   -0.329355   -0.023223
  5   34.635582    0.000008   -0.000008    0.007857   -0.148173   -0.010210
  6   30.584274    0.000018   -0.000011    0.000965   -0.344565   -0.008355
  7   31.520172    0.000000   -0.000008   -0.001801   -0.235860    0.002664
  8   34.241211  -27.603939  -41.285599    0.917255    0.604636   -0.391826
  9   34.241119   23.110184  -41.285690   -0.917955    0.603415    0.390642
 10   35.246704  -51.799801    1.300476   -0.000000   -0.000000   -0.686200
 11   35.246552   51.980434    1.300262   -0.000000    0.000000    0.686845
 12   34.830032  -24.539795   44.943703   -0.920035   -0.599785   -0.403993
 13   34.885773   27.245632   43.148666    0.921064   -0.597940    0.402227
 14   29.239334  -51.573349   94.292931    0.239890   -0.090536   -1.072940
 15   42.375084    0.000004    0.000000   -0.311400   -0.099104    0.728612
 16   42.546097    0.000038    0.000000   -0.062329   -0.034214    0.123377
 17   42.234528    0.000015    0.000000   -0.028447   -0.093674   -0.054376
 18   42.465057    0.000015   -0.000019    0.046125   -0.397616   -0.438712
 19   42.458099   -0.000046   -0.000031    0.037241   -0.459904   -0.529405
 20   42.267975    0.000046   -0.000015   -0.020387   -0.227767   -0.331954
 21   42.505836    0.000000   -0.000031    0.034264   -0.313899   -0.518015
 22   42.233192    0.000061   -0.000015    0.013437    0.055112    0.050423
 23   42.352287    0.000061   -0.000015    0.160528    0.406738    0.619242
 24   42.391754   -0.000015    0.000031    0.039738    0.234788    0.302347
 25   42.497528    0.000046    0.000008    0.007076    0.112735    0.138792
 26   42.272858    0.000070   -0.000078    0.001030    0.067231    0.082500
 27   29.239334   55.382607   92.214905    0.865552   -0.090412    1.485051
 28   42.375061    0.000015    0.000008    0.391803   -0.352863   -0.122776
 29   42.546112   -0.000023    0.000015    0.240544   -0.328178   -0.084188
 30   42.234482    0.000069   -0.000015   -0.051833    0.041350    0.210192
 31   42.465027   -0.000031    0.000008   -0.041633    0.312556    0.609347
 32   42.458099    0.000000    0.000000    0.039160    0.096165    0.353072
 33   42.267914    0.000000    0.000031    0.235084    0.161656    0.642744
 34   42.506027    0.000031    0.000000    0.322587    0.204673    0.448576
 35   42.233067   -0.000061    0.000046   -0.273585   -0.430396   -0.395788
 36   42.352219   -0.000153   -0.000015   -0.121587   -0.255892   -0.497494
 37   42.391693    0.000046   -0.000016   -0.016177   -0.061710   -0.179175
 38   42.497620    0.000046    0.000002   -0.003403   -0.033280   -0.103403
 39   42.272583    0.000086   -0.000011    0.000820   -0.016279   -0.051396
 40   29.239357  106.746628    1.740833   -0.006499    0.081703    1.769073
 41   42.375038   -0.000008    0.000004    0.045362    0.115577   -0.590870
 42   42.546112    0.000004    0.000000    0.096415    0.065714   -0.559778
 43   42.234436   -0.000015    0.000000   -0.023031    0.000688    0.106161
 44   42.465088    0.000000   -0.000008   -0.133737   -0.017570    0.661025
 45   42.458069    0.000008    0.000000   -0.054216   -0.052740    0.354417
 46   42.267883    0.000015   -0.000002   -0.054063   -0.097209    0.594644
 47   42.505890   -0.000031    0.000005    0.008319   -0.121686    0.678499
 48   42.233139    0.000000   -0.000011    0.002762   -0.006801    0.021172
 49   42.352215    0.000000    0.000005   -0.065682    0.052925   -0.496315
 50   42.391663   -0.000031   -0.000005   -0.040597    0.091928   -0.600950
 51   42.497589   -0.000015   -0.000013    0.008961    0.051449   -0.303773
 52   42.272766   -0.000022   -0.000004    0.012523    0.024587   -0.159473
 53   29.239349   50.706894  -91.389053   -0.041797    1.119710    2.164491
 54   42.375084   -0.000008   -0.000006   -0.029078    0.074651   -0.182399
 55   42.546082    0.000031    0.000021   -0.030307    0.117782   -0.265190
 56   42.234543   -0.000046   -0.000008   -0.056900    0.184558   -0.382604
 57   42.465042    0.000031    0.000008   -0.017292   -0.059833    0.052860
 58   42.458099    0.000019   -0.000011   -0.131023   -0.387958    0.595537
 59   42.267990   -0.000076    0.000008   -0.064736   -0.256328    0.341015
 60   42.505890    0.000107    0.000000   -0.074828   -0.308849    0.398579
 61   42.233147   -0.000031   -0.000061   -0.014791   -0.167356    0.202116
 62   42.352257    0.000000    0.000000   -0.053457    0.326961   -0.416733
 63   42.391663    0.000061    0.000015   -0.038686    0.245309   -0.314012
 64   42.497528    0.000038   -0.000023   -0.011491    0.123481   -0.153834
 65   42.272736    0.000015   -0.000013   -0.004574    0.057250   -0.070533
 66   29.239323  -56.044846  -91.388962   -1.176705    1.308272   -1.749029
 67   42.375076   -0.000008   -0.000008    0.027198   -0.178623    0.074993
 68   42.546120    0.000000    0.000027   -0.023882   -0.246368    0.126241
 69   42.234436    0.000042    0.000008   -0.046619   -0.301646    0.172672
 70   42.465027   -0.000015    0.000027    0.023435    0.090584   -0.132717
 71   42.458084    0.000031    0.000008   -0.087705    0.450615   -0.538775
 72   42.267960   -0.000061    0.000008   -0.042602    0.244433   -0.318783
 73   42.505966    0.000092   -0.000015   -0.120668    0.318406   -0.424202
 74   42.233154    0.000015   -0.000031   -0.040982    0.122661   -0.139052
 75   42.352165   -0.000092    0.000000   -0.017850   -0.374806    0.427636
 76   42.391815    0.000000   -0.000031   -0.005644   -0.228326    0.282711
 77   42.497559    0.000038    0.000008   -0.002080   -0.116174    0.148593
 78   42.272705    0.000015    0.000008    0.000421   -0.050553    0.065106
 79   29.239326 -106.786263    1.740917    0.006199    0.182147   -1.133470
 80   42.375092    0.000006   -0.000011   -0.067012    0.032262    0.372902
 81   42.546066   -0.000019    0.000000   -0.071519    0.009418    0.363970
 82   42.234512    0.000008   -0.000004    0.025307   -0.000498   -0.129234
 83   42.465057   -0.000031    0.000000    0.116106   -0.006227   -0.635479
 84   42.458099    0.000023    0.000000    0.053958   -0.043797   -0.359787
 85   42.267883    0.000000   -0.000010    0.059829   -0.088491   -0.624429
 86   42.505981    0.000000    0.000010   -0.000762   -0.110172   -0.667874
 87   42.233025    0.000061   -0.000005   -0.000366   -0.005481   -0.003189
 88   42.352257    0.000031   -0.000001    0.059007    0.052253    0.533291
 89   42.391724   -0.000031   -0.000010    0.028454    0.080735    0.587270
 90   42.497650    0.000015   -0.000025   -0.010123    0.041926    0.290698
 91   42.272583   -0.000006    0.000011   -0.011332    0.019729    0.152621
time 47
  0    0.000000    0.000000    0.000000    0.000000   -0.000000    0.000000
  1    0.000000    0.000000    0.000000    0.000000   -0.000000    0.000000
  2    0.000000  -35.567455   17.104603    2.374963   -1.411201   -0.804212
  3   50.309212   -0.435479    0.000004    0.014294   -0.422456    0.002820
  4   30.891541   -0.000011    0.000008    0.016969   -0.329387   -0.030434
  5   34.635605    0.000008    0.000015    0.013197   -0.148204   -0.017834
  6   30.584274    0.000018    0.000011    0.005425   -0.344622   -0.017411
  7   31.520187    0.000000    0.000008   -0.001801   -0.235860    0.002664
  8   34.241196  -28.000027  -41.878006    0.929474    0.581547   -0.370341
  9   34.241119   23.441795  -41.878098   -0.929479    0.581550    0.370341
 10   35.246704  -52.543072    1.319138   -0.000000   -0.000000   -0.657108
 11   35.246552   52.726307    1.318939   -0.000000    0.000000    0.657111
 12   34.830032  -24.891920   45.588593   -0.933001   -0.574887   -0.381033
 13   34.885788   27.636578   43.767815    0.932996   -0.574885    0.381039
 14   29.239325  -51.573341   94.292999    0.239418   -0.020156   -1.121383
 15   42.375084    0.000004    0.000000   -0.340117   -0.141073    0.752107
 16   42.546082    0.000023    0.000015   -0.066445   -0.045942    0.149196
 17   42.234467    0.000031   -0.000008   -0.027889   -0.090474   -0.044648
 18   42.465012    0.000008   -0.000015    0.042667   -0.368195   -0.409463
 19   42.458099   -0.000061   -0.000008    0.052850   -0.473189   -0.546371
 20   42.267929    0.000046    0.000000   -0.020011   -0.240525   -0.314921
 21   42.505951   -0.000046    0.000015    0.025016   -0.340332   -0.512435
 22   42.233208   -0.000061   -0.000046    0.013253    0.038102    0.033030
 23   42.352249    0.000031   -0.000046    0.182466    0.403803    0.612037
 24   42.391754   -0.000031    0.000000    0.051007    0.247216    0.304965
 25   42.497589    0.000000   -0.000023    0.009750    0.117595    0.136231
 26   42.272888    0.000020   -0.000036    0.002066    0.070296    0.080750
 27   29.239340   55.382622   92.214966    0.888191   -0.089444    1.470751
 28   42.375099    0.000008   -0.000023    0.379678   -0.364813   -0.108136
 29   42.546082    0.000000    0.000031    0.224323   -0.329553   -0.069895
 30   42.234467    0.000053    0.000019   -0.051200    0.053109    0.214847
 31   42.465057   -0.000042    0.000027   -0.032941    0.325985    0.598561
 32   42.458099    0.000031    0.000015    0.038911    0.103196    0.347047
 33   42.267975    0.000000    0.000038    0.236362    0.167819    0.651043
 34   42.506065    0.000000    0.000000    0.304746    0.199892    0.432021
 35   42.233131   -0.000092    0.000031   -0.270167   -0.446799   -0.413408
 36   42.352280   -0.000122    0.000023   -0.113532   -0.249767   -0.486564
 37   42.391724    0.000076   -0.000007   -0.014735   -0.062332   -0.175431
 38   42.497711    0.000046    0.000000   -0.002909   -0.033851   -0.101274
 39   42.272644    0.000145    0.000023    0.000985   -0.016357   -0.049619
 40   29.239344  106.746643    1.740841   -0.006639    0.081063    1.775037
 41   42.375053    0.000000   -0.000004    0.044934    0.116397   -0.590067
 42   42.546097    0.000015   -0.000004    0.097302    0.067300   -0.564648
 43   42.234482    0.000000   -0.000008   -0.022457    0.000571    0.102916
 44   42.465088    0.000000   -0.000015   -0.134633   -0.017663    0.661829
 45   42.458054   -0.000031   -0.000004   -0.054709   -0.053380    0.355830
 46   42.267883    0.000000    0.000008   -0.054068   -0.098344    0.593858
 47   42.505890   -0.000031    0.000007    0.008895   -0.122863    0.677948
 48   42.233131    0.000000   -0.000008    0.002884   -0.006801    0.021795
 49   42.352253   -0.000031    0.000006   -0.066277    0.053447   -0.493924
 50   42.391663    0.000000    0.000000   -0.041364    0.093198   -0.601115
 51   42.497620    0.000031   -0.000013    0.009013    0.052357   -0.304424
 52   42.272675   -0.000016    0.000004    0.012714    0.025043   -0.159902
 53   29.239344   50.706902  -91.389122   -0.032211    1.117098    2.175433
 54   42.375088   -0.000008   -0.000006   -0.029030    0.074718   -0.182505
 55   42.546036    0.000027    0.000013   -0.030260    0.117954   -0.265704
 56   42.234512   -0.000019    0.000008   -0.057181    0.185201   -0.384507
 57   42.465057    0.000046    0.000008   -0.017258   -0.058586    0.051161
 58   42.458084    0.000050   -0.000015   -0.128881   -0.384629    0.590666
 59   42.267975   -0.000092   -0.000008   -0.064783   -0.256278    0.341668
 60   42.505890    0.000076    0.000031   -0.076975   -0.312663    0.405038
 61   42.233147   -0.000092    0.000015   -0.015120   -0.168045    0.203279
 62   42.352272    0.000000   -0.000015   -0.052588    0.325262   -0.414756
 63   42.391754    0.000000   -0.000015   -0.039145    0.247100   -0.316962
 64   42.497650    0.000031   -0.000015   -0.011594    0.124308   -0.155178
 65   42.272736    0.000023    0.000004   -0.004610    0.057822   -0.071380
 66   29.239313  -56.044861  -91.389023   -1.190352    1.307832   -1.763183
 67   42.375092    0.000011   -0.000008    0.026798   -0.178857    0.075389
 68   42.546104    0.000015    0.000011   -0.024431   -0.246924    0.126763
 69   42.234482    0.000034   -0.000008   -0.047286   -0.302523    0.173186
 70   42.465027   -0.000019   -0.000015    0.023545    0.089889   -0.132000
 71   42.458115    0.000031   -0.000015   -0.085106    0.447476   -0.533393
 72   42.267929   -0.000069   -0.000015   -0.042718    0.244985   -0.319756
 73   42.505981    0.000061    0.000015   -0.123879    0.322488   -0.430783
 74   42.233139    0.000015   -0.000015   -0.041263    0.122745   -0.138923
 75   42.352173   -0.000061    0.000000   -0.016739   -0.374377    0.426073
 76   42.391754    0.000015   -0.000015   -0.005629   -0.230125    0.284855
 77   42.497559    0.000053    0.000023   -0.002116   -0.116984    0.149691
 78   42.272766    0.000013    0.000027    0.000384   -0.051033    0.065759
 79   29.239309 -106.786263    1.740902    0.006330    0.182735   -1.133567
 80   42.375053   -0.000004   -0.000011   -0.067153    0.032685    0.372438
 81   42.546036   -0.000008   -0.000004   -0.072119    0.009848    0.365314
 82   42.234512   -0.000031   -0.000004    0.025102   -0.000650   -0.127385
 83   42.465073   -0.000023   -0.000015    0.116842   -0.006440   -0.635924
 84   42.458069    0.000000    0.000000    0.054394   -0.044348   -0.361127
 85   42.267929    0.000000   -0.000011    0.059970   -0.089560   -0.625418
 86   42.505981    0.000000    0.000015   -0.001360   -0.110812   -0.666054
 87   42.233055    0.000061   -0.000014   -0.000312   -0.005347   -0.002660
 88   42.352287    0.000000    0.000004    0.059623    0.052855    0.533047
 89   42.391708    0.000000    0.000004    0.028737    0.081592    0.586476
 90   42.497620    0.000015   -0.000023   -0.010208    0.042448    0.290638
 91   42.272522   -0.000006    0.000023   -0.011449    0.019979    0.152583
time 48
  0    0.000000    0.000000    0.000000    0.000000   -0.000000    0.000000
  1    0.000000    0.000000    0.000000    0.000000   -0.000000    0.000000
  2    0.000000  -35.602238   17.219408    2.374663   -1.409571   -0.803908
  3   50.309204   -0.435479    0.000004    0.023477   -0.422601   -0.002268
  4   30.891541   -0.000010    0.000000    0.024461   -0.329419   -0.037516
  5   34.635597    0.000008    0.000000    0.018441   -0.148238   -0.025320
  6   30.584274    0.000019    0.000004    0.009805   -0.344685   -0.026305
  7   31.520187    0.000001    0.000000   -0.001801   -0.235860    0.002664
  8   34.241196  -27.603931  -41.285583    0.917255    0.604636   -0.391826
  9   34.241119   23.110188  -41.285675   -0.917955    0.603415    0.390642
 10   35.246704  -51.799789    1.300491   -0.000000   -0.000000   -0.686200
 11   35.246536   51.980423    1.300262   -0.000000   -0.000000    0.686845
 12   34.830032  -24.539795   44.943695   -0.920035   -0.599785   -0.403993
 13   34.885773   27.245628   43.148666    0.921064   -0.597940    0.402227
 14   29.239321  -51.573341   94.292976    0.231835    0.045342   -1.163299
 15   42.375088   -0.000004   -0.000008   -0.360273   -0.182095    0.759741
 16   42.546082    0.000015    0.000015   -0.072127   -0.061216    0.176115
 17   42.234467   -0.000015    0.000015   -0.027051   -0.089606   -0.035157
 18   42.464981    0.000000    0.000004    0.040176   -0.343411   -0.378448
 19   42.458069   -0.000069    0.000023    0.063095   -0.483223   -0.550169
 20   42.267975    0.000046   -0.000015   -0.020887   -0.256024   -0.306187
 21   42.505875    0.000031    0.000000    0.013997   -0.363984   -0.506984
 22   42.233170    0.000031    0.000000    0.012611    0.025730    0.021413
 23   42.352280    0.000061    0.000015    0.203989    0.401009    0.606025
 24   42.391754    0.000000   -0.000015    0.061511    0.257186    0.303960
 25   42.497528    0.000042   -0.000015    0.012294    0.121887    0.132974
 26   42.272797    0.000068    0.000003    0.003055    0.073000    0.078574
 27   29.239328   55.382633   92.214966    0.912282   -0.088648    1.455363
 28   42.375053    0.000000    0.000000    0.365649   -0.376368   -0.091827
 29   42.546127   -0.000015    0.000027    0.208071   -0.329862   -0.055422
 30   42.234467    0.000061    0.000000   -0.049815    0.064922    0.218800
 31   42.465057   -0.000015    0.000000   -0.024591    0.339624    0.587396
 32   42.458038    0.000031    0.000023    0.038480    0.110178    0.341337
 33   42.267929    0.000000    0.000023    0.236767    0.174061    0.658144
 34   42.506073    0.000031    0.000031    0.287678    0.195052    0.416643
 35   42.233105    0.000000    0.000076   -0.265276   -0.462175   -0.430239
 36   42.352310   -0.000122    0.000015   -0.105890   -0.244669   -0.476007
 37   42.391724    0.000061    0.000003   -0.013367   -0.063080   -0.171871
 38   42.497620    0.000038   -0.000011   -0.002436   -0.034472   -0.099233
 39   42.272675    0.000128    0.000011    0.001139   -0.016462   -0.047951
 40   29.239347  106.746651    1.740841   -0.006782    0.080476    1.780802
 41   42.375061    0.000000   -0.000008    0.044532    0.117172   -0.589206
 42   42.546066   -0.000004    0.000000    0.098161    0.068850   -0.569342
 43   42.234436    0.000008   -0.000004   -0.021890    0.000450    0.099747
 44   42.465057    0.000015   -0.000008   -0.135500   -0.017772    0.662571
 45   42.458038   -0.000008   -0.000011   -0.055186   -0.054013    0.357202
 46   42.267883   -0.000015   -0.000002   -0.054059   -0.099448    0.593059
 47   42.505875   -0.000031    0.000006    0.009460   -0.124016    0.677467
 48   42.233154    0.000061   -0.000012    0.003009   -0.006807    0.022421
 49   42.352196    0.000000    0.000002   -0.066857    0.053936   -0.491590
 50   42.391617    0.000000   -0.000005   -0.042136    0.094427   -0.601295
 51   42.497589    0.000015   -0.000010    0.009051    0.053248   -0.305059
 52   42.272644   -0.000004    0.000004    0.012895    0.025493   -0.160322
 53   29.239317   50.706917  -91.389099   -0.022853    1.114447    2.186123
 54   42.375111   -0.000015   -0.000004   -0.028985    0.074806   -0.182646
 55   42.546066    0.000027    0.000004   -0.030221    0.118146   -0.266246
 56   42.234528   -0.000046   -0.000010   -0.057464    0.185841   -0.386381
 57   42.465012    0.000031   -0.000019   -0.017227   -0.057296    0.049400
 58   42.458069   -0.000015   -0.000023   -0.126780   -0.381334    0.585859
 59   42.267975   -0.000092   -0.000015   -0.064844   -0.256276    0.342401
 60   42.505951    0.000092    0.000015   -0.079123   -0.316392    0.411436
 61   42.233170   -0.000031   -0.000015   -0.015490   -0.168878    0.204629
 62   42.352295    0.000061   -0.000015   -0.051646    0.323385   -0.412520
 63   42.391724    0.000046   -0.000015   -0.039647    0.249026   -0.320107
 64   42.497620    0.000023    0.000015   -0.011704    0.125188   -0.156594
 65   42.272766    0.000017   -0.000002   -0.004649    0.058438   -0.072288
 66   29.239313  -56.044876  -91.389053   -1.203705    1.307340   -1.777016
 67   42.375099    0.000000   -0.000008    0.026386   -0.179121    0.075813
 68   42.546082    0.000008    0.000011   -0.024987   -0.247493    0.127307
 69   42.234436    0.000042   -0.000008   -0.047954   -0.303369    0.173699
 70   42.465012   -0.000019    0.000008    0.023655    0.089119   -0.131207
 71   42.458099    0.000053   -0.000015   -0.082554    0.444394   -0.528116
 72   42.267883   -0.000046    0.000000   -0.042847    0.245594   -0.320812
 73   42.506012    0.000015    0.000015   -0.127080    0.326475   -0.437272
 74   42.233154   -0.000015   -0.000015   -0.041614    0.123027   -0.139025
 75   42.352196    0.000000    0.000031   -0.015566   -0.373804    0.424297
 76   42.391785    0.000000   -0.000015   -0.005626   -0.232081    0.287183
 77   42.497589    0.000015    0.000008   -0.002155   -0.117845    0.150856
 78   42.272675   -0.000038    0.000006    0.000347   -0.051556    0.066464
 79   29.239309 -106.786255    1.740902    0.006463    0.183324   -1.133442
 80   42.375069   -0.000010   -0.000008   -0.067275    0.033090    0.371865
 81   42.546051   -0.000008    0.000000   -0.072695    0.010278    0.366537
 82   42.234467   -0.000015   -0.000019    0.024898   -0.000800   -0.125572
 83   42.465088    0.000000   -0.000008    0.117572   -0.006667   -0.636329
 84   42.458038    0.000023   -0.000011    0.054824   -0.044899   -0.362425
 85   42.267929    0.000000   -0.000010    0.060099   -0.090614   -0.626334
 86   42.505920    0.000000    0.000023   -0.001946   -0.111450   -0.664348
 87   42.233032   -0.000061    0.000000   -0.000263   -0.005222   -0.002180
 88   42.352276   -0.000031    0.000005    0.060235    0.053436    0.532777
 89   42.391754    0.000031    0.000004    0.029034    0.082436    0.585745
 90   42.497559    0.000015   -0.000017   -0.010285    0.042964    0.290587
 91   42.272522    0.000004    0.000023   -0.011562    0.020228    0.152552
time 49
  0    0.000000    0.000000    0.000000    0.000000   -0.000000    0.000000
  1    0.000000    0.000000    0.000000    0.000000   -0.000000    0.000000
  2    0.000000  -35.631680   17.324743    2.374362   -1.407931   -0.803605
  3   50.309212   -0.435478    0.000004    0.032407   -0.422743   -0.007217
  4   30.891548   -0.000011   -0.000008    0.031748   -0.329449   -0.044403
  5   34.635605    0.000008    0.000011    0.023540   -0.148277   -0.032602
  6   30.584290    0.000018    0.000004    0.014065   -0.344755   -0.034954
  7   31.520187   -0.000002    0.000015   -0.001801   -0.235860    0.002664
  8   34.241196  -27.207836  -40.693161    0.905034    0.627729   -0.413314
  9   34.241119   22.778570  -40.693253   -0.906428    0.625286    0.410946
 10   35.246704  -51.056496    1.281815   -0.000000   -0.000000   -0.715301
 11   35.246552   51.234543    1.281616   -0.000000    0.000000    0.716588
 12   34.830017  -24.187668   44.298805   -0.907068   -0.624686   -0.426955
 13   34.885788   26.854677   42.529533    0.909129   -0.620999    0.423420
 14   29.239321  -51.573334   94.292908    0.215682    0.104588   -1.197224
 15   42.375084    0.000000    0.000000   -0.368345   -0.223419    0.750281
 16   42.546082    0.000042    0.000008   -0.079190   -0.079680    0.202600
 17   42.234482    0.000023   -0.000008   -0.026046   -0.090693   -0.025767
 18   42.464966    0.000015   -0.000034    0.038931   -0.323473   -0.347642
 19   42.458069   -0.000038   -0.000038    0.068018   -0.490677   -0.540916
 20   42.267914    0.000046    0.000000   -0.023171   -0.273749   -0.302864
 21   42.505829   -0.000061    0.000046    0.001263   -0.385366   -0.503501
 22   42.233177    0.000000    0.000000    0.012120    0.018205    0.015226
 23   42.352264    0.000000    0.000061    0.225077    0.398817    0.601435
 24   42.391693   -0.000046   -0.000015    0.070762    0.264675    0.299719
 25   42.497528    0.000050   -0.000015    0.014643    0.125589    0.129176
 26   42.272797    0.000099   -0.000046    0.003977    0.075418    0.076175
 27   29.239340   55.382614   92.214928    0.937737   -0.088027    1.438898
 28   42.375061    0.000008   -0.000008    0.349716   -0.387283   -0.073834
 29   42.546082    0.000008    0.000019    0.191990   -0.329068   -0.040940
 30   42.234467    0.000061   -0.000011   -0.047724    0.076638    0.222014
 31   42.465027   -0.000046    0.000031   -0.016623    0.353379    0.575999
 32   42.458069    0.000031    0.000015    0.037888    0.117104    0.335905
 33   42.267822    0.000000    0.000000    0.236268    0.180360    0.663938
 34   42.506020    0.000092    0.000000    0.271594    0.190329    0.402651
 35   42.233070   -0.000031    0.000031   -0.259065   -0.476508   -0.446152
 36   42.352264   -0.000092    0.000015   -0.098674   -0.240618   -0.465972
 37   42.391724    0.000061    0.000032   -0.012071   -0.063954   -0.168505
 38   42.497681    0.000065   -0.000006   -0.001985   -0.035143   -0.097284
 39   42.272583    0.000169    0.000042    0.001284   -0.016593   -0.046397
 40   29.239359  106.746628    1.740841   -0.006926    0.079942    1.786371
 41   42.375069    0.000000   -0.000004    0.044158    0.117906   -0.588307
 42   42.546097    0.000000    0.000000    0.098993    0.070361   -0.573848
 43   42.234451   -0.000008   -0.000004   -0.021328    0.000327    0.096654
 44   42.465057   -0.000023   -0.000004   -0.136339   -0.017899    0.663250
 45   42.458038   -0.000046   -0.000011   -0.055650   -0.054641    0.358539
 46   42.267975   -0.000015    0.000000   -0.054039   -0.100524    0.592268
 47   42.505890    0.000000    0.000006    0.010019   -0.125143    0.677048
 48   42.233116    0.000061   -0.000010    0.003133   -0.006817    0.023038
 49   42.352272    0.000000   -0.000000   -0.067424    0.054393   -0.489339
 50   42.391647    0.000031   -0.000002   -0.042910    0.095612   -0.601481
 51   42.497559    0.000046   -0.000013    0.009074    0.054117   -0.305666
 52   42.272614    0.000018    0.000000    0.013065    0.025934   -0.160730
 53   29.239347   50.706882  -91.389053   -0.013709    1.111760    2.196577
 54   42.375069    0.000008   -0.000008   -0.028943    0.074914   -0.182824
 55   42.546074    0.000031    0.000015   -0.030192    0.118365   -0.266827
 56   42.234528   -0.000034   -0.000017   -0.057752    0.186479   -0.388226
 57   42.465012    0.000038   -0.000004   -0.017198   -0.055970    0.047594
 58   42.458069    0.000008   -0.000015   -0.124724   -0.378081    0.581132
 59   42.267975   -0.000069   -0.000023   -0.064922   -0.256316    0.343205
 60   42.505859    0.000092    0.000000   -0.081266   -0.320032    0.417764
 61   42.233208   -0.000061   -0.000015   -0.015900   -0.169845    0.206152
 62   42.352264    0.000000    0.000000   -0.050637    0.321336   -0.410030
 63   42.391724    0.000031    0.000000   -0.040186    0.251076   -0.323435
 64   42.497650    0.000038    0.000015   -0.011821    0.126120   -0.158083
 65   42.272644    0.000011   -0.000017   -0.004692    0.059101   -0.073257
 66   29.239321  -56.044849  -91.388992   -1.216778    1.306801   -1.790539
 67   42.375084    0.000011   -0.000015    0.025961   -0.179422    0.076263
 68   42.546127   -0.000004    0.000019   -0.025559   -0.248092    0.127885
 69   42.234436    0.000038    0.000008   -0.048616   -0.304177    0.174203
 70   42.465027   -0.000027    0.000015    0.023765    0.088304   -0.130362
 71   42.458099    0.000046   -0.000015   -0.080052    0.441374   -0.522955
 72   42.267944   -0.000076    0.000008   -0.042988    0.246253   -0.321939
 73   42.505966    0.000061    0.000031   -0.130275    0.330374   -0.443681
 74   42.233109    0.000031   -0.000015   -0.042023    0.123467   -0.139308
 75   42.352119    0.000031   -0.000015   -0.014337   -0.373089    0.422315
 76   42.391785    0.000000   -0.000031   -0.005630   -0.234184    0.289677
 77   42.497559    0.000046    0.000000   -0.002195   -0.118756    0.152085
 78   42.272675   -0.000015    0.000004    0.000304   -0.052119    0.067227
 79   29.239309 -106.786255    1.740894    0.006598    0.183921   -1.133086
 80   42.375076    0.000002    0.000000   -0.067380    0.033473    0.371177
 81   42.546021   -0.000004    0.000004   -0.073250    0.010707    0.367643
 82   42.234497   -0.000015   -0.000004    0.024700   -0.000948   -0.123804
 83   42.465073    0.000015   -0.000011    0.118298   -0.006910   -0.636687
 84   42.458069   -0.000023   -0.000004    0.055244   -0.045451   -0.363672
 85   42.267838    0.000031   -0.000010    0.060218   -0.091648   -0.627139
 86   42.505920    0.000000    0.000011   -0.002515   -0.112094   -0.662797
 87   42.233055    0.000000   -0.000019   -0.000219   -0.005106   -0.001762
 88   42.352295    0.000000    0.000000    0.060840    0.053993    0.532468
 89   42.391754    0.000000   -0.000019    0.029347    0.083267    0.585084
 90   42.497528    0.000015   -0.000036   -0.010353    0.043476    0.290550
 91   42.272583    0.000006    0.000008   -0.011669    0.020477    0.152531
time 50
  0    0.000000    0.000000    0.000000    0.000000   -0.000000    0.000000
  1    0.000000    0.000000    0.000000    0.000000   -0.000000    0.000000
  2    0.000000  -35.656227   17.420662    2.374061   -1.406281   -0.803302
  3   50.309212   -0.435478    0.000004    0.041001   -0.422879   -0.011980
  4   30.891541   -0.000012    0.000004    0.038760   -0.329478   -0.051032
  5   34.635612    0.000008    0.000004    0.028448   -0.148319   -0.039609
  6   30.584290    0.000020    0.000015    0.018165   -0.344834   -0.043278
  7   31.520187    0.000000    0.000008   -0.001801   -0.235860    0.002664
  8   34.241180  -27.603930  -41.285568    0.917255    0.604636   -0.391826
  9   34.241119   23.110195  -41.285675   -0.917955    0.603415    0.390642
 10   35.246704  -51.799793    1.300491   -0.000000   -0.000000   -0.686200
 11   35.246552   51.980442    1.300278   -0.000000   -0.000000    0.686845
 12   34.830032  -24.539797   44.943718   -0.920035   -0.599785   -0.403993
 13   34.885788   27.245632   43.148689    0.921064   -0.597940    0.402227
 14   29.239321  -51.573360   94.292999    0.189868    0.156841   -1.222507
 15   42.375084    0.000004    0.000023   -0.361453   -0.265743    0.723831
 16   42.546082    0.000050    0.000008   -0.087068   -0.100540    0.226890
 17   42.234497    0.000046   -0.000004   -0.024955   -0.093407   -0.016384
 18   42.464996    0.000015    0.000008    0.038794   -0.308091   -0.317815
 19   42.458069   -0.000061    0.000015    0.068128   -0.496218   -0.519802
 20   42.267944    0.000000    0.000015   -0.027020   -0.293125   -0.302729
 21   42.505951    0.000000    0.000000   -0.013164   -0.404743   -0.502856
 22   42.233185    0.000031   -0.000031    0.012242    0.015087    0.013474
 23   42.352272    0.000031    0.000015    0.245475    0.397288    0.597972
 24   42.391754   -0.000061   -0.000015    0.078575    0.270010    0.293073
 25   42.497559    0.000038    0.000000    0.016756    0.128754    0.125065
 26   42.272858    0.000072   -0.000025    0.004825    0.077567    0.073657
 27   29.239347   55.382591   92.214996    0.964440   -0.087578    1.421376
 28   42.375084    0.000000    0.000000    0.331933   -0.397301   -0.054187
 29   42.546112   -0.000008    0.000019    0.176271   -0.327163   -0.026611
 30   42.234482    0.000069    0.000004   -0.044993    0.088107    0.224474
 31   42.465057   -0.000023    0.000008   -0.009053    0.367156    0.564520
 32   42.458084    0.000015   -0.000023    0.037155    0.123966    0.330703
 33   42.267883    0.000000   -0.000031    0.234863    0.186700    0.668340
 34   42.506012    0.000061   -0.000015    0.256662    0.185910    0.390207
 35   42.233070   -0.000061    0.000000   -0.251695   -0.489796   -0.461005
 36   42.352249   -0.000092   -0.000008   -0.091894   -0.237630   -0.456611
 37   42.391754    0.000076   -0.000004   -0.010843   -0.064953   -0.165343
 38   42.497650    0.000023   -0.000025   -0.001555   -0.035864   -0.095435
 39   42.272705    0.000156    0.000019    0.001419   -0.016756   -0.044959
 40   29.239351  106.746658    1.740822   -0.007073    0.079460    1.791758
 41   42.375076    0.000000   -0.000011    0.043812    0.118605   -0.587381
 42   42.546112    0.000008    0.000000    0.099799    0.071833   -0.578163
 43   42.234482   -0.000008   -0.000004   -0.020780    0.000200    0.093664
 44   42.465088   -0.000008    0.000000   -0.137151   -0.018045    0.663858
 45   42.458069    0.000000   -0.000008   -0.056096   -0.055262    0.359820
 46   42.267914    0.000031    0.000002   -0.054007   -0.101566    0.591457
 47   42.505936    0.000000    0.000008    0.010566   -0.126248    0.676712
 48   42.233147    0.000061   -0.000008    0.003259   -0.006834    0.023662
 49   42.352272    0.000031    0.000006   -0.067977    0.054815   -0.487147
 50   42.391678    0.000061   -0.000003   -0.043690    0.096751   -0.601686
 51   42.497589   -0.000015   -0.000011    0.009080    0.054964   -0.306254
 52   42.272705    0.000023    0.000004    0.013223    0.026369   -0.161132
 53   29.239328   50.706913  -91.389160   -0.004755    1.109034    2.206821
 54   42.375111   -0.000031   -0.000002   -0.028904    0.075043   -0.183038
 55   42.546059    0.000042    0.000011   -0.030170    0.118605   -0.267441
 56   42.234543   -0.000038   -0.000002   -0.058046    0.187122   -0.390059
 57   42.465027    0.000046    0.000000   -0.017173   -0.054598    0.045719
 58   42.458084    0.000019   -0.000008   -0.122710   -0.374865    0.576481
 59   42.268005   -0.000099    0.000008   -0.065014   -0.256402    0.344086
 60   42.505936    0.000076   -0.000031   -0.083395   -0.323563    0.423997
 61   42.233116   -0.000031   -0.000046   -0.016359   -0.170978    0.207900
 62   42.352303   -0.000031   -0.000031   -0.049551    0.319080   -0.407249
 63   42.391693    0.000031    0.000000   -0.040770    0.253271   -0.326973
 64   42.497620    0.000053   -0.000015   -0.011946    0.127108   -0.159653
 65   42.272675    0.000025   -0.000004   -0.004738    0.059814   -0.074292
 66   29.239321  -56.044849  -91.389084   -1.229591    1.306216   -1.803774
 67   42.375122    0.000000    0.000000    0.025522   -0.179756    0.076743
 68   42.546112    0.000011    0.000011   -0.026143   -0.248707    0.128489
 69   42.234482    0.000004   -0.000008   -0.049282   -0.304962    0.174710
 70   42.465073   -0.000034   -0.000015    0.023875    0.087398   -0.129428
 71   42.458130    0.000038    0.000000   -0.077603    0.438430   -0.517922
 72   42.267914   -0.000023    0.000008   -0.043142    0.246967   -0.323146
 73   42.505966    0.000092   -0.000015   -0.133447    0.334172   -0.449979
 74   42.233139    0.000046   -0.000061   -0.042510    0.124113   -0.139830
 75   42.352180    0.000000   -0.000015   -0.013037   -0.372210    0.420093
 76   42.391815    0.000046   -0.000031   -0.005646   -0.236452    0.292361
 77   42.497559    0.000076    0.000008   -0.002236   -0.119724    0.153387
 78   42.272705    0.000061    0.000004    0.000258   -0.052727    0.068051
 79   29.239305 -106.786270    1.740917    0.006735    0.184534   -1.132491
 80   42.375084    0.000006   -0.000019   -0.067471    0.033833    0.370378
 81   42.546051   -0.000015    0.000000   -0.073781    0.011130    0.368617
 82   42.234528    0.000000   -0.000019    0.024507   -0.001094   -0.122083
 83   42.465057    0.000000   -0.000011    0.119018   -0.007167   -0.636998
 84   42.458099    0.000000    0.000000    0.055656   -0.046002   -0.364865
 85   42.267944    0.000000    0.000002    0.060325   -0.092660   -0.627822
 86   42.505920    0.000000    0.000022   -0.003066   -0.112747   -0.661409
 87   42.233032    0.000092    0.000004   -0.000182   -0.005002   -0.001417
 88   42.352268   -0.000092    0.000011    0.061439    0.054524    0.532102
 89   42.391754   -0.000031    0.000006    0.029679    0.084086    0.584501
 90   42.497498    0.000000   -0.000008   -0.010411    0.043985    0.290531
 91   42.272491    0.000010    0.000011   -0.011772    0.020727    0.152529
time 51
  0    0.000000    0.000000    0.000000    0.000000   -0.000000    0.000000
  1    0.000000    0.000000    0.000000    0.000000   -0.000000    0.000000
  2    0.000000  -35.676323   17.507210    2.373761   -1.404617   -0.802998
  3   50.309212   -0.435478    0.000008    0.049176   -0.423009   -0.016510
  4   30.891541   -0.000010    0.000000    0.045430   -0.329506   -0.057336
  5   34.635612    0.000007    0.000004    0.033117   -0.148366   -0.046274
  6   30.584290    0.000018    0.000008    0.022064   -0.344921   -0.051196
  7   31.520187   -0.000002    0.000000   -0.001801   -0.235860    0.002664
  8   34.241180  -28.000038  -41.877991    0.929474    0.581547   -0.370341
  9   34.241089   23.441795  -41.878082   -0.929479    0.581550    0.370341
 10   35.246674  -52.543087    1.319138   -0.000000   -0.000000   -0.657108
 11   35.246521   52.726315    1.318924   -0.000000    0.000000    0.657111
 12   34.830017  -24.891924   45.588608   -0.933001   -0.574887   -0.381033
 13   34.885773   27.636589   43.767830    0.932996   -0.574885    0.381039
 14   29.239326  -51.573345   94.293015    0.154189    0.202019   -1.239361
 15   42.375069    0.000004   -0.000015   -0.337946   -0.308555    0.681817
 16   42.546082    0.000042    0.000008   -0.094860   -0.122738    0.247276
 17   42.234467    0.000023    0.000015   -0.023848   -0.097432   -0.006951
 18   42.464996    0.000046   -0.000004    0.039392   -0.296550   -0.288923
 19   42.458130   -0.000046    0.000008    0.064247   -0.500394   -0.488718
 20   42.267990    0.000046    0.000000   -0.032513   -0.313558   -0.304198
 21   42.505890    0.000000    0.000000   -0.029200   -0.422188   -0.505149
 22   42.233131   -0.000031    0.000031    0.013134    0.015314    0.014597
 23   42.352272    0.000092    0.000000    0.264735    0.396175    0.595064
 24   42.391785   -0.000046    0.000015    0.085077    0.273789    0.285152
 25   42.497437    0.000015   -0.000015    0.018643    0.131495    0.120887
 26   42.272766    0.000063   -0.000032    0.005591    0.079490    0.071150
 27   29.239334   55.382610   92.214981    0.992258   -0.087293    1.402822
 28   42.375084   -0.000008   -0.000008    0.312400   -0.406154   -0.032955
 29   42.546097    0.000008    0.000015    0.161098   -0.324177   -0.012603
 30   42.234467    0.000061   -0.000034   -0.041694    0.099156    0.226161
 31   42.465027   -0.000046    0.000008   -0.001877    0.380888    0.553124
 32   42.458054   -0.000008    0.000008    0.036301    0.130757    0.325672
 33   42.267883   -0.000031    0.000023    0.232555    0.193056    0.671269
 34   42.506035    0.000031    0.000015    0.243036    0.181995    0.379482
 35   42.233063   -0.000031   -0.000061   -0.243334   -0.502063   -0.474694
 36   42.352203   -0.000061    0.000015   -0.085541   -0.235711   -0.448045
 37   42.391693    0.000038    0.000019   -0.009682   -0.066079   -0.162393
 38   42.497681    0.000050    0.000029   -0.001145   -0.036636   -0.093685
 39   42.272705    0.000135    0.000027    0.001546   -0.016950   -0.043641
 40   29.239346  106.746628    1.740841   -0.007224    0.079032    1.796969
 41   42.375053   -0.000008   -0.000004    0.043497    0.119274   -0.586447
 42   42.546112    0.000011    0.000008    0.100581    0.073262   -0.582275
 43   42.234467    0.000046    0.000000   -0.020246    0.000071    0.090778
 44   42.465088    0.000015   -0.000011   -0.137940   -0.018214    0.664408
 45   42.458084    0.000008   -0.000008   -0.056524   -0.055878    0.361043
 46   42.267960   -0.000015    0.000000   -0.053965   -0.102580    0.590654
 47   42.505905   -0.000031    0.000006    0.011105   -0.127329    0.676443
 48   42.233124    0.000000   -0.000010    0.003385   -0.006855    0.024269
 49   42.352242    0.000031    0.000005   -0.068522    0.055205   -0.485068
 50   42.391708    0.000000   -0.000005   -0.044470    0.097843   -0.601893
 51   42.497711    0.000000   -0.000015    0.009071    0.055785   -0.306806
 52   42.272705   -0.000016   -0.000004    0.013369    0.026794   -0.161514
 53   29.239326   50.706905  -91.389084    0.004019    1.106271    2.216867
 54   42.375065    0.000008   -0.000006   -0.028866    0.075192   -0.183286
 55   42.546059    0.000034    0.000002   -0.030156    0.118866   -0.268087
 56   42.234497   -0.000034   -0.000010   -0.058345    0.187768   -0.391880
 57   42.464996    0.000031   -0.000011   -0.017150   -0.053174    0.043767
 58   42.458054    0.000008   -0.000023   -0.120741   -0.371698    0.571920
 59   42.268005   -0.000076    0.000031   -0.065124   -0.256536    0.345050
 60   42.505936    0.000092    0.000000   -0.085505   -0.326983    0.430128
 61   42.233162   -0.000031   -0.000015   -0.016867   -0.172267    0.209852
 62   42.352280   -0.000061    0.000015   -0.048393    0.316626   -0.404181
 63   42.391663    0.000015    0.000031   -0.041397    0.255599   -0.330709
 64   42.497589    0.000023    0.000015   -0.012077    0.128152   -0.161300
 65   42.272675    0.000004   -0.000010   -0.004791    0.060573   -0.075398
 66   29.239323  -56.044857  -91.389046   -1.242153    1.305590   -1.816730
 67   42.375084   -0.000004    0.000008    0.025068   -0.180123    0.077253
 68   42.546097    0.000000    0.000019   -0.026742   -0.249348    0.129125
 69   42.234482    0.000015    0.000011   -0.049955   -0.305724    0.175223
 70   42.465027   -0.000042    0.000004    0.023987    0.086426   -0.128427
 71   42.458145    0.000046    0.000011   -0.075209    0.435566   -0.513024
 72   42.267914   -0.000038   -0.000008   -0.043305    0.247729   -0.324420
 73   42.505981    0.000046    0.000015   -0.136594    0.337859   -0.456160
 74   42.233131    0.000061    0.000000   -0.043073    0.124956   -0.140582
 75   42.352127   -0.000031    0.000000   -0.011674   -0.371159    0.417632
 76   42.391785    0.000000    0.000000   -0.005670   -0.238883    0.295228
 77   42.497498    0.000038    0.000031   -0.002280   -0.120747    0.154762
 78   42.272736   -0.000002    0.000011    0.000211   -0.053380    0.068931
 79   29.239311 -106.786270    1.740906    0.006875    0.185166   -1.131647
 80   42.375099   -0.000004   -0.000004   -0.067549    0.034169    0.369472
 81   42.546051   -0.000046    0.000004   -0.074287    0.011547    0.369451
 82   42.234528   -0.000008   -0.000008    0.024323   -0.001238   -0.120422
 83   42.465027   -0.000023   -0.000008    0.119734   -0.007438   -0.637262
 84   42.458099   -0.000015    0.000000    0.056060   -0.046554   -0.365992
 85   42.267929   -0.000015   -0.000023    0.060424   -0.093654   -0.628397
 86   42.506012    0.000000    0.000010   -0.003598   -0.113411   -0.660182
 87   42.233086    0.000000   -0.000009   -0.000152   -0.004910   -0.001139
 88   42.352318    0.000000    0.000003    0.062031    0.055030    0.531687
 89   42.391739   -0.000031    0.000009    0.030032    0.084892    0.584001
 90   42.497528   -0.000031   -0.000017   -0.010459    0.044491    0.290527
 91   42.272461   -0.000010    0.000027   -0.011871    0.020977    0.152542
time 52
  0    0.000000    0.000000    0.000000    0.000000   -0.000000    0.000000
  1    0.000000    0.000000    0.000000    0.000000   -0.000000    0.000000
  2    0.000000  -35.692410   17.584440    2.373460   -1.402935   -0.802694
  3   50.309216   -0.435479    0.000004    0.056847   -0.423131   -0.020760
  4   30.891541   -0.000012   -0.000004    0.051689   -0.329533   -0.063252
  5   34.635590    0.000005    0.000004    0.037497   -0.148418   -0.052528
  6   30.584290    0.000016    0.000000    0.025723   -0.345016   -0.058625
  7   31.520203    0.000002    0.000015   -0.001801   -0.235860    0.002664
  8   34.241196  -27.603926  -41.285599    0.917255    0.604636   -0.391826
  9   34.241119   23.110186  -41.285675   -0.917955    0.603415    0.390642
 10   35.246689  -51.799797    1.300476   -0.000000   -0.000000   -0.686200
 11   35.246521   51.980423    1.300278   -0.000000   -0.000000    0.686845
 12   34.830032  -24.539787   44.943695   -0.920035   -0.599785   -0.403993
 13   34.885788   27.245638   43.148666    0.921064   -0.597940    0.402227
 14   29.239323  -51.573353   94.292961    0.109661    0.240517   -1.248625
 15   42.375053    0.000008    0.000000   -0.297952   -0.349989    0.626754
 16   42.546082    0.000050   -0.000008   -0.101480   -0.145202    0.262371
 17   42.234482    0.000023    0.000008   -0.022785   -0.102450    0.002491
 18   42.464996    0.000023   -0.000023    0.040305   -0.288016   -0.260705
 19   42.458069   -0.000076    0.000015    0.057319   -0.503512   -0.449867
 20   42.267929    0.000000    0.000000   -0.039590   -0.334405   -0.306134
 21   42.505890    0.000000    0.000000   -0.046611   -0.437734   -0.510050
 22   42.233154   -0.000031   -0.000015    0.014643    0.017575    0.016949
 23   42.352234    0.000031    0.000000    0.282362    0.395111    0.592155
 24   42.391602   -0.000061   -0.000015    0.090589    0.276668    0.277078
 25   42.497498   -0.000004   -0.000015    0.020328    0.133942    0.116886
 26   42.272705    0.000047   -0.000031    0.006285    0.081246    0.068767
 27   29.239346   55.382618   92.214996    1.021048   -0.087168    1.383262
 28   42.375076    0.000000   -0.000008    0.291290   -0.413581   -0.010276
 29   42.546097   -0.000023    0.000019    0.146613   -0.320153    0.000958
 30   42.234482    0.000061   -0.000004   -0.037920    0.109630    0.227089
 31   42.465027   -0.000053    0.000000    0.004930    0.394507    0.541976
 32   42.458023    0.000023    0.000000    0.035352    0.137460    0.320744
 33   42.267868    0.000031   -0.000015    0.229391    0.199420    0.672690
 34   42.506027    0.000061    0.000015    0.230801    0.178767    0.370563
 35   42.233074   -0.000061    0.000061   -0.234148   -0.513348   -0.487132
 36   42.352264   -0.000061    0.000038   -0.079594   -0.234857   -0.440378
 37   42.391724    0.000061    0.000001   -0.008583   -0.067330   -0.159660
 38   42.497711    0.000061   -0.000013   -0.000754   -0.037458   -0.092037
 39   42.272736    0.000148   -0.000034    0.001666   -0.017178   -0.042441
 40   29.239342  106.746651    1.740845   -0.007377    0.078657    1.802008
 41   42.375076    0.000000   -0.000004    0.043213    0.119922   -0.585532
 42   42.546112   -0.000004    0.000000    0.101340    0.074644   -0.586167
 43   42.234467   -0.000008   -0.000004   -0.019733   -0.000062    0.088019
 44   42.465103   -0.000069   -0.000004   -0.138704   -0.018408    0.664889
 45   42.458069    0.000000   -0.000008   -0.056932   -0.056487    0.362196
 46   42.267883    0.000000   -0.000004   -0.053913   -0.103561    0.589847
 47   42.505905    0.000061    0.000009    0.011633   -0.128386    0.676259
 48   42.233116    0.000031   -0.000018    0.003512   -0.006883    0.024878
 49   42.352257   -0.000061   -0.000005   -0.069056    0.055558   -0.483067
 50   42.391708    0.000031   -0.000007   -0.045256    0.098885   -0.602120
 51   42.497620    0.000015   -0.000006    0.009045    0.056580   -0.307333
 52   42.272705    0.000024    0.000000    0.013501    0.027209   -0.161886
 53   29.239323   50.706902  -91.389107    0.012628    1.103469    2.226731
 54   42.375088    0.000000    0.000002   -0.028830    0.075361   -0.183574
 55   42.546089    0.000027   -0.000004   -0.030150    0.119152   -0.268775
 56   42.234543   -0.000023   -0.000023   -0.058651    0.188417   -0.393689
 57   42.465027    0.000061    0.000015   -0.017131   -0.051698    0.041740
 58   42.458069    0.000019    0.000000   -0.118816   -0.368578    0.567449
 59   42.268005   -0.000092   -0.000023   -0.065250   -0.256716    0.346099
 60   42.505936    0.000092   -0.000046   -0.087587   -0.330278    0.436138
 61   42.233185   -0.000031   -0.000031   -0.017432   -0.173731    0.212037
 62   42.352280    0.000000    0.000000   -0.047154    0.313949   -0.400793
 63   42.391724    0.000046    0.000000   -0.042070    0.258071   -0.334661
 64   42.497620    0.000053   -0.000015   -0.012218    0.129256   -0.163036
 65   42.272766   -0.000008    0.000010   -0.004845    0.061388   -0.076573
 66   29.239307  -56.044846  -91.389053   -1.254486    1.304928   -1.829428
 67   42.375084    0.000008    0.000000    0.024596   -0.180527    0.077792
 68   42.546120    0.000004    0.000000   -0.027357   -0.250008    0.129789
 69   42.234467    0.000023   -0.000023   -0.050635   -0.306467    0.175744
 70   42.465012   -0.000050    0.000000    0.024097    0.085361   -0.127339
 71   42.458084    0.000023   -0.000011   -0.072872    0.432798   -0.508272
 72   42.267883   -0.000053   -0.000015   -0.043480    0.248537   -0.325765
 73   42.505920    0.000061    0.000015   -0.139706    0.341432   -0.462209
 74   42.233116    0.000000    0.000000   -0.043718    0.126008   -0.141574
 75   42.352188   -0.000031    0.000015   -0.010239   -0.369923    0.414905
 76   42.391815    0.000015   -0.000031   -0.005702   -0.241485    0.298289
 77   42.497528    0.000023    0.000008   -0.002326   -0.121827    0.156213
 78   42.272614   -0.000015   -0.000021    0.000160   -0.054083    0.069875
 79   29.239311 -106.786247    1.740913    0.007017    0.185827   -1.130546
 80   42.375107    0.000008    0.000000   -0.067618    0.034476    0.368456
 81   42.546051   -0.000008    0.000015   -0.074770    0.011954    0.370144
 82   42.234512   -0.000008   -0.000004    0.024150   -0.001379   -0.118835
 83   42.465057   -0.000038   -0.000004    0.120448   -0.007724   -0.637478
 84   42.458069   -0.000023   -0.000011    0.056452   -0.047104   -0.367046
 85   42.267929    0.000000   -0.000006    0.060517   -0.094629   -0.628867
 86   42.505981    0.000000    0.000019   -0.004111   -0.114089   -0.659114
 87   42.233055    0.000000   -0.000006   -0.000128   -0.004830   -0.000920
 88   42.352318    0.000000    0.000006    0.062622    0.055512    0.531252
 89   42.391693    0.000031    0.000005    0.030403    0.085686    0.583569
 90   42.497528   -0.000031   -0.000011   -0.010497    0.044991    0.290532
 91   42.272614   -0.000008    0.000011   -0.011963    0.021228    0.152563
time 53
  0    0.000000    0.000000    0.000000    0.000000   -0.000000    0.000000
  1    0.000000    0.000000    0.000000    0.000000   -0.000000    0.000000
  2    0.000000  -35.704948   17.652399    2.373160   -1.401234   -0.802391
  3   50.309212   -0.435479    0.000004    0.063929   -0.423243   -0.024685
  4   30.891548   -0.000012   -0.000004    0.057468   -0.329557   -0.068714
  5   34.635590    0.000006    0.000000    0.041542   -0.148475   -0.058303
  6   30.584290    0.000016    0.000000    0.029102   -0.345120   -0.065485
  7   31.520203   -0.000002   -0.000008   -0.001801   -0.235860    0.002664
  8   34.241196  -27.207840  -40.693176    0.905034    0.627729   -0.413314
  9   34.241119   22.778568  -40.693253   -0.906428    0.625286    0.410946
 10   35.246719  -51.056503    1.281815   -0.000000    0.000000   -0.715301
 11   35.246552   51.234550    1.281601   -0.000000   -0.000000    0.716588
 12   34.830032  -24.187672   44.298798   -0.907068   -0.624686   -0.426955
 13   34.885773   26.854675   42.529518    0.909128   -0.620999    0.423420
 14   29.239323  -51.573349   94.292892    0.058577    0.272966   -1.251452
 15   42.375069    0.000000   -0.000015   -0.243765   -0.387317    0.562112
 16   42.546104    0.000051   -0.000031   -0.105872   -0.166998    0.271299
 17   42.234451    0.000015   -0.000008   -0.021808   -0.108126    0.011790
 18   42.464996    0.000046    0.000000    0.041155   -0.281678   -0.233026
 19   42.458099   -0.000046    0.000019    0.048321   -0.505664   -0.405585
 20   42.268005    0.000015   -0.000031   -0.048020   -0.354904   -0.307612
 21   42.505875   -0.000015    0.000000   -0.064971   -0.451552   -0.517114
 22   42.233162    0.000000   -0.000015    0.016349    0.020544    0.018990
 23   42.352272    0.000000    0.000000    0.297921    0.393725    0.588861
 24   42.391724   -0.000092    0.000000    0.095524    0.279276    0.269837
 25   42.497528    0.000004   -0.000031    0.021854    0.136216    0.113258
 26   42.272827    0.000009   -0.000015    0.006918    0.082886    0.066601
 27   29.239326   55.382607   92.214928    1.050649   -0.087187    1.362730
 28   42.375084    0.000000    0.000000    0.268825   -0.419331    0.013669
 29   42.546097    0.000000    0.000034    0.132941   -0.315163    0.013950
 30   42.234467    0.000076   -0.000011   -0.033773    0.119404    0.227294
 31   42.465027   -0.000015    0.000000    0.011389    0.407894    0.531176
 32   42.458069    0.000046    0.000008    0.034343    0.144088    0.315897
 33   42.267914    0.000015    0.000031    0.225428    0.205776    0.672575
 34   42.506042    0.000061    0.000031    0.220008    0.176398    0.363515
 35   42.233074   -0.000076   -0.000031   -0.224291   -0.523704   -0.498272
 36   42.352341   -0.000092    0.000031   -0.074023   -0.235054   -0.433686
 37   42.391815    0.000084    0.000013   -0.007538   -0.068705   -0.157135
 38   42.497681    0.000042   -0.000034   -0.000380   -0.038329   -0.090491
 39   42.272644    0.000125   -0.000023    0.001777   -0.017441   -0.041359
 40   29.239330  106.746658    1.740837   -0.007533    0.078336    1.806886
 41   42.375069    0.000000    0.000004    0.042961    0.120550   -0.584642
 42   42.546082    0.000004    0.000000    0.102079    0.075979   -0.589840
 43   42.234482    0.000008    0.000000   -0.019239   -0.000198    0.085381
 44   42.465073   -0.000031    0.000000   -0.139447   -0.018626    0.665299
 45   42.458099    0.000023    0.000000   -0.057322   -0.057090    0.363279
 46   42.267960   -0.000031   -0.000002   -0.053850   -0.104507    0.589012
 47   42.505920    0.000092    0.000004    0.012145   -0.129427    0.676193
 48   42.233139    0.000031   -0.000015    0.003641   -0.006919    0.025495
 49   42.352245    0.000061   -0.000000   -0.069580    0.055873   -0.481149
 50   42.391663   -0.000031   -0.000005   -0.046049    0.099877   -0.602379
 51   42.497650    0.000008   -0.000013    0.009000    0.057347   -0.307831
 52   42.272766    0.000010    0.000000    0.013620    0.027615   -0.162247
 53   29.239326   50.706898  -91.389099    0.021093    1.100629    2.236436
 54   42.375103    0.000000   -0.000008   -0.028796    0.075548   -0.183897
 55   42.546066    0.000027   -0.000004   -0.030150    0.119458   -0.269492
 56   42.234512   -0.000038    0.000000   -0.058964    0.189076   -0.395504
 57   42.464996    0.000038    0.000019   -0.017116   -0.050161    0.039621
 58   42.458099    0.000008    0.000004   -0.116936   -0.365509    0.563074
 59   42.267944   -0.000076    0.000000   -0.065392   -0.256943    0.347234
 60   42.505936    0.000107   -0.000061   -0.089637   -0.333443    0.442014
 61   42.233238   -0.000061   -0.000015   -0.018054   -0.175368    0.214462
 62   42.352272    0.000000    0.000000   -0.045829    0.311032   -0.397068
 63   42.391815    0.000031   -0.000031   -0.042792    0.260684   -0.338830
 64   42.497559    0.000038    0.000015   -0.012369    0.130421   -0.164862
 65   42.272705    0.000011    0.000017   -0.004903    0.062259   -0.077827
 66   29.239323  -56.044865  -91.389030   -1.266606    1.304230   -1.841885
 67   42.375076    0.000000    0.000000    0.024107   -0.180966    0.078364
 68   42.546120   -0.000004    0.000015   -0.027991   -0.250692    0.130483
 69   42.234482    0.000019    0.000004   -0.051326   -0.307195    0.176274
 70   42.465012   -0.000050    0.000008    0.024206    0.084207   -0.126165
 71   42.458099    0.000031    0.000015   -0.070590    0.430127   -0.503669
 72   42.267853   -0.000046    0.000008   -0.043662    0.249390   -0.327173
 73   42.505936    0.000046    0.000000   -0.142776    0.344883   -0.468118
 74   42.233093    0.000031   -0.000015   -0.044452    0.127278   -0.142818
 75   42.352173    0.000000   -0.000031   -0.008734   -0.368483    0.411902
 76   42.391815    0.000046    0.000015   -0.005742   -0.244263    0.301543
 77   42.497559    0.000053    0.000023   -0.002373   -0.122969    0.157741
 78   42.272675   -0.000010    0.000017    0.000105   -0.054836    0.070890
 79   29.239307 -106.786240    1.740906    0.007162    0.186523   -1.129177
 80   42.375061    0.000015    0.000008   -0.067679    0.034754    0.367338
 81   42.546066   -0.000027    0.000004   -0.075228    0.012347    0.370680
 82   42.234528    0.000008   -0.000015    0.023991   -0.001518   -0.117332
 83   42.465073   -0.000015   -0.000008    0.121158   -0.008025   -0.637643
 84   42.458099    0.000008    0.000000    0.056834   -0.047652   -0.368023
 85   42.267899    0.000000    0.000000    0.060601   -0.095584   -0.629200
 86   42.505966   -0.000031    0.000013   -0.004603   -0.114785   -0.658230
 87   42.233063    0.000061   -0.000007   -0.000113   -0.004764   -0.000779
 88   42.352303    0.000031    0.000008    0.063208    0.055965    0.530763
 89   42.391785    0.000092   -0.000007    0.030798    0.086470    0.583229
 90   42.497620   -0.000008   -0.000013   -0.010523    0.045490    0.290560
 91   42.272522   -0.000021    0.000011   -0.012051    0.021478    0.152599
time 54
  0    0.000000    0.000000    0.000000    0.000000   -0.000000    0.000000
  1    0.000000    0.000000    0.000000    0.000000   -0.000000    0.000000
  2    0.000000  -35.714367   17.711138    2.372859   -1.399509   -0.802088
  3   50.309212   -0.435479    0.000004    0.070340   -0.423344   -0.028238
  4   30.891541   -0.000010    0.000004    0.062699   -0.329579   -0.073658
  5   34.635605    0.000007    0.000000    0.045203   -0.148537   -0.063529
  6   30.584274    0.000013    0.000008    0.032160   -0.345234   -0.071694
  7   31.520203    0.000002    0.000015   -0.001801   -0.235860    0.002664
  8   34.241196  -27.603941  -41.285583    0.917255    0.604636   -0.391826
  9   34.241119   23.110186  -41.285675   -0.917955    0.603415    0.390642
 10   35.246719  -51.799812    1.300476   -0.000000    0.000000   -0.686200
 11   35.246536   51.980438    1.300262   -0.000000   -0.000000    0.686845
 12   34.830032  -24.539806   44.943703   -0.920035   -0.599785   -0.403993
 13   34.885788   27.245638   43.148674    0.921064   -0.597940    0.402227
 14   29.239321  -51.573353   94.292923    0.004166    0.300039   -1.249060
 15   42.375072   -0.000011   -0.000015   -0.179798   -0.417929    0.492206
 16   42.546059    0.000025    0.000000   -0.107234   -0.187380    0.273846
 17   42.234451    0.000023   -0.000031   -0.020927   -0.114140    0.020643
 18   42.464981    0.000008   -0.000004    0.041684   -0.276923   -0.206140
 19   42.458069   -0.000069    0.000000    0.038180   -0.506822   -0.358287
 20   42.268021    0.000008    0.000015   -0.057402   -0.374232   -0.307905
 21   42.505905   -0.000031    0.000000   -0.083705   -0.463895   -0.525844
 22   42.233162    0.000031   -0.000046    0.017791    0.023267    0.019743
 23   42.352253    0.000031    0.000000    0.311150    0.391803    0.585082
 24   42.391724   -0.000031   -0.000015    0.100194    0.282008    0.264045
 25   42.497559    0.000034   -0.000008    0.023256    0.138393    0.110129
 26   42.272858    0.000064   -0.000015    0.007498    0.084442    0.064719
 27   29.239332   55.382645   92.214920    1.080886   -0.087337    1.341269
 28   42.375069    0.000008   -0.000023    0.245285   -0.423176    0.038635
 29   42.546097   -0.000023    0.000019    0.120176   -0.309299    0.026281
 30   42.234451    0.000076   -0.000011   -0.029364    0.128379    0.226848
 31   42.465027   -0.000038    0.000008    0.017535    0.420920    0.520804
 32   42.458084    0.000023   -0.000015    0.033309    0.150652    0.311123
 33   42.267914    0.000000   -0.000008    0.220767    0.212124    0.670945
 34   42.506050    0.000031    0.000000    0.210642    0.175030    0.358313
 35   42.233105   -0.000015   -0.000031   -0.213900   -0.533170   -0.508076
 36   42.352188   -0.000122    0.000000   -0.068787   -0.236289   -0.428014
 37   42.391693    0.000069   -0.000019   -0.006544   -0.070204   -0.154825
 38   42.497589    0.000034   -0.000007   -0.000021   -0.039249   -0.089045
 39   42.272675    0.000124    0.000006    0.001885   -0.017744   -0.040385
 40   29.239347  106.746666    1.740837   -0.007693    0.078069    1.811611
 41   42.375038    0.000000   -0.000004    0.042744    0.121167   -0.583802
 42   42.546097    0.000008    0.000000    0.102799    0.077265   -0.593283
 43   42.234436   -0.000008   -0.000008   -0.018777   -0.000338    0.082913
 44   42.465088    0.000015   -0.000004   -0.140171   -0.018876    0.665653
 45   42.458054    0.000000   -0.000004   -0.057687   -0.057687    0.364268
 46   42.267883    0.000031    0.000011   -0.053779   -0.105425    0.588201
 47   42.505875    0.000000    0.000009    0.012650   -0.130441    0.676185
 48   42.233162   -0.000061   -0.000009    0.003767   -0.006958    0.026082
 49   42.352234   -0.000031    0.000005   -0.070102    0.056157   -0.479381
 50   42.391693    0.000031    0.000000   -0.046838    0.100813   -0.602628
 51   42.497620    0.000031   -0.000008    0.008937    0.058081   -0.308282
 52   42.272736    0.000014    0.000004    0.013723    0.028007   -0.162580
 53   29.239328   50.706924  -91.389084    0.029424    1.097747    2.245992
 54   42.375072   -0.000008    0.000006   -0.028762    0.075756   -0.184260
 55   42.546074    0.000027    0.000004   -0.030156    0.119786   -0.270246
 56   42.234528   -0.000050    0.000002   -0.059285    0.189743   -0.397323
 57   42.465012    0.000023    0.000000   -0.017106   -0.048566    0.037412
 58   42.458099   -0.000004    0.000011   -0.115100   -0.362492    0.558798
 59   42.267975   -0.000099    0.000008   -0.065552   -0.257217    0.348456
 60   42.505890    0.000107    0.000000   -0.091647   -0.336470    0.447747
 61   42.233154   -0.000092   -0.000046   -0.018737   -0.177183    0.217127
 62   42.352303    0.000031   -0.000031   -0.044428    0.307875   -0.393003
 63   42.391754    0.000015    0.000000   -0.043561    0.263434   -0.343210
 64   42.497498    0.000053    0.000000   -0.012528    0.131648   -0.166778
 65   42.272675    0.000000    0.000036   -0.004968    0.063188   -0.079163
 66   29.239325  -56.044895  -91.389038   -1.278531    1.303501   -1.854119
 67   42.375092    0.000004    0.000000    0.023599   -0.181439    0.078968
 68   42.546104   -0.000008    0.000027   -0.028643   -0.251397    0.131208
 69   42.234482    0.000034   -0.000019   -0.052033   -0.307914    0.176820
 70   42.465012   -0.000031    0.000004    0.024313    0.082948   -0.124897
 71   42.458115    0.000000    0.000008   -0.068367    0.427567   -0.499229
 72   42.267883   -0.000069    0.000023   -0.043854    0.250286   -0.328646
 73   42.505997    0.000092    0.000031   -0.145798    0.348208   -0.473872
 74   42.233147    0.000031    0.000061   -0.045278    0.128767   -0.144317
 75   42.352173   -0.000031    0.000031   -0.007156   -0.366829    0.408607
 76   42.391785    0.000015    0.000015   -0.005787   -0.247221    0.304994
 77   42.497559    0.000038    0.000038   -0.002421   -0.124172    0.159351
 78   42.272736    0.000008    0.000031    0.000046   -0.055641    0.071976
 79   29.239309 -106.786247    1.740891    0.007311    0.187258   -1.127531
 80   42.375099   -0.000013   -0.000011   -0.067736    0.035001    0.366115
 81   42.546051   -0.000019    0.000011   -0.075660    0.012724    0.371056
 82   42.234497   -0.000046   -0.000015    0.023849   -0.001653   -0.115924
 83   42.465073   -0.000031   -0.000004    0.121867   -0.008342   -0.637757
 84   42.458130   -0.000008    0.000004    0.057204   -0.048197   -0.368907
 85   42.267914    0.000015   -0.000004    0.060681   -0.096518   -0.629411
 86   42.505951    0.000000    0.000021   -0.005071   -0.115505   -0.657527
 87   42.233116   -0.000031   -0.000010   -0.000106   -0.004712   -0.000708
 88   42.352291    0.000000    0.000009    0.063793    0.056394    0.530249
 89   42.391769   -0.000031    0.000002    0.031214    0.087243    0.582967
 90   42.497650    0.000023   -0.000017   -0.010539    0.045984    0.290594
 91   42.272552    0.000012    0.000004   -0.012133    0.021730    0.152649
time 55
  0    0.000000    0.000000    0.000000    0.000000   -0.000000    0.000000
  1    0.000000    0.000000    0.000000    0.000000   -0.000000    0.000000
  2    0.000000  -35.721111   17.760702    2.372557   -1.397761   -0.801785
  3   50.309216   -0.435480    0.000000    0.075995   -0.423434   -0.031372
  4   30.891533   -0.000011    0.000000    0.067313   -0.329598   -0.078020
  5   34.635590    0.000005    0.000000    0.048432   -0.148605   -0.068140
  6   30.584290    0.000013    0.000004    0.034857   -0.345358   -0.077171
  7   31.520187   -0.000004    0.000000   -0.001801   -0.235860    0.002664
  8   34.241196  -28.000044  -41.878006    0.929474    0.581547   -0.370341
  9   34.241104   23.441801  -41.878098   -0.929479    0.581550    0.370341
 10   35.246719  -52.543110    1.319122   -0.000000    0.000000   -0.657108
 11   35.246552   52.726326    1.318939   -0.000000    0.000000    0.657111
 12   34.830032  -24.891930   45.588608   -0.933000   -0.574887   -0.381033
 13   34.885773   27.636591   43.767822    0.932996   -0.574885    0.381039
 14   29.239326  -51.573360   94.292984   -0.050015    0.322351   -1.242581
 15   42.375069   -0.000004    0.000000   -0.111868   -0.440290    0.421808
 16   42.546104    0.000040    0.000000   -0.105221   -0.205796    0.270504
 17   42.234436    0.000023   -0.000004   -0.020116   -0.120168    0.028660
 18   42.465012    0.000023   -0.000038    0.041766   -0.273301   -0.180628
 19   42.458099   -0.000061   -0.000008    0.027765   -0.506953   -0.310506
 20   42.267990    0.000031    0.000000   -0.067163   -0.391571   -0.306544
 21   42.505890    0.000000    0.000015   -0.102106   -0.475033   -0.535702
 22   42.233116   -0.000061    0.000015    0.018603    0.025195    0.018775
 23   42.352276    0.000031    0.000015    0.321930    0.389287    0.580915
 24   42.391724   -0.000061    0.000000    0.104773    0.285030    0.259988
 25   42.497467    0.000065    0.000015    0.024548    0.140488    0.107569
 26   42.272766    0.000064   -0.000023    0.008032    0.085910    0.063150
 27   29.239342   55.382626   92.214981    1.111582   -0.087596    1.318926
 28   42.375069   -0.000008   -0.000008    0.220996   -0.424930    0.064331
 29   42.546082   -0.000015    0.000004    0.108374   -0.302655    0.037892
 30   42.234482    0.000076   -0.000008   -0.024794    0.136475    0.225825
 31   42.465027   -0.000046    0.000008    0.023402    0.433457    0.510921
 32   42.458069    0.000015    0.000008    0.032288    0.157158    0.306414
 33   42.267883   -0.000031    0.000046    0.215504    0.218455    0.667815
 34   42.506020    0.000000    0.000000    0.202680    0.174793    0.354940
 35   42.233082   -0.000031    0.000031   -0.203107   -0.541791   -0.516523
 36   42.352234   -0.000122    0.000031   -0.063843   -0.238549   -0.423406
 37   42.391663    0.000046    0.000006   -0.005595   -0.071826   -0.152720
 38   42.497650    0.000053   -0.000006    0.000325   -0.040217   -0.087695
 39   42.272644    0.000110    0.000015    0.001986   -0.018085   -0.039524
 40   29.239357  106.746666    1.740833   -0.007858    0.077857    1.816187
 41   42.375076   -0.000008   -0.000004    0.042561    0.121780   -0.583035
 42   42.546143    0.000004    0.000008    0.103502    0.078496   -0.596480
 43   42.234497    0.000015    0.000004   -0.018345   -0.000482    0.080605
 44   42.465073   -0.000015    0.000000   -0.140876   -0.019156    0.665938
 45   42.458069    0.000023   -0.000008   -0.058029   -0.058278    0.365166
 46   42.268021    0.000000   -0.000002   -0.053698   -0.106307    0.587361
 47   42.505875    0.000061    0.000006    0.013138   -0.131438    0.676302
 48   42.233147    0.000000   -0.000010    0.003895   -0.007007    0.026680
 49   42.352261    0.000000    0.000002   -0.070616    0.056400   -0.477703
 50   42.391708    0.000000   -0.000003   -0.047636    0.101696   -0.602916
 51   42.497650   -0.000008   -0.000015    0.008855    0.058785   -0.308703
 52   42.272675   -0.000021   -0.000004    0.013811    0.028389   -0.162900
 53   29.239353   50.706932  -91.389076    0.037636    1.094825    2.255418
 54   42.375092   -0.000015   -0.000002   -0.028729    0.075982   -0.184657
 55   42.546066    0.000031    0.000000   -0.030168    0.120133   -0.271040
 56   42.234512   -0.000050   -0.000004   -0.059615    0.190421   -0.399153
 57   42.464981    0.000023    0.000019   -0.017100   -0.046904    0.035101
 58   42.458084    0.000027    0.000000   -0.113307   -0.359530    0.554626
 59   42.267914   -0.000084    0.000008   -0.065731   -0.257539    0.349772
 60   42.505905    0.000092    0.000031   -0.093606   -0.339344    0.453308
 61   42.233154   -0.000061    0.000015   -0.019487   -0.179191    0.220063
 62   42.352272    0.000000    0.000031   -0.042940    0.304444   -0.388561
 63   42.391739    0.000076    0.000000   -0.044380    0.266336   -0.347822
 64   42.497559    0.000046    0.000015   -0.012698    0.132942   -0.168794
 65   42.272736    0.000027    0.000017   -0.005037    0.064179   -0.080584
 66   29.239326  -56.044884  -91.389038   -1.290277    1.302743   -1.866147
 67   42.375099    0.000000    0.000000    0.023070   -0.181950    0.079607
 68   42.546120   -0.000008    0.000015   -0.029317   -0.252129    0.131966
 69   42.234451    0.000034    0.000008   -0.052756   -0.308625    0.177379
 70   42.465057   -0.000038    0.000027    0.024419    0.081598   -0.123544
 71   42.458099    0.000053    0.000019   -0.066204    0.425123   -0.494958
 72   42.267853   -0.000061    0.000015   -0.044051    0.251219   -0.330172
 73   42.505951    0.000076    0.000031   -0.148763    0.351398   -0.479461
 74   42.233109    0.000000    0.000000   -0.046200    0.130478   -0.146071
 75   42.352150    0.000000    0.000031   -0.005505   -0.364947    0.405006
 76   42.391693   -0.000031    0.000000   -0.005839   -0.250361    0.308647
 77   42.497559    0.000069    0.000015   -0.002470   -0.125439    0.161043
 78   42.272675    0.000017    0.000019   -0.000016   -0.056501    0.073130
 79   29.239319 -106.786301    1.740902    0.007463    0.188040   -1.125602
 80   42.375107   -0.000002   -0.000008   -0.067788    0.035215    0.364786
 81   42.546051   -0.000004    0.000011   -0.076068    0.013083    0.371267
 82   42.234512   -0.000046   -0.000008    0.023723   -0.001787   -0.114602
 83   42.465057   -0.000023    0.000000    0.122574   -0.008671   -0.637814
 84   42.458099    0.000031    0.000004    0.057563   -0.048740   -0.369699
 85   42.267899    0.000015   -0.000013    0.060755   -0.097429   -0.629470
 86   42.505936    0.000031    0.000016   -0.005513   -0.116253   -0.657045
 87   42.233047   -0.000031   -0.000016   -0.000109   -0.004676   -0.000718
 88   42.352287   -0.000031    0.000002    0.064375    0.056794    0.529686
 89   42.391693    0.000031   -0.000003    0.031658    0.088006    0.582801
 90   42.497620    0.000023   -0.000032   -0.010543    0.046476    0.290647
 91   42.272552    0.000004    0.000023   -0.012209    0.021983    0.152715
time 56
  0    0.000000    0.000000    0.000000    0.000000   -0.000000    0.000000
  1    0.000000    0.000000    0.000000    0.000000   -0.000000    0.000000
  2    0.000000  -35.725639   17.801147    2.372257   -1.395983   -0.801481
  3   50.309208   -0.435478    0.000004    0.080810   -0.423510   -0.034040
  4   30.891541   -0.000011    0.000000    0.071242   -0.329615   -0.081733
  5   34.635612    0.000010   -0.000008    0.051182   -0.148678   -0.072066
  6   30.584290    0.000017   -0.000008    0.037154   -0.345493   -0.081835
  7   31.520172    0.000002    0.000000   -0.001801   -0.235860    0.002664
  8   34.241196  -27.603924  -41.285568    0.917255    0.604636   -0.391826
  9   34.241104   23.110182  -41.285675   -0.917955    0.603415    0.390642
 10   35.246689  -51.799789    1.300476   -0.000000    0.000000   -0.686200
 11   35.246536   51.980423    1.300262   -0.000000   -0.000000    0.686845
 12   34.830017  -24.539797   44.943703   -0.920035   -0.599785   -0.403993
 13   34.885773   27.245626   43.148674    0.921064   -0.597940    0.402227
 14   29.239319  -51.573349   94.292999   -0.100716    0.340408   -1.233002
 15   42.375053    0.000006    0.000000   -0.046001   -0.454389    0.355455
 16   42.546082    0.000034    0.000000   -0.100060   -0.221864    0.262421
 17   42.234482    0.000019   -0.000019   -0.019323   -0.125910    0.035436
 18   42.465042    0.000023   -0.000011    0.041406   -0.270531   -0.157327
 19   42.458099   -0.000076   -0.000011    0.017842   -0.506117   -0.264878
 20   42.267975    0.000004   -0.000031   -0.076621   -0.406233   -0.303498
 21   42.505890   -0.000031   -0.000031   -0.119355   -0.485058   -0.546010
 22   42.233200   -0.000031    0.000031    0.018644    0.026179    0.016229
 23   42.352280    0.000031   -0.000031    0.330281    0.386310    0.576616
 24   42.391754   -0.000015    0.000031    0.109240    0.288256    0.257625
 25   42.497528    0.000015    0.000023    0.025721    0.142454    0.105589
 26   42.272736    0.000052   -0.000015    0.008510    0.087262    0.061909
 27   29.239330   55.382614   92.214966    1.142554   -0.087940    1.295757
 28   42.375061    0.000000    0.000000    0.196314   -0.424440    0.090434
 29   42.546082    0.000000    0.000023    0.097569   -0.295345    0.048740
 30   42.234512    0.000076    0.000000   -0.020165    0.143632    0.224309
 31   42.465042   -0.000031    0.000031    0.029026    0.445370    0.501582
 32   42.458038    0.000053    0.000015    0.031317    0.163610    0.301774
 33   42.267883    0.000031    0.000031    0.209758    0.224770    0.663232
 34   42.506073    0.000122    0.000031    0.196052    0.175780    0.353315
 35   42.233135   -0.000046    0.000031   -0.192021   -0.549587   -0.523609
 36   42.352264   -0.000061    0.000008   -0.059141   -0.241814   -0.419867
 37   42.391785    0.000099    0.000034   -0.004685   -0.073570   -0.150818
 38   42.497742    0.000061   -0.000016    0.000657   -0.041234   -0.086441
 39   42.272675    0.000159    0.000006    0.002085   -0.018467   -0.038765
 40   29.239346  106.746651    1.740826   -0.008026    0.077699    1.820629
 41   42.375084   -0.000015   -0.000004    0.042414    0.122391   -0.582338
 42   42.546112    0.000000    0.000008    0.104190    0.079674   -0.599436
 43   42.234451   -0.000046   -0.000004   -0.017946   -0.000630    0.078462
 44   42.465027   -0.000023    0.000000   -0.141565   -0.019468    0.666161
 45   42.458069    0.000015    0.000000   -0.058347   -0.058862    0.365962
 46   42.267914   -0.000015    0.000008   -0.053610   -0.107158    0.586525
 47   42.505936    0.000061    0.000009    0.013614   -0.132415    0.676517
 48   42.233154   -0.000061   -0.000016    0.004021   -0.007062    0.027262
 49   42.352257    0.000061   -0.000001   -0.071129    0.056608   -0.476163
 50   42.391693    0.000061    0.000004   -0.048434    0.102521   -0.603217
 51   42.497589    0.000000   -0.000006    0.008754    0.059453   -0.309078
 52   42.272675   -0.000025    0.000008    0.013882    0.028755   -0.163193
 53   29.239334   50.706902  -91.389084    0.045812    1.091836    2.264813
 54   42.375088    0.000000    0.000004   -0.028694    0.076252   -0.185134
 55   42.546074    0.000019    0.000010   -0.030189    0.120530   -0.271914
 56   42.234528   -0.000038    0.000013   -0.059957    0.191127   -0.401020
 57   42.465027    0.000031    0.000015   -0.017101   -0.045089    0.032559
 58   42.458069    0.000011   -0.000011   -0.111479   -0.356510    0.550345
 59   42.268005   -0.000076    0.000023   -0.065954   -0.257991    0.351307
 60   42.505920    0.000107    0.000031   -0.095597   -0.342214    0.458940
 61   42.233170   -0.000061   -0.000015   -0.020361   -0.181579    0.223508
 62   42.352287    0.000000   -0.000046   -0.041254    0.300436   -0.383299
 63   42.391769    0.000015   -0.000015   -0.045339    0.269660   -0.353044
 64   42.497559    0.000061   -0.000023   -0.012894    0.134432   -0.171076
 65   42.272736    0.000011    0.000046   -0.005121    0.065334   -0.082221
 66   29.239319  -56.044861  -91.389008   -1.302004    1.301936   -1.878147
 67   42.375076    0.000011    0.000000    0.022501   -0.182535    0.080319
 68   42.546089   -0.000011    0.000027   -0.030031   -0.252909    0.132792
 69   42.234467    0.000023   -0.000008   -0.053518   -0.309352    0.177993
 70   42.465012   -0.000038   -0.000011    0.024520    0.079973   -0.121936
 71   42.458099    0.000015   -0.000008   -0.064007    0.422721   -0.490689
 72   42.267944   -0.000053    0.000008   -0.044270    0.252292   -0.331900
 73   42.505997    0.000061    0.000000   -0.151748    0.354573   -0.485096
 74   42.233078    0.000000    0.000031   -0.047332    0.132697   -0.148410
 75   42.352135   -0.000031    0.000000   -0.003674   -0.362539    0.400679
 76   42.391815    0.000061   -0.000015   -0.005930   -0.254023    0.312889
 77   42.497559    0.000084    0.000023   -0.002527   -0.126903    0.162986
 78   42.272583    0.000042    0.000000   -0.000089   -0.057513    0.074488
 79   29.239315 -106.786247    1.740894    0.007619    0.188875   -1.123379
 80   42.375084    0.000000   -0.000004   -0.067841    0.035394    0.363362
 81   42.546036   -0.000023    0.000004   -0.076450    0.013420    0.371300
 82   42.234512    0.000023   -0.000011    0.023620   -0.001917   -0.113400
 83   42.465073    0.000015   -0.000011    0.123280   -0.009017   -0.637819
 84   42.458099    0.000000    0.000000    0.057909   -0.049277   -0.370385
 85   42.267944    0.000000    0.000000    0.060827   -0.098321   -0.629392
 86   42.506012   -0.000031    0.000015   -0.005930   -0.117030   -0.656757
 87   42.233101   -0.000031   -0.000014   -0.000122   -0.004657   -0.000810
 88   42.352352    0.000031   -0.000006    0.064955    0.057165    0.529075
 89   42.391724   -0.000031   -0.000013    0.032129    0.088760    0.582737
 90   42.497559    0.000000   -0.000021   -0.010535    0.046966    0.290718
 91   42.272552   -0.000030    0.000023   -0.012280    0.022237    0.152795
time 57
  0    0.000000    0.000000    0.000000    0.000000   -0.000000    0.000000
  1    0.000000    0.000000    0.000000    0.000000   -0.000000    0.000000
  2    0.000000  -35.728382   17.832518    2.371956   -1.394175   -0.801178
  3   50.309219   -0.435477    0.000004    0.084701   -0.423572   -0.036196
  4   30.891548   -0.000011   -0.000008    0.074417   -0.329628   -0.084734
  5   34.635597    0.000004    0.000000    0.053404   -0.148756   -0.075239
  6   30.584305    0.000017   -0.000011    0.039011   -0.345637   -0.085604
  7   31.520187    0.000000    0.000015   -0.001801   -0.235860    0.002664
  8   34.241180  -27.207851  -40.693176    0.905034    0.627729   -0.413314
  9   34.241104   22.778568  -40.693268   -0.906428    0.625286    0.410946
 10   35.246689  -51.056507    1.281815   -0.000000   -0.000000   -0.715301
 11   35.246536   51.234554    1.281631   -0.000000   -0.000000    0.716588
 12   34.830017  -24.187672   44.298805   -0.907068   -0.624686   -0.426955
 13   34.885773   26.854683   42.529526    0.909129   -0.620999    0.423420
 14   29.239326  -51.573318   94.292938   -0.145466    0.354606   -1.221147
 15   42.375072    0.000002    0.000015    0.012780   -0.461599    0.296735
 16   42.546097    0.000046   -0.000031   -0.092542   -0.235333    0.251220
 17   42.234451    0.000027   -0.000019   -0.018492   -0.131110    0.040638
 18   42.464996    0.000034    0.000004    0.040733   -0.268499   -0.137230
 19   42.458069   -0.000061   -0.000038    0.009057   -0.504510   -0.224101
 20   42.267899    0.000031   -0.000015   -0.085068   -0.417766   -0.299296
 21   42.505875   -0.000031    0.000000   -0.134532   -0.493740   -0.555911
 22   42.233208    0.000000    0.000000    0.018075    0.026441    0.012793
 23   42.352207    0.000031    0.000031    0.336357    0.383196    0.572587
 24   42.391754   -0.000076    0.000031    0.113352    0.291364    0.256616
 25   42.497437    0.000019    0.000023    0.026734    0.144182    0.104156
 26   42.272797    0.000039   -0.000031    0.008923    0.088431    0.060984
 27   29.239334   55.382618   92.214951    1.173627   -0.088346    1.271818
 28   42.375046   -0.000008    0.000008    0.171609   -0.421615    0.116596
 29   42.546082   -0.000015    0.000027    0.087765   -0.287463    0.058810
 30   42.234451    0.000069    0.000000   -0.015566    0.149815    0.222394
 31   42.465042   -0.000038    0.000023    0.034441    0.456526    0.492826
 32   42.458115    0.000023    0.000000    0.030437    0.170002    0.297224
 33   42.267838    0.000000    0.000061    0.203671    0.231081    0.657277
 34   42.506004    0.000031    0.000031    0.190648    0.178046    0.353290
 35   42.233086   -0.000076    0.000031   -0.180736   -0.556583   -0.529356
 36   42.352264   -0.000061   -0.000008   -0.054625   -0.246058   -0.417386
 37   42.391693    0.000061   -0.000008   -0.003809   -0.075432   -0.149109
 38   42.497620    0.000034   -0.000031    0.000980   -0.042295   -0.085277
 39   42.272614    0.000130   -0.000010    0.002180   -0.018888   -0.038103
 40   29.239357  106.746658    1.740849   -0.008200    0.077595    1.824937
 41   42.375053    0.000015    0.000000    0.042303    0.123008   -0.581745
 42   42.546112    0.000008    0.000011    0.104866    0.080796   -0.602137
 43   42.234451   -0.000031    0.000004   -0.017588   -0.000784    0.076519
 44   42.465057    0.000000   -0.000008   -0.142239   -0.019817    0.666320
 45   42.458038   -0.000023   -0.000011   -0.058638   -0.059441    0.366648
 46   42.267944    0.000031   -0.000002   -0.053515   -0.107975    0.585688
 47   42.505936    0.000000    0.000012    0.014077   -0.133372    0.676836
 48   42.233131    0.000000   -0.000009    0.004147   -0.007124    0.027835
 49   42.352242   -0.000031    0.000001   -0.071641    0.056779   -0.474767
 50   42.391693    0.000031   -0.000002   -0.049235    0.103288   -0.603535
 51   42.497559    0.000015   -0.000015    0.008633    0.060084   -0.309410
 52   42.272705   -0.000007    0.000000    0.013935    0.029108   -0.163462
 53   29.239334   50.706886  -91.389053    0.054010    1.088759    2.274249
 54   42.375084    0.000000   -0.000013   -0.028655    0.076585   -0.185725
 55   42.546059    0.000027    0.000006   -0.030220    0.120997   -0.272912
 56   42.234543   -0.000034   -0.000025   -0.060321    0.191875   -0.402942
 57   42.465042    0.000008   -0.000004   -0.017111   -0.043054    0.029688
 58   42.458054    0.000050   -0.000015   -0.109540   -0.353322    0.545750
 59   42.267944   -0.000114   -0.000015   -0.066235   -0.258628    0.353151
 60   42.505920    0.000122    0.000015   -0.097694   -0.345212    0.464857
 61   42.233124   -0.000031    0.000000   -0.021416   -0.184508    0.227679
 62   42.352310    0.000031    0.000031   -0.039267    0.295540   -0.376779
 63   42.391678    0.000031   -0.000031   -0.046512    0.273647   -0.359211
 64   42.497467    0.000015   -0.000023   -0.013139    0.136240   -0.173785
 65   42.272766   -0.000008    0.000000   -0.005225    0.066746   -0.084197
 66   29.239323  -56.044827  -91.389008   -1.313825    1.301067   -1.890246
 67   42.375099    0.000000    0.000000    0.021874   -0.183235    0.081141
 68   42.546127    0.000000    0.000015   -0.030807   -0.253781    0.133726
 69   42.234467    0.000027   -0.000027   -0.054324   -0.310096    0.178667
 70   42.464996   -0.000042    0.000027    0.024615    0.078009   -0.120003
 71   42.458099    0.000031   -0.000027   -0.061697    0.420275   -0.486259
 72   42.267883   -0.000038    0.000000   -0.044517    0.253574   -0.333923
 73   42.505966    0.000061    0.000031   -0.154856    0.357871   -0.491019
 74   42.233139    0.000000   -0.000031   -0.048734    0.135554   -0.151485
 75   42.352173    0.000000   -0.000031   -0.001592   -0.359356    0.395294
 76   42.391785   -0.000031    0.000015   -0.006084   -0.258464    0.318013
 77   42.497467    0.000008   -0.000015   -0.002602   -0.128672    0.165321
 78   42.272675    0.000023   -0.000010   -0.000178   -0.058754    0.076145
 79   29.239304 -106.786240    1.740883    0.007780    0.189769   -1.120853
 80   42.375099    0.000010    0.000004   -0.067894    0.035536    0.361830
 81   42.546051    0.000000    0.000000   -0.076806    0.013734    0.371159
 82   42.234512   -0.000031   -0.000008    0.023538   -0.002045   -0.112310
 83   42.465057   -0.000031   -0.000008    0.123986   -0.009377   -0.637769
 84   42.458038    0.000031   -0.000008    0.058241   -0.049809   -0.370962
 85   42.267883    0.000015   -0.000011    0.060896   -0.099190   -0.629161
 86   42.506012    0.000000    0.000019   -0.006318   -0.117841   -0.656689
 87   42.233055    0.000031   -0.000010   -0.000145   -0.004655   -0.000983
 88   42.352287   -0.000061    0.000001    0.065535    0.057509    0.528434
 89   42.391724    0.000092   -0.000002    0.032628    0.089504    0.582764
 90   42.497681   -0.000023   -0.000027   -0.010515    0.047452    0.290802
 91   42.272522    0.000010    0.000034   -0.012345    0.022493    0.152889
time 58
  0    0.000000    0.000000    0.000000    0.000000   -0.000000    0.000000
  1    0.000000    0.000000    0.000000    0.000000   -0.000000    0.000000
  2    0.000000  -35.729790   17.854864    2.371655   -1.392334   -0.800874
  3   50.309212   -0.435479    0.000000    0.087585   -0.423618   -0.037794
  4   30.891548   -0.000010   -0.000004    0.076769   -0.329638   -0.086958
  5   34.635574    0.000009    0.000004    0.055051   -0.148841   -0.077590
  6   30.584290    0.000021    0.000000    0.040386   -0.345794   -0.088396
  7   31.520187    0.000000    0.000000   -0.001801   -0.235860    0.002664
  8   34.241180  -27.603933  -41.285583    0.917255    0.604636   -0.391826
  9   34.241104   23.110184  -41.285690   -0.917955    0.603415    0.390642
 10   35.246704  -51.799789    1.300491   -0.000000    0.000000   -0.686200
 11   35.246536   51.980431    1.300262   -0.000000   -0.000000    0.686845
 12   34.830002  -24.539795   44.943703   -0.920035   -0.599785   -0.403993
 13   34.885773   27.245625   43.148674    0.921064   -0.597940    0.402227
 14   29.239309  -51.573326   94.292961   -0.182666    0.365212   -1.207679
 15   42.375069    0.000002   -0.000015    0.061040   -0.464039    0.247979
 16   42.546082    0.000042   -0.000031   -0.083898   -0.246092    0.238763
 17   42.234482    0.000034   -0.000008   -0.017598   -0.135563    0.044062
 18   42.464966    0.000027   -0.000027    0.039952   -0.267211   -0.121359
 19   42.458099   -0.000053   -0.000011    0.001940   -0.502423   -0.190857
 20   42.267960    0.000031   -0.000046   -0.091840   -0.425961   -0.294977
 21   42.505875    0.000031   -0.000031   -0.146626   -0.500535   -0.564426
 22   42.233215   -0.000031   -0.000015    0.017302    0.026405    0.009501
 23   42.352238    0.000000   -0.000015    0.340414    0.380419    0.569351
 24   42.391724   -0.000031   -0.000015    0.116681    0.293872    0.256401
 25   42.497498    0.000031    0.000000    0.027526    0.145517    0.103204
 26   42.272858    0.000062   -0.000027    0.009244    0.089328    0.060359
 27   29.239332   55.382637   92.215012    1.204625   -0.088778    1.247180
 28   42.375076    0.000000    0.000015    0.147248   -0.416407    0.142462
 29   42.546112    0.000008    0.000034    0.078942   -0.279114    0.068112
 30   42.234467    0.000065   -0.000008   -0.011079    0.155001    0.220163
 31   42.465042   -0.000053    0.000000    0.039676    0.466789    0.484683
 32   42.458084    0.000008    0.000008    0.029688    0.176325    0.292786
 33   42.267868   -0.000031    0.000015    0.197369    0.237391    0.650022
 34   42.506020    0.000031   -0.000015    0.186371    0.181637    0.354739
 35   42.233089   -0.000031   -0.000031   -0.169339   -0.562778   -0.533775
 36   42.352280   -0.000076    0.000000   -0.050242   -0.251263   -0.415943
 37   42.391785    0.000053    0.000002   -0.002960   -0.077410   -0.147583
 38   42.497650    0.000038   -0.000016    0.001294   -0.043403   -0.084200
 39   42.272675    0.000117   -0.000010    0.002273   -0.019351   -0.037530
 40   29.239347  106.746635    1.740856   -0.008378    0.077547    1.829122
 41   42.375046    0.000000    0.000000    0.042230    0.123635   -0.581266
 42   42.546082    0.000008   -0.000008    0.105531    0.081859   -0.604577
 43   42.234467    0.000023    0.000004   -0.017272   -0.000942    0.074778
 44   42.465073    0.000000   -0.000011   -0.142900   -0.020202    0.666411
 45   42.458038   -0.000015   -0.000004   -0.058902   -0.060012    0.367214
 46   42.267975   -0.000015    0.000006   -0.053412   -0.108755    0.584822
 47   42.505920    0.000031    0.000011    0.014521   -0.134314    0.677290
 48   42.233147    0.000031   -0.000006    0.004274   -0.007195    0.028413
 49   42.352238    0.000092    0.000006   -0.072150    0.056908   -0.473483
 50   42.391663    0.000031    0.000001   -0.050043    0.103994   -0.603889
 51   42.497650    0.000008   -0.000011    0.008490    0.060678   -0.309700
 52   42.272766   -0.000009   -0.000008    0.013971    0.029446   -0.163715
 53   29.239328   50.706898  -91.389084    0.062219    1.085598    2.283711
 54   42.375061    0.000000   -0.000008   -0.028612    0.076975   -0.186417
 55   42.546051    0.000027    0.000002   -0.030260    0.121525   -0.274019
 56   42.234543   -0.000027    0.000000   -0.060701    0.192656   -0.404913
 57   42.464996    0.000031    0.000019   -0.017131   -0.040828    0.026529
 58   42.458084    0.000038    0.000034   -0.107501   -0.349966    0.540853
 59   42.267914   -0.000084    0.000031   -0.066561   -0.259410    0.355248
 60   42.505890    0.000061    0.000000   -0.099895   -0.348328    0.471052
 61   42.233109   -0.000092   -0.000031   -0.022638   -0.187899    0.232488
 62   42.352264    0.000000   -0.000015   -0.037014    0.289770   -0.369044
 63   42.391708    0.000076    0.000031   -0.047887    0.278220   -0.366227
 64   42.497559    0.000053   -0.000008   -0.013428    0.138350   -0.176905
 65   42.272736    0.000032    0.000013   -0.005349    0.068411   -0.086501
 66   29.239309  -56.044865  -91.389053   -1.325720    1.300138   -1.902421
 67   42.375092    0.000011    0.000000    0.021195   -0.184030    0.082061
 68   42.546104   -0.000008    0.000038   -0.031635   -0.254718    0.134746
 69   42.234467    0.000042    0.000004   -0.055182   -0.310870    0.179410
 70   42.465027   -0.000046    0.000031    0.024698    0.075711   -0.117756
 71   42.458069    0.000008    0.000050   -0.059276    0.417773   -0.481663
 72   42.267914   -0.000069    0.000023   -0.044778    0.255033   -0.336194
 73   42.506012    0.000092    0.000015   -0.158071    0.361273   -0.497209
 74   42.233116    0.000000   -0.000015   -0.050402    0.139009   -0.155248
 75   42.352196   -0.000061    0.000000    0.000722   -0.355358    0.388831
 76   42.391785    0.000000   -0.000031   -0.006291   -0.263643    0.323954
 77   42.497559    0.000046    0.000008   -0.002692   -0.130737    0.168037
 78   42.272797   -0.000042    0.000017   -0.000284   -0.060225    0.078102
 79   29.239309 -106.786247    1.740902    0.007945    0.190728   -1.118012
 80   42.375099   -0.000017    0.000008   -0.067949    0.035638    0.360195
 81   42.546005   -0.000004    0.000004   -0.077136    0.014020    0.370830
 82   42.234528   -0.000023    0.000000    0.023481   -0.002170   -0.111341
 83   42.465088    0.000008   -0.000004    0.124693   -0.009751   -0.637662
 84   42.458038   -0.000023    0.000000    0.058559   -0.050336   -0.371420
 85   42.267883   -0.000015   -0.000011    0.060965   -0.100036   -0.628768
 86   42.505951    0.000031    0.000012   -0.006675   -0.118692   -0.656856
 87   42.233109    0.000031   -0.000002   -0.000180   -0.004672   -0.001246
 88   42.352303    0.000000    0.000008    0.066115    0.057821    0.527745
 89   42.391708    0.000000   -0.000002    0.033158    0.090241    0.582899
 90   42.497650    0.000008   -0.000029   -0.010482    0.047936    0.290901
 91   42.272552    0.000009    0.000008   -0.012404    0.022751    0.152999
time 59
  0    0.000000    0.000000    0.000000    0.000000   -0.000000    0.000000
  1    0.000000    0.000000    0.000000    0.000000   -0.000000    0.000000
  2    0.000000  -35.730316   17.868238    2.371355   -1.390455   -0.800571
  3   50.309219   -0.435478    0.000004    0.089377   -0.423646   -0.038787
  4   30.891541   -0.000010    0.000004    0.078231   -0.329644   -0.088340
  5   34.635605    0.000010    0.000004    0.056074   -0.148933   -0.079050
  6   30.584305    0.000021    0.000004    0.041241   -0.345961   -0.090132
  7   31.520203    0.000008    0.000015   -0.001801   -0.235860    0.002664
  8   34.241180  -28.000029  -41.878006    0.929474    0.581547   -0.370341
  9   34.241104   23.441803  -41.878098   -0.929479    0.581550    0.370341
 10   35.246689  -52.543091    1.319138   -0.000000    0.000000   -0.657108
 11   35.246536   52.726311    1.318924   -0.000000    0.000000    0.657111
 12   34.830017  -24.891922   45.588615   -0.933001   -0.574887   -0.381034
 13   34.885773   27.636589   43.767830    0.932996   -0.574885    0.381039
 14   29.239323  -51.573345   94.292992   -0.211545    0.372396   -1.193117
 15   42.375076    0.000002   -0.000015    0.096950   -0.463993    0.210368
 16   42.546051    0.000050   -0.000008   -0.075575   -0.254132    0.226913
 17   42.234482    0.000019    0.000000   -0.016685   -0.139093    0.045669
 18   42.464966    0.000015   -0.000015    0.039309   -0.266723   -0.110719
 19   42.458069   -0.000061    0.000027   -0.003048   -0.500189   -0.167747
 20   42.267944    0.000038    0.000015   -0.096363   -0.430793   -0.291858
 21   42.505920   -0.000015    0.000031   -0.154568   -0.504711   -0.570539
 22   42.233204    0.000000   -0.000031    0.016820    0.026532    0.007472
 23   42.352272   -0.000031    0.000015    0.342725    0.378467    0.567437
 24   42.391754   -0.000031    0.000015    0.118746    0.295290    0.256401
 25   42.497528   -0.000008    0.000008    0.028026    0.146302    0.102675
 26   42.272797    0.000059   -0.000038    0.009449    0.089861    0.060008
 27   29.239342   55.382626   92.214920    1.235391   -0.089208    1.221914
 28   42.375053    0.000015    0.000000    0.123576   -0.408828    0.167692
 29   42.546097    0.000000    0.000027    0.071065   -0.270387    0.076663
 30   42.234467    0.000069   -0.000008   -0.006775    0.159206    0.217715
 31   42.465088    0.000000    0.000008    0.044751    0.476018    0.477171
 32   42.458130    0.000031    0.000023    0.029106    0.182556    0.288489
 33   42.267944   -0.000031    0.000076    0.190997    0.243715    0.641573
 34   42.506027    0.000000    0.000000    0.183096    0.186561    0.357469
 35   42.233089   -0.000031    0.000061   -0.157910   -0.568155   -0.536890
 36   42.352264   -0.000107    0.000031   -0.045935   -0.257408   -0.415504
 37   42.391754    0.000084    0.000017   -0.002135   -0.079501   -0.146235
 38   42.497681    0.000088   -0.000004    0.001600   -0.044553   -0.083205
 39   42.272644    0.000170    0.000029    0.002365   -0.019854   -0.037046
 40   29.239353  106.746658    1.740833   -0.008562    0.077555    1.833193
 41   42.375076    0.000000   -0.000008    0.042197    0.124280   -0.580918
 42   42.546112   -0.000011   -0.000011    0.106188    0.082861   -0.606750
 43   42.234497    0.000000    0.000004   -0.017002   -0.001105    0.073251
 44   42.465073   -0.000023   -0.000008   -0.143548   -0.020627    0.666439
 45   42.458054   -0.000023   -0.000004   -0.059137   -0.060577    0.367651
 46   42.267883    0.000015    0.000000   -0.053303   -0.109499    0.583934
 47   42.505920   -0.000031    0.000009    0.014947   -0.135241    0.677881
 48   42.233139    0.000031   -0.000007    0.004401   -0.007277    0.028995
 49   42.352257    0.000000    0.000005   -0.072659    0.056996   -0.472335
 50   42.391708    0.000000    0.000001   -0.050858    0.104639   -0.604285
 51   42.497650    0.000008   -0.000015    0.008326    0.061232   -0.309946
 52   42.272675    0.000005   -0.000015    0.013987    0.029769   -0.163940
 53   29.239334   50.706917  -91.389091    0.070431    1.082358    2.293190
 54   42.375118   -0.000008   -0.000006   -0.028566    0.077410   -0.187192
 55   42.546082    0.000027   -0.000008   -0.030306    0.122099   -0.275208
 56   42.234528   -0.000031    0.000002   -0.061097    0.193468   -0.406935
 57   42.464981    0.000061    0.000027   -0.017164   -0.038418    0.023087
 58   42.458069    0.000019   -0.000015   -0.105364   -0.346441    0.535651
 59   42.267944   -0.000076    0.000008   -0.066919   -0.260305    0.357550
 60   42.505890    0.000107    0.000000   -0.102185   -0.351530    0.477486
 61   42.233170    0.000000   -0.000046   -0.024025   -0.191728    0.237905
 62   42.352310    0.000000   -0.000031   -0.034518    0.283115   -0.360095
 63   42.391724    0.000015   -0.000031   -0.049452    0.283310   -0.374008
 64   42.497620    0.000069    0.000000   -0.013763    0.140752   -0.180423
 65   42.272797    0.000031    0.000015   -0.005497    0.070325   -0.089146
 66   29.239319  -56.044857  -91.389038   -1.337654    1.299156   -1.914628
 67   42.375099    0.000008    0.000000    0.020466   -0.184911    0.083068
 68   42.546120   -0.000004    0.000023   -0.032514   -0.255716    0.135846
 69   42.234451    0.000042    0.000000   -0.056084   -0.311660    0.180202
 70   42.465027   -0.000042   -0.000008    0.024766    0.073120   -0.115237
 71   42.458130    0.000046   -0.000027   -0.056751    0.415206   -0.476899
 72   42.267883   -0.000053   -0.000031   -0.045037    0.256632   -0.338659
 73   42.505966    0.000092    0.000031   -0.161384    0.364757   -0.503636
 74   42.233147    0.000000    0.000000   -0.052320    0.142988   -0.159622
 75   42.352135   -0.000031    0.000031    0.003235   -0.350510    0.381300
 76   42.391815    0.000000    0.000000   -0.006546   -0.269503    0.330629
 77   42.497559    0.000046   -0.000038   -0.002794   -0.133089    0.171118
 78   42.272705   -0.000025   -0.000002   -0.000409   -0.061920    0.080358
 79   29.239311 -106.786270    1.740910    0.008115    0.191760   -1.114851
 80   42.375076    0.000006    0.000000   -0.068008    0.035698    0.358457
 81   42.546051   -0.000015    0.000000   -0.077439    0.014277    0.370310
 82   42.234512   -0.000031   -0.000008    0.023452   -0.002293   -0.110503
 83   42.465057   -0.000015   -0.000004    0.125401   -0.010139   -0.637500
 84   42.458069    0.000023   -0.000008    0.058864   -0.050856   -0.371757
 85   42.267883   -0.000015   -0.000010    0.061033   -0.100860   -0.628212
 86   42.505997    0.000000    0.000014   -0.007001   -0.119584   -0.657254
 87   42.233086    0.000000   -0.000019   -0.000227   -0.004709   -0.001602
 88   42.352303    0.000000    0.000004    0.066695    0.058103    0.527014
 89   42.391769   -0.000031   -0.000008    0.033720    0.090970    0.583139
 90   42.497559    0.000008   -0.000023   -0.010436    0.048418    0.291019
 91   42.272491    0.000014    0.000023   -0.012457    0.023011    0.153127
time 60
  0    0.000000    0.000000    0.000000    0.000000   -0.000000    0.000000
  1    0.000000    0.000000    0.000000    0.000000   -0.000000    0.000000
  2    0.000000  -35.730385   17.872683    2.371053   -1.388536   -0.800267
  3   50.309219   -0.435480    0.000000    0.089993   -0.423656   -0.039128
  4   30.891541   -0.000012    0.000004    0.078734   -0.329646   -0.088815
  5   34.635597    0.000009    0.000004    0.056425   -0.149030   -0.079553
  6   30.584290    0.000021   -0.000004    0.041534   -0.346141   -0.090728
  7   31.520172    0.000000    0.000008    0.010242   -0.236088   -0.086629
  8   34.241196  -27.603924  -41.285599    0.929470    0.581556   -0.370348
  9   34.241119   23.110199  -41.285706   -0.929475    0.581559    0.370348
 10   35.246689  -51.799805    1.300476   -0.000000    0.000000   -0.657120
 11   35.246536   51.980438    1.300262   -0.000000   -0.000000    0.657123
 12   34.830002  -24.539799   44.943687   -0.932997   -0.574896   -0.381041
 13   34.885773   27.245636   43.148651    0.932992   -0.574893    0.381046
 14   29.239325  -51.573341   94.292969   -0.231879    0.376208   -1.177838
 15   42.375080   -0.000004   -0.000015    0.119772   -0.463470    0.184424
 16   42.546082    0.000031    0.000000   -0.069001   -0.259482    0.217333
 17   42.234467    0.000023    0.000000   -0.015856   -0.141557    0.045509
 18   42.464996    0.000004   -0.000013    0.039040   -0.267101   -0.106324
 19   42.458069   -0.000053   -0.000011   -0.005468   -0.498072   -0.157262
 20   42.267944    0.000046    0.000000   -0.098119   -0.432260   -0.291144
 21   42.505905    0.000015    0.000031   -0.157355   -0.505541   -0.573244
 22   42.233162    0.000000   -0.000031    0.017093    0.027203    0.007707
 23   42.352238    0.000031    0.000015    0.343519    0.377793    0.567328
 24   42.391724   -0.000076    0.000000    0.119094    0.295175    0.256087
 25   42.497467    0.000023    0.000000    0.028164    0.146386    0.102520
 26   42.272827    0.000054    0.000015    0.009517    0.089943    0.059917
 27   29.239340   55.382622   92.214951    1.265775   -0.089599    1.196098
 28   42.375084   -0.000015    0.000004    0.100905   -0.398926    0.191967
 29   42.546097   -0.000015    0.000019    0.064083   -0.261363    0.084503
 30   42.234482    0.000080   -0.000004   -0.002713    0.162440    0.215129
 31   42.465057   -0.000053    0.000000    0.049680    0.484083    0.470316
 32   42.458023    0.000008    0.000015    0.028731    0.188665    0.284370
 33   42.267853   -0.000031    0.000031    0.184703    0.250080    0.632061
 34   42.506004    0.000092   -0.000031    0.180684    0.192792    0.361259
 35   42.233109   -0.000046    0.000031   -0.146515   -0.572698   -0.538743
 36   42.352219   -0.000092    0.000000   -0.041647   -0.264454   -0.416013
 37   42.391754    0.000084    0.000019   -0.001327   -0.081702   -0.145051
 38   42.497650    0.000023    0.000003    0.001902   -0.045743   -0.082284
 39   42.272552    0.000118    0.000038    0.002456   -0.020398   -0.036635
 40   29.239355  106.746643    1.740841   -0.008752    0.077617    1.837157
 41   42.375038    0.000008   -0.000008    0.042202    0.124945   -0.580710
 42   42.546112   -0.000019    0.000008    0.106837    0.083802   -0.608652
 43   42.234467    0.000000    0.000000   -0.016782   -0.001274    0.071947
 44   42.465118    0.000000   -0.000011   -0.144187   -0.021093    0.666405
 45   42.458069    0.000008    0.000000   -0.059341   -0.061136    0.367956
 46   42.267929   -0.000015   -0.000002   -0.053187   -0.110209    0.583046
 47   42.505890   -0.000031    0.000009    0.015358   -0.136150    0.678594
 48   42.233131    0.000000   -0.000005    0.004526   -0.007366    0.029557
 49   42.352257    0.000000    0.000008   -0.073173    0.057045   -0.471356
 50   42.391708    0.000031   -0.000002   -0.051674    0.105219   -0.604696
 51   42.497620    0.000031   -0.000011    0.008140    0.061744   -0.310139
 52   42.272705    0.000009   -0.000004    0.013983    0.030075   -0.164137
 53   29.239340   50.706894  -91.389038    0.078630    1.079042    2.302665
 54   42.375084   -0.000008   -0.000008   -0.028518    0.077884   -0.188040
 55   42.546043    0.000031    0.000006   -0.030360    0.122714   -0.276477
 56   42.234497   -0.000042    0.000010   -0.061506    0.194300   -0.408997
 57   42.465027    0.000046    0.000008   -0.017213   -0.035865    0.019424
 58   42.458038    0.000000    0.000000   -0.103141   -0.342754    0.530161
 59   42.267914   -0.000092    0.000000   -0.067290   -0.261264    0.359991
 60   42.505920    0.000092   -0.000046   -0.104563   -0.354806    0.484143
 61   42.233131   -0.000061   -0.000031   -0.025565   -0.195914    0.243844
 62   42.352303    0.000000   -0.000046   -0.031828    0.275608   -0.350008
 63   42.391663    0.000031   -0.000031   -0.051184    0.288826   -0.382435
 64   42.497559    0.000008   -0.000031   -0.014144    0.143425   -0.184321
 65   42.272766    0.000008   -0.000015   -0.005670    0.072484   -0.092118
 66   29.239317  -56.044884  -91.389053   -1.349595    1.298126   -1.926833
 67   42.375092   -0.000004    0.000000    0.019694   -0.185865    0.084151
 68   42.546112    0.000008    0.000019   -0.033439   -0.256765    0.137012
 69   42.234451    0.000023    0.000011   -0.057026   -0.312466    0.181036
 70   42.465042   -0.000046    0.000023    0.024815    0.070291   -0.112498
 71   42.458084    0.000031   -0.000015   -0.054129    0.412562   -0.471966
 72   42.267914   -0.000046   -0.000015   -0.045280    0.258332   -0.341254
 73   42.505981    0.000092    0.000000   -0.164796    0.368325   -0.510305
 74   42.233109    0.000031    0.000000   -0.054458    0.147387   -0.164487
 75   42.352173   -0.000031    0.000031    0.005901   -0.344817    0.372749
 76   42.391754    0.000061    0.000015   -0.006833   -0.275961    0.337929
 77   42.497467    0.000031    0.000015   -0.002904   -0.135709    0.174536
 78   42.272705    0.000010   -0.000008   -0.000551   -0.063831    0.082901
 79   29.239309 -106.786278    1.740894    0.008290    0.192871   -1.111356
 80   42.375092    0.000006    0.000000   -0.068074    0.035715    0.356617
 81   42.546051    0.000004    0.000000   -0.077715    0.014501    0.369589
 82   42.234512   -0.000008    0.000000    0.023451   -0.002413   -0.109804
 83   42.465057   -0.000023    0.000000    0.126112   -0.010541   -0.637278
 84   42.458008    0.000015   -0.000004    0.059152   -0.051369   -0.371959
 85   42.267914    0.000015   -0.000011    0.061103   -0.101659   -0.627480
 86   42.506012    0.000000    0.000006   -0.007291   -0.120523   -0.657905
 87   42.233109    0.000031   -0.000008   -0.000288   -0.004767   -0.002055
 88   42.352306   -0.000031   -0.000004    0.067275    0.058354    0.526233
 89   42.391663   -0.000031   -0.000006    0.034318    0.091693    0.583499
 90   42.497467   -0.000023   -0.000011   -0.010376    0.048898    0.291157
 91   42.272461   -0.000017    0.000015   -0.012503    0.023273    0.153271
time 61
  0    0.000000    0.000000    0.000000    0.000000   -0.000000    0.000000
  1    0.000000    0.000000    0.000000    0.000000   -0.000000    0.000000
  2    0.000000  -35.275154   17.483307    2.474782   -1.400506   -0.903995
  3   50.309219   -0.435478    0.000004    0.088846   -0.420805   -0.038450
  4   30.891541   -0.000010    0.000000    0.077731   -0.327743   -0.087863
  5   34.635590    0.000009   -0.000004    0.055706   -0.150183   -0.078539
  6   30.584290    0.000019    0.000008    0.041005   -0.347892   -0.089572
  7   31.520203    0.000004    0.000008    0.007119   -0.236029   -0.063479
  8   34.241180  -27.207829  -40.693161    0.930098    0.568356   -0.361746
  9   34.241119   22.778568  -40.693253   -0.930103    0.568358    0.361746
 10   35.246689  -51.056492    1.281830   -0.000000    0.000000   -0.641598
 11   35.246536   51.234543    1.281616   -0.000000   -0.000000    0.641601
 12   34.830017  -24.187662   44.298798   -0.933554   -0.561688   -0.372454
 13   34.885788   26.854668   42.529533    0.933549   -0.561687    0.372459
 14   29.239326  -51.573326   94.292999   -0.175919    0.366569   -1.195208
 15   42.375076    0.000000    0.000000    0.102188   -0.447873    0.208510
 16   42.546082    0.000034    0.000000   -0.072343   -0.247939    0.226643
 17   42.234467    0.000038   -0.000011   -0.015836   -0.140069    0.050359
 18   42.464966    0.000046   -0.000002    0.040989   -0.274182   -0.098292
 19   42.458069   -0.000023   -0.000031   -0.008360   -0.501674   -0.136387
 20   42.267914    0.000023    0.000000   -0.100771   -0.443442   -0.274946
 21   42.505890   -0.000008    0.000000   -0.165603   -0.525787   -0.552298
 22   42.233181    0.000031   -0.000031    0.021065    0.032022    0.013992
 23   42.352280    0.000000   -0.000031    0.358428    0.398463    0.561774
 24   42.391815   -0.000053    0.000031    0.116301    0.301354    0.239436
 25   42.497528    0.000032    0.000000    0.027087    0.149173    0.095501
 26   42.272797    0.000060    0.000000    0.008846    0.091535    0.055734
 27   29.239342   55.382622   92.214996    1.336664   -0.090770    1.113259
 28   42.375076   -0.000008    0.000000    0.053990   -0.354065    0.228246
 29   42.546066    0.000015    0.000027    0.053629   -0.242825    0.093917
 30   42.234467    0.000092    0.000004    0.004273    0.159802    0.209567
 31   42.464996   -0.000008    0.000008    0.056736    0.491873    0.462881
 32   42.458054    0.000038    0.000000    0.027076    0.198518    0.279953
 33   42.267883   -0.000015    0.000046    0.167383    0.256071    0.613968
 34   42.506004    0.000000    0.000000    0.177411    0.205653    0.379021
 35   42.233078   -0.000046    0.000031   -0.123483   -0.566075   -0.537466
 36   42.352234   -0.000107   -0.000015   -0.034374   -0.278620   -0.423547
 37   42.391754    0.000092    0.000008   -0.000173   -0.085491   -0.144621
 38   42.497711    0.000076    0.000003    0.002247   -0.047735   -0.081606
 39   42.272644    0.000158    0.000023    0.002560   -0.021463   -0.036609
 40   29.239357  106.746597    1.740852   -0.007439    0.083619    1.770389
 41   42.375069    0.000008   -0.000004    0.045229    0.123180   -0.572950
 42   42.546112    0.000004    0.000000    0.104574    0.078100   -0.576531
 43   42.234467    0.000015    0.000000   -0.020804   -0.000954    0.088242
 44   42.465042   -0.000015   -0.000008   -0.145248   -0.022938    0.666064
 45   42.458115    0.000000    0.000000   -0.058302   -0.061374    0.363615
 46   42.267838   -0.000031    0.000000   -0.053132   -0.112861    0.592793
 47   42.505890    0.000000    0.000014    0.018412   -0.134572    0.666816
 48   42.233147    0.000000   -0.000010    0.003472   -0.006261    0.022197
 49   42.352215    0.000000    0.000003   -0.075774    0.058542   -0.483298
 50   42.391647    0.000000    0.000003   -0.050432    0.105387   -0.597959
 51   42.497650   -0.000023   -0.000010    0.008511    0.061466   -0.306645
 52   42.272705    0.000013    0.000004    0.013968    0.029688   -0.161056
 53   29.239342   50.706867  -91.389069    0.036729    1.089735    2.278140
 54   42.375114   -0.000015   -0.000010   -0.028735    0.085389   -0.187759
 55   42.546059    0.000027    0.000013   -0.030070    0.133430   -0.274756
 56   42.234528   -0.000027   -0.000015   -0.057875    0.203857   -0.394392
 57   42.465012    0.000015    0.000019   -0.017672   -0.042460    0.025461
 58   42.458038    0.000031    0.000008   -0.108790   -0.359263    0.513882
 59   42.267914   -0.000061    0.000008   -0.066706   -0.275935    0.348026
 60   42.505920    0.000107    0.000031   -0.103209   -0.381055    0.480481
 61   42.233177   -0.000092   -0.000046   -0.019025   -0.199856    0.231817
 62   42.352242   -0.000031   -0.000061   -0.039610    0.283556   -0.339806
 63   42.391663    0.000031    0.000015   -0.058546    0.304558   -0.375133
 64   42.497559    0.000023   -0.000023   -0.015932    0.152955   -0.180546
 65   42.272736   -0.000011    0.000031   -0.006042    0.077632   -0.090356
 66   29.239323  -56.044846  -91.389038   -1.396165    1.281336   -1.990448
 67   42.375092    0.000004    0.000000    0.022305   -0.189435    0.087637
 68   42.546135    0.000000    0.000019   -0.031728   -0.261962    0.143186
 69   42.234467    0.000031    0.000000   -0.053359   -0.313871    0.185813
 70   42.465042   -0.000046   -0.000011    0.023686    0.070205   -0.110807
 71   42.458099    0.000031    0.000004   -0.055781    0.409836   -0.468306
 72   42.267944   -0.000092   -0.000031   -0.044707    0.261393   -0.342474
 73   42.506012    0.000061    0.000015   -0.162507    0.374474   -0.517013
 74   42.233170   -0.000031   -0.000015   -0.051941    0.148610   -0.166641
 75   42.352203    0.000061   -0.000031    0.000813   -0.337601    0.367763
 76   42.391846    0.000061   -0.000061   -0.010466   -0.281731    0.343976
 77   42.497589    0.000031    0.000000   -0.003492   -0.138923    0.177252
 78   42.272766    0.000023    0.000015   -0.000576   -0.065966    0.084944
 79   29.239311 -106.786247    1.740894    0.007037    0.189991   -1.165887
 80   42.375107    0.000011   -0.000004   -0.071158    0.040311    0.379154
 81   42.546021    0.000000    0.000008   -0.080203    0.015725    0.380360
 82   42.234512    0.000008   -0.000019    0.024889   -0.002715   -0.115879
 83   42.465073    0.000008    0.000004    0.126737   -0.012281   -0.639939
 84   42.458069   -0.000023   -0.000011    0.057897   -0.052146   -0.369613
 85   42.267883    0.000000   -0.000013    0.059561   -0.103640   -0.633893
 86   42.505936    0.000000    0.000010   -0.010900   -0.118892   -0.649469
 87   42.233063    0.000031   -0.000012    0.000337   -0.004094    0.002729
 88   42.352280   -0.000031    0.000000    0.069566    0.058067    0.533925
 89   42.391724    0.000031   -0.000021    0.034853    0.091008    0.578723
 90   42.497528    0.000015   -0.000024   -0.009878    0.048850    0.288988
 91   42.272369   -0.000001    0.000023   -0.012177    0.023237    0.151395
time 62
  0    0.000000    0.000000    0.000000    0.000000   -0.000000    0.000000
  1    0.000000    0.000000    0.000000    0.000000   -0.000000    0.000000
  2    0.000000  -33.994152   16.387625    2.578512   -1.412477   -1.007725
  3   50.309208   -0.435480    0.000008    0.085619   -0.412783   -0.036542
  4   30.891541   -0.000012    0.000000    0.074909   -0.322388   -0.085184
  5   34.635605    0.000004    0.000000    0.053684   -0.153243   -0.075687
  6   30.584274    0.000010    0.000004    0.039516   -0.352481   -0.086320
  7   31.520187   -0.000008    0.000015    0.001321   -0.235919   -0.020486
  8   34.241211  -27.603949  -41.285583    0.931919    0.531091   -0.337452
  9   34.241119   23.110184  -41.285675   -0.931925    0.531093    0.337452
 10   35.246735  -51.799812    1.300476   -0.000000    0.000000   -0.597758
 11   35.246536   51.980438    1.300278   -0.000000   -0.000000    0.597761
 12   34.830048  -24.539803   44.943680   -0.935174   -0.524412   -0.348194
 13   34.885773   27.245636   43.148659    0.935169   -0.524410    0.348199
 14   29.239323  -51.573387   94.292953   -0.093286    0.336300   -1.194994
 15   42.375076   -0.000004   -0.000031    0.061472   -0.422229    0.238496
 16   42.546112    0.000023    0.000015   -0.076157   -0.227003    0.229172
 17   42.234512    0.000027    0.000000   -0.015408   -0.136461    0.050504
 18   42.465042   -0.000004    0.000015    0.043876   -0.285612   -0.097535
 19   42.458099   -0.000061    0.000008   -0.010567   -0.502951   -0.126348
 20   42.267960    0.000023    0.000031   -0.101861   -0.451343   -0.267039
 21   42.505920   -0.000015    0.000031   -0.168272   -0.537270   -0.532027
 22   42.233238   -0.000031   -0.000031    0.030837    0.044506    0.031143
 23   42.352276    0.000061    0.000000    0.373500    0.423199    0.564778
 24   42.391724   -0.000023    0.000015    0.107186    0.298613    0.218529
 25   42.497467    0.000008   -0.000023    0.025005    0.148608    0.088601
 26   42.272797    0.000053   -0.000011    0.007872    0.091119    0.051784
 27   29.239330   55.382641   92.214981    1.391226   -0.105315    1.026320
 28   42.375107    0.000008   -0.000015    0.022588   -0.300103    0.244158
 29   42.546112   -0.000008    0.000015    0.046623   -0.225954    0.097894
 30   42.234497    0.000076   -0.000008    0.010556    0.149156    0.199900
 31   42.465042   -0.000031    0.000008    0.064352    0.498464    0.457373
 32   42.458099    0.000023   -0.000008    0.025710    0.211439    0.276866
 33   42.267899   -0.000015    0.000000    0.145400    0.258054    0.586376
 34   42.506058    0.000031    0.000046    0.180619    0.227313    0.412553
 35   42.233101    0.000015    0.000031   -0.103091   -0.550864   -0.524412
 36   42.352234   -0.000092    0.000031   -0.026608   -0.300456   -0.440957
 37   42.391785    0.000053    0.000019    0.000852   -0.090249   -0.145765
 38   42.497650    0.000053   -0.000000    0.002525   -0.050086   -0.081590
 39   42.272644    0.000154    0.000032    0.002644   -0.022900   -0.037207
 40   29.239342  106.746704    1.740826   -0.005973    0.085355    1.691758
 41   42.375099    0.000004    0.000000    0.045163    0.118411   -0.556127
 42   42.546112   -0.000011   -0.000008    0.098125    0.072586   -0.541121
 43   42.234467    0.000015   -0.000008   -0.023955   -0.000034    0.102642
 44   42.465088    0.000023   -0.000008   -0.143468   -0.024324    0.664268
 45   42.458130    0.000000   -0.000008   -0.056482   -0.060321    0.360091
 46   42.267899    0.000015    0.000004   -0.052202   -0.112753    0.600824
 47   42.505936   -0.000031    0.000006    0.020373   -0.130881    0.658441
 48   42.233124   -0.000031   -0.000010    0.002560   -0.005302    0.016397
 49   42.352268    0.000122    0.000001   -0.076559    0.058658   -0.493643
 50   42.391708   -0.000031   -0.000003   -0.048426    0.103576   -0.592951
 51   42.497681    0.000015   -0.000008    0.008738    0.060032   -0.303810
 52   42.272736    0.000023   -0.000004    0.013736    0.028785   -0.158589
 53   29.239342   50.706924  -91.389053   -0.025927    1.104225    2.225261
 54   42.375080   -0.000015   -0.000011   -0.029347    0.093208   -0.189578
 55   42.546089    0.000038    0.000013   -0.030761    0.144405   -0.275086
 56   42.234528   -0.000019    0.000008   -0.053385    0.206243   -0.370326
 57   42.465027    0.000046    0.000011   -0.018551   -0.056856    0.043026
 58   42.458099    0.000034    0.000011   -0.113785   -0.373659    0.499243
 59   42.268005   -0.000114   -0.000008   -0.065451   -0.287008    0.335082
 60   42.505920    0.000122   -0.000015   -0.103593   -0.407968    0.481682
 61   42.233170   -0.000122   -0.000031   -0.010909   -0.192223    0.209432
 62   42.352295   -0.000031   -0.000076   -0.048523    0.296270   -0.338562
 63   42.391663    0.000000   -0.000046   -0.063457    0.314321   -0.363436
 64   42.497620    0.000038    0.000008   -0.017279    0.160213   -0.175747
 65   42.272736    0.000010    0.000021   -0.006230    0.080909   -0.087295
 66   29.239319  -56.044895  -91.389038   -1.392075    1.269242   -1.998428
 67   42.375099   -0.000002    0.000000    0.025039   -0.194200    0.091003
 68   42.546120   -0.000004    0.000042   -0.029248   -0.267353    0.149240
 69   42.234467    0.000031    0.000015   -0.045401   -0.305671    0.183472
 70   42.465012   -0.000069    0.000000    0.022574    0.080246   -0.117093
 71   42.458160    0.000015   -0.000015   -0.057159    0.404542   -0.464027
 72   42.267975   -0.000046    0.000008   -0.044292    0.263840   -0.343360
 73   42.505981    0.000092    0.000000   -0.161779    0.382450   -0.527210
 74   42.233154    0.000031   -0.000046   -0.045858    0.140511   -0.158100
 75   42.352180    0.000000    0.000000   -0.006040   -0.334717    0.369696
 76   42.391830    0.000000   -0.000031   -0.014124   -0.283077    0.345830
 77   42.497559   -0.000008    0.000008   -0.004232   -0.141020    0.178844
 78   42.272705    0.000027    0.000057   -0.000596   -0.067043    0.085713
 79   29.239307 -106.786293    1.740906    0.005650    0.180042   -1.205775
 80   42.375092   -0.000011    0.000008   -0.069688    0.044374    0.392482
 81   42.546036   -0.000015    0.000004   -0.079463    0.018099    0.387062
 82   42.234497   -0.000023   -0.000008    0.025193   -0.002498   -0.119054
 83   42.465057   -0.000023   -0.000004    0.124882   -0.013606   -0.641307
 84   42.458069    0.000008    0.000000    0.055868   -0.051708   -0.367932
 85   42.267868    0.000031   -0.000002    0.056949   -0.102660   -0.636223
 86   42.506012    0.000031    0.000019   -0.013222   -0.115856   -0.647342
 87   42.233070    0.000061   -0.000005    0.000568   -0.003775    0.004432
 88   42.352283    0.000061    0.000014    0.069932    0.056125    0.537574
 89   42.391724    0.000000    0.000002    0.035207    0.088789    0.577391
 90   42.497559    0.000031   -0.000012   -0.009191    0.047999    0.288186
 91   42.272552   -0.000008    0.000023   -0.011700    0.022871    0.150638
time 63
  0    0.000000    0.000000    0.000000    0.000000   -0.000000    0.000000
  1    0.000000    0.000000    0.000000    0.000000   -0.000000    0.000000
  2    0.000000  -32.014423   14.694294    2.682240   -1.424447   -1.111452
  3   50.309216   -0.435478    0.000004    0.080632   -0.400385   -0.033593
  4   30.891541   -0.000011   -0.000008    0.070547   -0.314111   -0.081044
  5   34.635597    0.000008   -0.000004    0.050557   -0.157915   -0.071279
  6   30.584290    0.000015    0.000000    0.037215   -0.359470   -0.081292
  7   31.520172   -0.000004   -0.000008   -0.001801   -0.235860    0.002664
  8   34.241196  -28.000034  -41.878006    0.934719    0.473531   -0.299929
  9   34.241104   23.441795  -41.878098   -0.934724    0.473533    0.299930
 10   35.246704  -52.543091    1.319153   -0.000000    0.000000   -0.530048
 11   35.246536   52.726303    1.318939   -0.000000    0.000000    0.530051
 12   34.830017  -24.891928   45.588615   -0.937662   -0.466831   -0.310726
 13   34.885773   27.636581   43.767830    0.937658   -0.466829    0.310730
 14   29.239323  -51.573330   94.292931   -0.000536    0.287006   -1.179407
 15   42.375061   -0.000011    0.000015    0.012886   -0.387762    0.264373
 16   42.546051    0.000031    0.000000   -0.079315   -0.199582    0.224799
 17   42.234467    0.000019    0.000019   -0.014606   -0.131811    0.046686
 18   42.465027    0.000050   -0.000034    0.047639   -0.300690   -0.103388
 19   42.458099   -0.000061   -0.000015   -0.011642   -0.502024   -0.126333
 20   42.268005    0.000038    0.000000   -0.100963   -0.456669   -0.265729
 21   42.505844   -0.000015    0.000000   -0.165419   -0.540944   -0.513462
 22   42.233177    0.000000   -0.000031    0.045168    0.063318    0.056246
 23   42.352211    0.000000    0.000031    0.386014    0.449807    0.572374
 24   42.391724    0.000008    0.000015    0.094274    0.288552    0.196664
 25   42.497375    0.000036    0.000000    0.022328    0.145390    0.082437
 26   42.272766    0.000082   -0.000046    0.006717    0.088848    0.048220
 27   29.239330   55.382603   92.214920    1.429490   -0.130975    0.938666
 28   42.375069    0.000008    0.000000    0.006060   -0.243818    0.242944
 29   42.546097    0.000000    0.000011    0.042027   -0.209990    0.097778
 30   42.234467    0.000069    0.000015    0.015769    0.132311    0.187222
 31   42.465027   -0.000038    0.000015    0.072029    0.501139    0.451905
 32   42.458084    0.000015    0.000008    0.025104    0.228253    0.276230
 33   42.267914   -0.000031    0.000046    0.120683    0.255782    0.549644
 34   42.506035    0.000031    0.000031    0.187990    0.256272    0.459523
 35   42.233078   -0.000031    0.000031   -0.085731   -0.524926   -0.498049
 36   42.352280   -0.000076   -0.000015   -0.017020   -0.330293   -0.468499
 37   42.391693    0.000061   -0.000011    0.001823   -0.096138   -0.148592
 38   42.497681    0.000027    0.000002    0.002760   -0.052851   -0.082262
 39   42.272614    0.000163    0.000032    0.002711   -0.024761   -0.038426
 40   29.239346  106.746613    1.740835   -0.004489    0.082671    1.604565
 41   42.375046    0.000011   -0.000008    0.041981    0.111406   -0.529664
 42   42.546127   -0.000011    0.000000    0.088701    0.068034   -0.505208
 43   42.234436   -0.000031   -0.000004   -0.025694    0.001307    0.113401
 44   42.465057   -0.000038    0.000004   -0.139136   -0.025025    0.661274
 45   42.458084   -0.000023   -0.000004   -0.054110   -0.058137    0.357642
 46   42.267883   -0.000015    0.000004   -0.050481   -0.109840    0.605817
 47   42.505920   -0.000031    0.000008    0.021055   -0.125775    0.655130
 48   42.233101    0.000000   -0.000008    0.001989   -0.004643    0.013045
 49   42.352242    0.000031    0.000002   -0.075423    0.057258   -0.500887
 50   42.391678    0.000000   -0.000002   -0.046116    0.100061   -0.590567
 51   42.497711    0.000023   -0.000010    0.008747    0.057689   -0.302032
 52   42.272736    0.000008    0.000000    0.013319    0.027533   -0.157096
 53   29.239330   50.706913  -91.389061   -0.111321    1.121089    2.142370
 54   42.375099   -0.000008   -0.000002   -0.030359    0.100976   -0.192656
 55   42.546043    0.000038    0.000019   -0.032169    0.154738   -0.275726
 56   42.234558   -0.000015   -0.000004   -0.048072    0.200876   -0.337984
 57   42.465012    0.000031    0.000011   -0.020527   -0.077973    0.068693
 58   42.458038    0.000023    0.000008   -0.116964   -0.384390    0.483550
 59   42.267975   -0.000046    0.000008   -0.064112   -0.296171    0.323906
 60   42.505859    0.000092    0.000015   -0.105108   -0.434373    0.486346
 61   42.233246    0.000000    0.000000   -0.002723   -0.174195    0.179935
 62   42.352211   -0.000031   -0.000015   -0.058330    0.312423   -0.343736
 63   42.391769    0.000046    0.000000   -0.065992    0.318926   -0.349036
 64   42.497620    0.000046   -0.000015   -0.018167    0.165397   -0.170515
 65   42.272736   -0.000010   -0.000006   -0.006244    0.082493   -0.083476
 66   29.239315  -56.044857  -91.389008   -1.346394    1.261159   -1.960240
 67   42.375084    0.000000   -0.000008    0.028045   -0.199861    0.094384
 68   42.546097    0.000008    0.000023   -0.025761   -0.272165    0.155029
 69   42.234436    0.000011   -0.000004   -0.034240   -0.288403    0.174709
 70   42.464996   -0.000038    0.000023    0.020887    0.098453   -0.130436
 71   42.458099    0.000023   -0.000027   -0.057638    0.396383   -0.458068
 72   42.267822   -0.000038    0.000008   -0.044247    0.266613   -0.345142
 73   42.505997    0.000107    0.000015   -0.161864    0.391408   -0.539731
 74   42.233116    0.000031   -0.000031   -0.037597    0.124395   -0.140460
 75   42.352165    0.000000    0.000000   -0.014415   -0.335453    0.377522
 76   42.391785   -0.000031   -0.000015   -0.017509   -0.280748    0.344099
 77   42.497559    0.000015    0.000008   -0.005054   -0.142107    0.179465
 78   42.272675   -0.000042    0.000021   -0.000601   -0.067152    0.085358
 79   29.239311 -106.786224    1.740902    0.004251    0.164569   -1.231635
 80   42.375092   -0.000010    0.000000   -0.064401    0.047465    0.397296
 81   42.546051    0.000000    0.000008   -0.075854    0.021235    0.390006
 82   42.234497    0.000008    0.000000    0.024521   -0.001847   -0.119887
 83   42.465088   -0.000008    0.000000    0.120852   -0.014510   -0.641702
 84   42.458069   -0.000008    0.000000    0.053163   -0.050184   -0.366673
 85   42.267990    0.000031   -0.000004    0.053528   -0.099103   -0.635179
 86   42.505890    0.000031    0.000024   -0.014396   -0.111594   -0.650498
 87   42.233070    0.000000   -0.000010    0.000454   -0.003717    0.003602
 88   42.352322    0.000061    0.000001    0.068539    0.052867    0.537958
 89   42.391739    0.000000    0.000000    0.035289    0.085222    0.578923
 90   42.497589   -0.000015   -0.000028   -0.008367    0.046421    0.288496
 91   42.272583   -0.000027    0.000019   -0.011095    0.022196    0.150782
time 64
  0    0.000000    0.000000    0.000000    0.000000   -0.000000    0.000000
  1    0.000000    0.000000    0.000000    0.000000   -0.000000    0.000000
  2    0.000000  -29.463009   12.511982    2.785970   -1.436417   -1.215181
  3   50.309212   -0.435479    0.000006    0.074204   -0.384407   -0.029792
  4   30.891548   -0.000011    0.000008    0.064926   -0.303445   -0.075709
  5   34.635605    0.000010    0.000008    0.046528   -0.163905   -0.065599
  6   30.584282    0.000021    0.000000    0.034249   -0.368419   -0.074814
  7   31.520195    0.000002    0.000000   -0.001765   -0.241810    0.002611
  8   34.241203  -28.000019  -41.878021    0.938321    0.399366   -0.251584
  9   34.241158   23.441811  -41.878098   -0.938326    0.399367    0.251584
 10   35.246712  -52.543068    1.319138   -0.000000   -0.000000   -0.442807
 11   35.246574   52.726307    1.318924   -0.000000    0.000000    0.442810
 12   34.830025  -24.891920   45.588608   -0.940863   -0.392638   -0.262452
 13   34.885780   27.636593   43.767822    0.940859   -0.392637    0.262456
 14   29.239326  -51.573341   94.292999    0.086653    0.220019   -1.150870
 15   42.375076    0.000004   -0.000015   -0.030322   -0.346886    0.277847
 16   42.546089    0.000034    0.000008   -0.081184   -0.168430    0.214417
 17   42.234467    0.000042    0.000015   -0.013643   -0.126844    0.039987
 18   42.464981    0.000031    0.000008    0.052138   -0.317912   -0.115356
 19   42.458130   -0.000069   -0.000008   -0.011073   -0.498789   -0.135186
 20   42.267960    0.000023   -0.000015   -0.097375   -0.458963   -0.268490
 21   42.505936    0.000061    0.000000   -0.157208   -0.539255   -0.498024
 22   42.233189    0.000000    0.000031    0.061820    0.086112    0.085900
 23   42.352329    0.000000    0.000000    0.392972    0.475215    0.580660
 24   42.391754   -0.000008    0.000000    0.080438    0.273998    0.177105
 25   42.497498    0.000051   -0.000008    0.019467    0.140404    0.077487
 26   42.272766    0.000092   -0.000031    0.005420    0.084073    0.044649
 27   29.239342   55.382629   92.214996    1.454489   -0.165356    0.853288
 28   42.375092    0.000008    0.000010    0.000769   -0.189683    0.229831
 29   42.546112    0.000008    0.000023    0.039025   -0.193547    0.094610
 30   42.234497    0.000084   -0.000015    0.019766    0.111390    0.172584
 31   42.465057   -0.000015   -0.000015    0.078864    0.497132    0.444360
 32   42.458069    0.000046    0.000015    0.025793    0.249511    0.279159
 33   42.267883   -0.000015    0.000076    0.095414    0.249207    0.504767
 34   42.506058    0.000122    0.000046    0.197176    0.290391    0.516254
 35   42.233089   -0.000031    0.000000   -0.071504   -0.485689   -0.456606
 36   42.352234   -0.000107    0.000031   -0.003936   -0.368125   -0.506291
 37   42.391724    0.000092    0.000038    0.002820   -0.103416   -0.153324
 38   42.497711    0.000038   -0.000008    0.002976   -0.056115   -0.083681
 39   42.272675    0.000120   -0.000004    0.002770   -0.027104   -0.040292
 40   29.239346  106.746674    1.740837   -0.003102    0.075535    1.512570
 41   42.375031   -0.000004   -0.000008    0.036067    0.103209   -0.494345
 42   42.546097   -0.000008   -0.000004    0.077491    0.064793   -0.470857
 43   42.234451    0.000000   -0.000004   -0.025732    0.002955    0.119245
 44   42.465103   -0.000031   -0.000015   -0.132602   -0.024908    0.657454
 45   42.458069    0.000023   -0.000008   -0.051331   -0.054988    0.356341
 46   42.267975    0.000000    0.000006   -0.048051   -0.104228    0.606615
 47   42.505936    0.000000    0.000007    0.020404   -0.119767    0.658234
 48   42.233124   -0.000031   -0.000008    0.001879   -0.004367    0.012883
 49   42.352261    0.000031    0.000005   -0.072383    0.054328   -0.503805
 50   42.391739    0.000031    0.000002   -0.043819    0.095111   -0.591540
 51   42.497589    0.000023   -0.000011    0.008493    0.054651   -0.301614
 52   42.272766   -0.000004   -0.000004    0.012741    0.026054   -0.156837
 53   29.239334   50.706936  -91.389153   -0.222711    1.137655    2.026585
 54   42.375122   -0.000008   -0.000015   -0.031834    0.108091   -0.195821
 55   42.546082    0.000038   -0.000004   -0.034013    0.163207   -0.274559
 56   42.234558   -0.000031   -0.000008   -0.042323    0.188057   -0.299151
 57   42.464996    0.000053    0.000008   -0.024044   -0.104217    0.099473
 58   42.458069    0.000053    0.000023   -0.117160   -0.389523    0.464181
 59   42.267944   -0.000092    0.000015   -0.063386   -0.305492    0.317058
 60   42.505890    0.000107    0.000000   -0.107089   -0.458691    0.492834
 61   42.233192   -0.000015   -0.000015    0.004231   -0.147876    0.146325
 62   42.352272    0.000000    0.000000   -0.068511    0.330259   -0.352902
 63   42.391739    0.000031    0.000031   -0.066504    0.319342   -0.333498
 64   42.497650    0.000061   -0.000038   -0.018641    0.168817   -0.165372
 65   42.272827    0.000004    0.000008   -0.006121    0.082685   -0.079394
 66   29.239323  -56.044857  -91.389069   -1.263080    1.254796   -1.880076
 67   42.375114    0.000017   -0.000015    0.031650   -0.205631    0.097633
 68   42.546127    0.000008    0.000004   -0.020872   -0.274973    0.159981
 69   42.234467    0.000019   -0.000019   -0.021312   -0.263021    0.160551
 70   42.465027   -0.000031   -0.000023    0.018116    0.121682   -0.149016
 71   42.458099    0.000008   -0.000042   -0.057015    0.385923   -0.450198
 72   42.267944   -0.000031   -0.000015   -0.044635    0.270242   -0.348596
 73   42.505981    0.000092    0.000015   -0.161776    0.400194   -0.552848
 74   42.233116    0.000061   -0.000031   -0.028775    0.102323   -0.116132
 75   42.352158   -0.000092    0.000015   -0.023931   -0.338438    0.389430
 76   42.391754    0.000031    0.000015   -0.020451   -0.275836    0.339742
 77   42.497559    0.000069    0.000031   -0.005882   -0.142417    0.179382
 78   42.272736    0.000040    0.000025   -0.000582   -0.066514    0.084176
 79   29.239311 -106.786301    1.740908    0.002944    0.144906   -1.244566
 80   42.375107   -0.000006   -0.000008   -0.056255    0.049511    0.394422
 81   42.546082   -0.000015   -0.000004   -0.069867    0.024814    0.389552
 82   42.234497   -0.000023   -0.000015    0.023019   -0.000830   -0.118644
 83   42.465073    0.000000   -0.000004    0.114938   -0.014992   -0.641260
 84   42.458069    0.000000   -0.000008    0.049900   -0.047723   -0.365762
 85   42.267899    0.000000   -0.000011    0.049511   -0.093371   -0.631077
 86   42.505966    0.000000    0.000014   -0.014537   -0.106243   -0.658274
 87   42.233009    0.000122   -0.000009    0.000055   -0.003842    0.000507
 88   42.352280   -0.000031    0.000000    0.065561    0.048608    0.535388
 89   42.391739    0.000031   -0.000005    0.035032    0.080491    0.582973
 90   42.497559    0.000015   -0.000016   -0.007453    0.044200    0.289783
 91   42.272522    0.000025    0.000015   -0.010383    0.021243    0.151724
time 65
  0    0.000000    0.000000    0.000000    0.000000   -0.000000    0.000000
  1    0.000000    0.000000    0.000000    0.000000   -0.000000    0.000000
  2    0.000000  -26.466949    9.949351    2.889699   -1.448387   -1.318909
  3   50.309219   -0.435479    0.000006    0.066657   -0.365644   -0.025329
  4   30.891548   -0.000011   -0.000006    0.058326   -0.290920   -0.069444
  5   34.635605    0.000007   -0.000004    0.041797   -0.170919   -0.058928
  6   30.584290    0.000017   -0.000004    0.030766   -0.378892   -0.067206
  7   31.520187    0.000002    0.000000   -0.001667   -0.258260    0.002466
  8   34.241180  -28.000031  -41.878021    0.942550    0.312275   -0.194813
  9   34.241104   23.441795  -41.878113   -0.942555    0.312277    0.194814
 10   35.246674  -52.543072    1.319122   -0.000000   -0.000000   -0.340363
 11   35.246521   52.726307    1.318909   -0.000000   -0.000000    0.340366
 12   34.830017  -24.891914   45.588600   -0.944622   -0.305516   -0.205765
 13   34.885773   27.636581   43.767815    0.944617   -0.305515    0.205769
 14   29.239315  -51.573326   94.292923    0.158776    0.137220   -1.111938
 15   42.375057    0.000004    0.000015   -0.061979   -0.301939    0.275290
 16   42.546097    0.000032   -0.000008   -0.081771   -0.135825    0.199823
 17   42.234482   -0.000008   -0.000011   -0.012849   -0.121686    0.031590
 18   42.465012    0.000027   -0.000008    0.057144   -0.335033   -0.132826
 19   42.458099   -0.000053   -0.000008   -0.008363   -0.493417   -0.151502
 20   42.267990    0.000011   -0.000015   -0.090442   -0.456572   -0.272466
 21   42.505890    0.000031    0.000000   -0.143884   -0.536151   -0.487936
 22   42.233170    0.000000    0.000000    0.077531    0.109404    0.115792
 23   42.352276    0.000031    0.000061    0.392945    0.496546    0.587786
 24   42.391693   -0.000023    0.000000    0.068040    0.258516    0.162412
 25   42.497498    0.000054   -0.000015    0.016755    0.134591    0.074082
 26   42.272827    0.000057   -0.000025    0.004262    0.078968    0.042066
 27   29.239330   55.382599   92.214920    1.470064   -0.206067    0.772603
 28   42.375053    0.000015   -0.000002    0.002738   -0.140603    0.209772
 29   42.546051    0.000008    0.000023    0.037025   -0.175029    0.089302
 30   42.234451    0.000080    0.000019    0.022572    0.088354    0.156720
 31   42.465042   -0.000015    0.000011    0.083928    0.484641    0.433165
 32   42.458084    0.000046    0.000000    0.028326    0.274947    0.286332
 33   42.267899    0.000015   -0.000015    0.071796    0.238685    0.453665
 34   42.506020    0.000015    0.000061    0.205907    0.327167    0.577568
 35   42.233116   -0.000076   -0.000031   -0.060025   -0.430691   -0.398573
 36   42.352219   -0.000122    0.000000    0.014628   -0.413129   -0.554108
 37   42.391663    0.000114    0.000000    0.003953   -0.112460   -0.160322
 38   42.497589    0.000034   -0.000039    0.003199   -0.060006   -0.085955
 39   42.272644    0.000171    0.000015    0.002830   -0.030021   -0.042863
 40   29.239349  106.746605    1.740839   -0.001896    0.064264    1.419658
 41   42.375046   -0.000006   -0.000004    0.028267    0.094829   -0.452231
 42   42.546097   -0.000011    0.000004    0.065482    0.062772   -0.439152
 43   42.234451    0.000023    0.000004   -0.024090    0.004845    0.119570
 44   42.465042   -0.000023   -0.000004   -0.124193   -0.023974    0.653014
 45   42.458008   -0.000031   -0.000011   -0.048230   -0.051054    0.356252
 46   42.267914    0.000015   -0.000002   -0.044974   -0.096219    0.602427
 47   42.505920    0.000031    0.000007    0.018499   -0.113086    0.668404
 48   42.233109   -0.000061   -0.000011    0.002244   -0.004476    0.016437
 49   42.352219    0.000000    0.000005   -0.067576    0.049999   -0.501513
 50   42.391617    0.000031    0.000000   -0.041687    0.088946   -0.596318
 51   42.497681    0.000008   -0.000011    0.007968    0.051075   -0.302754
 52   42.272736   -0.000008   -0.000004    0.012022    0.024425   -0.157988
 53   29.239338   50.706882  -91.389061   -0.362225    1.149807    1.876291
 54   42.375107   -0.000004    0.000002   -0.033829    0.113742   -0.197552
 55   42.546059    0.000023    0.000013   -0.035972    0.168539   -0.269539
 56   42.234543   -0.000031    0.000000   -0.036790    0.169170   -0.256436
 57   42.464996    0.000031    0.000015   -0.029028   -0.132489    0.131380
 58   42.458069    0.000042   -0.000015   -0.114683   -0.389195    0.442296
 59   42.267975   -0.000076    0.000031   -0.063543   -0.315746    0.315018
 60   42.505844    0.000107   -0.000031   -0.108850   -0.479148    0.499350
 61   42.233185   -0.000092   -0.000031    0.009069   -0.116841    0.111964
 62   42.352226    0.000000    0.000061   -0.078197    0.347589   -0.363520
 63   42.391693    0.000015    0.000000   -0.065631    0.316948   -0.318567
 64   42.497559    0.000038    0.000008   -0.018805    0.170930   -0.160856
 65   42.272766    0.000023    0.000010   -0.005917    0.081970   -0.075543
 66   29.239319  -56.044846  -91.389053   -1.145502    1.246599   -1.761517
 67   42.375084    0.000004   -0.000011    0.036270   -0.210259    0.100375
 68   42.546082    0.000010    0.000019   -0.014278   -0.274080    0.163314
 69   42.234451    0.000046    0.000000   -0.008206   -0.231223    0.142353
 70   42.465027   -0.000023   -0.000015    0.014090    0.146735   -0.170736
 71   42.458099    0.000031    0.000008   -0.055258    0.373766   -0.440416
 72   42.267914   -0.000069   -0.000008   -0.045545    0.275215   -0.354396
 73   42.505951    0.000015    0.000000   -0.160550    0.407618   -0.564630
 74   42.233154    0.000031    0.000000   -0.020810    0.076785   -0.087834
 75   42.352150   -0.000031   -0.000031   -0.034075   -0.342282    0.403442
 76   42.391815    0.000031   -0.000046   -0.022894   -0.269476    0.333816
 77   42.497528    0.000031    0.000000   -0.006666   -0.142223    0.178897
 78   42.272705   -0.000011    0.000008   -0.000540   -0.065389    0.082494
 79   29.239300 -106.786247    1.740908    0.001806    0.122235   -1.245972
 80   42.375069    0.000004   -0.000004   -0.046288    0.050651    0.384795
 81   42.546021    0.000011    0.000004   -0.062076    0.028548    0.386088
 82   42.234497    0.000031   -0.000008    0.020849    0.000502   -0.115471
 83   42.465057    0.000000   -0.000004    0.107422   -0.015070   -0.639997
 84   42.458099    0.000008    0.000000    0.046195   -0.044491   -0.365218
 85   42.267853   -0.000015   -0.000008    0.045062   -0.085875   -0.623979
 86   42.505966    0.000000    0.000021   -0.013762   -0.099899   -0.670204
 87   42.233063    0.000000   -0.000011   -0.000563   -0.004082   -0.004765
 88   42.352291    0.000031    0.000003    0.061194    0.043638    0.529903
 89   42.391693    0.000000   -0.000003    0.034386    0.074772    0.589340
 90   42.497498    0.000015   -0.000004   -0.006487    0.041424    0.291982
 91   42.272491    0.000006    0.000017   -0.009586    0.020042    0.153418
time 66
  0    0.000000    0.000000    0.000000    0.000000   -0.000000    0.000000
  1    0.000000    0.000000    0.000000    0.000000   -0.000000    0.000000
  2    0.000000  -23.153288    7.115062    2.993428   -1.460358   -1.422638
  3   50.309212   -0.435479    0.000002    0.058309   -0.344892   -0.020393
  4   30.891541   -0.000011    0.000002    0.051025   -0.277067   -0.062514
  5   34.635605    0.000006   -0.000006    0.036564   -0.178663   -0.051550
  6   30.584290    0.000016    0.000004    0.026914   -0.390448   -0.058792
  7   31.520195   -0.000002    0.000008   -0.001519   -0.283111    0.002247
  8   34.241211  -28.000034  -41.878021    0.947227    0.215953   -0.132024
  9   34.241119   23.441801  -41.878113   -0.947232    0.215954    0.132026
 10   35.246719  -52.543091    1.319138   -0.000000   -0.000000   -0.227059
 11   35.246536   52.726318    1.318924   -0.000000    0.000000    0.227062
 12   34.830017  -24.891930   45.588608   -0.948779   -0.209158   -0.143069
 13   34.885773   27.636591   43.767822    0.948774   -0.209157    0.143072
 14   29.239319  -51.573372   94.292976    0.212267    0.041554   -1.065113
 15   42.375084   -0.000011    0.000000   -0.081908   -0.254636    0.257367
 16   42.546097    0.000019   -0.000008   -0.081421   -0.103354    0.183130
 17   42.234512    0.000015    0.000000   -0.012627   -0.115813    0.022697
 18   42.465042    0.000027   -0.000008    0.062291   -0.349458   -0.154761
 19   42.458130   -0.000038   -0.000008   -0.003109   -0.486607   -0.173986
 20   42.267975    0.000053    0.000015   -0.079995   -0.447297   -0.275008
 21   42.505920    0.000061   -0.000031   -0.125534   -0.535979   -0.485953
 22   42.233166    0.000000    0.000031    0.088296    0.128619    0.140535
 23   42.352280    0.000031   -0.000031    0.387408    0.512453    0.595473
 24   42.391693   -0.000031   -0.000031    0.058337    0.245196    0.153952
 25   42.497589    0.000017   -0.000008    0.014405    0.128791    0.072420
 26   42.272705    0.000061   -0.000038    0.003317    0.074275    0.040641
 27   29.239338   55.382641   92.214989    1.479655   -0.250843    0.698404
 28   42.375069    0.000015   -0.000006    0.008721   -0.098511    0.186571
 29   42.546112   -0.000023    0.000017    0.035627   -0.153084    0.082802
 30   42.234467    0.000069    0.000000    0.024346    0.064906    0.140055
 31   42.464996   -0.000038    0.000019    0.086534    0.463237    0.417593
 32   42.458069    0.000031    0.000015    0.033195    0.303283    0.297900
 33   42.267929    0.000000    0.000031    0.051833    0.225403    0.399654
 34   42.506042    0.000046   -0.000031    0.211769    0.363605    0.636254
 35   42.233082    0.000000    0.000000   -0.050263   -0.358488   -0.323457
 36   42.352234   -0.000092    0.000015    0.040590   -0.462945   -0.610798
 37   42.391754    0.000069    0.000000    0.005374   -0.123758   -0.170059
 38   42.497711    0.000061   -0.000007    0.003465   -0.064679   -0.089206
 39   42.272675    0.000141   -0.000005    0.002905   -0.033607   -0.046199
 40   29.239346  106.746696    1.740839   -0.000928    0.049621    1.329484
 41   42.375099    0.000004   -0.000008    0.019728    0.086949   -0.406235
 42   42.546127    0.000023    0.000004    0.053412    0.061561   -0.410314
 43   42.234436    0.000015    0.000004   -0.021106    0.006926    0.114652
 44   42.465057   -0.000015   -0.000011   -0.114167   -0.022362    0.647827
 45   42.458069    0.000031   -0.000004   -0.044839   -0.046530    0.357472
 46   42.267944    0.000031    0.000004   -0.041291   -0.086304    0.593019
 47   42.505920    0.000000    0.000008    0.015555   -0.105665    0.685317
 48   42.233147    0.000000   -0.000012    0.002978   -0.004880    0.023845
 49   42.352245    0.000000    0.000000   -0.061275    0.044559   -0.493730
 50   42.391647    0.000000   -0.000006   -0.039664    0.081726   -0.604859
 51   42.497620    0.000023   -0.000008    0.007200    0.047056   -0.305473
 52   42.272675    0.000003    0.000000    0.011170    0.022668   -0.160560
 53   29.239330   50.706924  -91.389122   -0.526632    1.152269    1.695456
 54   42.375092   -0.000023    0.000008   -0.036331    0.117056   -0.196137
 55   42.546066    0.000027    0.000017   -0.037750    0.169854   -0.259293
 56   42.234543   -0.000038    0.000008   -0.032124    0.146434   -0.212852
 57   42.465012    0.000046    0.000000   -0.034797   -0.159224    0.160654
 58   42.458069    0.000038   -0.000015   -0.110806   -0.385150    0.421039
 59   42.267914   -0.000107    0.000023   -0.064550   -0.326596    0.317049
 60   42.505936    0.000076    0.000000   -0.109899   -0.494329    0.504452
 61   42.233162   -0.000061   -0.000031    0.011623   -0.085158    0.079865
 62   42.352249    0.000000    0.000031   -0.086501    0.362585   -0.373666
 63   42.391663    0.000015    0.000015   -0.064054    0.313148   -0.305737
 64   42.497559    0.000092   -0.000023   -0.018782    0.172199   -0.157384
 65   42.272797    0.000044   -0.000017   -0.005689    0.080828   -0.072307
 66   29.239319  -56.044895  -91.389053   -1.000853    1.232196   -1.612081
 67   42.375092   -0.000004    0.000000    0.042270   -0.212129    0.102093
 68   42.546127   -0.000010    0.000023   -0.005995   -0.268022    0.164304
 69   42.234451    0.000031   -0.000019    0.003660   -0.195462    0.121691
 70   42.465027   -0.000015    0.000008    0.009042    0.170791   -0.193387
 71   42.458099    0.000023    0.000004   -0.052582    0.360712   -0.429201
 72   42.267944   -0.000053   -0.000008   -0.047546    0.282923   -0.364501
 73   42.505997    0.000061    0.000000   -0.156144    0.411032   -0.570339
 74   42.233116   -0.000031   -0.000031   -0.014753    0.051095   -0.059098
 75   42.352165   -0.000031    0.000015   -0.044370   -0.346166    0.418157
 76   42.391754   -0.000015    0.000015   -0.024818   -0.262436    0.327026
 77   42.497498    0.000031    0.000008   -0.007368   -0.141717    0.178197
 78   42.272644    0.000022    0.000005   -0.000473   -0.063960    0.080528
 79   29.239315 -106.786316    1.740904    0.000887    0.097682   -1.237441
 80   42.375107    0.000010    0.000000   -0.035531    0.051071    0.369460
 81   42.546051   -0.000031    0.000004   -0.053090    0.032155    0.380015
 82   42.234512   -0.000046   -0.000008    0.018185    0.002087   -0.110452
 83   42.465073   -0.000008    0.000000    0.098576   -0.014770   -0.637861
 84   42.458130   -0.000015    0.000000    0.042156   -0.040658   -0.365137
 85   42.267914   -0.000015   -0.000004    0.040315   -0.077039   -0.613872
 86   42.505951    0.000031    0.000018   -0.012215   -0.092620   -0.685850
 87   42.233025    0.000000   -0.000007   -0.001315   -0.004376   -0.012198
 88   42.352249    0.000000    0.000011    0.055661    0.038227    0.521413
 89   42.391708    0.000031   -0.000004    0.033300    0.068234    0.597861
 90   42.497620    0.000008   -0.000014   -0.005503    0.038182    0.295065
 91   42.272583   -0.000013    0.000038   -0.008721    0.018625    0.155857
time 67
  0    0.000000    0.000000    0.000000    0.000000   -0.000000    0.000000
  1    0.000000    0.000000    0.000000    0.000000   -0.000000    0.000000
  2    0.000000  -19.649065    4.117781    3.097157   -1.472329   -1.526367
  3   50.309212   -0.435479    0.000004    0.049481   -0.322947   -0.015173
  4   30.891548   -0.000011   -0.000002    0.043305   -0.262417   -0.055186
  5   34.635597    0.000007   -0.000011    0.031030   -0.186841   -0.043748
  6   30.584290    0.000019    0.000008    0.022841   -0.402650   -0.049894
  7   31.520187    0.000000   -0.000015   -0.001334   -0.314262    0.001973
  8   34.241188  -28.000034  -41.878021    0.952174    0.114091   -0.065624
  9   34.241096   23.441799  -41.878113   -0.952179    0.114092    0.065626
 10   35.246696  -52.543079    1.319122   -0.000000   -0.000000   -0.107239
 11   35.246529   52.726315    1.318909   -0.000000   -0.000000    0.107242
 12   34.830040  -24.891926   45.588608   -0.953175   -0.107259   -0.076767
 13   34.885765   27.636585   43.767822    0.953170   -0.107258    0.076770
 14   29.239317  -51.573318   94.292938    0.247023   -0.062935   -1.012622
 15   42.375053    0.000006   -0.000008   -0.092774   -0.206584    0.227548
 16   42.546066    0.000042    0.000000   -0.080460   -0.071875    0.166131
 17   42.234512    0.000031    0.000023   -0.013369   -0.108223    0.014503
 18   42.464996    0.000031    0.000023    0.066928   -0.358683   -0.179425
 19   42.458038   -0.000061    0.000000    0.004976   -0.479537   -0.201905
 20   42.267960    0.000015    0.000000   -0.066656   -0.429089   -0.273906
 21   42.505981    0.000000   -0.000031   -0.101681   -0.541878   -0.494654
 22   42.233154    0.000031    0.000000    0.090008    0.138250    0.153615
 23   42.352287    0.000015    0.000000    0.380131    0.523574    0.608387
 24   42.391693   -0.000031   -0.000015    0.051639    0.236026    0.152221
 25   42.497498    0.000031    0.000023    0.012521    0.123678    0.072636
 26   42.272766    0.000050    0.000019    0.002607    0.070541    0.040507
 27   29.239336   55.382599   92.214951    1.485867   -0.297651    0.631883
 28   42.375084   -0.000015   -0.000010    0.016397   -0.064512    0.162733
 29   42.546097    0.000000    0.000004    0.034603   -0.127029    0.076204
 30   42.234436    0.000053   -0.000015    0.025319    0.042381    0.122696
 31   42.465027   -0.000023   -0.000004    0.086424    0.433911    0.397835
 32   42.458130    0.000031   -0.000008    0.040682    0.332368    0.313500
 33   42.267868    0.000015   -0.000015    0.036918    0.211761    0.347574
 34   42.506058    0.000076    0.000000    0.212130    0.396130    0.683265
 35   42.233070    0.000000    0.000031   -0.040688   -0.269927   -0.232597
 36   42.352219   -0.000122    0.000046    0.074863   -0.513230   -0.673495
 37   42.391724    0.000084    0.000000    0.007308   -0.137768   -0.182936
 38   42.497650    0.000046   -0.000019    0.003819   -0.070266   -0.093519
 39   42.272583    0.000117   -0.000030    0.003011   -0.037923   -0.050301
 40   29.239351  106.746605    1.740839   -0.000219    0.032775    1.245160
 41   42.375069   -0.000004   -0.000004    0.011593    0.079796   -0.359539
 42   42.546097   -0.000019    0.000000    0.041825    0.060578   -0.383989
 43   42.234436   -0.000031    0.000000   -0.017316    0.009116    0.105489
 44   42.465073   -0.000023   -0.000008   -0.102750   -0.020280    0.641546
 45   42.458099   -0.000008   -0.000008   -0.041148   -0.041604    0.360087
 46   42.267944    0.000000    0.000004   -0.037049   -0.075112    0.578752
 47   42.505905    0.000031    0.000007    0.011912   -0.097251    0.707674
 48   42.233147    0.000000   -0.000011    0.003894   -0.005438    0.034925
 49   42.352268    0.000061   -0.000002   -0.053852    0.038395   -0.480713
 50   42.391647    0.000000   -0.000003   -0.037554    0.073575   -0.616670
 51   42.497650    0.000023   -0.000007    0.006243    0.042640   -0.309640
 52   42.272736    0.000002   -0.000008    0.010188    0.020769   -0.164444
 53   29.239340   50.706898  -91.389084   -0.703408    1.139961    1.497634
 54   42.375053   -0.000008   -0.000006   -0.039218    0.117362   -0.190020
 55   42.546066    0.000019    0.000006   -0.039169    0.166965   -0.243529
 56   42.234558   -0.000023   -0.000019   -0.028716    0.122394   -0.171181
 57   42.465012    0.000023   -0.000008   -0.040515   -0.182158    0.185462
 58   42.458099    0.000015    0.000008   -0.106282   -0.378409    0.401768
 59   42.267944   -0.000092    0.000000   -0.066987   -0.339377    0.324539
 60   42.505920    0.000092   -0.000015   -0.108759   -0.501284    0.504487
 61   42.233131   -0.000046    0.000000    0.012355   -0.056959    0.052783
 62   42.352219    0.000061    0.000000   -0.093000    0.374588   -0.382807
 63   42.391754    0.000061    0.000015   -0.062171    0.308700   -0.295580
 64   42.497589    0.000076   -0.000038   -0.018657    0.172864   -0.155104
 65   42.272736    0.000048   -0.000028   -0.005470    0.079501   -0.069810
 66   29.239325  -56.044853  -91.389008   -0.842526    1.207444   -1.445679
 67   42.375084   -0.000008    0.000000    0.049794   -0.209520    0.102245
 68   42.546097    0.000011    0.000008    0.003539   -0.256074    0.162526
 69   42.234467    0.000027    0.000000    0.013338   -0.158583    0.100178
 70   42.465012   -0.000015    0.000034    0.003529    0.191672   -0.214838
 71   42.458130    0.000053    0.000008   -0.049377    0.347671   -0.417383
 72   42.267914   -0.000053   -0.000031   -0.050756    0.293524   -0.379178
 73   42.505951    0.000061   -0.000031   -0.148097    0.409515   -0.568218
 74   42.233101    0.000000   -0.000015   -0.010874    0.027880   -0.032683
 75   42.352127    0.000031   -0.000015   -0.054214   -0.349340    0.432079
 76   42.391815    0.000015    0.000000   -0.026319   -0.255573    0.320291
 77   42.497559    0.000015    0.000000   -0.007978   -0.141135    0.177526
 78   42.272705    0.000000    0.000013   -0.000390   -0.062461    0.078551
 79   29.239305 -106.786263    1.740904    0.000210    0.072391   -1.220631
 80   42.375076    0.000000   -0.000004   -0.024942    0.050890    0.349605
 81   42.546036   -0.000015    0.000004   -0.043510    0.035329    0.371685
 82   42.234543   -0.000008   -0.000011    0.015226    0.003848   -0.103753
 83   42.465057    0.000000   -0.000004    0.088658   -0.014128   -0.634760
 84   42.458069    0.000000   -0.000006    0.037869   -0.036388   -0.365630
 85   42.267883    0.000015   -0.000008    0.035376   -0.067300   -0.600792
 86   42.505951    0.000000    0.000020   -0.010081   -0.084428   -0.704650
 87   42.233055   -0.000031   -0.000008   -0.002102   -0.004659   -0.021783
 88   42.352318    0.000031    0.000004    0.049225    0.032625    0.509866
 89   42.391754   -0.000031    0.000000    0.031716    0.061036    0.608335
 90   42.497620   -0.000023   -0.000008   -0.004531    0.034547    0.298998
 91   42.272522   -0.000008    0.000017   -0.007802    0.017016    0.159027
time 68
  0    0.000000    0.000000    0.000000    0.000000   -0.000000    0.000000
  1    0.000000    0.000000    0.000000    0.000000   -0.000000    0.000000
  2    0.000000  -16.081318    1.066164    0.059294   -1.657293    1.511498
  3   50.309216   -0.435479    0.000002    0.040494   -0.300605   -0.009858
  4   30.891544   -0.000011    0.000002    0.035446   -0.247502   -0.047726
  5   34.635597    0.000006   -0.000002    0.025396   -0.195160   -0.035805
  6   30.584282    0.000017   -0.000004    0.018693   -0.415058   -0.040834
  7   31.520187   -0.000001    0.000008   -0.001124   -0.349613    0.001661
  8   34.241203  -28.000032  -41.878021    0.957210    0.010383    0.001979
  9   34.241096   23.441797  -41.878113   -0.957215    0.010384   -0.001977
 10   35.246696  -52.543091    1.319138   -0.000000   -0.000000    0.014754
 11   35.246529   52.726311    1.318924   -0.000000    0.000000   -0.014751
 12   34.830025  -24.891928   45.588608   -0.957651   -0.003512   -0.009264
 13   34.885765   27.636583   43.767822    0.957646   -0.003512    0.009266
 14   29.239323  -51.573338   94.292961    0.264429   -0.171491   -0.956270
 15   42.375061   -0.000013   -0.000015   -0.097789   -0.159708    0.190686
 16   42.546066    0.000029    0.000015   -0.078969   -0.041847    0.149911
 17   42.234451    0.000000   -0.000023   -0.015334   -0.097793    0.008151
 18   42.464996    0.000027    0.000000    0.070047   -0.360783   -0.204368
 19   42.458069   -0.000069   -0.000008    0.016026   -0.473522   -0.235292
 20   42.267929    0.000023    0.000000   -0.051838   -0.401182   -0.267933
 21   42.505890    0.000000   -0.000031   -0.071341   -0.553703   -0.514925
 22   42.233189    0.000000   -0.000031    0.080047    0.132878    0.148618
 23   42.352306    0.000092   -0.000061    0.374437    0.531476    0.630917
 24   42.391754   -0.000046    0.000015    0.047805    0.232065    0.157507
 25   42.497498   -0.000008   -0.000015    0.011106    0.119680    0.074824
 26   42.272797    0.000033   -0.000023    0.002118    0.068068    0.041769
 27   29.239334   55.382622   92.214935    1.490469   -0.344741    0.573718
 28   42.375084   -0.000008    0.000000    0.024179   -0.038610    0.139776
 29   42.546097   -0.000008    0.000023    0.033928   -0.097594    0.070496
 30   42.234436    0.000084    0.000008    0.025769    0.022097    0.104688
 31   42.465027   -0.000015    0.000019    0.083779    0.398820    0.374827
 32   42.458069    0.000015    0.000000    0.050658    0.359510    0.332285
 33   42.267883   -0.000015    0.000000    0.027447    0.201230    0.303163
 34   42.506027    0.000046    0.000031    0.204614    0.420886    0.709376
 35   42.233055   -0.000061   -0.000015   -0.029912   -0.172401   -0.133177
 36   42.352226   -0.000061    0.000015    0.113195   -0.554558   -0.730344
 37   42.391693    0.000076    0.000008    0.010196   -0.156202   -0.201323
 38   42.497589    0.000015    0.000015    0.004312   -0.076611   -0.098601
 39   42.272583    0.000177    0.000009    0.003168   -0.042775   -0.054852
 40   29.239355  106.746658    1.740833    0.000236    0.015173    1.169131
 41   42.375084    0.000010   -0.000006    0.004725    0.073188   -0.315058
 42   42.546127   -0.000019    0.000002    0.031149    0.059201   -0.359667
 43   42.234497   -0.000031    0.000000   -0.013306    0.011255    0.093515
 44   42.465103   -0.000023   -0.000011   -0.090202   -0.017939    0.633852
 45   42.458069   -0.000023   -0.000002   -0.037117   -0.036432    0.364072
 46   42.267944   -0.000031    0.000000   -0.032338   -0.063330    0.560608
 47   42.505875    0.000031    0.000009    0.008021   -0.087579    0.733403
 48   42.233177    0.000061   -0.000010    0.004763   -0.005974    0.049179
 49   42.352249   -0.000031    0.000004   -0.045753    0.031940   -0.463310
 50   42.391708   -0.000031   -0.000000   -0.035078    0.064629   -0.630860
 51   42.497681    0.000000   -0.000010    0.005172    0.037854   -0.314971
 52   42.272675   -0.000015    0.000000    0.009082    0.018696   -0.169393
 53   29.239342   50.706909  -91.389076   -0.872828    1.110291    1.303898
 54   42.375092   -0.000006   -0.000004   -0.042270    0.114464   -0.178301
 55   42.546112    0.000032    0.000015   -0.040208    0.160436   -0.223065
 56   42.234543   -0.000046   -0.000015   -0.026607    0.099358   -0.133509
 57   42.465027    0.000046    0.000015   -0.045406   -0.199883    0.204922
 58   42.458038    0.000031    0.000008   -0.101748   -0.370034    0.385528
 59   42.267975   -0.000107    0.000015   -0.070734   -0.353070    0.336480
 60   42.505905    0.000061   -0.000015   -0.106117   -0.500928    0.500567
 61   42.233177   -0.000046   -0.000031    0.012066   -0.034378    0.031742
 62   42.352318    0.000000   -0.000031   -0.097296    0.382926   -0.390312
 63   42.391632    0.000000    0.000046   -0.060398    0.304511   -0.288768
 64   42.497650    0.000023    0.000000   -0.018520    0.173224   -0.154190
 65   42.272736   -0.000002    0.000033   -0.005294    0.078305   -0.068215
 66   29.239326  -56.044849  -91.389008   -0.687413    1.169963   -1.279951
 67   42.375092   -0.000004   -0.000006    0.058595   -0.201065    0.100435
 68   42.546097    0.000002    0.000015    0.013543   -0.238529    0.157974
 69   42.234467    0.000034    0.000031    0.020481   -0.123269    0.079280
 70   42.464996   -0.000061   -0.000019   -0.001765    0.208045   -0.233324
 71   42.458130    0.000023   -0.000015   -0.046061    0.335468   -0.405871
 72   42.267944   -0.000069    0.000008   -0.054749    0.305784   -0.396729
 73   42.505936    0.000076    0.000000   -0.137830    0.404304   -0.560385
 74   42.233139    0.000061   -0.000046   -0.008859    0.008658   -0.010272
 75   42.352150   -0.000031    0.000015   -0.062968   -0.351199    0.443788
 76   42.391754    0.000031   -0.000031   -0.027597   -0.249816    0.314723
 77   42.497559    0.000046    0.000023   -0.008508   -0.140757    0.177191
 78   42.272766   -0.000003   -0.000001   -0.000309   -0.061171    0.076897
 79   29.239309 -106.786278    1.740900   -0.000228    0.047570   -1.197204
 80   42.375084   -0.000008    0.000000   -0.015333    0.050090    0.326537
 81   42.546051   -0.000011    0.000002   -0.033907    0.037730    0.361397
 82   42.234528   -0.000015   -0.000011    0.012183    0.005675   -0.095627
 83   42.465042    0.000008   -0.000004    0.077921   -0.013190   -0.630592
 84   42.458038   -0.000015    0.000000    0.033397   -0.031834   -0.366796
 85   42.267914    0.000000   -0.000009    0.030340   -0.057096   -0.584920
 86   42.505966   -0.000031    0.000019   -0.007594   -0.075347   -0.725861
 87   42.233086   -0.000031   -0.000007   -0.002818   -0.004869   -0.033485
 88   42.352283   -0.000061    0.000004    0.042185    0.027057    0.495299
 89   42.391739    0.000000    0.000000    0.029577    0.053337    0.620490
 90   42.497528    0.000015   -0.000013   -0.003601    0.030594    0.303734
 91   42.272430    0.000010    0.000027   -0.006841    0.015235    0.162897
time 69
  0    0.000000    0.000000    0.000000    0.000000   -0.000000    0.000000
  1    0.000000    0.000000    0.000000    0.000000   -0.000000    0.000000
  2    0.000000  -12.577094   -1.931117    0.163023   -1.645322    1.407768
  3   50.309212   -0.435479    0.000003    0.031666   -0.278660   -0.004638
  4   30.891548   -0.000011   -0.000001    0.027726   -0.232853   -0.040398
  5   34.635605    0.000007   -0.000006    0.019862   -0.203325   -0.028003
  6   30.584290    0.000018   -0.000011    0.014620   -0.427235   -0.031936
  7   31.520187   -0.000001    0.000000   -0.000901   -0.387065    0.001331
  8   34.241196  -28.000029  -41.878006    0.962156   -0.091478    0.068379
  9   34.241135   23.441805  -41.878082   -0.962161   -0.091478   -0.068376
 10   35.246696  -52.543091    1.319138   -0.000000    0.000000    0.134574
 11   35.246529   52.726318    1.318939   -0.000000    0.000000   -0.134571
 12   34.830017  -24.891922   45.588623   -0.962047    0.098387    0.057038
 13   34.885765   27.636587   43.767830    0.962042    0.098387   -0.057036
 14   29.239326  -51.573364   94.292992    0.266414   -0.279267   -0.897458
 15   42.375076   -0.000003    0.000015   -0.099611   -0.116078    0.151839
 16   42.546036    0.000032   -0.000008   -0.076778   -0.013817    0.134806
 17   42.234467    0.000015    0.000008   -0.018503   -0.083722    0.004600
 18   42.464966    0.000008    0.000000    0.070383   -0.354691   -0.226710
 19   42.458099   -0.000061   -0.000008    0.029963   -0.469468   -0.274677
 20   42.267929    0.000031    0.000046   -0.037324   -0.365249   -0.257557
 21   42.505905   -0.000015    0.000000   -0.034302   -0.566509   -0.543865
 22   42.233189    0.000000   -0.000015    0.059127    0.108455    0.121092
 23   42.352303    0.000031    0.000000    0.370107    0.536792    0.663026
 24   42.391693   -0.000061    0.000000    0.046694    0.234154    0.170631
 25   42.497498    0.000027    0.000008    0.010086    0.116920    0.079024
 26   42.272827    0.000096    0.000019    0.001808    0.066857    0.044489
 27   29.239338   55.382607   92.214935    1.494534   -0.390684    0.524169
 28   42.375076   -0.000008   -0.000008    0.030880   -0.018401    0.119383
 29   42.546097   -0.000019    0.000023    0.033893   -0.069614    0.064761
 30   42.234467    0.000076    0.000008    0.026030    0.006790    0.086966
 31   42.464996   -0.000046    0.000011    0.079130    0.360853    0.349987
 32   42.458130    0.000027    0.000004    0.062444    0.382000    0.352984
 33   42.267853    0.000015    0.000046    0.022815    0.197090    0.271225
 34   42.506042    0.000076    0.000046    0.188555    0.434891    0.708932
 35   42.233059   -0.000031    0.000031   -0.018435   -0.079520   -0.037963
 36   42.352226   -0.000092    0.000015    0.144337   -0.575930   -0.761407
 37   42.391693    0.000076    0.000046    0.014893   -0.181417   -0.228427
 38   42.497650    0.000061   -0.000008    0.004967   -0.083038   -0.103552
 39   42.272552    0.000167    0.000007    0.003379   -0.047576   -0.059082
 40   29.239361  106.746635    1.740835    0.000467   -0.001620    1.103170
 41   42.375076   -0.000006   -0.000002   -0.000434    0.066704   -0.275102
 42   42.546112    0.000000    0.000000    0.021744    0.056860   -0.337056
 43   42.234451    0.000000   -0.000004   -0.009587    0.013089    0.080410
 44   42.465073    0.000015   -0.000008   -0.076864   -0.015511    0.624785
 45   42.458099   -0.000015    0.000000   -0.032675   -0.031130    0.369104
 46   42.267853    0.000000    0.000000   -0.027305   -0.051616    0.540166
 47   42.505920    0.000031    0.000005    0.004391   -0.076524    0.759923
 48   42.233131    0.000061   -0.000010    0.005362   -0.006307    0.065797
 49   42.352280    0.000000    0.000002   -0.037465    0.025602   -0.443008
 50   42.391632    0.000061   -0.000004   -0.031958    0.055075   -0.646235
 51   42.497589    0.000000   -0.000011    0.004073    0.032719   -0.321024
 52   42.272705   -0.000009    0.000000    0.007860    0.016414   -0.175027
 53   29.239338   50.706905  -91.389076   -1.017302    1.064681    1.133407
 54   42.375092   -0.000010   -0.000006   -0.045210    0.108800   -0.161142
 55   42.546066    0.000027    0.000013   -0.040960    0.151346   -0.199495
 56   42.234528   -0.000031   -0.000008   -0.025575    0.079053   -0.101077
 57   42.465012    0.000042    0.000008   -0.048924   -0.211814    0.218921
 58   42.458038    0.000031    0.000008   -0.097608   -0.360865    0.372844
 59   42.267975   -0.000053    0.000023   -0.075277   -0.365587    0.350817
 60   42.505890    0.000092   -0.000031   -0.103702   -0.496246    0.496158
 61   42.233162   -0.000031   -0.000061    0.011452   -0.018117    0.016797
 62   42.352264    0.000031   -0.000031   -0.099142    0.387138   -0.395700
 63   42.391693    0.000046    0.000000   -0.059079    0.301403   -0.285872
 64   42.497650    0.000061   -0.000008   -0.018454    0.173568   -0.154807
 65   42.272797    0.000053   -0.000007   -0.005187    0.077525   -0.067688
 66   29.239319  -56.044888  -91.389015   -0.549285    1.120213   -1.129558
 67   42.375084   -0.000006    0.000002    0.067993   -0.186279    0.096531
 68   42.546097    0.000004    0.000019    0.023139   -0.216613    0.151009
 69   42.234436    0.000019    0.000004    0.025258   -0.091637    0.060239
 70   42.465012   -0.000015    0.000000   -0.006226    0.219375   -0.247600
 71   42.458099    0.000053   -0.000008   -0.042969    0.324704   -0.395411
 72   42.267914   -0.000053    0.000000   -0.058992    0.318226   -0.415018
 73   42.506042    0.000076    0.000000   -0.127244    0.397386   -0.550166
 74   42.233124    0.000000   -0.000015   -0.008148   -0.005749    0.007019
 75   42.352135   -0.000031    0.000046   -0.070144   -0.351504    0.452379
 76   42.391754    0.000031   -0.000015   -0.028867   -0.245876    0.311239
 77   42.497528    0.000023   -0.000008   -0.008998   -0.140830    0.177470
 78   42.272675   -0.000008   -0.000029   -0.000246   -0.060341    0.075853
 79   29.239309 -106.786270    1.740906   -0.000453    0.024506   -1.168773
 80   42.375092   -0.000002   -0.000006   -0.007315    0.048497    0.301656
 81   42.546051   -0.000004    0.000004   -0.024808    0.038981    0.349432
 82   42.234528   -0.000031   -0.000008    0.009271    0.007402   -0.086545
 83   42.465057   -0.000023   -0.000010    0.066620   -0.011999   -0.625325
 84   42.458099    0.000000    0.000002    0.028776   -0.027128   -0.368658
 85   42.267914    0.000046   -0.000003    0.025300   -0.046857   -0.566755
 86   42.505997    0.000000    0.000017   -0.005040   -0.065415   -0.748386
 87   42.233070    0.000000   -0.000004   -0.003352   -0.004936   -0.047127
 88   42.352283    0.000000   -0.000002    0.034870    0.021722    0.478053
 89   42.391754    0.000061   -0.000004    0.026824    0.045302    0.633864
 90   42.497528    0.000008   -0.000024   -0.002742    0.026387    0.309155
 91   42.272400   -0.000002    0.000017   -0.005849    0.013300    0.167383
time 70
  0    0.000000    0.000000    0.000000    0.000000   -0.000000    0.000000
  1    0.000000    0.000000    0.000000    0.000000   -0.000000    0.000000
  2    0.000000   -9.263432   -4.765406    0.266751   -1.633352    1.304041
  3   50.309208   -0.435479    0.000004    0.023319   -0.257908    0.000298
  4   30.891533   -0.000010    0.000003    0.020425   -0.219000   -0.033469
  5   34.635597    0.000007    0.000000    0.014629   -0.211042   -0.020625
  6   30.584290    0.000018    0.000000    0.010768   -0.438742   -0.023522
  7   31.520195    0.000000    0.000008   -0.000678   -0.424516    0.001001
  8   34.241203  -28.000031  -41.878006    0.966834   -0.187801    0.131168
  9   34.241135   23.441807  -41.878098   -0.966839   -0.187801   -0.131164
 10   35.246704  -52.543083    1.319138   -0.000000    0.000000    0.247878
 11   35.246544   52.726315    1.318924   -0.000000    0.000000   -0.247875
 12   34.830009  -24.891930   45.588608   -0.966204    0.194745    0.119734
 13   34.885780   27.636593   43.767822    0.966199    0.194744   -0.119732
 14   29.239319  -51.573353   94.292969    0.255091   -0.381886   -0.837294
 15   42.375076   -0.000020    0.000000   -0.100014   -0.077397    0.115361
 16   42.546082    0.000027    0.000023   -0.073642    0.011188    0.120591
 17   42.234467    0.000023    0.000008   -0.022492   -0.065825    0.004455
 18   42.464996    0.000011   -0.000008    0.066827   -0.340380   -0.243775
 19   42.458099   -0.000092    0.000008    0.046354   -0.467428   -0.320424
 20   42.267929    0.000015    0.000000   -0.024519   -0.326481   -0.245969
 21   42.505859   -0.000031    0.000000    0.006165   -0.570653   -0.572432
 22   42.233173    0.000031   -0.000015    0.032487    0.063846    0.070643
 23   42.352242    0.000000    0.000061    0.362426    0.538564    0.698131
 24   42.391724    0.000000    0.000000    0.048174    0.242774    0.192882
 25   42.497437    0.000034   -0.000008    0.009313    0.115150    0.085121
 26   42.272736    0.000065   -0.000046    0.001615    0.066572    0.048576
 27   29.239332   55.382614   92.214951    1.498611   -0.434346    0.483196
 28   42.375069    0.000000   -0.000015    0.036227   -0.002648    0.102134
 29   42.546082   -0.000004    0.000015    0.034351   -0.044846    0.059069
 30   42.234482    0.000057   -0.000027    0.026224   -0.002827    0.070114
 31   42.465027   -0.000031    0.000011    0.073237    0.323260    0.325093
 32   42.458099    0.000031   -0.000004    0.074795    0.397534    0.373929
 33   42.267944   -0.000015    0.000031    0.021968    0.200506    0.253457
 34   42.505966    0.000092   -0.000015    0.166368    0.437659    0.683432
 35   42.233063   -0.000061    0.000076   -0.007463    0.004194    0.049010
 36   42.352249   -0.000183    0.000092    0.165588   -0.580907   -0.768960
 37   42.391754    0.000107    0.000038    0.021753   -0.210295   -0.259638
 38   42.497650    0.000057    0.000000    0.005764   -0.089133   -0.107896
 39   42.272675    0.000169    0.000026    0.003628   -0.051815   -0.062407
 40   29.239351  106.746674    1.740843    0.000519   -0.016027    1.048481
 41   42.375069    0.000008    0.000000   -0.003828    0.059836   -0.241199
 42   42.546097    0.000008    0.000004    0.013888    0.053082   -0.316301
 43   42.234451    0.000038   -0.000002   -0.006491    0.014278    0.067748
 44   42.465042   -0.000015   -0.000010   -0.063143   -0.013095    0.614850
 45   42.458099    0.000023   -0.000004   -0.027774   -0.025776    0.374593
 46   42.267975    0.000000    0.000005   -0.022144   -0.040508    0.519343
 47   42.505905    0.000000    0.000005    0.001484   -0.064225    0.784740
 48   42.233177   -0.000092   -0.000015    0.005520   -0.006277    0.083656
 49   42.352264    0.000031   -0.000000   -0.029442    0.019710   -0.421762
 50   42.391708    0.000000   -0.000005   -0.028012    0.045172   -0.661508
 51   42.497498    0.000015   -0.000009    0.003031    0.027285   -0.327242
 52   42.272675    0.000023    0.000006    0.006543    0.013907   -0.180856
 53   29.239340   50.706909  -91.389076   -1.128769    1.008003    0.995855
 54   42.375107   -0.000017    0.000002   -0.047773    0.101357   -0.139900
 55   42.546066    0.000029   -0.000002   -0.041556    0.141006   -0.174783
 56   42.234573   -0.000042   -0.000023   -0.025278    0.062461   -0.074340
 57   42.465057    0.000065    0.000008   -0.050851   -0.218137    0.227993
 58   42.458130   -0.000008   -0.000008   -0.093993   -0.351393    0.363705
 59   42.267914   -0.000099   -0.000008   -0.080121   -0.375338    0.365914
 60   42.505936    0.000061   -0.000031   -0.102840   -0.489899    0.494101
 61   42.233192   -0.000031   -0.000031    0.010946   -0.008028    0.007536
 62   42.352287    0.000031   -0.000031   -0.098552    0.387243   -0.398878
 63   42.391785    0.000000    0.000000   -0.058354    0.299736   -0.287030
 64   42.497650    0.000015   -0.000038   -0.018510    0.174048   -0.157008
 65   42.272797   -0.000027    0.000016   -0.005166    0.077326   -0.068299
 66   29.239315  -56.044872  -91.389038   -0.434555    1.061353   -1.001797
 67   42.375076   -0.000002    0.000004    0.077036   -0.165921    0.090722
 68   42.546097   -0.000015    0.000029    0.031599   -0.192179    0.142228
 69   42.234451    0.000031    0.000008    0.028145   -0.064979    0.043953
 70   42.465057   -0.000031    0.000008   -0.009465    0.225831   -0.257098
 71   42.458160    0.000031    0.000000   -0.040290    0.315646   -0.386399
 72   42.268005   -0.000061    0.000008   -0.063013    0.329605   -0.432130
 73   42.505981    0.000061    0.000031   -0.118025    0.390818   -0.540821
 74   42.233147    0.000000   -0.000015   -0.008153   -0.015133    0.018649
 75   42.352203   -0.000031    0.000015   -0.075458   -0.350303    0.457473
 76   42.391754    0.000000    0.000000   -0.030304   -0.244162    0.310408
 77   42.497498    0.000015    0.000038   -0.009485   -0.141534    0.178558
 78   42.272736    0.000017    0.000001   -0.000218   -0.060148    0.075631
 79   29.239311 -106.786270    1.740899   -0.000506    0.004552   -1.136882
 80   42.375099    0.000002   -0.000005   -0.001258    0.045807    0.276354
 81   42.546066    0.000004    0.000004   -0.016680    0.038686    0.336120
 82   42.234482    0.000008   -0.000008    0.006672    0.008800   -0.077106
 83   42.465057    0.000023   -0.000006    0.055015   -0.010591   -0.619062
 84   42.458130    0.000008   -0.000006    0.024029   -0.022378   -0.371123
 85   42.267853    0.000000   -0.000004    0.020350   -0.036973   -0.547075
 86   42.505981    0.000061    0.000013   -0.002717   -0.054754   -0.770933
 87   42.233070    0.000000   -0.000007   -0.003606   -0.004796   -0.062387
 88   42.352283    0.000000    0.000001    0.027616    0.016780    0.458751
 89   42.391769    0.000031   -0.000004    0.023433    0.037113    0.647867
 90   42.497559    0.000008   -0.000022   -0.001981    0.021992    0.315077
 91   42.272491   -0.000015    0.000026   -0.004837    0.011227    0.172341
time 71
  0    0.000000    0.000000    0.000000    0.000000   -0.000000    0.000000
  1    0.000000    0.000000    0.000000    0.000000   -0.000000    0.000000
  2    0.000000   -6.267374   -7.328036    0.370481   -1.621383    1.200313
  3   50.309216   -0.435479    0.000004    0.015771   -0.239145    0.004761
  4   30.891537   -0.000011   -0.000002    0.013825   -0.206474   -0.027203
  5   34.635597    0.000007    0.000006    0.009897   -0.218015   -0.013955
  6   30.584282    0.000018    0.000000    0.007285   -0.449140   -0.015914
  7   31.520180   -0.000000    0.000000   -0.000467   -0.459867    0.000690
  8   34.241196  -28.000034  -41.878021    0.971063   -0.274891    0.187939
  9   34.241119   23.441805  -41.878113   -0.971068   -0.274891   -0.187935
 10   35.246689  -52.543083    1.319122   -0.000000    0.000000    0.350322
 11   35.246529   52.726318    1.318909   -0.000000    0.000000   -0.350319
 12   34.830009  -24.891928   45.588593   -0.969963    0.281867    0.176421
 13   34.885757   27.636587   43.767799    0.969958    0.281866   -0.176419
 14   29.239325  -51.573338   94.292946    0.232690   -0.475862   -0.776746
 15   42.375076    0.000008   -0.000023   -0.099951   -0.044532    0.084348
 16   42.546112    0.000034   -0.000004   -0.069513    0.031702    0.106770
 17   42.234467    0.000004    0.000011   -0.026584   -0.044682    0.007832
 18   42.464966    0.000019    0.000000    0.058989   -0.318935   -0.253867
 19   42.458099   -0.000069   -0.000031    0.064169   -0.466371   -0.371897
 20   42.267914    0.000046   -0.000015   -0.013720   -0.292679   -0.239074
 21   42.505875    0.000015    0.000015    0.042157   -0.555569   -0.586445
 22   42.233162   -0.000031    0.000000    0.008677    0.001699    0.001168
 23   42.352253    0.000031    0.000031    0.345325    0.535695    0.726303
 24   42.391754   -0.000031   -0.000015    0.051696    0.256910    0.224831
 25   42.497589    0.000042    0.000008    0.008592    0.113793    0.092752
 26   42.272827    0.000051   -0.000015    0.001458    0.066625    0.053736
 27   29.239338   55.382626   92.214935    1.502885   -0.474835    0.450562
 28   42.375061   -0.000015    0.000008    0.040300    0.009574    0.088040
 29   42.546066   -0.000019    0.000023    0.035080   -0.023787    0.053697
 30   42.234497    0.000053    0.000004    0.026378   -0.007063    0.054614
 31   42.465057   -0.000027    0.000019    0.066902    0.289070    0.302058
 32   42.458130    0.000023   -0.000008    0.086197    0.404765    0.393412
 33   42.267944    0.000000    0.000031    0.023477    0.206316    0.244180
 34   42.506104    0.000092    0.000000    0.146068    0.436645    0.647834
 35   42.233093   -0.000031    0.000031    0.002313    0.076826    0.124860
 36   42.352261   -0.000061    0.000031    0.178470   -0.575609   -0.760410
 37   42.391693    0.000092    0.000015    0.030811   -0.240745   -0.292181
 38   42.497681    0.000061    0.000000    0.006673   -0.094919   -0.111707
 39   42.272644    0.000142   -0.000014    0.003849   -0.054488   -0.063726
 40   29.239353  106.746635    1.740839    0.000449   -0.026516    1.005850
 41   42.375061    0.000019   -0.000003   -0.005635    0.052073   -0.214171
 42   42.546127   -0.000008    0.000000    0.007744    0.047490   -0.298010
 43   42.234467    0.000015   -0.000004   -0.004149    0.014442    0.056904
 44   42.465057    0.000023   -0.000008   -0.049461   -0.010724    0.604961
 45   42.458054   -0.000015   -0.000004   -0.022428   -0.020427    0.379712
 46   42.267914    0.000000    0.000000   -0.017053   -0.030360    0.500062
 47   42.505890    0.000031    0.000008   -0.000408   -0.051075    0.805940
 48   42.233124    0.000000   -0.000009    0.005155   -0.005777    0.101347
 49   42.352211    0.000000    0.000003   -0.022037    0.014469   -0.401763
 50   42.391663    0.000000   -0.000002   -0.023223    0.035227   -0.675511
 51   42.497650    0.000031   -0.000011    0.002112    0.021647   -0.333007
 52   42.272705    0.000010    0.000000    0.005144    0.011155   -0.185580
 53   29.239338   50.706905  -91.389107   -1.207937    0.946750    0.891996
 54   42.375084   -0.000004   -0.000007   -0.049780    0.093403   -0.116865
 55   42.546036    0.000025    0.000004   -0.042098    0.130664   -0.150888
 56   42.234512   -0.000050   -0.000011   -0.025393    0.049912   -0.053218
 57   42.464981    0.000046    0.000008   -0.051242   -0.219552    0.233041
 58   42.458069    0.000023    0.000000   -0.090850   -0.341811    0.357728
 59   42.267914   -0.000076    0.000000   -0.084838   -0.381438    0.380676
 60   42.505859    0.000122    0.000031   -0.104228   -0.483634    0.496103
 61   42.233101   -0.000061    0.000000    0.010716   -0.003437    0.003303
 62   42.352180   -0.000031    0.000031   -0.095689    0.383489   -0.399882
 63   42.391693   -0.000015   -0.000015   -0.058221    0.299506   -0.292076
 64   42.497589    0.000023    0.000000   -0.018700    0.174704   -0.160758
 65   42.272736   -0.000022   -0.000003   -0.005236    0.077739   -0.070052
 66   29.239323  -56.044868  -91.389053   -0.343280    0.998275   -0.897405
 67   42.375092   -0.000010    0.000000    0.084794   -0.141987    0.083462
 68   42.546127   -0.000006    0.000002    0.038479   -0.167301    0.132341
 69   42.234467    0.000038   -0.000011    0.029712   -0.043811    0.030944
 70   42.465027   -0.000046    0.000011   -0.011340    0.228045   -0.261838
 71   42.458099    0.000038    0.000015   -0.038066    0.308260   -0.378883
 72   42.267914   -0.000069    0.000023   -0.066493    0.339104   -0.446679
 73   42.505966    0.000092    0.000031   -0.111305    0.386255   -0.534801
 74   42.233131    0.000031    0.000000   -0.008395   -0.019701    0.024540
 75   42.352196    0.000000   -0.000015   -0.078779   -0.347723    0.458972
 76   42.391815    0.000046   -0.000015   -0.032026   -0.244823    0.312474
 77   42.497589    0.000046   -0.000008   -0.010008   -0.142969    0.180567
 78   42.272766    0.000004   -0.000012   -0.000241   -0.060701    0.076353
 79   29.239317 -106.786263    1.740900   -0.000440   -0.010892   -1.103004
 80   42.375092   -0.000006   -0.000003    0.002707    0.041627    0.251933
 81   42.546036    0.000015    0.000004   -0.009908    0.036446    0.321919
 82   42.234528   -0.000023   -0.000006    0.004507    0.009572   -0.068043
 83   42.465057   -0.000008   -0.000006    0.043366   -0.008989   -0.612089
 84   42.458069    0.000008   -0.000002    0.019181   -0.017671   -0.373941
 85   42.267883    0.000000   -0.000007    0.015592   -0.027766   -0.526979
 86   42.505936    0.000000    0.000014   -0.000899   -0.043583   -0.792091
 87   42.233040    0.000061   -0.000013   -0.003514   -0.004391   -0.078704
 88   42.352295    0.000000    0.000005    0.020739    0.012345    0.438446
 89   42.391708    0.000031   -0.000010    0.019435    0.028966    0.661772
 90   42.497559    0.000015   -0.000018   -0.001335    0.017485    0.321204
 91   42.272583   -0.000009    0.000023   -0.003817    0.009042    0.177522
time 72
  0    0.000000    0.000000    0.000000    0.000000   -0.000000    0.000000
  1    0.000000    0.000000    0.000000    0.000000   -0.000000    0.000000
  2    0.000000   -3.715957   -9.510351    0.474210   -1.609413    1.096584
  3   50.309219   -0.435479    0.000004    0.009344   -0.223167    0.008562
  4   30.891548   -0.000011    0.000002    0.008204   -0.195808   -0.021868
  5   34.635597    0.000007    0.000002    0.005868   -0.223952   -0.008274
  6   30.584290    0.000017    0.000004    0.004319   -0.457991   -0.009435
  7   31.520172   -0.000001    0.000000   -0.000282   -0.491018    0.000415
  8   34.241203  -28.000038  -41.878006    0.974664   -0.349056    0.236285
  9   34.241127   23.441803  -41.878082   -0.974669   -0.349057   -0.236280
 10   35.246712  -52.543091    1.319122   -0.000000    0.000000    0.437563
 11   35.246544   52.726322    1.318939   -0.000000   -0.000000   -0.437560
 12   34.830025  -24.891930   45.588600   -0.973163    0.356059    0.224695
 13   34.885780   27.636585   43.767807    0.973159    0.356059   -0.224694
 14   29.239323  -51.573357   94.292976    0.201553   -0.558789   -0.716768
 15   42.375069    0.000003   -0.000004   -0.099700   -0.017707    0.060203
 16   42.546082    0.000042    0.000008   -0.064797    0.046863    0.093394
 17   42.234467    0.000015    0.000015   -0.029866   -0.021847    0.014052
 18   42.464935    0.000023    0.000000    0.047581   -0.292552   -0.256944
 19   42.458069   -0.000069   -0.000019    0.081632   -0.464504   -0.426934
 20   42.267944    0.000031    0.000000   -0.004167   -0.268865   -0.241757
 21   42.505890    0.000000    0.000000    0.066562   -0.518024   -0.576867
 22   42.233170    0.000061    0.000000   -0.003752   -0.071443   -0.081087
 23   42.352276    0.000031   -0.000015    0.316125    0.528161    0.740695
 24   42.391754   -0.000076    0.000000    0.056248    0.274198    0.265723
 25   42.497467   -0.000038   -0.000015    0.007765    0.112301    0.101464
 26   42.272766    0.000055   -0.000029    0.001153    0.064832    0.058104
 27   29.239334   55.382595   92.214935    1.507290   -0.511438    0.425928
 28   42.375069    0.000000   -0.000011    0.043295    0.019174    0.076899
 29   42.546097    0.000000    0.000011    0.035887   -0.006486    0.048750
 30   42.234451    0.000076   -0.000004    0.026493   -0.006659    0.040951
 31   42.465027   -0.000034   -0.000008    0.060817    0.260641    0.282813
 32   42.458038    0.000031   -0.000019    0.095308    0.403471    0.410065
 33   42.267899    0.000015    0.000000    0.026526    0.211127    0.239281
 34   42.506058    0.000061    0.000031    0.131884    0.436750    0.612782
 35   42.233070   -0.000031    0.000031    0.010356    0.137075    0.185738
 36   42.352211   -0.000092    0.000046    0.185474   -0.564763   -0.742611
 37   42.391754    0.000092    0.000015    0.041568   -0.270363   -0.323147
 38   42.497650    0.000023   -0.000008    0.007655   -0.100309   -0.114926
 39   42.272583    0.000159    0.000013    0.004105   -0.056960   -0.064762
 40   29.239349  106.746643    1.740835    0.000314   -0.031576    0.975789
 41   42.375069   -0.000008   -0.000003   -0.006096    0.042890   -0.194313
 42   42.546127   -0.000038    0.000001    0.003357    0.039766   -0.283131
 43   42.234467    0.000031   -0.000004   -0.002520    0.013231    0.049003
 44   42.465073    0.000008   -0.000008   -0.036187   -0.008379    0.596285
 45   42.458069   -0.000008   -0.000002   -0.016748   -0.015144    0.383574
 46   42.267883   -0.000015    0.000000   -0.012201   -0.021342    0.484046
 47   42.505875    0.000000    0.000003   -0.001217   -0.037633    0.822446
 48   42.233154    0.000000   -0.000012    0.004285   -0.004773    0.117108
 49   42.352261    0.000061    0.000002   -0.015462    0.009959   -0.385291
 50   42.391647    0.000031   -0.000003   -0.017757    0.025552   -0.687249
 51   42.497681   -0.000015   -0.000015    0.001350    0.015951   -0.337675
 52   42.272736   -0.000019    0.000000    0.003710    0.008224   -0.187704
 53   29.239334   50.706902  -91.389061   -1.259568    0.887463    0.818195
 54   42.375084   -0.000025   -0.000005   -0.051180    0.086163   -0.094770
 55   42.546066    0.000015   -0.000004   -0.042660    0.121383   -0.129644
 56   42.234512   -0.000050   -0.000015   -0.025680    0.041212   -0.037316
 57   42.464981    0.000065    0.000015   -0.050344   -0.217097    0.235175
 58   42.458099    0.000038    0.000008   -0.088012   -0.332111    0.354340
 59   42.267944   -0.000084    0.000008   -0.089136   -0.383735    0.394595
 60   42.505875    0.000076   -0.000015   -0.107972   -0.478119    0.502668
 61   42.233177   -0.000092    0.000000    0.010723   -0.003196    0.003131
 62   42.352272   -0.000031   -0.000061   -0.090843    0.376355   -0.398879
 63   42.391693    0.000031    0.000000   -0.058529    0.300344   -0.300516
 64   42.497620    0.000031   -0.000008   -0.019011    0.175446   -0.165918
 65   42.272705    0.000046    0.000020   -0.005395    0.078666   -0.072865
 66   29.239319  -56.044876  -91.389038   -0.272472    0.936536   -0.813764
 67   42.375084   -0.000008    0.000019    0.090654   -0.117317    0.075387
 68   42.546143   -0.000015    0.000023    0.043629   -0.143991    0.122095
 69   42.234467    0.000027    0.000015    0.030464   -0.028056    0.021335
 70   42.464996   -0.000053    0.000027   -0.011938    0.226942   -0.262368
 71   42.458130    0.000023    0.000000   -0.036227    0.302317   -0.372649
 72   42.267944   -0.000061    0.000000   -0.069299    0.346385   -0.457973
 73   42.505951    0.000061    0.000031   -0.107615    0.384618   -0.533341
 74   42.233131    0.000000   -0.000031   -0.008584   -0.020044    0.025171
 75   42.352188   -0.000031    0.000000   -0.080064   -0.343879    0.456887
 76   42.391815    0.000031    0.000000   -0.034071   -0.247764    0.317352
 77   42.497589    0.000031    0.000015   -0.010587   -0.145150    0.183505
 78   42.272705   -0.000013    0.000011   -0.000320   -0.062023    0.078040
 79   29.239311 -106.786285    1.740904   -0.000309   -0.020389   -1.068563
 80   42.375107   -0.000004   -0.000002    0.004634    0.035504    0.229527
 81   42.546036   -0.000015    0.000004   -0.004776    0.031866    0.307485
 82   42.234512    0.000000   -0.000007    0.002824    0.009377   -0.060126
 83   42.465057    0.000000   -0.000003    0.031926   -0.007201   -0.604888
 84   42.458038   -0.000031   -0.000002    0.014275   -0.013077   -0.376734
 85   42.267975    0.000015   -0.000004    0.011117   -0.019465   -0.507735
 86   42.505981    0.000000    0.000015    0.000223   -0.032234   -0.810596
 87   42.233040    0.000031   -0.000006   -0.003060   -0.003686   -0.095251
 88   42.352314   -0.000031   -0.000002    0.014492    0.008477    0.418471
 89   42.391769    0.000000   -0.000004    0.014950    0.021061    0.674809
 90   42.497620   -0.000015   -0.000019   -0.000813    0.012962    0.327168
 91   42.272522   -0.000022    0.000023   -0.002786    0.006744    0.181449
time 73
  0    0.000000    0.000000    0.000000    0.000000   -0.000000    0.000000
  1    0.000000    0.000000    0.000000    0.000000   -0.000000    0.000000
  2    0.000000   -1.736231  -11.203678    0.577939   -1.597441    0.992853
  3   50.309216   -0.435479    0.000004    0.004357   -0.210769    0.011511
  4   30.891541   -0.000011   -0.000001    0.003842   -0.187532   -0.017728
  5   34.635605    0.000006   -0.000002    0.002742   -0.228557   -0.003866
  6   30.584282    0.000017    0.000004    0.002018   -0.464856   -0.004408
  7   31.520195   -0.000002    0.000000   -0.000134   -0.515869    0.000196
  8   34.241192  -28.000032  -41.878006    0.977459   -0.406604    0.273797
  9   34.241123   23.441799  -41.878098   -0.977464   -0.406604   -0.273793
 10   35.246700  -52.543083    1.319138   -0.000000    0.000000    0.505256
 11   35.246540   52.726311    1.318924   -0.000000    0.000000   -0.505253
 12   34.830029  -24.891926   45.588608   -0.975647    0.413628    0.262152
 13   34.885777   27.636583   43.767822    0.975642    0.413627   -0.262151
 14   29.239317  -51.573334   94.292900    0.164117   -0.629328   -0.658368
 15   42.375046    0.000006   -0.000019   -0.099186    0.002699    0.042392
 16   42.546082    0.000029   -0.000004   -0.060183    0.058043    0.082158
 17   42.234436    0.000031    0.000000   -0.031562   -0.000164    0.021267
 18   42.465012    0.000038    0.000011    0.034278   -0.264360   -0.254851
 19   42.458069   -0.000069   -0.000023    0.096475   -0.459983   -0.482006
 20   42.267929    0.000000   -0.000015    0.004184   -0.249743   -0.249698
 21   42.505920   -0.000031    0.000000    0.082021   -0.470068   -0.555438
 22   42.233177   -0.000061   -0.000031    0.000295   -0.144880   -0.168404
 23   42.352272    0.000031    0.000000    0.275158    0.515365    0.737451
 24   42.391815   -0.000076   -0.000031    0.061569    0.294122    0.316322
 25   42.497528    0.000019   -0.000015    0.006805    0.110688    0.111194
 26   42.272736    0.000067   -0.000043    0.000804    0.062818    0.062764
 27   29.239332   55.382591   92.214928    1.511594   -0.543540    0.408927
 28   42.375076    0.000000   -0.000008    0.045429    0.026983    0.068447
 29   42.546066   -0.000019    0.000015    0.036615    0.007385    0.044194
 30   42.234436    0.000050   -0.000004    0.026560   -0.002585    0.029559
 31   42.465027   -0.000050    0.000004    0.055453    0.239376    0.269211
 32   42.458099    0.000023    0.000000    0.101359    0.394366    0.423181
 33   42.267914    0.000015    0.000015    0.030712    0.213988    0.237176
 34   42.506012    0.000061    0.000031    0.124749    0.440006    0.583134
 35   42.233109    0.000000    0.000046    0.016123    0.183868    0.228285
 36   42.352249   -0.000092   -0.000031    0.190046   -0.553031   -0.723233
 37   42.391754    0.000076    0.000031    0.052635   -0.295843   -0.348449
 38   42.497681    0.000076   -0.000023    0.008636   -0.104992   -0.117252
 39   42.272644    0.000191   -0.000036    0.004376   -0.059108   -0.065412
 40   29.239347  106.746613    1.740822    0.000168   -0.029664    0.958696
 41   42.375069   -0.000011   -0.000007   -0.005359    0.031687   -0.181695
 42   42.546112    0.000000   -0.000000    0.000690    0.029576   -0.272716
 43   42.234467   -0.000031   -0.000003   -0.001441    0.010397    0.044911
 44   42.465073    0.000023   -0.000007   -0.023581   -0.005991    0.589976
 45   42.458054    0.000008   -0.000008   -0.010952   -0.010002    0.385337
 46   42.267853    0.000000    0.000001   -0.007704   -0.013470    0.472516
 47   42.505981    0.000000    0.000005   -0.001105   -0.024503    0.834124
 48   42.233124    0.000000   -0.000012    0.003036   -0.003347    0.129072
 49   42.352280    0.000000   -0.000000   -0.009768    0.006143   -0.374301
 50   42.391678   -0.000061   -0.000003   -0.011945    0.016421   -0.695998
 51   42.497711   -0.000031   -0.000013    0.000738    0.010394   -0.340686
 52   42.272705    0.000002   -0.000002    0.002352    0.005367   -0.188917
 53   29.239338   50.706905  -91.389084   -1.288809    0.835971    0.770007
 54   42.375084   -0.000002    0.000002   -0.052085    0.080583   -0.076308
 55   42.546051    0.000031    0.000017   -0.043298    0.113947   -0.112692
 56   42.234528   -0.000027   -0.000019   -0.026006    0.035909   -0.026236
 57   42.464966    0.000038    0.000023   -0.048477   -0.211893    0.235480
 58   42.458099    0.000046    0.000015   -0.085303   -0.322239    0.352973
 59   42.267914   -0.000031   -0.000015   -0.092844   -0.382563    0.407560
 60   42.505875    0.000153    0.000000   -0.113771   -0.473225    0.513416
 61   42.233192   -0.000031    0.000000    0.010823   -0.005984    0.005944
 62   42.352257    0.000031   -0.000031   -0.084383    0.366435   -0.396113
 63   42.391693    0.000046    0.000015   -0.059056    0.301703   -0.311661
 64   42.497589    0.000031    0.000008   -0.019400    0.176114   -0.172269
 65   42.272766    0.000025    0.000047   -0.005631    0.079932   -0.076598
 66   29.239323  -56.044838  -91.388992   -0.218652    0.881612   -0.747476
 67   42.375084    0.000008   -0.000019    0.094453   -0.095001    0.067230
 68   42.546082   -0.000011    0.000042    0.047113   -0.124074    0.112251
 69   42.234467    0.000023   -0.000008    0.030772   -0.017318    0.014926
 70   42.464981   -0.000015    0.000015   -0.011480    0.223537   -0.259551
 71   42.458099    0.000023   -0.000023   -0.034649    0.297521   -0.367358
 72   42.267853   -0.000061    0.000031   -0.071443    0.351472   -0.465913
 73   42.505997    0.000061    0.000046   -0.107028    0.386086   -0.536590
 74   42.233093    0.000000    0.000000   -0.008613   -0.017016    0.021476
 75   42.352165   -0.000031    0.000031   -0.079342   -0.338862    0.451320
 76   42.391846    0.000015   -0.000015   -0.036395   -0.252694    0.324675
 77   42.497589    0.000076    0.000008   -0.011225   -0.148009    0.187272
 78   42.272614   -0.000005    0.000027   -0.000467   -0.064050    0.080620
 79   29.239309 -106.786247    1.740918   -0.000167   -0.022462   -1.034964
 80   42.375076   -0.000008   -0.000003    0.004682    0.026928    0.210074
 81   42.546005    0.000000    0.000005   -0.001452    0.024551    0.293666
 82   42.234497   -0.000031   -0.000003    0.001591    0.007865   -0.054147
 83   42.465057   -0.000023   -0.000001    0.020917   -0.005222   -0.598131
 84   42.458038    0.000031   -0.000001    0.009393   -0.008658   -0.378994
 85   42.267944    0.000000   -0.000002    0.007000   -0.012199   -0.490649
 86   42.505890    0.000031    0.000020    0.000582   -0.021116   -0.825542
 87   42.233078    0.000092   -0.000011   -0.002286   -0.002680   -0.110870
 88   42.352257    0.000000    0.000003    0.009040    0.005183    0.400452
 89   42.391739    0.000000   -0.000004    0.010188    0.013593    0.686215
 90   42.497559    0.000000   -0.000017   -0.000404    0.008541    0.332515
 91   42.272552   -0.000016    0.000028   -0.001785    0.004451    0.184069
time 74
  0    0.000000    0.000000    0.000000    0.000000   -0.000000    0.000000
  1    0.000000    0.000000    0.000000    0.000000   -0.000000    0.000000
  2    0.000000   -0.455233  -12.299359    0.681661   -1.585469    0.889137
  3   50.309219   -0.435479    0.000004    0.001130   -0.202747    0.013420
  4   30.891537   -0.000011   -0.000000    0.001020   -0.182177   -0.015049
  5   34.635597    0.000006   -0.000002    0.000719   -0.231535   -0.001014
  6   30.584282    0.000017    0.000004    0.000529   -0.469296   -0.001155
  7   31.520187   -0.000001    0.000000   -0.000036   -0.532319    0.000051
  8   34.241192  -28.000031  -41.878021    0.979267   -0.443840    0.298070
  9   34.241116   23.441795  -41.878098   -0.979272   -0.443841   -0.298065
 10   35.246700  -52.543076    1.319138   -0.000000   -0.000000    0.549057
 11   35.246532   52.726299    1.318939   -0.000000    0.000000   -0.549054
 12   34.830021  -24.891920   45.588608   -0.977254    0.450878    0.286389
 13   34.885777   27.636581   43.767822    0.977250    0.450877   -0.286389
 14   29.239315  -51.573341   94.292923    0.122871   -0.686968   -0.602661
 15   42.375069   -0.000002   -0.000011   -0.098570    0.017429    0.030075
 16   42.546097    0.000034   -0.000004   -0.055960    0.065977    0.073713
 17   42.234467    0.000019   -0.000023   -0.031585    0.018010    0.028050
 18   42.464996    0.000011    0.000000    0.021123   -0.238163   -0.251190
 19   42.458069   -0.000076   -0.000015    0.106645   -0.451558   -0.533090
 20   42.267944    0.000031    0.000000    0.011344   -0.233458   -0.260724
 21   42.505981    0.000000    0.000000    0.090818   -0.418863   -0.529270
 22   42.233147    0.000000   -0.000015    0.019915   -0.207384   -0.252621
 23   42.352257    0.000031    0.000015    0.226468    0.498005    0.718066
 24   42.391632   -0.000015    0.000015    0.065941    0.313328    0.373000
 25   42.497498    0.000038    0.000008    0.005639    0.108638    0.121464
 26   42.272797    0.000071   -0.000008    0.000405    0.060583    0.067571
 27   29.239330   55.382595   92.214920    1.515447   -0.570558    0.399232
 28   42.375069   -0.000004    0.000008    0.046887    0.033723    0.062450
 29   42.546082   -0.000023    0.000011    0.037139    0.018372    0.039898
 30   42.234482    0.000061   -0.000008    0.026565    0.004215    0.020862
 31   42.465027   -0.000031   -0.000004    0.051061    0.225760    0.263110
 32   42.458069    0.000019   -0.000015    0.104242    0.378501    0.432574
 33   42.267883   -0.000031    0.000031    0.035681    0.214300    0.236360
 34   42.506042    0.000076    0.000031    0.125279    0.448818    0.562762
 35   42.233086   -0.000092    0.000015    0.018851    0.215500    0.249667
 36   42.352207   -0.000061    0.000031    0.195785   -0.544978   -0.709656
 37   42.391785    0.000061    0.000061    0.061972   -0.314040   -0.364034
 38   42.497742    0.000061   -0.000031    0.009522   -0.108564   -0.118312
 39   42.272705    0.000134    0.000006    0.004639   -0.060782   -0.065542
 40   29.239346  106.746582    1.740825    0.000055   -0.019108    0.955007
 41   42.375046   -0.000008   -0.000007   -0.003354    0.017690   -0.176466
 42   42.546112    0.000015    0.000000   -0.000292    0.016498   -0.267675
 43   42.234451   -0.000023   -0.000004   -0.000698    0.005873    0.045214
 44   42.465057   -0.000023   -0.000007   -0.011784   -0.003432    0.586921
 45   42.458054   -0.000008   -0.000006   -0.005347   -0.005114    0.384399
 46   42.267822    0.000000    0.000000   -0.003633   -0.006673    0.466296
 47   42.505890    0.000000    0.000003   -0.000380   -0.012237    0.841339
 48   42.233139    0.000000   -0.000012    0.001611   -0.001692    0.135512
 49   42.352249    0.000061   -0.000000   -0.004887    0.002908   -0.370342
 50   42.391701    0.000061   -0.000004   -0.006224    0.008054   -0.701230
 51   42.497650    0.000046   -0.000015    0.000238    0.005201   -0.341605
 52   42.272736    0.000006   -0.000000    0.001106    0.002703   -0.188978
 53   29.239330   50.706909  -91.389076   -1.299567    0.797165    0.743831
 54   42.375061   -0.000015   -0.000008   -0.052748    0.077239   -0.063819
 55   42.546066    0.000023    0.000015   -0.044098    0.108857   -0.101516
 56   42.234543   -0.000053    0.000004   -0.026332    0.033456   -0.019732
 57   42.464996    0.000034    0.000004   -0.045956   -0.204983    0.234885
 58   42.458099    0.000031   -0.000008   -0.082580   -0.312177    0.353177
 59   42.267975   -0.000061    0.000015   -0.095905   -0.378520    0.419696
 60   42.505936    0.000076   -0.000015   -0.121090   -0.468402    0.527419
 61   42.233170   -0.000061   -0.000092    0.010862   -0.010526    0.010691
 62   42.352257    0.000000    0.000000   -0.076753    0.354442   -0.391948
 63   42.391693    0.000046   -0.000031   -0.059541    0.302999   -0.324710
 64   42.497620    0.000023   -0.000008   -0.019809    0.176517   -0.179545
 65   42.272705    0.000005   -0.000009   -0.005933    0.081327   -0.081062
 66   29.239319  -56.044827  -91.389038   -0.179001    0.838492   -0.695680
 67   42.375099    0.000002   -0.000004    0.096394   -0.077853    0.059769
 68   42.546082    0.000008    0.000027    0.049113   -0.109125    0.103552
 69   42.234467    0.000023    0.000004    0.030860   -0.011216    0.011386
 70   42.464996   -0.000031   -0.000004   -0.010229    0.218757   -0.254330
 71   42.458099    0.000031   -0.000008   -0.033207    0.293635   -0.362712
 72   42.267914   -0.000031   -0.000008   -0.072998    0.354590   -0.470774
 73   42.505966    0.000076   -0.000015   -0.109353    0.390300   -0.543957
 74   42.233101    0.000031   -0.000076   -0.008518   -0.011513    0.014561
 75   42.352165    0.000031    0.000000   -0.076699   -0.332746    0.442447
 76   42.391785    0.000031   -0.000061   -0.038886   -0.259223    0.333921
 77   42.497528    0.000069   -0.000038   -0.011914   -0.151424    0.191724
 78   42.272675    0.000053   -0.000004   -0.000679   -0.066689    0.083955
 79   29.239311 -106.786224    1.740915   -0.000055   -0.015565   -1.003659
 80   42.375061    0.000011   -0.000002    0.003006    0.015300    0.194352
 81   42.546005    0.000000    0.000005   -0.000012    0.014083    0.281460
 82   42.234482   -0.000031   -0.000007    0.000718    0.004736   -0.050783
 83   42.465027    0.000031   -0.000002    0.010518   -0.003017   -0.592546
 84   42.458069   -0.000008   -0.000000    0.004668   -0.004482   -0.380191
 85   42.267914    0.000015   -0.000006    0.003293   -0.006003   -0.476816
 86   42.505981    0.000031    0.000015    0.000248   -0.010665   -0.836587
 87   42.233032    0.000000   -0.000011   -0.001297   -0.001434   -0.124226
 88   42.352283    0.000092    0.000001    0.004447    0.002418    0.385905
 89   42.391708    0.000000   -0.000004    0.005444    0.006732    0.695397
 90   42.497559    0.000000   -0.000017   -0.000078    0.004366    0.336813
 91   42.272400   -0.000021    0.000023   -0.000852    0.002292    0.186147
time 75
  0    0.000000    0.000000    0.000000    0.000000   -0.000000    0.000000
  1    0.000000    0.000000    0.000000    0.000000   -0.000000    0.000000
  2    0.000000    0.000000  -12.688735    0.785390   -1.573515    0.785390
  3   50.309212   -0.435479    0.000004   -0.000017   -0.199896    0.014098
  4   30.891541   -0.000011    0.000001    0.000017   -0.180273   -0.014097
  5   34.635597    0.000007   -0.000002   -0.000000   -0.232594   -0.000001
  6   30.584282    0.000018    0.000004   -0.000000   -0.470874    0.000001
  7   31.520187    0.000000    0.000000   -0.000000   -0.538270   -0.000001
  8   34.241192  -28.000036  -41.878006    0.979910   -0.457073    0.306696
  9   34.241123   23.441803  -41.878098   -0.979915   -0.457074   -0.306691
 10   35.246700  -52.543095    1.319138   -0.000000    0.000000    0.564623
 11   35.246532   52.726318    1.318924   -0.000000    0.000000   -0.564620
 12   34.830021  -24.891930   45.588608   -0.977825    0.464116    0.295003
 13   34.885777   27.636591   43.767822    0.977821    0.464114   -0.295002
 14   29.239319  -51.573330   94.292969    0.080343   -0.731682   -0.550935
 15   42.375061   -0.000004   -0.000011   -0.098021    0.027525    0.022163
 16   42.546082    0.000031    0.000023   -0.052237    0.071531    0.068559
 17   42.234482    0.000004    0.000004   -0.030408    0.030748    0.032969
 18   42.464996    0.000050   -0.000011    0.009742   -0.217763   -0.250576
 19   42.458038   -0.000061    0.000015    0.111223   -0.438906   -0.577003
 20   42.267914    0.000000   -0.000015    0.017169   -0.218219   -0.272142
 21   42.505936   -0.000031   -0.000031    0.096108   -0.371168   -0.505567
 22   42.233139    0.000000   -0.000015    0.048501   -0.250256   -0.324250
 23   42.352322   -0.000031   -0.000031    0.177606    0.479118    0.691662
 24   42.391708   -0.000046   -0.000046    0.066756    0.327120    0.427786
 25   42.497559    0.000000   -0.000019    0.004218    0.105674    0.131371
 26   42.272858    0.000021   -0.000044   -0.000046    0.057975    0.072144
 27   29.239342   55.382656   92.214973    1.518418   -0.591864    0.396611
 28   42.375076    0.000008   -0.000004    0.047796    0.040037    0.058788
 29   42.546082   -0.000015    0.000000    0.037366    0.027070    0.035639
 30   42.234467    0.000065   -0.000015    0.026475    0.012985    0.015426
 31   42.465027   -0.000038    0.000000    0.047730    0.219504    0.266439
 32   42.458099    0.000000   -0.000015    0.104334    0.356618    0.438065
 33   42.267899    0.000015   -0.000015    0.041203    0.212242    0.235570
 34   42.506027    0.000061    0.000031    0.134075    0.465564    0.554443
 35   42.233070   -0.000031    0.000076    0.017650    0.229466    0.247603
 36   42.352234   -0.000122    0.000061    0.205767   -0.544343   -0.707568
 37   42.391663    0.000031   -0.000015    0.067423   -0.322327   -0.366512
 38   42.497620   -0.000008   -0.000042    0.010201   -0.110609   -0.117754
 39   42.272644    0.000152   -0.000032    0.004865   -0.061815   -0.065033
 40   29.239353  106.746689    1.740858    0.000002    0.001974    0.965349
 41   42.375084    0.000019   -0.000001    0.000352   -0.000131   -0.179150
 42   42.546127    0.000023    0.000001    0.000481   -0.000017   -0.268558
 43   42.234451   -0.000015   -0.000003   -0.000087   -0.000195    0.050199
 44   42.465057   -0.000015   -0.000006   -0.000850   -0.000518    0.587561
 45   42.458069    0.000031   -0.000003   -0.000281   -0.000637    0.380480
 46   42.267883    0.000015    0.000001   -0.000029   -0.000858    0.465935
 47   42.505905    0.000000    0.000007    0.000599   -0.001298    0.844402
 48   42.233139   -0.000031   -0.000013    0.000247   -0.000074    0.135230
 49   42.352245    0.000000    0.000002   -0.000691    0.000110   -0.374449
 50   42.391693    0.000000   -0.000003   -0.001064    0.000628   -0.702508
 51   42.497650    0.000015   -0.000012   -0.000209    0.000603   -0.340155
 52   42.272705   -0.000006    0.000003    0.000002    0.000357   -0.187757
 53   29.239334   50.706898  -91.389107   -1.294100    0.775060    0.737438
 54   42.375099   -0.000011    0.000000   -0.053502    0.076313   -0.059212
 55   42.546097    0.000004    0.000025   -0.045189    0.106314   -0.097456
 56   42.234558   -0.000046   -0.000008   -0.026690    0.033399   -0.017867
 57   42.465027    0.000038    0.000011   -0.043018   -0.197149    0.234003
 58   42.458069    0.000069    0.000000   -0.079773   -0.301987    0.354657
 59   42.267944   -0.000076    0.000023   -0.098303   -0.372229    0.431119
 60   42.505951    0.000092   -0.000031   -0.129375   -0.463147    0.543694
 61   42.233170   -0.000061   -0.000046    0.010729   -0.015872    0.016569
 62   42.352242   -0.000061   -0.000031   -0.068400    0.341074   -0.386761
 63   42.391724    0.000046   -0.000015   -0.059765    0.303781   -0.338910
 64   42.497559    0.000061   -0.000008   -0.020186    0.176514   -0.187473
 65   42.272766    0.000040   -0.000025   -0.006279    0.082672   -0.086074
 66   29.239326  -56.044899  -91.389076   -0.151591    0.811513   -0.656536
 67   42.375099   -0.000008    0.000004    0.096833   -0.068100    0.053751
 68   42.546082   -0.000004    0.000031    0.049815   -0.100505    0.096710
 69   42.234467    0.000023   -0.000015    0.030832   -0.009553    0.010399
 70   42.465042   -0.000023   -0.000011   -0.008430    0.213342   -0.247576
 71   42.458069    0.000031   -0.000008   -0.031803    0.290543   -0.358513
 72   42.267944   -0.000031   -0.000023   -0.074054    0.356054   -0.473045
 73   42.505981    0.000076   -0.000031   -0.114261    0.396597   -0.554489
 74   42.233116    0.000000    0.000015   -0.008409   -0.004355    0.005527
 75   42.352142    0.000000    0.000031   -0.072329   -0.325669    0.430649
 76   42.391846    0.000015    0.000000   -0.041375   -0.266901    0.344458
 77   42.497467    0.000061    0.000008   -0.012630   -0.155248    0.196680
 78   42.272644   -0.000003    0.000010   -0.000958   -0.069799    0.087890
 79   29.239323 -106.786255    1.740884   -0.000002    0.001968   -0.976201
 80   42.375114    0.000011   -0.000004   -0.000358   -0.000127    0.183061
 81   42.546036   -0.000015    0.000002   -0.000486   -0.000014    0.271904
 82   42.234497   -0.000015   -0.000006    0.000087   -0.000195   -0.050564
 83   42.465088    0.000023   -0.000003    0.000850   -0.000521   -0.588832
 84   42.458099    0.000015   -0.000003    0.000279   -0.000637   -0.379835
 85   42.267914    0.000015   -0.000009    0.000027   -0.000859   -0.467067
 86   42.505936    0.000031    0.000018   -0.000603   -0.001295   -0.843861
 87   42.233101    0.000061   -0.000013   -0.000245   -0.000073   -0.133894
 88   42.352291   -0.000031    0.000002    0.000694    0.000109    0.376301
 89   42.391708    0.000031   -0.000006    0.001063    0.000627    0.701858
 90   42.497528   -0.000015   -0.000020    0.000210    0.000602    0.339644
 91   42.272491   -0.000007    0.000018   -0.000002    0.000355    0.187448
end
