version 1
nodes
  0 "SK_Tyranopode"                -1
  1 "ROOT_"                        -1
  2 "TYRANOPODE_"                   1
  3 "TYRANOPODE_BODY_01"            2
  4 "TYRANOPODE_BODY_02"            3
  5 "TYRANOPODE_BODY_03"            4
  6 "TYRANOPODE_BODY_04"            5
  7 "TYRANOPODE_BODY_05"            6
  8 "TYRANOPODE_JAW_R_L"            7
  9 "TYRANOPODE_JAW_R_R"            7
 10 "TYRANOPODE_JAW_M_L"            7
 11 "TYRANOPODE_JAW_M_R"            7
 12 "TYRANOPODE_JAW_F_L"            7
 13 "TYRANOPODE_JAW_F_R"            7
 14 "TYRANOPODE_TENTACLE_F_L_001"   2
 15 "TYRANOPODE_TENTACLE_F_L_002"  14
 16 "TYRANOPODE_TENTACLE_F_L_003"  15
 17 "TYRANOPODE_TENTACLE_F_L_004"  16
 18 "TYRANOPODE_TENTACLE_F_L_005"  17
 19 "TYRANOPODE_TENTACLE_F_L_006"  18
 20 "TYRANOPODE_TENTACLE_F_L_007"  19
 21 "TYRANOPODE_TENTACLE_F_L_008"  20
 22 "TYRANOPODE_TENTACLE_F_L_009"  21
 23 "TYRANOPODE_TENTACLE_F_L_010"  22
 24 "TYRANOPODE_TENTACLE_F_L_011"  23
 25 "TYRANOPODE_TENTACLE_F_L_012"  24
 26 "TYRANOPODE_TENTACLE_F_L_013"  25
 27 "TYRANOPODE_TENTACLE_F_R_001"   2
 28 "TYRANOPODE_TENTACLE_F_R_002"  27
 29 "TYRANOPODE_TENTACLE_F_R_003"  28
 30 "TYRANOPODE_TENTACLE_F_R_004"  29
 31 "TYRANOPODE_TENTACLE_F_R_005"  30
 32 "TYRANOPODE_TENTACLE_F_R_006"  31
 33 "TYRANOPODE_TENTACLE_F_R_007"  32
 34 "TYRANOPODE_TENTACLE_F_R_008"  33
 35 "TYRANOPODE_TENTACLE_F_R_009"  34
 36 "TYRANOPODE_TENTACLE_F_R_010"  35
 37 "TYRANOPODE_TENTACLE_F_R_011"  36
 38 "TYRANOPODE_TENTACLE_F_R_012"  37
 39 "TYRANOPODE_TENTACLE_F_R_013"  38
 40 "TYRANOPODE_TENTACLE_M_R_001"   2
 41 "TYRANOPODE_TENTACLE_M_R_002"  40
 42 "TYRANOPODE_TENTACLE_M_R_003"  41
 43 "TYRANOPODE_TENTACLE_M_R_004"  42
 44 "TYRANOPODE_TENTACLE_M_R_005"  43
 45 "TYRANOPODE_TENTACLE_M_R_006"  44
 46 "TYRANOPODE_TENTACLE_M_R_007"  45
 47 "TYRANOPODE_TENTACLE_M_R_008"  46
 48 "TYRANOPODE_TENTACLE_M_R_009"  47
 49 "TYRANOPODE_TENTACLE_M_R_010"  48
 50 "TYRANOPODE_TENTACLE_M_R_011"  49
 51 "TYRANOPODE_TENTACLE_M_R_012"  50
 52 "TYRANOPODE_TENTACLE_M_R_013"  51
 53 "TYRANOPODE_TENTACLE_R_R_001"   2
 54 "TYRANOPODE_TENTACLE_R_R_002"  53
 55 "TYRANOPODE_TENTACLE_R_R_003"  54
 56 "TYRANOPODE_TENTACLE_R_R_004"  55
 57 "TYRANOPODE_TENTACLE_R_R_005"  56
 58 "TYRANOPODE_TENTACLE_R_R_006"  57
 59 "TYRANOPODE_TENTACLE_R_R_007"  58
 60 "TYRANOPODE_TENTACLE_R_R_008"  59
 61 "TYRANOPODE_TENTACLE_R_R_009"  60
 62 "TYRANOPODE_TENTACLE_R_R_010"  61
 63 "TYRANOPODE_TENTACLE_R_R_011"  62
 64 "TYRANOPODE_TENTACLE_R_R_012"  63
 65 "TYRANOPODE_TENTACLE_R_R_013"  64
 66 "TYRANOPODE_TENTACLE_R_L_001"   2
 67 "TYRANOPODE_TENTACLE_R_L_002"  66
 68 "TYRANOPODE_TENTACLE_R_L_003"  67
 69 "TYRANOPODE_TENTACLE_R_L_004"  68
 70 "TYRANOPODE_TENTACLE_R_L_005"  69
 71 "TYRANOPODE_TENTACLE_R_L_006"  70
 72 "TYRANOPODE_TENTACLE_R_L_007"  71
 73 "TYRANOPODE_TENTACLE_R_L_008"  72
 74 "TYRANOPODE_TENTACLE_R_L_009"  73
 75 "TYRANOPODE_TENTACLE_R_L_010"  74
 76 "TYRANOPODE_TENTACLE_R_L_011"  75
 77 "TYRANOPODE_TENTACLE_R_L_012"  76
 78 "TYRANOPODE_TENTACLE_R_L_013"  77
 79 "TYRANOPODE_TENTACLE_M_L_001"   2
 80 "TYRANOPODE_TENTACLE_M_L_002"  79
 81 "TYRANOPODE_TENTACLE_M_L_003"  80
 82 "TYRANOPODE_TENTACLE_M_L_004"  81
 83 "TYRANOPODE_TENTACLE_M_L_005"  82
 84 "TYRANOPODE_TENTACLE_M_L_006"  83
 85 "TYRANOPODE_TENTACLE_M_L_007"  84
 86 "TYRANOPODE_TENTACLE_M_L_008"  85
 87 "TYRANOPODE_TENTACLE_M_L_009"  86
 88 "TYRANOPODE_TENTACLE_M_L_010"  87
 89 "TYRANOPODE_TENTACLE_M_L_011"  88
 90 "TYRANOPODE_TENTACLE_M_L_012"  89
 91 "TYRANOPODE_TENTACLE_M_L_013"  90
end
skeleton
time 0
  0    0.000000    0.000000    0.000000    0.000000   -0.000000    0.000000
  1    0.000000    0.000000    0.000000    0.000000   -0.000000    0.000000
  2    0.000000    0.000000  -12.688735    0.785390   -1.573515    0.785390
  3   50.309212   -0.435479    0.000004   -0.000017   -0.199896    0.014098
  4   30.891541   -0.000011    0.000001    0.000017   -0.180273   -0.014097
  5   34.635597    0.000007   -0.000002   -0.000000   -0.232594   -0.000001
  6   30.584282    0.000018    0.000004   -0.000000   -0.470874    0.000001
  7   31.520187    0.000000    0.000000   -0.000000   -0.538270   -0.000001
  8   34.241192  -28.000036  -41.878006    0.979910   -0.457073    0.306696
  9   34.241123   23.441803  -41.878098   -0.979915   -0.457074   -0.306691
 10   35.246700  -52.543095    1.319138   -0.000000    0.000000    0.564623
 11   35.246532   52.726318    1.318924   -0.000000    0.000000   -0.564620
 12   34.830021  -24.891930   45.588608   -0.977825    0.464116    0.295003
 13   34.885777   27.636591   43.767822    0.977821    0.464114   -0.295002
 14   29.239319  -51.573330   94.292969    0.080343   -0.731682   -0.550935
 15   42.375061   -0.000004   -0.000011   -0.098021    0.027525    0.022163
 16   42.546082    0.000031    0.000023   -0.052237    0.071531    0.068559
 17   42.234482    0.000004    0.000004   -0.030408    0.030748    0.032969
 18   42.464996    0.000050   -0.000011    0.009742   -0.217763   -0.250576
 19   42.458038   -0.000061    0.000015    0.111223   -0.438906   -0.577003
 20   42.267914    0.000000   -0.000015    0.017169   -0.218219   -0.272142
 21   42.505936   -0.000031   -0.000031    0.096108   -0.371168   -0.505567
 22   42.233139    0.000000   -0.000015    0.048501   -0.250256   -0.324250
 23   42.352322   -0.000031   -0.000031    0.177606    0.479118    0.691662
 24   42.391708   -0.000046   -0.000046    0.066756    0.327120    0.427786
 25   42.497559    0.000000   -0.000019    0.004218    0.105674    0.131371
 26   42.272858    0.000021   -0.000044   -0.000046    0.057975    0.072144
 27   29.239342   55.382656   92.214973    1.518418   -0.591864    0.396611
 28   42.375076    0.000008   -0.000004    0.047796    0.040037    0.058788
 29   42.546082   -0.000015    0.000000    0.037366    0.027070    0.035639
 30   42.234467    0.000065   -0.000015    0.026475    0.012985    0.015426
 31   42.465027   -0.000038    0.000000    0.047730    0.219504    0.266439
 32   42.458099    0.000000   -0.000015    0.104334    0.356618    0.438065
 33   42.267899    0.000015   -0.000015    0.041203    0.212242    0.235570
 34   42.506027    0.000061    0.000031    0.134075    0.465564    0.554443
 35   42.233070   -0.000031    0.000076    0.017650    0.229466    0.247603
 36   42.352234   -0.000122    0.000061    0.205767   -0.544343   -0.707568
 37   42.391663    0.000031   -0.000015    0.067423   -0.322327   -0.366512
 38   42.497620   -0.000008   -0.000042    0.010201   -0.110609   -0.117754
 39   42.272644    0.000152   -0.000032    0.004865   -0.061815   -0.065033
 40   29.239353  106.746689    1.740858    0.000002    0.001974    0.965349
 41   42.375084    0.000019   -0.000001    0.000352   -0.000131   -0.179150
 42   42.546127    0.000023    0.000001    0.000481   -0.000017   -0.268558
 43   42.234451   -0.000015   -0.000003   -0.000087   -0.000195    0.050199
 44   42.465057   -0.000015   -0.000006   -0.000850   -0.000518    0.587561
 45   42.458069    0.000031   -0.000003   -0.000281   -0.000637    0.380480
 46   42.267883    0.000015    0.000001   -0.000029   -0.000858    0.465935
 47   42.505905    0.000000    0.000007    0.000599   -0.001298    0.844402
 48   42.233139   -0.000031   -0.000013    0.000247   -0.000074    0.135230
 49   42.352245    0.000000    0.000002   -0.000691    0.000110   -0.374449
 50   42.391693    0.000000   -0.000003   -0.001064    0.000628   -0.702508
 51   42.497650    0.000015   -0.000012   -0.000209    0.000603   -0.340155
 52   42.272705   -0.000006    0.000003    0.000002    0.000357   -0.187757
 53   29.239334   50.706898  -91.389107   -1.294100    0.775060    0.737438
 54   42.375099   -0.000011    0.000000   -0.053502    0.076313   -0.059212
 55   42.546097    0.000004    0.000025   -0.045189    0.106314   -0.097456
 56   42.234558   -0.000046   -0.000008   -0.026690    0.033399   -0.017867
 57   42.465027    0.000038    0.000011   -0.043018   -0.197149    0.234003
 58   42.458069    0.000069    0.000000   -0.079773   -0.301987    0.354657
 59   42.267944   -0.000076    0.000023   -0.098303   -0.372229    0.431119
 60   42.505951    0.000092   -0.000031   -0.129375   -0.463147    0.543694
 61   42.233170   -0.000061   -0.000046    0.010729   -0.015872    0.016569
 62   42.352242   -0.000061   -0.000031   -0.068400    0.341074   -0.386761
 63   42.391724    0.000046   -0.000015   -0.059765    0.303781   -0.338910
 64   42.497559    0.000061   -0.000008   -0.020186    0.176514   -0.187473
 65   42.272766    0.000040   -0.000025   -0.006279    0.082672   -0.086074
 66   29.239326  -56.044899  -91.389076   -0.151591    0.811513   -0.656536
 67   42.375099   -0.000008    0.000004    0.096833   -0.068100    0.053751
 68   42.546082   -0.000004    0.000031    0.049815   -0.100505    0.096710
 69   42.234467    0.000023   -0.000015    0.030832   -0.009553    0.010399
 70   42.465042   -0.000023   -0.000011   -0.008430    0.213342   -0.247576
 71   42.458069    0.000031   -0.000008   -0.031803    0.290543   -0.358513
 72   42.267944   -0.000031   -0.000023   -0.074054    0.356054   -0.473045
 73   42.505981    0.000076   -0.000031   -0.114261    0.396597   -0.554489
 74   42.233116    0.000000    0.000015   -0.008409   -0.004355    0.005527
 75   42.352142    0.000000    0.000031   -0.072329   -0.325669    0.430649
 76   42.391846    0.000015    0.000000   -0.041375   -0.266901    0.344458
 77   42.497467    0.000061    0.000008   -0.012630   -0.155248    0.196680
 78   42.272644   -0.000003    0.000010   -0.000958   -0.069799    0.087890
 79   29.239323 -106.786255    1.740884   -0.000002    0.001968   -0.976201
 80   42.375114    0.000011   -0.000004   -0.000358   -0.000127    0.183061
 81   42.546036   -0.000015    0.000002   -0.000486   -0.000014    0.271904
 82   42.234497   -0.000015   -0.000006    0.000087   -0.000195   -0.050564
 83   42.465088    0.000023   -0.000003    0.000850   -0.000521   -0.588832
 84   42.458099    0.000015   -0.000003    0.000279   -0.000637   -0.379835
 85   42.267914    0.000015   -0.000009    0.000027   -0.000859   -0.467067
 86   42.505936    0.000031    0.000018   -0.000603   -0.001295   -0.843861
 87   42.233101    0.000061   -0.000013   -0.000245   -0.000073   -0.133894
 88   42.352291   -0.000031    0.000002    0.000694    0.000109    0.376301
 89   42.391708    0.000031   -0.000006    0.001063    0.000627    0.701858
 90   42.497528   -0.000015   -0.000020    0.000210    0.000602    0.339644
 91   42.272491   -0.000007    0.000018   -0.000002    0.000355    0.187448
time 1
  0    0.000000    0.000000    0.000000    0.000000   -0.000000    0.000000
  1    0.000000    0.000000    0.000000    0.000000   -0.000000    0.000000
  2    0.000000    0.000000  -12.346540    0.785390   -1.573515    0.785390
  3   50.309219   -0.435479    0.000004   -0.000015   -0.199776    0.014097
  4   30.891552   -0.000011    0.000002    0.000017   -0.180107   -0.014097
  5   34.635605    0.000007    0.000000   -0.000000   -0.232537   -0.000001
  6   30.584290    0.000018    0.000008   -0.000000   -0.471075    0.000001
  7   31.520203    0.000000    0.000000   -0.000000   -0.538481   -0.000001
  8   34.241199  -28.000036  -41.878021    0.979954   -0.456904    0.306580
  9   34.241138   23.441809  -41.878113   -0.979958   -0.456905   -0.306574
 10   35.246708  -52.543098    1.319122   -0.000000    0.000000    0.564422
 11   35.246555   52.726326    1.318909   -0.000000    0.000000   -0.564419
 12   34.830029  -24.891928   45.588615   -0.977870    0.463947    0.294885
 13   34.885769   27.636593   43.767822    0.977865    0.463946   -0.294885
 14   29.239315  -51.573341   94.292961    0.082655   -0.734475   -0.554372
 15   42.375092    0.000011    0.000000   -0.097994    0.028924    0.023251
 16   42.546082    0.000038    0.000004   -0.052132    0.073118    0.070071
 17   42.234451    0.000015    0.000011   -0.030418    0.030396    0.032595
 18   42.464966    0.000004    0.000011    0.010280   -0.219790   -0.253041
 19   42.458130   -0.000092    0.000015    0.110900   -0.438466   -0.576251
 20   42.267944    0.000031   -0.000031    0.016994   -0.217610   -0.271339
 21   42.505920   -0.000031   -0.000015    0.097094   -0.372835   -0.508304
 22   42.233170    0.000031   -0.000015    0.047301   -0.246724   -0.319318
 23   42.352325    0.000061   -0.000015    0.179395    0.481021    0.695519
 24   42.391739   -0.000076   -0.000015    0.065650    0.324831    0.424353
 25   42.497589    0.000000   -0.000027    0.004170    0.105317    0.130920
 26   42.272888    0.000059   -0.000042   -0.000056    0.057832    0.071965
 27   29.239338   55.382626   92.214951    1.517248   -0.594177    0.398713
 28   42.375076    0.000008   -0.000011    0.047779    0.039762    0.058374
 29   42.546082   -0.000019    0.000019    0.037333    0.026201    0.034466
 30   42.234482    0.000099   -0.000027    0.026473    0.012818    0.015221
 31   42.465057   -0.000042   -0.000008    0.048207    0.221200    0.268622
 32   42.458069    0.000015   -0.000015    0.104020    0.355987    0.437161
 33   42.267914    0.000031    0.000000    0.041165    0.212091    0.235391
 34   42.506073    0.000092    0.000031    0.135420    0.467500    0.557439
 35   42.233070   -0.000061    0.000076    0.016410    0.224618    0.242078
 36   42.352245   -0.000092    0.000076    0.207589   -0.546157   -0.711074
 37   42.391785    0.000076    0.000031    0.066356   -0.319685   -0.363142
 38   42.497742    0.000076   -0.000053    0.010155   -0.110213   -0.117327
 39   42.272705    0.000158   -0.000007    0.004855   -0.061653   -0.064861
 40   29.239353  106.746666    1.740840    0.000002    0.001969    0.969543
 41   42.375061    0.000004   -0.000004    0.000357   -0.000128   -0.182177
 42   42.546112    0.000000   -0.000000    0.000484   -0.000014   -0.270595
 43   42.234482    0.000015   -0.000001   -0.000091   -0.000195    0.052464
 44   42.465073    0.000000   -0.000006   -0.000851   -0.000520    0.589058
 45   42.458099   -0.000015   -0.000003   -0.000278   -0.000636    0.379117
 46   42.267944   -0.000015    0.000005   -0.000028   -0.000862    0.468454
 47   42.505920    0.000000    0.000007    0.000603   -0.001294    0.842843
 48   42.233131   -0.000031   -0.000009    0.000242   -0.000072    0.132357
 49   42.352230    0.000000    0.000002   -0.000697    0.000112   -0.378038
 50   42.391693    0.000000   -0.000003   -0.001059    0.000631   -0.700893
 51   42.497650    0.000015   -0.000009   -0.000207    0.000601   -0.339125
 52   42.272736   -0.000001   -0.000001    0.000003    0.000356   -0.187186
 53   29.239338   50.706921  -91.389084   -1.290537    0.777658    0.742122
 54   42.375076    0.000000    0.000000   -0.053734    0.077707   -0.060996
 55   42.546051    0.000023    0.000017   -0.045392    0.107704   -0.099203
 56   42.234543   -0.000027    0.000008   -0.026679    0.033042   -0.017557
 57   42.465027    0.000031    0.000004   -0.043311   -0.198343    0.235408
 58   42.458099    0.000061    0.000000   -0.079745   -0.301923    0.354614
 59   42.268036   -0.000092   -0.000015   -0.098850   -0.373349    0.432633
 60   42.505890    0.000092   -0.000031   -0.128460   -0.461788    0.541647
 61   42.233192   -0.000031   -0.000046    0.010750   -0.014132    0.014760
 62   42.352295   -0.000031    0.000031   -0.068959    0.342357   -0.388419
 63   42.391754    0.000031    0.000000   -0.059393    0.302787   -0.337680
 64   42.497589    0.000046   -0.000023   -0.020113    0.176137   -0.187058
 65   42.272797    0.000019   -0.000014   -0.006244    0.082263   -0.085646
 66   29.239323  -56.044872  -91.389023   -0.154902    0.814452   -0.661085
 67   42.375107   -0.000006   -0.000004    0.096735   -0.069953    0.055209
 68   42.546112   -0.000004    0.000031    0.049659   -0.102110    0.098263
 69   42.234482    0.000027   -0.000008    0.030836   -0.009142    0.009960
 70   42.465027   -0.000038    0.000000   -0.008736    0.214517   -0.249013
 71   42.458130    0.000023   -0.000023   -0.031782    0.290492   -0.358439
 72   42.267883   -0.000084    0.000000   -0.074635    0.357118   -0.474715
 73   42.505951    0.000092    0.000015   -0.113314    0.395182   -0.552034
 74   42.233093    0.000122    0.000000   -0.008421   -0.005895    0.007463
 75   42.352188   -0.000031    0.000031   -0.072847   -0.326731    0.432261
 76   42.391785    0.000031    0.000000   -0.041029   -0.265974    0.343149
 77   42.497498    0.000053    0.000023   -0.012560   -0.154905    0.196232
 78   42.272797    0.000029   -0.000029   -0.000926   -0.069435    0.087432
 79   29.239315 -106.786263    1.740901   -0.000002    0.001963   -0.980417
 80   42.375107    0.000011   -0.000005   -0.000363   -0.000123    0.186116
 81   42.546036    0.000000    0.000003   -0.000489   -0.000011    0.273932
 82   42.234497   -0.000015   -0.000009    0.000091   -0.000196   -0.052825
 83   42.465088   -0.000038   -0.000003    0.000851   -0.000523   -0.590313
 84   42.458038   -0.000008   -0.000003    0.000276   -0.000636   -0.378481
 85   42.267944    0.000031   -0.000007    0.000026   -0.000864   -0.469580
 86   42.505951    0.000000    0.000016   -0.000608   -0.001291   -0.842285
 87   42.233063    0.000000   -0.000012   -0.000240   -0.000071   -0.131047
 88   42.352306    0.000000    0.000002    0.000700    0.000111    0.379885
 89   42.391693    0.000031   -0.000004    0.001058    0.000630    0.700236
 90   42.497589    0.000000   -0.000022    0.000208    0.000601    0.338618
 91   42.272552   -0.000018    0.000018   -0.000002    0.000354    0.186879
time 2
  0    0.000000    0.000000    0.000000    0.000000   -0.000000    0.000000
  1    0.000000    0.000000    0.000000    0.000000   -0.000000    0.000000
  2    0.000000    0.000000  -12.004343    0.785375   -1.573493    0.785375
  3   50.309208   -0.435479    0.000004   -0.000010   -0.199426    0.014096
  4   30.891541   -0.000011    0.000000    0.000017   -0.179624   -0.014097
  5   34.635597    0.000007    0.000000   -0.000000   -0.232370   -0.000001
  6   30.584282    0.000018   -0.000004   -0.000000   -0.471659    0.000001
  7   31.520180    0.000000    0.000000   -0.000000   -0.539097   -0.000001
  8   34.241203  -28.000032  -41.878006    0.980081   -0.456414    0.306240
  9   34.241127   23.441801  -41.878098   -0.980086   -0.456415   -0.306235
 10   35.246696  -52.543091    1.319138   -0.000000    0.000000    0.563840
 11   35.246552   52.726311    1.318924   -0.000000    0.000000   -0.563837
 12   34.830032  -24.891922   45.588608   -0.978001    0.463457    0.294544
 13   34.885788   27.636587   43.767822    0.977996    0.463456   -0.294543
 14   29.239319  -51.573338   94.292961    0.084999   -0.737275   -0.557846
 15   42.375061   -0.000004    0.000004   -0.097966    0.030341    0.024355
 16   42.546097    0.000023    0.000019   -0.052024    0.074710    0.071588
 17   42.234482    0.000015    0.000031   -0.030430    0.030033    0.032210
 18   42.465027    0.000011    0.000004    0.010827   -0.221828   -0.255523
 19   42.458069   -0.000061   -0.000023    0.110565   -0.438008   -0.575471
 20   42.267944    0.000076   -0.000008    0.016823   -0.217014   -0.270553
 21   42.505920    0.000000   -0.000031    0.098084   -0.374498   -0.511042
 22   42.233154    0.000000    0.000000    0.046111   -0.243160   -0.314357
 23   42.352287    0.000122    0.000015    0.181172    0.482896    0.699339
 24   42.391739   -0.000031   -0.000015    0.064554    0.322540    0.420929
 25   42.497467    0.000038   -0.000046    0.004122    0.104963    0.130473
 26   42.272797    0.000082   -0.000051   -0.000066    0.057689    0.071788
 27   29.239334   55.382629   92.214951    1.516062   -0.596501    0.400833
 28   42.375061   -0.000008   -0.000008    0.047762    0.039480    0.057950
 29   42.546112   -0.000011    0.000019    0.037302    0.025321    0.033278
 30   42.234436    0.000076    0.000000    0.026470    0.012659    0.015028
 31   42.465027   -0.000023   -0.000011    0.048690    0.222902    0.270816
 32   42.458099    0.000000   -0.000019    0.103696    0.355336    0.436229
 33   42.267914   -0.000015    0.000000    0.041130    0.211956    0.235230
 34   42.506042    0.000061    0.000015    0.136760    0.469415    0.560413
 35   42.233093   -0.000061    0.000046    0.015199    0.219756    0.236559
 36   42.352215   -0.000061    0.000031    0.209381   -0.547927   -0.714517
 37   42.391724    0.000092    0.000000    0.065307   -0.317055   -0.359795
 38   42.497681    0.000046   -0.000031    0.010108   -0.109822   -0.116905
 39   42.272644    0.000134   -0.000035    0.004844   -0.061493   -0.064693
 40   29.239349  106.746674    1.740839    0.000002    0.001964    0.973756
 41   42.375061    0.000004   -0.000003    0.000362   -0.000125   -0.185240
 42   42.546112    0.000000    0.000000    0.000486   -0.000012   -0.272605
 43   42.234467    0.000031   -0.000001   -0.000095   -0.000196    0.054733
 44   42.465057   -0.000008   -0.000007   -0.000852   -0.000522    0.590526
 45   42.458023    0.000000   -0.000003   -0.000276   -0.000634    0.377765
 46   42.267944   -0.000031    0.000003   -0.000027   -0.000867    0.470979
 47   42.505905    0.000000    0.000007    0.000608   -0.001289    0.841236
 48   42.233124    0.000000   -0.000011    0.000237   -0.000070    0.129520
 49   42.352234    0.000000    0.000002   -0.000703    0.000113   -0.381624
 50   42.391663    0.000000   -0.000003   -0.001055    0.000634   -0.699262
 51   42.497650   -0.000015   -0.000011   -0.000205    0.000600   -0.338097
 52   42.272675   -0.000006    0.000003    0.000003    0.000355   -0.186618
 53   29.239334   50.706932  -91.389099   -1.286933    0.780256    0.746849
 54   42.375084   -0.000008   -0.000013   -0.053971    0.079112   -0.062799
 55   42.546066    0.000042   -0.000004   -0.045597    0.109099   -0.100956
 56   42.234528   -0.000011   -0.000015   -0.026667    0.032676   -0.017239
 57   42.464981    0.000053   -0.000011   -0.043605   -0.199535    0.236812
 58   42.458038    0.000061    0.000008   -0.079717   -0.301856    0.354570
 59   42.267975   -0.000069    0.000008   -0.099400   -0.374470    0.434149
 60   42.505844    0.000122    0.000000   -0.127541   -0.460415    0.539584
 61   42.233192   -0.000092   -0.000046    0.010765   -0.012402    0.012959
 62   42.352249   -0.000061   -0.000031   -0.069513    0.343629   -0.390062
 63   42.391724    0.000046   -0.000015   -0.059025    0.301794   -0.336454
 64   42.497620    0.000076   -0.000008   -0.020039    0.175760   -0.186644
 65   42.272797    0.000033    0.000027   -0.006209    0.081856   -0.085218
 66   29.239319  -56.044876  -91.389038   -0.158256    0.817394   -0.665683
 67   42.375107   -0.000004   -0.000004    0.096632   -0.071824    0.056682
 68   42.546097    0.000004    0.000038    0.049501   -0.103716    0.099819
 69   42.234421    0.000019    0.000015    0.030839   -0.008725    0.009515
 70   42.465027   -0.000031    0.000011   -0.009042    0.215687   -0.250445
 71   42.458099    0.000038   -0.000008   -0.031760    0.290436   -0.358364
 72   42.267883   -0.000076   -0.000008   -0.075217    0.358179   -0.476381
 73   42.505981    0.000061    0.000000   -0.112368    0.393759   -0.549571
 74   42.233124    0.000031   -0.000015   -0.008435   -0.007424    0.009387
 75   42.352142    0.000000   -0.000015   -0.073356   -0.327778    0.433846
 76   42.391754    0.000031   -0.000015   -0.040688   -0.265051    0.341851
 77   42.497589    0.000023    0.000000   -0.012491   -0.154565    0.195789
 78   42.272675   -0.000001    0.000003   -0.000896   -0.069077    0.086976
 79   29.239311 -106.786224    1.740902   -0.000002    0.001958   -0.984651
 80   42.375122   -0.000004   -0.000003   -0.000368   -0.000120    0.189207
 81   42.546021    0.000000    0.000003   -0.000491   -0.000009    0.275933
 82   42.234497   -0.000015   -0.000008    0.000095   -0.000197   -0.055089
 83   42.465073   -0.000015   -0.000003    0.000852   -0.000525   -0.591766
 84   42.458069    0.000031   -0.000003    0.000273   -0.000635   -0.377141
 85   42.267883    0.000000   -0.000005    0.000025   -0.000868   -0.472123
 86   42.505981    0.000031    0.000012   -0.000612   -0.001286   -0.840653
 87   42.233078   -0.000031   -0.000013   -0.000235   -0.000069   -0.128221
 88   42.352287    0.000000    0.000002    0.000707    0.000112    0.383462
 89   42.391724    0.000031   -0.000006    0.001054    0.000633    0.698603
 90   42.497528    0.000000   -0.000020    0.000206    0.000600    0.337594
 91   42.272522   -0.000010    0.000020   -0.000003    0.000353    0.186311
time 3
  0    0.000000    0.000000    0.000000    0.000000   -0.000000    0.000000
  1    0.000000    0.000000    0.000000    0.000000   -0.000000    0.000000
  2    0.000000    0.000000  -11.662146    0.785398   -1.573471    0.785398
  3   50.309212   -0.435479    0.000004   -0.000001   -0.198864    0.014095
  4   30.891544   -0.000010    0.000001    0.000017   -0.178846   -0.014097
  5   34.635590    0.000008    0.000002   -0.000000   -0.232103   -0.000001
  6   30.584282    0.000019    0.000000   -0.000000   -0.472599    0.000001
  7   31.520203    0.000002    0.000008   -0.000000   -0.540088   -0.000001
  8   34.241196  -28.000032  -41.878006    0.980286   -0.455625    0.305693
  9   34.241127   23.441807  -41.878098   -0.980291   -0.455626   -0.305688
 10   35.246704  -52.543087    1.319138   -0.000000    0.000000    0.562903
 11   35.246544   52.726326    1.318924   -0.000000    0.000000   -0.562900
 12   34.830017  -24.891926   45.588615   -0.978211    0.462669    0.293994
 13   34.885788   27.636591   43.767838    0.978206    0.462668   -0.293994
 14   29.239319  -51.573315   94.292938    0.087373   -0.740083   -0.561353
 15   42.375069    0.000004   -0.000019   -0.097936    0.031774    0.025471
 16   42.546082    0.000042    0.000011   -0.051914    0.076307    0.073112
 17   42.234467    0.000011    0.000008   -0.030440    0.029663    0.031816
 18   42.464981    0.000027    0.000023    0.011376   -0.223853   -0.257991
 19   42.458130   -0.000069   -0.000015    0.110220   -0.437536   -0.574666
 20   42.267975    0.000015    0.000031    0.016658   -0.216432   -0.269787
 21   42.505920   -0.000031    0.000000    0.099063   -0.376134   -0.513741
 22   42.233192   -0.000061    0.000015    0.044952   -0.239620   -0.309449
 23   42.352253    0.000061    0.000015    0.182906    0.484711    0.703055
 24   42.391724   -0.000061    0.000015    0.063488    0.320289    0.417575
 25   42.497589   -0.000053   -0.000011    0.004076    0.104613    0.130034
 26   42.272736    0.000004   -0.000026   -0.000077    0.057551    0.071614
 27   29.239338   55.382656   92.214981    1.514863   -0.598837    0.402973
 28   42.375076    0.000011   -0.000011    0.047744    0.039190    0.057512
 29   42.546112   -0.000004    0.000004    0.037272    0.024429    0.032075
 30   42.234482    0.000076   -0.000019    0.026468    0.012512    0.014847
 31   42.465027   -0.000023    0.000000    0.049177    0.224604    0.273017
 32   42.458069    0.000027   -0.000011    0.103368    0.354674    0.435281
 33   42.267929    0.000000    0.000031    0.041100    0.211834    0.235085
 34   42.506012    0.000092    0.000015    0.138095    0.471308    0.563363
 35   42.233116    0.000031    0.000061    0.014013    0.214880    0.231040
 36   42.352234   -0.000153    0.000046    0.211138   -0.549650   -0.717882
 37   42.391754    0.000122    0.000015    0.064275   -0.314443   -0.356481
 38   42.497589    0.000084    0.000000    0.010063   -0.109434   -0.116487
 39   42.272736    0.000164    0.000042    0.004833   -0.061334   -0.064526
 40   29.239349  106.746643    1.740863    0.000002    0.001960    0.977988
 41   42.375053    0.000019    0.000003    0.000367   -0.000121   -0.188342
 42   42.546082    0.000031    0.000003    0.000489   -0.000009   -0.274581
 43   42.234451    0.000015   -0.000001   -0.000098   -0.000196    0.056995
 44   42.465073    0.000000   -0.000004   -0.000853   -0.000525    0.591967
 45   42.458038   -0.000008   -0.000001   -0.000273   -0.000633    0.376432
 46   42.267883    0.000015    0.000005   -0.000026   -0.000871    0.473534
 47   42.505951    0.000000    0.000009    0.000612   -0.001285    0.839571
 48   42.233131    0.000031   -0.000011    0.000232   -0.000068    0.126703
 49   42.352242    0.000031    0.000003   -0.000709    0.000114   -0.385219
 50   42.391693    0.000000   -0.000002   -0.001050    0.000637   -0.697611
 51   42.497650    0.000046   -0.000010   -0.000203    0.000599   -0.337070
 52   42.272766    0.000010    0.000004    0.000003    0.000354   -0.186052
 53   29.239334   50.706882  -91.389091   -1.283288    0.782852    0.751621
 54   42.375092    0.000015   -0.000014   -0.054213    0.080529   -0.064618
 55   42.546051    0.000031   -0.000004   -0.045805    0.110494   -0.102713
 56   42.234558   -0.000050    0.000011   -0.026656    0.032305   -0.016914
 57   42.465012    0.000053    0.000004   -0.043898   -0.200718    0.238210
 58   42.458069    0.000038   -0.000008   -0.079689   -0.301787    0.354519
 59   42.267914   -0.000084    0.000008   -0.099948   -0.375582    0.435655
 60   42.505920    0.000137   -0.000015   -0.126620   -0.459033    0.537513
 61   42.233147   -0.000031   -0.000092    0.010779   -0.010699    0.011187
 62   42.352280    0.000031   -0.000076   -0.070060    0.344873   -0.391675
 63   42.391693    0.000092    0.000000   -0.058660    0.300815   -0.335241
 64   42.497528    0.000061    0.000000   -0.019967    0.175386   -0.186235
 65   42.272766    0.000034    0.000021   -0.006176    0.081455   -0.084799
 66   29.239323  -56.044880  -91.389053   -0.161655    0.820337   -0.670330
 67   42.375092   -0.000004   -0.000002    0.096526   -0.073714    0.058169
 68   42.546097    0.000004    0.000031    0.049339   -0.105327    0.101379
 69   42.234467    0.000023   -0.000015    0.030843   -0.008300    0.009063
 70   42.464981   -0.000023   -0.000023   -0.009348    0.216853   -0.251872
 71   42.458099    0.000015    0.000031   -0.031738    0.290384   -0.358293
 72   42.267944   -0.000061   -0.000008   -0.075801    0.359238   -0.478045
 73   42.505951    0.000061    0.000015   -0.111420    0.392323   -0.547095
 74   42.233093    0.000031    0.000031   -0.008453   -0.008944    0.011298
 75   42.352165   -0.000092    0.000031   -0.073863   -0.328807    0.435411
 76   42.391815    0.000031   -0.000015   -0.040349   -0.264133    0.340559
 77   42.497467    0.000038    0.000031   -0.012423   -0.154227    0.195347
 78   42.272705   -0.000007    0.000000   -0.000863   -0.068719    0.086524
 79   29.239317 -106.786232    1.740878   -0.000002    0.001954   -0.988906
 80   42.375076    0.000004   -0.000007   -0.000373   -0.000116    0.192339
 81   42.546051   -0.000015    0.000002   -0.000494   -0.000006    0.277903
 82   42.234497   -0.000015   -0.000008    0.000099   -0.000197   -0.057344
 83   42.465103   -0.000008   -0.000006    0.000853   -0.000527   -0.593180
 84   42.458099    0.000000   -0.000005    0.000271   -0.000634   -0.375823
 85   42.267944    0.000000   -0.000011    0.000023   -0.000873   -0.474644
 86   42.505966    0.000000    0.000010   -0.000616   -0.001282   -0.838987
 87   42.233093    0.000000   -0.000014   -0.000230   -0.000067   -0.125458
 88   42.352299   -0.000031    0.000002    0.000713    0.000113    0.386998
 89   42.391739    0.000061   -0.000008    0.001049    0.000636    0.696972
 90   42.497498   -0.000031   -0.000023    0.000204    0.000598    0.336581
 91   42.272522   -0.000013    0.000019   -0.000003    0.000352    0.185755
time 4
  0    0.000000    0.000000    0.000000    0.000000   -0.000000    0.000000
  1    0.000000    0.000000    0.000000    0.000000   -0.000000    0.000000
  2    0.000000    0.000000  -11.319952    0.785390   -1.573515    0.785390
  3   50.309212   -0.435479    0.000004    0.000011   -0.198105    0.014093
  4   30.891552   -0.000011    0.000000    0.000017   -0.177797   -0.014097
  5   34.635605    0.000007    0.000000   -0.000000   -0.231742   -0.000001
  6   30.584282    0.000018   -0.000004   -0.000000   -0.473867    0.000001
  7   31.520195    0.000000    0.000000   -0.000000   -0.541424   -0.000001
  8   34.241196  -28.000032  -41.877991    0.980563   -0.454560    0.304956
  9   34.241119   23.441799  -41.878098   -0.980568   -0.454561   -0.304951
 10   35.246704  -52.543083    1.319122   -0.000000    0.000000    0.561637
 11   35.246544   52.726315    1.318909   -0.000000   -0.000000   -0.561634
 12   34.830025  -24.891926   45.588608   -0.978494    0.461605    0.293252
 13   34.885780   27.636587   43.767822    0.978489    0.461604   -0.293252
 14   29.239319  -51.573326   94.292953    0.089777   -0.742897   -0.564895
 15   42.375099   -0.000004   -0.000004   -0.097904    0.033227    0.026601
 16   42.546097    0.000023    0.000011   -0.051800    0.077908    0.074641
 17   42.234451    0.000019   -0.000004   -0.030450    0.029281    0.031411
 18   42.464996    0.000004    0.000015    0.011932   -0.225884   -0.260473
 19   42.458099   -0.000069    0.000008    0.109862   -0.437044   -0.573831
 20   42.267868    0.000000   -0.000031    0.016497   -0.215867   -0.269042
 21   42.505890   -0.000015    0.000000    0.100047   -0.377762   -0.516439
 22   42.233154    0.000000   -0.000031    0.043803   -0.236053   -0.304518
 23   42.352283    0.000031   -0.000031    0.184629    0.486498    0.706731
 24   42.391754   -0.000061    0.000000    0.062432    0.318039    0.414231
 25   42.497559    0.000053   -0.000027    0.004029    0.104267    0.129598
 26   42.272797    0.000076   -0.000039   -0.000087    0.057411    0.071439
 27   29.239334   55.382633   92.214958    1.513646   -0.601184    0.405133
 28   42.375084    0.000011   -0.000008    0.047726    0.038890    0.057063
 29   42.546082   -0.000004    0.000008    0.037242    0.023526    0.030856
 30   42.234451    0.000057   -0.000004    0.026466    0.012377    0.014684
 31   42.464996   -0.000042   -0.000004    0.049669    0.226307    0.275220
 32   42.458099    0.000019    0.000015    0.103031    0.353995    0.434309
 33   42.267883    0.000015    0.000000    0.041073    0.211727    0.234956
 34   42.506027    0.000061    0.000015    0.139413    0.473167    0.566272
 35   42.233055   -0.000061    0.000031    0.012862    0.210018    0.225559
 36   42.352245   -0.000061    0.000061    0.212853   -0.551319   -0.721160
 37   42.391724    0.000092    0.000000    0.063268   -0.311864   -0.353219
 38   42.497650    0.000069    0.000004    0.010018   -0.109052   -0.116074
 39   42.272644    0.000156    0.000000    0.004825   -0.061178   -0.064359
 40   29.239349  106.746643    1.740851    0.000002    0.001955    0.982241
 41   42.375069    0.000019   -0.000001    0.000372   -0.000118   -0.191482
 42   42.546082   -0.000008   -0.000001    0.000492   -0.000007   -0.276533
 43   42.234467   -0.000015   -0.000002   -0.000102   -0.000197    0.059259
 44   42.465057    0.000000   -0.000005   -0.000854   -0.000527    0.593374
 45   42.458054    0.000015   -0.000003   -0.000270   -0.000632    0.375114
 46   42.267914    0.000000    0.000005   -0.000024   -0.000875    0.476080
 47   42.505829    0.000061    0.000005    0.000616   -0.001281    0.837869
 48   42.233116   -0.000031   -0.000011    0.000227   -0.000066    0.123933
 49   42.352242   -0.000061    0.000002   -0.000716    0.000115   -0.388779
 50   42.391693    0.000031   -0.000003   -0.001045    0.000640   -0.695961
 51   42.497620    0.000031   -0.000009   -0.000201    0.000597   -0.336050
 52   42.272614    0.000014    0.000003    0.000004    0.000353   -0.185491
 53   29.239334   50.706909  -91.389084   -1.279601    0.785450    0.756437
 54   42.375114   -0.000019   -0.000005   -0.054460    0.081955   -0.066458
 55   42.546082    0.000034   -0.000011   -0.046016    0.111892   -0.104474
 56   42.234528   -0.000042    0.000004   -0.026645    0.031931   -0.016584
 57   42.465012    0.000061    0.000023   -0.044193   -0.201897    0.239603
 58   42.458038    0.000061    0.000015   -0.079660   -0.301719    0.354471
 59   42.267975   -0.000069   -0.000015   -0.100498   -0.376690    0.437161
 60   42.505966    0.000076   -0.000031   -0.125698   -0.457640    0.535431
 61   42.233162   -0.000031    0.000000    0.010789   -0.009005    0.009426
 62   42.352257   -0.000031   -0.000031   -0.070603    0.346106   -0.393273
 63   42.391693   -0.000031    0.000000   -0.058299    0.299834   -0.334033
 64   42.497559    0.000069   -0.000031   -0.019896    0.175016   -0.185829
 65   42.272797    0.000045    0.000007   -0.006142    0.081055   -0.084380
 66   29.239319  -56.044880  -91.389008   -0.165099    0.823283   -0.675026
 67   42.375092    0.000011   -0.000010    0.096416   -0.075622    0.059671
 68   42.546097   -0.000008    0.000034    0.049175   -0.106937    0.102940
 69   42.234436    0.000027   -0.000008    0.030846   -0.007873    0.008606
 70   42.465027   -0.000038    0.000008   -0.009654    0.218007   -0.253287
 71   42.458130    0.000015   -0.000008   -0.031716    0.290329   -0.358216
 72   42.267944   -0.000053    0.000000   -0.076376    0.360277   -0.479684
 73   42.505981    0.000092    0.000000   -0.110482    0.390894   -0.544636
 74   42.233109    0.000031   -0.000015   -0.008472   -0.010437    0.013176
 75   42.352158    0.000031    0.000000   -0.074359   -0.329812    0.436943
 76   42.391785    0.000015   -0.000015   -0.040016   -0.263228    0.339286
 77   42.497559    0.000061    0.000000   -0.012356   -0.153894    0.194912
 78   42.272675    0.000036   -0.000014   -0.000833   -0.068367    0.086080
 79   29.239311 -106.786232    1.740890   -0.000002    0.001949   -0.993179
 80   42.375114   -0.000004   -0.000004   -0.000379   -0.000113    0.195507
 81   42.546066    0.000008    0.000003   -0.000497   -0.000004    0.279844
 82   42.234512   -0.000038   -0.000007    0.000103   -0.000198   -0.059601
 83   42.465057    0.000015   -0.000004    0.000854   -0.000529   -0.594571
 84   42.458069    0.000000   -0.000003    0.000268   -0.000633   -0.374518
 85   42.267914    0.000015   -0.000007    0.000022   -0.000877   -0.477198
 86   42.505951   -0.000061    0.000010   -0.000621   -0.001277   -0.837266
 87   42.233040    0.000000   -0.000012   -0.000225   -0.000065   -0.122703
 88   42.352287    0.000000   -0.000002    0.000719    0.000114    0.390543
 89   42.391724    0.000031   -0.000006    0.001045    0.000638    0.695323
 90   42.497467   -0.000031   -0.000020    0.000202    0.000597    0.335569
 91   42.272522   -0.000001    0.000018   -0.000003    0.000351    0.185199
time 5
  0    0.000000    0.000000    0.000000    0.000000   -0.000000    0.000000
  1    0.000000    0.000000    0.000000    0.000000   -0.000000    0.000000
  2    0.000000    0.000000  -10.977755    0.785390   -1.573515    0.785390
  3   50.309223   -0.435479    0.000004    0.000026   -0.197166    0.014090
  4   30.891548   -0.000011    0.000000    0.000017   -0.176498   -0.014097
  5   34.635605    0.000007    0.000000   -0.000000   -0.231295   -0.000001
  6   30.584297    0.000018    0.000004   -0.000000   -0.475437    0.000001
  7   31.520187    0.000000    0.000008   -0.000000   -0.543079   -0.000001
  8   34.241196  -28.000038  -41.878021    0.980906   -0.453242    0.304043
  9   34.241135   23.441807  -41.878113   -0.980911   -0.453243   -0.304038
 10   35.246704  -52.543098    1.319138   -0.000000   -0.000000    0.560072
 11   35.246544   52.726322    1.318924   -0.000000    0.000000   -0.560069
 12   34.830025  -24.891932   45.588615   -0.978845    0.460289    0.292335
 13   34.885788   27.636591   43.767830    0.978840    0.460288   -0.292334
 14   29.239317  -51.573341   94.292961    0.092213   -0.745719   -0.568472
 15   42.375069   -0.000004   -0.000015   -0.097869    0.034694    0.027743
 16   42.546066    0.000034   -0.000008   -0.051685    0.079517    0.076177
 17   42.234497    0.000008    0.000008   -0.030461    0.028891    0.030996
 18   42.465027   -0.000004    0.000004    0.012495   -0.227916   -0.262959
 19   42.458130   -0.000046    0.000015    0.109494   -0.436537   -0.572971
 20   42.268005    0.000031    0.000000    0.016339   -0.215311   -0.268309
 21   42.505936   -0.000015   -0.000015    0.101027   -0.379376   -0.519117
 22   42.233170   -0.000031   -0.000031    0.042676   -0.232484   -0.299600
 23   42.352287    0.000061    0.000000    0.186324    0.488243    0.710339
 24   42.391739   -0.000031    0.000000    0.061395    0.315808    0.410926
 25   42.497528    0.000015   -0.000015    0.003985    0.103925    0.129167
 26   42.272858    0.000071   -0.000050   -0.000098    0.057274    0.071269
 27   29.239340   55.382626   92.214951    1.512415   -0.603542    0.407312
 28   42.375092    0.000000    0.000004    0.047707    0.038583    0.056602
 29   42.546112    0.000011    0.000015    0.037212    0.022611    0.029622
 30   42.234436    0.000057   -0.000023    0.026464    0.012253    0.014533
 31   42.465057   -0.000023    0.000000    0.050168    0.228018    0.277437
 32   42.458130    0.000027   -0.000008    0.102690    0.353302    0.433320
 33   42.267853   -0.000015    0.000015    0.041050    0.211634    0.234845
 34   42.505966    0.000061    0.000015    0.140739    0.475019    0.569180
 35   42.233063   -0.000031    0.000000    0.011729    0.205107    0.220039
 36   42.352222   -0.000092   -0.000015    0.214550   -0.552957   -0.724390
 37   42.391724    0.000061    0.000015    0.062271   -0.309281   -0.349963
 38   42.497589    0.000046   -0.000019    0.009972   -0.108671   -0.115663
 39   42.272583    0.000135    0.000024    0.004814   -0.061021   -0.064195
 40   29.239349  106.746666    1.740840    0.000002    0.001950    0.986512
 41   42.375076    0.000019   -0.000004    0.000377   -0.000114   -0.194661
 42   42.546112    0.000015    0.000000    0.000495   -0.000005   -0.278453
 43   42.234451   -0.000015   -0.000001   -0.000106   -0.000198    0.061524
 44   42.465073   -0.000053   -0.000006   -0.000854   -0.000529    0.594755
 45   42.458084    0.000000   -0.000002   -0.000268   -0.000631    0.373812
 46   42.267914    0.000015    0.000005   -0.000023   -0.000880    0.478658
 47   42.505905    0.000000    0.000008    0.000621   -0.001276    0.836106
 48   42.233154   -0.000061   -0.000011    0.000222   -0.000064    0.121181
 49   42.352253    0.000000    0.000000   -0.000722    0.000117   -0.392327
 50   42.391693   -0.000031   -0.000001   -0.001041    0.000642   -0.694304
 51   42.497620    0.000000   -0.000013   -0.000199    0.000596   -0.335038
 52   42.272766    0.000023    0.000003    0.000004    0.000352   -0.184935
 53   29.239334   50.706921  -91.389084   -1.275871    0.788044    0.761299
 54   42.375099   -0.000004    0.000003   -0.054712    0.083393   -0.068314
 55   42.546051    0.000019    0.000017   -0.046229    0.113290   -0.106241
 56   42.234543   -0.000042    0.000015   -0.026633    0.031549   -0.016246
 57   42.465042    0.000031   -0.000004   -0.044488   -0.203068    0.240990
 58   42.458099    0.000023    0.000000   -0.079632   -0.301652    0.354423
 59   42.268005   -0.000069   -0.000015   -0.101050   -0.377800    0.438669
 60   42.505981    0.000061   -0.000015   -0.124771   -0.456233    0.533336
 61   42.233215   -0.000061    0.000000    0.010796   -0.007320    0.007672
 62   42.352310   -0.000031    0.000015   -0.071143    0.347325   -0.394856
 63   42.391754    0.000046   -0.000015   -0.057940    0.298857   -0.332829
 64   42.497650    0.000053    0.000000   -0.019823    0.174646   -0.185422
 65   42.272827   -0.000007    0.000004   -0.006109    0.080658   -0.083964
 66   29.239323  -56.044872  -91.389023   -0.168590    0.826229   -0.679772
 67   42.375092    0.000004   -0.000008    0.096302   -0.077546    0.061187
 68   42.546143   -0.000011    0.000038    0.049007   -0.108553    0.104507
 69   42.234497    0.000015   -0.000004    0.030850   -0.007435    0.008140
 70   42.465027   -0.000053    0.000011   -0.009961    0.219158   -0.254700
 71   42.458069    0.000015    0.000008   -0.031694    0.290275   -0.358139
 72   42.268005   -0.000053   -0.000015   -0.076955    0.361319   -0.481329
 73   42.505981    0.000046    0.000015   -0.109540    0.389450   -0.542158
 74   42.233101    0.000000   -0.000031   -0.008494   -0.011929    0.015053
 75   42.352158   -0.000061    0.000015   -0.074849   -0.330802    0.438451
 76   42.391785    0.000031    0.000015   -0.039686   -0.262326    0.338017
 77   42.497589    0.000000    0.000031   -0.012290   -0.153562    0.194480
 78   42.272705    0.000003    0.000038   -0.000802   -0.068020    0.085636
 79   29.239317 -106.786263    1.740901   -0.000002    0.001944   -0.997473
 80   42.375076    0.000015   -0.000005   -0.000384   -0.000109    0.198715
 81   42.546036   -0.000015    0.000003   -0.000500   -0.000002    0.281756
 82   42.234528   -0.000023   -0.000008    0.000107   -0.000198   -0.061859
 83   42.465057   -0.000008   -0.000003    0.000855   -0.000531   -0.595931
 84   42.458069   -0.000008   -0.000003    0.000265   -0.000632   -0.373228
 85   42.267914    0.000000   -0.000009    0.000021   -0.000881   -0.479754
 86   42.505936    0.000000    0.000014   -0.000625   -0.001273   -0.835502
 87   42.233063    0.000000   -0.000012   -0.000220   -0.000063   -0.119990
 88   42.352295    0.000031   -0.000000    0.000725    0.000116    0.394067
 89   42.391708    0.000000   -0.000004    0.001040    0.000641    0.693671
 90   42.497589    0.000031   -0.000022    0.000200    0.000596    0.334563
 91   42.272522   -0.000015    0.000022   -0.000004    0.000350    0.184647
time 6
  0    0.000000    0.000000    0.000000    0.000000   -0.000000    0.000000
  1    0.000000    0.000000    0.000000    0.000000   -0.000000    0.000000
  2    0.000000    0.000000  -10.635559    0.785390   -1.573515    0.785390
  3   50.309212   -0.435479    0.000004    0.000043   -0.196063    0.014087
  4   30.891548   -0.000011    0.000001    0.000017   -0.174973   -0.014097
  5   34.635590    0.000007    0.000004   -0.000000   -0.230770   -0.000001
  6   30.584290    0.000018    0.000000   -0.000000   -0.477280    0.000001
  7   31.520187    0.000000    0.000008   -0.000000   -0.545021   -0.000001
  8   34.241196  -28.000029  -41.878006    0.981309   -0.451695    0.302971
  9   34.241127   23.441803  -41.878098   -0.981314   -0.451696   -0.302966
 10   35.246712  -52.543083    1.319138   -0.000000   -0.000000    0.558233
 11   35.246559   52.726315    1.318924   -0.000000    0.000000   -0.558230
 12   34.830025  -24.891926   45.588608   -0.979257    0.458743    0.291257
 13   34.885780   27.636589   43.767822    0.979252    0.458742   -0.291256
 14   29.239319  -51.573330   94.292946    0.094681   -0.748547   -0.572085
 15   42.375061    0.000000    0.000008   -0.097834    0.036179    0.028900
 16   42.546082    0.000031   -0.000004   -0.051565    0.081130    0.077716
 17   42.234482    0.000008   -0.000004   -0.030472    0.028492    0.030573
 18   42.465027    0.000011    0.000008    0.013062   -0.229943   -0.265445
 19   42.458069   -0.000076    0.000008    0.109115   -0.436014   -0.572083
 20   42.267929    0.000031    0.000000    0.016187   -0.214770   -0.267599
 21   42.505890   -0.000015   -0.000031    0.102001   -0.380968   -0.521766
 22   42.233170    0.000000    0.000000    0.041571   -0.228922   -0.294706
 23   42.352318    0.000031    0.000000    0.187988    0.489941    0.713867
 24   42.391708   -0.000046    0.000000    0.060379    0.313600    0.407665
 25   42.497467    0.000008   -0.000031    0.003940    0.103589    0.128745
 26   42.272797    0.000038   -0.000031   -0.000106    0.057139    0.071099
 27   29.239334   55.382656   92.214973    1.511170   -0.605911    0.409509
 28   42.375046   -0.000004   -0.000004    0.047689    0.038269    0.056129
 29   42.546082    0.000000    0.000000    0.037184    0.021685    0.028373
 30   42.234436    0.000065   -0.000019    0.026462    0.012140    0.014396
 31   42.465012   -0.000038   -0.000004    0.050669    0.229723    0.279648
 32   42.458069    0.000038    0.000008    0.102342    0.352597    0.432315
 33   42.267914    0.000000   -0.000015    0.041028    0.211553    0.234747
 34   42.506058    0.000061    0.000000    0.142048    0.476834    0.572043
 35   42.233124   -0.000031    0.000046    0.010632    0.200224    0.214569
 36   42.352226   -0.000122    0.000046    0.216197   -0.554534   -0.727519
 37   42.391754    0.000107    0.000000    0.061301   -0.306742   -0.346768
 38   42.497711    0.000088   -0.000019    0.009929   -0.108296   -0.115258
 39   42.272614    0.000161   -0.000024    0.004803   -0.060867   -0.064032
 40   29.239349  106.746666    1.740858    0.000002    0.001945    0.990802
 41   42.375069   -0.000011   -0.000001    0.000383   -0.000110   -0.197877
 42   42.546097    0.000023    0.000000    0.000497   -0.000002   -0.280345
 43   42.234436    0.000000   -0.000003   -0.000110   -0.000198    0.063786
 44   42.465073   -0.000008   -0.000006   -0.000855   -0.000531    0.596104
 45   42.458069    0.000000   -0.000004   -0.000265   -0.000630    0.372528
 46   42.267914    0.000000    0.000003   -0.000022   -0.000884    0.481238
 47   42.505920    0.000000    0.000007    0.000625   -0.001271    0.834305
 48   42.233093    0.000000   -0.000011    0.000217   -0.000062    0.118464
 49   42.352242   -0.000031    0.000000   -0.000728    0.000118   -0.395872
 50   42.391663    0.000000    0.000000   -0.001036    0.000645   -0.692633
 51   42.497589    0.000031   -0.000010   -0.000198    0.000595   -0.334027
 52   42.272644    0.000001    0.000003    0.000005    0.000350   -0.184382
 53   29.239334   50.706898  -91.389130   -1.272097    0.790638    0.766206
 54   42.375099   -0.000004   -0.000002   -0.054969    0.084842   -0.070190
 55   42.546097    0.000034    0.000008   -0.046445    0.114691   -0.108012
 56   42.234528   -0.000057   -0.000008   -0.026622    0.031164   -0.015903
 57   42.465027    0.000038   -0.000011   -0.044783   -0.204236    0.242375
 58   42.458069    0.000031   -0.000023   -0.079602   -0.301579    0.354368
 59   42.267944   -0.000069    0.000008   -0.101598   -0.378897    0.440162
 60   42.505966    0.000107    0.000031   -0.123847   -0.454823    0.531239
 61   42.233154   -0.000061   -0.000015    0.010800   -0.005664    0.005950
 62   42.352287    0.000000    0.000031   -0.071672    0.348513   -0.396402
 63   42.391754    0.000031    0.000000   -0.057587    0.297894   -0.331643
 64   42.497559    0.000046    0.000015   -0.019755    0.174284   -0.185026
 65   42.272766    0.000018    0.000026   -0.006075    0.080268   -0.083554
 66   29.239319  -56.044899  -91.389099   -0.172127    0.829176   -0.684568
 67   42.375092    0.000006   -0.000008    0.096184   -0.079488    0.062717
 68   42.546082    0.000008    0.000034    0.048837   -0.110168    0.106074
 69   42.234467    0.000038   -0.000011    0.030853   -0.006996    0.007671
 70   42.465027   -0.000031    0.000011   -0.010267    0.220301   -0.256104
 71   42.458099   -0.000008    0.000015   -0.031672    0.290220   -0.358064
 72   42.267822   -0.000069    0.000000   -0.077530    0.362351   -0.482959
 73   42.505981    0.000061    0.000000   -0.108604    0.388006   -0.539686
 74   42.233116   -0.000061   -0.000046   -0.008519   -0.013404    0.016907
 75   42.352135    0.000000    0.000015   -0.075331   -0.331773    0.439933
 76   42.391815    0.000061   -0.000015   -0.039361   -0.261432    0.336763
 77   42.497528    0.000015    0.000008   -0.012223   -0.153233    0.194051
 78   42.272766    0.000000    0.000014   -0.000773   -0.067675    0.085200
 79   29.239311 -106.786278    1.740884   -0.000002    0.001939   -1.001784
 80   42.375092    0.000015   -0.000003   -0.000389   -0.000105    0.201959
 81   42.546051    0.000008    0.000003   -0.000502    0.000001    0.283641
 82   42.234528   -0.000008   -0.000006    0.000110   -0.000199   -0.064116
 83   42.465073    0.000000   -0.000003    0.000856   -0.000534   -0.597260
 84   42.458084    0.000000   -0.000005    0.000263   -0.000631   -0.371958
 85   42.267944   -0.000015   -0.000005    0.000020   -0.000886   -0.482332
 86   42.505966   -0.000031    0.000014   -0.000629   -0.001268   -0.833687
 87   42.233063   -0.000031   -0.000014   -0.000215   -0.000061   -0.117300
 88   42.352303   -0.000031    0.000000    0.000731    0.000117    0.397583
 89   42.391724   -0.000031   -0.000006    0.001035    0.000644    0.692006
 90   42.497528    0.000046   -0.000018    0.000198    0.000595    0.333560
 91   42.272491   -0.000013    0.000022   -0.000004    0.000349    0.184099
time 7
  0    0.000000    0.000000    0.000000    0.000000   -0.000000    0.000000
  1    0.000000    0.000000    0.000000    0.000000   -0.000000    0.000000
  2    0.000000    0.000000  -10.293363    0.785398   -1.573471    0.785398
  3   50.309212   -0.435479    0.000004    0.000062   -0.194812    0.014083
  4   30.891548   -0.000010    0.000000    0.000017   -0.173244   -0.014097
  5   34.635605    0.000008    0.000000   -0.000000   -0.230175   -0.000001
  6   30.584290    0.000019    0.000000   -0.000000   -0.479370    0.000001
  7   31.520195    0.000002    0.000008   -0.000000   -0.547224   -0.000001
  8   34.241196  -28.000032  -41.878021    0.981765   -0.449940    0.301756
  9   34.241135   23.441807  -41.878098   -0.981770   -0.449941   -0.301751
 10   35.246704  -52.543091    1.319122   -0.000000    0.000000    0.556149
 11   35.246544   52.726318    1.318924   -0.000000    0.000000   -0.556146
 12   34.830025  -24.891924   45.588600   -0.979724    0.456991    0.290035
 13   34.885773   27.636593   43.767815    0.979719    0.456989   -0.290034
 14   29.239317  -51.573303   94.292915    0.097181   -0.751383   -0.575734
 15   42.375092    0.000008    0.000004   -0.097796    0.037682    0.030071
 16   42.546066    0.000034    0.000000   -0.051443    0.082748    0.079261
 17   42.234436    0.000008    0.000008   -0.030483    0.028086    0.030141
 18   42.464981    0.000019    0.000011    0.013635   -0.231974   -0.267935
 19   42.458099   -0.000076    0.000008    0.108726   -0.435475   -0.571171
 20   42.267975    0.000046   -0.000015    0.016037   -0.214241   -0.266903
 21   42.505875   -0.000031    0.000000    0.102974   -0.382547   -0.524402
 22   42.233192    0.000031   -0.000031    0.040484   -0.225351   -0.289816
 23   42.352238    0.000122   -0.000015    0.189628    0.491603    0.717335
 24   42.391678   -0.000031   -0.000015    0.059380    0.311408    0.404435
 25   42.497467    0.000008   -0.000004    0.003896    0.103256    0.128324
 26   42.272705    0.000057   -0.000027   -0.000117    0.057004    0.070932
 27   29.239334   55.382656   92.214981    1.509909   -0.608292    0.411728
 28   42.375061    0.000008    0.000004    0.047670    0.037944    0.055641
 29   42.546112   -0.000015    0.000011    0.037156    0.020750    0.027111
 30   42.234467    0.000072   -0.000011    0.026461    0.012036    0.014271
 31   42.465057   -0.000046    0.000019    0.051175    0.231431    0.281867
 32   42.458038    0.000031   -0.000004    0.101990    0.351879    0.431291
 33   42.267914    0.000000    0.000000    0.041012    0.211487    0.234666
 34   42.505981    0.000107    0.000015    0.143348    0.478625    0.574877
 35   42.233109    0.000000    0.000076    0.009562    0.195330    0.209103
 36   42.352249   -0.000092    0.000000    0.217807   -0.556066   -0.730570
 37   42.391754    0.000092    0.000031    0.060349   -0.304221   -0.343608
 38   42.497650    0.000069    0.000008    0.009885   -0.107924   -0.114860
 39   42.272614    0.000174    0.000018    0.004794   -0.060714   -0.063870
 40   29.239347  106.746643    1.740864    0.000002    0.001940    0.995110
 41   42.375061   -0.000004    0.000003    0.000388   -0.000106   -0.201130
 42   42.546127   -0.000008    0.000003    0.000500    0.000000   -0.282208
 43   42.234436   -0.000015   -0.000001   -0.000114   -0.000199    0.066046
 44   42.465073    0.000000   -0.000004   -0.000856   -0.000533    0.597424
 45   42.458038   -0.000023   -0.000001   -0.000263   -0.000629    0.371260
 46   42.267914    0.000031    0.000003   -0.000021   -0.000889    0.483838
 47   42.505875    0.000031    0.000009    0.000629   -0.001267    0.832454
 48   42.233131   -0.000031   -0.000010    0.000213   -0.000060    0.115773
 49   42.352253    0.000000    0.000003   -0.000734    0.000119   -0.399405
 50   42.391663    0.000000   -0.000002   -0.001032    0.000648   -0.690953
 51   42.497620    0.000046   -0.000008   -0.000196    0.000594   -0.333021
 52   42.272705    0.000005    0.000005    0.000005    0.000349   -0.183831
 53   29.239334   50.706894  -91.389114   -1.268281    0.793230    0.771159
 54   42.375122   -0.000015    0.000004   -0.055232    0.086300   -0.072083
 55   42.546082    0.000023    0.000004   -0.046663    0.116093   -0.109787
 56   42.234543   -0.000038   -0.000019   -0.026611    0.030775   -0.015555
 57   42.465027    0.000019   -0.000008   -0.045078   -0.205393    0.243748
 58   42.458130    0.000023    0.000015   -0.079573   -0.301509    0.354316
 59   42.268005   -0.000069    0.000000   -0.102148   -0.379992    0.441657
 60   42.505981    0.000061    0.000000   -0.122923   -0.453404    0.529134
 61   42.233185   -0.000061    0.000015    0.010801   -0.004019    0.004238
 62   42.352249    0.000031    0.000015   -0.072197    0.349688   -0.397934
 63   42.391724    0.000031    0.000046   -0.057237    0.296935   -0.330462
 64   42.497528    0.000053   -0.000008   -0.019685    0.173921   -0.184629
 65   42.272736    0.000003    0.000019   -0.006044    0.079881   -0.083149
 66   29.239319  -56.044880  -91.389053   -0.175712    0.832125   -0.689416
 67   42.375092   -0.000006   -0.000008    0.096062   -0.081449    0.064263
 68   42.546112   -0.000004    0.000031    0.048664   -0.111788    0.107646
 69   42.234467    0.000034   -0.000023    0.030856   -0.006548    0.007194
 70   42.465012   -0.000031    0.000011   -0.010575    0.221444   -0.257508
 71   42.458099    0.000031   -0.000008   -0.031650    0.290163   -0.357986
 72   42.267914   -0.000084   -0.000008   -0.078107    0.363380   -0.484589
 73   42.505951    0.000076    0.000000   -0.107666    0.386551   -0.537203
 74   42.233124    0.000031    0.000015   -0.008547   -0.014874    0.018757
 75   42.352165   -0.000031    0.000031   -0.075812   -0.332732    0.441400
 76   42.391815    0.000015   -0.000015   -0.039036   -0.260541    0.335513
 77   42.497498    0.000000    0.000000   -0.012158   -0.152906    0.193624
 78   42.272736   -0.000010   -0.000022   -0.000742   -0.067328    0.084762
 79   29.239321 -106.786232    1.740877   -0.000002    0.001934   -1.006114
 80   42.375092   -0.000015   -0.000006   -0.000394   -0.000101    0.205240
 81   42.546051   -0.000023    0.000001   -0.000505    0.000003    0.285496
 82   42.234528   -0.000008   -0.000008    0.000114   -0.000200   -0.066369
 83   42.465088   -0.000015   -0.000006    0.000856   -0.000536   -0.598563
 84   42.458054   -0.000008   -0.000005    0.000260   -0.000630   -0.370702
 85   42.267914    0.000000   -0.000009    0.000019   -0.000890   -0.484912
 86   42.505997    0.000031    0.000010   -0.000633   -0.001264   -0.831830
 87   42.233086    0.000061   -0.000012   -0.000211   -0.000059   -0.114643
 88   42.352291    0.000000   -0.000001    0.000737    0.000118    0.401082
 89   42.391724    0.000061   -0.000006    0.001031    0.000647    0.690335
 90   42.497559    0.000015   -0.000022    0.000196    0.000593    0.332565
 91   42.272522   -0.000012    0.000018   -0.000005    0.000348    0.183555
time 8
  0    0.000000    0.000000    0.000000    0.000000   -0.000000    0.000000
  1    0.000000    0.000000    0.000000    0.000000   -0.000000    0.000000
  2    0.000000    0.000000   -9.951167    0.785390   -1.573515    0.785390
  3   50.309212   -0.435479    0.000004    0.000084   -0.193431    0.014079
  4   30.891541   -0.000011    0.000002    0.000017   -0.171334   -0.014097
  5   34.635597    0.000007    0.000004   -0.000000   -0.229518   -0.000001
  6   30.584297    0.000018   -0.000004   -0.000000   -0.481679    0.000001
  7   31.520187    0.000000    0.000008   -0.000000   -0.549657   -0.000001
  8   34.241203  -28.000034  -41.878006    0.982269   -0.448002    0.300413
  9   34.241127   23.441803  -41.878098   -0.982274   -0.448003   -0.300408
 10   35.246704  -52.543091    1.319138   -0.000000    0.000000    0.553846
 11   35.246544   52.726318    1.318924   -0.000000    0.000000   -0.553843
 12   34.830025  -24.891926   45.588608   -0.980240    0.455055    0.288685
 13   34.885773   27.636589   43.767815    0.980235    0.455053   -0.288684
 14   29.239319  -51.573338   94.292953    0.099713   -0.754225   -0.579419
 15   42.375069   -0.000006   -0.000011   -0.097755    0.039202    0.031253
 16   42.546066    0.000023    0.000023   -0.051318    0.084370    0.080810
 17   42.234467    0.000015   -0.000008   -0.030494    0.027671    0.029701
 18   42.464996    0.000004    0.000011    0.014214   -0.234000   -0.270426
 19   42.458099   -0.000046    0.000008    0.108326   -0.434921   -0.570234
 20   42.267944    0.000031   -0.000015    0.015892   -0.213727   -0.266226
 21   42.505890    0.000000   -0.000031    0.103944   -0.384109   -0.527021
 22   42.233131    0.000061    0.000015    0.039415   -0.221776   -0.284935
 23   42.352306   -0.000061    0.000031    0.191245    0.493228    0.720745
 24   42.391739   -0.000031    0.000000    0.058396    0.309227    0.401232
 25   42.497528    0.000053   -0.000031    0.003852    0.102927    0.127911
 26   42.272858    0.000059   -0.000017   -0.000126    0.056872    0.070765
 27   29.239346   55.382633   92.214958    1.508632   -0.610684    0.413965
 28   42.375076    0.000011   -0.000015    0.047650    0.037612    0.055143
 29   42.546127   -0.000004   -0.000008    0.037130    0.019802    0.025832
 30   42.234451    0.000065   -0.000008    0.026459    0.011946    0.014162
 31   42.464996   -0.000057   -0.000015    0.051688    0.233141    0.284092
 32   42.458099    0.000023   -0.000015    0.101631    0.351146    0.430248
 33   42.267868    0.000015    0.000000    0.040999    0.211435    0.234603
 34   42.506042    0.000092    0.000000    0.144644    0.480399    0.577694
 35   42.233109   -0.000061    0.000076    0.008518    0.190414    0.203631
 36   42.352257   -0.000122    0.000031    0.219392   -0.557564   -0.733567
 37   42.391724    0.000092   -0.000015    0.059410   -0.301710   -0.340467
 38   42.497620    0.000057   -0.000053    0.009842   -0.107554   -0.114461
 39   42.272675    0.000167   -0.000015    0.004785   -0.060562   -0.063710
 40   29.239349  106.746643    1.740851    0.000002    0.001936    0.999441
 41   42.375061   -0.000015   -0.000000    0.000393   -0.000103   -0.204419
 42   42.546097    0.000008   -0.000001    0.000503    0.000002   -0.284045
 43   42.234482    0.000031   -0.000003   -0.000118   -0.000199    0.068303
 44   42.465057    0.000023   -0.000005   -0.000857   -0.000535    0.598714
 45   42.458099    0.000000   -0.000003   -0.000260   -0.000628    0.370010
 46   42.267914    0.000000    0.000005   -0.000020   -0.000893    0.486436
 47   42.505951    0.000031    0.000007    0.000633   -0.001262    0.830565
 48   42.233124   -0.000031   -0.000011    0.000208   -0.000058    0.113119
 49   42.352242    0.000031    0.000002   -0.000740    0.000121   -0.402914
 50   42.391678   -0.000031   -0.000003   -0.001027    0.000651   -0.689268
 51   42.497650    0.000000   -0.000011   -0.000194    0.000592   -0.332022
 52   42.272705   -0.000001    0.000003    0.000006    0.000348   -0.183289
 53   29.239334   50.706898  -91.389084   -1.264421    0.795820    0.776158
 54   42.375092   -0.000015   -0.000007   -0.055499    0.087771   -0.073994
 55   42.546082    0.000027   -0.000008   -0.046885    0.117498   -0.111569
 56   42.234512   -0.000019   -0.000011   -0.026600    0.030379   -0.015197
 57   42.464966    0.000042    0.000008   -0.045374   -0.206548    0.245119
 58   42.458069    0.000069   -0.000008   -0.079543   -0.301438    0.354264
 59   42.267883   -0.000084    0.000031   -0.102699   -0.381085    0.443149
 60   42.505936    0.000122   -0.000061   -0.121995   -0.451972    0.527016
 61   42.233170   -0.000061   -0.000076    0.010800   -0.002384    0.002538
 62   42.352219    0.000000   -0.000015   -0.072719    0.350850   -0.399449
 63   42.391693    0.000015   -0.000015   -0.056889    0.295976   -0.329285
 64   42.497589    0.000076   -0.000015   -0.019616    0.173561   -0.184234
 65   42.272858    0.000060    0.000016   -0.006011    0.079495   -0.082745
 66   29.239326  -56.044880  -91.389030   -0.179345    0.835074   -0.694315
 67   42.375107   -0.000008   -0.000010    0.095935   -0.083431    0.065825
 68   42.546097   -0.000004    0.000011    0.048490   -0.113400    0.109213
 69   42.234451    0.000034   -0.000008    0.030858   -0.006099    0.006715
 70   42.465012   -0.000031   -0.000004   -0.010882    0.222576   -0.258901
 71   42.458160    0.000023   -0.000015   -0.031626    0.290107   -0.357908
 72   42.267853   -0.000076    0.000023   -0.078681    0.364396   -0.486202
 73   42.505920    0.000046    0.000000   -0.106734    0.385096   -0.534727
 74   42.233070    0.000000   -0.000015   -0.008577   -0.016325    0.020581
 75   42.352158    0.000000    0.000015   -0.076279   -0.333665    0.442830
 76   42.391724   -0.000015   -0.000031   -0.038718   -0.259661    0.334278
 77   42.497528    0.000061   -0.000008   -0.012094   -0.152582    0.193204
 78   42.272644   -0.000009    0.000025   -0.000714   -0.066990    0.084336
 79   29.239323 -106.786232    1.740890   -0.000002    0.001929   -1.010465
 80   42.375122    0.000004   -0.000004   -0.000399   -0.000097    0.208556
 81   42.546051    0.000015    0.000003   -0.000507    0.000005    0.287325
 82   42.234512   -0.000038   -0.000008    0.000118   -0.000200   -0.068617
 83   42.465088   -0.000008   -0.000003    0.000857   -0.000538   -0.599835
 84   42.458069    0.000008   -0.000003    0.000258   -0.000629   -0.369467
 85   42.267975   -0.000015   -0.000009    0.000017   -0.000894   -0.487501
 86   42.505905    0.000000    0.000014   -0.000637   -0.001259   -0.829933
 87   42.233063   -0.000061   -0.000012   -0.000206   -0.000057   -0.112015
 88   42.352329   -0.000031   -0.000000    0.000743    0.000120    0.404565
 89   42.391724    0.000000   -0.000004    0.001026    0.000650    0.688656
 90   42.497498    0.000015   -0.000020    0.000194    0.000592    0.331572
 91   42.272552    0.000028    0.000020   -0.000005    0.000347    0.183018
time 9
  0    0.000000    0.000000    0.000000    0.000000   -0.000000    0.000000
  1    0.000000    0.000000    0.000000    0.000000   -0.000000    0.000000
  2    0.000000    0.000000   -9.608973    0.785390   -1.573515    0.785390
  3   50.309219   -0.435479    0.000004    0.000107   -0.191934    0.014075
  4   30.891548   -0.000010    0.000002    0.000017   -0.169265   -0.014097
  5   34.635605    0.000008    0.000000   -0.000000   -0.228807   -0.000001
  6   30.584290    0.000019   -0.000004   -0.000000   -0.484179    0.000001
  7   31.520203    0.000002    0.000008   -0.000000   -0.552293   -0.000001
  8   34.241211  -28.000038  -41.878006    0.982815   -0.445903    0.298959
  9   34.241127   23.441807  -41.878098   -0.982821   -0.445904   -0.298954
 10   35.246696  -52.543098    1.319138   -0.000000   -0.000000    0.551353
 11   35.246544   52.726322    1.318924   -0.000000   -0.000000   -0.551350
 12   34.830017  -24.891930   45.588615   -0.980798    0.452958    0.287223
 13   34.885780   27.636593   43.767822    0.980794    0.452956   -0.287222
 14   29.239323  -51.573338   94.292984    0.102278   -0.757073   -0.583141
 15   42.375069   -0.000004    0.000000   -0.097711    0.040738    0.032449
 16   42.546082    0.000034    0.000015   -0.051190    0.085998    0.082366
 17   42.234436    0.000004    0.000000   -0.030505    0.027245    0.029248
 18   42.464996    0.000023    0.000011    0.014797   -0.236025   -0.272919
 19   42.458130   -0.000061    0.000031    0.107919   -0.434354   -0.569275
 20   42.267960    0.000031    0.000000    0.015752   -0.213224   -0.265566
 21   42.505920    0.000015    0.000000    0.104913   -0.385662   -0.529626
 22   42.233147   -0.000031   -0.000031    0.038364   -0.218189   -0.280052
 23   42.352276    0.000061   -0.000015    0.192841    0.494819    0.724098
 24   42.391693   -0.000015   -0.000031    0.057426    0.307061    0.398057
 25   42.497498    0.000023   -0.000023    0.003810    0.102599    0.127499
 26   42.272797    0.000015   -0.000013   -0.000135    0.056740    0.070600
 27   29.239342   55.382637   92.215004    1.507338   -0.613087    0.416224
 28   42.375069    0.000004    0.000000    0.047631    0.037271    0.054631
 29   42.546112    0.000004   -0.000008    0.037104    0.018843    0.024540
 30   42.234482    0.000065   -0.000008    0.026458    0.011867    0.014068
 31   42.465027   -0.000038   -0.000004    0.052204    0.234853    0.286323
 32   42.458069    0.000027   -0.000011    0.101268    0.350402    0.429189
 33   42.267853    0.000015    0.000031    0.040988    0.211396    0.234554
 34   42.506058    0.000061    0.000031    0.145932    0.482148    0.580483
 35   42.233086   -0.000031   -0.000015    0.007501    0.185489    0.198166
 36   42.352249   -0.000092    0.000000    0.220939   -0.559015   -0.736485
 37   42.391663    0.000046    0.000000    0.058488   -0.299221   -0.337360
 38   42.497681    0.000061    0.000008    0.009800   -0.107188   -0.114067
 39   42.272583    0.000138    0.000004    0.004774   -0.060411   -0.063551
 40   29.239353  106.746689    1.740846    0.000002    0.001931    1.003789
 41   42.375069    0.000000   -0.000003    0.000398   -0.000098   -0.207748
 42   42.546127    0.000000    0.000004    0.000505    0.000005   -0.285849
 43   42.234497    0.000023   -0.000001   -0.000122   -0.000200    0.070557
 44   42.465073   -0.000008   -0.000005   -0.000857   -0.000537    0.599973
 45   42.458099   -0.000023   -0.000001   -0.000258   -0.000627    0.368778
 46   42.267944    0.000000    0.000005   -0.000018   -0.000898    0.489044
 47   42.505920    0.000031    0.000011    0.000637   -0.001257    0.828634
 48   42.233093    0.000000   -0.000011    0.000203   -0.000056    0.110495
 49   42.352234   -0.000031    0.000002   -0.000746    0.000122   -0.406413
 50   42.391632    0.000000    0.000000   -0.001022    0.000653   -0.687576
 51   42.497650    0.000046   -0.000008   -0.000192    0.000591   -0.331027
 52   42.272736    0.000002    0.000004    0.000006    0.000347   -0.182746
 53   29.239338   50.706921  -91.389091   -1.260517    0.798407    0.781203
 54   42.375099   -0.000008   -0.000018   -0.055773    0.089251   -0.075923
 55   42.546036    0.000031    0.000006   -0.047109    0.118903   -0.113353
 56   42.234528   -0.000034    0.000004   -0.026589    0.029980   -0.014837
 57   42.464996    0.000057   -0.000011   -0.045669   -0.207692    0.246481
 58   42.458099    0.000031   -0.000015   -0.079512   -0.301366    0.354207
 59   42.268005   -0.000076   -0.000008   -0.103246   -0.382165    0.444627
 60   42.505951    0.000076   -0.000015   -0.121073   -0.450540    0.524903
 61   42.233215   -0.000061   -0.000031    0.010796   -0.000777    0.000866
 62   42.352264    0.000031   -0.000015   -0.073229    0.351983   -0.400929
 63   42.391754    0.000031   -0.000031   -0.056548    0.295034   -0.328128
 64   42.497620    0.000046   -0.000031   -0.019549    0.173208   -0.183847
 65   42.272766    0.000016    0.000006   -0.005980    0.079116   -0.082349
 66   29.239326  -56.044876  -91.389061   -0.183026    0.838022   -0.699267
 67   42.375107    0.000004   -0.000006    0.095804   -0.085435    0.067407
 68   42.546112    0.000004    0.000004    0.048313   -0.115005    0.110772
 69   42.234436    0.000038    0.000011    0.030860   -0.005650    0.006236
 70   42.465027   -0.000046   -0.000011   -0.011190    0.223704   -0.260289
 71   42.458099    0.000031   -0.000031   -0.031604    0.290051   -0.357830
 72   42.267944   -0.000076   -0.000015   -0.079252    0.365409   -0.487811
 73   42.505997    0.000122    0.000015   -0.105805    0.383635   -0.532246
 74   42.233170    0.000061   -0.000015   -0.008610   -0.017767    0.022397
 75   42.352203    0.000031    0.000000   -0.076742   -0.334586    0.444238
 76   42.391846    0.000000   -0.000031   -0.038404   -0.258786    0.333057
 77   42.497620    0.000008    0.000023   -0.012029   -0.152261    0.192785
 78   42.272766   -0.000029   -0.000002   -0.000686   -0.066653    0.083908
 79   29.239319 -106.786270    1.740896   -0.000002    0.001924   -1.014834
 80   42.375122   -0.000011   -0.000006   -0.000405   -0.000093    0.211912
 81   42.546066    0.000038    0.000001   -0.000510    0.000008    0.289124
 82   42.234528   -0.000023   -0.000008    0.000122   -0.000201   -0.070876
 83   42.465088    0.000008   -0.000005    0.000858   -0.000540   -0.601077
 84   42.458054    0.000008   -0.000005    0.000255   -0.000628   -0.368242
 85   42.267853    0.000031   -0.000009    0.000016   -0.000899   -0.490109
 86   42.505951    0.000000    0.000010   -0.000641   -0.001254   -0.827989
 87   42.233070    0.000031   -0.000012   -0.000201   -0.000055   -0.109407
 88   42.352295   -0.000031    0.000001    0.000749    0.000121    0.408048
 89   42.391724    0.000000   -0.000008    0.001022    0.000652    0.686964
 90   42.497650   -0.000015   -0.000024    0.000192    0.000591    0.330585
 91   42.272522   -0.000008    0.000019   -0.000006    0.000346    0.182479
time 10
  0    0.000000    0.000000    0.000000    0.000000   -0.000000    0.000000
  1    0.000000    0.000000    0.000000    0.000000   -0.000000    0.000000
  2    0.000000    0.000000   -9.266772    0.785375   -1.573493    0.785375
  3   50.309219   -0.435479    0.000004    0.000132   -0.190340    0.014071
  4   30.891541   -0.000011    0.000002    0.000017   -0.167061   -0.014097
  5   34.635597    0.000007   -0.000002   -0.000000   -0.228048   -0.000001
  6   30.584282    0.000018    0.000000   -0.000000   -0.486844    0.000001
  7   31.520195    0.000000    0.000000   -0.000000   -0.555101   -0.000001
  8   34.241196  -28.000032  -41.878036    0.983397   -0.443666    0.297410
  9   34.241127   23.441805  -41.878113   -0.983402   -0.443667   -0.297405
 10   35.246712  -52.543087    1.319122   -0.000000   -0.000000    0.548695
 11   35.246544   52.726322    1.318924   -0.000000   -0.000000   -0.548692
 12   34.830025  -24.891926   45.588593   -0.981394    0.450723    0.285665
 13   34.885780   27.636591   43.767807    0.981389    0.450722   -0.285664
 14   29.239321  -51.573349   94.292976    0.104878   -0.759928   -0.586902
 15   42.375076    0.000008   -0.000011   -0.097666    0.042295    0.033661
 16   42.546112    0.000042    0.000004   -0.051059    0.087628    0.083925
 17   42.234467    0.000023   -0.000008   -0.030517    0.026812    0.028789
 18   42.464951    0.000019    0.000008    0.015386   -0.238046   -0.275411
 19   42.458099   -0.000084    0.000008    0.107502   -0.433773   -0.568296
 20   42.267929    0.000015    0.000000    0.015615   -0.212735   -0.264923
 21   42.505905    0.000000   -0.000015    0.105876   -0.387194   -0.532207
 22   42.233154   -0.000031   -0.000046    0.037334   -0.214606   -0.275191
 23   42.352268    0.000031   -0.000015    0.194405    0.496368    0.727375
 24   42.391678   -0.000015   -0.000031    0.056476    0.304916    0.394926
 25   42.497467    0.000023   -0.000031    0.003768    0.102278    0.127093
 26   42.272858    0.000063   -0.000044   -0.000145    0.056609    0.070439
 27   29.239338   55.382622   92.214966    1.506029   -0.615501    0.418503
 28   42.375061    0.000000   -0.000015    0.047611    0.036921    0.054106
 29   42.546082   -0.000023    0.000008    0.037079    0.017872    0.023231
 30   42.234467    0.000065   -0.000023    0.026458    0.011801    0.013990
 31   42.465012   -0.000034    0.000008    0.052725    0.236567    0.288559
 32   42.458008    0.000046   -0.000019    0.100900    0.349644    0.428112
 33   42.267868    0.000015    0.000000    0.040982    0.211369    0.234519
 34   42.506042    0.000092    0.000046    0.147211    0.483875    0.583244
 35   42.233109    0.000000    0.000076    0.006513    0.180557    0.192708
 36   42.352245   -0.000061    0.000031    0.222451   -0.560425   -0.739329
 37   42.391693    0.000092   -0.000015    0.057584   -0.296750   -0.334287
 38   42.497620    0.000072   -0.000019    0.009758   -0.106825   -0.113676
 39   42.272552    0.000183   -0.000013    0.004764   -0.060261   -0.063393
 40   29.239351  106.746681    1.740840    0.000002    0.001925    1.008156
 41   42.375053    0.000000   -0.000003    0.000403   -0.000094   -0.211113
 42   42.546127    0.000000    0.000001    0.000508    0.000007   -0.287631
 43   42.234482    0.000015   -0.000003   -0.000125   -0.000201    0.072824
 44   42.465073    0.000015   -0.000006   -0.000858   -0.000539    0.601203
 45   42.458099    0.000000   -0.000003   -0.000255   -0.000626    0.367559
 46   42.267914    0.000000    0.000003   -0.000017   -0.000902    0.491666
 47   42.505890    0.000000    0.000007    0.000641   -0.001252    0.826656
 48   42.233131    0.000031   -0.000013    0.000199   -0.000055    0.107893
 49   42.352234    0.000061    0.000002   -0.000752    0.000123   -0.409892
 50   42.391678    0.000031   -0.000003   -0.001017    0.000656   -0.685875
 51   42.497620    0.000000   -0.000010   -0.000190    0.000590   -0.330040
 52   42.272797   -0.000018    0.000003    0.000007    0.000346   -0.182212
 53   29.239336   50.706909  -91.389107   -1.256568    0.800991    0.786296
 54   42.375092   -0.000015    0.000000   -0.056051    0.090741   -0.077870
 55   42.546082    0.000023    0.000008   -0.047336    0.120312   -0.115144
 56   42.234543   -0.000038    0.000000   -0.026578    0.029573   -0.014466
 57   42.465042    0.000038   -0.000008   -0.045965   -0.208835    0.247842
 58   42.458099    0.000038    0.000000   -0.079483   -0.301294    0.354151
 59   42.268005   -0.000053    0.000000   -0.103796   -0.383249    0.446113
 60   42.505905    0.000092   -0.000015   -0.120145   -0.449090    0.522772
 61   42.233154   -0.000031    0.000031    0.010789    0.000834   -0.000809
 62   42.352303    0.000000   -0.000031   -0.073744    0.353116   -0.402412
 63   42.391754    0.000046    0.000015   -0.056207    0.294085   -0.326965
 64   42.497589    0.000053   -0.000038   -0.019479    0.172851   -0.183454
 65   42.272766    0.000007    0.000020   -0.005950    0.078734   -0.081949
 66   29.239323  -56.044868  -91.389015   -0.186757    0.840972   -0.704274
 67   42.375084   -0.000006    0.000015    0.095667   -0.087465    0.069009
 68   42.546097    0.000008    0.000031    0.048134   -0.116601    0.112325
 69   42.234436    0.000023   -0.000023    0.030863   -0.005201    0.005756
 70   42.464981   -0.000031    0.000008   -0.011497    0.224824   -0.261669
 71   42.458130    0.000038   -0.000015   -0.031581    0.289992   -0.357750
 72   42.267914   -0.000092    0.000015   -0.079821    0.366411   -0.489404
 73   42.505981    0.000061    0.000046   -0.104882    0.382176   -0.529774
 74   42.233154    0.000000   -0.000015   -0.008645   -0.019196    0.024195
 75   42.352150   -0.000031    0.000031   -0.077201   -0.335490    0.445628
 76   42.391846   -0.000031   -0.000015   -0.038091   -0.257918    0.331838
 77   42.497498    0.000015    0.000000   -0.011967   -0.151943    0.192371
 78   42.272675   -0.000028    0.000011   -0.000657   -0.066320    0.083484
 79   29.239315 -106.786247    1.740902   -0.000002    0.001919   -1.019223
 80   42.375092    0.000011   -0.000004   -0.000410   -0.000089    0.215301
 81   42.546082   -0.000015    0.000004   -0.000512    0.000010    0.290898
 82   42.234512   -0.000038   -0.000007    0.000126   -0.000201   -0.073113
 83   42.465088   -0.000015   -0.000004    0.000858   -0.000542   -0.602284
 84   42.458054    0.000023   -0.000003    0.000253   -0.000627   -0.367046
 85   42.267883    0.000046   -0.000007    0.000015   -0.000903   -0.492702
 86   42.505920    0.000000    0.000014   -0.000645   -0.001249   -0.826021
 87   42.233109   -0.000031   -0.000014   -0.000197   -0.000054   -0.106848
 88   42.352314   -0.000061   -0.000000    0.000755    0.000122    0.411492
 89   42.391708    0.000000   -0.000006    0.001017    0.000655    0.685275
 90   42.497528   -0.000015   -0.000018    0.000190    0.000589    0.329608
 91   42.272522   -0.000007    0.000020   -0.000006    0.000345    0.181951
time 11
  0    0.000000    0.000000    0.000000    0.000000   -0.000000    0.000000
  1    0.000000    0.000000    0.000000    0.000000   -0.000000    0.000000
  2    0.000000    0.000000   -8.924579    0.785390   -1.573515    0.785390
  3   50.309212   -0.435479    0.000004    0.000159   -0.188664    0.014066
  4   30.891541   -0.000011    0.000001    0.000017   -0.164743   -0.014097
  5   34.635597    0.000007    0.000006   -0.000000   -0.227251   -0.000001
  6   30.584290    0.000018    0.000004   -0.000000   -0.489645    0.000001
  7   31.520187    0.000000    0.000015   -0.000000   -0.558054   -0.000001
  8   34.241203  -28.000032  -41.878006    0.984009   -0.441314    0.295780
  9   34.241127   23.441807  -41.878098   -0.984014   -0.441315   -0.295775
 10   35.246689  -52.543091    1.319138   -0.000000    0.000000    0.545901
 11   35.246544   52.726318    1.318939   -0.000000    0.000000   -0.545898
 12   34.830017  -24.891926   45.588615   -0.982020    0.448374    0.284027
 13   34.885788   27.636589   43.767830    0.982015    0.448372   -0.284026
 14   29.239319  -51.573318   94.292946    0.107510   -0.762788   -0.590700
 15   42.375061    0.000008   -0.000011   -0.097618    0.043866    0.034885
 16   42.546097    0.000046   -0.000004   -0.050925    0.089265    0.085491
 17   42.234451    0.000019   -0.000008   -0.030527    0.026369    0.028318
 18   42.464996    0.000019   -0.000019    0.015980   -0.240068   -0.277909
 19   42.458130   -0.000061    0.000000    0.107076   -0.433177   -0.567291
 20   42.267944    0.000000    0.000000    0.015481   -0.212256   -0.264295
 21   42.505951   -0.000031   -0.000046    0.106837   -0.388713   -0.534772
 22   42.233192   -0.000031   -0.000031    0.036322   -0.211017   -0.270334
 23   42.352295    0.000061    0.000000    0.195941    0.497878    0.730587
 24   42.391693   -0.000092   -0.000015    0.055542    0.302788    0.391826
 25   42.497528    0.000015    0.000011    0.003727    0.101960    0.126694
 26   42.272888    0.000038   -0.000044   -0.000154    0.056481    0.070278
 27   29.239342   55.382656   92.214973    1.504703   -0.617928    0.420803
 28   42.375076    0.000004    0.000004    0.047590    0.036562    0.053566
 29   42.546082   -0.000015    0.000008    0.037056    0.016892    0.021909
 30   42.234451    0.000065    0.000004    0.026456    0.011743    0.013922
 31   42.465027   -0.000046    0.000004    0.053252    0.238279    0.290795
 32   42.458038    0.000038   -0.000004    0.100527    0.348877    0.427021
 33   42.267914    0.000015    0.000015    0.040979    0.211357    0.234503
 34   42.506027    0.000092    0.000015    0.148484    0.485579    0.585981
 35   42.233047   -0.000061    0.000015    0.005552    0.175617    0.187256
 36   42.352230   -0.000122    0.000061    0.223924   -0.561791   -0.742097
 37   42.391693    0.000107    0.000061    0.056697   -0.294301   -0.331249
 38   42.497589    0.000065   -0.000038    0.009717   -0.106465   -0.113287
 39   42.272644    0.000154   -0.000010    0.004755   -0.060113   -0.063235
 40   29.239349  106.746666    1.740857    0.000002    0.001920    1.012543
 41   42.375092   -0.000011   -0.000001    0.000409   -0.000090   -0.214513
 42   42.546112   -0.000008    0.000000    0.000510    0.000009   -0.289383
 43   42.234451    0.000008   -0.000003   -0.000129   -0.000201    0.075073
 44   42.465073    0.000008   -0.000006   -0.000859   -0.000542    0.602403
 45   42.458038   -0.000023   -0.000004   -0.000253   -0.000625    0.366362
 46   42.267883   -0.000015    0.000003   -0.000016   -0.000906    0.494291
 47   42.505966   -0.000061    0.000005    0.000645   -0.001247    0.824644
 48   42.233131    0.000000   -0.000011    0.000194   -0.000053    0.105323
 49   42.352249    0.000031    0.000004   -0.000758    0.000125   -0.413368
 50   42.391693   -0.000031   -0.000003   -0.001013    0.000659   -0.684166
 51   42.497650    0.000000   -0.000010   -0.000188    0.000589   -0.329054
 52   42.272644   -0.000026    0.000003    0.000007    0.000345   -0.181678
 53   29.239334   50.706909  -91.389130   -1.252573    0.803572    0.791436
 54   42.375099    0.000000   -0.000010   -0.056335    0.092243   -0.079838
 55   42.546112    0.000023    0.000032   -0.047565    0.121721   -0.116937
 56   42.234558   -0.000027    0.000000   -0.026568    0.029160   -0.014090
 57   42.464981    0.000053    0.000000   -0.046262   -0.209975    0.249202
 58   42.458069    0.000046   -0.000008   -0.079451   -0.301218    0.354090
 59   42.267944   -0.000069   -0.000015   -0.104347   -0.384327    0.447594
 60   42.505936    0.000092   -0.000031   -0.119219   -0.447635    0.520637
 61   42.233162   -0.000031    0.000000    0.010780    0.002429   -0.002468
 62   42.352257    0.000000   -0.000015   -0.074248    0.354225   -0.403866
 63   42.391785    0.000046    0.000000   -0.055868    0.293142   -0.325809
 64   42.497559    0.000053    0.000008   -0.019414    0.172498   -0.183072
 65   42.272705    0.000035    0.000023   -0.005919    0.078360   -0.081556
 66   29.239326  -56.044899  -91.389099   -0.190538    0.843920   -0.709332
 67   42.375114    0.000002   -0.000008    0.095528   -0.089516    0.070628
 68   42.546112    0.000000    0.000019    0.047954   -0.118192    0.113872
 69   42.234467    0.000034   -0.000038    0.030865   -0.004745    0.005271
 70   42.465027   -0.000038    0.000008   -0.011804    0.225938   -0.263044
 71   42.458130    0.000038    0.000015   -0.031557    0.289933   -0.357667
 72   42.267914   -0.000053   -0.000008   -0.080389    0.367407   -0.490991
 73   42.505981    0.000031    0.000015   -0.103960    0.380708   -0.527296
 74   42.233154    0.000031   -0.000031   -0.008682   -0.020614    0.025979
 75   42.352196    0.000031    0.000031   -0.077648   -0.336374    0.446984
 76   42.391754   -0.000015    0.000000   -0.037785   -0.257060    0.330640
 77   42.497528    0.000000    0.000023   -0.011905   -0.151627    0.191960
 78   42.272736   -0.000002    0.000027   -0.000629   -0.065987    0.083068
 79   29.239319 -106.786278    1.740884   -0.000002    0.001914   -1.023632
 80   42.375107    0.000004   -0.000004   -0.000415   -0.000084    0.218726
 81   42.546036    0.000008    0.000003   -0.000515    0.000012    0.292646
 82   42.234512   -0.000008   -0.000007    0.000130   -0.000202   -0.075362
 83   42.465088    0.000031   -0.000002    0.000859   -0.000544   -0.603469
 84   42.458054    0.000008   -0.000005    0.000251   -0.000626   -0.365856
 85   42.267914    0.000000   -0.000009    0.000013   -0.000908   -0.495319
 86   42.506012    0.000000    0.000014   -0.000649   -0.001244   -0.824004
 87   42.233109    0.000031   -0.000014   -0.000192   -0.000052   -0.104300
 88   42.352337    0.000031   -0.000000    0.000761    0.000124    0.414933
 89   42.391693    0.000000   -0.000006    0.001012    0.000658    0.683574
 90   42.497528    0.000000   -0.000020    0.000188    0.000588    0.328630
 91   42.272461    0.000005    0.000020   -0.000007    0.000344    0.181423
time 12
  0    0.000000    0.000000    0.000000    0.000000   -0.000000    0.000000
  1    0.000000    0.000000    0.000000    0.000000   -0.000000    0.000000
  2    0.000000    0.000000   -8.582384    0.785390   -1.573515    0.785390
  3   50.309219   -0.435479    0.000004    0.000186   -0.186922    0.014061
  4   30.891552   -0.000011    0.000000    0.000017   -0.162334   -0.014097
  5   34.635597    0.000007    0.000000   -0.000000   -0.226422   -0.000001
  6   30.584282    0.000018    0.000008   -0.000000   -0.492556    0.000001
  7   31.520203    0.000000   -0.000008   -0.000000   -0.561122   -0.000001
  8   34.241203  -28.000036  -41.878021    0.984645   -0.438870    0.294088
  9   34.241135   23.441809  -41.878098   -0.984650   -0.438871   -0.294082
 10   35.246712  -52.543098    1.319138   -0.000000    0.000000    0.542997
 11   35.246559   52.726318    1.318924   -0.000000   -0.000000   -0.542994
 12   34.830017  -24.891930   45.588608   -0.982670    0.445932    0.282325
 13   34.885773   27.636591   43.767830    0.982666    0.445931   -0.282324
 14   29.239319  -51.573330   94.292931    0.110177   -0.765655   -0.594535
 15   42.375084    0.000010   -0.000015   -0.097568    0.045454    0.036122
 16   42.546082    0.000034   -0.000008   -0.050789    0.090905    0.087060
 17   42.234436    0.000015   -0.000008   -0.030539    0.025921    0.027843
 18   42.464951    0.000011    0.000011    0.016578   -0.242083   -0.280403
 19   42.458099   -0.000069    0.000000    0.106643   -0.432569   -0.566267
 20   42.267899    0.000000   -0.000031    0.015352   -0.211791   -0.263686
 21   42.505890   -0.000031    0.000000    0.107792   -0.390214   -0.537311
 22   42.233177    0.000061   -0.000046    0.035333   -0.207435   -0.265500
 23   42.352272    0.000031    0.000000    0.197454    0.499354    0.733739
 24   42.391693   -0.000015    0.000015    0.054625    0.300679    0.388762
 25   42.497498    0.000015    0.000011    0.003686    0.101645    0.126297
 26   42.272827    0.000027   -0.000025   -0.000161    0.056353    0.070116
 27   29.239338   55.382641   92.214943    1.503360   -0.620364    0.423123
 28   42.375061    0.000015   -0.000015    0.047570    0.036196    0.053017
 29   42.546082   -0.000023   -0.000004    0.037033    0.015900    0.020571
 30   42.234482    0.000072   -0.000011    0.026455    0.011697    0.013870
 31   42.465012   -0.000042    0.000015    0.053781    0.239988    0.293031
 32   42.458130    0.000046   -0.000008    0.100150    0.348096    0.425917
 33   42.267899    0.000000    0.000000    0.040978    0.211360    0.234501
 34   42.506104    0.000092    0.000031    0.149743    0.487254    0.588680
 35   42.233109   -0.000061    0.000046    0.004621    0.170683    0.181827
 36   42.352230   -0.000153    0.000000    0.225358   -0.563110   -0.744783
 37   42.391693    0.000031   -0.000015    0.055829   -0.291879   -0.328250
 38   42.497650    0.000069   -0.000008    0.009676   -0.106110   -0.112905
 39   42.272675    0.000134   -0.000058    0.004746   -0.059964   -0.063079
 40   29.239349  106.746689    1.740839    0.000002    0.001915    1.016949
 41   42.375061    0.000000   -0.000004    0.000414   -0.000086   -0.217952
 42   42.546127   -0.000008    0.000001    0.000512    0.000011   -0.291108
 43   42.234451    0.000015   -0.000003   -0.000133   -0.000202    0.077329
 44   42.465057    0.000015   -0.000006   -0.000859   -0.000544    0.603575
 45   42.458069   -0.000031   -0.000003   -0.000251   -0.000624    0.365178
 46   42.267944    0.000000    0.000003   -0.000014   -0.000911    0.496927
 47   42.505920   -0.000031    0.000008    0.000649   -0.001242    0.822590
 48   42.233101    0.000031   -0.000011    0.000189   -0.000051    0.102777
 49   42.352226    0.000031    0.000004   -0.000764    0.000126   -0.416818
 50   42.391632    0.000000   -0.000003   -0.001008    0.000661   -0.682452
 51   42.497650   -0.000015   -0.000010   -0.000186    0.000587   -0.328078
 52   42.272736   -0.000023    0.000001    0.000007    0.000344   -0.181150
 53   29.239338   50.706928  -91.389114   -1.248533    0.806152    0.796625
 54   42.375122   -0.000008   -0.000006   -0.056625    0.093754   -0.081822
 55   42.546051    0.000031    0.000010   -0.047798    0.123130   -0.118734
 56   42.234528   -0.000011   -0.000004   -0.026557    0.028749   -0.013714
 57   42.464981    0.000034    0.000015   -0.046557   -0.211095    0.250542
 58   42.458099    0.000046    0.000008   -0.079421   -0.301146    0.354033
 59   42.268005   -0.000076   -0.000015   -0.104889   -0.385385    0.449047
 60   42.505905    0.000122   -0.000015   -0.118303   -0.446191    0.518520
 61   42.233139   -0.000031   -0.000031    0.010768    0.003992   -0.004094
 62   42.352295    0.000031   -0.000031   -0.074743    0.355310   -0.405286
 63   42.391724    0.000031    0.000000   -0.055538    0.292218   -0.324679
 64   42.497528    0.000076    0.000000   -0.019348    0.172152   -0.182690
 65   42.272675    0.000046   -0.000005   -0.005888    0.077990   -0.081168
 66   29.239323  -56.044853  -91.389053   -0.194369    0.846867   -0.714445
 67   42.375114    0.000004    0.000017    0.095381   -0.091590    0.072267
 68   42.546112    0.000000    0.000027    0.047773   -0.119771    0.115409
 69   42.234467    0.000027   -0.000046    0.030867   -0.004295    0.004791
 70   42.465027   -0.000031    0.000008   -0.012112    0.227048   -0.264413
 71   42.458069    0.000031   -0.000015   -0.031534    0.289876   -0.357589
 72   42.267914   -0.000076   -0.000031   -0.080957    0.368398   -0.492575
 73   42.506012    0.000061    0.000000   -0.103041    0.379237   -0.524818
 74   42.233109    0.000031   -0.000015   -0.008721   -0.022030    0.027759
 75   42.352142    0.000000    0.000015   -0.078093   -0.337246    0.448329
 76   42.391785   -0.000031   -0.000015   -0.037480   -0.256200    0.329439
 77   42.497528    0.000023    0.000000   -0.011842   -0.151313    0.191550
 78   42.272675    0.000015    0.000010   -0.000602   -0.065661    0.082651
 79   29.239315 -106.786270    1.740902   -0.000002    0.001908   -1.028060
 80   42.375084    0.000000   -0.000004   -0.000421   -0.000080    0.222192
 81   42.546051    0.000008    0.000003   -0.000517    0.000014    0.294363
 82   42.234497    0.000000   -0.000007    0.000133   -0.000203   -0.077607
 83   42.465057   -0.000015   -0.000003    0.000859   -0.000546   -0.604620
 84   42.458054    0.000015   -0.000003    0.000248   -0.000625   -0.364687
 85   42.267914    0.000015   -0.000005    0.000012   -0.000912   -0.497940
 86   42.505951    0.000000    0.000014   -0.000653   -0.001239   -0.821948
 87   42.233055    0.000000   -0.000012   -0.000188   -0.000050   -0.101787
 88   42.352314    0.000000    0.000002    0.000767    0.000125    0.418346
 89   42.391754    0.000000   -0.000004    0.001007    0.000660    0.681872
 90   42.497559    0.000000   -0.000022    0.000187    0.000587    0.327665
 91   42.272491   -0.000003    0.000020   -0.000007    0.000343    0.180903
time 13
  0    0.000000    0.000000    0.000000    0.000000   -0.000000    0.000000
  1    0.000000    0.000000    0.000000    0.000000   -0.000000    0.000000
  2    0.000000    0.000000   -8.240186    0.785383   -1.573515    0.785383
  3   50.309219   -0.435479    0.000004    0.000214   -0.185131    0.014056
  4   30.891544   -0.000010    0.000000    0.000017   -0.159858   -0.014097
  5   34.635605    0.000008   -0.000006   -0.000000   -0.225570   -0.000001
  6   30.584282    0.000019   -0.000004   -0.000000   -0.495550    0.000001
  7   31.520195    0.000002   -0.000008   -0.000000   -0.564277   -0.000001
  8   34.241192  -28.000032  -41.877991    0.985299   -0.436358    0.292347
  9   34.241131   23.441807  -41.878098   -0.985304   -0.436358   -0.292342
 10   35.246693  -52.543091    1.319153   -0.000000    0.000000    0.540012
 11   35.246548   52.726318    1.318939   -0.000000    0.000000   -0.540009
 12   34.830021  -24.891926   45.588623   -0.983339    0.443422    0.280575
 13   34.885777   27.636591   43.767838    0.983335    0.443421   -0.280574
 14   29.239323  -51.573341   94.292976    0.112880   -0.768527   -0.598412
 15   42.375069    0.000015    0.000000   -0.097515    0.047062    0.037374
 16   42.546082    0.000046    0.000004   -0.050649    0.092550    0.088634
 17   42.234497    0.000015    0.000015   -0.030550    0.025461    0.027357
 18   42.464996    0.000031    0.000008    0.017182   -0.244093   -0.282895
 19   42.458099   -0.000076    0.000008    0.106202   -0.431947   -0.565224
 20   42.267929    0.000015    0.000000    0.015226   -0.211340   -0.263092
 21   42.505905   -0.000061   -0.000015    0.108744   -0.391697   -0.539830
 22   42.233170    0.000000   -0.000061    0.034362   -0.203852   -0.260678
 23   42.352295    0.000000   -0.000015    0.198937    0.500794    0.736825
 24   42.391815   -0.000061   -0.000015    0.053725    0.298587    0.385731
 25   42.497528   -0.000008   -0.000008    0.003646    0.101334    0.125904
 26   42.272736    0.000029   -0.000025   -0.000172    0.056226    0.069961
 27   29.239340   55.382652   92.214981    1.502000   -0.622812    0.425466
 28   42.375061    0.000015   -0.000004    0.047549    0.035820    0.052452
 29   42.546112    0.000004   -0.000004    0.037011    0.014896    0.019220
 30   42.234482    0.000069   -0.000015    0.026455    0.011666    0.013834
 31   42.465027   -0.000050    0.000004    0.054314    0.241694    0.295268
 32   42.458099    0.000004    0.000008    0.099770    0.347307    0.424798
 33   42.267883    0.000031    0.000000    0.040981    0.211373    0.234515
 34   42.505997    0.000107    0.000015    0.150993    0.488908    0.591353
 35   42.233109   -0.000031    0.000046    0.003718    0.165744    0.176407
 36   42.352207   -0.000153    0.000046    0.226755   -0.564388   -0.747396
 37   42.391724    0.000061    0.000015    0.054979   -0.289478   -0.325285
 38   42.497681    0.000053   -0.000008    0.009635   -0.105757   -0.112526
 39   42.272614    0.000129   -0.000021    0.004737   -0.059819   -0.062925
 40   29.239353  106.746666    1.740846    0.000002    0.001910    1.021376
 41   42.375069   -0.000011   -0.000002    0.000419   -0.000081   -0.221424
 42   42.546112    0.000000    0.000003    0.000515    0.000014   -0.292806
 43   42.234467    0.000000    0.000001   -0.000137   -0.000202    0.079575
 44   42.465073   -0.000015   -0.000005   -0.000860   -0.000546    0.604713
 45   42.458054    0.000000    0.000000   -0.000248   -0.000623    0.364016
 46   42.267914    0.000031    0.000004   -0.000013   -0.000915    0.499550
 47   42.505875    0.000092    0.000011    0.000653   -0.001237    0.820511
 48   42.233116    0.000000   -0.000010    0.000185   -0.000050    0.100274
 49   42.352257    0.000031    0.000005   -0.000770    0.000127   -0.420230
 50   42.391708    0.000031   -0.000002   -0.001003    0.000664   -0.680743
 51   42.497528    0.000000   -0.000008   -0.000184    0.000586   -0.327111
 52   42.272705   -0.000011    0.000003    0.000008    0.000343   -0.180631
 53   29.239334   50.706913  -91.389084   -1.244447    0.808726    0.801862
 54   42.375084   -0.000019   -0.000006   -0.056920    0.095276   -0.083824
 55   42.546051    0.000038   -0.000008   -0.048033    0.124542   -0.120536
 56   42.234558   -0.000042   -0.000019   -0.026547    0.028329   -0.013327
 57   42.465012    0.000046   -0.000004   -0.046853   -0.212220    0.251887
 58   42.458069    0.000046    0.000023   -0.079390   -0.301073    0.353975
 59   42.267914   -0.000099    0.000008   -0.105436   -0.386448    0.450512
 60   42.505951    0.000092    0.000015   -0.117380   -0.444723    0.516379
 61   42.233162   -0.000061   -0.000015    0.010754    0.005554   -0.005719
 62   42.352234   -0.000061    0.000000   -0.075235    0.356380   -0.406695
 63   42.391724    0.000046   -0.000046   -0.055209    0.291293   -0.323547
 64   42.497559    0.000023    0.000000   -0.019282    0.171806   -0.182312
 65   42.272675    0.000008    0.000022   -0.005859    0.077623   -0.080783
 66   29.239321  -56.044876  -91.389038   -0.198252    0.849814   -0.719613
 67   42.375092   -0.000004    0.000002    0.095230   -0.093689    0.073925
 68   42.546127   -0.000008    0.000034    0.047591   -0.121341    0.116938
 69   42.234482    0.000042   -0.000008    0.030868   -0.003844    0.004310
 70   42.465027   -0.000046   -0.000019   -0.012419    0.228148   -0.265773
 71   42.458160    0.000038    0.000000   -0.031511    0.289819   -0.357510
 72   42.267944   -0.000046   -0.000008   -0.081522    0.369379   -0.494142
 73   42.505951    0.000031    0.000000   -0.102128    0.377766   -0.522346
 74   42.233109    0.000031    0.000000   -0.008763   -0.023426    0.029517
 75   42.352173   -0.000031    0.000015   -0.078528   -0.338098    0.449637
 76   42.391785   -0.000015   -0.000015   -0.037180   -0.255354    0.328258
 77   42.497528    0.000069    0.000015   -0.011781   -0.151002    0.191145
 78   42.272644    0.000022    0.000023   -0.000575   -0.065337    0.082242
 79   29.239317 -106.786255    1.740895   -0.000002    0.001903   -1.032506
 80   42.375092   -0.000008   -0.000007   -0.000426   -0.000075    0.225691
 81   42.546036    0.000008    0.000003   -0.000519    0.000017    0.296058
 82   42.234512    0.000008   -0.000009    0.000137   -0.000203   -0.079854
 83   42.465088    0.000008   -0.000006    0.000860   -0.000548   -0.605747
 84   42.458038   -0.000008   -0.000003    0.000246   -0.000624   -0.363534
 85   42.267853    0.000015   -0.000009    0.000011   -0.000917   -0.500562
 86   42.505981   -0.000031    0.000012   -0.000657   -0.001234   -0.819859
 87   42.233093    0.000000   -0.000010   -0.000183   -0.000049   -0.099293
 88   42.352318    0.000031   -0.000000    0.000772    0.000126    0.421761
 89   42.391754   -0.000031   -0.000008    0.001003    0.000663    0.680155
 90   42.497559   -0.000031   -0.000021    0.000185    0.000586    0.326699
 91   42.272552   -0.000018    0.000015   -0.000007    0.000342    0.180383
time 14
  0    0.000000    0.000000    0.000000    0.000000   -0.000000    0.000000
  1    0.000000    0.000000    0.000000    0.000000   -0.000000    0.000000
  2    0.000000    0.000000   -7.897989    0.785398   -1.573471    0.785398
  3   50.309216   -0.435479    0.000004    0.000243   -0.183307    0.014051
  4   30.891552   -0.000010    0.000000    0.000017   -0.157336   -0.014097
  5   34.635605    0.000008   -0.000002   -0.000000   -0.224702   -0.000001
  6   30.584305    0.000019   -0.000004   -0.000000   -0.498598    0.000001
  7   31.520195    0.000002   -0.000015   -0.000000   -0.567489   -0.000001
  8   34.241199  -28.000031  -41.878021    0.985964   -0.433799    0.290575
  9   34.241123   23.441805  -41.878128   -0.985970   -0.433800   -0.290570
 10   35.246700  -52.543083    1.319122   -0.000000   -0.000000    0.536972
 11   35.246555   52.726326    1.318909   -0.000000   -0.000000   -0.536969
 12   34.830029  -24.891924   45.588600   -0.984020    0.440866    0.278793
 13   34.885784   27.636593   43.767807    0.984016    0.440865   -0.278792
 14   29.239313  -51.573303   94.292938    0.115618   -0.771404   -0.602327
 15   42.375061   -0.000010   -0.000011   -0.097460    0.048686    0.038640
 16   42.546082    0.000023    0.000015   -0.050505    0.094197    0.090212
 17   42.234497    0.000004    0.000011   -0.030561    0.024997    0.026863
 18   42.464996    0.000027   -0.000004    0.017789   -0.246102   -0.285389
 19   42.458130   -0.000069    0.000015    0.105754   -0.431314   -0.564161
 20   42.268005    0.000061   -0.000015    0.015104   -0.210899   -0.262514
 21   42.505920    0.000046    0.000015    0.109691   -0.393167   -0.542331
 22   42.233177    0.000031    0.000000    0.033410   -0.200264   -0.255865
 23   42.352264    0.000061   -0.000031    0.200394    0.502196    0.739846
 24   42.391693   -0.000015    0.000015    0.052841    0.296513    0.382734
 25   42.497467    0.000038    0.000004    0.003607    0.101027    0.125517
 26   42.272766    0.000067   -0.000035   -0.000181    0.056102    0.069806
 27   29.239338   55.382656   92.214981    1.500624   -0.625271    0.427829
 28   42.375076    0.000000    0.000004    0.047528    0.035435    0.051875
 29   42.546097   -0.000004   -0.000004    0.036991    0.013883    0.017854
 30   42.234467    0.000069   -0.000023    0.026455    0.011646    0.013812
 31   42.465027   -0.000046   -0.000015    0.054854    0.243408    0.297519
 32   42.458069    0.000034   -0.000031    0.099383    0.346503    0.423660
 33   42.267853    0.000000   -0.000015    0.040986    0.211400    0.234542
 34   42.506058    0.000061   -0.000015    0.152240    0.490543    0.594010
 35   42.233063   -0.000061    0.000031    0.002838    0.160771    0.170962
 36   42.352257   -0.000061    0.000046    0.228127   -0.565637   -0.749954
 37   42.391724    0.000061    0.000000    0.054136   -0.287079   -0.322331
 38   42.497711    0.000065    0.000004    0.009596   -0.105405   -0.112146
 39   42.272705    0.000143   -0.000027    0.004728   -0.059673   -0.062771
 40   29.239349  106.746643    1.740863    0.000002    0.001904    1.025820
 41   42.375038    0.000000    0.000003    0.000425   -0.000077   -0.224935
 42   42.546097    0.000000    0.000003    0.000517    0.000016   -0.294478
 43   42.234467   -0.000023   -0.000002   -0.000141   -0.000203    0.081828
 44   42.465042   -0.000031   -0.000004   -0.000860   -0.000548    0.605830
 45   42.458054    0.000000   -0.000001   -0.000246   -0.000622    0.362865
 46   42.267883    0.000015    0.000006   -0.000012   -0.000920    0.502195
 47   42.505890    0.000000    0.000009    0.000657   -0.001232    0.818383
 48   42.233109    0.000000   -0.000010    0.000180   -0.000048    0.097784
 49   42.352242    0.000061    0.000003   -0.000776    0.000129   -0.423650
 50   42.391663    0.000031    0.000000   -0.000998    0.000666   -0.679017
 51   42.497559    0.000031   -0.000006   -0.000183    0.000585   -0.326144
 52   42.272675    0.000004    0.000005    0.000008    0.000342   -0.180111
 53   29.239332   50.706894  -91.389091   -1.240314    0.811298    0.807147
 54   42.375092   -0.000023   -0.000009   -0.057222    0.096808   -0.085847
 55   42.546082    0.000034    0.000011   -0.048271    0.125956   -0.122342
 56   42.234558   -0.000042    0.000008   -0.026536    0.027904   -0.012934
 57   42.464996    0.000053    0.000000   -0.047150   -0.213338    0.253226
 58   42.458130    0.000015   -0.000008   -0.079359   -0.300997    0.353914
 59   42.267944   -0.000107    0.000046   -0.105983   -0.387506    0.451970
 60   42.505920    0.000076   -0.000031   -0.116460   -0.443253    0.514239
 61   42.233162   -0.000061    0.000015    0.010736    0.007105   -0.007333
 62   42.352287    0.000061   -0.000015   -0.075722    0.357437   -0.408084
 63   42.391754    0.000076   -0.000031   -0.054883    0.290372   -0.322422
 64   42.497620    0.000053    0.000000   -0.019217    0.171463   -0.181937
 65   42.272766    0.000004    0.000031   -0.005830    0.077257   -0.080401
 66   29.239321  -56.044880  -91.389030   -0.202187    0.852758   -0.724837
 67   42.375099    0.000000    0.000008    0.095073   -0.095809    0.075602
 68   42.546127    0.000000    0.000027    0.047406   -0.122903    0.118460
 69   42.234436    0.000023   -0.000019    0.030870   -0.003393    0.003830
 70   42.464996   -0.000008    0.000031   -0.012727    0.229243   -0.267127
 71   42.458099    0.000008    0.000008   -0.031487    0.289761   -0.357431
 72   42.267944   -0.000069   -0.000008   -0.082083    0.370352   -0.495701
 73   42.505981    0.000061    0.000046   -0.101220    0.376293   -0.519878
 74   42.233124    0.000000   -0.000015   -0.008807   -0.024810    0.031260
 75   42.352150    0.000000    0.000015   -0.078956   -0.338932    0.450925
 76   42.391754    0.000015    0.000031   -0.036884   -0.254517    0.327092
 77   42.497528    0.000008    0.000031   -0.011721   -0.150694    0.190745
 78   42.272675   -0.000001    0.000010   -0.000548   -0.065014    0.081835
 79   29.239317 -106.786232    1.740877   -0.000002    0.001898   -1.036972
 80   42.375069    0.000008   -0.000006   -0.000431   -0.000071    0.229223
 81   42.546051   -0.000008    0.000001   -0.000522    0.000019    0.297723
 82   42.234528   -0.000015   -0.000008    0.000141   -0.000204   -0.082089
 83   42.465088    0.000000   -0.000005    0.000860   -0.000550   -0.606840
 84   42.458038    0.000031   -0.000005    0.000244   -0.000623   -0.362401
 85   42.267944    0.000031   -0.000009    0.000010   -0.000921   -0.503185
 86   42.505951    0.000000    0.000012   -0.000660   -0.001229   -0.817739
 87   42.233101    0.000031   -0.000014   -0.000179   -0.000047   -0.096837
 88   42.352345   -0.000031   -0.000000    0.000778    0.000128    0.425146
 89   42.391754    0.000000   -0.000008    0.000998    0.000665    0.678442
 90   42.497559   -0.000015   -0.000020    0.000183    0.000584    0.325743
 91   42.272461    0.000008    0.000018   -0.000008    0.000341    0.179870
time 15
  0    0.000000    0.000000    0.000000    0.000000   -0.000000    0.000000
  1    0.000000    0.000000    0.000000    0.000000   -0.000000    0.000000
  2    0.000000    0.000000   -7.555793    0.785390   -1.573515    0.785390
  3   50.309212   -0.435479    0.000004    0.000271   -0.181467    0.014046
  4   30.891537   -0.000011    0.000001    0.000017   -0.154791   -0.014097
  5   34.635590    0.000007    0.000002   -0.000000   -0.223827   -0.000001
  6   30.584290    0.000018    0.000008   -0.000000   -0.501673    0.000001
  7   31.520187    0.000000    0.000015   -0.000000   -0.570730   -0.000001
  8   34.241196  -28.000031  -41.878006    0.986636   -0.431217    0.288786
  9   34.241127   23.441801  -41.878082   -0.986641   -0.431218   -0.288781
 10   35.246696  -52.543079    1.319153   -0.000000    0.000000    0.533905
 11   35.246536   52.726318    1.318924   -0.000000    0.000000   -0.533902
 12   34.830009  -24.891922   45.588623   -0.984708    0.438287    0.276995
 13   34.885780   27.636589   43.767830    0.984703    0.438286   -0.276994
 14   29.239313  -51.573330   94.292969    0.118392   -0.774287   -0.606281
 15   42.375084    0.000000    0.000000   -0.097402    0.050328    0.039919
 16   42.546097    0.000027    0.000019   -0.050360    0.095849    0.091794
 17   42.234467    0.000015   -0.000011   -0.030572    0.024523    0.026360
 18   42.465012    0.000023    0.000000    0.018403   -0.248108   -0.287884
 19   42.458099   -0.000084   -0.000015    0.105296   -0.430666   -0.563076
 20   42.267899    0.000031   -0.000015    0.014985   -0.210468   -0.261950
 21   42.505920   -0.000015    0.000000    0.110634   -0.394618   -0.544809
 22   42.233162   -0.000061   -0.000046    0.032478   -0.196681   -0.251068
 23   42.352257    0.000000   -0.000031    0.201826    0.503565    0.742806
 24   42.391754   -0.000046    0.000000    0.051971    0.294457    0.379769
 25   42.497467    0.000023   -0.000008    0.003568    0.100722    0.125135
 26   42.272736    0.000033   -0.000022   -0.000190    0.055979    0.069652
 27   29.239332   55.382656   92.214973    1.499229   -0.627741    0.430214
 28   42.375061    0.000000   -0.000015    0.047506    0.035040    0.051284
 29   42.546097   -0.000004    0.000015    0.036971    0.012860    0.016475
 30   42.234497    0.000080   -0.000004    0.026455    0.011634    0.013802
 31   42.465027   -0.000038   -0.000008    0.055395    0.245113    0.299759
 32   42.458099    0.000027   -0.000027    0.098995    0.345692    0.422514
 33   42.267838    0.000015   -0.000031    0.040996    0.211440    0.234585
 34   42.506058    0.000076    0.000015    0.153468    0.492144    0.596619
 35   42.233154    0.000031    0.000000    0.001992    0.155831    0.165568
 36   42.352215   -0.000153    0.000015    0.229446   -0.566830   -0.752413
 37   42.391632    0.000076   -0.000015    0.053320   -0.284727   -0.319440
 38   42.497681    0.000038    0.000019    0.009556   -0.105059   -0.111774
 39   42.272644    0.000151    0.000007    0.004719   -0.059529   -0.062618
 40   29.239344  106.746689    1.740857    0.000002    0.001899    1.030286
 41   42.375099    0.000000   -0.000000    0.000430   -0.000072   -0.228479
 42   42.546127    0.000000    0.000002    0.000519    0.000018   -0.296124
 43   42.234467    0.000000   -0.000003   -0.000144   -0.000204    0.084070
 44   42.465088   -0.000008   -0.000006   -0.000860   -0.000550    0.606907
 45   42.458099    0.000015   -0.000003   -0.000244   -0.000621    0.361739
 46   42.267944    0.000000    0.000003   -0.000010   -0.000924    0.504840
 47   42.505905    0.000000    0.000007    0.000660   -0.001227    0.816228
 48   42.233139   -0.000061   -0.000011    0.000176   -0.000046    0.095326
 49   42.352257    0.000000    0.000004   -0.000781    0.000130   -0.427055
 50   42.391693    0.000061   -0.000003   -0.000994    0.000669   -0.677287
 51   42.497620    0.000031   -0.000011   -0.000181    0.000583   -0.325184
 52   42.272644   -0.000009    0.000003    0.000008    0.000342   -0.179595
 53   29.239334   50.706898  -91.389107   -1.236135    0.813864    0.812483
 54   42.375076   -0.000008   -0.000007   -0.057529    0.098350   -0.087885
 55   42.546066    0.000042    0.000011   -0.048511    0.127369   -0.124152
 56   42.234528   -0.000042   -0.000004   -0.026526    0.027477   -0.012539
 57   42.465042    0.000038    0.000008   -0.047446   -0.214445    0.254553
 58   42.458038    0.000046   -0.000023   -0.079328   -0.300922    0.353852
 59   42.268036   -0.000069   -0.000008   -0.106526   -0.388552    0.453416
 60   42.505936    0.000153   -0.000031   -0.115546   -0.441784    0.512105
 61   42.233185   -0.000031   -0.000061    0.010717    0.008635   -0.008925
 62   42.352287    0.000061   -0.000015   -0.076201    0.358472   -0.409447
 63   42.391724    0.000092    0.000000   -0.054562    0.289465   -0.321314
 64   42.497559    0.000061   -0.000015   -0.019152    0.171122   -0.181564
 65   42.272736    0.000010    0.000022   -0.005801    0.076895   -0.080025
 66   29.239317  -56.044899  -91.389076   -0.206173    0.855701   -0.730118
 67   42.375114   -0.000002    0.000000    0.094912   -0.097953    0.077297
 68   42.546127   -0.000004    0.000004    0.047220   -0.124457    0.119977
 69   42.234467    0.000023    0.000011    0.030872   -0.002941    0.003346
 70   42.464981   -0.000038    0.000000   -0.013033    0.230329   -0.268469
 71   42.458099    0.000038   -0.000023   -0.031464    0.289703   -0.357350
 72   42.267944   -0.000046    0.000000   -0.082640    0.371313   -0.497241
 73   42.505951    0.000061    0.000015   -0.100320    0.374824   -0.517422
 74   42.233124   -0.000061   -0.000015   -0.008852   -0.026183    0.032989
 75   42.352104   -0.000031   -0.000015   -0.079377   -0.339750    0.452187
 76   42.391754    0.000031    0.000000   -0.036592   -0.253684    0.325931
 77   42.497528    0.000046    0.000031   -0.011661   -0.150388    0.190347
 78   42.272736   -0.000008    0.000041   -0.000522   -0.064697    0.081434
 79   29.239309 -106.786255    1.740884   -0.000002    0.001892   -1.041459
 80   42.375107    0.000011   -0.000004   -0.000437   -0.000066    0.232794
 81   42.546051   -0.000008    0.000002   -0.000524    0.000021    0.299363
 82   42.234497    0.000000   -0.000006    0.000145   -0.000204   -0.084322
 83   42.465088    0.000000   -0.000003    0.000861   -0.000552   -0.607902
 84   42.458054    0.000008   -0.000005    0.000242   -0.000622   -0.361284
 85   42.267883    0.000015   -0.000007    0.000008   -0.000925   -0.505799
 86   42.505981    0.000000    0.000014   -0.000664   -0.001224   -0.815598
 87   42.233093   -0.000031   -0.000013   -0.000174   -0.000046   -0.094414
 88   42.352306    0.000000   -0.000000    0.000784    0.000129    0.428506
 89   42.391708    0.000031   -0.000006    0.000993    0.000668    0.676728
 90   42.497528    0.000015   -0.000018    0.000181    0.000583    0.324795
 91   42.272491    0.000005    0.000020   -0.000008    0.000340    0.179360
time 16
  0    0.000000    0.000000    0.000000    0.000000   -0.000000    0.000000
  1    0.000000    0.000000    0.000000    0.000000   -0.000000    0.000000
  2    0.000000    0.000000   -7.213598    0.785390   -1.573515    0.785390
  3   50.309219   -0.435479    0.000004    0.000300   -0.179626    0.014040
  4   30.891548   -0.000011    0.000000    0.000017   -0.152247   -0.014097
  5   34.635597    0.000007    0.000000   -0.000000   -0.222952   -0.000001
  6   30.584305    0.000018   -0.000004   -0.000000   -0.504749    0.000001
  7   31.520203    0.000000    0.000008   -0.000000   -0.573972   -0.000001
  8   34.241211  -28.000034  -41.878006    0.987308   -0.428635    0.286998
  9   34.241135   23.441803  -41.878113   -0.987313   -0.428636   -0.286993
 10   35.246712  -52.543098    1.319138   -0.000000   -0.000000    0.530838
 11   35.246544   52.726322    1.318939   -0.000000   -0.000000   -0.530834
 12   34.830025  -24.891930   45.588608   -0.985395    0.435708    0.275196
 13   34.885788   27.636589   43.767822    0.985390    0.435707   -0.275196
 14   29.239313  -51.573330   94.292938    0.121201   -0.777175   -0.610274
 15   42.375069   -0.000002    0.000000   -0.097340    0.051986    0.041210
 16   42.546112    0.000027    0.000023   -0.050211    0.097505    0.093382
 17   42.234497    0.000023    0.000011   -0.030583    0.024040    0.025848
 18   42.465012    0.000027    0.000004    0.019020   -0.250106   -0.290374
 19   42.458069   -0.000069    0.000008    0.104833   -0.430009   -0.561976
 20   42.267990    0.000031   -0.000031    0.014870   -0.210050   -0.261403
 21   42.505829    0.000015   -0.000015    0.111568   -0.396049   -0.547258
 22   42.233147   -0.000031    0.000000    0.031568   -0.193110   -0.246299
 23   42.352264    0.000000    0.000031    0.203223    0.504892    0.745687
 24   42.391754    0.000000    0.000015    0.051121    0.292429    0.376853
 25   42.497498    0.000031   -0.000042    0.003530    0.100423    0.124757
 26   42.272797    0.000053   -0.000053   -0.000198    0.055857    0.069498
 27   29.239340   55.382626   92.214951    1.497817   -0.630222    0.432622
 28   42.375092   -0.000019   -0.000008    0.047485    0.034636    0.050679
 29   42.546112   -0.000008    0.000011    0.036953    0.011825    0.015080
 30   42.234451    0.000061   -0.000031    0.026455    0.011637    0.013811
 31   42.465057   -0.000046   -0.000015    0.055943    0.246824    0.302010
 32   42.458099    0.000027   -0.000011    0.098601    0.344866    0.421347
 33   42.267853    0.000015   -0.000031    0.041008    0.211493    0.234645
 34   42.506073    0.000061    0.000015    0.154691    0.493732    0.599211
 35   42.233116    0.000000    0.000061    0.001170    0.150859    0.160154
 36   42.352219   -0.000092    0.000046    0.230736   -0.567989   -0.754812
 37   42.391785    0.000061    0.000000    0.052513   -0.282380   -0.316562
 38   42.497711    0.000065   -0.000011    0.009517   -0.104713   -0.111402
 39   42.272705    0.000175    0.000010    0.004710   -0.059386   -0.062468
 40   29.239344  106.746643    1.740840    0.000002    0.001894    1.034769
 41   42.375061   -0.000004   -0.000004    0.000436   -0.000067   -0.232059
 42   42.546112    0.000000   -0.000000    0.000521    0.000020   -0.297743
 43   42.234482   -0.000008   -0.000001   -0.000148   -0.000204    0.086314
 44   42.465088    0.000000   -0.000006   -0.000861   -0.000552    0.607962
 45   42.458084   -0.000038   -0.000002   -0.000241   -0.000620    0.360627
 46   42.267914   -0.000031    0.000001   -0.000009   -0.000929    0.507485
 47   42.505905    0.000000    0.000005    0.000664   -0.001221    0.814040
 48   42.233116   -0.000031   -0.000007    0.000172   -0.000045    0.092892
 49   42.352242   -0.000031    0.000002   -0.000787    0.000132   -0.430434
 50   42.391693    0.000061   -0.000001   -0.000989    0.000671   -0.675551
 51   42.497620    0.000015   -0.000010   -0.000179    0.000582   -0.324230
 52   42.272675   -0.000020    0.000001    0.000009    0.000341   -0.179086
 53   29.239334   50.706932  -91.389107   -1.231907    0.816427    0.817868
 54   42.375084   -0.000015   -0.000003   -0.057841    0.099902   -0.089943
 55   42.546066    0.000015    0.000013   -0.048755    0.128785   -0.125965
 56   42.234558   -0.000042    0.000004   -0.026517    0.027046   -0.012137
 57   42.465042    0.000053    0.000004   -0.047741   -0.215544    0.255872
 58   42.458099    0.000061    0.000015   -0.079296   -0.300847    0.353791
 59   42.268005   -0.000061    0.000008   -0.107066   -0.389589    0.454850
 60   42.505905    0.000122   -0.000031   -0.114635   -0.440313    0.509974
 61   42.233185   -0.000061   -0.000015    0.010696    0.010148   -0.010498
 62   42.352318    0.000031   -0.000046   -0.076672    0.359484   -0.410784
 63   42.391693    0.000046    0.000015   -0.054246    0.288565   -0.320216
 64   42.497589    0.000061   -0.000008   -0.019090    0.170787   -0.181199
 65   42.272736    0.000043    0.000012   -0.005774    0.076540   -0.079653
 66   29.239319  -56.044872  -91.389046   -0.210215    0.858642   -0.735456
 67   42.375107    0.000004   -0.000006    0.094744   -0.100119    0.079012
 68   42.546127   -0.000008    0.000023    0.047032   -0.126003    0.121484
 69   42.234451    0.000023   -0.000015    0.030872   -0.002489    0.002865
 70   42.465027   -0.000031    0.000023   -0.013340    0.231410   -0.269811
 71   42.458130    0.000031   -0.000015   -0.031441    0.289646   -0.357270
 72   42.267914   -0.000038    0.000008   -0.083196    0.372267   -0.498777
 73   42.505997    0.000061   -0.000015   -0.099422    0.373349   -0.514963
 74   42.233124   -0.000061   -0.000046   -0.008899   -0.027551    0.034710
 75   42.352158   -0.000031   -0.000015   -0.079792   -0.340552    0.453429
 76   42.391785    0.000000   -0.000015   -0.036304   -0.252858    0.324782
 77   42.497559    0.000038    0.000015   -0.011602   -0.150084    0.189952
 78   42.272675   -0.000015   -0.000002   -0.000496   -0.064381    0.081033
 79   29.239317 -106.786285    1.740901   -0.000002    0.001886   -1.045963
 80   42.375092    0.000015   -0.000004   -0.000442   -0.000061    0.236400
 81   42.546051    0.000000    0.000004   -0.000526    0.000023    0.300977
 82   42.234528   -0.000015   -0.000008    0.000148   -0.000205   -0.086561
 83   42.465073   -0.000023   -0.000003    0.000861   -0.000554   -0.608942
 84   42.458069    0.000008   -0.000005    0.000239   -0.000621   -0.360183
 85   42.267883    0.000015   -0.000007    0.000007   -0.000930   -0.508438
 86   42.505966    0.000000    0.000014   -0.000668   -0.001218   -0.813401
 87   42.233070    0.000000   -0.000010   -0.000170   -0.000044   -0.092002
 88   42.352291    0.000000    0.000000    0.000790    0.000130    0.431861
 89   42.391663    0.000031   -0.000004    0.000989    0.000670    0.675001
 90   42.497589    0.000000   -0.000022    0.000180    0.000582    0.323849
 91   42.272491   -0.000010    0.000022   -0.000008    0.000339    0.178854
time 17
  0    0.000000    0.000000    0.000000    0.000000   -0.000000    0.000000
  1    0.000000    0.000000    0.000000    0.000000   -0.000000    0.000000
  2    0.000000    0.000000   -6.871402    0.785390   -1.573515    0.785390
  3   50.309219   -0.435479    0.000004    0.000329   -0.177803    0.014035
  4   30.891541   -0.000010    0.000001    0.000017   -0.149725   -0.014097
  5   34.635605    0.000008   -0.000004   -0.000000   -0.222084   -0.000001
  6   30.584305    0.000019   -0.000004   -0.000000   -0.507796    0.000001
  7   31.520187    0.000002    0.000008   -0.000000   -0.577184   -0.000001
  8   34.241196  -28.000032  -41.878036    0.987973   -0.426076    0.285225
  9   34.241135   23.441809  -41.878113   -0.987978   -0.426077   -0.285220
 10   35.246689  -52.543091    1.319122   -0.000000   -0.000000    0.527798
 11   35.246544   52.726322    1.318909   -0.000000   -0.000000   -0.527795
 12   34.830025  -24.891926   45.588600   -0.986076    0.433152    0.273414
 13   34.885780   27.636595   43.767822    0.986071    0.433151   -0.273413
 14   29.239319  -51.573349   94.292961    0.124049   -0.780069   -0.614311
 15   42.375069    0.000010   -0.000008   -0.097277    0.053664    0.042517
 16   42.546066    0.000057    0.000000   -0.050060    0.099165    0.094974
 17   42.234482    0.000019    0.000000   -0.030594    0.023549    0.025328
 18   42.465027    0.000008    0.000023    0.019640   -0.252099   -0.292862
 19   42.458099   -0.000069   -0.000023    0.104363   -0.429338   -0.560857
 20   42.267975    0.000031    0.000031    0.014759   -0.209647   -0.260873
 21   42.505981    0.000061   -0.000015    0.112502   -0.397471   -0.549698
 22   42.233192    0.000000   -0.000015    0.030675   -0.189523   -0.241525
 23   42.352322    0.000061    0.000015    0.204602    0.506196    0.748528
 24   42.391754   -0.000076   -0.000031    0.050281    0.290403    0.373945
 25   42.497498    0.000015   -0.000023    0.003492    0.100124    0.124383
 26   42.272827    0.000061   -0.000024   -0.000206    0.055736    0.069346
 27   29.239344   55.382637   92.215004    1.496386   -0.632715    0.435053
 28   42.375069    0.000011    0.000008    0.047462    0.034223    0.050059
 29   42.546082    0.000011    0.000008    0.036937    0.010780    0.013673
 30   42.234467    0.000053   -0.000011    0.026455    0.011649    0.013829
 31   42.465027   -0.000038    0.000008    0.056492    0.248522    0.304251
 32   42.458069    0.000019    0.000011    0.098207    0.344037    0.420178
 33   42.267868    0.000000    0.000000    0.041022    0.211557    0.234715
 34   42.506058    0.000107    0.000031    0.155897    0.495284    0.601758
 35   42.233116   -0.000031    0.000061    0.000380    0.145911    0.154777
 36   42.352261   -0.000092    0.000031    0.231981   -0.569104   -0.757123
 37   42.391815    0.000061    0.000031    0.051727   -0.280065   -0.313733
 38   42.497650    0.000053    0.000004    0.009478   -0.104373   -0.111035
 39   42.272644    0.000148   -0.000031    0.004700   -0.059244   -0.062319
 40   29.239349  106.746689    1.740846    0.000002    0.001888    1.039273
 41   42.375069   -0.000015   -0.000002    0.000441   -0.000063   -0.235676
 42   42.546112   -0.000008    0.000003    0.000523    0.000022   -0.299335
 43   42.234497   -0.000008   -0.000001   -0.000152   -0.000205    0.088552
 44   42.465073    0.000000   -0.000005   -0.000861   -0.000554    0.608984
 45   42.458099    0.000015   -0.000000   -0.000239   -0.000619    0.359535
 46   42.267914    0.000000    0.000003   -0.000008   -0.000933    0.510128
 47   42.505936   -0.000031    0.000009    0.000668   -0.001216    0.811824
 48   42.233116    0.000000   -0.000010    0.000167   -0.000043    0.090490
 49   42.352215   -0.000031    0.000004   -0.000793    0.000133   -0.433783
 50   42.391678    0.000031    0.000000   -0.000984    0.000674   -0.673820
 51   42.497650    0.000000   -0.000008   -0.000177    0.000581   -0.323288
 52   42.272766   -0.000006    0.000001    0.000009    0.000340   -0.178580
 53   29.239338   50.706909  -91.389114   -1.227632    0.818985    0.823304
 54   42.375107   -0.000006   -0.000015   -0.058160    0.101464   -0.092018
 55   42.546066    0.000038    0.000008   -0.049001    0.130201   -0.127782
 56   42.234543   -0.000023   -0.000004   -0.026506    0.026610   -0.011731
 57   42.464996    0.000050   -0.000015   -0.048037   -0.216640    0.257191
 58   42.458099    0.000038    0.000000   -0.079265   -0.300771    0.353727
 59   42.267975   -0.000076    0.000000   -0.107608   -0.390624    0.456286
 60   42.505905    0.000107   -0.000015   -0.113725   -0.438835    0.507836
 61   42.233185   -0.000031   -0.000061    0.010673    0.011657   -0.012067
 62   42.352242    0.000031   -0.000046   -0.077141    0.360487   -0.412109
 63   42.391724    0.000046    0.000000   -0.053930    0.287666   -0.319121
 64   42.497650    0.000031   -0.000015   -0.019027    0.170453   -0.180832
 65   42.272675    0.000017    0.000001   -0.005746    0.076187   -0.079281
 66   29.239323  -56.044876  -91.389084   -0.214310    0.861579   -0.740851
 67   42.375092   -0.000006   -0.000002    0.094571   -0.102309    0.080746
 68   42.546112   -0.000004    0.000027    0.046844   -0.127539    0.122984
 69   42.234467    0.000011   -0.000023    0.030873   -0.002037    0.002381
 70   42.464996   -0.000031    0.000011   -0.013648    0.232488   -0.271147
 71   42.458069    0.000015   -0.000015   -0.031418    0.289589   -0.357192
 72   42.267914   -0.000031   -0.000008   -0.083755    0.373223   -0.500315
 73   42.505966    0.000092    0.000015   -0.098523    0.371866   -0.512494
 74   42.233124    0.000000    0.000015   -0.008949   -0.028915    0.036427
 75   42.352150    0.000031    0.000015   -0.080201   -0.341341    0.454650
 76   42.391754    0.000046    0.000000   -0.036018   -0.252035    0.323639
 77   42.497528    0.000015    0.000008   -0.011543   -0.149782    0.189559
 78   42.272705   -0.000001   -0.000034   -0.000471   -0.064066    0.080637
 79   29.239319 -106.786270    1.740896   -0.000002    0.001881   -1.050488
 80   42.375099    0.000000   -0.000007   -0.000447   -0.000056    0.240040
 81   42.546036   -0.000008    0.000001   -0.000528    0.000026    0.302566
 82   42.234497   -0.000031   -0.000008    0.000152   -0.000206   -0.088796
 83   42.465073    0.000000   -0.000005    0.000861   -0.000557   -0.609949
 84   42.458099    0.000031   -0.000007    0.000237   -0.000620   -0.359102
 85   42.267944    0.000015   -0.000011    0.000006   -0.000934   -0.511080
 86   42.505981    0.000000    0.000010   -0.000671   -0.001213   -0.811181
 87   42.233101   -0.000061   -0.000012   -0.000166   -0.000043   -0.089608
 88   42.352325   -0.000061   -0.000000    0.000795    0.000132    0.435209
 89   42.391724   -0.000031   -0.000008    0.000984    0.000672    0.673264
 90   42.497589    0.000000   -0.000024    0.000178    0.000581    0.322906
 91   42.272552    0.000004    0.000019   -0.000009    0.000338    0.178351
time 18
  0    0.000000    0.000000    0.000000    0.000000   -0.000000    0.000000
  1    0.000000    0.000000    0.000000    0.000000   -0.000000    0.000000
  2    0.000000    0.000000   -6.529204    0.785390   -1.573515    0.785390
  3   50.309212   -0.435479    0.000004    0.000357   -0.176012    0.014030
  4   30.891548   -0.000011   -0.000000    0.000017   -0.147249   -0.014097
  5   34.635605    0.000007   -0.000004   -0.000000   -0.221232   -0.000001
  6   30.584297    0.000018   -0.000004   -0.000000   -0.510790    0.000001
  7   31.520195    0.000000    0.000015   -0.000000   -0.580339   -0.000001
  8   34.241199  -28.000032  -41.878021    0.988627   -0.423564    0.283485
  9   34.241123   23.441805  -41.878113   -0.988632   -0.423565   -0.283480
 10   35.246700  -52.543083    1.319122   -0.000000    0.000000    0.524812
 11   35.246548   52.726315    1.318909   -0.000000   -0.000000   -0.524809
 12   34.830013  -24.891926   45.588600   -0.986745    0.430642    0.271664
 13   34.885784   27.636589   43.767822    0.986740    0.430640   -0.271663
 14   29.239315  -51.573330   94.292969    0.126934   -0.782966   -0.618389
 15   42.375084    0.000004   -0.000011   -0.097210    0.055358    0.043839
 16   42.546112    0.000038    0.000015   -0.049904    0.100826    0.096568
 17   42.234497   -0.000004    0.000004   -0.030605    0.023055    0.024803
 18   42.464981    0.000019    0.000015    0.020265   -0.254086   -0.295345
 19   42.458099   -0.000069   -0.000023    0.103889   -0.428661   -0.559728
 20   42.267990    0.000046   -0.000015    0.014651   -0.209252   -0.260357
 21   42.505920   -0.000015   -0.000015    0.113429   -0.398874   -0.552111
 22   42.233147    0.000031   -0.000015    0.029802   -0.185946   -0.236773
 23   42.352280    0.000031    0.000000    0.205949    0.507460    0.751295
 24   42.391693   -0.000092   -0.000015    0.049458    0.288404    0.371084
 25   42.497559   -0.000008   -0.000023    0.003455    0.099830    0.124013
 26   42.272827    0.000073   -0.000011   -0.000215    0.055616    0.069199
 27   29.239336   55.382656   92.214973    1.494938   -0.635219    0.437504
 28   42.375076    0.000004    0.000015    0.047440    0.033800    0.049425
 29   42.546082   -0.000015    0.000008    0.036921    0.009725    0.012251
 30   42.234451    0.000050   -0.000004    0.026455    0.011675    0.013867
 31   42.465057   -0.000050   -0.000019    0.057046    0.250223    0.306496
 32   42.458069    0.000004   -0.000004    0.097808    0.343195    0.418992
 33   42.267838   -0.000031   -0.000031    0.041042    0.211638    0.234806
 34   42.506027    0.000061   -0.000015    0.157100    0.496823    0.604291
 35   42.233086   -0.000031    0.000046   -0.000388    0.140928    0.149373
 36   42.352257   -0.000061    0.000015    0.233199   -0.570188   -0.759377
 37   42.391693    0.000061   -0.000031    0.050948   -0.277756   -0.310913
 38   42.497681    0.000042   -0.000034    0.009441   -0.104031   -0.110670
 39   42.272614    0.000128   -0.000041    0.004692   -0.059103   -0.062168
 40   29.239349  106.746666    1.740857    0.000002    0.001882    1.043796
 41   42.375076    0.000000   -0.000001    0.000446   -0.000058   -0.239325
 42   42.546112   -0.000008    0.000001    0.000525    0.000025   -0.300905
 43   42.234467   -0.000015   -0.000003   -0.000156   -0.000205    0.090789
 44   42.465027   -0.000015   -0.000006   -0.000861   -0.000556    0.609976
 45   42.458023    0.000000   -0.000003   -0.000237   -0.000618    0.358460
 46   42.267975    0.000046    0.000005   -0.000007   -0.000937    0.512775
 47   42.505905    0.000000    0.000008    0.000671   -0.001211    0.809577
 48   42.233177    0.000000   -0.000011    0.000163   -0.000042    0.088107
 49   42.352249    0.000031    0.000004   -0.000798    0.000134   -0.437130
 50   42.391647   -0.000061   -0.000003   -0.000980    0.000676   -0.672073
 51   42.497589    0.000015   -0.000012   -0.000176    0.000580   -0.322345
 52   42.272705   -0.000004    0.000001    0.000010    0.000339   -0.178078
 53   29.239336   50.706898  -91.389107   -1.223308    0.821536    0.828790
 54   42.375107   -0.000011   -0.000002   -0.058485    0.103037   -0.094112
 55   42.546097    0.000011    0.000023   -0.049249    0.131617   -0.129602
 56   42.234543   -0.000031   -0.000004   -0.026497    0.026173   -0.011321
 57   42.465027    0.000034    0.000000   -0.048332   -0.217726    0.258497
 58   42.458069    0.000038   -0.000008   -0.079235   -0.300698    0.353666
 59   42.267944   -0.000069    0.000023   -0.108146   -0.391649    0.457708
 60   42.505981    0.000092    0.000015   -0.112820   -0.437354    0.505705
 61   42.233215   -0.000031    0.000000    0.010647    0.013150   -0.013622
 62   42.352280    0.000000   -0.000015   -0.077602    0.361477   -0.413416
 63   42.391754    0.000061    0.000031   -0.053620    0.286772   -0.318036
 64   42.497559    0.000084   -0.000015   -0.018965    0.170120   -0.180468
 65   42.272766   -0.000001   -0.000018   -0.005718    0.075834   -0.078912
 66   29.239317  -56.044899  -91.389099   -0.218460    0.864515   -0.746306
 67   42.375099    0.000008   -0.000010    0.094393   -0.104520    0.082498
 68   42.546112   -0.000004    0.000023    0.046654   -0.129067    0.124476
 69   42.234436    0.000027   -0.000008    0.030873   -0.001586    0.001902
 70   42.465057   -0.000038    0.000011   -0.013953    0.233554   -0.272469
 71   42.458069    0.000031   -0.000015   -0.031395    0.289529   -0.357108
 72   42.267914   -0.000084    0.000000   -0.084302    0.374157   -0.501820
 73   42.505951    0.000107    0.000031   -0.097641    0.370397   -0.510059
 74   42.233170    0.000061    0.000000   -0.009001   -0.030251    0.038112
 75   42.352150    0.000000    0.000000   -0.080600   -0.342106    0.455835
 76   42.391785    0.000000    0.000000   -0.035736   -0.251231    0.322519
 77   42.497528    0.000000   -0.000015   -0.011485   -0.149486    0.189174
 78   42.272797   -0.000003    0.000031   -0.000446   -0.063761    0.080245
 79   29.239313 -106.786255    1.740884   -0.000002    0.001875   -1.055032
 80   42.375084   -0.000008   -0.000004   -0.000453   -0.000051    0.243711
 81   42.546051   -0.000008    0.000003   -0.000530    0.000028    0.304132
 82   42.234528   -0.000015   -0.000006    0.000156   -0.000206   -0.091017
 83   42.465103   -0.000008   -0.000003    0.000862   -0.000558   -0.610924
 84   42.458069    0.000038   -0.000003    0.000235   -0.000619   -0.358039
 85   42.267944    0.000015   -0.000009    0.000004   -0.000939   -0.513691
 86   42.505966    0.000000    0.000014   -0.000674   -0.001208   -0.808950
 87   42.233078    0.000000   -0.000012   -0.000161   -0.000041   -0.087273
 88   42.352299    0.000031    0.000000    0.000801    0.000133    0.438491
 89   42.391724    0.000000   -0.000006    0.000979    0.000674    0.671546
 90   42.497528    0.000015   -0.000022    0.000176    0.000579    0.321983
 91   42.272491    0.000009    0.000018   -0.000009    0.000337    0.177842
time 19
  0    0.000000    0.000000    0.000000    0.000000   -0.000000    0.000000
  1    0.000000    0.000000    0.000000    0.000000   -0.000000    0.000000
  2    0.000000    0.000000   -6.187010    0.785390   -1.573515    0.785390
  3   50.309212   -0.435479    0.000004    0.000384   -0.174270    0.014025
  4   30.891548   -0.000011   -0.000000    0.000017   -0.144840   -0.014097
  5   34.635612    0.000007   -0.000004   -0.000000   -0.220404   -0.000001
  6   30.584290    0.000018   -0.000008   -0.000000   -0.513701    0.000001
  7   31.520180    0.000000    0.000000   -0.000000   -0.583407   -0.000001
  8   34.241192  -28.000031  -41.878006    0.989263   -0.421120    0.281792
  9   34.241131   23.441805  -41.878113   -0.989268   -0.421121   -0.281787
 10   35.246700  -52.543091    1.319138   -0.000000    0.000000    0.521909
 11   35.246540   52.726315    1.318924   -0.000000   -0.000000   -0.521906
 12   34.830021  -24.891924   45.588608   -0.987395    0.428200    0.269962
 13   34.885784   27.636591   43.767830    0.987391    0.428199   -0.269961
 14   29.239313  -51.573318   94.292969    0.129857   -0.785868   -0.622508
 15   42.375053   -0.000004    0.000000   -0.097140    0.057069    0.045173
 16   42.546097    0.000023   -0.000004   -0.049747    0.102493    0.098167
 17   42.234482    0.000000   -0.000004   -0.030615    0.022550    0.024268
 18   42.464981    0.000008   -0.000034    0.020893   -0.256064   -0.297824
 19   42.458099   -0.000069    0.000008    0.103407   -0.427971   -0.558578
 20   42.267914    0.000015    0.000000    0.014546   -0.208870   -0.259858
 21   42.505905   -0.000046   -0.000015    0.114350   -0.400257   -0.554500
 22   42.233177    0.000000   -0.000015    0.028951   -0.182381   -0.232048
 23   42.352283    0.000031    0.000015    0.207266    0.508688    0.753992
 24   42.391724   -0.000046   -0.000031    0.048653    0.286431    0.368267
 25   42.497528    0.000008    0.000000    0.003418    0.099539    0.123647
 26   42.272797    0.000065   -0.000015   -0.000224    0.055497    0.069050
 27   29.239338   55.382656   92.214973    1.493472   -0.637734    0.439979
 28   42.375061    0.000000    0.000004    0.047418    0.033368    0.048778
 29   42.546097   -0.000023    0.000019    0.036907    0.008658    0.010815
 30   42.234421    0.000057   -0.000004    0.026456    0.011712    0.013917
 31   42.465042   -0.000057    0.000015    0.057604    0.251923    0.308745
 32   42.458069    0.000027    0.000000    0.097406    0.342343    0.417794
 33   42.267944    0.000015    0.000015    0.041063    0.211727    0.234906
 34   42.506042    0.000137    0.000061    0.158285    0.498331    0.606780
 35   42.233101    0.000000    0.000092   -0.001124    0.135965    0.144006
 36   42.352242   -0.000061    0.000031    0.234368   -0.571222   -0.761541
 37   42.391693    0.000092   -0.000015    0.050192   -0.275484   -0.308147
 38   42.497650    0.000057   -0.000015    0.009403   -0.103697   -0.110308
 39   42.272705    0.000128   -0.000011    0.004683   -0.058963   -0.062021
 40   29.239342  106.746666    1.740858    0.000002    0.001877    1.048338
 41   42.375053   -0.000004   -0.000001    0.000452   -0.000053   -0.243012
 42   42.546112   -0.000015    0.000001    0.000527    0.000027   -0.302447
 43   42.234436    0.000015   -0.000002   -0.000159   -0.000206    0.093033
 44   42.465073   -0.000015   -0.000007   -0.000862   -0.000558    0.610938
 45   42.458069    0.000008   -0.000004   -0.000235   -0.000617    0.357399
 46   42.267914    0.000000    0.000005   -0.000005   -0.000942    0.515419
 47   42.505890   -0.000031    0.000008    0.000675   -0.001205    0.807302
 48   42.233109   -0.000031   -0.000011    0.000159   -0.000041    0.085757
 49   42.352207    0.000000    0.000004   -0.000804    0.000136   -0.440446
 50   42.391678   -0.000031   -0.000003   -0.000975    0.000678   -0.670332
 51   42.497681    0.000015   -0.000010   -0.000174    0.000578   -0.321413
 52   42.272736    0.000000    0.000001    0.000010    0.000337   -0.177373
 53   29.239332   50.706909  -91.389107   -1.218936    0.824082    0.834327
 54   42.375084   -0.000011   -0.000001   -0.058816    0.104619   -0.096222
 55   42.546097    0.000031    0.000023   -0.049501    0.133035   -0.131427
 56   42.234558   -0.000042    0.000008   -0.026488    0.025730   -0.010904
 57   42.464966    0.000069    0.000004   -0.048627   -0.218805    0.259798
 58   42.458008    0.000061    0.000000   -0.079203   -0.300622    0.353602
 59   42.268036   -0.000076    0.000015   -0.108681   -0.392663    0.459119
 60   42.505951    0.000107   -0.000031   -0.111922   -0.435874    0.503577
 61   42.233177   -0.000092   -0.000092    0.010620    0.014622   -0.015154
 62   42.352264   -0.000031   -0.000046   -0.078052    0.362435   -0.414686
 63   42.391815    0.000061    0.000000   -0.053316    0.285897   -0.316971
 64   42.497559    0.000084   -0.000015   -0.018904    0.169795   -0.180111
 65   42.272705    0.000039    0.000011   -0.005690    0.075488   -0.078552
 66   29.239323  -56.044899  -91.389076   -0.222665    0.867447   -0.751820
 67   42.375099   -0.000002    0.000008    0.094208   -0.106754    0.084270
 68   42.546127   -0.000015    0.000019    0.046463   -0.130589    0.125962
 69   42.234497    0.000031   -0.000023    0.030874   -0.001131    0.001417
 70   42.465042   -0.000023    0.000023   -0.014260    0.234614   -0.273787
 71   42.458130    0.000046    0.000023   -0.031372    0.289473   -0.357031
 72   42.267975   -0.000046   -0.000008   -0.084850    0.375087   -0.503321
 73   42.505951    0.000031   -0.000015   -0.096759    0.368921   -0.507617
 74   42.233147    0.000000   -0.000031   -0.009054   -0.031588    0.039796
 75   42.352219    0.000000    0.000000   -0.080993   -0.342861    0.457005
 76   42.391846   -0.000031    0.000015   -0.035459   -0.250428    0.321402
 77   42.497437    0.000008   -0.000008   -0.011427   -0.149190    0.188789
 78   42.272705   -0.000006    0.000010   -0.000420   -0.063451    0.079856
 79   29.239315 -106.786255    1.740884   -0.000002    0.001870   -1.059596
 80   42.375107   -0.000004   -0.000003   -0.000458   -0.000046    0.247420
 81   42.546021    0.000023    0.000002   -0.000532    0.000030    0.305672
 82   42.234528   -0.000031   -0.000006    0.000160   -0.000207   -0.093247
 83   42.465057   -0.000023   -0.000003    0.000862   -0.000561   -0.611870
 84   42.458069    0.000000   -0.000005    0.000233   -0.000618   -0.356993
 85   42.267914    0.000000   -0.000005    0.000003   -0.000943   -0.516327
 86   42.505951    0.000000    0.000014   -0.000678   -0.001203   -0.806675
 87   42.233086   -0.000031   -0.000014   -0.000157   -0.000040   -0.084939
 88   42.352306    0.000000   -0.000000    0.000806    0.000134    0.441787
 89   42.391739    0.000000   -0.000008    0.000974    0.000677    0.669808
 90   42.497528    0.000000   -0.000018    0.000174    0.000578    0.321055
 91   42.272583    0.000006    0.000018   -0.000010    0.000336    0.177045
time 20
  0    0.000000    0.000000    0.000000    0.000000   -0.000000    0.000000
  1    0.000000    0.000000    0.000000    0.000000   -0.000000    0.000000
  2    0.000000    0.000000   -5.844812    0.785390   -1.573515    0.785390
  3   50.309208   -0.435479    0.000004    0.000410   -0.172593    0.014021
  4   30.891541   -0.000011    0.000001    0.000017   -0.142522   -0.014097
  5   34.635605    0.000007    0.000002   -0.000000   -0.219606   -0.000001
  6   30.584297    0.000018    0.000008   -0.000000   -0.516502    0.000001
  7   31.520187    0.000000    0.000015   -0.000000   -0.586359   -0.000001
  8   34.241184  -28.000031  -41.878006    0.989875   -0.418768    0.280163
  9   34.241123   23.441799  -41.878113   -0.989880   -0.418769   -0.280158
 10   35.246708  -52.543087    1.319122   -0.000000   -0.000000    0.519115
 11   35.246548   52.726307    1.318909   -0.000000    0.000000   -0.519112
 12   34.830029  -24.891924   45.588608   -0.988021    0.425851    0.268324
 13   34.885784   27.636583   43.767815    0.988017    0.425850   -0.268323
 14   29.239315  -51.573345   94.292969    0.132818   -0.788774   -0.626668
 15   42.375076   -0.000006   -0.000008   -0.097067    0.058798    0.046521
 16   42.546066    0.000031    0.000000   -0.049586    0.104161    0.099768
 17   42.234482    0.000027    0.000000   -0.030626    0.022040    0.023729
 18   42.464996    0.000015    0.000008    0.021528   -0.258043   -0.300308
 19   42.458130   -0.000046   -0.000023    0.102921   -0.427271   -0.557414
 20   42.267914    0.000015   -0.000031    0.014443   -0.208498   -0.259370
 21   42.505859   -0.000061   -0.000015    0.115269   -0.401629   -0.556874
 22   42.233185    0.000000   -0.000046    0.028116   -0.178802   -0.227317
 23   42.352280    0.000000   -0.000031    0.208562    0.509890    0.756644
 24   42.391724   -0.000031    0.000000    0.047859    0.284463    0.365462
 25   42.497559    0.000031   -0.000027    0.003381    0.099252    0.123287
 26   42.272797    0.000046   -0.000030   -0.000231    0.055379    0.068902
 27   29.239336   55.382626   92.214973    1.491985   -0.640259    0.442477
 28   42.375061    0.000008    0.000000    0.047396    0.032926    0.048116
 29   42.546097   -0.000019    0.000004    0.036895    0.007582    0.009366
 30   42.234436    0.000076   -0.000011    0.026456    0.011760    0.013982
 31   42.465042   -0.000050    0.000004    0.058165    0.253617    0.310989
 32   42.458069    0.000038   -0.000015    0.097002    0.341484    0.416588
 33   42.267899    0.000000   -0.000015    0.041088    0.211831    0.235024
 34   42.506058    0.000061    0.000031    0.159460    0.499816    0.609243
 35   42.233093   -0.000031    0.000046   -0.001834    0.130993    0.138637
 36   42.352249   -0.000153    0.000015    0.235506   -0.572226   -0.763642
 37   42.391785    0.000046   -0.000031    0.049445   -0.273225   -0.305402
 38   42.497711    0.000034   -0.000023    0.009366   -0.103362   -0.109949
 39   42.272675    0.000139   -0.000038    0.004674   -0.058823   -0.061873
 40   29.239346  106.746689    1.740840    0.000002    0.001871    1.052900
 41   42.375084    0.000011   -0.000003    0.000457   -0.000047   -0.246729
 42   42.546112    0.000023    0.000000    0.000529    0.000029   -0.303966
 43   42.234497    0.000008   -0.000002   -0.000163   -0.000207    0.095255
 44   42.465103   -0.000053   -0.000007   -0.000862   -0.000560    0.611869
 45   42.458084    0.000008   -0.000004   -0.000233   -0.000617    0.356361
 46   42.267914    0.000031    0.000001   -0.000004   -0.000946    0.518052
 47   42.505966    0.000031    0.000005    0.000678   -0.001200    0.805012
 48   42.233131    0.000000   -0.000011    0.000154   -0.000039    0.083441
 49   42.352257    0.000000    0.000004   -0.000809    0.000137   -0.443732
 50   42.391693    0.000031   -0.000001   -0.000970    0.000680   -0.668593
 51   42.497620    0.000015   -0.000008   -0.000172    0.000577   -0.320490
 52   42.272797   -0.000003    0.000001    0.000010    0.000336   -0.176578
 53   29.239330   50.706936  -91.389107   -1.214513    0.826623    0.839917
 54   42.375092   -0.000004   -0.000012   -0.059153    0.106210   -0.098353
 55   42.546051    0.000027    0.000029   -0.049755    0.134454   -0.133255
 56   42.234528   -0.000034   -0.000004   -0.026478    0.025286   -0.010486
 57   42.465012    0.000042    0.000015   -0.048921   -0.219879    0.261095
 58   42.458038    0.000038    0.000000   -0.079172   -0.300547    0.353539
 59   42.268036   -0.000107    0.000015   -0.109216   -0.393673    0.460524
 60   42.505936    0.000107    0.000031   -0.111024   -0.434392    0.501449
 61   42.233131   -0.000061   -0.000031    0.010591    0.016087   -0.016678
 62   42.352295    0.000031    0.000000   -0.078502    0.363388   -0.415950
 63   42.391754    0.000046    0.000031   -0.053012    0.285020   -0.315905
 64   42.497559    0.000015    0.000008   -0.018843    0.169468   -0.179755
 65   42.272797    0.000007    0.000014   -0.005665    0.075144   -0.078193
 66   29.239321  -56.044872  -91.389015   -0.226927    0.870375   -0.757392
 67   42.375099    0.000008   -0.000004    0.094018   -0.109009    0.086058
 68   42.546097   -0.000011    0.000031    0.046270   -0.132100    0.127439
 69   42.234436    0.000015   -0.000011    0.030874   -0.000683    0.000939
 70   42.465027   -0.000057    0.000008   -0.014565    0.235669   -0.275097
 71   42.458130    0.000038   -0.000008   -0.031348    0.289415   -0.356951
 72   42.267914   -0.000061    0.000023   -0.085396    0.376009   -0.504813
 73   42.506012    0.000107    0.000031   -0.095884    0.367446   -0.505183
 74   42.233116    0.000000    0.000015   -0.009109   -0.032913    0.041464
 75   42.352188   -0.000061    0.000031   -0.081378   -0.343598    0.458148
 76   42.391785    0.000015    0.000000   -0.035185   -0.249631    0.320300
 77   42.497528    0.000046    0.000038   -0.011371   -0.148898    0.188408
 78   42.272705    0.000010    0.000017   -0.000396   -0.063150    0.079472
 79   29.239317 -106.786255    1.740902   -0.000002    0.001864   -1.064178
 80   42.375092   -0.000006   -0.000005   -0.000463   -0.000041    0.251160
 81   42.546036   -0.000008    0.000004   -0.000534    0.000032    0.307187
 82   42.234512   -0.000015   -0.000006    0.000163   -0.000208   -0.095460
 83   42.465073   -0.000023   -0.000003    0.000862   -0.000563   -0.612786
 84   42.458099   -0.000023   -0.000003    0.000231   -0.000617   -0.355969
 85   42.267883    0.000015   -0.000007    0.000002   -0.000947   -0.518935
 86   42.505920    0.000000    0.000012   -0.000681   -0.001197   -0.804393
 87   42.233093    0.000061   -0.000012   -0.000153   -0.000039   -0.082652
 88   42.352333    0.000000    0.000000    0.000812    0.000136    0.445034
 89   42.391708    0.000000   -0.000008    0.000970    0.000679    0.668084
 90   42.497559    0.000015   -0.000020    0.000173    0.000577    0.320144
 91   42.272552   -0.000009    0.000020   -0.000010    0.000334    0.176259
time 21
  0    0.000000    0.000000    0.000000    0.000000   -0.000000    0.000000
  1    0.000000    0.000000    0.000000    0.000000   -0.000000    0.000000
  2    0.000000    0.000000   -5.502616    0.785390   -1.573515    0.785390
  3   50.309204   -0.435479    0.000004    0.000435   -0.170999    0.014016
  4   30.891537   -0.000011    0.000001    0.000017   -0.140318   -0.014097
  5   34.635590    0.000007    0.000000   -0.000000   -0.218848   -0.000001
  6   30.584297    0.000018    0.000000   -0.000000   -0.519167    0.000001
  7   31.520187   -0.000000    0.000000   -0.000000   -0.589168   -0.000001
  8   34.241192  -28.000031  -41.878021    0.990457   -0.416531    0.278613
  9   34.241116   23.441799  -41.878098   -0.990462   -0.416532   -0.278608
 10   35.246700  -52.543083    1.319153   -0.000000    0.000000    0.516457
 11   35.246540   52.726303    1.318924   -0.000000    0.000000   -0.516454
 12   34.830013  -24.891922   45.588600   -0.988617    0.423616    0.266766
 13   34.885777   27.636581   43.767815    0.988612    0.423615   -0.266765
 14   29.239305  -51.573345   94.292953    0.135818   -0.791684   -0.630872
 15   42.375046    0.000002    0.000000   -0.096991    0.060545    0.047884
 16   42.546097    0.000015   -0.000011   -0.049421    0.105833    0.101375
 17   42.234451    0.000034   -0.000011   -0.030637    0.021521    0.023179
 18   42.464981    0.000011    0.000004    0.022165   -0.260013   -0.302784
 19   42.458069   -0.000092   -0.000015    0.102428   -0.426558   -0.556232
 20   42.267944    0.000031    0.000015    0.014345   -0.208138   -0.258899
 21   42.505859   -0.000031   -0.000031    0.116176   -0.402979   -0.559215
 22   42.233208   -0.000031   -0.000031    0.027304   -0.175245   -0.222626
 23   42.352226   -0.000031   -0.000031    0.209824    0.511054    0.759218
 24   42.391693   -0.000015   -0.000015    0.047083    0.282526    0.362709
 25   42.497498    0.000015   -0.000015    0.003345    0.098968    0.122930
 26   42.272766    0.000066   -0.000007   -0.000239    0.055264    0.068757
 27   29.239330   55.382610   92.214951    1.490481   -0.642796    0.444999
 28   42.375053    0.000000    0.000000    0.047373    0.032474    0.047440
 29   42.546066   -0.000019    0.000015    0.036884    0.006496    0.007903
 30   42.234436    0.000065   -0.000015    0.026457    0.011820    0.014061
 31   42.464996   -0.000053    0.000000    0.058730    0.255307    0.313231
 32   42.458099    0.000031    0.000000    0.096596    0.340619    0.415372
 33   42.267838    0.000000    0.000046    0.041115    0.211946    0.235155
 34   42.506012    0.000061    0.000046    0.160621    0.501276    0.611669
 35   42.233055    0.000031    0.000046   -0.002513    0.126027    0.133289
 36   42.352215   -0.000122    0.000031    0.236599   -0.573185   -0.765658
 37   42.391754    0.000061    0.000015    0.048718   -0.270996   -0.302700
 38   42.497681    0.000031   -0.000008    0.009329   -0.103031   -0.109593
 39   42.272552    0.000161    0.000021    0.004665   -0.058685   -0.061728
 40   29.239344  106.746651    1.740836    0.000002    0.001865    1.057481
 41   42.375061    0.000011   -0.000004    0.000462   -0.000042   -0.250485
 42   42.546112   -0.000008   -0.000000    0.000531    0.000031   -0.305457
 43   42.234467   -0.000015   -0.000001   -0.000167   -0.000207    0.097490
 44   42.465057   -0.000031   -0.000006   -0.000862   -0.000562    0.612775
 45   42.458069    0.000000   -0.000003   -0.000231   -0.000616    0.355338
 46   42.267914    0.000000    0.000003   -0.000002   -0.000951    0.520702
 47   42.505951    0.000031    0.000007    0.000682   -0.001194    0.802676
 48   42.233131    0.000031   -0.000012    0.000150   -0.000038    0.081135
 49   42.352249    0.000061    0.000004   -0.000815    0.000138   -0.447008
 50   42.391632    0.000000   -0.000004   -0.000965    0.000682   -0.666844
 51   42.497620    0.000000   -0.000012   -0.000171    0.000576   -0.319569
 52   42.272705   -0.000012   -0.000000    0.000011    0.000334   -0.175788
 53   29.239326   50.706913  -91.389099   -1.210041    0.829157    0.845559
 54   42.375076   -0.000008   -0.000003   -0.059496    0.107811   -0.100501
 55   42.546051    0.000027    0.000006   -0.050013    0.135873   -0.135086
 56   42.234528   -0.000023    0.000011   -0.026469    0.024837   -0.010061
 57   42.465012    0.000019    0.000015   -0.049215   -0.220941    0.262377
 58   42.458069    0.000053    0.000000   -0.079140   -0.300471    0.353474
 59   42.268036   -0.000084   -0.000031   -0.109747   -0.394670    0.461917
 60   42.505920    0.000076    0.000000   -0.110136   -0.432912    0.499335
 61   42.233170   -0.000061    0.000000    0.010559    0.017535   -0.018185
 62   42.352257   -0.000031    0.000000   -0.078942    0.364317   -0.417183
 63   42.391663    0.000061    0.000000   -0.052714    0.284154   -0.314855
 64   42.497620    0.000031   -0.000031   -0.018783    0.169147   -0.179405
 65   42.272766    0.000043    0.000014   -0.005639    0.074805   -0.077838
 66   29.239311  -56.044872  -91.389038   -0.231247    0.873299   -0.763028
 67   42.375084   -0.000002   -0.000011    0.093821   -0.111286    0.087866
 68   42.546097    0.000000    0.000015    0.046076   -0.133604    0.128910
 69   42.234467    0.000027    0.000015    0.030874   -0.000233    0.000459
 70   42.465027   -0.000034    0.000023   -0.014870    0.236713   -0.276395
 71   42.458069    0.000015   -0.000023   -0.031325    0.289357   -0.356873
 72   42.267914   -0.000069   -0.000008   -0.085935    0.376918   -0.506282
 73   42.505981    0.000046   -0.000031   -0.095019    0.365980   -0.502767
 74   42.233116    0.000031   -0.000031   -0.009165   -0.034222    0.043113
 75   42.352135   -0.000031    0.000015   -0.081755   -0.344315    0.459263
 76   42.391846    0.000031   -0.000015   -0.034917   -0.248848    0.319215
 77   42.497589    0.000046    0.000000   -0.011315   -0.148609    0.188032
 78   42.272644    0.000004    0.000011   -0.000372   -0.062847    0.079093
 79   29.239307 -106.786263    1.740904   -0.000002    0.001858   -1.068780
 80   42.375069    0.000011   -0.000004   -0.000469   -0.000035    0.254937
 81   42.546036    0.000000    0.000004   -0.000536    0.000034    0.308680
 82   42.234497   -0.000031   -0.000006    0.000167   -0.000208   -0.097686
 83   42.465118   -0.000015   -0.000004    0.000862   -0.000564   -0.613677
 84   42.458099   -0.000023   -0.000002    0.000229   -0.000616   -0.354955
 85   42.267944    0.000015   -0.000006    0.000000   -0.000952   -0.521562
 86   42.505951    0.000000    0.000015   -0.000685   -0.001192   -0.802071
 87   42.233116   -0.000031   -0.000011   -0.000149   -0.000037   -0.080371
 88   42.352325    0.000000   -0.000002    0.000817    0.000137    0.448289
 89   42.391754    0.000000   -0.000004    0.000965    0.000681    0.666344
 90   42.497620   -0.000015   -0.000021    0.000171    0.000576    0.319231
 91   42.272522   -0.000010    0.000019   -0.000010    0.000333    0.175474
time 22
  0    0.000000    0.000000    0.000000    0.000000   -0.000000    0.000000
  1    0.000000    0.000000    0.000000    0.000000   -0.000000    0.000000
  2    0.000000    0.000000   -5.160420    0.785383   -1.573515    0.785383
  3   50.309219   -0.435479    0.000004    0.000459   -0.169503    0.014012
  4   30.891541   -0.000010   -0.000002    0.000017   -0.138249   -0.014097
  5   34.635597    0.000008   -0.000002   -0.000000   -0.218136   -0.000001
  6   30.584290    0.000019   -0.000004   -0.000000   -0.521668    0.000001
  7   31.520195    0.000002   -0.000008   -0.000000   -0.591803   -0.000001
  8   34.241192  -28.000027  -41.878021    0.991003   -0.414432    0.277159
  9   34.241116   23.441805  -41.878098   -0.991008   -0.414433   -0.277154
 10   35.246693  -52.543083    1.319122   -0.000000   -0.000000    0.513963
 11   35.246540   52.726318    1.318924   -0.000000   -0.000000   -0.513960
 12   34.830013  -24.891924   45.588608   -0.989176    0.421519    0.265304
 13   34.885769   27.636591   43.767807    0.989171    0.421518   -0.265303
 14   29.239323  -51.573341   94.292976    0.138858   -0.794599   -0.635120
 15   42.375061    0.000011   -0.000023   -0.096912    0.062310    0.049260
 16   42.546097    0.000042    0.000011   -0.049255    0.107507    0.102985
 17   42.234482    0.000008   -0.000008   -0.030647    0.020996    0.022621
 18   42.464966    0.000027    0.000019    0.022804   -0.261972   -0.305250
 19   42.458069   -0.000053   -0.000031    0.101931   -0.425840   -0.555042
 20   42.267975    0.000015   -0.000015    0.014251   -0.207790   -0.258444
 21   42.505905    0.000000    0.000000    0.117080   -0.404316   -0.561540
 22   42.233192    0.000000    0.000000    0.026510   -0.171683   -0.217941
 23   42.352283    0.000061   -0.000015    0.211064    0.512191    0.761743
 24   42.391693   -0.000015    0.000015    0.046319    0.280601    0.359978
 25   42.497559    0.000000   -0.000011    0.003310    0.098686    0.122575
 26   42.272766    0.000046   -0.000029   -0.000249    0.055149    0.068615
 27   29.239340   55.382652   92.214981    1.488958   -0.645343    0.447543
 28   42.375061    0.000000    0.000000    0.047350    0.032013    0.046750
 29   42.546097   -0.000015    0.000000    0.036874    0.005399    0.006426
 30   42.234482    0.000088   -0.000019    0.026458    0.011897    0.014160
 31   42.465042   -0.000046    0.000004    0.059300    0.257002    0.315485
 32   42.458099    0.000019   -0.000008    0.096183    0.339736    0.414133
 33   42.267914   -0.000015    0.000000    0.041147    0.212076    0.235304
 34   42.505981    0.000061    0.000031    0.161775    0.502717    0.614073
 35   42.233063   -0.000061    0.000015   -0.003170    0.121036    0.127923
 36   42.352211   -0.000122    0.000046    0.237662   -0.574112   -0.767614
 37   42.391724    0.000031    0.000031    0.048001   -0.268777   -0.300014
 38   42.497650   -0.000004   -0.000023    0.009291   -0.102702   -0.109239
 39   42.272552    0.000165   -0.000038    0.004657   -0.058547   -0.061582
 40   29.239353  106.746666    1.740846    0.000002    0.001860    1.062082
 41   42.375084    0.000000   -0.000001    0.000468   -0.000037   -0.254271
 42   42.546127   -0.000008    0.000003    0.000533    0.000033   -0.306929
 43   42.234497    0.000046    0.000000   -0.000171   -0.000208    0.099718
 44   42.465118   -0.000008   -0.000005   -0.000862   -0.000564    0.613652
 45   42.458130   -0.000023    0.000000   -0.000229   -0.000615    0.354335
 46   42.267975    0.000000    0.000004   -0.000001   -0.000955    0.523348
 47   42.505890    0.000031    0.000011    0.000685   -0.001189    0.800317
 48   42.233124    0.000031   -0.000010    0.000146   -0.000037    0.078856
 49   42.352261    0.000031    0.000002   -0.000820    0.000140   -0.450261
 50   42.391693    0.000000   -0.000002   -0.000960    0.000685   -0.665094
 51   42.497650    0.000015   -0.000010   -0.000169    0.000575   -0.318657
 52   42.272766   -0.000014    0.000005    0.000011    0.000333   -0.175005
 53   29.239340   50.706913  -91.389084   -1.205520    0.831684    0.851253
 54   42.375092   -0.000006   -0.000001   -0.059847    0.109427   -0.102673
 55   42.546082    0.000034    0.000021   -0.050270    0.137283   -0.136909
 56   42.234558   -0.000034   -0.000004   -0.026461    0.024389   -0.009637
 57   42.465012    0.000046    0.000004   -0.049508   -0.222001    0.263660
 58   42.458069    0.000031   -0.000008   -0.079109   -0.300396    0.353411
 59   42.267975   -0.000084    0.000000   -0.110276   -0.395664    0.463303
 60   42.505905    0.000107    0.000000   -0.109248   -0.431426    0.497215
 61   42.233170   -0.000092   -0.000092    0.010526    0.018977   -0.019687
 62   42.352272    0.000031    0.000015   -0.079379    0.365236   -0.418405
 63   42.391693    0.000076   -0.000031   -0.052418    0.283293   -0.313809
 64   42.497559    0.000053   -0.000023   -0.018722    0.168824   -0.179053
 65   42.272675    0.000010   -0.000014   -0.005613    0.074467   -0.077484
 66   29.239321  -56.044876  -91.389038   -0.235622    0.876218   -0.768723
 67   42.375092    0.000008   -0.000004    0.093618   -0.113586    0.089693
 68   42.546097   -0.000004    0.000038    0.045882   -0.135099    0.130374
 69   42.234467    0.000038   -0.000011    0.030873    0.000216   -0.000019
 70   42.465012   -0.000027   -0.000015   -0.015173    0.237754   -0.277691
 71   42.458099    0.000008    0.000008   -0.031303    0.289300   -0.356795
 72   42.267914   -0.000053   -0.000008   -0.086474    0.377822   -0.507749
 73   42.506012    0.000076    0.000046   -0.094155    0.364507   -0.500347
 74   42.233162   -0.000031    0.000000   -0.009224   -0.035524    0.044755
 75   42.352211   -0.000031    0.000015   -0.082126   -0.345018    0.460359
 76   42.391754   -0.000046   -0.000031   -0.034650   -0.248068    0.318134
 77   42.497467    0.000038    0.000000   -0.011259   -0.148321    0.187658
 78   42.272705    0.000008    0.000016   -0.000349   -0.062551    0.078720
 79   29.239317 -106.786255    1.740895   -0.000002    0.001852   -1.073400
 80   42.375092   -0.000008   -0.000006   -0.000474   -0.000030    0.258745
 81   42.546036   -0.000031    0.000001   -0.000538    0.000036    0.310146
 82   42.234512   -0.000008   -0.000009    0.000171   -0.000209   -0.099902
 83   42.465057    0.000000   -0.000005    0.000862   -0.000566   -0.614538
 84   42.458099    0.000015   -0.000005    0.000227   -0.000615   -0.353966
 85   42.267944    0.000015   -0.000009   -0.000001   -0.000956   -0.524195
 86   42.505966   -0.000031    0.000012   -0.000688   -0.001186   -0.799718
 87   42.233101   -0.000061   -0.000012   -0.000145   -0.000036   -0.078112
 88   42.352310    0.000031   -0.000001    0.000823    0.000138    0.451516
 89   42.391739    0.000031   -0.000008    0.000960    0.000683    0.664603
 90   42.497498   -0.000015   -0.000021    0.000169    0.000574    0.318326
 91   42.272552    0.000009    0.000016   -0.000011    0.000331    0.174699
time 23
  0    0.000000    0.000000    0.000000    0.000000   -0.000000    0.000000
  1    0.000000    0.000000    0.000000    0.000000   -0.000000    0.000000
  2    0.000000    0.000000   -4.818225    0.785390   -1.573515    0.785390
  3   50.309212   -0.435479    0.000004    0.000480   -0.168121    0.014008
  4   30.891544   -0.000011    0.000000    0.000017   -0.136339   -0.014097
  5   34.635597    0.000007    0.000004   -0.000000   -0.217479   -0.000001
  6   30.584290    0.000018    0.000004   -0.000000   -0.523977    0.000001
  7   31.520187    0.000000    0.000008   -0.000000   -0.594236   -0.000001
  8   34.241196  -28.000031  -41.877991    0.991507   -0.412494    0.275817
  9   34.241127   23.441803  -41.878098   -0.991512   -0.412495   -0.275812
 10   35.246712  -52.543083    1.319122   -0.000000    0.000000    0.511661
 11   35.246552   52.726318    1.318924   -0.000000   -0.000000   -0.511658
 12   34.830025  -24.891924   45.588608   -0.989691    0.419583    0.263954
 13   34.885773   27.636589   43.767830    0.989687    0.419582   -0.263953
 14   29.239319  -51.573330   94.292969    0.141939   -0.797518   -0.639413
 15   42.375069   -0.000004   -0.000011   -0.096830    0.064093    0.050652
 16   42.546112    0.000050    0.000000   -0.049084    0.109183    0.104596
 17   42.234467    0.000019    0.000015   -0.030657    0.020465    0.022058
 18   42.465012    0.000000    0.000008    0.023450   -0.263934   -0.307725
 19   42.458069   -0.000069    0.000008    0.101429   -0.425110   -0.553833
 20   42.267944    0.000000   -0.000015    0.014158   -0.207452   -0.258001
 21   42.505951    0.000000   -0.000046    0.117984   -0.405642   -0.563853
 22   42.233192    0.000031   -0.000046    0.025730   -0.168112   -0.213250
 23   42.352283    0.000061    0.000000    0.212280    0.513299    0.764213
 24   42.391785    0.000000   -0.000015    0.045566    0.278687    0.357270
 25   42.497528    0.000046   -0.000015    0.003275    0.098407    0.122223
 26   42.272766    0.000056   -0.000018   -0.000255    0.055034    0.068471
 27   29.239336   55.382656   92.214973    1.487414   -0.647902    0.450112
 28   42.375069    0.000004   -0.000008    0.047327    0.031541    0.046043
 29   42.546112   -0.000008    0.000004    0.036866    0.004293    0.004936
 30   42.234467    0.000065    0.000008    0.026460    0.011982    0.014270
 31   42.465057   -0.000046    0.000019    0.059870    0.258684    0.317724
 32   42.458069    0.000031   -0.000015    0.095772    0.338852    0.412896
 33   42.267914    0.000015    0.000000    0.041180    0.212216    0.235463
 34   42.506027    0.000122    0.000000    0.162912    0.504129    0.616436
 35   42.233078   -0.000031    0.000031   -0.003796    0.116069    0.122592
 36   42.352219   -0.000122    0.000031    0.238677   -0.574996   -0.769484
 37   42.391663    0.000092   -0.000031    0.047302   -0.266591   -0.297376
 38   42.497650    0.000046    0.000000    0.009256   -0.102376   -0.108888
 39   42.272644    0.000164   -0.000050    0.004649   -0.058411   -0.061437
 40   29.239349  106.746666    1.740857    0.000002    0.001854    1.066701
 41   42.375092    0.000015   -0.000000    0.000473   -0.000031   -0.258092
 42   42.546112   -0.000008    0.000000    0.000535    0.000035   -0.308377
 43   42.234467   -0.000015   -0.000003   -0.000174   -0.000209    0.101947
 44   42.465057   -0.000031   -0.000006   -0.000862   -0.000566    0.614500
 45   42.458069   -0.000023   -0.000004   -0.000227   -0.000614    0.353347
 46   42.267944    0.000015    0.000003    0.000000   -0.000959    0.525988
 47   42.505951    0.000031    0.000006    0.000688   -0.001183    0.797940
 48   42.233124    0.000000   -0.000009    0.000142   -0.000035    0.076599
 49   42.352261    0.000000    0.000004   -0.000826    0.000141   -0.453507
 50   42.391678    0.000000   -0.000003   -0.000956    0.000687   -0.663337
 51   42.497650   -0.000008   -0.000012   -0.000167    0.000574   -0.317749
 52   42.272736   -0.000005    0.000001    0.000011    0.000331   -0.174226
 53   29.239330   50.706898  -91.389107   -1.200946    0.834205    0.857000
 54   42.375084   -0.000008    0.000006   -0.060204    0.111054   -0.104868
 55   42.546082    0.000031    0.000004   -0.050529    0.138686   -0.138724
 56   42.234558   -0.000038   -0.000015   -0.026452    0.023945   -0.009217
 57   42.464996    0.000072    0.000004   -0.049802   -0.223049    0.264931
 58   42.458099    0.000038   -0.000008   -0.079078   -0.300321    0.353346
 59   42.268005   -0.000053    0.000015   -0.110803   -0.396648    0.464679
 60   42.505920    0.000122   -0.000015   -0.108367   -0.429944    0.495106
 61   42.233170    0.000000   -0.000061    0.010490    0.020397   -0.021165
 62   42.352257    0.000031   -0.000015   -0.079806    0.366131   -0.419596
 63   42.391724    0.000031   -0.000015   -0.052129    0.282445   -0.312783
 64   42.497528    0.000046    0.000015   -0.018664    0.168510   -0.178708
 65   42.272705    0.000036   -0.000014   -0.005586    0.074133   -0.077135
 66   29.239317  -56.044899  -91.389076   -0.240056    0.879133   -0.774480
 67   42.375092    0.000002    0.000010    0.093410   -0.115908    0.091538
 68   42.546112    0.000008    0.000027    0.045684   -0.136587    0.131831
 69   42.234436    0.000027   -0.000027    0.030874    0.000669   -0.000503
 70   42.465057   -0.000042   -0.000023   -0.015479    0.238790   -0.278983
 71   42.458069    0.000031   -0.000008   -0.031280    0.289244   -0.356716
 72   42.267944   -0.000046    0.000015   -0.087014    0.378725   -0.509215
 73   42.505966    0.000061    0.000031   -0.093293    0.363028   -0.497925
 74   42.233116    0.000031   -0.000031   -0.009286   -0.036831    0.046403
 75   42.352158   -0.000061    0.000015   -0.082493   -0.345715    0.461443
 76   42.391815    0.000000    0.000000   -0.034385   -0.247290    0.317057
 77   42.497559    0.000038    0.000038   -0.011203   -0.148033    0.187283
 78   42.272736    0.000031    0.000013   -0.000326   -0.062253    0.078342
 79   29.239313 -106.786255    1.740884   -0.000002    0.001846   -1.078042
 80   42.375099   -0.000008   -0.000005   -0.000479   -0.000024    0.262587
 81   42.546021    0.000000    0.000004   -0.000539    0.000038    0.311593
 82   42.234482   -0.000023   -0.000007    0.000175   -0.000209   -0.102116
 83   42.465073   -0.000023   -0.000003    0.000862   -0.000569   -0.615371
 84   42.458069    0.000015   -0.000005    0.000225   -0.000614   -0.352990
 85   42.267944    0.000000   -0.000005   -0.000002   -0.000960   -0.526806
 86   42.505981    0.000000    0.000012   -0.000691   -0.001181   -0.797358
 87   42.233101    0.000000   -0.000014   -0.000141   -0.000035   -0.075885
 88   42.352341    0.000000    0.000002    0.000828    0.000140    0.454726
 89   42.391754   -0.000031   -0.000006    0.000956    0.000685    0.662859
 90   42.497559    0.000000   -0.000020    0.000168    0.000573    0.317425
 91   42.272583    0.000002    0.000018   -0.000011    0.000330    0.173931
time 24
  0    0.000000    0.000000    0.000000    0.000000   -0.000000    0.000000
  1    0.000000    0.000000    0.000000    0.000000   -0.000000    0.000000
  2    0.000000    0.000000   -4.476028    0.785390   -1.573515    0.785390
  3   50.309212   -0.435479    0.000004    0.000500   -0.166871    0.014004
  4   30.891556   -0.000011    0.000000    0.000017   -0.134610   -0.014097
  5   34.635597    0.000007    0.000000   -0.000000   -0.216884   -0.000001
  6   30.584297    0.000018    0.000000   -0.000000   -0.526066    0.000001
  7   31.520187    0.000000    0.000000   -0.000000   -0.596439   -0.000001
  8   34.241196  -28.000032  -41.878006    0.991964   -0.410739    0.274601
  9   34.241135   23.441803  -41.878113   -0.991968   -0.410740   -0.274596
 10   35.246712  -52.543087    1.319138   -0.000000   -0.000000    0.509576
 11   35.246552   52.726311    1.318909   -0.000000   -0.000000   -0.509573
 12   34.830032  -24.891922   45.588608   -0.990158    0.417831    0.262732
 13   34.885780   27.636589   43.767822    0.990154    0.417829   -0.262731
 14   29.239319  -51.573326   94.292953    0.145059   -0.800439   -0.643748
 15   42.375069   -0.000002   -0.000008   -0.096744    0.065892    0.052055
 16   42.546097    0.000027    0.000031   -0.048911    0.110865    0.106214
 17   42.234421    0.000011    0.000015   -0.030667    0.019924    0.021486
 18   42.465027    0.000008    0.000011    0.024097   -0.265880   -0.310187
 19   42.458099   -0.000061   -0.000015    0.100923   -0.424373   -0.552616
 20   42.267929    0.000031   -0.000031    0.014070   -0.207124   -0.257574
 21   42.505798    0.000015   -0.000031    0.118875   -0.406944   -0.566130
 22   42.233139    0.000000   -0.000031    0.024976   -0.164564   -0.208603
 23   42.352226    0.000061    0.000015    0.213460    0.514371    0.766609
 24   42.391663    0.000000    0.000000    0.044832    0.276805    0.354610
 25   42.497467    0.000061   -0.000031    0.003241    0.098131    0.121879
 26   42.272644    0.000061   -0.000052   -0.000263    0.054922    0.068330
 27   29.239334   55.382633   92.214958    1.485851   -0.650471    0.452706
 28   42.375084    0.000011   -0.000015    0.047303    0.031059    0.045323
 29   42.546082   -0.000031    0.000011    0.036860    0.003176    0.003432
 30   42.234436    0.000053   -0.000019    0.026461    0.012079    0.014396
 31   42.465027   -0.000031   -0.000015    0.060447    0.260367    0.319968
 32   42.458099    0.000031   -0.000015    0.095358    0.337959    0.411646
 33   42.267853    0.000015    0.000015    0.041217    0.212368    0.235638
 34   42.506027    0.000092    0.000061    0.164040    0.505522    0.618775
 35   42.233063    0.000000    0.000046   -0.004396    0.111078    0.117246
 36   42.352238   -0.000153    0.000046    0.239660   -0.575848   -0.771290
 37   42.391754    0.000092    0.000031    0.046612   -0.264414   -0.294753
 38   42.497559    0.000080   -0.000027    0.009221   -0.102051   -0.108538
 39   42.272644    0.000144   -0.000019    0.004640   -0.058274   -0.061294
 40   29.239346  106.746643    1.740851    0.000002    0.001848    1.071341
 41   42.375069    0.000000   -0.000001    0.000479   -0.000026   -0.261946
 42   42.546127    0.000000    0.000000    0.000537    0.000037   -0.309797
 43   42.234436   -0.000008   -0.000003   -0.000178   -0.000209    0.104164
 44   42.465057    0.000031   -0.000006   -0.000862   -0.000568    0.615317
 45   42.458038   -0.000023   -0.000003   -0.000225   -0.000613    0.352380
 46   42.267944    0.000000    0.000005    0.000002   -0.000964    0.528617
 47   42.505905    0.000031    0.000007    0.000691   -0.001178    0.795543
 48   42.233101    0.000031   -0.000011    0.000138   -0.000034    0.074373
 49   42.352215    0.000061    0.000002   -0.000831    0.000143   -0.456713
 50   42.391693    0.000031   -0.000003   -0.000951    0.000689   -0.661586
 51   42.497620    0.000008   -0.000012   -0.000166    0.000572   -0.316850
 52   42.272736   -0.000012    0.000001    0.000012    0.000330   -0.173459
 53   29.239334   50.706909  -91.389084   -1.196324    0.836718    0.862799
 54   42.375092   -0.000013   -0.000001   -0.060568    0.112694   -0.107087
 55   42.546051    0.000019    0.000002   -0.050790    0.140082   -0.140534
 56   42.234528   -0.000019   -0.000011   -0.026444    0.023500   -0.008794
 57   42.465012    0.000057    0.000008   -0.050095   -0.224095    0.266199
 58   42.458099    0.000038    0.000000   -0.079046   -0.300246    0.353281
 59   42.267975   -0.000107    0.000031   -0.111329   -0.397624    0.466049
 60   42.505890    0.000061    0.000000   -0.107489   -0.428457    0.492995
 61   42.233139   -0.000061    0.000000    0.010453    0.021812   -0.022638
 62   42.352303   -0.000031   -0.000046   -0.080227    0.367012   -0.420769
 63   42.391724    0.000000   -0.000015   -0.051840    0.281599   -0.311759
 64   42.497559    0.000031    0.000023   -0.018607    0.168196   -0.178366
 65   42.272766    0.000022    0.000015   -0.005560    0.073805   -0.076789
 66   29.239315  -56.044880  -91.389008   -0.244551    0.882042   -0.780301
 67   42.375099    0.000002   -0.000015    0.093194   -0.118249    0.093401
 68   42.546097   -0.000011    0.000019    0.045487   -0.138067    0.133282
 69   42.234467    0.000034   -0.000027    0.030873    0.001118   -0.000982
 70   42.465012   -0.000023    0.000000   -0.015782    0.239811   -0.280257
 71   42.458099    0.000023    0.000008   -0.031257    0.289189   -0.356641
 72   42.267944   -0.000038   -0.000008   -0.087544    0.379605   -0.510648
 73   42.505951    0.000046   -0.000015   -0.092447    0.361566   -0.495534
 74   42.233124    0.000031   -0.000015   -0.009347   -0.038108    0.048012
 75   42.352196    0.000000    0.000000   -0.082848   -0.346383    0.462487
 76   42.391754   -0.000046   -0.000031   -0.034129   -0.246531    0.316008
 77   42.497559   -0.000008   -0.000023   -0.011148   -0.147752    0.186918
 78   42.272675    0.000010    0.000004   -0.000304   -0.061962    0.077976
 79   29.239311 -106.786232    1.740890   -0.000002    0.001840   -1.082703
 80   42.375107   -0.000006   -0.000004   -0.000485   -0.000019    0.266463
 81   42.546051    0.000008    0.000003   -0.000541    0.000040    0.313014
 82   42.234512    0.000008   -0.000008    0.000178   -0.000210   -0.104326
 83   42.465073   -0.000008   -0.000003    0.000862   -0.000571   -0.616173
 84   42.458038   -0.000008   -0.000003    0.000223   -0.000614   -0.352037
 85   42.267914    0.000031   -0.000009   -0.000004   -0.000965   -0.529424
 86   42.505951   -0.000031    0.000012   -0.000694   -0.001175   -0.794968
 87   42.233063    0.000000   -0.000010   -0.000137   -0.000033   -0.073677
 88   42.352287   -0.000031    0.000002    0.000833    0.000141    0.457907
 89   42.391724    0.000000   -0.000006    0.000951    0.000687    0.661119
 90   42.497498    0.000008   -0.000020    0.000166    0.000572    0.316535
 91   42.272522    0.000011    0.000020   -0.000011    0.000328    0.173169
time 25
  0    0.000000    0.000000    0.000000    0.000000   -0.000000    0.000000
  1    0.000000    0.000000    0.000000    0.000000   -0.000000    0.000000
  2    0.000000    0.000000   -4.133833    0.785390   -1.573515    0.785390
  3   50.309219   -0.435479    0.000004    0.000517   -0.165768    0.014001
  4   30.891544   -0.000010    0.000000    0.000017   -0.133085   -0.014097
  5   34.635612    0.000008   -0.000002   -0.000000   -0.216359   -0.000001
  6   30.584290    0.000019    0.000000   -0.000000   -0.527910    0.000001
  7   31.520203    0.000002    0.000008   -0.000000   -0.598382   -0.000001
  8   34.241207  -28.000034  -41.878021    0.992366   -0.409192    0.273529
  9   34.241131   23.441809  -41.878113   -0.992371   -0.409193   -0.273524
 10   35.246700  -52.543095    1.319138   -0.000000    0.000000    0.507738
 11   35.246555   52.726330    1.318924   -0.000000   -0.000000   -0.507735
 12   34.830021  -24.891930   45.588623   -0.990570    0.416285    0.261654
 13   34.885792   27.636595   43.767838    0.990566    0.416284   -0.261653
 14   29.239321  -51.573349   94.292984    0.148221   -0.803363   -0.648130
 15   42.375076    0.000006    0.000000   -0.096654    0.067709    0.053474
 16   42.546097    0.000034   -0.000011   -0.048735    0.112547    0.107833
 17   42.234482    0.000019   -0.000004   -0.030677    0.019379    0.020908
 18   42.464996    0.000027   -0.000023    0.024749   -0.267824   -0.312648
 19   42.458069   -0.000076    0.000008    0.100413   -0.423626   -0.551383
 20   42.268021    0.000015   -0.000015    0.013982   -0.206805   -0.257156
 21   42.505905   -0.000031   -0.000031    0.119762   -0.408231   -0.568387
 22   42.233231    0.000000   -0.000031    0.024238   -0.161016   -0.203965
 23   42.352280    0.000000   -0.000061    0.214619    0.515416    0.768954
 24   42.391663   -0.000046   -0.000031    0.044107    0.274932    0.351971
 25   42.497375    0.000008   -0.000042    0.003207    0.097859    0.121536
 26   42.272797    0.000066   -0.000031   -0.000271    0.054810    0.068191
 27   29.239344   55.382637   92.215004    1.484267   -0.653051    0.455323
 28   42.375076    0.000004   -0.000004    0.047279    0.030568    0.044588
 29   42.546112    0.000000    0.000004    0.036855    0.002050    0.001917
 30   42.234467    0.000076   -0.000015    0.026462    0.012186    0.014534
 31   42.465012   -0.000008   -0.000015    0.061024    0.262042    0.322204
 32   42.458130    0.000019   -0.000011    0.094943    0.337060    0.410390
 33   42.267899    0.000000    0.000031    0.041257    0.212533    0.235827
 34   42.506027    0.000076    0.000031    0.165150    0.506885    0.621070
 35   42.233086   -0.000031    0.000015   -0.004968    0.106109    0.111931
 36   42.352200   -0.000092    0.000031    0.240601   -0.576657   -0.773013
 37   42.391754    0.000046    0.000015    0.045939   -0.262272   -0.292176
 38   42.497650    0.000061    0.000000    0.009186   -0.101730   -0.108193
 39   42.272614    0.000167    0.000012    0.004632   -0.058140   -0.061152
 40   29.239353  106.746712    1.740846    0.000002    0.001842    1.076001
 41   42.375076    0.000002   -0.000002    0.000484   -0.000020   -0.265832
 42   42.546112    0.000008    0.000003    0.000538    0.000039   -0.311200
 43   42.234451    0.000000   -0.000001   -0.000182   -0.000210    0.106380
 44   42.465027   -0.000015   -0.000005   -0.000862   -0.000570    0.616105
 45   42.458069   -0.000015   -0.000000   -0.000223   -0.000612    0.351434
 46   42.267944    0.000000    0.000003    0.000003   -0.000968    0.531255
 47   42.505905    0.000031    0.000007    0.000694   -0.001172    0.793121
 48   42.233093   -0.000031   -0.000009    0.000134   -0.000033    0.072164
 49   42.352242   -0.000031    0.000003   -0.000836    0.000144   -0.459910
 50   42.391632    0.000061    0.000000   -0.000946    0.000691   -0.659830
 51   42.497650    0.000008   -0.000008   -0.000164    0.000571   -0.315958
 52   42.272705    0.000007    0.000002    0.000012    0.000328   -0.172694
 53   29.239336   50.706909  -91.389091   -1.191647    0.839223    0.868655
 54   42.375099   -0.000004   -0.000010   -0.060941    0.114351   -0.109329
 55   42.546082    0.000034    0.000019   -0.051051    0.141468   -0.142336
 56   42.234558   -0.000023   -0.000008   -0.026436    0.023057   -0.008374
 57   42.465027    0.000031    0.000008   -0.050386   -0.225127    0.267454
 58   42.458130    0.000038    0.000000   -0.079016   -0.300172    0.353217
 59   42.268005   -0.000092    0.000008   -0.111850   -0.398589    0.467401
 60   42.505859    0.000076    0.000000   -0.106619   -0.426977    0.490899
 61   42.233200   -0.000031   -0.000031    0.010415    0.023208   -0.024089
 62   42.352264    0.000000   -0.000046   -0.080640    0.367873   -0.421918
 63   42.391724    0.000076   -0.000031   -0.051557    0.280767   -0.310752
 64   42.497559    0.000023   -0.000008   -0.018549    0.167887   -0.178028
 65   42.272736    0.000028   -0.000020   -0.005538    0.073478   -0.076451
 66   29.239325  -56.044876  -91.389061   -0.249104    0.884945   -0.786184
 67   42.375107   -0.000008   -0.000023    0.092973   -0.120612    0.095282
 68   42.546127   -0.000008    0.000004    0.045288   -0.139537    0.134724
 69   42.234467    0.000019   -0.000008    0.030872    0.001563   -0.001456
 70   42.464996   -0.000042    0.000004   -0.016084    0.240826   -0.281524
 71   42.458099    0.000023   -0.000027   -0.031235    0.289131   -0.356562
 72   42.267883   -0.000069   -0.000023   -0.088069    0.380479   -0.512070
 73   42.505966    0.000046    0.000000   -0.091609    0.360108   -0.493159
 74   42.233147   -0.000031    0.000000   -0.009411   -0.039379    0.049615
 75   42.352165    0.000000   -0.000015   -0.083197   -0.347041    0.463512
 76   42.391785    0.000000    0.000000   -0.033874   -0.245776    0.314965
 77   42.497559   -0.000008    0.000000   -0.011096   -0.147472    0.186555
 78   42.272736   -0.000058    0.000011   -0.000279   -0.061672    0.077610
 79   29.239321 -106.786270    1.740896   -0.000002    0.001834   -1.087382
 80   42.375122   -0.000010   -0.000007   -0.000490   -0.000013    0.270368
 81   42.546051    0.000008    0.000001   -0.000543    0.000042    0.314414
 82   42.234543   -0.000046   -0.000007    0.000182   -0.000211   -0.106525
 83   42.465103   -0.000023   -0.000005    0.000862   -0.000573   -0.616946
 84   42.458038    0.000023   -0.000005    0.000221   -0.000613   -0.351104
 85   42.267944    0.000046   -0.000007   -0.000005   -0.000969   -0.532029
 86   42.505966    0.000000    0.000010   -0.000697   -0.001169   -0.792562
 87   42.233070   -0.000031   -0.000012   -0.000133   -0.000032   -0.071502
 88   42.352341   -0.000031    0.000001    0.000839    0.000142    0.461060
 89   42.391724   -0.000031   -0.000008    0.000946    0.000689    0.659382
 90   42.497559    0.000023   -0.000021    0.000165    0.000571    0.315654
 91   42.272552   -0.000004    0.000015   -0.000011    0.000327    0.172417
time 26
  0    0.000000    0.000000    0.000000    0.000000   -0.000000    0.000000
  1    0.000000    0.000000    0.000000    0.000000   -0.000000    0.000000
  2    0.000000    0.000000   -3.791636    0.785390   -1.573515    0.785390
  3   50.309212   -0.435479    0.000004    0.000532   -0.164828    0.013999
  4   30.891544   -0.000011    0.000000    0.000017   -0.131786   -0.014097
  5   34.635605    0.000007    0.000000   -0.000000   -0.215912   -0.000001
  6   30.584282    0.000018    0.000004   -0.000000   -0.529479    0.000001
  7   31.520187    0.000000    0.000015   -0.000000   -0.600036   -0.000001
  8   34.241207  -28.000034  -41.878006    0.992709   -0.407874    0.272617
  9   34.241131   23.441803  -41.878098   -0.992714   -0.407875   -0.272612
 10   35.246716  -52.543091    1.319138   -0.000000    0.000000    0.506172
 11   35.246548   52.726326    1.318924   -0.000000    0.000000   -0.506169
 12   34.830021  -24.891928   45.588600   -0.990921    0.414968    0.260737
 13   34.885777   27.636589   43.767822    0.990916    0.414967   -0.260736
 14   29.239317  -51.573326   94.292931    0.151425   -0.806291   -0.652557
 15   42.375076   -0.000006    0.000008   -0.096561    0.069543    0.054906
 16   42.546082    0.000042   -0.000015   -0.048555    0.114233    0.109457
 17   42.234451    0.000019    0.000004   -0.030687    0.018826    0.020322
 18   42.464996    0.000015    0.000000    0.025402   -0.269755   -0.315098
 19   42.458099   -0.000084    0.000000    0.099898   -0.422873   -0.550141
 20   42.267975    0.000015    0.000015    0.013900   -0.206499   -0.256757
 21   42.505936   -0.000015   -0.000015    0.120639   -0.409500   -0.570616
 22   42.233154    0.000000   -0.000031    0.023521   -0.157483   -0.199357
 23   42.352318    0.000000    0.000000    0.215744    0.516427    0.771231
 24   42.391724   -0.000046   -0.000015    0.043401    0.273089    0.349378
 25   42.497528    0.000038    0.000015    0.003173    0.097589    0.121199
 26   42.272827    0.000048   -0.000010   -0.000279    0.054700    0.068053
 27   29.239338   55.382633   92.214958    1.482663   -0.655643    0.457966
 28   42.375092    0.000011    0.000000    0.047256    0.030064    0.043834
 29   42.546097   -0.000023    0.000000    0.036852    0.000918    0.000390
 30   42.234482    0.000053    0.000004    0.026464    0.012303    0.014686
 31   42.465027   -0.000069    0.000004    0.061604    0.263712    0.324437
 32   42.458038    0.000038   -0.000019    0.094527    0.336155    0.409128
 33   42.267868    0.000000    0.000015    0.041299    0.212711    0.236030
 34   42.506012    0.000076    0.000015    0.166247    0.508224    0.623334
 35   42.233078   -0.000061    0.000076   -0.005512    0.101138    0.106624
 36   42.352245   -0.000061    0.000046    0.241503   -0.577433   -0.774664
 37   42.391663    0.000107   -0.000031    0.045280   -0.260150   -0.289630
 38   42.497681    0.000088   -0.000008    0.009151   -0.101411   -0.107851
 39   42.272552    0.000152    0.000004    0.004624   -0.058005   -0.061009
 40   29.239349  106.746643    1.740851    0.000002    0.001836    1.080680
 41   42.375069    0.000000    0.000000    0.000489   -0.000014   -0.269752
 42   42.546112   -0.000008    0.000000    0.000540    0.000041   -0.312576
 43   42.234467   -0.000015   -0.000003   -0.000186   -0.000211    0.108588
 44   42.465088    0.000015   -0.000006   -0.000862   -0.000572    0.616862
 45   42.458099   -0.000008   -0.000004   -0.000221   -0.000611    0.350507
 46   42.267914    0.000031    0.000003    0.000004   -0.000972    0.533861
 47   42.505951    0.000000    0.000008    0.000697   -0.001167    0.790692
 48   42.233154    0.000000   -0.000011    0.000130   -0.000031    0.069996
 49   42.352264    0.000031    0.000002   -0.000842    0.000145   -0.463057
 50   42.391678    0.000031   -0.000003   -0.000942    0.000693   -0.658088
 51   42.497650    0.000023   -0.000010   -0.000162    0.000570   -0.315078
 52   42.272766    0.000002    0.000001    0.000012    0.000327   -0.171943
 53   29.239334   50.706909  -91.389107   -1.186919    0.841719    0.874564
 54   42.375107   -0.000002   -0.000012   -0.061321    0.116017   -0.111593
 55   42.546066    0.000027    0.000000   -0.051314    0.142850   -0.144134
 56   42.234528   -0.000015    0.000000   -0.026428    0.022616   -0.007952
 57   42.464951    0.000019    0.000015   -0.050678   -0.226157    0.268705
 58   42.458038    0.000046   -0.000015   -0.078984   -0.300096    0.353151
 59   42.268005   -0.000076    0.000000   -0.112367   -0.399545    0.468744
 60   42.505951    0.000122   -0.000015   -0.105756   -0.425498    0.488809
 61   42.233192   -0.000061   -0.000061    0.010374    0.024594   -0.025534
 62   42.352264    0.000000    0.000000   -0.081049    0.368723   -0.423053
 63   42.391754    0.000046    0.000015   -0.051278    0.279937   -0.309750
 64   42.497528    0.000069    0.000008   -0.018492    0.167579   -0.177691
 65   42.272797    0.000029    0.000024   -0.005513    0.073154   -0.076111
 66   29.239323  -56.044880  -91.389030   -0.253718    0.887842   -0.792132
 67   42.375092   -0.000008   -0.000011    0.092744   -0.122998    0.097182
 68   42.546112   -0.000011    0.000011    0.045089   -0.141002    0.136161
 69   42.234497    0.000031   -0.000008    0.030871    0.002014   -0.001937
 70   42.465057   -0.000042    0.000034   -0.016387    0.241840   -0.282791
 71   42.458160    0.000015    0.000011   -0.031213    0.289076   -0.356485
 72   42.267914   -0.000092    0.000023   -0.088594    0.381347   -0.513487
 73   42.505966    0.000046    0.000031   -0.090770    0.358642   -0.490772
 74   42.233162    0.000000   -0.000015   -0.009476   -0.040644    0.051209
 75   42.352196   -0.000031    0.000000   -0.083540   -0.347683    0.464516
 76   42.391754    0.000015   -0.000015   -0.033621   -0.245028    0.313930
 77   42.497528    0.000053   -0.000015   -0.011042   -0.147194    0.186195
 78   42.272736    0.000002    0.000004   -0.000258   -0.061388    0.077250
 79   29.239317 -106.786255    1.740890   -0.000002    0.001828   -1.092082
 80   42.375084    0.000000   -0.000004   -0.000495   -0.000007    0.274308
 81   42.546036   -0.000015    0.000003   -0.000544    0.000044    0.315790
 82   42.234528   -0.000015   -0.000007    0.000186   -0.000211   -0.108732
 83   42.465118    0.000008   -0.000004    0.000862   -0.000574   -0.617694
 84   42.458069   -0.000008   -0.000003    0.000219   -0.000612   -0.350179
 85   42.267944   -0.000015   -0.000009   -0.000007   -0.000973   -0.534637
 86   42.505981   -0.000031    0.000015   -0.000700   -0.001164   -0.790133
 87   42.233101   -0.000031   -0.000010   -0.000129   -0.000031   -0.069341
 88   42.352329    0.000000   -0.000002    0.000844    0.000144    0.464198
 89   42.391693    0.000031   -0.000004    0.000942    0.000691    0.657638
 90   42.497528   -0.000015   -0.000020    0.000163    0.000570    0.314778
 91   42.272522   -0.000017    0.000016   -0.000012    0.000326    0.171670
time 27
  0    0.000000    0.000000    0.000000    0.000000   -0.000000    0.000000
  1    0.000000    0.000000    0.000000    0.000000   -0.000000    0.000000
  2    0.000000    0.000000   -3.449440    0.785390   -1.573515    0.785390
  3   50.309212   -0.435479    0.000004    0.000544   -0.164069    0.013996
  4   30.891541   -0.000011    0.000000    0.000017   -0.130737   -0.014097
  5   34.635597    0.000007    0.000000   -0.000000   -0.215551   -0.000001
  6   30.584290    0.000018    0.000000   -0.000000   -0.530748    0.000001
  7   31.520203    0.000000    0.000015   -0.000000   -0.601373   -0.000001
  8   34.241203  -28.000034  -41.878006    0.992986   -0.406809    0.271879
  9   34.241135   23.441803  -41.878098   -0.992991   -0.406810   -0.271874
 10   35.246712  -52.543091    1.319138   -0.000000    0.000000    0.504907
 11   35.246552   52.726326    1.318939   -0.000000    0.000000   -0.504904
 12   34.830032  -24.891930   45.588615   -0.991205    0.413905    0.259995
 13   34.885780   27.636587   43.767830    0.991200    0.413904   -0.259994
 14   29.239319  -51.573330   94.292969    0.154673   -0.809221   -0.657031
 15   42.375061    0.000010   -0.000017   -0.096465    0.071395    0.056353
 16   42.546112    0.000027    0.000004   -0.048373    0.115920    0.111082
 17   42.234497    0.000027   -0.000004   -0.030696    0.018268    0.019733
 18   42.465027    0.000004   -0.000011    0.026059   -0.271679   -0.317544
 19   42.458069   -0.000069   -0.000015    0.099382   -0.422112   -0.548891
 20   42.267944    0.000031   -0.000015    0.013818   -0.206202   -0.256369
 21   42.505936   -0.000046    0.000015    0.121514   -0.410756   -0.572830
 22   42.233162    0.000061    0.000000    0.022821   -0.153946   -0.194751
 23   42.352287   -0.000031    0.000031    0.216848    0.517412    0.773456
 24   42.391754   -0.000031    0.000000    0.042705    0.271257    0.346806
 25   42.497589    0.000061   -0.000008    0.003140    0.097322    0.120863
 26   42.272919    0.000067   -0.000021   -0.000286    0.054589    0.067915
 27   29.239334   55.382656   92.214973    1.481039   -0.658244    0.460633
 28   42.375092    0.000000   -0.000011    0.047232    0.029553    0.043070
 29   42.546097   -0.000019    0.000004    0.036851   -0.000230   -0.001154
 30   42.234512    0.000080   -0.000015    0.026466    0.012438    0.014857
 31   42.465073   -0.000038   -0.000008    0.062188    0.265379    0.326672
 32   42.458069    0.000008    0.000000    0.094106    0.335241    0.407852
 33   42.267914    0.000015    0.000015    0.041345    0.212901    0.236248
 34   42.506042    0.000122    0.000031    0.167331    0.509542    0.625567
 35   42.233101   -0.000031    0.000000   -0.006030    0.096154    0.101312
 36   42.352261   -0.000031    0.000031    0.242367   -0.578173   -0.776245
 37   42.391663    0.000061   -0.000015    0.044632   -0.258044   -0.287106
 38   42.497620    0.000027    0.000000    0.009116   -0.101094   -0.107510
 39   42.272583    0.000146   -0.000007    0.004615   -0.057873   -0.060869
 40   29.239349  106.746666    1.740858    0.000002    0.001829    1.085377
 41   42.375069    0.000011   -0.000000    0.000495   -0.000008   -0.273704
 42   42.546097   -0.000015    0.000001    0.000542    0.000043   -0.313932
 43   42.234482   -0.000008   -0.000002   -0.000189   -0.000211    0.110802
 44   42.465057   -0.000053   -0.000007   -0.000862   -0.000574    0.617592
 45   42.458069   -0.000008   -0.000003   -0.000219   -0.000611    0.349595
 46   42.267914    0.000000    0.000005    0.000006   -0.000977    0.536494
 47   42.505920   -0.000031    0.000006    0.000701   -0.001161    0.788227
 48   42.233147    0.000031   -0.000011    0.000126   -0.000030    0.067824
 49   42.352238    0.000000    0.000004   -0.000847    0.000147   -0.466223
 50   42.391647    0.000031   -0.000003   -0.000937    0.000695   -0.656322
 51   42.497620    0.000031   -0.000011   -0.000161    0.000569   -0.314192
 52   42.272705    0.000002    0.000001    0.000013    0.000325   -0.171192
 53   29.239334   50.706898  -91.389107   -1.182140    0.844207    0.880527
 54   42.375084    0.000011   -0.000002   -0.061707    0.117697   -0.113880
 55   42.546082    0.000011    0.000021   -0.051578    0.144222   -0.145923
 56   42.234558   -0.000057    0.000019   -0.026421    0.022178   -0.007536
 57   42.464996    0.000042    0.000011   -0.050969   -0.227179    0.269950
 58   42.458038    0.000053    0.000000   -0.078954   -0.300023    0.353088
 59   42.268036   -0.000076    0.000008   -0.112886   -0.400499    0.470087
 60   42.505890    0.000076   -0.000015   -0.104894   -0.424011    0.486715
 61   42.233192   -0.000092   -0.000061    0.010333    0.025971   -0.026968
 62   42.352257    0.000031   -0.000031   -0.081452    0.369556   -0.424166
 63   42.391785    0.000031   -0.000015   -0.051001    0.279116   -0.308758
 64   42.497620    0.000031   -0.000023   -0.018436    0.167273   -0.177357
 65   42.272705   -0.000024    0.000023   -0.005488    0.072832   -0.075777
 66   29.239319  -56.044899  -91.389099   -0.258394    0.890732   -0.798145
 67   42.375107   -0.000004   -0.000010    0.092510   -0.125403    0.099099
 68   42.546097   -0.000004    0.000031    0.044887   -0.142458    0.137590
 69   42.234482    0.000038   -0.000031    0.030870    0.002460   -0.002412
 70   42.464996   -0.000034    0.000004   -0.016688    0.242842   -0.284044
 71   42.458099    0.000031   -0.000015   -0.031192    0.289022   -0.356410
 72   42.267883   -0.000084    0.000000   -0.089116    0.382206   -0.514891
 73   42.506012    0.000046    0.000000   -0.089942    0.357184   -0.488405
 74   42.233147    0.000031   -0.000015   -0.009543   -0.041900    0.052794
 75   42.352173    0.000000   -0.000015   -0.083873   -0.348309    0.465494
 76   42.391785   -0.000015   -0.000031   -0.033373   -0.244289    0.312911
 77   42.497528    0.000038    0.000015   -0.010991   -0.146922    0.185839
 78   42.272705    0.000013   -0.000011   -0.000236   -0.061103    0.076891
 79   29.239311 -106.786255    1.740884   -0.000002    0.001822   -1.096798
 80   42.375092   -0.000011   -0.000003   -0.000500   -0.000001    0.278277
 81   42.546036   -0.000015    0.000002   -0.000546    0.000046    0.317147
 82   42.234497   -0.000015   -0.000007    0.000189   -0.000212   -0.110926
 83   42.465057   -0.000023   -0.000002    0.000862   -0.000576   -0.618409
 84   42.458069    0.000015   -0.000005    0.000217   -0.000611   -0.349284
 85   42.267914    0.000046   -0.000007   -0.000008   -0.000977   -0.537224
 86   42.505890    0.000000    0.000015   -0.000703   -0.001158   -0.787695
 87   42.233093    0.000000   -0.000013   -0.000125   -0.000030   -0.067214
 88   42.352287    0.000000    0.000002    0.000849    0.000145    0.467301
 89   42.391724   -0.000061   -0.000006    0.000937    0.000693    0.655906
 90   42.497528    0.000000   -0.000020    0.000162    0.000568    0.313912
 91   42.272552    0.000005    0.000018   -0.000012    0.000324    0.170932
time 28
  0    0.000000    0.000000    0.000000    0.000000   -0.000000    0.000000
  1    0.000000    0.000000    0.000000    0.000000   -0.000000    0.000000
  2    0.000000    0.000000   -3.107243    0.785390   -1.573515    0.785390
  3   50.309204   -0.435479    0.000004    0.000552   -0.163507    0.013995
  4   30.891537   -0.000011    0.000000    0.000017   -0.129959   -0.014097
  5   34.635597    0.000007   -0.000002   -0.000000   -0.215284   -0.000001
  6   30.584290    0.000018    0.000004   -0.000000   -0.531688    0.000001
  7   31.520195   -0.000000    0.000000   -0.000000   -0.602364   -0.000001
  8   34.241203  -28.000031  -41.878006    0.993191   -0.406020    0.271333
  9   34.241127   23.441799  -41.878113   -0.993196   -0.406021   -0.271328
 10   35.246704  -52.543079    1.319138   -0.000000    0.000000    0.503970
 11   35.246552   52.726311    1.318909   -0.000000   -0.000000   -0.503967
 12   34.830009  -24.891922   45.588600   -0.991415    0.413116    0.259445
 13   34.885773   27.636583   43.767815    0.991410    0.413115   -0.259444
 14   29.239315  -51.573345   94.292984    0.157961   -0.812153   -0.661551
 15   42.375084   -0.000008   -0.000006   -0.096365    0.073265    0.057813
 16   42.546112    0.000038    0.000000   -0.048188    0.117608    0.112710
 17   42.234467    0.000027    0.000000   -0.030705    0.017706    0.019136
 18   42.464996    0.000019    0.000000    0.026717   -0.273592   -0.319978
 19   42.458099   -0.000084    0.000000    0.098863   -0.421345   -0.547631
 20   42.267990    0.000061    0.000000    0.013742   -0.205917   -0.255997
 21   42.505905   -0.000015   -0.000031    0.122376   -0.411991   -0.575007
 22   42.233200    0.000000   -0.000015    0.022144   -0.150434   -0.190189
 23   42.352325    0.000061   -0.000031    0.217918    0.518364    0.775613
 24   42.391693   -0.000076   -0.000015    0.042026    0.269455    0.344282
 25   42.497498    0.000008   -0.000034    0.003109    0.097059    0.120531
 26   42.272858    0.000061   -0.000023   -0.000294    0.054481    0.067781
 27   29.239338   55.382610   92.214951    1.479393   -0.660856    0.463326
 28   42.375069    0.000004   -0.000004    0.047209    0.029029    0.042288
 29   42.546066    0.000000    0.000008    0.036851   -0.001384   -0.002708
 30   42.234467    0.000080   -0.000031    0.026469    0.012582    0.015041
 31   42.465027   -0.000069   -0.000008    0.062775    0.267044    0.328905
 32   42.458038    0.000011   -0.000008    0.093686    0.334320    0.406572
 33   42.267838    0.000015    0.000015    0.041395    0.213102    0.236480
 34   42.506027    0.000076    0.000000    0.168405    0.510839    0.627771
 35   42.233086    0.000000    0.000015   -0.006521    0.091164    0.096000
 36   42.352238   -0.000122    0.000031    0.243194   -0.578878   -0.777756
 37   42.391724    0.000061    0.000000    0.043996   -0.255956   -0.284610
 38   42.497620    0.000069   -0.000053    0.009081   -0.100778   -0.107169
 39   42.272644    0.000128   -0.000021    0.004608   -0.057739   -0.060728
 40   29.239346  106.746651    1.740836    0.000002    0.001823    1.090094
 41   42.375076    0.000004   -0.000004    0.000500   -0.000002   -0.277687
 42   42.546097    0.000015   -0.000001    0.000543    0.000045   -0.315265
 43   42.234482    0.000000   -0.000002   -0.000193   -0.000212    0.113011
 44   42.465073    0.000008   -0.000007   -0.000862   -0.000576    0.618299
 45   42.458038   -0.000023   -0.000003   -0.000217   -0.000610    0.348698
 46   42.267914    0.000015    0.000002    0.000007   -0.000981    0.539109
 47   42.505936    0.000000    0.000006    0.000703   -0.001155    0.785745
 48   42.233101    0.000000   -0.000012    0.000122   -0.000029    0.065687
 49   42.352242    0.000031    0.000002   -0.000852    0.000148   -0.469351
 50   42.391678   -0.000031   -0.000004   -0.000932    0.000696   -0.654565
 51   42.497620    0.000015   -0.000012   -0.000159    0.000567   -0.313319
 52   42.272644    0.000002   -0.000000    0.000013    0.000324   -0.170450
 53   29.239334   50.706913  -91.389076   -1.177306    0.846686    0.886546
 54   42.375092   -0.000010   -0.000004   -0.062102    0.119389   -0.116190
 55   42.546082    0.000053    0.000011   -0.051843    0.145588   -0.147707
 56   42.234543   -0.000015   -0.000008   -0.026414    0.021741   -0.007117
 57   42.465012    0.000046    0.000008   -0.051259   -0.228190    0.271182
 58   42.458038    0.000031    0.000015   -0.078923   -0.299948    0.353021
 59   42.267975   -0.000092    0.000023   -0.113397   -0.401435    0.471406
 60   42.505905    0.000076    0.000015   -0.104044   -0.422539    0.484646
 61   42.233177   -0.000122    0.000000    0.010290    0.027330   -0.028382
 62   42.352303   -0.000061    0.000015   -0.081847    0.370371   -0.425258
 63   42.391754    0.000061    0.000000   -0.050728    0.278305   -0.307779
 64   42.497589    0.000061    0.000031   -0.018381    0.166971   -0.177028
 65   42.272797    0.000010    0.000051   -0.005464    0.072519   -0.075442
 66   29.239319  -56.044872  -91.389015   -0.263131    0.893615   -0.804223
 67   42.375107    0.000000   -0.000008    0.092267   -0.127830    0.101035
 68   42.546097   -0.000008    0.000019    0.044685   -0.143906    0.139013
 69   42.234467    0.000011   -0.000008    0.030868    0.002906   -0.002887
 70   42.465027   -0.000046    0.000023   -0.016988    0.243838   -0.285291
 71   42.458069    0.000008   -0.000015   -0.031169    0.288968   -0.356334
 72   42.267944   -0.000061   -0.000038   -0.089634    0.383055   -0.516282
 73   42.505981    0.000107    0.000000   -0.089120    0.355729   -0.486049
 74   42.233124    0.000000    0.000046   -0.009611   -0.043146    0.054366
 75   42.352165   -0.000031    0.000015   -0.084201   -0.348923    0.466453
 76   42.391785    0.000015    0.000015   -0.033129   -0.243556    0.311901
 77   42.497498   -0.000008    0.000015   -0.010939   -0.146648    0.185485
 78   42.272766   -0.000030   -0.000015   -0.000214   -0.060825    0.076537
 79   29.239311 -106.786240    1.740904   -0.000002    0.001816   -1.101537
 80   42.375092   -0.000006   -0.000003   -0.000506    0.000005    0.282279
 81   42.546036    0.000008    0.000003   -0.000548    0.000048    0.318483
 82   42.234512   -0.000023   -0.000006    0.000193   -0.000213   -0.113120
 83   42.465073    0.000008   -0.000003    0.000862   -0.000578   -0.619101
 84   42.458069    0.000000   -0.000002    0.000215   -0.000610   -0.348400
 85   42.267914    0.000000   -0.000005   -0.000010   -0.000982   -0.539812
 86   42.505951    0.000000    0.000013   -0.000706   -0.001152   -0.785237
 87   42.233093    0.000061   -0.000011   -0.000121   -0.000029   -0.065101
 88   42.352352   -0.000031    0.000000    0.000854    0.000147    0.470390
 89   42.391739   -0.000031   -0.000006    0.000932    0.000695    0.654168
 90   42.497528   -0.000023   -0.000019    0.000160    0.000567    0.313048
 91   42.272552   -0.000006    0.000021   -0.000012    0.000323    0.170200
time 29
  0    0.000000    0.000000    0.000000    0.000000   -0.000000    0.000000
  1    0.000000    0.000000    0.000000    0.000000   -0.000000    0.000000
  2    0.000000    0.000000   -2.765048    0.785383   -1.573515    0.785383
  3   50.309208   -0.435479    0.000004    0.000558   -0.163157    0.013994
  4   30.891537   -0.000010   -0.000000    0.000017   -0.129476   -0.014097
  5   34.635597    0.000008    0.000000   -0.000000   -0.215118   -0.000001
  6   30.584297    0.000019   -0.000004   -0.000000   -0.532272    0.000001
  7   31.520187    0.000002   -0.000008   -0.000000   -0.602979   -0.000001
  8   34.241188  -28.000025  -41.878006    0.993319   -0.405530    0.270993
  9   34.241127   23.441799  -41.878082   -0.993324   -0.405531   -0.270988
 10   35.246689  -52.543076    1.319122   -0.000000    0.000000    0.503387
 11   35.246536   52.726311    1.318909   -0.000000   -0.000000   -0.503384
 12   34.830009  -24.891922   45.588593   -0.991545    0.412627    0.259104
 13   34.885780   27.636583   43.767822    0.991541    0.412625   -0.259103
 14   29.239317  -51.573326   94.292976    0.161295   -0.815089   -0.666119
 15   42.375061    0.000008   -0.000004   -0.096261    0.075154    0.059288
 16   42.546082    0.000023    0.000008   -0.047999    0.119301    0.114343
 17   42.234482    0.000019    0.000008   -0.030714    0.017133    0.018530
 18   42.465027   -0.000008    0.000000    0.027382   -0.275506   -0.322422
 19   42.458099   -0.000053   -0.000023    0.098337   -0.420567   -0.546355
 20   42.267975    0.000015   -0.000015    0.013667   -0.205639   -0.255635
 21   42.505890   -0.000015    0.000000    0.123242   -0.413219   -0.577185
 22   42.233185    0.000031   -0.000015    0.021478   -0.146895   -0.185598
 23   42.352242    0.000061   -0.000015    0.218971    0.519298    0.777732
 24   42.391724   -0.000031   -0.000031    0.041351    0.267650    0.341758
 25   42.497528    0.000038   -0.000027    0.003076    0.096796    0.120202
 26   42.272797    0.000096   -0.000022   -0.000301    0.054374    0.067645
 27   29.239342   55.382652   92.214958    1.477727   -0.663480    0.466044
 28   42.375053   -0.000004   -0.000004    0.047185    0.028498    0.041490
 29   42.546112   -0.000019    0.000017    0.036854   -0.002550   -0.004275
 30   42.234467    0.000069   -0.000023    0.026471    0.012739    0.015240
 31   42.465027   -0.000038    0.000011    0.063365    0.268703    0.331135
 32   42.458069    0.000011    0.000034    0.093263    0.333391    0.405280
 33   42.267914   -0.000015    0.000031    0.041446    0.213316    0.236724
 34   42.506104    0.000076    0.000031    0.169459    0.512106    0.629932
 35   42.233101   -0.000031    0.000076   -0.006983    0.086190    0.090715
 36   42.352222   -0.000092    0.000076    0.243978   -0.579546   -0.779189
 37   42.391754    0.000092    0.000031    0.043375   -0.253899   -0.282153
 38   42.497681    0.000061    0.000000    0.009048   -0.100465   -0.106833
 39   42.272644    0.000150   -0.000005    0.004600   -0.057607   -0.060589
 40   29.239349  106.746658    1.740846    0.000002    0.001817    1.094831
 41   42.375076   -0.000004   -0.000001    0.000505    0.000004   -0.281702
 42   42.546112    0.000015    0.000002    0.000545    0.000047   -0.316579
 43   42.234451    0.000008   -0.000000   -0.000197   -0.000213    0.115212
 44   42.465073   -0.000008   -0.000003   -0.000862   -0.000578    0.618969
 45   42.458038   -0.000031    0.000001   -0.000215   -0.000609    0.347825
 46   42.267914    0.000015    0.000005    0.000009   -0.000985    0.541705
 47   42.505920    0.000031    0.000010    0.000706   -0.001150    0.783262
 48   42.233139    0.000000   -0.000013    0.000118   -0.000028    0.063581
 49   42.352264    0.000031    0.000003   -0.000857    0.000150   -0.472436
 50   42.391708    0.000061   -0.000002   -0.000927    0.000698   -0.652822
 51   42.497620    0.000038   -0.000008   -0.000158    0.000566   -0.312458
 52   42.272705    0.000010    0.000005    0.000013    0.000323   -0.169718
 53   29.239338   50.706913  -91.389069   -1.172419    0.849155    0.892621
 54   42.375099   -0.000017   -0.000010   -0.062504    0.121094   -0.118523
 55   42.546082    0.000019    0.000006   -0.052109    0.146948   -0.149484
 56   42.234528   -0.000057   -0.000008   -0.026407    0.021301   -0.006697
 57   42.465057    0.000011    0.000000   -0.051550   -0.229201    0.272416
 58   42.458069    0.000023    0.000008   -0.078892   -0.299874    0.352956
 59   42.267975   -0.000084    0.000023   -0.113909   -0.402370    0.472726
 60   42.505966    0.000122    0.000000   -0.103193   -0.421056    0.482564
 61   42.233185   -0.000031   -0.000061    0.010245    0.028681   -0.029790
 62   42.352333    0.000031   -0.000046   -0.082234    0.371168   -0.426325
 63   42.391785    0.000061    0.000015   -0.050458    0.277501   -0.306809
 64   42.497589    0.000061    0.000008   -0.018328    0.166673   -0.176705
 65   42.272766    0.000023    0.000033   -0.005440    0.072206   -0.075115
 66   29.239326  -56.044857  -91.389023   -0.267932    0.896491   -0.810369
 67   42.375092   -0.000004    0.000006    0.092018   -0.130277    0.102989
 68   42.546082   -0.000011    0.000032    0.044482   -0.145347    0.140429
 69   42.234436    0.000019   -0.000004    0.030866    0.003350   -0.003361
 70   42.465027   -0.000027    0.000019   -0.017288    0.244824   -0.286526
 71   42.458130    0.000031   -0.000031   -0.031147    0.288914   -0.356260
 72   42.267853   -0.000046   -0.000008   -0.090146    0.383892   -0.517653
 73   42.506012    0.000092    0.000000   -0.088308    0.354281   -0.483710
 74   42.233131    0.000000    0.000000   -0.009680   -0.044379    0.055922
 75   42.352104   -0.000031    0.000000   -0.084522   -0.349519    0.467388
 76   42.391785   -0.000015    0.000000   -0.032889   -0.242834    0.310905
 77   42.497528    0.000008    0.000008   -0.010886   -0.146378    0.185134
 78   42.272675    0.000001    0.000002   -0.000191   -0.060547    0.076185
 79   29.239321 -106.786209    1.740895   -0.000002    0.001809   -1.106295
 80   42.375122    0.000015   -0.000006   -0.000511    0.000011    0.286313
 81   42.546066    0.000000    0.000002   -0.000549    0.000050    0.319794
 82   42.234528   -0.000023   -0.000009    0.000197   -0.000213   -0.115307
 83   42.465057    0.000031   -0.000005    0.000862   -0.000580   -0.619762
 84   42.458038    0.000023   -0.000005    0.000213   -0.000610   -0.347536
 85   42.267944    0.000015   -0.000009   -0.000011   -0.000986   -0.542390
 86   42.505936    0.000000    0.000014   -0.000709   -0.001147   -0.782764
 87   42.233116    0.000000   -0.000014   -0.000117   -0.000028   -0.063013
 88   42.352322    0.000000   -0.000001    0.000859    0.000148    0.473459
 89   42.391708   -0.000031   -0.000010    0.000928    0.000697    0.652429
 90   42.497589   -0.000008   -0.000021    0.000159    0.000566    0.312194
 91   42.272522   -0.000003    0.000018   -0.000013    0.000321    0.169472
time 30
  0    0.000000    0.000000    0.000000    0.000000   -0.000000    0.000000
  1    0.000000    0.000000    0.000000    0.000000   -0.000000    0.000000
  2    0.000000    0.000000   -2.422852    0.785390   -1.573515    0.785390
  3   50.309212   -0.435479    0.000004    0.000560   -0.163037    0.013994
  4   30.891552   -0.000011    0.000001    0.000017   -0.129310   -0.014097
  5   34.635605    0.000007   -0.000004   -0.000000   -0.215060   -0.000001
  6   30.584282    0.000018    0.000004   -0.000000   -0.532473    0.000001
  7   31.520195    0.000000   -0.000008   -0.000000   -0.603191   -0.000001
  8   34.241203  -28.000031  -41.878006    0.993363   -0.405361    0.270876
  9   34.241127   23.441805  -41.878098   -0.993368   -0.405362   -0.270871
 10   35.246704  -52.543087    1.319138   -0.000000   -0.000000    0.503187
 11   35.246544   52.726315    1.318924   -0.000000    0.000000   -0.503184
 12   34.830017  -24.891924   45.588608   -0.991590    0.412458    0.258987
 13   34.885780   27.636587   43.767830    0.991585    0.412457   -0.258986
 14   29.239311  -51.573330   94.292969    0.164672   -0.818025   -0.670735
 15   42.375053   -0.000008   -0.000008   -0.096153    0.077058    0.060777
 16   42.546066    0.000023    0.000011   -0.047807    0.120993    0.115977
 17   42.234467    0.000011    0.000023   -0.030722    0.016559    0.017921
 18   42.464996    0.000027    0.000004    0.028044   -0.277397   -0.324839
 19   42.458099   -0.000046   -0.000023    0.097813   -0.419788   -0.545078
 20   42.267975    0.000046   -0.000015    0.013594   -0.205373   -0.255287
 21   42.505936    0.000015   -0.000031    0.124089   -0.414418   -0.579312
 22   42.233154    0.000000    0.000000    0.020839   -0.143407   -0.181083
 23   42.352280    0.000000    0.000000    0.219987    0.520193    0.779771
 24   42.391724   -0.000046   -0.000015    0.040698    0.265889    0.339300
 25   42.497498    0.000023   -0.000004    0.003045    0.096539    0.119878
 26   42.272858    0.000076   -0.000009   -0.000309    0.054266    0.067513
 27   29.239332   55.382656   92.214973    1.476038   -0.666114    0.468790
 28   42.375061    0.000004   -0.000008    0.047161    0.027952    0.040676
 29   42.546097   -0.000008   -0.000008    0.036858   -0.003721   -0.005853
 30   42.234467    0.000061   -0.000019    0.026474    0.012905    0.015451
 31   42.464996   -0.000053   -0.000004    0.063955    0.270348    0.333351
 32   42.458069    0.000015   -0.000011    0.092841    0.332461    0.403988
 33   42.267960    0.000000    0.000031    0.041501    0.213539    0.236983
 34   42.506073    0.000092    0.000046    0.170499    0.513347    0.632056
 35   42.233116   -0.000061    0.000031   -0.007419    0.081230    0.085450
 36   42.352257   -0.000122    0.000061    0.244722   -0.580178   -0.780548
 37   42.391724    0.000076    0.000000    0.042769   -0.251866   -0.279731
 38   42.497681    0.000042    0.000008    0.009014   -0.100155   -0.106500
 39   42.272614    0.000160    0.000006    0.004591   -0.057477   -0.060452
 40   29.239344  106.746689    1.740857    0.000002    0.001811    1.099587
 41   42.375046    0.000000   -0.000001    0.000510    0.000010   -0.285747
 42   42.546127   -0.000008    0.000000    0.000546    0.000049   -0.317871
 43   42.234482    0.000015   -0.000003   -0.000200   -0.000213    0.117409
 44   42.465088   -0.000053   -0.000005   -0.000862   -0.000580    0.619619
 45   42.458099   -0.000008   -0.000003   -0.000213   -0.000608    0.346968
 46   42.267914   -0.000015    0.000003    0.000010   -0.000989    0.544303
 47   42.505951    0.000061    0.000007    0.000709   -0.001144    0.780752
 48   42.233147    0.000000   -0.000011    0.000114   -0.000027    0.061492
 49   42.352242    0.000000    0.000000   -0.000862    0.000151   -0.475500
 50   42.391678    0.000031   -0.000001   -0.000923    0.000700   -0.651074
 51   42.497681    0.000023   -0.000010   -0.000156    0.000565   -0.311604
 52   42.272705    0.000004    0.000003    0.000013    0.000321   -0.168995
 53   29.239334   50.706898  -91.389107   -1.167480    0.851614    0.898751
 54   42.375092   -0.000004    0.000002   -0.062914    0.122811   -0.120877
 55   42.546082    0.000038    0.000029   -0.052375    0.148299   -0.151255
 56   42.234512   -0.000034   -0.000019   -0.026401    0.020867   -0.006281
 57   42.464996    0.000015   -0.000004   -0.051839   -0.230201    0.273638
 58   42.458008    0.000046    0.000000   -0.078861   -0.299799    0.352890
 59   42.267975   -0.000053    0.000031   -0.114416   -0.403292    0.474030
 60   42.505920    0.000107   -0.000031   -0.102353   -0.419582    0.480503
 61   42.233147   -0.000031   -0.000031    0.010197    0.030022   -0.031187
 62   42.352234    0.000000    0.000015   -0.082618    0.371955   -0.427380
 63   42.391724    0.000061    0.000015   -0.050193    0.276703   -0.305848
 64   42.497681    0.000069   -0.000008   -0.018272    0.166377   -0.176378
 65   42.272705    0.000044    0.000005   -0.005418    0.071893   -0.074793
 66   29.239317  -56.044899  -91.389076   -0.272796    0.899359   -0.816581
 67   42.375107   -0.000003   -0.000008    0.091762   -0.132744    0.104960
 68   42.546127   -0.000008    0.000023    0.044277   -0.146781    0.141839
 69   42.234436    0.000008   -0.000008    0.030864    0.003792   -0.003834
 70   42.465027   -0.000057   -0.000023   -0.017586    0.245805   -0.287755
 71   42.458130    0.000023    0.000008   -0.031127    0.288861   -0.356188
 72   42.267944   -0.000076   -0.000015   -0.090656    0.384725   -0.519019
 73   42.505951    0.000092    0.000031   -0.087500    0.352832   -0.481376
 74   42.233109    0.000031   -0.000015   -0.009751   -0.045607    0.057472
 75   42.352119   -0.000031    0.000015   -0.084835   -0.350101    0.468301
 76   42.391724    0.000000    0.000015   -0.032652   -0.242118    0.309921
 77   42.497589    0.000000    0.000023   -0.010836   -0.146111    0.184787
 78   42.272675   -0.000018   -0.000013   -0.000170   -0.060271    0.075836
 79   29.239309 -106.786255    1.740884   -0.000002    0.001803   -1.111070
 80   42.375099   -0.000006   -0.000004   -0.000516    0.000018    0.290378
 81   42.546036   -0.000023    0.000003   -0.000551    0.000052    0.321087
 82   42.234512   -0.000015   -0.000006    0.000200   -0.000214   -0.117493
 83   42.465088   -0.000031   -0.000003    0.000862   -0.000582   -0.620395
 84   42.458038   -0.000008   -0.000005    0.000212   -0.000609   -0.346691
 85   42.267944    0.000015   -0.000007   -0.000012   -0.000990   -0.544974
 86   42.505951    0.000000    0.000014   -0.000712   -0.001141   -0.780266
 87   42.233086   -0.000092   -0.000010   -0.000113   -0.000027   -0.060943
 88   42.352287   -0.000092   -0.000002    0.000864    0.000149    0.476499
 89   42.391693   -0.000031   -0.000008    0.000923    0.000699    0.650689
 90   42.497559    0.000008   -0.000022    0.000157    0.000565    0.311346
 91   42.272491   -0.000006    0.000020   -0.000013    0.000320    0.168757
time 31
  0    0.000000    0.000000    0.000000    0.000000   -0.000000    0.000000
  1    0.000000    0.000000    0.000000    0.000000   -0.000000    0.000000
  2    0.000000    0.000000   -2.765048    0.785390   -1.573515    0.785390
  3   50.309212   -0.435479    0.000004    0.000558   -0.163157    0.013994
  4   30.891544   -0.000011    0.000001    0.000017   -0.129476   -0.014097
  5   34.635590    0.000007    0.000002   -0.000000   -0.215118   -0.000001
  6   30.584305    0.000018    0.000000   -0.000000   -0.532272    0.000001
  7   31.520195    0.000000   -0.000008   -0.000000   -0.602979   -0.000001
  8   34.241203  -28.000031  -41.878036    0.993319   -0.405530    0.270993
  9   34.241135   23.441803  -41.878128   -0.993324   -0.405531   -0.270988
 10   35.246696  -52.543087    1.319107   -0.000000   -0.000000    0.503387
 11   35.246544   52.726311    1.318909   -0.000000   -0.000000   -0.503384
 12   34.830009  -24.891926   45.588585   -0.991545    0.412627    0.259104
 13   34.885773   27.636587   43.767807    0.991540    0.412625   -0.259103
 14   29.239319  -51.573326   94.292953    0.161295   -0.815089   -0.666119
 15   42.375046    0.000002   -0.000008   -0.096261    0.075154    0.059288
 16   42.546066    0.000027    0.000004   -0.047998    0.119300    0.114342
 17   42.234451    0.000019   -0.000011   -0.030714    0.017134    0.018529
 18   42.464996   -0.000019    0.000011    0.027382   -0.275507   -0.322422
 19   42.458099   -0.000076    0.000008    0.098337   -0.420566   -0.546354
 20   42.267975    0.000031    0.000015    0.013667   -0.205640   -0.255635
 21   42.505951   -0.000031   -0.000015    0.123242   -0.413219   -0.577185
 22   42.233131    0.000000   -0.000015    0.021478   -0.146895   -0.185598
 23   42.352318    0.000031   -0.000015    0.218974    0.519299    0.777736
 24   42.391815   -0.000046   -0.000015    0.041351    0.267650    0.341757
 25   42.497528    0.000023   -0.000011    0.003076    0.096795    0.120201
 26   42.272797    0.000031   -0.000031   -0.000300    0.054373    0.067644
 27   29.239340   55.382645   92.214958    1.477726   -0.663479    0.466045
 28   42.375046    0.000008    0.000015    0.047185    0.028496    0.041490
 29   42.546082   -0.000004   -0.000002    0.036854   -0.002548   -0.004275
 30   42.234482    0.000072    0.000000    0.026471    0.012738    0.015240
 31   42.465042   -0.000031   -0.000008    0.063365    0.268703    0.331136
 32   42.458069    0.000034   -0.000023    0.093264    0.333392    0.405281
 33   42.267944   -0.000046    0.000031    0.041446    0.213314    0.236725
 34   42.506058    0.000061    0.000031    0.169461    0.512106    0.629934
 35   42.233101   -0.000031    0.000031   -0.006985    0.086190    0.090713
 36   42.352242   -0.000122    0.000000    0.243978   -0.579546   -0.779189
 37   42.391724    0.000076   -0.000015    0.043376   -0.253898   -0.282153
 38   42.497620    0.000027   -0.000031    0.009048   -0.100464   -0.106833
 39   42.272583    0.000109   -0.000026    0.004600   -0.057607   -0.060589
 40   29.239347  106.746643    1.740851    0.000002    0.001817    1.094831
 41   42.375076   -0.000006   -0.000000    0.000505    0.000004   -0.281703
 42   42.546097    0.000000   -0.000000    0.000545    0.000047   -0.316578
 43   42.234451    0.000000   -0.000003   -0.000197   -0.000213    0.115211
 44   42.465027   -0.000015   -0.000006   -0.000862   -0.000578    0.618970
 45   42.458069    0.000008   -0.000003   -0.000215   -0.000609    0.347825
 46   42.267914    0.000031    0.000005    0.000009   -0.000985    0.541706
 47   42.505920   -0.000031    0.000006    0.000706   -0.001150    0.783262
 48   42.233093    0.000000   -0.000013    0.000118   -0.000028    0.063581
 49   42.352249    0.000000    0.000002   -0.000857    0.000150   -0.472438
 50   42.391693    0.000031   -0.000001   -0.000927    0.000698   -0.652821
 51   42.497589    0.000031   -0.000009   -0.000158    0.000566   -0.312458
 52   42.272736    0.000010    0.000001    0.000013    0.000323   -0.169718
 53   29.239332   50.706909  -91.389084   -1.172420    0.849155    0.892620
 54   42.375084   -0.000015   -0.000006   -0.062504    0.121093   -0.118523
 55   42.546066    0.000031    0.000000   -0.052109    0.146948   -0.149484
 56   42.234558   -0.000027    0.000008   -0.026407    0.021302   -0.006698
 57   42.465012    0.000038    0.000027   -0.051550   -0.229202    0.272417
 58   42.458038    0.000046    0.000000   -0.078892   -0.299875    0.352957
 59   42.267975   -0.000076    0.000031   -0.113908   -0.402370    0.472725
 60   42.506012    0.000122   -0.000015   -0.103193   -0.421055    0.482565
 61   42.233177   -0.000061   -0.000061    0.010243    0.028681   -0.029792
 62   42.352318    0.000031   -0.000061   -0.082233    0.371169   -0.426323
 63   42.391724    0.000061    0.000015   -0.050459    0.277501   -0.306810
 64   42.497650    0.000053    0.000023   -0.018328    0.166674   -0.176704
 65   42.272797    0.000029    0.000022   -0.005440    0.072206   -0.075117
 66   29.239321  -56.044868  -91.389008   -0.267932    0.896491   -0.810369
 67   42.375092   -0.000010    0.000008    0.092018   -0.130277    0.102989
 68   42.546082    0.000000    0.000021    0.044483   -0.145346    0.140428
 69   42.234467    0.000031   -0.000008    0.030866    0.003349   -0.003361
 70   42.464981   -0.000046   -0.000023   -0.017288    0.244824   -0.286526
 71   42.458130    0.000031   -0.000015   -0.031148    0.288914   -0.356261
 72   42.267853   -0.000031   -0.000023   -0.090146    0.383892   -0.517652
 73   42.505905    0.000061    0.000015   -0.088308    0.354281   -0.483710
 74   42.233086    0.000000    0.000000   -0.009680   -0.044379    0.055921
 75   42.352173    0.000061    0.000000   -0.084522   -0.349519    0.467388
 76   42.391846    0.000046    0.000000   -0.032889   -0.242835    0.310907
 77   42.497498    0.000023    0.000008   -0.010886   -0.146379    0.185134
 78   42.272705   -0.000022    0.000047   -0.000192   -0.060547    0.076184
 79   29.239315 -106.786232    1.740890   -0.000002    0.001809   -1.106294
 80   42.375114    0.000015   -0.000006   -0.000511    0.000011    0.286313
 81   42.546036   -0.000015    0.000002   -0.000549    0.000050    0.319795
 82   42.234497   -0.000008   -0.000007    0.000197   -0.000213   -0.115308
 83   42.465088    0.000038   -0.000003    0.000862   -0.000580   -0.619762
 84   42.458038    0.000031   -0.000003    0.000213   -0.000610   -0.347536
 85   42.267914    0.000015   -0.000008   -0.000011   -0.000986   -0.542391
 86   42.505966    0.000061    0.000013   -0.000709   -0.001147   -0.782763
 87   42.233086    0.000000   -0.000012   -0.000117   -0.000028   -0.063014
 88   42.352329    0.000000   -0.000002    0.000859    0.000148    0.473459
 89   42.391693    0.000000   -0.000006    0.000928    0.000697    0.652429
 90   42.497528    0.000000   -0.000020    0.000159    0.000566    0.312194
 91   42.272491   -0.000009    0.000022   -0.000013    0.000321    0.169472
time 32
  0    0.000000    0.000000    0.000000    0.000000   -0.000000    0.000000
  1    0.000000    0.000000    0.000000    0.000000   -0.000000    0.000000
  2    0.000000    0.000000   -3.107244    0.785390   -1.573515    0.785390
  3   50.309212   -0.435479    0.000004    0.000552   -0.163507    0.013995
  4   30.891537   -0.000011    0.000001    0.000017   -0.129959   -0.014097
  5   34.635590    0.000007   -0.000002   -0.000000   -0.215284   -0.000001
  6   30.584282    0.000018    0.000000   -0.000000   -0.531688    0.000001
  7   31.520203    0.000000   -0.000008   -0.000000   -0.602364   -0.000001
  8   34.241203  -28.000031  -41.878021    0.993191   -0.406020    0.271332
  9   34.241127   23.441803  -41.878113   -0.993196   -0.406021   -0.271327
 10   35.246704  -52.543083    1.319153   -0.000000    0.000000    0.503970
 11   35.246552   52.726315    1.318924   -0.000000   -0.000000   -0.503967
 12   34.830017  -24.891922   45.588623   -0.991415    0.413116    0.259445
 13   34.885780   27.636589   43.767822    0.991410    0.413115   -0.259444
 14   29.239313  -51.573318   94.292969    0.157962   -0.812153   -0.661552
 15   42.375053    0.000000   -0.000006   -0.096365    0.073264    0.057813
 16   42.546097    0.000019    0.000004   -0.048188    0.117608    0.112710
 17   42.234451    0.000008   -0.000019   -0.030705    0.017708    0.019137
 18   42.465027    0.000008   -0.000008    0.026717   -0.273592   -0.319979
 19   42.458099   -0.000069   -0.000015    0.098862   -0.421345   -0.547630
 20   42.267990    0.000000   -0.000031    0.013741   -0.205916   -0.255997
 21   42.505951   -0.000015    0.000000    0.122378   -0.411991   -0.575010
 22   42.233200    0.000092   -0.000015    0.022143   -0.150433   -0.190188
 23   42.352287    0.000092    0.000000    0.217917    0.518364    0.775613
 24   42.391785   -0.000015    0.000015    0.042026    0.269455    0.344281
 25   42.497437    0.000008    0.000008    0.003109    0.097059    0.120531
 26   42.272766    0.000050   -0.000013   -0.000294    0.054481    0.067780
 27   29.239338   55.382656   92.214973    1.479394   -0.660856    0.463326
 28   42.375076   -0.000004    0.000000    0.047209    0.029030    0.042289
 29   42.546097    0.000004   -0.000006    0.036852   -0.001384   -0.002709
 30   42.234467    0.000072   -0.000004    0.026468    0.012582    0.015041
 31   42.465027   -0.000038   -0.000008    0.062775    0.267044    0.328907
 32   42.458099    0.000023   -0.000019    0.093686    0.334319    0.406570
 33   42.267868    0.000000   -0.000031    0.041394    0.213102    0.236480
 34   42.506012    0.000061   -0.000015    0.168405    0.510839    0.627772
 35   42.233101   -0.000061    0.000031   -0.006520    0.091164    0.096001
 36   42.352245   -0.000183    0.000046    0.243194   -0.578880   -0.777758
 37   42.391693    0.000046   -0.000015    0.043996   -0.255956   -0.284610
 38   42.497650    0.000061   -0.000015    0.009082   -0.100778   -0.107168
 39   42.272705    0.000118   -0.000012    0.004608   -0.057738   -0.060729
 40   29.239347  106.746666    1.740857    0.000002    0.001823    1.090094
 41   42.375053    0.000008   -0.000000    0.000500   -0.000002   -0.277687
 42   42.546097    0.000000    0.000001    0.000543    0.000045   -0.315265
 43   42.234451    0.000000   -0.000002   -0.000193   -0.000212    0.113006
 44   42.465057    0.000023   -0.000006   -0.000862   -0.000576    0.618298
 45   42.458099   -0.000023   -0.000003   -0.000217   -0.000610    0.348700
 46   42.267944    0.000000    0.000003    0.000007   -0.000981    0.539100
 47   42.505936    0.000000    0.000007    0.000704   -0.001155    0.785755
 48   42.233170    0.000031   -0.000011    0.000122   -0.000029    0.065694
 49   42.352242    0.000031    0.000002   -0.000852    0.000148   -0.469342
 50   42.391632    0.000031   -0.000001   -0.000932    0.000697   -0.654571
 51   42.497589    0.000015   -0.000012   -0.000159    0.000567   -0.313321
 52   42.272675   -0.000008    0.000001    0.000013    0.000324   -0.170452
 53   29.239332   50.706909  -91.389107   -1.177306    0.846685    0.886546
 54   42.375084    0.000010   -0.000012   -0.062102    0.119390   -0.116189
 55   42.546097    0.000034    0.000015   -0.051843    0.145588   -0.147707
 56   42.234543   -0.000034   -0.000008   -0.026414    0.021740   -0.007117
 57   42.464996    0.000057    0.000004   -0.051260   -0.228196    0.271190
 58   42.458038    0.000046    0.000008   -0.078923   -0.299948    0.353022
 59   42.267914   -0.000076    0.000008   -0.113400   -0.401441    0.471415
 60   42.505951    0.000107   -0.000031   -0.104039   -0.422531    0.484633
 61   42.233200   -0.000031   -0.000061    0.010289    0.027337   -0.028390
 62   42.352257    0.000031    0.000000   -0.081848    0.370374   -0.425261
 63   42.391724    0.000031    0.000015   -0.050727    0.278303   -0.307776
 64   42.497498    0.000038   -0.000008   -0.018381    0.166971   -0.177027
 65   42.272675    0.000020    0.000018   -0.005464    0.072516   -0.075442
 66   29.239321  -56.044899  -91.389076   -0.263131    0.893615   -0.804223
 67   42.375122    0.000002    0.000008    0.092267   -0.127830    0.101035
 68   42.546112    0.000011    0.000023    0.044685   -0.143906    0.139012
 69   42.234451    0.000023    0.000008    0.030868    0.002905   -0.002887
 70   42.465042   -0.000019    0.000019   -0.016988    0.243838   -0.285290
 71   42.458130    0.000031   -0.000008   -0.031169    0.288967   -0.356333
 72   42.267944   -0.000069   -0.000023   -0.089634    0.383056   -0.516283
 73   42.505920    0.000092    0.000000   -0.089121    0.355729   -0.486049
 74   42.233154    0.000061    0.000000   -0.009611   -0.043146    0.054366
 75   42.352165   -0.000061    0.000015   -0.084202   -0.348922    0.466454
 76   42.391785    0.000000    0.000000   -0.033129   -0.243556    0.311900
 77   42.497498    0.000008    0.000015   -0.010938   -0.146648    0.185483
 78   42.272736   -0.000034    0.000014   -0.000214   -0.060823    0.076538
 79   29.239317 -106.786255    1.740884   -0.000002    0.001815   -1.101537
 80   42.375122   -0.000011   -0.000004   -0.000506    0.000005    0.282279
 81   42.546051    0.000008    0.000003   -0.000548    0.000048    0.318483
 82   42.234528    0.000000   -0.000006    0.000193   -0.000213   -0.113120
 83   42.465073   -0.000015   -0.000003    0.000862   -0.000578   -0.619101
 84   42.458069    0.000046   -0.000005    0.000215   -0.000610   -0.348399
 85   42.267944    0.000031   -0.000007   -0.000009   -0.000982   -0.539811
 86   42.505997    0.000000    0.000014   -0.000706   -0.001153   -0.785238
 87   42.233109   -0.000061   -0.000014   -0.000121   -0.000029   -0.065101
 88   42.352306   -0.000061    0.000002    0.000854    0.000147    0.470390
 89   42.391724   -0.000031   -0.000006    0.000932    0.000695    0.654168
 90   42.497528    0.000000   -0.000018    0.000160    0.000567    0.313048
 91   42.272461    0.000026    0.000022   -0.000012    0.000323    0.170200
time 33
  0    0.000000    0.000000    0.000000    0.000000   -0.000000    0.000000
  1    0.000000    0.000000    0.000000    0.000000   -0.000000    0.000000
  2    0.000000    0.000000   -3.449440    0.785390   -1.573515    0.785390
  3   50.309212   -0.435479    0.000004    0.000544   -0.164069    0.013996
  4   30.891541   -0.000011    0.000000    0.000017   -0.130737   -0.014097
  5   34.635597    0.000007    0.000000   -0.000000   -0.215551   -0.000001
  6   30.584290    0.000018    0.000000   -0.000000   -0.530748    0.000001
  7   31.520203    0.000000    0.000015   -0.000000   -0.601373   -0.000001
  8   34.241203  -28.000034  -41.878006    0.992986   -0.406809    0.271879
  9   34.241135   23.441803  -41.878098   -0.992991   -0.406810   -0.271874
 10   35.246712  -52.543091    1.319138   -0.000000    0.000000    0.504907
 11   35.246552   52.726326    1.318939   -0.000000    0.000000   -0.504904
 12   34.830032  -24.891930   45.588615   -0.991205    0.413905    0.259995
 13   34.885780   27.636587   43.767830    0.991200    0.413904   -0.259994
 14   29.239313  -51.573330   94.292969    0.154672   -0.809221   -0.657031
 15   42.375061    0.000008   -0.000004   -0.096465    0.071396    0.056353
 16   42.546097    0.000038    0.000011   -0.048373    0.115919    0.111082
 17   42.234512    0.000019   -0.000015   -0.030696    0.018270    0.019733
 18   42.464981    0.000019   -0.000038    0.026059   -0.271680   -0.317544
 19   42.458069   -0.000038    0.000015    0.099382   -0.422113   -0.548890
 20   42.267975    0.000015    0.000000    0.013818   -0.206202   -0.256369
 21   42.505920    0.000000    0.000015    0.121514   -0.410756   -0.572830
 22   42.233147   -0.000031    0.000000    0.022821   -0.153946   -0.194752
 23   42.352291    0.000092   -0.000015    0.216847    0.517412    0.773457
 24   42.391724   -0.000031    0.000000    0.042705    0.271256    0.346805
 25   42.497498    0.000046   -0.000023    0.003140    0.097322    0.120862
 26   42.272827    0.000070   -0.000004   -0.000287    0.054589    0.067916
 27   29.239330   55.382656   92.214973    1.481039   -0.658244    0.460633
 28   42.375076   -0.000004   -0.000011    0.047232    0.029553    0.043070
 29   42.546097   -0.000008    0.000010    0.036851   -0.000230   -0.001155
 30   42.234467    0.000069    0.000000    0.026466    0.012438    0.014858
 31   42.465088   -0.000038    0.000015    0.062188    0.265379    0.326672
 32   42.458099   -0.000004    0.000015    0.094107    0.335241    0.407852
 33   42.267914   -0.000015    0.000000    0.041346    0.212900    0.236248
 34   42.506058    0.000092    0.000031    0.167332    0.509543    0.625567
 35   42.233116   -0.000031    0.000015   -0.006030    0.096154    0.101312
 36   42.352257   -0.000153   -0.000015    0.242367   -0.578173   -0.776245
 37   42.391693    0.000061    0.000000    0.044632   -0.258044   -0.287105
 38   42.497681    0.000034   -0.000015    0.009116   -0.101094   -0.107510
 39   42.272614    0.000143    0.000010    0.004615   -0.057873   -0.060869
 40   29.239344  106.746666    1.740858    0.000002    0.001829    1.085377
 41   42.375092    0.000002   -0.000000    0.000495   -0.000008   -0.273704
 42   42.546112   -0.000008    0.000000    0.000542    0.000043   -0.313932
 43   42.234482    0.000000   -0.000002   -0.000189   -0.000211    0.110802
 44   42.465057   -0.000038   -0.000007   -0.000862   -0.000574    0.617593
 45   42.458099    0.000008   -0.000003   -0.000219   -0.000611    0.349595
 46   42.267883   -0.000015    0.000005    0.000006   -0.000977    0.536495
 47   42.505890    0.000061    0.000007    0.000701   -0.001161    0.788227
 48   42.233131    0.000061   -0.000011    0.000126   -0.000030    0.067825
 49   42.352230    0.000061    0.000004   -0.000847    0.000147   -0.466224
 50   42.391647    0.000000   -0.000003   -0.000937    0.000695   -0.656321
 51   42.497620    0.000023   -0.000010   -0.000161    0.000569   -0.314192
 52   42.272705    0.000002    0.000001    0.000013    0.000325   -0.171192
 53   29.239334   50.706898  -91.389107   -1.182140    0.844207    0.880527
 54   42.375114    0.000002    0.000000   -0.061707    0.117697   -0.113880
 55   42.546097    0.000038    0.000017   -0.051578    0.144222   -0.145922
 56   42.234558   -0.000042    0.000008   -0.026421    0.022178   -0.007535
 57   42.465012    0.000061    0.000019   -0.050969   -0.227179    0.269950
 58   42.458038    0.000023   -0.000023   -0.078954   -0.300023    0.353088
 59   42.268005   -0.000076   -0.000008   -0.112886   -0.400499    0.470086
 60   42.505936    0.000092   -0.000015   -0.104894   -0.424012    0.486716
 61   42.233208    0.000000   -0.000031    0.010332    0.025972   -0.026969
 62   42.352272    0.000061    0.000031   -0.081452    0.369556   -0.424166
 63   42.391754    0.000061   -0.000031   -0.051001    0.279118   -0.308758
 64   42.497528    0.000038   -0.000031   -0.018436    0.167272   -0.177357
 65   42.272766    0.000005    0.000005   -0.005488    0.072833   -0.075776
 66   29.239317  -56.044899  -91.389099   -0.258394    0.890732   -0.798145
 67   42.375084    0.000006   -0.000006    0.092509   -0.125402    0.099099
 68   42.546143   -0.000004    0.000031    0.044887   -0.142458    0.137590
 69   42.234467    0.000027   -0.000019    0.030870    0.002459   -0.002411
 70   42.465027   -0.000034   -0.000011   -0.016688    0.242842   -0.284045
 71   42.458099    0.000031   -0.000015   -0.031191    0.289022   -0.356409
 72   42.267914   -0.000076    0.000000   -0.089116    0.382206   -0.514891
 73   42.506012    0.000092    0.000000   -0.089942    0.357183   -0.488405
 74   42.233147    0.000000   -0.000015   -0.009543   -0.041900    0.052793
 75   42.352188    0.000000    0.000015   -0.083873   -0.348310    0.465494
 76   42.391815    0.000000   -0.000031   -0.033373   -0.244288    0.312911
 77   42.497528    0.000023   -0.000008   -0.010991   -0.146922    0.185839
 78   42.272675   -0.000031   -0.000012   -0.000235   -0.061102    0.076891
 79   29.239311 -106.786255    1.740884   -0.000002    0.001822   -1.096798
 80   42.375114   -0.000008   -0.000003   -0.000500   -0.000001    0.278278
 81   42.546051   -0.000023    0.000002   -0.000546    0.000046    0.317146
 82   42.234497   -0.000008   -0.000007    0.000189   -0.000212   -0.110925
 83   42.465103   -0.000031   -0.000002    0.000862   -0.000576   -0.618410
 84   42.458069    0.000000   -0.000005    0.000217   -0.000611   -0.349284
 85   42.267853    0.000031   -0.000007   -0.000008   -0.000977   -0.537223
 86   42.505890    0.000000    0.000015   -0.000703   -0.001158   -0.787696
 87   42.233093    0.000000   -0.000014   -0.000125   -0.000030   -0.067214
 88   42.352299    0.000000    0.000002    0.000849    0.000145    0.467301
 89   42.391724    0.000000   -0.000006    0.000937    0.000693    0.655906
 90   42.497498    0.000000   -0.000020    0.000162    0.000568    0.313912
 91   42.272552    0.000008    0.000018   -0.000012    0.000324    0.170932
time 34
  0    0.000000    0.000000    0.000000    0.000000   -0.000000    0.000000
  1    0.000000    0.000000    0.000000    0.000000   -0.000000    0.000000
  2    0.000000    0.000000   -3.791636    0.785390   -1.573515    0.785390
  3   50.309212   -0.435479    0.000004    0.000532   -0.164828    0.013999
  4   30.891544   -0.000011    0.000000    0.000017   -0.131786   -0.014097
  5   34.635605    0.000007    0.000000   -0.000000   -0.215912   -0.000001
  6   30.584282    0.000018    0.000004   -0.000000   -0.529479    0.000001
  7   31.520187    0.000000    0.000015   -0.000000   -0.600036   -0.000001
  8   34.241207  -28.000034  -41.878006    0.992709   -0.407874    0.272617
  9   34.241131   23.441803  -41.878098   -0.992714   -0.407875   -0.272612
 10   35.246716  -52.543091    1.319138   -0.000000    0.000000    0.506172
 11   35.246548   52.726326    1.318924   -0.000000    0.000000   -0.506169
 12   34.830021  -24.891928   45.588600   -0.990921    0.414968    0.260737
 13   34.885777   27.636589   43.767822    0.990916    0.414967   -0.260736
 14   29.239317  -51.573326   94.292931    0.151425   -0.806291   -0.652557
 15   42.375076   -0.000002    0.000002   -0.096561    0.069543    0.054906
 16   42.546097    0.000046    0.000004   -0.048556    0.114232    0.109456
 17   42.234497    0.000008    0.000011   -0.030687    0.018826    0.020323
 18   42.464996    0.000015   -0.000008    0.025402   -0.269755   -0.315098
 19   42.458130   -0.000076   -0.000023    0.099898   -0.422872   -0.550140
 20   42.267944   -0.000015    0.000000    0.013900   -0.206500   -0.256758
 21   42.505875   -0.000031   -0.000031    0.120639   -0.409500   -0.570616
 22   42.233162   -0.000031   -0.000031    0.023521   -0.157483   -0.199356
 23   42.352310    0.000000   -0.000015    0.215744    0.516427    0.771231
 24   42.391754   -0.000031    0.000000    0.043402    0.273089    0.349378
 25   42.497559    0.000015   -0.000031    0.003173    0.097589    0.121199
 26   42.272797    0.000028   -0.000024   -0.000279    0.054699    0.068053
 27   29.239338   55.382633   92.214958    1.482664   -0.655643    0.457966
 28   42.375076   -0.000004   -0.000011    0.047256    0.030065    0.043835
 29   42.546082   -0.000023   -0.000011    0.036852    0.000917    0.000390
 30   42.234467    0.000057   -0.000004    0.026464    0.012303    0.014686
 31   42.464981   -0.000023    0.000011    0.061604    0.263712    0.324437
 32   42.458038    0.000027   -0.000008    0.094526    0.336155    0.409127
 33   42.267807    0.000000   -0.000031    0.041299    0.212711    0.236031
 34   42.505997    0.000092    0.000031    0.166247    0.508223    0.623333
 35   42.233078    0.000000    0.000000   -0.005512    0.101138    0.106624
 36   42.352234   -0.000092    0.000046    0.241502   -0.577432   -0.774664
 37   42.391785    0.000092    0.000015    0.045280   -0.260150   -0.289630
 38   42.497650    0.000057   -0.000004    0.009151   -0.101411   -0.107851
 39   42.272552    0.000164   -0.000008    0.004624   -0.058005   -0.061009
 40   29.239349  106.746643    1.740851    0.000002    0.001836    1.080680
 41   42.375076    0.000006    0.000001    0.000489   -0.000014   -0.269752
 42   42.546127   -0.000015    0.000000    0.000540    0.000041   -0.312576
 43   42.234482    0.000000   -0.000003   -0.000186   -0.000211    0.108588
 44   42.465057   -0.000023   -0.000006   -0.000862   -0.000572    0.616862
 45   42.458069    0.000015   -0.000004   -0.000221   -0.000611    0.350507
 46   42.267944   -0.000015    0.000003    0.000004   -0.000972    0.533862
 47   42.505890    0.000000    0.000009    0.000697   -0.001167    0.790692
 48   42.233147    0.000031   -0.000011    0.000130   -0.000031    0.069996
 49   42.352249    0.000061    0.000002   -0.000842    0.000145   -0.463057
 50   42.391663    0.000000   -0.000003   -0.000942    0.000693   -0.658088
 51   42.497681    0.000015   -0.000011   -0.000162    0.000570   -0.315078
 52   42.272766   -0.000002    0.000001    0.000012    0.000327   -0.171944
 53   29.239334   50.706909  -91.389107   -1.186919    0.841719    0.874564
 54   42.375099   -0.000011   -0.000012   -0.061320    0.116016   -0.111592
 55   42.546051    0.000015    0.000002   -0.051314    0.142849   -0.144134
 56   42.234558   -0.000019    0.000011   -0.026429    0.022620   -0.007956
 57   42.464966    0.000038    0.000027   -0.050677   -0.226155    0.268703
 58   42.458038    0.000053    0.000015   -0.078984   -0.300096    0.353153
 59   42.267975   -0.000099   -0.000008   -0.112366   -0.399542    0.468739
 60   42.505920    0.000122   -0.000031   -0.105759   -0.425502    0.488816
 61   42.233177   -0.000031   -0.000031    0.010374    0.024590   -0.025530
 62   42.352234    0.000061    0.000000   -0.081048    0.368722   -0.423049
 63   42.391724    0.000015   -0.000046   -0.051279    0.279939   -0.309753
 64   42.497559    0.000015   -0.000053   -0.018492    0.167580   -0.177691
 65   42.272827   -0.000001    0.000007   -0.005513    0.073155   -0.076113
 66   29.239323  -56.044880  -91.389030   -0.253718    0.887842   -0.792132
 67   42.375099    0.000002   -0.000017    0.092744   -0.122998    0.097182
 68   42.546127   -0.000015    0.000015    0.045089   -0.141003    0.136161
 69   42.234482    0.000011   -0.000004    0.030871    0.002015   -0.001937
 70   42.465057   -0.000038    0.000008   -0.016386    0.241839   -0.282791
 71   42.458130    0.000015    0.000015   -0.031213    0.289077   -0.356485
 72   42.267944   -0.000099    0.000031   -0.088594    0.381347   -0.513487
 73   42.505966    0.000000    0.000046   -0.090770    0.358642   -0.490772
 74   42.233177    0.000000    0.000015   -0.009476   -0.040644    0.051209
 75   42.352196   -0.000061    0.000015   -0.083539   -0.347682    0.464516
 76   42.391785   -0.000046   -0.000015   -0.033621   -0.245029    0.313931
 77   42.497498    0.000038   -0.000008   -0.011042   -0.147194    0.186195
 78   42.272766   -0.000010    0.000037   -0.000258   -0.061389    0.077249
 79   29.239317 -106.786255    1.740890   -0.000002    0.001828   -1.092082
 80   42.375084    0.000000   -0.000004   -0.000495   -0.000007    0.274308
 81   42.546036    0.000000    0.000003   -0.000544    0.000044    0.315790
 82   42.234528    0.000000   -0.000007    0.000186   -0.000211   -0.108732
 83   42.465088    0.000015   -0.000003    0.000862   -0.000574   -0.617694
 84   42.458008    0.000023   -0.000003    0.000219   -0.000612   -0.350179
 85   42.267944    0.000046   -0.000008   -0.000007   -0.000973   -0.534637
 86   42.505951   -0.000031    0.000014   -0.000700   -0.001164   -0.790133
 87   42.233116    0.000000   -0.000010   -0.000129   -0.000031   -0.069341
 88   42.352337    0.000000   -0.000002    0.000844    0.000144    0.464199
 89   42.391678   -0.000031   -0.000004    0.000942    0.000691    0.657638
 90   42.497559   -0.000015   -0.000020    0.000163    0.000570    0.314778
 91   42.272552   -0.000008    0.000016   -0.000012    0.000326    0.171670
time 35
  0    0.000000    0.000000    0.000000    0.000000   -0.000000    0.000000
  1    0.000000    0.000000    0.000000    0.000000   -0.000000    0.000000
  2    0.000000    0.000000   -4.133832    0.785390   -1.573515    0.785390
  3   50.309212   -0.435479    0.000004    0.000517   -0.165768    0.014001
  4   30.891541   -0.000011   -0.000001    0.000017   -0.133085   -0.014097
  5   34.635605    0.000007    0.000000   -0.000000   -0.216359   -0.000001
  6   30.584297    0.000018    0.000000   -0.000000   -0.527910    0.000001
  7   31.520187    0.000000    0.000000   -0.000000   -0.598382   -0.000001
  8   34.241196  -28.000034  -41.878006    0.992366   -0.409192    0.273529
  9   34.241127   23.441803  -41.878098   -0.992371   -0.409193   -0.273525
 10   35.246704  -52.543091    1.319138   -0.000000   -0.000000    0.507738
 11   35.246552   52.726322    1.318924   -0.000000   -0.000000   -0.507735
 12   34.830017  -24.891930   45.588608   -0.990570    0.416285    0.261654
 13   34.885788   27.636589   43.767822    0.990566    0.416284   -0.261653
 14   29.239307  -51.573338   94.292953    0.148222   -0.803364   -0.648130
 15   42.375046    0.000002   -0.000004   -0.096655    0.067710    0.053474
 16   42.546097    0.000023    0.000004   -0.048734    0.112546    0.107833
 17   42.234467    0.000023    0.000000   -0.030677    0.019379    0.020908
 18   42.464966    0.000023    0.000000    0.024749   -0.267824   -0.312648
 19   42.458069   -0.000069    0.000008    0.100413   -0.423626   -0.551383
 20   42.268005    0.000031    0.000015    0.013982   -0.206805   -0.257156
 21   42.505966    0.000015   -0.000031    0.119761   -0.408231   -0.568386
 22   42.233154    0.000031    0.000015    0.024238   -0.161016   -0.203964
 23   42.352280    0.000000    0.000000    0.214619    0.515416    0.768954
 24   42.391815   -0.000046   -0.000031    0.044108    0.274932    0.351970
 25   42.497437    0.000061    0.000000    0.003207    0.097859    0.121536
 26   42.272827    0.000059    0.000006   -0.000270    0.054810    0.068190
 27   29.239334   55.382633   92.214958    1.484268   -0.653051    0.455323
 28   42.375084    0.000008   -0.000004    0.047280    0.030568    0.044587
 29   42.546112   -0.000004    0.000000    0.036855    0.002050    0.001917
 30   42.234467    0.000057   -0.000027    0.026462    0.012187    0.014535
 31   42.465027   -0.000023   -0.000008    0.061025    0.262046    0.322210
 32   42.458069    0.000042   -0.000011    0.094942    0.337059    0.410388
 33   42.267883   -0.000015    0.000000    0.041257    0.212535    0.235829
 34   42.506027    0.000092    0.000015    0.165153    0.506889    0.621078
 35   42.233124   -0.000031    0.000076   -0.004968    0.106092    0.111914
 36   42.352238   -0.000061    0.000031    0.240604   -0.576661   -0.773019
 37   42.391754    0.000092    0.000000    0.045937   -0.262263   -0.292167
 38   42.497559    0.000061   -0.000031    0.009186   -0.101729   -0.108192
 39   42.272614    0.000140   -0.000026    0.004632   -0.058139   -0.061151
 40   29.239349  106.746666    1.740851    0.000002    0.001842    1.076001
 41   42.375076    0.000017   -0.000000    0.000484   -0.000020   -0.265833
 42   42.546143    0.000008    0.000000    0.000538    0.000039   -0.311200
 43   42.234467    0.000008   -0.000002   -0.000182   -0.000210    0.106382
 44   42.465057   -0.000031   -0.000005   -0.000862   -0.000570    0.616107
 45   42.458099   -0.000023   -0.000002   -0.000223   -0.000612    0.351435
 46   42.267883   -0.000015    0.000003    0.000003   -0.000968    0.531260
 47   42.505890    0.000000    0.000007    0.000694   -0.001172    0.793114
 48   42.233124    0.000000   -0.000009    0.000134   -0.000033    0.072157
 49   42.352268    0.000000    0.000000   -0.000837    0.000144   -0.459924
 50   42.391708    0.000061   -0.000005   -0.000946    0.000691   -0.659822
 51   42.497620   -0.000008   -0.000011   -0.000164    0.000571   -0.315953
 52   42.272766   -0.000012    0.000003    0.000012    0.000328   -0.172691
 53   29.239334   50.706898  -91.389084   -1.191647    0.839222    0.868655
 54   42.375084   -0.000019   -0.000007   -0.060941    0.114350   -0.109329
 55   42.546066    0.000027    0.000017   -0.051051    0.141469   -0.142337
 56   42.234512   -0.000053    0.000008   -0.026436    0.023058   -0.008373
 57   42.464996    0.000011    0.000019   -0.050386   -0.225128    0.267453
 58   42.458099    0.000038    0.000008   -0.079015   -0.300173    0.353217
 59   42.268005   -0.000053    0.000008   -0.111849   -0.398588    0.467400
 60   42.505997    0.000122   -0.000031   -0.106620   -0.426977    0.490900
 61   42.233200   -0.000061   -0.000061    0.010414    0.023207   -0.024090
 62   42.352318    0.000000   -0.000046   -0.080640    0.367873   -0.421917
 63   42.391724    0.000061    0.000000   -0.051557    0.280767   -0.310752
 64   42.497559    0.000069    0.000008   -0.018550    0.167887   -0.178029
 65   42.272766    0.000032    0.000000   -0.005535    0.073479   -0.076447
 66   29.239319  -56.044880  -91.389008   -0.249104    0.884945   -0.786184
 67   42.375099   -0.000002   -0.000017    0.092973   -0.120612    0.095282
 68   42.546097   -0.000008    0.000027    0.045288   -0.139537    0.134724
 69   42.234467    0.000023   -0.000011    0.030872    0.001562   -0.001455
 70   42.465027   -0.000031    0.000004   -0.016084    0.240827   -0.281524
 71   42.458130    0.000015   -0.000023   -0.031235    0.289133   -0.356564
 72   42.267914   -0.000069    0.000000   -0.088070    0.380479   -0.512072
 73   42.506012    0.000076    0.000015   -0.091607    0.360106   -0.493154
 74   42.233147    0.000061   -0.000015   -0.009410   -0.039378    0.049613
 75   42.352188   -0.000031    0.000031   -0.083198   -0.347041    0.463513
 76   42.391785   -0.000015   -0.000031   -0.033873   -0.245776    0.314963
 77   42.497498    0.000008    0.000000   -0.011095   -0.147472    0.186555
 78   42.272736   -0.000024   -0.000012   -0.000279   -0.061674    0.077609
 79   29.239311 -106.786232    1.740890   -0.000002    0.001834   -1.087382
 80   42.375092   -0.000006   -0.000005   -0.000490   -0.000013    0.270368
 81   42.546051    0.000000    0.000002   -0.000543    0.000042    0.314414
 82   42.234497   -0.000031   -0.000007    0.000182   -0.000211   -0.106524
 83   42.465073   -0.000008   -0.000003    0.000862   -0.000572   -0.616947
 84   42.458069    0.000008   -0.000003    0.000221   -0.000613   -0.351104
 85   42.267914    0.000031   -0.000005   -0.000005   -0.000969   -0.532029
 86   42.505966   -0.000031    0.000015   -0.000697   -0.001170   -0.792563
 87   42.233109   -0.000031   -0.000012   -0.000133   -0.000032   -0.071502
 88   42.352314    0.000000   -0.000002    0.000839    0.000143    0.461060
 89   42.391754   -0.000031   -0.000006    0.000946    0.000689    0.659382
 90   42.497559   -0.000008   -0.000020    0.000165    0.000571    0.315654
 91   42.272552   -0.000007    0.000018   -0.000011    0.000327    0.172416
time 36
  0    0.000000    0.000000    0.000000    0.000000   -0.000000    0.000000
  1    0.000000    0.000000    0.000000    0.000000   -0.000000    0.000000
  2    0.000000    0.000000   -4.476029    0.785398   -1.573471    0.785398
  3   50.309212   -0.435479    0.000004    0.000500   -0.166871    0.014004
  4   30.891556   -0.000010    0.000000    0.000017   -0.134610   -0.014097
  5   34.635597    0.000008    0.000000   -0.000000   -0.216884   -0.000001
  6   30.584297    0.000019    0.000000   -0.000000   -0.526066    0.000001
  7   31.520187    0.000002    0.000000   -0.000000   -0.596439   -0.000001
  8   34.241211  -28.000032  -41.878006    0.991964   -0.410739    0.274601
  9   34.241127   23.441805  -41.878113   -0.991968   -0.410740   -0.274596
 10   35.246704  -52.543083    1.319138   -0.000000   -0.000000    0.509576
 11   35.246552   52.726311    1.318909   -0.000000   -0.000000   -0.509573
 12   34.830017  -24.891924   45.588608   -0.990158    0.417831    0.262732
 13   34.885788   27.636591   43.767822    0.990154    0.417829   -0.262731
 14   29.239319  -51.573303   94.292938    0.145060   -0.800438   -0.643749
 15   42.375053    0.000010   -0.000011   -0.096744    0.065891    0.052056
 16   42.546066    0.000038    0.000004   -0.048911    0.110867    0.106215
 17   42.234482    0.000011    0.000008   -0.030667    0.019923    0.021486
 18   42.464966    0.000015    0.000000    0.024098   -0.265880   -0.310187
 19   42.458099   -0.000076   -0.000015    0.100923   -0.424373   -0.552615
 20   42.268005    0.000046    0.000031    0.014069   -0.207124   -0.257573
 21   42.505875   -0.000031   -0.000031    0.118875   -0.406944   -0.566130
 22   42.233192   -0.000031   -0.000031    0.024976   -0.164564   -0.208603
 23   42.352226    0.000031    0.000000    0.213460    0.514371    0.766610
 24   42.391724    0.000000    0.000015    0.044832    0.276804    0.354610
 25   42.497528   -0.000008   -0.000034    0.003241    0.098131    0.121878
 26   42.272705    0.000068   -0.000010   -0.000264    0.054921    0.068330
 27   29.239338   55.382656   92.214981    1.485851   -0.650471    0.452705
 28   42.375076    0.000004    0.000000    0.047303    0.031060    0.045324
 29   42.546097   -0.000008   -0.000008    0.036860    0.003177    0.003432
 30   42.234451    0.000069   -0.000019    0.026461    0.012078    0.014396
 31   42.465057   -0.000046   -0.000011    0.060446    0.260367    0.319968
 32   42.458160    0.000027   -0.000031    0.095358    0.337958    0.411646
 33   42.267914    0.000000   -0.000031    0.041217    0.212369    0.235638
 34   42.506027    0.000092    0.000031    0.164041    0.505523    0.618776
 35   42.233109   -0.000061    0.000015   -0.004398    0.111078    0.117244
 36   42.352264   -0.000092    0.000031    0.239662   -0.575847   -0.771290
 37   42.391693    0.000092    0.000015    0.046612   -0.264415   -0.294753
 38   42.497681    0.000053   -0.000027    0.009221   -0.102051   -0.108538
 39   42.272614    0.000160   -0.000004    0.004640   -0.058274   -0.061294
 40   29.239347  106.746643    1.740863    0.000002    0.001848    1.071341
 41   42.375069    0.000000    0.000003    0.000479   -0.000026   -0.261946
 42   42.546127    0.000031    0.000003    0.000536    0.000037   -0.309797
 43   42.234482   -0.000008   -0.000002   -0.000178   -0.000209    0.104165
 44   42.465057    0.000015   -0.000004   -0.000862   -0.000568    0.615318
 45   42.458099   -0.000008   -0.000001   -0.000225   -0.000613    0.352380
 46   42.267853   -0.000015    0.000005    0.000002   -0.000964    0.528617
 47   42.505920    0.000000    0.000007    0.000691   -0.001178    0.795544
 48   42.233131    0.000031   -0.000010    0.000138   -0.000034    0.074373
 49   42.352230    0.000000    0.000005   -0.000831    0.000142   -0.456713
 50   42.391693    0.000000   -0.000002   -0.000951    0.000689   -0.661586
 51   42.497650    0.000000   -0.000008   -0.000166    0.000572   -0.316850
 52   42.272705   -0.000022    0.000005    0.000012    0.000330   -0.173459
 53   29.239338   50.706894  -91.389091   -1.196323    0.836717    0.862800
 54   42.375084   -0.000011    0.000001   -0.060569    0.112695   -0.107087
 55   42.546066    0.000027    0.000004   -0.050790    0.140082   -0.140535
 56   42.234543   -0.000031   -0.000008   -0.026444    0.023500   -0.008793
 57   42.465027    0.000027    0.000015   -0.050095   -0.224094    0.266198
 58   42.458069    0.000031   -0.000008   -0.079047   -0.300246    0.353281
 59   42.267944   -0.000061    0.000015   -0.111328   -0.397624    0.466047
 60   42.505936    0.000092    0.000000   -0.107490   -0.428458    0.492996
 61   42.233170   -0.000061   -0.000031    0.010453    0.021812   -0.022638
 62   42.352249    0.000000   -0.000046   -0.080228    0.367013   -0.420770
 63   42.391754    0.000076    0.000031   -0.051839    0.281599   -0.311758
 64   42.497559    0.000061    0.000008   -0.018606    0.168197   -0.178365
 65   42.272858    0.000032    0.000011   -0.005562    0.073805   -0.076790
 66   29.239321  -56.044880  -91.389030   -0.244551    0.882042   -0.780301
 67   42.375099    0.000008    0.000006    0.093195   -0.118249    0.093401
 68   42.546112    0.000004    0.000011    0.045487   -0.138067    0.133282
 69   42.234467    0.000019   -0.000027    0.030873    0.001118   -0.000981
 70   42.465027   -0.000042   -0.000019   -0.015782    0.239811   -0.280256
 71   42.458069    0.000015    0.000000   -0.031258    0.289188   -0.356640
 72   42.267914   -0.000069   -0.000038   -0.087543    0.379607   -0.510649
 73   42.506042    0.000122    0.000000   -0.092447    0.361566   -0.495535
 74   42.233124    0.000061   -0.000015   -0.009348   -0.038108    0.048012
 75   42.352173   -0.000031   -0.000015   -0.082848   -0.346383    0.462486
 76   42.391785    0.000015    0.000000   -0.034129   -0.246531    0.316007
 77   42.497559    0.000038   -0.000031   -0.011149   -0.147752    0.186919
 78   42.272736   -0.000002    0.000015   -0.000302   -0.061964    0.077973
 79   29.239315 -106.786232    1.740877   -0.000002    0.001840   -1.082703
 80   42.375114   -0.000008   -0.000006   -0.000485   -0.000019    0.266463
 81   42.546066   -0.000008    0.000001   -0.000541    0.000040    0.313014
 82   42.234512    0.000000   -0.000008    0.000178   -0.000210   -0.104326
 83   42.465103   -0.000023   -0.000006    0.000862   -0.000570   -0.616173
 84   42.458038    0.000038   -0.000005    0.000223   -0.000614   -0.352037
 85   42.267914    0.000031   -0.000011   -0.000004   -0.000965   -0.529424
 86   42.505951    0.000000    0.000010   -0.000694   -0.001175   -0.794968
 87   42.233109    0.000000   -0.000010   -0.000137   -0.000034   -0.073678
 88   42.352295    0.000031   -0.000001    0.000833    0.000141    0.457908
 89   42.391739    0.000000   -0.000008    0.000951    0.000687    0.661119
 90   42.497559    0.000000   -0.000022    0.000166    0.000572    0.316535
 91   42.272430    0.000003    0.000021   -0.000011    0.000328    0.173169
time 37
  0    0.000000    0.000000    0.000000    0.000000   -0.000000    0.000000
  1    0.000000    0.000000    0.000000    0.000000   -0.000000    0.000000
  2    0.000000    0.000000   -4.818224    0.785390   -1.573515    0.785390
  3   50.309212   -0.435479    0.000004    0.000480   -0.168121    0.014008
  4   30.891544   -0.000011    0.000000    0.000017   -0.136339   -0.014097
  5   34.635597    0.000007    0.000004   -0.000000   -0.217479   -0.000001
  6   30.584290    0.000018    0.000004   -0.000000   -0.523977    0.000001
  7   31.520187    0.000000    0.000008   -0.000000   -0.594236   -0.000001
  8   34.241196  -28.000031  -41.877991    0.991507   -0.412493    0.275817
  9   34.241127   23.441803  -41.878098   -0.991512   -0.412495   -0.275812
 10   35.246712  -52.543083    1.319122   -0.000000    0.000000    0.511661
 11   35.246552   52.726318    1.318924   -0.000000   -0.000000   -0.511658
 12   34.830025  -24.891924   45.588608   -0.989691    0.419583    0.263954
 13   34.885773   27.636589   43.767830    0.989687    0.419582   -0.263953
 14   29.239319  -51.573330   94.292969    0.141939   -0.797517   -0.639413
 15   42.375092   -0.000010   -0.000004   -0.096830    0.064091    0.050651
 16   42.546082    0.000031    0.000027   -0.049084    0.109184    0.104596
 17   42.234451    0.000023    0.000008   -0.030657    0.020465    0.022058
 18   42.465012    0.000015   -0.000015    0.023450   -0.263933   -0.307725
 19   42.458069   -0.000069    0.000008    0.101429   -0.425110   -0.553834
 20   42.267944    0.000015    0.000000    0.014159   -0.207451   -0.258001
 21   42.505920    0.000000   -0.000015    0.117983   -0.405642   -0.563852
 22   42.233192    0.000061   -0.000046    0.025730   -0.168112   -0.213250
 23   42.352287   -0.000031   -0.000061    0.212280    0.513299    0.764213
 24   42.391754   -0.000046    0.000015    0.045566    0.278687    0.357270
 25   42.497589    0.000031   -0.000038    0.003275    0.098407    0.122224
 26   42.272766    0.000057    0.000011   -0.000255    0.055033    0.068471
 27   29.239338   55.382656   92.214973    1.487414   -0.647902    0.450112
 28   42.375069    0.000004   -0.000008    0.047327    0.031541    0.046043
 29   42.546127   -0.000008    0.000000    0.036866    0.004293    0.004936
 30   42.234467    0.000046    0.000008    0.026460    0.011982    0.014270
 31   42.465057   -0.000046    0.000000    0.059870    0.258684    0.317724
 32   42.458008    0.000034   -0.000027    0.095772    0.338852    0.412896
 33   42.267883    0.000015    0.000015    0.041180    0.212216    0.235463
 34   42.506042    0.000092    0.000015    0.162912    0.504128    0.616435
 35   42.233070   -0.000061    0.000000   -0.003796    0.116069    0.122591
 36   42.352215   -0.000092   -0.000015    0.238676   -0.574995   -0.769483
 37   42.391724    0.000076   -0.000015    0.047302   -0.266591   -0.297376
 38   42.497681    0.000076   -0.000015    0.009256   -0.102376   -0.108888
 39   42.272614    0.000143   -0.000031    0.004649   -0.058411   -0.061437
 40   29.239349  106.746666    1.740857    0.000002    0.001854    1.066701
 41   42.375092    0.000008   -0.000000    0.000473   -0.000031   -0.258092
 42   42.546127   -0.000008    0.000000    0.000535    0.000035   -0.308377
 43   42.234482   -0.000008   -0.000003   -0.000174   -0.000209    0.101947
 44   42.465088   -0.000008   -0.000006   -0.000862   -0.000566    0.614499
 45   42.458069   -0.000023   -0.000004   -0.000227   -0.000614    0.353347
 46   42.267944    0.000000    0.000003    0.000000   -0.000959    0.525987
 47   42.505936    0.000031    0.000007    0.000688   -0.001183    0.797940
 48   42.233131   -0.000031   -0.000009    0.000142   -0.000035    0.076599
 49   42.352257    0.000031    0.000004   -0.000826    0.000141   -0.453507
 50   42.391678   -0.000031   -0.000003   -0.000956    0.000687   -0.663337
 51   42.497620    0.000015   -0.000013   -0.000167    0.000574   -0.317749
 52   42.272736   -0.000001    0.000001    0.000011    0.000331   -0.174226
 53   29.239332   50.706898  -91.389107   -1.200946    0.834205    0.857000
 54   42.375099   -0.000006    0.000005   -0.060204    0.111053   -0.104870
 55   42.546066    0.000019    0.000015   -0.050529    0.138686   -0.138724
 56   42.234558   -0.000053    0.000008   -0.026452    0.023945   -0.009218
 57   42.464996    0.000038    0.000004   -0.049802   -0.223049    0.264931
 58   42.458069    0.000053    0.000008   -0.079078   -0.300321    0.353346
 59   42.267975   -0.000076    0.000015   -0.110803   -0.396647    0.464679
 60   42.506012    0.000092   -0.000031   -0.108367   -0.429944    0.495106
 61   42.233192    0.000000    0.000000    0.010490    0.020398   -0.021165
 62   42.352295    0.000061   -0.000031   -0.079805    0.366131   -0.419595
 63   42.391785    0.000031    0.000015   -0.052128    0.282445   -0.312782
 64   42.497650    0.000069   -0.000008   -0.018665    0.168510   -0.178709
 65   42.272736    0.000011    0.000038   -0.005586    0.074134   -0.077134
 66   29.239321  -56.044899  -91.389076   -0.240056    0.879133   -0.774480
 67   42.375092    0.000011   -0.000004    0.093410   -0.115908    0.091538
 68   42.546112    0.000015    0.000011    0.045685   -0.136586    0.131831
 69   42.234451    0.000031   -0.000019    0.030874    0.000669   -0.000502
 70   42.465027   -0.000038    0.000027   -0.015479    0.238790   -0.278984
 71   42.458130    0.000023   -0.000015   -0.031280    0.289244   -0.356716
 72   42.267944   -0.000084    0.000000   -0.087014    0.378725   -0.509216
 73   42.505981    0.000061    0.000015   -0.093293    0.363028   -0.497925
 74   42.233116    0.000000   -0.000031   -0.009286   -0.036831    0.046403
 75   42.352135   -0.000031   -0.000015   -0.082493   -0.345715    0.461443
 76   42.391815    0.000000    0.000000   -0.034385   -0.247290    0.317057
 77   42.497559    0.000031    0.000092   -0.011203   -0.148033    0.187283
 78   42.272736    0.000011    0.000019   -0.000326   -0.062252    0.078343
 79   29.239317 -106.786255    1.740884   -0.000002    0.001846   -1.078042
 80   42.375099   -0.000015   -0.000003   -0.000479   -0.000024    0.262586
 81   42.546036    0.000000    0.000002   -0.000539    0.000038    0.311593
 82   42.234528   -0.000023   -0.000007    0.000175   -0.000209   -0.102116
 83   42.465088   -0.000015   -0.000003    0.000862   -0.000568   -0.615372
 84   42.458069    0.000000   -0.000003    0.000225   -0.000614   -0.352989
 85   42.267914    0.000015   -0.000007   -0.000002   -0.000960   -0.526806
 86   42.505981    0.000031    0.000014   -0.000691   -0.001181   -0.797359
 87   42.233101    0.000000   -0.000013   -0.000141   -0.000035   -0.075885
 88   42.352333    0.000000   -0.000000    0.000828    0.000140    0.454726
 89   42.391739   -0.000031   -0.000006    0.000956    0.000685    0.662859
 90   42.497559    0.000008   -0.000020    0.000168    0.000573    0.317425
 91   42.272522    0.000002    0.000020   -0.000011    0.000330    0.173931
time 38
  0    0.000000    0.000000    0.000000    0.000000   -0.000000    0.000000
  1    0.000000    0.000000    0.000000    0.000000   -0.000000    0.000000
  2    0.000000    0.000000   -5.160420    0.785383   -1.573515    0.785383
  3   50.309219   -0.435479    0.000004    0.000459   -0.169503    0.014012
  4   30.891541   -0.000010   -0.000002    0.000017   -0.138249   -0.014097
  5   34.635597    0.000008   -0.000004   -0.000000   -0.218136   -0.000001
  6   30.584290    0.000019    0.000000   -0.000000   -0.521668    0.000001
  7   31.520187    0.000002   -0.000008   -0.000000   -0.591803   -0.000001
  8   34.241192  -28.000027  -41.878021    0.991003   -0.414432    0.277159
  9   34.241123   23.441805  -41.878098   -0.991008   -0.414433   -0.277154
 10   35.246693  -52.543083    1.319122   -0.000000   -0.000000    0.513963
 11   35.246540   52.726318    1.318924   -0.000000   -0.000000   -0.513960
 12   34.830006  -24.891924   45.588608   -0.989175    0.421519    0.265304
 13   34.885769   27.636591   43.767807    0.989171    0.421518   -0.265303
 14   29.239323  -51.573341   94.292976    0.138858   -0.794599   -0.635121
 15   42.375061    0.000010   -0.000011   -0.096912    0.062310    0.049260
 16   42.546097    0.000038    0.000004   -0.049255    0.107508    0.102985
 17   42.234467    0.000027    0.000004   -0.030647    0.020995    0.022621
 18   42.464996    0.000034   -0.000011    0.022804   -0.261971   -0.305250
 19   42.458099   -0.000061   -0.000023    0.101932   -0.425840   -0.555042
 20   42.268005    0.000031    0.000000    0.014250   -0.207790   -0.258444
 21   42.505920    0.000000    0.000000    0.117080   -0.404317   -0.561540
 22   42.233192   -0.000092    0.000000    0.026510   -0.171683   -0.217941
 23   42.352287    0.000061    0.000000    0.211064    0.512191    0.761743
 24   42.391724   -0.000061   -0.000046    0.046319    0.280600    0.359976
 25   42.497528    0.000023    0.000008    0.003311    0.098685    0.122575
 26   42.272766    0.000050   -0.000031   -0.000249    0.055149    0.068615
 27   29.239340   55.382652   92.214981    1.488958   -0.645343    0.447543
 28   42.375061    0.000004    0.000008    0.047350    0.032012    0.046749
 29   42.546097   -0.000027    0.000015    0.036874    0.005399    0.006426
 30   42.234512    0.000076   -0.000004    0.026458    0.011897    0.014160
 31   42.465057   -0.000038    0.000011    0.059300    0.257002    0.315484
 32   42.458069    0.000023   -0.000004    0.096184    0.339736    0.414134
 33   42.267899    0.000000    0.000015    0.041147    0.212076    0.235304
 34   42.505997    0.000076    0.000046    0.161775    0.502717    0.614073
 35   42.233086    0.000000    0.000015   -0.003170    0.121036    0.127922
 36   42.352207   -0.000031    0.000031    0.237661   -0.574111   -0.767613
 37   42.391754    0.000031    0.000015    0.048001   -0.268777   -0.300014
 38   42.497742    0.000015    0.000004    0.009291   -0.102702   -0.109239
 39   42.272675    0.000158   -0.000002    0.004657   -0.058547   -0.061582
 40   29.239353  106.746666    1.740846    0.000002    0.001860    1.062082
 41   42.375061   -0.000002   -0.000002    0.000468   -0.000037   -0.254272
 42   42.546112   -0.000015    0.000003    0.000533    0.000033   -0.306929
 43   42.234482    0.000031   -0.000000   -0.000171   -0.000208    0.099718
 44   42.465088   -0.000015   -0.000006   -0.000862   -0.000564    0.613652
 45   42.458099   -0.000008    0.000001   -0.000229   -0.000615    0.354335
 46   42.267914    0.000015    0.000004   -0.000001   -0.000955    0.523347
 47   42.505936    0.000061    0.000010    0.000685   -0.001189    0.800317
 48   42.233131    0.000000   -0.000011    0.000146   -0.000037    0.078856
 49   42.352268    0.000031    0.000002   -0.000820    0.000140   -0.450262
 50   42.391708   -0.000031   -0.000002   -0.000960    0.000685   -0.665094
 51   42.497650    0.000031   -0.000010   -0.000169    0.000575   -0.318657
 52   42.272766   -0.000009    0.000005    0.000011    0.000333   -0.175005
 53   29.239340   50.706913  -91.389084   -1.205520    0.831684    0.851253
 54   42.375084   -0.000002   -0.000004   -0.059847    0.109426   -0.102673
 55   42.546066    0.000019    0.000025   -0.050270    0.137282   -0.136907
 56   42.234558   -0.000038   -0.000008   -0.026461    0.024391   -0.009641
 57   42.464996    0.000053    0.000019   -0.049508   -0.221998    0.263657
 58   42.458038    0.000046    0.000000   -0.079109   -0.300396    0.353410
 59   42.267975   -0.000084    0.000015   -0.110275   -0.395662    0.463301
 60   42.505936    0.000076   -0.000031   -0.109250   -0.431429    0.497220
 61   42.233154   -0.000092   -0.000031    0.010526    0.018972   -0.019682
 62   42.352280    0.000000   -0.000015   -0.079377    0.365233   -0.418401
 63   42.391724    0.000061   -0.000015   -0.052419    0.283296   -0.313812
 64   42.497620    0.000015   -0.000023   -0.018723    0.168825   -0.179054
 65   42.272736    0.000011   -0.000001   -0.005614    0.074469   -0.077484
 66   29.239321  -56.044876  -91.389038   -0.235622    0.876218   -0.768723
 67   42.375092    0.000006    0.000000    0.093618   -0.113586    0.089693
 68   42.546097    0.000004    0.000015    0.045882   -0.135098    0.130374
 69   42.234436    0.000042   -0.000023    0.030873    0.000215   -0.000019
 70   42.464996   -0.000023    0.000027   -0.015173    0.237754   -0.277691
 71   42.458099    0.000023   -0.000008   -0.031303    0.289300   -0.356795
 72   42.267883   -0.000061   -0.000023   -0.086475    0.377822   -0.507750
 73   42.505951    0.000061   -0.000031   -0.094155    0.364507   -0.500347
 74   42.233147    0.000000   -0.000015   -0.009224   -0.035525    0.044754
 75   42.352173    0.000000    0.000015   -0.082126   -0.345018    0.460360
 76   42.391815   -0.000015   -0.000031   -0.034650   -0.248068    0.318134
 77   42.497498    0.000038   -0.000031   -0.011259   -0.148321    0.187658
 78   42.272675   -0.000008   -0.000004   -0.000349   -0.062552    0.078719
 79   29.239317 -106.786255    1.740895   -0.000002    0.001852   -1.073400
 80   42.375092   -0.000008   -0.000006   -0.000474   -0.000030    0.258745
 81   42.546051   -0.000015    0.000001   -0.000538    0.000036    0.310147
 82   42.234528    0.000000   -0.000009    0.000171   -0.000209   -0.099902
 83   42.465088   -0.000008   -0.000005    0.000862   -0.000566   -0.614538
 84   42.458099    0.000000   -0.000005    0.000227   -0.000615   -0.353966
 85   42.267975    0.000031   -0.000009   -0.000001   -0.000956   -0.524195
 86   42.505966    0.000000    0.000012   -0.000688   -0.001186   -0.799718
 87   42.233086    0.000031   -0.000012   -0.000145   -0.000036   -0.078112
 88   42.352306    0.000000   -0.000001    0.000823    0.000138    0.451516
 89   42.391724    0.000000   -0.000008    0.000960    0.000683    0.664603
 90   42.497528    0.000000   -0.000021    0.000169    0.000574    0.318326
 91   42.272552   -0.000002    0.000016   -0.000011    0.000331    0.174699
time 39
  0    0.000000    0.000000    0.000000    0.000000   -0.000000    0.000000
  1    0.000000    0.000000    0.000000    0.000000   -0.000000    0.000000
  2    0.000000    0.000000   -5.502617    0.785390   -1.573515    0.785390
  3   50.309212   -0.435479    0.000004    0.000435   -0.170999    0.014016
  4   30.891544   -0.000011    0.000001    0.000017   -0.140318   -0.014097
  5   34.635590    0.000007    0.000004   -0.000000   -0.218848   -0.000001
  6   30.584297    0.000018    0.000004   -0.000000   -0.519167    0.000001
  7   31.520195    0.000000   -0.000008   -0.000000   -0.589168   -0.000001
  8   34.241192  -28.000032  -41.878021    0.990457   -0.416531    0.278613
  9   34.241116   23.441803  -41.878113   -0.990462   -0.416532   -0.278608
 10   35.246700  -52.543091    1.319138   -0.000000    0.000000    0.516457
 11   35.246540   52.726307    1.318909   -0.000000    0.000000   -0.516454
 12   34.830021  -24.891928   45.588600   -0.988617    0.423616    0.266766
 13   34.885769   27.636587   43.767815    0.988612    0.423615   -0.266765
 14   29.239315  -51.573318   94.292946    0.135819   -0.791685   -0.630873
 15   42.375069    0.000000   -0.000015   -0.096991    0.060546    0.047884
 16   42.546127    0.000023    0.000015   -0.049421    0.105833    0.101375
 17   42.234467    0.000019   -0.000031   -0.030637    0.021521    0.023177
 18   42.464996    0.000038    0.000000    0.022165   -0.260013   -0.302783
 19   42.458099   -0.000061    0.000023    0.102428   -0.426558   -0.556232
 20   42.267975    0.000031   -0.000031    0.014345   -0.208140   -0.258901
 21   42.505875    0.000000   -0.000015    0.116179   -0.402983   -0.559222
 22   42.233192   -0.000031    0.000000    0.027302   -0.175236   -0.222615
 23   42.352295    0.000092    0.000031    0.209828    0.511057    0.759226
 24   42.391724   -0.000031   -0.000015    0.047080    0.282520    0.362701
 25   42.497589    0.000000    0.000019    0.003346    0.098967    0.122928
 26   42.272736    0.000044   -0.000037   -0.000240    0.055264    0.068758
 27   29.239334   55.382656   92.214973    1.490482   -0.642796    0.444998
 28   42.375069    0.000000    0.000000    0.047373    0.032474    0.047439
 29   42.546112   -0.000023    0.000015    0.036884    0.006497    0.007903
 30   42.234467    0.000057    0.000008    0.026457    0.011821    0.014061
 31   42.465027   -0.000023    0.000008    0.058729    0.255306    0.313231
 32   42.458069    0.000004   -0.000031    0.096596    0.340619    0.415371
 33   42.267899   -0.000015   -0.000031    0.041115    0.211946    0.235156
 34   42.506012    0.000076   -0.000015    0.160621    0.501276    0.611669
 35   42.233086   -0.000031    0.000046   -0.002514    0.126027    0.133288
 36   42.352207   -0.000122    0.000031    0.236599   -0.573184   -0.765659
 37   42.391663    0.000076   -0.000015    0.048718   -0.270996   -0.302700
 38   42.497650    0.000053   -0.000034    0.009329   -0.103031   -0.109593
 39   42.272644    0.000129   -0.000037    0.004666   -0.058685   -0.061727
 40   29.239349  106.746666    1.740857    0.000002    0.001865    1.057480
 41   42.375092   -0.000006   -0.000000    0.000462   -0.000042   -0.250485
 42   42.546127    0.000000    0.000001    0.000531    0.000031   -0.305458
 43   42.234482   -0.000008   -0.000002   -0.000167   -0.000207    0.097491
 44   42.465057    0.000000   -0.000007   -0.000862   -0.000562    0.612774
 45   42.458099   -0.000015   -0.000004   -0.000231   -0.000616    0.355339
 46   42.267883    0.000000    0.000003   -0.000002   -0.000951    0.520700
 47   42.505951    0.000000    0.000009    0.000682   -0.001195    0.802677
 48   42.233147    0.000000   -0.000009    0.000150   -0.000038    0.081136
 49   42.352257    0.000031    0.000004   -0.000815    0.000138   -0.447009
 50   42.391647   -0.000031   -0.000001   -0.000965    0.000682   -0.666843
 51   42.497620    0.000061   -0.000011   -0.000171    0.000576   -0.319569
 52   42.272705   -0.000007    0.000001    0.000011    0.000334   -0.175788
 53   29.239334   50.706909  -91.389130   -1.210042    0.829157    0.845559
 54   42.375069   -0.000004   -0.000001   -0.059496    0.107811   -0.100501
 55   42.546097    0.000019    0.000015   -0.050012    0.135873   -0.135085
 56   42.234543   -0.000053    0.000011   -0.026469    0.024837   -0.010062
 57   42.465012    0.000019    0.000008   -0.049214   -0.220940    0.262377
 58   42.458069    0.000046   -0.000008   -0.079141   -0.300471    0.353475
 59   42.267975   -0.000092    0.000031   -0.109746   -0.394671    0.461916
 60   42.505890    0.000092   -0.000031   -0.110136   -0.432913    0.499335
 61   42.233170   -0.000031   -0.000061    0.010559    0.017535   -0.018186
 62   42.352287    0.000000   -0.000015   -0.078942    0.364318   -0.417183
 63   42.391663    0.000076   -0.000031   -0.052713    0.284153   -0.314854
 64   42.497589    0.000038   -0.000031   -0.018784    0.169148   -0.179404
 65   42.272736   -0.000015   -0.000029   -0.005638    0.074805   -0.077837
 66   29.239319  -56.044899  -91.389099   -0.231246    0.873299   -0.763027
 67   42.375099   -0.000004   -0.000006    0.093822   -0.111286    0.087866
 68   42.546097   -0.000004    0.000027    0.046076   -0.133603    0.128911
 69   42.234451    0.000011   -0.000011    0.030874   -0.000234    0.000459
 70   42.465073   -0.000031   -0.000011   -0.014869    0.236713   -0.276395
 71   42.458160    0.000038    0.000008   -0.031326    0.289358   -0.356873
 72   42.267975   -0.000038   -0.000008   -0.085934    0.376917   -0.506282
 73   42.505951    0.000092   -0.000015   -0.095018    0.365979   -0.502767
 74   42.233147    0.000061   -0.000031   -0.009166   -0.034222    0.043114
 75   42.352173   -0.000031   -0.000015   -0.081755   -0.344315    0.459264
 76   42.391846   -0.000015   -0.000031   -0.034917   -0.248848    0.319214
 77   42.497620    0.000046    0.000015   -0.011314   -0.148608    0.188032
 78   42.272736    0.000010    0.000009   -0.000373   -0.062848    0.079094
 79   29.239311 -106.786278    1.740884   -0.000002    0.001858   -1.068780
 80   42.375084    0.000021   -0.000003   -0.000469   -0.000035    0.254937
 81   42.546051   -0.000031    0.000002   -0.000536    0.000034    0.308679
 82   42.234497    0.000015   -0.000006    0.000167   -0.000208   -0.097687
 83   42.465057   -0.000008   -0.000003    0.000862   -0.000565   -0.613676
 84   42.458099    0.000000   -0.000005    0.000229   -0.000616   -0.354955
 85   42.267944    0.000015   -0.000009    0.000000   -0.000952   -0.521564
 86   42.505951    0.000000    0.000012   -0.000685   -0.001192   -0.802070
 87   42.233055   -0.000031   -0.000014   -0.000149   -0.000037   -0.080371
 88   42.352291   -0.000061    0.000002    0.000817    0.000137    0.448289
 89   42.391693   -0.000031   -0.000006    0.000965    0.000681    0.666344
 90   42.497559   -0.000015   -0.000018    0.000171    0.000576    0.319231
 91   42.272552    0.000000    0.000018   -0.000010    0.000333    0.175474
time 40
  0    0.000000    0.000000    0.000000    0.000000   -0.000000    0.000000
  1    0.000000    0.000000    0.000000    0.000000   -0.000000    0.000000
  2    0.000000    0.000000   -5.844812    0.785390   -1.573515    0.785390
  3   50.309216   -0.435479    0.000004    0.000410   -0.172593    0.014021
  4   30.891548   -0.000011    0.000000    0.000017   -0.142522   -0.014097
  5   34.635605    0.000007   -0.000006   -0.000000   -0.219606   -0.000001
  6   30.584282    0.000018   -0.000004   -0.000000   -0.516502    0.000001
  7   31.520187    0.000000   -0.000015   -0.000000   -0.586359   -0.000001
  8   34.241203  -28.000031  -41.878021    0.989875   -0.418768    0.280163
  9   34.241127   23.441803  -41.878113   -0.989880   -0.418769   -0.280158
 10   35.246712  -52.543091    1.319122   -0.000000   -0.000000    0.519115
 11   35.246552   52.726315    1.318909   -0.000000   -0.000000   -0.519112
 12   34.830025  -24.891926   45.588600   -0.988021    0.425851    0.268324
 13   34.885780   27.636589   43.767815    0.988017    0.425850   -0.268323
 14   29.239319  -51.573338   94.292953    0.132818   -0.788774   -0.626668
 15   42.375061    0.000008   -0.000027   -0.097068    0.058799    0.046521
 16   42.546082    0.000027    0.000004   -0.049585    0.104160    0.099768
 17   42.234482    0.000008    0.000008   -0.030627    0.022040    0.023729
 18   42.464981    0.000000    0.000019    0.021528   -0.258042   -0.300307
 19   42.458069   -0.000084   -0.000015    0.102922   -0.427272   -0.557415
 20   42.268005    0.000031    0.000000    0.014443   -0.208498   -0.259371
 21   42.505875    0.000031   -0.000031    0.115267   -0.401629   -0.556873
 22   42.233147   -0.000092   -0.000015    0.028116   -0.178802   -0.227319
 23   42.352295    0.000031    0.000000    0.208562    0.509890    0.756644
 24   42.391754   -0.000031   -0.000031    0.047859    0.284463    0.365462
 25   42.497467    0.000023    0.000000    0.003381    0.099252    0.123287
 26   42.272858    0.000067   -0.000019   -0.000230    0.055380    0.068901
 27   29.239340   55.382633   92.214958    1.491986   -0.640259    0.442477
 28   42.375069    0.000008   -0.000015    0.047396    0.032926    0.048115
 29   42.546097   -0.000008    0.000008    0.036895    0.007583    0.009367
 30   42.234482    0.000069   -0.000008    0.026456    0.011760    0.013982
 31   42.464996   -0.000046    0.000008    0.058165    0.253617    0.310989
 32   42.458099    0.000023    0.000011    0.097002    0.341485    0.416587
 33   42.267929    0.000031    0.000031    0.041087    0.211831    0.235024
 34   42.506042    0.000092    0.000031    0.159460    0.499816    0.609243
 35   42.233093   -0.000061    0.000031   -0.001832    0.130993    0.138639
 36   42.352234   -0.000061    0.000000    0.235506   -0.572226   -0.763644
 37   42.391663    0.000107    0.000015    0.049446   -0.273225   -0.305402
 38   42.497589    0.000053   -0.000031    0.009366   -0.103362   -0.109948
 39   42.272644    0.000148   -0.000019    0.004675   -0.058823   -0.061872
 40   29.239347  106.746666    1.740851    0.000002    0.001871    1.052900
 41   42.375061   -0.000004   -0.000000    0.000457   -0.000047   -0.246732
 42   42.546112    0.000000    0.000001    0.000529    0.000029   -0.303965
 43   42.234467    0.000015   -0.000003   -0.000163   -0.000207    0.095261
 44   42.465057   -0.000015   -0.000005   -0.000862   -0.000560    0.611871
 45   42.458069    0.000015   -0.000003   -0.000233   -0.000617    0.356359
 46   42.267914   -0.000015    0.000003   -0.000004   -0.000946    0.518059
 47   42.505890    0.000031    0.000005    0.000678   -0.001200    0.805005
 48   42.233139    0.000000   -0.000009    0.000154   -0.000039    0.083434
 49   42.352283    0.000000    0.000002   -0.000809    0.000137   -0.443741
 50   42.391617    0.000031   -0.000003   -0.000970    0.000680   -0.668585
 51   42.497589    0.000000   -0.000009   -0.000172    0.000577   -0.320487
 52   42.272675   -0.000018    0.000001    0.000010    0.000336   -0.176577
 53   29.239334   50.706898  -91.389084   -1.214513    0.826623    0.839917
 54   42.375107   -0.000013   -0.000003   -0.059153    0.106209   -0.098353
 55   42.546082    0.000038    0.000004   -0.049756    0.134454   -0.133255
 56   42.234543   -0.000034    0.000011   -0.026478    0.025286   -0.010486
 57   42.465012    0.000038    0.000023   -0.048921   -0.219879    0.261093
 58   42.458069    0.000046    0.000000   -0.079171   -0.300547    0.353540
 59   42.268005   -0.000084    0.000000   -0.109218   -0.393676    0.460529
 60   42.505951    0.000061   -0.000031   -0.111023   -0.434389    0.501448
 61   42.233170   -0.000031    0.000000    0.010589    0.016092   -0.016685
 62   42.352287   -0.000031   -0.000046   -0.078503    0.363390   -0.415952
 63   42.391754    0.000015   -0.000031   -0.053012    0.285018   -0.315902
 64   42.497559    0.000031   -0.000031   -0.018842    0.169466   -0.179754
 65   42.272797    0.000018    0.000001   -0.005663    0.075144   -0.078188
 66   29.239323  -56.044880  -91.389008   -0.226927    0.870375   -0.757393
 67   42.375084    0.000002   -0.000008    0.094018   -0.109010    0.086058
 68   42.546082   -0.000008    0.000031    0.046270   -0.132099    0.127440
 69   42.234451    0.000019    0.000011    0.030874   -0.000684    0.000939
 70   42.465057   -0.000046    0.000008   -0.014565    0.235669   -0.275097
 71   42.458099    0.000046   -0.000008   -0.031348    0.289415   -0.356952
 72   42.267944   -0.000046   -0.000015   -0.085396    0.376010   -0.504812
 73   42.505936    0.000061    0.000015   -0.095884    0.367446   -0.505183
 74   42.233124   -0.000031   -0.000061   -0.009108   -0.032913    0.041464
 75   42.352135    0.000031    0.000000   -0.081379   -0.343597    0.458150
 76   42.391785    0.000000   -0.000031   -0.035186   -0.249631    0.320300
 77   42.497559    0.000061    0.000008   -0.011371   -0.148898    0.188408
 78   42.272675   -0.000007    0.000015   -0.000396   -0.063147    0.079474
 79   29.239315 -106.786232    1.740890   -0.000002    0.001864   -1.064178
 80   42.375107    0.000004   -0.000004   -0.000463   -0.000041    0.251160
 81   42.546021    0.000015    0.000002   -0.000534    0.000032    0.307187
 82   42.234512   -0.000031   -0.000007    0.000163   -0.000208   -0.095460
 83   42.465073   -0.000008   -0.000004    0.000862   -0.000563   -0.612786
 84   42.458038    0.000000   -0.000005    0.000231   -0.000617   -0.355969
 85   42.267914    0.000015   -0.000009    0.000002   -0.000947   -0.518934
 86   42.505981    0.000000    0.000014   -0.000681   -0.001197   -0.804393
 87   42.233101    0.000031   -0.000012   -0.000153   -0.000039   -0.082652
 88   42.352322   -0.000061    0.000000    0.000812    0.000136    0.445034
 89   42.391708    0.000000   -0.000004    0.000970    0.000679    0.668084
 90   42.497559    0.000000   -0.000020    0.000173    0.000577    0.320144
 91   42.272522   -0.000008    0.000018   -0.000010    0.000334    0.176259
time 41
  0    0.000000    0.000000    0.000000    0.000000   -0.000000    0.000000
  1    0.000000    0.000000    0.000000    0.000000   -0.000000    0.000000
  2    0.000000    0.000000   -6.187010    0.785390   -1.573515    0.785390
  3   50.309212   -0.435479    0.000004    0.000384   -0.174270    0.014025
  4   30.891548   -0.000011   -0.000000    0.000017   -0.144840   -0.014097
  5   34.635612    0.000007   -0.000004   -0.000000   -0.220404   -0.000001
  6   30.584290    0.000018   -0.000008   -0.000000   -0.513701    0.000001
  7   31.520180    0.000000    0.000000   -0.000000   -0.583407   -0.000001
  8   34.241192  -28.000031  -41.878006    0.989263   -0.421120    0.281792
  9   34.241131   23.441805  -41.878113   -0.989268   -0.421121   -0.281787
 10   35.246700  -52.543091    1.319138   -0.000000    0.000000    0.521909
 11   35.246540   52.726315    1.318924   -0.000000   -0.000000   -0.521906
 12   34.830021  -24.891924   45.588608   -0.987395    0.428200    0.269962
 13   34.885784   27.636591   43.767830    0.987391    0.428199   -0.269961
 14   29.239313  -51.573318   94.292969    0.129857   -0.785868   -0.622507
 15   42.375069    0.000002   -0.000015   -0.097140    0.057069    0.045173
 16   42.546066    0.000050    0.000019   -0.049746    0.102492    0.098167
 17   42.234497    0.000015    0.000008   -0.030615    0.022550    0.024269
 18   42.464996    0.000031   -0.000031    0.020894   -0.256064   -0.297824
 19   42.458099   -0.000069    0.000008    0.103407   -0.427970   -0.558577
 20   42.267944    0.000031    0.000000    0.014546   -0.208870   -0.259858
 21   42.505920   -0.000015    0.000000    0.114350   -0.400256   -0.554500
 22   42.233154   -0.000031   -0.000015    0.028951   -0.182381   -0.232048
 23   42.352280    0.000061   -0.000046    0.207266    0.508688    0.753992
 24   42.391693   -0.000031   -0.000015    0.048653    0.286431    0.368266
 25   42.497528    0.000008    0.000019    0.003418    0.099539    0.123648
 26   42.272797    0.000032   -0.000023   -0.000224    0.055498    0.069050
 27   29.239338   55.382656   92.214973    1.493472   -0.637734    0.439979
 28   42.375061    0.000004   -0.000008    0.047418    0.033368    0.048778
 29   42.546097   -0.000004    0.000008    0.036907    0.008658    0.010815
 30   42.234482    0.000065    0.000000    0.026456    0.011712    0.013918
 31   42.465027   -0.000050    0.000004    0.057605    0.251924    0.308746
 32   42.458038    0.000015   -0.000011    0.097406    0.342343    0.417794
 33   42.267883    0.000015   -0.000031    0.041063    0.211727    0.234906
 34   42.506027    0.000107   -0.000015    0.158284    0.498330    0.606781
 35   42.233116    0.000000    0.000015   -0.001125    0.135963    0.144003
 36   42.352264   -0.000092    0.000046    0.234371   -0.571225   -0.761548
 37   42.391724    0.000092    0.000000    0.050190   -0.275480   -0.308142
 38   42.497711    0.000031   -0.000057    0.009403   -0.103695   -0.110307
 39   42.272644    0.000139   -0.000024    0.004683   -0.058962   -0.062020
 40   29.239342  106.746666    1.740858    0.000002    0.001877    1.048338
 41   42.375046   -0.000008   -0.000001    0.000452   -0.000053   -0.243012
 42   42.546097    0.000000    0.000000    0.000527    0.000027   -0.302447
 43   42.234451   -0.000015   -0.000002   -0.000159   -0.000206    0.093029
 44   42.465042   -0.000015   -0.000007   -0.000862   -0.000558    0.610936
 45   42.458084   -0.000015   -0.000004   -0.000235   -0.000617    0.357399
 46   42.267914   -0.000015    0.000005   -0.000005   -0.000942    0.515413
 47   42.505920    0.000031    0.000008    0.000675   -0.001205    0.807307
 48   42.233139    0.000000   -0.000011    0.000159   -0.000041    0.085764
 49   42.352226    0.000000    0.000004   -0.000804    0.000136   -0.440436
 50   42.391678    0.000000   -0.000003   -0.000975    0.000678   -0.670338
 51   42.497681    0.000000   -0.000011   -0.000174    0.000578   -0.321415
 52   42.272705   -0.000013    0.000001    0.000010    0.000337   -0.177376
 53   29.239332   50.706909  -91.389107   -1.218936    0.824082    0.834327
 54   42.375084   -0.000011   -0.000001   -0.058816    0.104618   -0.096222
 55   42.546082    0.000019    0.000029   -0.049501    0.133035   -0.131428
 56   42.234558   -0.000038   -0.000015   -0.026488    0.025730   -0.010904
 57   42.465027    0.000015    0.000000   -0.048627   -0.218806    0.259799
 58   42.458038    0.000069   -0.000015   -0.079203   -0.300622    0.353602
 59   42.268005   -0.000084    0.000008   -0.108681   -0.392663    0.459119
 60   42.505951    0.000107   -0.000031   -0.111922   -0.435874    0.503576
 61   42.233185   -0.000061   -0.000031    0.010620    0.014621   -0.015153
 62   42.352295    0.000000    0.000015   -0.078052    0.362435   -0.414686
 63   42.391815    0.000061   -0.000076   -0.053317    0.285897   -0.316971
 64   42.497681    0.000061   -0.000015   -0.018904    0.169794   -0.180112
 65   42.272766    0.000024    0.000026   -0.005690    0.075488   -0.078552
 66   29.239323  -56.044899  -91.389076   -0.222665    0.867447   -0.751820
 67   42.375084    0.000008    0.000015    0.094208   -0.106754    0.084269
 68   42.546143    0.000008    0.000034    0.046463   -0.130587    0.125960
 69   42.234482    0.000038   -0.000023    0.030874   -0.001136    0.001422
 70   42.465027   -0.000015    0.000015   -0.014259    0.234613   -0.273785
 71   42.458099    0.000031    0.000008   -0.031371    0.289472   -0.357031
 72   42.267944   -0.000061   -0.000008   -0.084849    0.375085   -0.503317
 73   42.505966    0.000061    0.000000   -0.096762    0.368924   -0.507623
 74   42.233139    0.000000    0.000000   -0.009054   -0.031584    0.039791
 75   42.352188   -0.000031    0.000000   -0.080992   -0.342858    0.457002
 76   42.391754   -0.000031   -0.000031   -0.035460   -0.250430    0.321406
 77   42.497498    0.000023    0.000015   -0.011428   -0.149191    0.188790
 78   42.272675   -0.000005    0.000012   -0.000421   -0.063452    0.079858
 79   29.239315 -106.786255    1.740884   -0.000002    0.001870   -1.059596
 80   42.375130   -0.000015   -0.000003   -0.000458   -0.000046    0.247420
 81   42.546036    0.000015    0.000003   -0.000532    0.000030    0.305672
 82   42.234528   -0.000031   -0.000006    0.000160   -0.000207   -0.093247
 83   42.465103   -0.000008   -0.000003    0.000862   -0.000561   -0.611870
 84   42.458069    0.000000   -0.000005    0.000233   -0.000618   -0.356994
 85   42.267883    0.000015   -0.000005    0.000003   -0.000943   -0.516327
 86   42.506012   -0.000031    0.000015   -0.000678   -0.001203   -0.806675
 87   42.233093    0.000000   -0.000013   -0.000157   -0.000040   -0.084939
 88   42.352306   -0.000031   -0.000000    0.000806    0.000134    0.441787
 89   42.391754    0.000000   -0.000008    0.000974    0.000677    0.669809
 90   42.497559    0.000000   -0.000018    0.000174    0.000578    0.321054
 91   42.272614   -0.000008    0.000018   -0.000010    0.000336    0.177045
time 42
  0    0.000000    0.000000    0.000000    0.000000   -0.000000    0.000000
  1    0.000000    0.000000    0.000000    0.000000   -0.000000    0.000000
  2    0.000000    0.000000   -6.529206    0.785375   -1.573493    0.785375
  3   50.309219   -0.435479    0.000004    0.000357   -0.176012    0.014030
  4   30.891556   -0.000011   -0.000000    0.000017   -0.147249   -0.014097
  5   34.635605    0.000007    0.000000   -0.000000   -0.221232   -0.000001
  6   30.584305    0.000018   -0.000008   -0.000000   -0.510790    0.000001
  7   31.520187    0.000000    0.000008   -0.000000   -0.580339   -0.000001
  8   34.241196  -28.000032  -41.878021    0.988627   -0.423564    0.283485
  9   34.241127   23.441803  -41.878113   -0.988632   -0.423565   -0.283480
 10   35.246704  -52.543083    1.319122   -0.000000    0.000000    0.524812
 11   35.246552   52.726318    1.318924   -0.000000    0.000000   -0.524809
 12   34.830025  -24.891926   45.588623   -0.986745    0.430642    0.271664
 13   34.885780   27.636589   43.767830    0.986740    0.430640   -0.271663
 14   29.239323  -51.573349   94.292976    0.126934   -0.782966   -0.618389
 15   42.375069    0.000000   -0.000004   -0.097210    0.055358    0.043839
 16   42.546112    0.000023    0.000008   -0.049904    0.100826    0.096567
 17   42.234467    0.000004   -0.000015   -0.030605    0.023056    0.024804
 18   42.464996    0.000011    0.000027    0.020265   -0.254087   -0.295346
 19   42.458099   -0.000084    0.000008    0.103889   -0.428661   -0.559727
 20   42.267960    0.000031   -0.000031    0.014651   -0.209252   -0.260357
 21   42.505829   -0.000015   -0.000061    0.113429   -0.398874   -0.552111
 22   42.233147   -0.000061   -0.000015    0.029803   -0.185946   -0.236773
 23   42.352257    0.000031   -0.000031    0.205950    0.507460    0.751294
 24   42.391724   -0.000046    0.000000    0.049458    0.288404    0.371084
 25   42.497528    0.000000   -0.000011    0.003455    0.099830    0.124013
 26   42.272827    0.000060   -0.000023   -0.000214    0.055616    0.069197
 27   29.239344   55.382622   92.214966    1.494938   -0.635219    0.437504
 28   42.375084    0.000004   -0.000004    0.047440    0.033800    0.049425
 29   42.546097   -0.000004    0.000015    0.036921    0.009724    0.012250
 30   42.234467    0.000080   -0.000008    0.026455    0.011676    0.013867
 31   42.465027   -0.000027   -0.000008    0.057046    0.250223    0.306496
 32   42.458069    0.000023   -0.000008    0.097808    0.343195    0.418992
 33   42.267899    0.000000    0.000031    0.041041    0.211638    0.234805
 34   42.506073    0.000092    0.000015    0.157100    0.496823    0.604292
 35   42.233070    0.000000    0.000031   -0.000387    0.140930    0.149376
 36   42.352188   -0.000122    0.000046    0.233197   -0.570186   -0.759375
 37   42.391602    0.000092    0.000031    0.050949   -0.277760   -0.310919
 38   42.497620    0.000053   -0.000008    0.009441   -0.104032   -0.110669
 39   42.272552    0.000137   -0.000021    0.004692   -0.059103   -0.062168
 40   29.239351  106.746658    1.740840    0.000002    0.001883    1.043796
 41   42.375076   -0.000011   -0.000003    0.000446   -0.000058   -0.239325
 42   42.546112    0.000000    0.000001    0.000525    0.000024   -0.300904
 43   42.234467    0.000015   -0.000003   -0.000156   -0.000205    0.090789
 44   42.465088    0.000008   -0.000006   -0.000861   -0.000556    0.609976
 45   42.458084   -0.000008   -0.000004   -0.000237   -0.000618    0.358459
 46   42.267914    0.000046    0.000003   -0.000007   -0.000937    0.512777
 47   42.505875    0.000000    0.000005    0.000671   -0.001211    0.809575
 48   42.233078   -0.000031   -0.000011    0.000163   -0.000042    0.088111
 49   42.352242    0.000031    0.000004   -0.000798    0.000134   -0.437121
 50   42.391663   -0.000031   -0.000001   -0.000979    0.000676   -0.672078
 51   42.497650    0.000000   -0.000009   -0.000176    0.000580   -0.322349
 52   42.272675   -0.000020    0.000001    0.000010    0.000339   -0.178080
 53   29.239336   50.706909  -91.389107   -1.223308    0.821536    0.828790
 54   42.375092   -0.000021    0.000002   -0.058485    0.103036   -0.094112
 55   42.546066    0.000027   -0.000006   -0.049250    0.131617   -0.129602
 56   42.234543   -0.000042   -0.000015   -0.026497    0.026173   -0.011321
 57   42.465042    0.000061    0.000011   -0.048331   -0.217726    0.258497
 58   42.458069    0.000061    0.000008   -0.079235   -0.300698    0.353666
 59   42.267975   -0.000069    0.000015   -0.108146   -0.391649    0.457708
 60   42.505920    0.000137   -0.000031   -0.112821   -0.437355    0.505706
 61   42.233192   -0.000061   -0.000061    0.010648    0.013150   -0.013622
 62   42.352318    0.000000    0.000015   -0.077603    0.361476   -0.413418
 63   42.391724    0.000031    0.000015   -0.053620    0.286773   -0.318036
 64   42.497528    0.000038   -0.000015   -0.018965    0.170120   -0.180468
 65   42.272736    0.000002    0.000029   -0.005719    0.075833   -0.078914
 66   29.239325  -56.044868  -91.389038   -0.218460    0.864515   -0.746306
 67   42.375076    0.000000   -0.000004    0.094393   -0.104520    0.082498
 68   42.546097   -0.000004    0.000023    0.046654   -0.129068    0.124476
 69   42.234451    0.000031   -0.000019    0.030874   -0.001586    0.001902
 70   42.464981   -0.000053   -0.000023   -0.013953    0.233553   -0.272469
 71   42.458069    0.000015   -0.000015   -0.031394    0.289529   -0.357109
 72   42.267914   -0.000076   -0.000023   -0.084302    0.374156   -0.501819
 73   42.505951    0.000092   -0.000031   -0.097642    0.370397   -0.510059
 74   42.233116    0.000061   -0.000046   -0.009000   -0.030251    0.038111
 75   42.352127   -0.000061   -0.000015   -0.080600   -0.342106    0.455837
 76   42.391785    0.000000   -0.000015   -0.035736   -0.251231    0.322519
 77   42.497559    0.000038    0.000008   -0.011486   -0.149486    0.189174
 78   42.272736   -0.000013   -0.000022   -0.000446   -0.063760    0.080245
 79   29.239319 -106.786247    1.740902   -0.000002    0.001875   -1.055032
 80   42.375107   -0.000015   -0.000004   -0.000452   -0.000051    0.243711
 81   42.546036    0.000000    0.000003   -0.000530    0.000028    0.304131
 82   42.234512   -0.000031   -0.000007    0.000156   -0.000206   -0.091016
 83   42.465088   -0.000015   -0.000004    0.000861   -0.000558   -0.610924
 84   42.458069    0.000015   -0.000003    0.000235   -0.000619   -0.358040
 85   42.267914    0.000031   -0.000007    0.000004   -0.000939   -0.513690
 86   42.505981   -0.000061    0.000015   -0.000675   -0.001208   -0.808951
 87   42.233078   -0.000031   -0.000013   -0.000161   -0.000041   -0.087272
 88   42.352295    0.000031    0.000002    0.000801    0.000133    0.438491
 89   42.391708    0.000000   -0.000006    0.000979    0.000674    0.671546
 90   42.497528   -0.000031   -0.000018    0.000176    0.000579    0.321983
 91   42.272522   -0.000010    0.000022   -0.000009    0.000337    0.177842
time 43
  0    0.000000    0.000000    0.000000    0.000000   -0.000000    0.000000
  1    0.000000    0.000000    0.000000    0.000000   -0.000000    0.000000
  2    0.000000    0.000000   -6.871402    0.785390   -1.573515    0.785390
  3   50.309212   -0.435479    0.000004    0.000329   -0.177803    0.014035
  4   30.891541   -0.000011    0.000000    0.000017   -0.149725   -0.014097
  5   34.635605    0.000007    0.000000   -0.000000   -0.222084   -0.000001
  6   30.584282    0.000018    0.000000   -0.000000   -0.507797    0.000001
  7   31.520195    0.000000   -0.000008   -0.000000   -0.577184   -0.000001
  8   34.241199  -28.000032  -41.878021    0.987974   -0.426076    0.285225
  9   34.241131   23.441803  -41.878113   -0.987979   -0.426077   -0.285220
 10   35.246708  -52.543083    1.319122   -0.000000   -0.000000    0.527798
 11   35.246540   52.726318    1.318909   -0.000000   -0.000000   -0.527795
 12   34.830029  -24.891924   45.588593   -0.986076    0.433152    0.273414
 13   34.885784   27.636591   43.767815    0.986071    0.433151   -0.273413
 14   29.239319  -51.573330   94.292946    0.124050   -0.780068   -0.614312
 15   42.375076    0.000008    0.000000   -0.097277    0.053664    0.042519
 16   42.546082    0.000042    0.000008   -0.050059    0.099165    0.094973
 17   42.234467    0.000011   -0.000008   -0.030594    0.023549    0.025328
 18   42.464996    0.000038    0.000004    0.019640   -0.252099   -0.292862
 19   42.458069   -0.000092    0.000000    0.104362   -0.429338   -0.560856
 20   42.267899    0.000000   -0.000015    0.014759   -0.209646   -0.260874
 21   42.505951   -0.000015   -0.000031    0.112503   -0.397471   -0.549699
 22   42.233154   -0.000061   -0.000015    0.030675   -0.189524   -0.241524
 23   42.352264    0.000031    0.000000    0.204603    0.506196    0.748527
 24   42.391693   -0.000031   -0.000031    0.050280    0.290404    0.373948
 25   42.497589   -0.000008   -0.000004    0.003492    0.100124    0.124383
 26   42.272736    0.000060    0.000010   -0.000206    0.055736    0.069347
 27   29.239338   55.382656   92.214973    1.496387   -0.632715    0.435052
 28   42.375069   -0.000004    0.000004    0.047463    0.034224    0.050059
 29   42.546097    0.000008    0.000019    0.036936    0.010779    0.013673
 30   42.234482    0.000076   -0.000008    0.026455    0.011650    0.013830
 31   42.465027   -0.000019    0.000019    0.056492    0.248522    0.304250
 32   42.458130    0.000027    0.000011    0.098207    0.344037    0.420179
 33   42.267929    0.000000    0.000015    0.041022    0.211557    0.234715
 34   42.506058    0.000092    0.000031    0.155897    0.495284    0.601758
 35   42.233086   -0.000061    0.000061    0.000380    0.145912    0.154777
 36   42.352242   -0.000092    0.000031    0.231981   -0.569103   -0.757122
 37   42.391754    0.000076    0.000015    0.051726   -0.280067   -0.313733
 38   42.497681    0.000080    0.000023    0.009479   -0.104373   -0.111036
 39   42.272675    0.000173   -0.000010    0.004701   -0.059244   -0.062318
 40   29.239349  106.746666    1.740857    0.000002    0.001888    1.039273
 41   42.375099   -0.000011   -0.000000    0.000441   -0.000063   -0.235676
 42   42.546112   -0.000008    0.000000    0.000523    0.000022   -0.299336
 43   42.234482   -0.000008   -0.000003   -0.000152   -0.000205    0.088553
 44   42.465027    0.000008   -0.000006   -0.000861   -0.000554    0.608982
 45   42.458069   -0.000015   -0.000004   -0.000239   -0.000619    0.359536
 46   42.267914   -0.000031    0.000003   -0.000008   -0.000933    0.510127
 47   42.505890   -0.000031    0.000007    0.000668   -0.001216    0.811824
 48   42.233093    0.000061   -0.000011    0.000167   -0.000043    0.090490
 49   42.352283   -0.000031    0.000004   -0.000793    0.000133   -0.433782
 50   42.391647    0.000000   -0.000005   -0.000984    0.000673   -0.673820
 51   42.497650    0.000000   -0.000013   -0.000177    0.000581   -0.323288
 52   42.272675   -0.000031    0.000003    0.000009    0.000340   -0.178580
 53   29.239334   50.706898  -91.389130   -1.227631    0.818984    0.823304
 54   42.375107   -0.000004    0.000008   -0.058161    0.101465   -0.092018
 55   42.546097    0.000027    0.000015   -0.049001    0.130201   -0.127784
 56   42.234558   -0.000034   -0.000008   -0.026506    0.026611   -0.011730
 57   42.465012    0.000027   -0.000011   -0.048037   -0.216640    0.257190
 58   42.458069    0.000038    0.000008   -0.079266   -0.300773    0.353729
 59   42.267944   -0.000061    0.000015   -0.107610   -0.390629    0.456291
 60   42.505981    0.000122   -0.000015   -0.113723   -0.438829    0.507831
 61   42.233139   -0.000061   -0.000031    0.010673    0.011662   -0.012074
 62   42.352287    0.000000   -0.000031   -0.077143    0.360494   -0.412117
 63   42.391724    0.000031   -0.000015   -0.053930    0.287660   -0.319116
 64   42.497528    0.000046    0.000015   -0.019027    0.170452   -0.180830
 65   42.272827    0.000009    0.000031   -0.005745    0.076183   -0.079280
 66   29.239323  -56.044899  -91.389099   -0.214310    0.861580   -0.740851
 67   42.375099    0.000002   -0.000017    0.094571   -0.102309    0.080745
 68   42.546127    0.000004    0.000000    0.046844   -0.127539    0.122984
 69   42.234482    0.000027   -0.000031    0.030873   -0.002036    0.002381
 70   42.464996   -0.000015    0.000000   -0.013648    0.232488   -0.271147
 71   42.458069    0.000023   -0.000031   -0.031418    0.289587   -0.357190
 72   42.267883   -0.000031    0.000000   -0.083752    0.373220   -0.500308
 73   42.505997    0.000092   -0.000015   -0.098526    0.371869   -0.512501
 74   42.233116    0.000061   -0.000015   -0.008949   -0.028910    0.036423
 75   42.352142   -0.000031    0.000000   -0.080201   -0.341340    0.454647
 76   42.391785    0.000031   -0.000076   -0.036017   -0.252039    0.323642
 77   42.497559    0.000076   -0.000023   -0.011543   -0.149784    0.189560
 78   42.272736    0.000036   -0.000026   -0.000471   -0.064068    0.080636
 79   29.239323 -106.786255    1.740884   -0.000002    0.001881   -1.050488
 80   42.375107    0.000004   -0.000004   -0.000447   -0.000056    0.240039
 81   42.546021   -0.000023    0.000003   -0.000528    0.000025    0.302567
 82   42.234497    0.000000   -0.000006    0.000152   -0.000206   -0.088795
 83   42.465103    0.000008   -0.000004    0.000861   -0.000556   -0.609949
 84   42.458084    0.000038   -0.000003    0.000237   -0.000620   -0.359102
 85   42.267853    0.000015   -0.000007    0.000006   -0.000934   -0.511080
 86   42.505951    0.000000    0.000012   -0.000671   -0.001213   -0.811179
 87   42.233070    0.000000   -0.000012   -0.000166   -0.000043   -0.089612
 88   42.352345   -0.000031    0.000002    0.000795    0.000132    0.435193
 89   42.391785    0.000000   -0.000006    0.000984    0.000672    0.673269
 90   42.497589   -0.000015   -0.000020    0.000178    0.000581    0.322910
 91   42.272491    0.000012    0.000020   -0.000009    0.000338    0.178355
time 44
  0    0.000000    0.000000    0.000000    0.000000   -0.000000    0.000000
  1    0.000000    0.000000    0.000000    0.000000   -0.000000    0.000000
  2    0.000000    0.000000   -7.213597    0.785383   -1.573515    0.785383
  3   50.309219   -0.435479    0.000004    0.000300   -0.179626    0.014040
  4   30.891548   -0.000010   -0.000000    0.000017   -0.152247   -0.014097
  5   34.635597    0.000008   -0.000002   -0.000000   -0.222952   -0.000001
  6   30.584290    0.000019    0.000000   -0.000000   -0.504749    0.000001
  7   31.520180    0.000002    0.000000   -0.000000   -0.573971   -0.000001
  8   34.241199  -28.000029  -41.878021    0.987308   -0.428635    0.286998
  9   34.241131   23.441801  -41.878113   -0.987313   -0.428636   -0.286993
 10   35.246700  -52.543083    1.319122   -0.000000   -0.000000    0.530838
 11   35.246548   52.726311    1.318939   -0.000000   -0.000000   -0.530835
 12   34.830013  -24.891922   45.588608   -0.985395    0.435708    0.275196
 13   34.885784   27.636589   43.767822    0.985390    0.435707   -0.275196
 14   29.239319  -51.573330   94.292953    0.121202   -0.777175   -0.610275
 15   42.375053    0.000010   -0.000011   -0.097341    0.051987    0.041211
 16   42.546127    0.000042    0.000015   -0.050211    0.097505    0.093382
 17   42.234467    0.000023    0.000008   -0.030583    0.024041    0.025849
 18   42.464996    0.000011    0.000023    0.019020   -0.250106   -0.290374
 19   42.458038   -0.000053   -0.000023    0.104833   -0.430008   -0.561976
 20   42.267960    0.000015    0.000000    0.014871   -0.210050   -0.261403
 21   42.505905    0.000031    0.000000    0.111569   -0.396052   -0.547262
 22   42.233192   -0.000061    0.000000    0.031569   -0.193105   -0.246294
 23   42.352299    0.000092    0.000000    0.203226    0.504896    0.745696
 24   42.391754   -0.000076   -0.000015    0.051120    0.292423    0.376843
 25   42.497559    0.000038   -0.000011    0.003529    0.100421    0.124757
 26   42.272766    0.000086   -0.000014   -0.000199    0.055857    0.069499
 27   29.239340   55.382652   92.214981    1.497817   -0.630223    0.432622
 28   42.375084   -0.000011   -0.000004    0.047485    0.034636    0.050678
 29   42.546097   -0.000008    0.000015    0.036953    0.011825    0.015080
 30   42.234467    0.000072   -0.000015    0.026455    0.011636    0.013811
 31   42.464996   -0.000023   -0.000023    0.055943    0.246823    0.302009
 32   42.458069    0.000042   -0.000015    0.098602    0.344867    0.421350
 33   42.267899    0.000000    0.000000    0.041007    0.211493    0.234643
 34   42.506042    0.000061    0.000031    0.154692    0.493731    0.599211
 35   42.233086   -0.000061    0.000046    0.001170    0.150859    0.160153
 36   42.352230   -0.000122    0.000061    0.230736   -0.567990   -0.754810
 37   42.391754    0.000061    0.000031    0.052513   -0.282379   -0.316563
 38   42.497650    0.000069   -0.000038    0.009517   -0.104713   -0.111403
 39   42.272644    0.000166   -0.000009    0.004710   -0.059387   -0.062468
 40   29.239353  106.746666    1.740846    0.000002    0.001894    1.034769
 41   42.375046   -0.000019   -0.000001    0.000436   -0.000067   -0.232059
 42   42.546097    0.000015    0.000003    0.000521    0.000020   -0.297743
 43   42.234482   -0.000008   -0.000000   -0.000148   -0.000204    0.086314
 44   42.465057   -0.000031   -0.000005   -0.000861   -0.000552    0.607961
 45   42.458130   -0.000023    0.000000   -0.000241   -0.000620    0.360627
 46   42.267914    0.000015    0.000005   -0.000009   -0.000929    0.507485
 47   42.505951    0.000000    0.000009    0.000664   -0.001221    0.814039
 48   42.233124    0.000031   -0.000009    0.000172   -0.000045    0.092892
 49   42.352257    0.000061    0.000001   -0.000787    0.000132   -0.430434
 50   42.391678   -0.000031   -0.000000   -0.000989    0.000671   -0.675551
 51   42.497620    0.000031   -0.000006   -0.000179    0.000582   -0.324230
 52   42.272675   -0.000022    0.000002    0.000009    0.000340   -0.179086
 53   29.239344   50.706924  -91.389107   -1.231907    0.816426    0.817868
 54   42.375099   -0.000013    0.000002   -0.057841    0.099902   -0.089942
 55   42.546066    0.000019   -0.000004   -0.048755    0.128785   -0.125966
 56   42.234558   -0.000031   -0.000004   -0.026516    0.027046   -0.012137
 57   42.465027    0.000053   -0.000004   -0.047740   -0.215544    0.255873
 58   42.458069    0.000031    0.000015   -0.079297   -0.300848    0.353790
 59   42.268005   -0.000084    0.000015   -0.107065   -0.389588    0.454849
 60   42.505981    0.000122    0.000031   -0.114636   -0.440314    0.509974
 61   42.233170   -0.000092    0.000000    0.010697    0.010147   -0.010498
 62   42.352272    0.000061   -0.000061   -0.076672    0.359484   -0.410784
 63   42.391724    0.000046    0.000000   -0.054247    0.288565   -0.320218
 64   42.497559    0.000076    0.000000   -0.019089    0.170788   -0.181197
 65   42.272705    0.000019   -0.000010   -0.005774    0.076541   -0.079653
 66   29.239325  -56.044876  -91.389038   -0.210215    0.858642   -0.735456
 67   42.375099    0.000006    0.000017    0.094744   -0.100119    0.079012
 68   42.546097    0.000015    0.000019    0.047033   -0.126003    0.121484
 69   42.234451    0.000027   -0.000023    0.030872   -0.002489    0.002864
 70   42.464996   -0.000038   -0.000008   -0.013340    0.231412   -0.269813
 71   42.458160    0.000031    0.000008   -0.031441    0.289646   -0.357271
 72   42.267914   -0.000076   -0.000008   -0.083197    0.372271   -0.498782
 73   42.505981    0.000092    0.000046   -0.099420    0.373345   -0.514957
 74   42.233139    0.000061    0.000031   -0.008900   -0.027552    0.034712
 75   42.352226    0.000000    0.000015   -0.079792   -0.340552    0.453429
 76   42.391785   -0.000046   -0.000015   -0.036303   -0.252858    0.324782
 77   42.497498    0.000000   -0.000015   -0.011601   -0.150085    0.189952
 78   42.272766    0.000009   -0.000015   -0.000496   -0.064382    0.081033
 79   29.239321 -106.786278    1.740895   -0.000002    0.001887   -1.045963
 80   42.375092    0.000008   -0.000007   -0.000442   -0.000061    0.236400
 81   42.546036    0.000000    0.000003   -0.000526    0.000023    0.300975
 82   42.234497   -0.000031   -0.000009    0.000148   -0.000205   -0.086559
 83   42.465073   -0.000023   -0.000005    0.000861   -0.000554   -0.608942
 84   42.458069    0.000015   -0.000005    0.000239   -0.000621   -0.360183
 85   42.267944    0.000000   -0.000007    0.000007   -0.000930   -0.508438
 86   42.505981    0.000000    0.000012   -0.000668   -0.001218   -0.813402
 87   42.233093    0.000000   -0.000010   -0.000170   -0.000044   -0.092001
 88   42.352303   -0.000031   -0.000001    0.000790    0.000130    0.431860
 89   42.391708   -0.000061   -0.000008    0.000989    0.000670    0.675001
 90   42.497559    0.000015   -0.000024    0.000180    0.000582    0.323849
 91   42.272522    0.000020    0.000015   -0.000008    0.000339    0.178854
time 45
  0    0.000000    0.000000    0.000000    0.000000   -0.000000    0.000000
  1    0.000000    0.000000    0.000000    0.000000   -0.000000    0.000000
  2    0.000000    0.000000   -7.555793    0.785398   -1.573471    0.785398
  3   50.309212   -0.435479    0.000004    0.000271   -0.181467    0.014046
  4   30.891537   -0.000010    0.000001    0.000017   -0.154791   -0.014097
  5   34.635590    0.000008    0.000002   -0.000000   -0.223827   -0.000001
  6   30.584290    0.000019    0.000000   -0.000000   -0.501673    0.000001
  7   31.520187    0.000002    0.000008   -0.000000   -0.570730   -0.000001
  8   34.241192  -28.000027  -41.878006    0.986636   -0.431217    0.288786
  9   34.241131   23.441807  -41.878098   -0.986641   -0.431218   -0.288781
 10   35.246700  -52.543079    1.319138   -0.000000    0.000000    0.533905
 11   35.246540   52.726315    1.318924   -0.000000    0.000000   -0.533902
 12   34.830021  -24.891920   45.588615   -0.984708    0.438287    0.276995
 13   34.885777   27.636589   43.767822    0.984703    0.438286   -0.276994
 14   29.239313  -51.573315   94.292938    0.118392   -0.774287   -0.606281
 15   42.375061    0.000006   -0.000004   -0.097402    0.050328    0.039919
 16   42.546097    0.000050    0.000034   -0.050360    0.095849    0.091794
 17   42.234467    0.000008    0.000015   -0.030572    0.024523    0.026361
 18   42.464966    0.000008    0.000034    0.018404   -0.248108   -0.287885
 19   42.458038   -0.000053   -0.000015    0.105296   -0.430666   -0.563076
 20   42.267990    0.000031   -0.000015    0.014986   -0.210468   -0.261951
 21   42.505905    0.000000    0.000015    0.110633   -0.394618   -0.544809
 22   42.233192   -0.000092   -0.000046    0.032478   -0.196682   -0.251068
 23   42.352242   -0.000031   -0.000046    0.201826    0.503565    0.742806
 24   42.391663   -0.000031    0.000031    0.051971    0.294457    0.379769
 25   42.497406    0.000023   -0.000027    0.003567    0.100722    0.125135
 26   42.272797    0.000041   -0.000031   -0.000189    0.055979    0.069651
 27   29.239332   55.382656   92.214981    1.499229   -0.627741    0.430214
 28   42.375092   -0.000015    0.000004    0.047506    0.035040    0.051284
 29   42.546112   -0.000019   -0.000008    0.036971    0.012860    0.016475
 30   42.234467    0.000057   -0.000027    0.026455    0.011633    0.013802
 31   42.465057   -0.000046   -0.000004    0.055395    0.245113    0.299759
 32   42.458130    0.000000   -0.000015    0.098996    0.345693    0.422514
 33   42.267899   -0.000061    0.000000    0.040995    0.211440    0.234585
 34   42.506042    0.000076    0.000031    0.153467    0.492144    0.596619
 35   42.233101   -0.000061    0.000015    0.001991    0.155830    0.165567
 36   42.352242   -0.000061    0.000031    0.229446   -0.566829   -0.752413
 37   42.391724    0.000046    0.000000    0.053320   -0.284727   -0.319440
 38   42.497620    0.000065    0.000000    0.009557   -0.105058   -0.111774
 39   42.272614    0.000133   -0.000006    0.004718   -0.059530   -0.062619
 40   29.239342  106.746666    1.740863    0.000002    0.001899    1.030286
 41   42.375069   -0.000011    0.000003    0.000430   -0.000072   -0.228479
 42   42.546112   -0.000008    0.000003    0.000519    0.000018   -0.296123
 43   42.234497    0.000015   -0.000001   -0.000144   -0.000204    0.084070
 44   42.465057   -0.000008   -0.000004   -0.000860   -0.000550    0.606908
 45   42.458069   -0.000008   -0.000001   -0.000244   -0.000621    0.361739
 46   42.267914    0.000031    0.000003   -0.000010   -0.000924    0.504840
 47   42.505890    0.000031    0.000009    0.000660   -0.001227    0.816228
 48   42.233177    0.000000   -0.000011    0.000176   -0.000047    0.095326
 49   42.352268    0.000000    0.000002   -0.000781    0.000130   -0.427050
 50   42.391647    0.000000   -0.000004   -0.000994    0.000669   -0.677286
 51   42.497589    0.000015   -0.000008   -0.000181    0.000583   -0.325186
 52   42.272705   -0.000003    0.000004    0.000008    0.000341   -0.179596
 53   29.239334   50.706882  -91.389091   -1.236134    0.813864    0.812483
 54   42.375076   -0.000011   -0.000002   -0.057528    0.098350   -0.087885
 55   42.546097    0.000034   -0.000006   -0.048512    0.127370   -0.124152
 56   42.234573   -0.000019   -0.000004   -0.026526    0.027477   -0.012539
 57   42.465012    0.000034    0.000011   -0.047446   -0.214445    0.254553
 58   42.458069    0.000023   -0.000023   -0.079328   -0.300922    0.353852
 59   42.267975   -0.000076    0.000015   -0.106526   -0.388552    0.453416
 60   42.505951    0.000107   -0.000015   -0.115546   -0.441784    0.512105
 61   42.233177   -0.000031   -0.000031    0.010719    0.008635   -0.008923
 62   42.352310   -0.000031   -0.000046   -0.076203    0.358471   -0.409449
 63   42.391724    0.000061    0.000031   -0.054562    0.289464   -0.321313
 64   42.497437    0.000053    0.000053   -0.019152    0.171122   -0.181564
 65   42.272766    0.000051    0.000002   -0.005803    0.076896   -0.080025
 66   29.239317  -56.044880  -91.389030   -0.206174    0.855701   -0.730118
 67   42.375092   -0.000004   -0.000002    0.094912   -0.097953    0.077297
 68   42.546097   -0.000008    0.000038    0.047220   -0.124458    0.119976
 69   42.234467    0.000034   -0.000015    0.030872   -0.002940    0.003345
 70   42.465012   -0.000031    0.000034   -0.013035    0.230333   -0.268475
 71   42.458099    0.000023   -0.000015   -0.031465    0.289704   -0.357351
 72   42.267914   -0.000046   -0.000015   -0.082642    0.371318   -0.497250
 73   42.505920    0.000092   -0.000031   -0.100316    0.374816   -0.517410
 74   42.233154   -0.000031   -0.000031   -0.008852   -0.026192    0.033000
 75   42.352196   -0.000031    0.000046   -0.079380   -0.339754    0.452194
 76   42.391754    0.000000    0.000015   -0.036590   -0.253679    0.325924
 77   42.497559    0.000053    0.000031   -0.011661   -0.150387    0.190345
 78   42.272675    0.000031    0.000014   -0.000522   -0.064695    0.081432
 79   29.239309 -106.786232    1.740877   -0.000002    0.001892   -1.041459
 80   42.375122    0.000011   -0.000007   -0.000437   -0.000066    0.232794
 81   42.546051    0.000000    0.000001   -0.000524    0.000021    0.299363
 82   42.234512   -0.000015   -0.000008    0.000145   -0.000204   -0.084322
 83   42.465103    0.000031   -0.000005    0.000861   -0.000552   -0.607902
 84   42.458054    0.000008   -0.000005    0.000242   -0.000622   -0.361284
 85   42.267975    0.000000   -0.000009    0.000008   -0.000925   -0.505799
 86   42.505966    0.000000    0.000012   -0.000664   -0.001224   -0.815598
 87   42.233063   -0.000031   -0.000014   -0.000174   -0.000046   -0.094414
 88   42.352306   -0.000031   -0.000000    0.000784    0.000129    0.428506
 89   42.391693    0.000000   -0.000006    0.000993    0.000668    0.676728
 90   42.497589    0.000015   -0.000023    0.000181    0.000583    0.324795
 91   42.272522   -0.000010    0.000019   -0.000008    0.000340    0.179361
time 46
  0    0.000000    0.000000    0.000000    0.000000   -0.000000    0.000000
  1    0.000000    0.000000    0.000000    0.000000   -0.000000    0.000000
  2    0.000000    0.000000   -7.897990    0.785383   -1.573515    0.785383
  3   50.309216   -0.435479    0.000004    0.000243   -0.183307    0.014051
  4   30.891544   -0.000010   -0.000000    0.000017   -0.157336   -0.014097
  5   34.635605    0.000008   -0.000004   -0.000000   -0.224703   -0.000001
  6   30.584297    0.000019   -0.000011   -0.000000   -0.498598    0.000001
  7   31.520195    0.000002   -0.000008   -0.000000   -0.567489   -0.000001
  8   34.241203  -28.000032  -41.878036    0.985964   -0.433799    0.290575
  9   34.241127   23.441807  -41.878128   -0.985970   -0.433800   -0.290570
 10   35.246704  -52.543083    1.319138   -0.000000   -0.000000    0.536972
 11   35.246559   52.726322    1.318924   -0.000000   -0.000000   -0.536969
 12   34.830032  -24.891926   45.588615   -0.984020    0.440866    0.278793
 13   34.885780   27.636591   43.767830    0.984016    0.440865   -0.278792
 14   29.239321  -51.573330   94.292976    0.115619   -0.771404   -0.602327
 15   42.375061    0.000013   -0.000023   -0.097460    0.048686    0.038640
 16   42.546127    0.000038    0.000000   -0.050506    0.094197    0.090212
 17   42.234482    0.000008    0.000011   -0.030561    0.024996    0.026863
 18   42.464996    0.000019   -0.000011    0.017789   -0.246102   -0.285389
 19   42.458099   -0.000069   -0.000015    0.105753   -0.431314   -0.564161
 20   42.267944    0.000031   -0.000031    0.015105   -0.210898   -0.262515
 21   42.505951   -0.000031    0.000015    0.109691   -0.393167   -0.542331
 22   42.233200    0.000061   -0.000015    0.033410   -0.200264   -0.255864
 23   42.352295    0.000122   -0.000015    0.200394    0.502196    0.739846
 24   42.391785   -0.000031    0.000000    0.052840    0.296513    0.382734
 25   42.497528    0.000046   -0.000011    0.003607    0.101026    0.125518
 26   42.272797    0.000034   -0.000043   -0.000181    0.056102    0.069805
 27   29.239347   55.382652   92.214981    1.500623   -0.625270    0.427829
 28   42.375076    0.000015   -0.000004    0.047528    0.035435    0.051876
 29   42.546082   -0.000011   -0.000015    0.036991    0.013884    0.017853
 30   42.234467    0.000042    0.000004    0.026454    0.011644    0.013812
 31   42.465027   -0.000031   -0.000015    0.054854    0.243410    0.297519
 32   42.458069    0.000023   -0.000004    0.099384    0.346503    0.423659
 33   42.267883    0.000000    0.000015    0.040985    0.211400    0.234542
 34   42.506088    0.000092    0.000046    0.152241    0.490543    0.594011
 35   42.233101   -0.000061    0.000046    0.002837    0.160771    0.170962
 36   42.352219   -0.000122    0.000046    0.228127   -0.565637   -0.749955
 37   42.391724    0.000076    0.000000    0.054136   -0.287079   -0.322331
 38   42.497681    0.000076   -0.000004    0.009595   -0.105405   -0.112146
 39   42.272675    0.000175    0.000003    0.004728   -0.059673   -0.062770
 40   29.239347  106.746666    1.740846    0.000002    0.001904    1.025820
 41   42.375031   -0.000011   -0.000001    0.000425   -0.000077   -0.224935
 42   42.546097   -0.000015    0.000003    0.000517    0.000016   -0.294477
 43   42.234467   -0.000023   -0.000000   -0.000141   -0.000203    0.081828
 44   42.465027   -0.000023   -0.000006   -0.000860   -0.000548    0.605829
 45   42.458069    0.000008    0.000000   -0.000246   -0.000622    0.362865
 46   42.267914    0.000015    0.000005   -0.000012   -0.000920    0.502195
 47   42.505875    0.000031    0.000007    0.000657   -0.001232    0.818382
 48   42.233124   -0.000031   -0.000009    0.000180   -0.000048    0.097785
 49   42.352242   -0.000031    0.000003   -0.000775    0.000129   -0.423649
 50   42.391693    0.000000   -0.000002   -0.000998    0.000666   -0.679017
 51   42.497589    0.000015   -0.000008   -0.000183    0.000585   -0.326144
 52   42.272675   -0.000001    0.000004    0.000008    0.000342   -0.180111
 53   29.239338   50.706924  -91.389084   -1.240314    0.811298    0.807147
 54   42.375092   -0.000013   -0.000015   -0.057222    0.096809   -0.085847
 55   42.546097    0.000050    0.000013   -0.048271    0.125955   -0.122342
 56   42.234558   -0.000042   -0.000019   -0.026536    0.027904   -0.012934
 57   42.465027    0.000038    0.000011   -0.047151   -0.213338    0.253226
 58   42.458099    0.000046    0.000008   -0.079358   -0.300997    0.353913
 59   42.267975   -0.000099    0.000015   -0.105983   -0.387505    0.451970
 60   42.505951    0.000061   -0.000015   -0.116460   -0.443254    0.514239
 61   42.233200   -0.000061    0.000015    0.010737    0.007105   -0.007332
 62   42.352318   -0.000031    0.000000   -0.075722    0.357437   -0.408085
 63   42.391693    0.000031    0.000031   -0.054883    0.290372   -0.322422
 64   42.497589    0.000069   -0.000023   -0.019217    0.171462   -0.181936
 65   42.272766    0.000031    0.000013   -0.005830    0.077257   -0.080402
 66   29.239323  -56.044876  -91.389015   -0.202187    0.852758   -0.724837
 67   42.375084   -0.000006    0.000008    0.095073   -0.095809    0.075602
 68   42.546112   -0.000011    0.000031    0.047406   -0.122903    0.118461
 69   42.234451    0.000023    0.000011    0.030870   -0.003394    0.003829
 70   42.465012   -0.000031   -0.000011   -0.012726    0.229243   -0.267127
 71   42.458099    0.000008    0.000015   -0.031488    0.289762   -0.357432
 72   42.267883   -0.000076   -0.000008   -0.082083    0.370351   -0.495699
 73   42.505920    0.000031    0.000015   -0.101221    0.376294   -0.519878
 74   42.233147   -0.000031    0.000000   -0.008806   -0.024811    0.031260
 75   42.352165   -0.000061   -0.000015   -0.078956   -0.338931    0.450925
 76   42.391785   -0.000031   -0.000031   -0.036885   -0.254517    0.327093
 77   42.497528    0.000015    0.000031   -0.011721   -0.150695    0.190745
 78   42.272675    0.000017    0.000018   -0.000548   -0.065014    0.081835
 79   29.239321 -106.786255    1.740895   -0.000002    0.001898   -1.036972
 80   42.375092    0.000004   -0.000007   -0.000431   -0.000071    0.229224
 81   42.546021    0.000023    0.000003   -0.000522    0.000019    0.297723
 82   42.234497    0.000008   -0.000009    0.000141   -0.000204   -0.082089
 83   42.465088    0.000000   -0.000006    0.000860   -0.000550   -0.606840
 84   42.458038    0.000008   -0.000005    0.000244   -0.000623   -0.362401
 85   42.267914    0.000015   -0.000009    0.000010   -0.000921   -0.503184
 86   42.505981    0.000000    0.000012   -0.000660   -0.001229   -0.817739
 87   42.233109    0.000031   -0.000010   -0.000179   -0.000047   -0.096837
 88   42.352356   -0.000031   -0.000001    0.000778    0.000128    0.425146
 89   42.391739   -0.000031   -0.000006    0.000998    0.000665    0.678442
 90   42.497528   -0.000015   -0.000022    0.000183    0.000584    0.325743
 91   42.272461   -0.000006    0.000016   -0.000008    0.000341    0.179870
time 47
  0    0.000000    0.000000    0.000000    0.000000   -0.000000    0.000000
  1    0.000000    0.000000    0.000000    0.000000   -0.000000    0.000000
  2    0.000000    0.000000   -8.240187    0.785390   -1.573515    0.785390
  3   50.309212   -0.435479    0.000004    0.000214   -0.185131    0.014056
  4   30.891537   -0.000011    0.000001    0.000017   -0.159858   -0.014097
  5   34.635605    0.000007    0.000000   -0.000000   -0.225570   -0.000001
  6   30.584290    0.000018   -0.000004   -0.000000   -0.495550    0.000001
  7   31.520195    0.000000    0.000000   -0.000000   -0.564277   -0.000001
  8   34.241188  -28.000036  -41.877991    0.985299   -0.436357    0.292347
  9   34.241119   23.441805  -41.878082   -0.985304   -0.436358   -0.292342
 10   35.246696  -52.543095    1.319168   -0.000000   -0.000000    0.540012
 11   35.246536   52.726326    1.318939   -0.000000    0.000000   -0.540009
 12   34.830032  -24.891932   45.588623   -0.983339    0.443422    0.280575
 13   34.885773   27.636589   43.767838    0.983335    0.443421   -0.280574
 14   29.239319  -51.573330   94.292969    0.112881   -0.768527   -0.598412
 15   42.375069    0.000006   -0.000011   -0.097515    0.047063    0.037375
 16   42.546097    0.000034    0.000019   -0.050649    0.092549    0.088635
 17   42.234497    0.000004    0.000008   -0.030549    0.025461    0.027355
 18   42.464996    0.000023    0.000019    0.017181   -0.244093   -0.282894
 19   42.458099   -0.000053   -0.000015    0.106202   -0.431948   -0.565224
 20   42.267960    0.000031   -0.000031    0.015227   -0.211339   -0.263092
 21   42.505981   -0.000046   -0.000015    0.108745   -0.391700   -0.539834
 22   42.233170   -0.000061   -0.000031    0.034360   -0.203846   -0.260671
 23   42.352280    0.000031    0.000031    0.198939    0.500795    0.736827
 24   42.391754   -0.000061   -0.000015    0.053723    0.298583    0.385726
 25   42.497467   -0.000023   -0.000027    0.003647    0.101333    0.125904
 26   42.272827    0.000065   -0.000043   -0.000173    0.056227    0.069961
 27   29.239342   55.382656   92.214973    1.502000   -0.622813    0.425466
 28   42.375069   -0.000004   -0.000011    0.047549    0.035820    0.052452
 29   42.546082    0.000004    0.000000    0.037011    0.014897    0.019220
 30   42.234451    0.000061   -0.000011    0.026455    0.011665    0.013833
 31   42.465042   -0.000011   -0.000015    0.054314    0.241693    0.295268
 32   42.458099    0.000042   -0.000011    0.099770    0.347309    0.424798
 33   42.267899    0.000031    0.000031    0.040980    0.211372    0.234514
 34   42.506027    0.000107    0.000000    0.150993    0.488907    0.591353
 35   42.233109   -0.000031    0.000122    0.003718    0.165744    0.176406
 36   42.352249   -0.000092    0.000076    0.226754   -0.564389   -0.747395
 37   42.391724    0.000076    0.000015    0.054979   -0.289477   -0.325286
 38   42.497589    0.000065   -0.000023    0.009636   -0.105758   -0.112525
 39   42.272583    0.000166   -0.000028    0.004737   -0.059819   -0.062926
 40   29.239349  106.746666    1.740858    0.000002    0.001910    1.021376
 41   42.375061   -0.000008   -0.000001    0.000419   -0.000081   -0.221424
 42   42.546143    0.000008    0.000001    0.000514    0.000014   -0.292806
 43   42.234482    0.000000   -0.000002   -0.000137   -0.000202    0.079575
 44   42.465073   -0.000046   -0.000006   -0.000860   -0.000546    0.604713
 45   42.458084   -0.000015   -0.000003   -0.000248   -0.000623    0.364016
 46   42.267944    0.000031    0.000005   -0.000013   -0.000915    0.499545
 47   42.505890    0.000061    0.000009    0.000653   -0.001237    0.820513
 48   42.233124    0.000000   -0.000009    0.000185   -0.000050    0.100278
 49   42.352230    0.000000    0.000004   -0.000770    0.000127   -0.420230
 50   42.391632    0.000000   -0.000001   -0.001003    0.000664   -0.680743
 51   42.497620    0.000000   -0.000010   -0.000184    0.000586   -0.327111
 52   42.272644   -0.000023    0.000003    0.000008    0.000344   -0.180631
 53   29.239334   50.706898  -91.389107   -1.244447    0.808726    0.801861
 54   42.375092   -0.000006    0.000001   -0.056920    0.095276   -0.083824
 55   42.546097    0.000023    0.000019   -0.048033    0.124542   -0.120536
 56   42.234558   -0.000034    0.000000   -0.026547    0.028329   -0.013327
 57   42.465027    0.000038   -0.000008   -0.046853   -0.212219    0.251886
 58   42.458099    0.000023    0.000000   -0.079391   -0.301073    0.353975
 59   42.268005   -0.000092    0.000015   -0.105436   -0.386448    0.450512
 60   42.505981    0.000092   -0.000015   -0.117380   -0.444724    0.516380
 61   42.233131   -0.000061   -0.000061    0.010753    0.005554   -0.005720
 62   42.352341    0.000000   -0.000031   -0.075236    0.356381   -0.406695
 63   42.391724    0.000031   -0.000046   -0.055209    0.291294   -0.323546
 64   42.497589    0.000038    0.000031   -0.019282    0.171806   -0.182312
 65   42.272766    0.000034    0.000033   -0.005859    0.077622   -0.080784
 66   29.239315  -56.044899  -91.389099   -0.198252    0.849813   -0.719612
 67   42.375099   -0.000004   -0.000013    0.095230   -0.093688    0.073925
 68   42.546112   -0.000008    0.000023    0.047590   -0.121342    0.116938
 69   42.234451    0.000031   -0.000031    0.030869   -0.003844    0.004310
 70   42.464996   -0.000031    0.000019   -0.012420    0.228148   -0.265774
 71   42.458069    0.000023   -0.000015   -0.031511    0.289819   -0.357509
 72   42.267914   -0.000069    0.000015   -0.081521    0.369379   -0.494145
 73   42.506012    0.000092    0.000000   -0.102128    0.377767   -0.522345
 74   42.233109   -0.000031   -0.000015   -0.008762   -0.023426    0.029515
 75   42.352173   -0.000031    0.000031   -0.078528   -0.338098    0.449639
 76   42.391754    0.000015    0.000000   -0.037179   -0.255353    0.328258
 77   42.497589    0.000046    0.000008   -0.011782   -0.151002    0.191146
 78   42.272644   -0.000007    0.000018   -0.000575   -0.065338    0.082241
 79   29.239323 -106.786255    1.740884   -0.000002    0.001903   -1.032506
 80   42.375107   -0.000004   -0.000003   -0.000426   -0.000075    0.225691
 81   42.546051    0.000015    0.000004   -0.000519    0.000017    0.296057
 82   42.234528   -0.000015   -0.000006    0.000137   -0.000203   -0.079853
 83   42.465088    0.000000   -0.000003    0.000860   -0.000548   -0.605745
 84   42.458115    0.000038   -0.000005    0.000246   -0.000624   -0.363531
 85   42.267944    0.000000   -0.000005    0.000011   -0.000917   -0.500550
 86   42.505981    0.000000    0.000014   -0.000656   -0.001234   -0.819867
 87   42.233101   -0.000031   -0.000013   -0.000183   -0.000049   -0.099304
 88   42.352291   -0.000031    0.000002    0.000772    0.000126    0.421752
 89   42.391724   -0.000031   -0.000006    0.001003    0.000663    0.680160
 90   42.497528    0.000000   -0.000018    0.000185    0.000586    0.326701
 91   42.272552   -0.000013    0.000016   -0.000007    0.000342    0.180385
time 48
  0    0.000000    0.000000    0.000000    0.000000   -0.000000    0.000000
  1    0.000000    0.000000    0.000000    0.000000   -0.000000    0.000000
  2    0.000000    0.000000   -8.582382    0.785390   -1.573515    0.785390
  3   50.309212   -0.435479    0.000004    0.000186   -0.186922    0.014061
  4   30.891544   -0.000011    0.000000    0.000017   -0.162334   -0.014097
  5   34.635605    0.000007    0.000000   -0.000000   -0.226422   -0.000001
  6   30.584282    0.000018    0.000008   -0.000000   -0.492556    0.000001
  7   31.520187    0.000000    0.000008   -0.000000   -0.561122   -0.000001
  8   34.241196  -28.000032  -41.878006    0.984645   -0.438870    0.294088
  9   34.241119   23.441807  -41.878113   -0.984650   -0.438871   -0.294083
 10   35.246704  -52.543091    1.319122   -0.000000    0.000000    0.542997
 11   35.246552   52.726315    1.318909   -0.000000   -0.000000   -0.542994
 12   34.830025  -24.891928   45.588608   -0.982670    0.445932    0.282325
 13   34.885780   27.636589   43.767815    0.982666    0.445931   -0.282324
 14   29.239315  -51.573318   94.292946    0.110178   -0.765655   -0.594536
 15   42.375084    0.000006   -0.000008   -0.097568    0.045456    0.036123
 16   42.546082    0.000031    0.000023   -0.050789    0.090904    0.087060
 17   42.234482    0.000023    0.000008   -0.030539    0.025921    0.027843
 18   42.464996    0.000034    0.000004    0.016578   -0.242082   -0.280402
 19   42.458099   -0.000046    0.000000    0.106643   -0.432569   -0.566267
 20   42.267960    0.000031   -0.000015    0.015352   -0.211791   -0.263685
 21   42.505905   -0.000031   -0.000015    0.107793   -0.390213   -0.537311
 22   42.233147   -0.000061   -0.000031    0.035333   -0.207436   -0.265501
 23   42.352291    0.000031   -0.000015    0.197454    0.499355    0.733738
 24   42.391724   -0.000046   -0.000031    0.054625    0.300679    0.388762
 25   42.497498    0.000023   -0.000004    0.003687    0.101645    0.126296
 26   42.272827    0.000069   -0.000011   -0.000162    0.056353    0.070118
 27   29.239334   55.382668   92.214973    1.503361   -0.620364    0.423123
 28   42.375061   -0.000008    0.000008    0.047570    0.036196    0.053018
 29   42.546127   -0.000004    0.000000    0.037033    0.015900    0.020571
 30   42.234467    0.000069   -0.000004    0.026456    0.011698    0.013871
 31   42.465027   -0.000023    0.000008    0.053780    0.239987    0.293030
 32   42.458069    0.000034   -0.000019    0.100150    0.348098    0.425918
 33   42.267853    0.000000    0.000000    0.040978    0.211359    0.234502
 34   42.506012    0.000031    0.000015    0.149743    0.487255    0.588681
 35   42.233086    0.000000    0.000061    0.004621    0.170683    0.181827
 36   42.352211   -0.000092    0.000031    0.225358   -0.563111   -0.744783
 37   42.391724    0.000046   -0.000015    0.055829   -0.291878   -0.328249
 38   42.497620    0.000038   -0.000034    0.009676   -0.106109   -0.112905
 39   42.272552    0.000131   -0.000007    0.004746   -0.059966   -0.063078
 40   29.239349  106.746666    1.740857    0.000002    0.001915    1.016949
 41   42.375061   -0.000008   -0.000001    0.000414   -0.000086   -0.217952
 42   42.546097    0.000000    0.000000    0.000512    0.000011   -0.291107
 43   42.234436    0.000008   -0.000003   -0.000133   -0.000202    0.077328
 44   42.465057    0.000000   -0.000006   -0.000859   -0.000544    0.603575
 45   42.458069   -0.000015   -0.000003   -0.000251   -0.000624    0.365178
 46   42.267914    0.000000    0.000001   -0.000014   -0.000911    0.496921
 47   42.505920    0.000000    0.000007    0.000649   -0.001242    0.822591
 48   42.233093    0.000000   -0.000011    0.000189   -0.000051    0.102783
 49   42.352230    0.000000    0.000004   -0.000764    0.000126   -0.416808
 50   42.391663   -0.000031   -0.000003   -0.001008    0.000661   -0.682457
 51   42.497589   -0.000015   -0.000010   -0.000186    0.000587   -0.328080
 52   42.272736   -0.000025    0.000003    0.000007    0.000344   -0.181152
 53   29.239334   50.706909  -91.389130   -1.248533    0.806151    0.796625
 54   42.375076    0.000008   -0.000009   -0.056625    0.093755   -0.081822
 55   42.546082    0.000031    0.000011   -0.047798    0.123130   -0.118734
 56   42.234558   -0.000038    0.000004   -0.026557    0.028749   -0.013713
 57   42.464996    0.000027    0.000011   -0.046557   -0.211096    0.250541
 58   42.458069    0.000031   -0.000008   -0.079421   -0.301148    0.354036
 59   42.268036   -0.000099    0.000015   -0.104891   -0.385389    0.449053
 60   42.505936    0.000107   -0.000031   -0.118299   -0.446185    0.518514
 61   42.233147   -0.000061   -0.000076    0.010767    0.003994   -0.004095
 62   42.352242    0.000000   -0.000031   -0.074743    0.355308   -0.405287
 63   42.391724    0.000046   -0.000015   -0.055538    0.292219   -0.324678
 64   42.497589    0.000031   -0.000015   -0.019348    0.172152   -0.182691
 65   42.272766    0.000052    0.000017   -0.005890    0.077989   -0.081171
 66   29.239319  -56.044891  -91.389099   -0.194369    0.846867   -0.714445
 67   42.375099   -0.000004   -0.000015    0.095381   -0.091590    0.072267
 68   42.546127   -0.000019    0.000034    0.047773   -0.119771    0.115409
 69   42.234467    0.000019   -0.000019    0.030867   -0.004296    0.004791
 70   42.465027   -0.000046    0.000011   -0.012113    0.227048   -0.264413
 71   42.458099    0.000008    0.000000   -0.031533    0.289876   -0.357589
 72   42.267975   -0.000046    0.000008   -0.080958    0.368399   -0.492575
 73   42.505997    0.000092    0.000000   -0.103041    0.379237   -0.524818
 74   42.233124    0.000031   -0.000061   -0.008722   -0.022029    0.027760
 75   42.352074   -0.000031    0.000031   -0.078094   -0.337249    0.448330
 76   42.391785    0.000000   -0.000031   -0.037479   -0.256200    0.329439
 77   42.497528    0.000053    0.000000   -0.011842   -0.151312    0.191548
 78   42.272675    0.000022    0.000009   -0.000602   -0.065659    0.082651
 79   29.239311 -106.786255    1.740884   -0.000002    0.001908   -1.028060
 80   42.375092   -0.000011   -0.000003   -0.000421   -0.000080    0.222191
 81   42.546036    0.000015    0.000003   -0.000517    0.000014    0.294364
 82   42.234497    0.000000   -0.000006    0.000133   -0.000203   -0.077607
 83   42.465088    0.000008   -0.000003    0.000859   -0.000546   -0.604620
 84   42.458084    0.000000   -0.000003    0.000248   -0.000625   -0.364688
 85   42.267914   -0.000031   -0.000008    0.000012   -0.000912   -0.497939
 86   42.506027   -0.000031    0.000013   -0.000653   -0.001239   -0.821949
 87   42.233116    0.000031   -0.000014   -0.000188   -0.000050   -0.101786
 88   42.352325    0.000031    0.000002    0.000767    0.000125    0.418345
 89   42.391739   -0.000031   -0.000006    0.001007    0.000660    0.681872
 90   42.497528   -0.000031   -0.000020    0.000187    0.000587    0.327665
 91   42.272522   -0.000036    0.000020   -0.000007    0.000343    0.180903
time 49
  0    0.000000    0.000000    0.000000    0.000000   -0.000000    0.000000
  1    0.000000    0.000000    0.000000    0.000000   -0.000000    0.000000
  2    0.000000    0.000000   -8.924578    0.785390   -1.573515    0.785390
  3   50.309216   -0.435479    0.000004    0.000159   -0.188664    0.014066
  4   30.891537   -0.000011    0.000001    0.000017   -0.164743   -0.014097
  5   34.635605    0.000007    0.000000   -0.000000   -0.227251   -0.000001
  6   30.584297    0.000018    0.000004   -0.000000   -0.489645    0.000001
  7   31.520180    0.000000    0.000015   -0.000000   -0.558054   -0.000001
  8   34.241196  -28.000032  -41.878006    0.984009   -0.441314    0.295780
  9   34.241127   23.441807  -41.878082   -0.984014   -0.441315   -0.295775
 10   35.246689  -52.543091    1.319138   -0.000000    0.000000    0.545901
 11   35.246544   52.726318    1.318939   -0.000000    0.000000   -0.545898
 12   34.830017  -24.891926   45.588615   -0.982020    0.448374    0.284027
 13   34.885788   27.636589   43.767830    0.982015    0.448372   -0.284026
 14   29.239313  -51.573318   94.292946    0.107511   -0.762789   -0.590701
 15   42.375053    0.000002   -0.000011   -0.097618    0.043867    0.034886
 16   42.546066    0.000034   -0.000004   -0.050925    0.089264    0.085491
 17   42.234467    0.000004   -0.000015   -0.030527    0.026370    0.028319
 18   42.465012    0.000027    0.000000    0.015981   -0.240069   -0.277911
 19   42.458099   -0.000061    0.000015    0.107076   -0.433178   -0.567290
 20   42.267975    0.000000    0.000031    0.015481   -0.212256   -0.264296
 21   42.505920   -0.000031    0.000015    0.106838   -0.388714   -0.534771
 22   42.233147    0.000000   -0.000031    0.036322   -0.211017   -0.270334
 23   42.352264    0.000031    0.000000    0.195941    0.497879    0.730587
 24   42.391708   -0.000046   -0.000061    0.055542    0.302788    0.391826
 25   42.497437   -0.000008   -0.000004    0.003727    0.101961    0.126694
 26   42.272888    0.000034    0.000002   -0.000154    0.056480    0.070278
 27   29.239338   55.382656   92.214973    1.504703   -0.617928    0.420804
 28   42.375084    0.000008    0.000000    0.047590    0.036562    0.053566
 29   42.546082   -0.000008    0.000000    0.037055    0.016892    0.021909
 30   42.234467    0.000046   -0.000019    0.026456    0.011743    0.013922
 31   42.465057   -0.000046    0.000000    0.053252    0.238279    0.290795
 32   42.458130   -0.000004   -0.000011    0.100527    0.348877    0.427022
 33   42.267899    0.000015    0.000031    0.040978    0.211358    0.234503
 34   42.506058    0.000076    0.000031    0.148484    0.485579    0.585982
 35   42.233093    0.000000    0.000015    0.005552    0.175617    0.187256
 36   42.352253   -0.000122    0.000000    0.223924   -0.561791   -0.742096
 37   42.391693    0.000046   -0.000015    0.056697   -0.294301   -0.331249
 38   42.497711    0.000061   -0.000008    0.009717   -0.106465   -0.113287
 39   42.272675    0.000126   -0.000014    0.004755   -0.060112   -0.063236
 40   29.239349  106.746666    1.740857    0.000002    0.001920    1.012543
 41   42.375084   -0.000023   -0.000001    0.000409   -0.000090   -0.214514
 42   42.546127    0.000000    0.000000    0.000510    0.000009   -0.289383
 43   42.234451    0.000000   -0.000003   -0.000129   -0.000201    0.075072
 44   42.465057    0.000008   -0.000006   -0.000859   -0.000542    0.602403
 45   42.458069   -0.000008   -0.000004   -0.000253   -0.000625    0.366362
 46   42.267944    0.000000    0.000003   -0.000016   -0.000906    0.494291
 47   42.505905    0.000000    0.000005    0.000645   -0.001247    0.824644
 48   42.233139    0.000061   -0.000011    0.000194   -0.000053    0.105323
 49   42.352242    0.000092    0.000004   -0.000758    0.000125   -0.413368
 50   42.391663    0.000000   -0.000003   -0.001013    0.000659   -0.684166
 51   42.497650    0.000015   -0.000010   -0.000188    0.000589   -0.329054
 52   42.272644   -0.000032    0.000003    0.000007    0.000345   -0.181678
 53   29.239334   50.706909  -91.389130   -1.252573    0.803572    0.791436
 54   42.375099    0.000000   -0.000010   -0.056335    0.092243   -0.079838
 55   42.546112    0.000023    0.000032   -0.047565    0.121721   -0.116937
 56   42.234543   -0.000042   -0.000004   -0.026568    0.029160   -0.014090
 57   42.465027    0.000046   -0.000011   -0.046262   -0.209974    0.249202
 58   42.458069    0.000031    0.000000   -0.079451   -0.301219    0.354091
 59   42.268005   -0.000084   -0.000015   -0.104346   -0.384326    0.447594
 60   42.505936    0.000092    0.000000   -0.119219   -0.447635    0.520637
 61   42.233177   -0.000061    0.000000    0.010780    0.002430   -0.002468
 62   42.352257    0.000000   -0.000046   -0.074249    0.354225   -0.403866
 63   42.391754    0.000046    0.000000   -0.055868    0.293142   -0.325809
 64   42.497589    0.000061    0.000000   -0.019414    0.172498   -0.183071
 65   42.272766    0.000054    0.000013   -0.005919    0.078360   -0.081556
 66   29.239323  -56.044899  -91.389099   -0.190538    0.843920   -0.709331
 67   42.375099    0.000000   -0.000015    0.095527   -0.089515    0.070628
 68   42.546112   -0.000004    0.000027    0.047954   -0.118192    0.113872
 69   42.234467    0.000042   -0.000004    0.030865   -0.004745    0.005271
 70   42.465027   -0.000031    0.000011   -0.011804    0.225938   -0.263044
 71   42.458099    0.000023   -0.000008   -0.031557    0.289933   -0.357668
 72   42.267944   -0.000061   -0.000015   -0.080389    0.367406   -0.490991
 73   42.505951    0.000061    0.000015   -0.103960    0.380709   -0.527297
 74   42.233154    0.000092   -0.000031   -0.008682   -0.020614    0.025979
 75   42.352196   -0.000061    0.000031   -0.077648   -0.336373    0.446984
 76   42.391785    0.000046   -0.000046   -0.037785   -0.257061    0.330640
 77   42.497498    0.000023   -0.000008   -0.011905   -0.151627    0.191960
 78   42.272766    0.000000    0.000007   -0.000629   -0.065987    0.083068
 79   29.239315 -106.786278    1.740884   -0.000002    0.001914   -1.023632
 80   42.375114   -0.000004   -0.000003   -0.000415   -0.000084    0.218727
 81   42.546066   -0.000015    0.000003   -0.000515    0.000012    0.292646
 82   42.234497    0.000000   -0.000007    0.000130   -0.000202   -0.075362
 83   42.465073    0.000000   -0.000003    0.000859   -0.000544   -0.603469
 84   42.458099    0.000031   -0.000005    0.000251   -0.000626   -0.365856
 85   42.267914    0.000015   -0.000009    0.000013   -0.000908   -0.495319
 86   42.505951    0.000031    0.000014   -0.000649   -0.001244   -0.824004
 87   42.233070   -0.000031   -0.000013   -0.000192   -0.000052   -0.104300
 88   42.352318    0.000000   -0.000000    0.000761    0.000124    0.414933
 89   42.391693    0.000061   -0.000006    0.001012    0.000658    0.683574
 90   42.497559    0.000031   -0.000020    0.000188    0.000588    0.328630
 91   42.272522    0.000009    0.000020   -0.000007    0.000344    0.181424
time 50
  0    0.000000    0.000000    0.000000    0.000000   -0.000000    0.000000
  1    0.000000    0.000000    0.000000    0.000000   -0.000000    0.000000
  2    0.000000    0.000000   -9.266775    0.785390   -1.573515    0.785390
  3   50.309212   -0.435479    0.000004    0.000132   -0.190340    0.014071
  4   30.891537   -0.000011    0.000001    0.000017   -0.167061   -0.014097
  5   34.635605    0.000007    0.000002   -0.000000   -0.228048   -0.000001
  6   30.584290    0.000018    0.000000   -0.000000   -0.486844    0.000001
  7   31.520195    0.000000    0.000000   -0.000000   -0.555101   -0.000001
  8   34.241196  -28.000032  -41.878006    0.983397   -0.443666    0.297410
  9   34.241127   23.441807  -41.878098   -0.983402   -0.443667   -0.297405
 10   35.246704  -52.543087    1.319138   -0.000000    0.000000    0.548695
 11   35.246544   52.726318    1.318939   -0.000000   -0.000000   -0.548692
 12   34.830017  -24.891928   45.588600   -0.981394    0.450723    0.285665
 13   34.885773   27.636591   43.767822    0.981389    0.450722   -0.285664
 14   29.239319  -51.573330   94.292969    0.104878   -0.759928   -0.586902
 15   42.375076    0.000004    0.000004   -0.097666    0.042295    0.033661
 16   42.546082    0.000034   -0.000011   -0.051059    0.087628    0.083925
 17   42.234467    0.000023   -0.000015   -0.030516    0.026812    0.028789
 18   42.465027    0.000023   -0.000004    0.015385   -0.238046   -0.275411
 19   42.458069   -0.000046    0.000000    0.107502   -0.433773   -0.568294
 20   42.267929    0.000015   -0.000015    0.015615   -0.212734   -0.264924
 21   42.505920    0.000031    0.000000    0.105876   -0.387194   -0.532206
 22   42.233147   -0.000031    0.000000    0.037335   -0.214606   -0.275191
 23   42.352306    0.000061    0.000000    0.194404    0.496368    0.727375
 24   42.391739   -0.000061   -0.000015    0.056476    0.304915    0.394926
 25   42.497589    0.000023   -0.000038    0.003768    0.102278    0.127093
 26   42.272827    0.000092   -0.000036   -0.000144    0.056609    0.070438
 27   29.239334   55.382656   92.214973    1.506029   -0.615502    0.418503
 28   42.375084    0.000011    0.000008    0.047611    0.036922    0.054106
 29   42.546097   -0.000008    0.000008    0.037079    0.017872    0.023231
 30   42.234482    0.000046   -0.000015    0.026457    0.011800    0.013988
 31   42.465057   -0.000046    0.000004    0.052727    0.236568    0.288560
 32   42.458069    0.000031   -0.000008    0.100899    0.349644    0.428112
 33   42.267929   -0.000046    0.000015    0.040981    0.211369    0.234519
 34   42.506104    0.000061    0.000046    0.147212    0.483875    0.583245
 35   42.233101   -0.000031    0.000031    0.006512    0.180557    0.192707
 36   42.352253   -0.000122    0.000031    0.222451   -0.560425   -0.739329
 37   42.391785    0.000107    0.000000    0.057584   -0.296750   -0.334287
 38   42.497681    0.000061    0.000000    0.009758   -0.106825   -0.113676
 39   42.272675    0.000151    0.000018    0.004765   -0.060261   -0.063393
 40   29.239349  106.746689    1.740857    0.000002    0.001925    1.008156
 41   42.375053   -0.000008   -0.000001    0.000404   -0.000094   -0.211113
 42   42.546127    0.000000    0.000001    0.000507    0.000007   -0.287630
 43   42.234451    0.000023   -0.000003   -0.000125   -0.000201    0.072819
 44   42.465042    0.000023   -0.000007   -0.000858   -0.000540    0.601202
 45   42.458099   -0.000008   -0.000003   -0.000255   -0.000626    0.367563
 46   42.267975   -0.000031    0.000003   -0.000017   -0.000902    0.491667
 47   42.505905   -0.000031    0.000007    0.000641   -0.001252    0.826655
 48   42.233116    0.000000   -0.000011    0.000199   -0.000055    0.107893
 49   42.352242    0.000031    0.000004   -0.000752    0.000123   -0.409892
 50   42.391693    0.000000   -0.000003   -0.001017    0.000656   -0.685875
 51   42.497620   -0.000015   -0.000012   -0.000190    0.000590   -0.330040
 52   42.272766   -0.000032    0.000003    0.000006    0.000346   -0.182212
 53   29.239334   50.706898  -91.389107   -1.256568    0.800991    0.786295
 54   42.375099    0.000004   -0.000003   -0.056051    0.090741   -0.077870
 55   42.546097    0.000034    0.000015   -0.047336    0.120312   -0.115143
 56   42.234558   -0.000061    0.000004   -0.026579    0.029572   -0.014467
 57   42.465012    0.000053    0.000004   -0.045965   -0.208834    0.247843
 58   42.458069    0.000046    0.000000   -0.079483   -0.301294    0.354151
 59   42.267975   -0.000053    0.000015   -0.103796   -0.383249    0.446112
 60   42.505920    0.000122    0.000000   -0.120145   -0.449092    0.522773
 61   42.233177   -0.000061   -0.000061    0.010789    0.000834   -0.000809
 62   42.352257    0.000000   -0.000015   -0.073744    0.353117   -0.402413
 63   42.391754    0.000061    0.000000   -0.056205    0.294083   -0.326962
 64   42.497467    0.000008    0.000000   -0.019480    0.172850   -0.183455
 65   42.272705    0.000018    0.000013   -0.005950    0.078735   -0.081950
 66   29.239319  -56.044899  -91.389076   -0.186757    0.840972   -0.704273
 67   42.375114   -0.000004   -0.000002    0.095668   -0.087464    0.069008
 68   42.546097    0.000004    0.000023    0.048135   -0.116602    0.112324
 69   42.234451    0.000019   -0.000015    0.030863   -0.005202    0.005757
 70   42.465027   -0.000038   -0.000015   -0.011497    0.224824   -0.261668
 71   42.458099    0.000015    0.000000   -0.031580    0.289993   -0.357751
 72   42.267883   -0.000053    0.000000   -0.079821    0.366410   -0.489404
 73   42.505981    0.000092    0.000000   -0.104882    0.382175   -0.529775
 74   42.233124    0.000031    0.000015   -0.008645   -0.019197    0.024196
 75   42.352150   -0.000031    0.000000   -0.077199   -0.335490    0.445626
 76   42.391815    0.000000    0.000000   -0.038092   -0.257918    0.331840
 77   42.497589    0.000023   -0.000015   -0.011967   -0.151943    0.192370
 78   42.272736    0.000008    0.000000   -0.000658   -0.066319    0.083486
 79   29.239323 -106.786255    1.740884   -0.000002    0.001919   -1.019224
 80   42.375084    0.000019   -0.000003   -0.000410   -0.000089    0.215301
 81   42.546036   -0.000008    0.000003   -0.000512    0.000010    0.290898
 82   42.234482   -0.000031   -0.000006    0.000126   -0.000201   -0.073113
 83   42.465073   -0.000015   -0.000003    0.000858   -0.000542   -0.602284
 84   42.458054    0.000008   -0.000005    0.000253   -0.000627   -0.367045
 85   42.267853    0.000000   -0.000007    0.000015   -0.000903   -0.492703
 86   42.505997    0.000000    0.000015   -0.000645   -0.001249   -0.826021
 87   42.233078   -0.000031   -0.000014   -0.000197   -0.000054   -0.106848
 88   42.352306    0.000031    0.000000    0.000755    0.000122    0.411492
 89   42.391693    0.000000   -0.000008    0.001017    0.000655    0.685275
 90   42.497528    0.000000   -0.000022    0.000190    0.000589    0.329608
 91   42.272552   -0.000010    0.000016   -0.000006    0.000345    0.181951
time 51
  0    0.000000    0.000000    0.000000    0.000000   -0.000000    0.000000
  1    0.000000    0.000000    0.000000    0.000000   -0.000000    0.000000
  2    0.000000    0.000000   -9.608970    0.785383   -1.573515    0.785383
  3   50.309219   -0.435479    0.000004    0.000107   -0.191934    0.014075
  4   30.891552   -0.000010   -0.000001    0.000017   -0.169265   -0.014097
  5   34.635605    0.000008   -0.000002   -0.000000   -0.228807   -0.000001
  6   30.584282    0.000019   -0.000004   -0.000000   -0.484179    0.000001
  7   31.520195    0.000002    0.000000   -0.000000   -0.552293   -0.000001
  8   34.241199  -28.000029  -41.878006    0.982816   -0.445903    0.298959
  9   34.241123   23.441803  -41.878098   -0.982821   -0.445904   -0.298954
 10   35.246693  -52.543079    1.319138   -0.000000   -0.000000    0.551353
 11   35.246540   52.726318    1.318924   -0.000000   -0.000000   -0.551350
 12   34.830006  -24.891924   45.588615   -0.980798    0.452958    0.287223
 13   34.885777   27.636589   43.767822    0.980794    0.452956   -0.287222
 14   29.239311  -51.573330   94.292976    0.102279   -0.757074   -0.583143
 15   42.375069    0.000013   -0.000008   -0.097712    0.040740    0.032451
 16   42.546082    0.000038    0.000008   -0.051190    0.085998    0.082366
 17   42.234497    0.000015    0.000008   -0.030505    0.027244    0.029248
 18   42.464996    0.000000   -0.000008    0.014797   -0.236025   -0.272919
 19   42.458099   -0.000053    0.000015    0.107919   -0.434354   -0.569275
 20   42.267975    0.000046    0.000015    0.015752   -0.213223   -0.265565
 21   42.505875    0.000000    0.000015    0.104913   -0.385662   -0.529626
 22   42.233192   -0.000031    0.000015    0.038365   -0.218188   -0.280054
 23   42.352299    0.000000    0.000015    0.192841    0.494819    0.724097
 24   42.391754   -0.000031    0.000015    0.057426    0.307061    0.398059
 25   42.497559    0.000000   -0.000042    0.003810    0.102599    0.127498
 26   42.272736    0.000053   -0.000063   -0.000136    0.056740    0.070601
 27   29.239338   55.382652   92.214981    1.507339   -0.613087    0.416224
 28   42.375084    0.000000   -0.000004    0.047631    0.037271    0.054631
 29   42.546112   -0.000019    0.000000    0.037104    0.018843    0.024539
 30   42.234482    0.000053   -0.000027    0.026458    0.011867    0.014068
 31   42.465027   -0.000053   -0.000008    0.052205    0.234854    0.286324
 32   42.458069   -0.000004   -0.000004    0.101267    0.350402    0.429187
 33   42.267883    0.000000    0.000031    0.040989    0.211396    0.234555
 34   42.506012    0.000061    0.000000    0.145932    0.482149    0.580482
 35   42.233116   -0.000031    0.000015    0.007501    0.185489    0.198167
 36   42.352242   -0.000122    0.000015    0.220939   -0.559016   -0.736484
 37   42.391693    0.000061    0.000015    0.058488   -0.299221   -0.337360
 38   42.497620    0.000023    0.000027    0.009799   -0.107188   -0.114067
 39   42.272644    0.000181    0.000051    0.004776   -0.060411   -0.063550
 40   29.239353  106.746666    1.740846    0.000002    0.001930    1.003789
 41   42.375076   -0.000015   -0.000001    0.000398   -0.000098   -0.207747
 42   42.546143    0.000000    0.000003    0.000505    0.000005   -0.285850
 43   42.234467    0.000000   -0.000000   -0.000122   -0.000200    0.070557
 44   42.465088   -0.000015   -0.000005   -0.000857   -0.000537    0.599973
 45   42.458130   -0.000023    0.000000   -0.000258   -0.000627    0.368779
 46   42.267883    0.000000    0.000007   -0.000018   -0.000898    0.489042
 47   42.505905    0.000000    0.000007    0.000637   -0.001257    0.828635
 48   42.233109    0.000000   -0.000009    0.000203   -0.000056    0.110495
 49   42.352249    0.000031    0.000002   -0.000746    0.000122   -0.406414
 50   42.391663    0.000000   -0.000002   -0.001022    0.000653   -0.687576
 51   42.497589    0.000015   -0.000008   -0.000192    0.000591   -0.331027
 52   42.272705   -0.000009    0.000005    0.000006    0.000347   -0.182746
 53   29.239338   50.706924  -91.389084   -1.260517    0.798406    0.781203
 54   42.375092   -0.000019    0.000002   -0.055773    0.089251   -0.075924
 55   42.546082    0.000023   -0.000002   -0.047109    0.118903   -0.113353
 56   42.234528   -0.000050   -0.000011   -0.026589    0.029979   -0.014835
 57   42.465042    0.000038   -0.000008   -0.045670   -0.207698    0.246487
 58   42.458069    0.000038    0.000008   -0.079513   -0.301366    0.354208
 59   42.267975   -0.000076    0.000015   -0.103248   -0.382170    0.444634
 60   42.505966    0.000122   -0.000046   -0.121068   -0.450533    0.524894
 61   42.233131   -0.000061   -0.000092    0.010796   -0.000766    0.000855
 62   42.352295    0.000000   -0.000015   -0.073235    0.351993   -0.400943
 63   42.391724    0.000076   -0.000015   -0.056545    0.295026   -0.328118
 64   42.497528    0.000046   -0.000008   -0.019548    0.173204   -0.183843
 65   42.272797    0.000007    0.000020   -0.005982    0.079112   -0.082346
 66   29.239323  -56.044876  -91.389015   -0.183026    0.838023   -0.699267
 67   42.375092    0.000010   -0.000006    0.095804   -0.085436    0.067407
 68   42.546097    0.000000    0.000023    0.048313   -0.115004    0.110772
 69   42.234482    0.000019    0.000004    0.030860   -0.005650    0.006236
 70   42.465027   -0.000031    0.000004   -0.011190    0.223704   -0.260289
 71   42.458099    0.000015    0.000023   -0.031604    0.290050   -0.357829
 72   42.267914   -0.000053   -0.000015   -0.079252    0.365410   -0.487810
 73   42.505920    0.000061    0.000000   -0.105804    0.383635   -0.532246
 74   42.233139   -0.000031   -0.000031   -0.008610   -0.017767    0.022397
 75   42.352165   -0.000061    0.000000   -0.076743   -0.334586    0.444239
 76   42.391815    0.000015    0.000015   -0.038403   -0.258787    0.333054
 77   42.497467    0.000069    0.000015   -0.012032   -0.152262    0.192787
 78   42.272675    0.000005    0.000040   -0.000685   -0.066653    0.083907
 79   29.239315 -106.786255    1.740895   -0.000002    0.001924   -1.014833
 80   42.375099   -0.000008   -0.000006   -0.000405   -0.000093    0.211911
 81   42.546051    0.000008    0.000003   -0.000510    0.000008    0.289126
 82   42.234512   -0.000031   -0.000009    0.000122   -0.000201   -0.070877
 83   42.465118   -0.000038   -0.000005    0.000858   -0.000540   -0.601077
 84   42.458054    0.000015   -0.000005    0.000255   -0.000628   -0.368243
 85   42.267853    0.000000   -0.000009    0.000016   -0.000899   -0.490107
 86   42.505981    0.000000    0.000008   -0.000641   -0.001254   -0.827990
 87   42.233101   -0.000031   -0.000012   -0.000201   -0.000055   -0.109407
 88   42.352287    0.000000   -0.000001    0.000749    0.000121    0.408048
 89   42.391724   -0.000031   -0.000007    0.001021    0.000652    0.686964
 90   42.497498   -0.000015   -0.000020    0.000192    0.000590    0.330585
 91   42.272552    0.000006    0.000015   -0.000006    0.000346    0.182479
time 52
  0    0.000000    0.000000    0.000000    0.000000   -0.000000    0.000000
  1    0.000000    0.000000    0.000000    0.000000   -0.000000    0.000000
  2    0.000000    0.000000   -9.951166    0.785390   -1.573515    0.785390
  3   50.309216   -0.435479    0.000004    0.000084   -0.193431    0.014079
  4   30.891544   -0.000011    0.000001    0.000017   -0.171334   -0.014097
  5   34.635597    0.000007    0.000002   -0.000000   -0.229518   -0.000001
  6   30.584290    0.000018    0.000008   -0.000000   -0.481679    0.000001
  7   31.520187    0.000000    0.000000   -0.000000   -0.549657   -0.000001
  8   34.241207  -28.000034  -41.878006    0.982269   -0.448002    0.300413
  9   34.241131   23.441803  -41.878098   -0.982274   -0.448003   -0.300408
 10   35.246708  -52.543091    1.319122   -0.000000    0.000000    0.553846
 11   35.246540   52.726318    1.318909   -0.000000   -0.000000   -0.553843
 12   34.830013  -24.891926   45.588600   -0.980240    0.455055    0.288685
 13   34.885784   27.636589   43.767807    0.980235    0.455053   -0.288684
 14   29.239313  -51.573338   94.292953    0.099713   -0.754225   -0.579419
 15   42.375069   -0.000006   -0.000015   -0.097755    0.039202    0.031253
 16   42.546097    0.000023    0.000011   -0.051317    0.084370    0.080810
 17   42.234421   -0.000008   -0.000019   -0.030494    0.027670    0.029700
 18   42.465012    0.000004   -0.000004    0.014213   -0.234000   -0.270426
 19   42.458099   -0.000053    0.000015    0.108325   -0.434921   -0.570232
 20   42.267929    0.000000    0.000015    0.015893   -0.213727   -0.266228
 21   42.505951   -0.000031    0.000015    0.103944   -0.384109   -0.527020
 22   42.233147    0.000031    0.000000    0.039415   -0.221776   -0.284935
 23   42.352283    0.000061    0.000000    0.191245    0.493228    0.720745
 24   42.391693   -0.000046    0.000015    0.058395    0.309228    0.401232
 25   42.497528    0.000000   -0.000019    0.003854    0.102926    0.127910
 26   42.272797    0.000046   -0.000006   -0.000126    0.056872    0.070766
 27   29.239340   55.382633   92.214958    1.508631   -0.610684    0.413965
 28   42.375084   -0.000004   -0.000011    0.047650    0.037612    0.055142
 29   42.546082   -0.000019    0.000015    0.037130    0.019802    0.025832
 30   42.234451    0.000069   -0.000023    0.026459    0.011946    0.014162
 31   42.465012   -0.000019    0.000008    0.051688    0.233142    0.284093
 32   42.458069    0.000023   -0.000031    0.101632    0.351146    0.430248
 33   42.267883    0.000015    0.000046    0.040998    0.211435    0.234603
 34   42.506073    0.000122   -0.000015    0.144644    0.480398    0.577694
 35   42.233040   -0.000031    0.000015    0.008519    0.190414    0.203632
 36   42.352242   -0.000122    0.000046    0.219391   -0.557565   -0.733568
 37   42.391724    0.000092    0.000015    0.059410   -0.301710   -0.340467
 38   42.497620    0.000061   -0.000004    0.009843   -0.107555   -0.114461
 39   42.272552    0.000132   -0.000019    0.004783   -0.060562   -0.063710
 40   29.239349  106.746643    1.740851    0.000002    0.001936    0.999441
 41   42.375046   -0.000019   -0.000000    0.000393   -0.000103   -0.204419
 42   42.546097    0.000023   -0.000001    0.000503    0.000002   -0.284045
 43   42.234421    0.000008   -0.000003   -0.000118   -0.000199    0.068303
 44   42.465042   -0.000023   -0.000005   -0.000857   -0.000535    0.598714
 45   42.458054   -0.000008   -0.000003   -0.000260   -0.000628    0.370010
 46   42.267914   -0.000015    0.000005   -0.000020   -0.000893    0.486436
 47   42.505981    0.000000    0.000006    0.000633   -0.001262    0.830565
 48   42.233124   -0.000031   -0.000011    0.000208   -0.000058    0.113119
 49   42.352238    0.000031    0.000002   -0.000740    0.000121   -0.402915
 50   42.391663    0.000000   -0.000003   -0.001027    0.000651   -0.689267
 51   42.497620    0.000031   -0.000010   -0.000194    0.000592   -0.332022
 52   42.272705   -0.000015    0.000003    0.000006    0.000348   -0.183289
 53   29.239334   50.706898  -91.389084   -1.264421    0.795819    0.776157
 54   42.375084   -0.000008   -0.000008   -0.055499    0.087770   -0.073993
 55   42.546051    0.000031    0.000006   -0.046885    0.117498   -0.111570
 56   42.234497   -0.000015    0.000000   -0.026600    0.030379   -0.015197
 57   42.464966    0.000034    0.000004   -0.045374   -0.206549    0.245120
 58   42.458008    0.000038   -0.000023   -0.079543   -0.301439    0.354264
 59   42.267975   -0.000076    0.000015   -0.102699   -0.381085    0.443150
 60   42.505920    0.000122    0.000000   -0.121995   -0.451972    0.527015
 61   42.233177   -0.000061   -0.000046    0.010800   -0.002383    0.002538
 62   42.352310    0.000000   -0.000031   -0.072717    0.350850   -0.399448
 63   42.391724    0.000061   -0.000015   -0.056890    0.295976   -0.329285
 64   42.497650    0.000061   -0.000023   -0.019617    0.173561   -0.184234
 65   42.272736    0.000051   -0.000008   -0.006011    0.079495   -0.082745
 66   29.239323  -56.044880  -91.389030   -0.179345    0.835074   -0.694315
 67   42.375084    0.000000   -0.000010    0.095935   -0.083431    0.065825
 68   42.546097    0.000008    0.000011    0.048490   -0.113400    0.109214
 69   42.234467    0.000023   -0.000004    0.030858   -0.006099    0.006715
 70   42.464996   -0.000038    0.000004   -0.010882    0.222576   -0.258902
 71   42.458099    0.000023   -0.000008   -0.031626    0.290107   -0.357908
 72   42.267914   -0.000031    0.000008   -0.078680    0.364396   -0.486203
 73   42.505936    0.000092    0.000015   -0.106734    0.385096   -0.534725
 74   42.233139    0.000031    0.000000   -0.008578   -0.016325    0.020581
 75   42.352173   -0.000061   -0.000031   -0.076279   -0.333666    0.442829
 76   42.391815    0.000031   -0.000015   -0.038718   -0.259662    0.334280
 77   42.497559    0.000031    0.000008   -0.012095   -0.152583    0.193205
 78   42.272705    0.000031    0.000000   -0.000714   -0.066988    0.084335
 79   29.239317 -106.786232    1.740890   -0.000002    0.001929   -1.010465
 80   42.375114    0.000008   -0.000003   -0.000399   -0.000097    0.208556
 81   42.546051    0.000000    0.000001   -0.000507    0.000005    0.287324
 82   42.234512   -0.000031   -0.000007    0.000118   -0.000200   -0.068617
 83   42.465057    0.000000   -0.000004    0.000857   -0.000538   -0.599834
 84   42.458099   -0.000008   -0.000003    0.000258   -0.000629   -0.369467
 85   42.267975    0.000015   -0.000005    0.000017   -0.000895   -0.487502
 86   42.505966    0.000031    0.000013   -0.000637   -0.001259   -0.829933
 87   42.233055    0.000000   -0.000012   -0.000206   -0.000057   -0.112015
 88   42.352337   -0.000061   -0.000000    0.000743    0.000120    0.404565
 89   42.391739    0.000000   -0.000004    0.001026    0.000650    0.688655
 90   42.497589    0.000015   -0.000020    0.000194    0.000592    0.331572
 91   42.272552    0.000012    0.000020   -0.000005    0.000347    0.183017
time 53
  0    0.000000    0.000000    0.000000    0.000000   -0.000000    0.000000
  1    0.000000    0.000000    0.000000    0.000000   -0.000000    0.000000
  2    0.000000    0.000000  -10.293362    0.785390   -1.573515    0.785390
  3   50.309212   -0.435479    0.000004    0.000062   -0.194812    0.014083
  4   30.891548   -0.000011    0.000000    0.000017   -0.173244   -0.014097
  5   34.635605    0.000007    0.000002   -0.000000   -0.230175   -0.000001
  6   30.584290    0.000018    0.000000   -0.000000   -0.479370    0.000001
  7   31.520195    0.000000    0.000000   -0.000000   -0.547224   -0.000001
  8   34.241199  -28.000034  -41.878006    0.981765   -0.449940    0.301756
  9   34.241123   23.441805  -41.878082   -0.981770   -0.449941   -0.301751
 10   35.246693  -52.543091    1.319138   -0.000000    0.000000    0.556149
 11   35.246540   52.726318    1.318924   -0.000000    0.000000   -0.556146
 12   34.830021  -24.891926   45.588608   -0.979724    0.456991    0.290035
 13   34.885769   27.636591   43.767822    0.979719    0.456989   -0.290034
 14   29.239315  -51.573326   94.292931    0.097180   -0.751383   -0.575734
 15   42.375076    0.000006   -0.000004   -0.097795    0.037682    0.030070
 16   42.546082    0.000034    0.000015   -0.051442    0.082748    0.079261
 17   42.234436    0.000008    0.000011   -0.030483    0.028086    0.030141
 18   42.464996    0.000019    0.000000    0.013635   -0.231974   -0.267934
 19   42.458069   -0.000076    0.000023    0.108725   -0.435476   -0.571171
 20   42.267990    0.000031    0.000000    0.016038   -0.214241   -0.266903
 21   42.505920    0.000015   -0.000015    0.102974   -0.382547   -0.524404
 22   42.233124    0.000000   -0.000015    0.040483   -0.225349   -0.289814
 23   42.352306    0.000000   -0.000015    0.189630    0.491605    0.717342
 24   42.391724   -0.000015   -0.000015    0.059378    0.311404    0.404429
 25   42.497589    0.000046    0.000000    0.003896    0.103256    0.128325
 26   42.272827    0.000059   -0.000013   -0.000117    0.057004    0.070931
 27   29.239334   55.382633   92.214958    1.509909   -0.608292    0.411728
 28   42.375076    0.000011    0.000004    0.047670    0.037943    0.055641
 29   42.546112   -0.000027    0.000008    0.037156    0.020751    0.027111
 30   42.234497    0.000065    0.000004    0.026461    0.012036    0.014271
 31   42.465012   -0.000042    0.000019    0.051176    0.231431    0.281867
 32   42.458130    0.000019   -0.000011    0.101990    0.351879    0.431290
 33   42.267960    0.000000    0.000031    0.041012    0.211487    0.234666
 34   42.506073    0.000092    0.000061    0.143347    0.478625    0.574877
 35   42.233124   -0.000031    0.000046    0.009562    0.195328    0.209102
 36   42.352276   -0.000031    0.000046    0.217812   -0.556070   -0.730579
 37   42.391754    0.000107    0.000015    0.060347   -0.304218   -0.343601
 38   42.497620    0.000053    0.000004    0.009885   -0.107923   -0.114859
 39   42.272644    0.000124    0.000016    0.004793   -0.060714   -0.063871
 40   29.239349  106.746643    1.740851    0.000002    0.001940    0.995111
 41   42.375031   -0.000019   -0.000000    0.000388   -0.000107   -0.201130
 42   42.546097   -0.000023    0.000000    0.000500    0.000000   -0.282208
 43   42.234467    0.000008   -0.000003   -0.000114   -0.000199    0.066046
 44   42.465088   -0.000015   -0.000005   -0.000856   -0.000533    0.597424
 45   42.458069    0.000000   -0.000003   -0.000263   -0.000629    0.371261
 46   42.267914    0.000000    0.000003   -0.000021   -0.000889    0.483837
 47   42.505875   -0.000031    0.000008    0.000629   -0.001267    0.832455
 48   42.233139    0.000031   -0.000011    0.000213   -0.000060    0.115773
 49   42.352253    0.000031    0.000002   -0.000734    0.000119   -0.399405
 50   42.391663    0.000000   -0.000003   -0.001031    0.000648   -0.690953
 51   42.497620    0.000031   -0.000012   -0.000196    0.000594   -0.333021
 52   42.272736    0.000005    0.000003    0.000005    0.000349   -0.183831
 53   29.239334   50.706909  -91.389107   -1.268281    0.793230    0.771159
 54   42.375069   -0.000015   -0.000018   -0.055232    0.086300   -0.072082
 55   42.546066    0.000023    0.000002   -0.046664    0.116093   -0.109788
 56   42.234528   -0.000027   -0.000023   -0.026611    0.030775   -0.015555
 57   42.464996    0.000023    0.000015   -0.045078   -0.205394    0.243747
 58   42.458099    0.000053    0.000015   -0.079572   -0.301509    0.354318
 59   42.268036   -0.000069    0.000000   -0.102148   -0.379992    0.441657
 60   42.505981    0.000092   -0.000015   -0.122922   -0.453403    0.529133
 61   42.233215   -0.000031   -0.000061    0.010801   -0.004020    0.004239
 62   42.352280    0.000000   -0.000031   -0.072198    0.349689   -0.397934
 63   42.391785    0.000046    0.000031   -0.057237    0.296934   -0.330462
 64   42.497589    0.000061   -0.000008   -0.019685    0.173921   -0.184629
 65   42.272736    0.000031    0.000032   -0.006042    0.079880   -0.083148
 66   29.239319  -56.044880  -91.389030   -0.175712    0.832125   -0.689416
 67   42.375084    0.000006   -0.000004    0.096062   -0.081449    0.064263
 68   42.546143   -0.000011    0.000023    0.048665   -0.111787    0.107646
 69   42.234451    0.000023   -0.000019    0.030855   -0.006549    0.007194
 70   42.465057   -0.000031   -0.000023   -0.010575    0.221444   -0.257508
 71   42.458069    0.000046   -0.000008   -0.031649    0.290163   -0.357986
 72   42.267914   -0.000046   -0.000015   -0.078108    0.363380   -0.484589
 73   42.505981    0.000076    0.000000   -0.107665    0.386551   -0.537203
 74   42.233109   -0.000031   -0.000015   -0.008547   -0.014875    0.018756
 75   42.352188    0.000031   -0.000015   -0.075813   -0.332732    0.441402
 76   42.391815    0.000000   -0.000015   -0.039035   -0.260542    0.335511
 77   42.497559    0.000046    0.000023   -0.012158   -0.152905    0.193625
 78   42.272675   -0.000003   -0.000002   -0.000743   -0.067329    0.084762
 79   29.239323 -106.786232    1.740890   -0.000002    0.001934   -1.006115
 80   42.375084    0.000004   -0.000005   -0.000394   -0.000101    0.205240
 81   42.546036   -0.000015    0.000002   -0.000505    0.000003    0.285496
 82   42.234482   -0.000015   -0.000007    0.000114   -0.000200   -0.066370
 83   42.465088   -0.000015   -0.000002    0.000856   -0.000536   -0.598564
 84   42.458069    0.000038   -0.000001    0.000260   -0.000630   -0.370705
 85   42.267914    0.000031   -0.000007    0.000018   -0.000890   -0.484924
 86   42.505966    0.000000    0.000014   -0.000633   -0.001264   -0.831823
 87   42.233101   -0.000031   -0.000013   -0.000211   -0.000059   -0.114632
 88   42.352303   -0.000031   -0.000000    0.000737    0.000118    0.401092
 89   42.391724   -0.000031   -0.000004    0.001031    0.000647    0.690329
 90   42.497559    0.000000   -0.000020    0.000196    0.000593    0.332561
 91   42.272522   -0.000008    0.000018   -0.000005    0.000348    0.183554
time 54
  0    0.000000    0.000000    0.000000    0.000000   -0.000000    0.000000
  1    0.000000    0.000000    0.000000    0.000000   -0.000000    0.000000
  2    0.000000    0.000000  -10.635559    0.785398   -1.573471    0.785398
  3   50.309212   -0.435479    0.000004    0.000043   -0.196063    0.014087
  4   30.891548   -0.000010    0.000001    0.000017   -0.174973   -0.014097
  5   34.635590    0.000008    0.000006   -0.000000   -0.230770   -0.000001
  6   30.584290    0.000019    0.000004   -0.000000   -0.477280    0.000001
  7   31.520187    0.000002    0.000015   -0.000000   -0.545021   -0.000001
  8   34.241192  -28.000031  -41.878021    0.981309   -0.451695    0.302971
  9   34.241131   23.441807  -41.878113   -0.981314   -0.451696   -0.302966
 10   35.246708  -52.543087    1.319138   -0.000000    0.000000    0.558233
 11   35.246548   52.726318    1.318924   -0.000000   -0.000000   -0.558230
 12   34.830013  -24.891926   45.588600   -0.979257    0.458743    0.291257
 13   34.885769   27.636593   43.767815    0.979252    0.458742   -0.291256
 14   29.239319  -51.573315   94.292915    0.094681   -0.748548   -0.572085
 15   42.375092    0.000004   -0.000004   -0.097834    0.036180    0.028900
 16   42.546051    0.000038    0.000008   -0.051565    0.081130    0.077716
 17   42.234467    0.000019    0.000000   -0.030472    0.028493    0.030573
 18   42.465012    0.000019    0.000008    0.013062   -0.229945   -0.265445
 19   42.458130   -0.000076    0.000008    0.109114   -0.436014   -0.572083
 20   42.267883    0.000031    0.000015    0.016187   -0.214770   -0.267599
 21   42.505890   -0.000015    0.000000    0.102001   -0.380968   -0.521767
 22   42.233170    0.000000   -0.000061    0.041571   -0.228921   -0.294707
 23   42.352245    0.000061   -0.000015    0.187988    0.489941    0.713868
 24   42.391678   -0.000031   -0.000031    0.060379    0.313600    0.407665
 25   42.497498    0.000008    0.000004    0.003940    0.103589    0.128744
 26   42.272888    0.000044   -0.000035   -0.000107    0.057139    0.071099
 27   29.239334   55.382656   92.214981    1.511171   -0.605911    0.409509
 28   42.375061    0.000011   -0.000008    0.047689    0.038269    0.056128
 29   42.546082   -0.000019    0.000008    0.037184    0.021685    0.028373
 30   42.234451    0.000084   -0.000008    0.026462    0.012140    0.014396
 31   42.465027   -0.000015   -0.000011    0.050669    0.229722    0.279648
 32   42.458069    0.000019   -0.000011    0.102342    0.352597    0.432315
 33   42.267868    0.000000    0.000000    0.041029    0.211553    0.234747
 34   42.506104    0.000092    0.000000    0.142046    0.476830    0.572038
 35   42.233093   -0.000031    0.000015    0.010632    0.200229    0.214574
 36   42.352211    0.000000    0.000046    0.216192   -0.554530   -0.727511
 37   42.391724    0.000076    0.000015    0.061303   -0.306745   -0.346773
 38   42.497650    0.000053    0.000000    0.009929   -0.108297   -0.115260
 39   42.272705    0.000126    0.000014    0.004803   -0.060869   -0.064033
 40   29.239349  106.746643    1.740864    0.000002    0.001945    0.990802
 41   42.375061   -0.000011    0.000003    0.000383   -0.000110   -0.197877
 42   42.546097   -0.000008    0.000003    0.000497   -0.000002   -0.280345
 43   42.234467   -0.000008   -0.000002   -0.000110   -0.000198    0.063786
 44   42.465073    0.000000   -0.000005   -0.000855   -0.000531    0.596104
 45   42.458069    0.000008   -0.000002   -0.000265   -0.000630    0.372528
 46   42.267914    0.000031    0.000005   -0.000022   -0.000884    0.481238
 47   42.505875    0.000000    0.000009    0.000625   -0.001271    0.834306
 48   42.233101    0.000000   -0.000010    0.000217   -0.000062    0.118464
 49   42.352234   -0.000031    0.000002   -0.000728    0.000118   -0.395872
 50   42.391678   -0.000031   -0.000004   -0.001036    0.000645   -0.692632
 51   42.497650    0.000015   -0.000010   -0.000198    0.000595   -0.334027
 52   42.272644   -0.000000    0.000005    0.000005    0.000351   -0.184382
 53   29.239334   50.706882  -91.389114   -1.272097    0.790638    0.766206
 54   42.375099   -0.000008   -0.000008   -0.054969    0.084842   -0.070190
 55   42.546097    0.000050    0.000021   -0.046445    0.114691   -0.108013
 56   42.234558   -0.000023   -0.000011   -0.026622    0.031164   -0.015902
 57   42.465042    0.000042    0.000015   -0.044783   -0.204236    0.242375
 58   42.458099    0.000023   -0.000015   -0.079602   -0.301579    0.354368
 59   42.268005   -0.000084    0.000015   -0.101598   -0.378897    0.440162
 60   42.505920    0.000092   -0.000015   -0.123847   -0.454822    0.531239
 61   42.233208   -0.000061   -0.000046    0.010800   -0.005665    0.005950
 62   42.352341    0.000061   -0.000046   -0.071672    0.348513   -0.396403
 63   42.391724    0.000092    0.000031   -0.057585    0.297894   -0.331641
 64   42.497589    0.000031   -0.000015   -0.019755    0.174284   -0.185026
 65   42.272797   -0.000036    0.000017   -0.006076    0.080269   -0.083555
 66   29.239319  -56.044880  -91.389053   -0.172127    0.829177   -0.684569
 67   42.375099   -0.000008    0.000002    0.096184   -0.079489    0.062718
 68   42.546097   -0.000011    0.000027    0.048837   -0.110169    0.106074
 69   42.234467    0.000042   -0.000031    0.030852   -0.006996    0.007672
 70   42.464996   -0.000046    0.000023   -0.010267    0.220302   -0.256105
 71   42.458099    0.000031   -0.000008   -0.031672    0.290219   -0.358063
 72   42.267883   -0.000061   -0.000038   -0.077530    0.362351   -0.482961
 73   42.505920    0.000076    0.000000   -0.108604    0.388006   -0.539687
 74   42.233101    0.000061   -0.000031   -0.008521   -0.013405    0.016909
 75   42.352135    0.000031    0.000031   -0.075331   -0.331773    0.439933
 76   42.391754    0.000015   -0.000015   -0.039360   -0.261432    0.336762
 77   42.497498    0.000046    0.000031   -0.012224   -0.153233    0.194051
 78   42.272705    0.000003    0.000013   -0.000773   -0.067674    0.085200
 79   29.239311 -106.786255    1.740877   -0.000002    0.001939   -1.001784
 80   42.375107   -0.000008   -0.000006   -0.000389   -0.000105    0.201959
 81   42.546051    0.000008    0.000001   -0.000502    0.000001    0.283641
 82   42.234482    0.000000   -0.000008    0.000110   -0.000199   -0.064116
 83   42.465103    0.000008   -0.000005    0.000855   -0.000533   -0.597264
 84   42.458069    0.000031   -0.000005    0.000263   -0.000631   -0.371958
 85   42.267883    0.000031   -0.000009    0.000020   -0.000886   -0.482339
 86   42.505997    0.000000    0.000012   -0.000629   -0.001268   -0.833681
 87   42.233101   -0.000031   -0.000014   -0.000215   -0.000061   -0.117292
 88   42.352318    0.000000   -0.000000    0.000731    0.000117    0.397592
 89   42.391724   -0.000031   -0.000006    0.001035    0.000644    0.692001
 90   42.497528    0.000015   -0.000022    0.000198    0.000595    0.333558
 91   42.272552   -0.000009    0.000020   -0.000004    0.000349    0.184098
time 55
  0    0.000000    0.000000    0.000000    0.000000   -0.000000    0.000000
  1    0.000000    0.000000    0.000000    0.000000   -0.000000    0.000000
  2    0.000000    0.000000  -10.977755    0.785398   -1.573471    0.785398
  3   50.309216   -0.435479    0.000004    0.000026   -0.197166    0.014090
  4   30.891544   -0.000010    0.000000    0.000017   -0.176498   -0.014097
  5   34.635597    0.000008    0.000002   -0.000000   -0.231295   -0.000001
  6   30.584297    0.000019    0.000004   -0.000000   -0.475437    0.000001
  7   31.520203    0.000002    0.000008   -0.000000   -0.543079   -0.000001
  8   34.241196  -28.000032  -41.878021    0.980906   -0.453242    0.304043
  9   34.241135   23.441805  -41.878113   -0.980911   -0.453243   -0.304038
 10   35.246696  -52.543091    1.319107   -0.000000   -0.000000    0.560072
 11   35.246552   52.726318    1.318909   -0.000000   -0.000000   -0.560069
 12   34.830017  -24.891928   45.588608   -0.978845    0.460289    0.292335
 13   34.885780   27.636591   43.767807    0.978840    0.460288   -0.292334
 14   29.239313  -51.573315   94.292938    0.092214   -0.745719   -0.568473
 15   42.375069   -0.000006    0.000000   -0.097870    0.034695    0.027745
 16   42.546082    0.000019    0.000008   -0.051684    0.079517    0.076176
 17   42.234482    0.000011   -0.000011   -0.030461    0.028891    0.030996
 18   42.465012    0.000042   -0.000008    0.012494   -0.227913   -0.262956
 19   42.458069   -0.000069    0.000031    0.109492   -0.436537   -0.572968
 20   42.267914    0.000046    0.000008    0.016340   -0.215312   -0.268312
 21   42.505890   -0.000015    0.000000    0.101026   -0.379372   -0.519112
 22   42.233177   -0.000031   -0.000031    0.042679   -0.232492   -0.299611
 23   42.352272    0.000061    0.000000    0.186320    0.488239    0.710330
 24   42.391708   -0.000015    0.000000    0.061397    0.315813    0.410933
 25   42.497559   -0.000008    0.000011    0.003985    0.103926    0.129169
 26   42.272766    0.000053    0.000017   -0.000097    0.057275    0.071268
 27   29.239338   55.382656   92.214981    1.512416   -0.603542    0.407311
 28   42.375069    0.000011   -0.000019    0.047708    0.038584    0.056602
 29   42.546097   -0.000011    0.000000    0.037212    0.022611    0.029622
 30   42.234482    0.000061   -0.000019    0.026464    0.012253    0.014533
 31   42.465012   -0.000046    0.000004    0.050167    0.228018    0.277437
 32   42.458069    0.000011    0.000004    0.102689    0.353302    0.433321
 33   42.267899   -0.000015    0.000031    0.041050    0.211634    0.234844
 34   42.506042    0.000092    0.000015    0.140740    0.475019    0.569182
 35   42.233093   -0.000061    0.000031    0.011728    0.205107    0.220039
 36   42.352242   -0.000153    0.000031    0.214550   -0.552957   -0.724391
 37   42.391724    0.000092    0.000015    0.062271   -0.309281   -0.349962
 38   42.497711    0.000046    0.000015    0.009973   -0.108670   -0.115663
 39   42.272614    0.000139    0.000013    0.004813   -0.061022   -0.064195
 40   29.239347  106.746666    1.740863    0.000002    0.001950    0.986512
 41   42.375061    0.000008    0.000003    0.000377   -0.000114   -0.194661
 42   42.546097    0.000008    0.000003    0.000495   -0.000005   -0.278454
 43   42.234467    0.000000   -0.000002   -0.000106   -0.000197    0.061525
 44   42.465057   -0.000038   -0.000004   -0.000854   -0.000529    0.594755
 45   42.458069   -0.000023   -0.000001   -0.000268   -0.000631    0.373812
 46   42.267883    0.000015    0.000003   -0.000023   -0.000880    0.478659
 47   42.505905    0.000031    0.000007    0.000621   -0.001276    0.836105
 48   42.233139    0.000031   -0.000013    0.000222   -0.000064    0.121182
 49   42.352226    0.000031    0.000001   -0.000722    0.000117   -0.392327
 50   42.391647   -0.000031   -0.000002   -0.001041    0.000642   -0.694304
 51   42.497620    0.000000   -0.000006   -0.000199    0.000596   -0.335038
 52   42.272705    0.000004    0.000005    0.000004    0.000352   -0.184935
 53   29.239334   50.706882  -91.389091   -1.275870    0.788044    0.761298
 54   42.375092   -0.000015    0.000007   -0.054712    0.083393   -0.068314
 55   42.546082    0.000050   -0.000002   -0.046229    0.113291   -0.106241
 56   42.234558   -0.000042   -0.000031   -0.026633    0.031550   -0.016247
 57   42.465027    0.000042   -0.000015   -0.044488   -0.203069    0.240991
 58   42.458069    0.000023   -0.000015   -0.079632   -0.301651    0.354423
 59   42.267975   -0.000038   -0.000008   -0.101049   -0.377797    0.438665
 60   42.505920    0.000107   -0.000015   -0.124772   -0.456235    0.533337
 61   42.233147   -0.000061    0.000000    0.010796   -0.007327    0.007679
 62   42.352295    0.000031   -0.000031   -0.071139    0.347318   -0.394846
 63   42.391724    0.000061    0.000000   -0.057942    0.298862   -0.332836
 64   42.497528    0.000069   -0.000038   -0.019824    0.174648   -0.185424
 65   42.272766    0.000030   -0.000011   -0.006109    0.080659   -0.083968
 66   29.239323  -56.044880  -91.389030   -0.168590    0.826229   -0.679772
 67   42.375076    0.000002    0.000000    0.096302   -0.077546    0.061187
 68   42.546127   -0.000004    0.000019    0.049007   -0.108553    0.104507
 69   42.234482    0.000015   -0.000015    0.030850   -0.007435    0.008140
 70   42.465027   -0.000023   -0.000004   -0.009961    0.219158   -0.254700
 71   42.458130    0.000046   -0.000008   -0.031694    0.290274   -0.358139
 72   42.267914   -0.000069   -0.000015   -0.076954    0.361320   -0.481329
 73   42.506042    0.000061    0.000000   -0.109540    0.389451   -0.542159
 74   42.233124    0.000031   -0.000061   -0.008495   -0.011930    0.015052
 75   42.352173   -0.000031    0.000015   -0.074849   -0.330802    0.438452
 76   42.391693    0.000015   -0.000031   -0.039685   -0.262326    0.338017
 77   42.497498    0.000053    0.000008   -0.012290   -0.153561    0.194481
 78   42.272614   -0.000010    0.000062   -0.000803   -0.068019    0.085636
 79   29.239317 -106.786232    1.740878   -0.000002    0.001944   -0.997472
 80   42.375069    0.000004   -0.000007   -0.000384   -0.000109    0.198715
 81   42.546021   -0.000008    0.000001   -0.000500   -0.000002    0.281756
 82   42.234512   -0.000015   -0.000008    0.000107   -0.000198   -0.061859
 83   42.465057   -0.000008   -0.000005    0.000855   -0.000531   -0.595931
 84   42.458069   -0.000008   -0.000005    0.000265   -0.000632   -0.373229
 85   42.267914    0.000031   -0.000009    0.000021   -0.000881   -0.479754
 86   42.506058   -0.000031    0.000010   -0.000625   -0.001273   -0.835501
 87   42.233093    0.000000   -0.000012   -0.000220   -0.000063   -0.119990
 88   42.352341   -0.000031   -0.000000    0.000725    0.000116    0.394067
 89   42.391678   -0.000031   -0.000006    0.001040    0.000641    0.693671
 90   42.497589    0.000031   -0.000021    0.000200    0.000596    0.334563
 91   42.272522   -0.000011    0.000019   -0.000004    0.000350    0.184647
time 56
  0    0.000000    0.000000    0.000000    0.000000   -0.000000    0.000000
  1    0.000000    0.000000    0.000000    0.000000   -0.000000    0.000000
  2    0.000000    0.000000  -11.319952    0.785398   -1.573471    0.785398
  3   50.309212   -0.435479    0.000004    0.000011   -0.198105    0.014093
  4   30.891552   -0.000010    0.000000    0.000017   -0.177797   -0.014097
  5   34.635605    0.000008    0.000000   -0.000000   -0.231742   -0.000001
  6   30.584282    0.000019   -0.000004   -0.000000   -0.473867    0.000001
  7   31.520195    0.000002    0.000000   -0.000000   -0.541424   -0.000001
  8   34.241196  -28.000031  -41.878006    0.980563   -0.454560    0.304956
  9   34.241127   23.441805  -41.878098   -0.980568   -0.454561   -0.304951
 10   35.246704  -52.543079    1.319122   -0.000000    0.000000    0.561637
 11   35.246544   52.726318    1.318909   -0.000000    0.000000   -0.561634
 12   34.830017  -24.891922   45.588608   -0.978494    0.461605    0.293252
 13   34.885773   27.636593   43.767822    0.978489    0.461604   -0.293252
 14   29.239319  -51.573303   94.292938    0.089778   -0.742898   -0.564896
 15   42.375069    0.000004   -0.000015   -0.097904    0.033227    0.026602
 16   42.546112    0.000031    0.000004   -0.051801    0.077910    0.074641
 17   42.234497    0.000008   -0.000004   -0.030450    0.029281    0.031411
 18   42.464996    0.000011   -0.000011    0.011932   -0.225884   -0.260473
 19   42.458130   -0.000084   -0.000015    0.109861   -0.437045   -0.573831
 20   42.267960    0.000046   -0.000023    0.016497   -0.215866   -0.269042
 21   42.505859    0.000015    0.000000    0.100046   -0.377762   -0.516437
 22   42.233154    0.000000    0.000000    0.043805   -0.236054   -0.304520
 23   42.352283    0.000061   -0.000046    0.184629    0.486499    0.706732
 24   42.391678    0.000000    0.000000    0.062431    0.318039    0.414232
 25   42.497498    0.000038   -0.000015    0.004030    0.104267    0.129598
 26   42.272888    0.000061   -0.000033   -0.000087    0.057411    0.071440
 27   29.239334   55.382656   92.214981    1.513647   -0.601184    0.405133
 28   42.375069   -0.000011   -0.000008    0.047726    0.038891    0.057063
 29   42.546082   -0.000004   -0.000004    0.037242    0.023526    0.030856
 30   42.234467    0.000072   -0.000019    0.026466    0.012377    0.014683
 31   42.464996   -0.000031   -0.000008    0.049669    0.226307    0.275220
 32   42.458038    0.000008   -0.000019    0.103031    0.353994    0.434309
 33   42.267899    0.000000    0.000031    0.041073    0.211727    0.234956
 34   42.505951    0.000107    0.000031    0.139414    0.473167    0.566272
 35   42.233101    0.000000    0.000015    0.012862    0.210017    0.225559
 36   42.352238   -0.000092    0.000000    0.212853   -0.551319   -0.721161
 37   42.391632    0.000046    0.000015    0.063269   -0.311863   -0.353219
 38   42.497589    0.000061   -0.000008    0.010017   -0.109052   -0.116075
 39   42.272583    0.000168    0.000019    0.004825   -0.061178   -0.064358
 40   29.239349  106.746643    1.740863    0.000002    0.001955    0.982241
 41   42.375053   -0.000004    0.000003    0.000372   -0.000118   -0.191483
 42   42.546112   -0.000015    0.000002    0.000492   -0.000007   -0.276533
 43   42.234467   -0.000008   -0.000001   -0.000102   -0.000197    0.059259
 44   42.465057    0.000008   -0.000004   -0.000853   -0.000527    0.593374
 45   42.458115   -0.000008   -0.000001   -0.000270   -0.000632    0.375113
 46   42.267883    0.000000    0.000007   -0.000024   -0.000875    0.476080
 47   42.505905   -0.000031    0.000009    0.000617   -0.001280    0.837868
 48   42.233131    0.000000   -0.000011    0.000227   -0.000066    0.123933
 49   42.352226    0.000000    0.000002   -0.000716    0.000115   -0.388779
 50   42.391693    0.000000   -0.000004   -0.001045    0.000639   -0.695961
 51   42.497589    0.000046   -0.000008   -0.000201    0.000597   -0.336050
 52   42.272644    0.000016    0.000005    0.000004    0.000353   -0.185491
 53   29.239334   50.706894  -91.389091   -1.279601    0.785449    0.756437
 54   42.375092   -0.000019   -0.000008   -0.054460    0.081955   -0.066457
 55   42.546036    0.000019    0.000006   -0.046016    0.111891   -0.104475
 56   42.234543   -0.000038    0.000015   -0.026644    0.031930   -0.016584
 57   42.465012    0.000027    0.000000   -0.044193   -0.201896    0.239604
 58   42.458069    0.000046    0.000015   -0.079660   -0.301719    0.354470
 59   42.267975   -0.000069    0.000015   -0.100498   -0.376690    0.437160
 60   42.505920    0.000092    0.000015   -0.125698   -0.457641    0.535432
 61   42.233177   -0.000092    0.000000    0.010789   -0.009005    0.009426
 62   42.352287    0.000000   -0.000046   -0.070604    0.346105   -0.393274
 63   42.391724    0.000076    0.000000   -0.058298    0.299835   -0.334032
 64   42.497528    0.000038    0.000023   -0.019896    0.175016   -0.185829
 65   42.272736    0.000041   -0.000010   -0.006142    0.081056   -0.084379
 66   29.239319  -56.044880  -91.389030   -0.165099    0.823282   -0.675026
 67   42.375092    0.000008   -0.000004    0.096416   -0.075621    0.059671
 68   42.546097   -0.000011    0.000023    0.049174   -0.106938    0.102941
 69   42.234436    0.000015   -0.000023    0.030847   -0.007873    0.008606
 70   42.465012   -0.000008   -0.000004   -0.009654    0.218007   -0.253287
 71   42.458099    0.000015   -0.000008   -0.031717    0.290329   -0.358216
 72   42.267944   -0.000076    0.000008   -0.076375    0.360277   -0.479684
 73   42.505966    0.000061    0.000031   -0.110482    0.390894   -0.544636
 74   42.233116    0.000031    0.000015   -0.008473   -0.010438    0.013177
 75   42.352127   -0.000092    0.000015   -0.074358   -0.329811    0.436941
 76   42.391693    0.000000    0.000015   -0.040016   -0.263229    0.339285
 77   42.497498    0.000038   -0.000008   -0.012356   -0.153893    0.194913
 78   42.272614   -0.000005    0.000020   -0.000833   -0.068368    0.086079
 79   29.239311 -106.786232    1.740877   -0.000002    0.001949   -0.993179
 80   42.375099    0.000000   -0.000006   -0.000379   -0.000113    0.195507
 81   42.546082    0.000000    0.000001   -0.000497   -0.000004    0.279845
 82   42.234497   -0.000053   -0.000008    0.000103   -0.000198   -0.059602
 83   42.465057    0.000008   -0.000004    0.000854   -0.000529   -0.594571
 84   42.458054    0.000015   -0.000005    0.000268   -0.000633   -0.374519
 85   42.267914    0.000031   -0.000011    0.000022   -0.000877   -0.477198
 86   42.505966    0.000000    0.000012   -0.000620   -0.001277   -0.837266
 87   42.233032    0.000000   -0.000012   -0.000225   -0.000065   -0.122702
 88   42.352272   -0.000031   -0.000000    0.000719    0.000114    0.390543
 89   42.391708    0.000031   -0.000007    0.001045    0.000638    0.695323
 90   42.497528   -0.000015   -0.000022    0.000202    0.000597    0.335569
 91   42.272461    0.000012    0.000018   -0.000004    0.000351    0.185199
time 57
  0    0.000000    0.000000    0.000000    0.000000   -0.000000    0.000000
  1    0.000000    0.000000    0.000000    0.000000   -0.000000    0.000000
  2    0.000000    0.000000  -11.662147    0.785390   -1.573515    0.785390
  3   50.309212   -0.435479    0.000004   -0.000001   -0.198864    0.014095
  4   30.891544   -0.000011    0.000001    0.000017   -0.178846   -0.014097
  5   34.635590    0.000007    0.000002   -0.000000   -0.232103   -0.000001
  6   30.584282    0.000018    0.000000   -0.000000   -0.472599    0.000001
  7   31.520203    0.000000    0.000008   -0.000000   -0.540088   -0.000001
  8   34.241196  -28.000034  -41.878006    0.980286   -0.455625    0.305693
  9   34.241142   23.441805  -41.878098   -0.980291   -0.455626   -0.305688
 10   35.246704  -52.543095    1.319138   -0.000000    0.000000    0.562902
 11   35.246544   52.726322    1.318924   -0.000000    0.000000   -0.562900
 12   34.830017  -24.891928   45.588615   -0.978210    0.462669    0.293994
 13   34.885788   27.636591   43.767838    0.978206    0.462668   -0.293994
 14   29.239319  -51.573330   94.292969    0.087373   -0.740082   -0.561353
 15   42.375069    0.000008   -0.000008   -0.097936    0.031774    0.025471
 16   42.546097    0.000027    0.000019   -0.051913    0.076306    0.073112
 17   42.234467    0.000015    0.000004   -0.030440    0.029663    0.031816
 18   42.464996    0.000023    0.000019    0.011375   -0.223851   -0.257988
 19   42.458099   -0.000069    0.000000    0.110219   -0.437535   -0.574665
 20   42.267975    0.000031   -0.000008    0.016658   -0.216434   -0.269789
 21   42.505936    0.000000   -0.000015    0.099060   -0.376130   -0.513735
 22   42.233139    0.000000    0.000000    0.044955   -0.239628   -0.309461
 23   42.352322    0.000092   -0.000015    0.182902    0.484707    0.703046
 24   42.391769   -0.000031   -0.000031    0.063490    0.320296    0.417584
 25   42.497559    0.000000   -0.000019    0.004076    0.104615    0.130035
 26   42.272797    0.000044   -0.000015   -0.000077    0.057551    0.071614
 27   29.239338   55.382656   92.214973    1.514862   -0.598837    0.402973
 28   42.375061    0.000008   -0.000008    0.047744    0.039189    0.057512
 29   42.546082   -0.000008   -0.000004    0.037271    0.024429    0.032075
 30   42.234497    0.000076   -0.000015    0.026468    0.012512    0.014848
 31   42.465027   -0.000038    0.000008    0.049177    0.224604    0.273016
 32   42.458069    0.000000   -0.000004    0.103366    0.354672    0.435280
 33   42.267883    0.000000    0.000031    0.041100    0.211833    0.235084
 34   42.506042    0.000092    0.000015    0.138091    0.471304    0.563357
 35   42.233078   -0.000031    0.000031    0.014016    0.214890    0.231052
 36   42.352257   -0.000031    0.000031    0.211136   -0.549649   -0.717880
 37   42.391693    0.000061    0.000000    0.064277   -0.314447   -0.356487
 38   42.497681    0.000076   -0.000008    0.010063   -0.109434   -0.116487
 39   42.272552    0.000136   -0.000004    0.004833   -0.061334   -0.064526
 40   29.239349  106.746666    1.740857    0.000002    0.001960    0.977988
 41   42.375061    0.000011   -0.000001    0.000367   -0.000121   -0.188342
 42   42.546112    0.000000    0.000001    0.000489   -0.000009   -0.274581
 43   42.234467   -0.000008   -0.000003   -0.000098   -0.000196    0.056995
 44   42.465073   -0.000008   -0.000006   -0.000853   -0.000525    0.591967
 45   42.458084   -0.000015   -0.000003   -0.000273   -0.000633    0.376432
 46   42.267853   -0.000015    0.000003   -0.000026   -0.000871    0.473533
 47   42.505859    0.000031    0.000009    0.000612   -0.001285    0.839572
 48   42.233139    0.000000   -0.000011    0.000232   -0.000068    0.126702
 49   42.352230    0.000000    0.000002   -0.000709    0.000114   -0.385219
 50   42.391632    0.000031   -0.000003   -0.001050    0.000637   -0.697611
 51   42.497620    0.000031   -0.000013   -0.000203    0.000599   -0.337070
 52   42.272766    0.000001    0.000003    0.000003    0.000354   -0.186052
 53   29.239334   50.706898  -91.389107   -1.283288    0.782852    0.751621
 54   42.375099   -0.000015   -0.000012   -0.054213    0.080529   -0.064617
 55   42.546066    0.000023    0.000027   -0.045805    0.110493   -0.102713
 56   42.234543   -0.000038   -0.000004   -0.026656    0.032306   -0.016915
 57   42.465012    0.000031    0.000011   -0.043899   -0.200718    0.238210
 58   42.458069    0.000053   -0.000008   -0.079689   -0.301787    0.354520
 59   42.267975   -0.000092    0.000023   -0.099951   -0.375584    0.435660
 60   42.505981    0.000092    0.000000   -0.126619   -0.459032    0.537511
 61   42.233177   -0.000061   -0.000061    0.010778   -0.010694    0.011182
 62   42.352242    0.000031   -0.000046   -0.070061    0.344877   -0.391678
 63   42.391754    0.000092   -0.000015   -0.058659    0.300812   -0.335238
 64   42.497528    0.000069    0.000008   -0.019967    0.175386   -0.186235
 65   42.272766    0.000051    0.000011   -0.006175    0.081453   -0.084797
 66   29.239326  -56.044899  -91.389099   -0.161654    0.820337   -0.670330
 67   42.375114    0.000002   -0.000008    0.096526   -0.073713    0.058169
 68   42.546143   -0.000008    0.000038    0.049339   -0.105326    0.101378
 69   42.234467    0.000023   -0.000008    0.030843   -0.008302    0.009064
 70   42.465027   -0.000031   -0.000023   -0.009347    0.216850   -0.251869
 71   42.458130    0.000031    0.000000   -0.031739    0.290384   -0.358293
 72   42.267944   -0.000046    0.000000   -0.075799    0.359236   -0.478041
 73   42.505920    0.000092    0.000015   -0.111422    0.392326   -0.547101
 74   42.233116    0.000031   -0.000031   -0.008452   -0.008939    0.011292
 75   42.352142   -0.000061   -0.000031   -0.073862   -0.328804    0.435408
 76   42.391846    0.000015   -0.000031   -0.040349   -0.264137    0.340562
 77   42.497559    0.000069    0.000008   -0.012424   -0.154228    0.195350
 78   42.272766    0.000011    0.000002   -0.000864   -0.068719    0.086525
 79   29.239323 -106.786255    1.740884   -0.000002    0.001954   -0.988906
 80   42.375084    0.000000   -0.000004   -0.000373   -0.000116    0.192339
 81   42.546021   -0.000008    0.000003   -0.000494   -0.000006    0.277904
 82   42.234512   -0.000008   -0.000006    0.000099   -0.000197   -0.057345
 83   42.465088   -0.000008   -0.000003    0.000853   -0.000527   -0.593180
 84   42.458038    0.000008   -0.000003    0.000271   -0.000634   -0.375823
 85   42.267914    0.000000   -0.000007    0.000023   -0.000873   -0.474650
 86   42.505936    0.000000    0.000016   -0.000616   -0.001282   -0.838987
 87   42.233063    0.000000   -0.000012   -0.000230   -0.000067   -0.125449
 88   42.352291   -0.000031    0.000000    0.000713    0.000113    0.387007
 89   42.391739    0.000000   -0.000005    0.001049    0.000636    0.696967
 90   42.497589   -0.000015   -0.000018    0.000204    0.000598    0.336579
 91   42.272491   -0.000011    0.000022   -0.000003    0.000352    0.185754
time 58
  0    0.000000    0.000000    0.000000    0.000000   -0.000000    0.000000
  1    0.000000    0.000000    0.000000    0.000000   -0.000000    0.000000
  2    0.000000    0.000000  -12.004343    0.785383   -1.573515    0.785383
  3   50.309216   -0.435479    0.000004   -0.000010   -0.199426    0.014096
  4   30.891541   -0.000010    0.000000    0.000017   -0.179624   -0.014097
  5   34.635597    0.000008   -0.000002   -0.000000   -0.232370   -0.000001
  6   30.584297    0.000019   -0.000008   -0.000000   -0.471659    0.000001
  7   31.520187    0.000002   -0.000008   -0.000000   -0.539097   -0.000001
  8   34.241199  -28.000031  -41.878006    0.980081   -0.456414    0.306240
  9   34.241131   23.441805  -41.878113   -0.980086   -0.456415   -0.306235
 10   35.246708  -52.543083    1.319138   -0.000000    0.000000    0.563840
 11   35.246548   52.726318    1.318924   -0.000000    0.000000   -0.563837
 12   34.830021  -24.891922   45.588615   -0.978001    0.463457    0.294544
 13   34.885784   27.636589   43.767822    0.977996    0.463456   -0.294543
 14   29.239319  -51.573330   94.292953    0.084999   -0.737275   -0.557846
 15   42.375076    0.000008   -0.000004   -0.097966    0.030341    0.024355
 16   42.546066    0.000038    0.000004   -0.052025    0.074711    0.071589
 17   42.234482    0.000004    0.000015   -0.030429    0.030033    0.032210
 18   42.464996    0.000008    0.000034    0.010828   -0.221829   -0.255523
 19   42.458099   -0.000046   -0.000008    0.110564   -0.438007   -0.575470
 20   42.267929    0.000061    0.000038    0.016824   -0.217014   -0.270553
 21   42.505875    0.000000    0.000015    0.098083   -0.374499   -0.511042
 22   42.233192    0.000000   -0.000015    0.046112   -0.243160   -0.314359
 23   42.352310    0.000000    0.000015    0.181172    0.482897    0.699340
 24   42.391724   -0.000061    0.000015    0.064555    0.322540    0.420930
 25   42.497559    0.000023    0.000000    0.004123    0.104962    0.130471
 26   42.272797    0.000080    0.000014   -0.000068    0.057689    0.071790
 27   29.239342   55.382652   92.214981    1.516062   -0.596501    0.400833
 28   42.375069   -0.000004    0.000004    0.047762    0.039481    0.057950
 29   42.546097   -0.000011    0.000015    0.037302    0.025321    0.033278
 30   42.234482    0.000076   -0.000004    0.026470    0.012659    0.015027
 31   42.465027   -0.000042   -0.000004    0.048690    0.222901    0.270817
 32   42.458099    0.000000   -0.000027    0.103696    0.355337    0.436229
 33   42.267853   -0.000031    0.000000    0.041130    0.211956    0.235230
 34   42.506058    0.000092    0.000031    0.136760    0.469414    0.560413
 35   42.233124   -0.000031    0.000015    0.015198    0.219756    0.236558
 36   42.352215   -0.000122    0.000046    0.209381   -0.547927   -0.714516
 37   42.391693    0.000046    0.000015    0.065306   -0.317056   -0.359795
 38   42.497620    0.000031   -0.000050    0.010108   -0.109821   -0.116906
 39   42.272583    0.000180    0.000002    0.004844   -0.061493   -0.064692
 40   29.239353  106.746666    1.740846    0.000002    0.001964    0.973757
 41   42.375084   -0.000004   -0.000001    0.000362   -0.000125   -0.185240
 42   42.546127    0.000015    0.000003    0.000486   -0.000012   -0.272603
 43   42.234467    0.000008    0.000001   -0.000095   -0.000196    0.054726
 44   42.465103    0.000000   -0.000005   -0.000852   -0.000522    0.590523
 45   42.458054    0.000023   -0.000001   -0.000276   -0.000634    0.377769
 46   42.267944    0.000000    0.000005   -0.000027   -0.000867    0.470973
 47   42.505890    0.000000    0.000009    0.000608   -0.001289    0.841241
 48   42.233124    0.000000   -0.000008    0.000237   -0.000070    0.129524
 49   42.352253    0.000000    0.000001   -0.000703    0.000113   -0.381624
 50   42.391708   -0.000061   -0.000002   -0.001055    0.000634   -0.699261
 51   42.497650    0.000015   -0.000006   -0.000205    0.000600   -0.338097
 52   42.272675    0.000004    0.000003    0.000003    0.000355   -0.186618
 53   29.239342   50.706924  -91.389107   -1.286934    0.780255    0.746849
 54   42.375099   -0.000004    0.000000   -0.053971    0.079112   -0.062798
 55   42.546097    0.000034    0.000008   -0.045597    0.109099   -0.100956
 56   42.234528   -0.000038   -0.000015   -0.026667    0.032676   -0.017238
 57   42.465012    0.000065    0.000004   -0.043604   -0.199535    0.236812
 58   42.458069    0.000038    0.000000   -0.079718   -0.301857    0.354570
 59   42.267944   -0.000084   -0.000008   -0.099400   -0.374469    0.434148
 60   42.505875    0.000076   -0.000031   -0.127541   -0.460415    0.539585
 61   42.233208   -0.000061   -0.000031    0.010764   -0.012402    0.012958
 62   42.352303    0.000031   -0.000015   -0.069513    0.343629   -0.390061
 63   42.391678    0.000061   -0.000015   -0.059024    0.301795   -0.336452
 64   42.497528    0.000038   -0.000038   -0.020040    0.175759   -0.186645
 65   42.272766   -0.000002   -0.000008   -0.006209    0.081856   -0.085218
 66   29.239323  -56.044876  -91.389038   -0.158255    0.817394   -0.665684
 67   42.375084   -0.000004    0.000023    0.096632   -0.071825    0.056682
 68   42.546127    0.000000    0.000023    0.049501   -0.103717    0.099819
 69   42.234482    0.000038    0.000015    0.030839   -0.008725    0.009515
 70   42.465027   -0.000053   -0.000023   -0.009041    0.215688   -0.250445
 71   42.458130    0.000023    0.000023   -0.031760    0.290436   -0.358365
 72   42.267944   -0.000076   -0.000031   -0.075217    0.358180   -0.476381
 73   42.505981    0.000031    0.000031   -0.112368    0.393758   -0.549571
 74   42.233109   -0.000061   -0.000031   -0.008435   -0.007424    0.009387
 75   42.352158   -0.000031    0.000000   -0.073356   -0.327777    0.433846
 76   42.391785   -0.000046    0.000000   -0.040689   -0.265052    0.341852
 77   42.497528    0.000000    0.000008   -0.012490   -0.154565    0.195787
 78   42.272736    0.000020    0.000047   -0.000896   -0.069076    0.086977
 79   29.239319 -106.786255    1.740895   -0.000002    0.001959   -0.984651
 80   42.375084    0.000000   -0.000007   -0.000368   -0.000120    0.189207
 81   42.546036    0.000015    0.000003   -0.000492   -0.000009    0.275933
 82   42.234482    0.000008   -0.000009    0.000095   -0.000197   -0.055089
 83   42.465057   -0.000015   -0.000006    0.000852   -0.000525   -0.591767
 84   42.458084    0.000023   -0.000005    0.000273   -0.000635   -0.377141
 85   42.267853    0.000031   -0.000009    0.000025   -0.000868   -0.472122
 86   42.505966    0.000031    0.000012   -0.000612   -0.001286   -0.840653
 87   42.233109   -0.000061   -0.000012   -0.000235   -0.000069   -0.128221
 88   42.352337   -0.000031   -0.000001    0.000707    0.000112    0.383462
 89   42.391754    0.000000   -0.000007    0.001054    0.000633    0.698604
 90   42.497559   -0.000015   -0.000022    0.000206    0.000600    0.337594
 91   42.272400   -0.000006    0.000021   -0.000003    0.000353    0.186311
time 59
  0    0.000000    0.000000    0.000000    0.000000   -0.000000    0.000000
  1    0.000000    0.000000    0.000000    0.000000   -0.000000    0.000000
  2    0.000000    0.000000  -12.346539    0.785398   -1.573471    0.785398
  3   50.309212   -0.435479    0.000004   -0.000015   -0.199776    0.014097
  4   30.891548   -0.000010    0.000001    0.000017   -0.180107   -0.014097
  5   34.635597    0.000008    0.000000   -0.000000   -0.232537   -0.000001
  6   30.584290    0.000019   -0.000004   -0.000000   -0.471075    0.000001
  7   31.520187    0.000002    0.000008   -0.000000   -0.538481   -0.000001
  8   34.241192  -28.000032  -41.878006    0.979954   -0.456904    0.306580
  9   34.241138   23.441807  -41.878113   -0.979958   -0.456905   -0.306574
 10   35.246700  -52.543091    1.319122   -0.000000    0.000000    0.564422
 11   35.246563   52.726322    1.318909   -0.000000    0.000000   -0.564419
 12   34.830021  -24.891928   45.588600   -0.977870    0.463947    0.294885
 13   34.885784   27.636593   43.767822    0.977865    0.463946   -0.294885
 14   29.239317  -51.573315   94.292938    0.082656   -0.734475   -0.554374
 15   42.375092    0.000000   -0.000019   -0.097994    0.028925    0.023253
 16   42.546082    0.000042   -0.000004   -0.052132    0.073118    0.070071
 17   42.234482    0.000015    0.000027   -0.030419    0.030396    0.032595
 18   42.465012    0.000023    0.000000    0.010280   -0.219790   -0.253041
 19   42.458038   -0.000069   -0.000015    0.110901   -0.438466   -0.576252
 20   42.267944    0.000046    0.000008    0.016994   -0.217610   -0.271339
 21   42.505951   -0.000031   -0.000031    0.097093   -0.372835   -0.508304
 22   42.233185    0.000000    0.000000    0.047302   -0.246724   -0.319320
 23   42.352242    0.000031   -0.000031    0.179394    0.481021    0.695520
 24   42.391754    0.000000    0.000000    0.065650    0.324830    0.424353
 25   42.497528    0.000000   -0.000038    0.004169    0.105318    0.130921
 26   42.272827    0.000050   -0.000040   -0.000057    0.057833    0.071966
 27   29.239334   55.382656   92.214981    1.517248   -0.594177    0.398713
 28   42.375084    0.000015   -0.000008    0.047779    0.039762    0.058374
 29   42.546082   -0.000008   -0.000004    0.037334    0.026202    0.034467
 30   42.234467    0.000065   -0.000004    0.026473    0.012815    0.015218
 31   42.465027   -0.000031    0.000011    0.048205    0.221195    0.268615
 32   42.458038    0.000015    0.000004    0.104020    0.355987    0.437161
 33   42.267822    0.000000   -0.000015    0.041165    0.212092    0.235392
 34   42.505981    0.000061    0.000015    0.135418    0.467496    0.557433
 35   42.233070   -0.000061    0.000031    0.016413    0.224631    0.242092
 36   42.352196   -0.000061    0.000076    0.207585   -0.546153   -0.711067
 37   42.391693    0.000092   -0.000031    0.066358   -0.319689   -0.363147
 38   42.497589    0.000061    0.000000    0.010154   -0.110215   -0.117328
 39   42.272644    0.000154    0.000015    0.004855   -0.061653   -0.064862
 40   29.239347  106.746666    1.740863    0.000002    0.001969    0.969543
 41   42.375031   -0.000011    0.000003    0.000357   -0.000128   -0.182176
 42   42.546082    0.000000    0.000002    0.000484   -0.000014   -0.270597
 43   42.234451    0.000000   -0.000002   -0.000091   -0.000195    0.052467
 44   42.465057   -0.000031   -0.000004   -0.000851   -0.000520    0.589057
 45   42.458069   -0.000008   -0.000001   -0.000278   -0.000636    0.379117
 46   42.267914    0.000015    0.000007   -0.000028   -0.000862    0.468447
 47   42.505890    0.000000    0.000011    0.000604   -0.001294    0.842845
 48   42.233131    0.000000   -0.000013    0.000242   -0.000072    0.132361
 49   42.352238   -0.000061    0.000002   -0.000697    0.000112   -0.378038
 50   42.391647    0.000000   -0.000002   -0.001059    0.000631   -0.700893
 51   42.497559    0.000031   -0.000006   -0.000207    0.000601   -0.339126
 52   42.272736    0.000012    0.000005    0.000003    0.000356   -0.187186
 53   29.239334   50.706882  -91.389091   -1.290537    0.777658    0.742122
 54   42.375076   -0.000019    0.000004   -0.053734    0.077706   -0.060996
 55   42.546066    0.000042   -0.000006   -0.045392    0.107705   -0.099203
 56   42.234512   -0.000050   -0.000004   -0.026679    0.033041   -0.017557
 57   42.465027    0.000038    0.000000   -0.043311   -0.198343    0.235408
 58   42.458069    0.000023    0.000000   -0.079745   -0.301922    0.354614
 59   42.268005   -0.000053    0.000008   -0.098851   -0.373349    0.432633
 60   42.505905    0.000122   -0.000031   -0.128461   -0.461789    0.541648
 61   42.233170   -0.000031   -0.000031    0.010749   -0.014132    0.014759
 62   42.352310   -0.000031   -0.000031   -0.068960    0.342358   -0.388420
 63   42.391663    0.000076    0.000061   -0.059392    0.302786   -0.337679
 64   42.497467    0.000061   -0.000023   -0.020113    0.176137   -0.187057
 65   42.272736    0.000025   -0.000009   -0.006244    0.082263   -0.085646
 66   29.239319  -56.044880  -91.389030   -0.154902    0.814453   -0.661086
 67   42.375114   -0.000004   -0.000004    0.096735   -0.069954    0.055210
 68   42.546112    0.000000    0.000031    0.049659   -0.102110    0.098264
 69   42.234467    0.000027    0.000000    0.030836   -0.009142    0.009960
 70   42.465012   -0.000038    0.000038   -0.008735    0.214517   -0.249013
 71   42.458130    0.000000    0.000000   -0.031782    0.290490   -0.358439
 72   42.268005   -0.000069   -0.000023   -0.074635    0.357119   -0.474714
 73   42.506027    0.000092    0.000000   -0.113315    0.395183   -0.552035
 74   42.233154    0.000061   -0.000015   -0.008421   -0.005895    0.007464
 75   42.352135   -0.000031   -0.000031   -0.072845   -0.326731    0.432259
 76   42.391754   -0.000015   -0.000031   -0.041030   -0.265974    0.343151
 77   42.497528    0.000031    0.000031   -0.012560   -0.154905    0.196231
 78   42.272736    0.000023   -0.000003   -0.000927   -0.069434    0.087433
 79   29.239311 -106.786232    1.740877   -0.000002    0.001963   -0.980417
 80   42.375076    0.000004   -0.000007   -0.000363   -0.000124    0.186115
 81   42.546036   -0.000015    0.000001   -0.000489   -0.000011    0.273934
 82   42.234512   -0.000015   -0.000008    0.000091   -0.000196   -0.052825
 83   42.465073   -0.000015   -0.000005    0.000851   -0.000523   -0.590314
 84   42.458054    0.000008   -0.000005    0.000276   -0.000636   -0.378482
 85   42.267883    0.000015   -0.000009    0.000026   -0.000864   -0.469595
 86   42.505951    0.000000    0.000012   -0.000608   -0.001291   -0.842278
 87   42.233101    0.000000   -0.000014   -0.000240   -0.000071   -0.131036
 88   42.352303   -0.000031   -0.000000    0.000700    0.000111    0.379894
 89   42.391708    0.000031   -0.000005    0.001058    0.000630    0.700231
 90   42.497528    0.000000   -0.000022    0.000208    0.000601    0.338616
 91   42.272522   -0.000011    0.000017   -0.000002    0.000354    0.186876
time 60
  0    0.000000    0.000000    0.000000    0.000000   -0.000000    0.000000
  1    0.000000    0.000000    0.000000    0.000000   -0.000000    0.000000
  2    0.000000    0.000000  -12.688735    0.785390   -1.573515    0.785390
  3   50.309212   -0.435479    0.000004   -0.000017   -0.199896    0.014098
  4   30.891541   -0.000011    0.000001    0.000017   -0.180273   -0.014097
  5   34.635597    0.000007   -0.000002   -0.000000   -0.232594   -0.000001
  6   30.584282    0.000018    0.000004   -0.000000   -0.470874    0.000001
  7   31.520187    0.000000    0.000000   -0.000000   -0.538270   -0.000001
  8   34.241192  -28.000036  -41.878006    0.979910   -0.457073    0.306696
  9   34.241123   23.441803  -41.878098   -0.979915   -0.457074   -0.306691
 10   35.246700  -52.543095    1.319138   -0.000000    0.000000    0.564623
 11   35.246532   52.726318    1.318924   -0.000000    0.000000   -0.564620
 12   34.830021  -24.891930   45.588608   -0.977825    0.464116    0.295003
 13   34.885777   27.636591   43.767822    0.977821    0.464114   -0.295002
 14   29.239319  -51.573330   94.292969    0.080343   -0.731682   -0.550935
 15   42.375061   -0.000004   -0.000011   -0.098021    0.027525    0.022163
 16   42.546082    0.000031    0.000023   -0.052237    0.071531    0.068559
 17   42.234482    0.000004    0.000004   -0.030408    0.030748    0.032969
 18   42.464996    0.000050   -0.000011    0.009742   -0.217763   -0.250576
 19   42.458038   -0.000061    0.000015    0.111223   -0.438906   -0.577003
 20   42.267914    0.000000   -0.000015    0.017169   -0.218219   -0.272142
 21   42.505936   -0.000031   -0.000031    0.096108   -0.371168   -0.505567
 22   42.233139    0.000000   -0.000015    0.048501   -0.250256   -0.324250
 23   42.352322   -0.000031   -0.000031    0.177606    0.479118    0.691662
 24   42.391708   -0.000046   -0.000046    0.066756    0.327120    0.427786
 25   42.497559    0.000000   -0.000019    0.004218    0.105674    0.131371
 26   42.272858    0.000021   -0.000044   -0.000046    0.057975    0.072144
 27   29.239342   55.382656   92.214973    1.518418   -0.591864    0.396611
 28   42.375076    0.000008   -0.000004    0.047796    0.040037    0.058788
 29   42.546082   -0.000015    0.000000    0.037366    0.027070    0.035639
 30   42.234467    0.000065   -0.000015    0.026475    0.012985    0.015426
 31   42.465027   -0.000038    0.000000    0.047730    0.219504    0.266439
 32   42.458099    0.000000   -0.000015    0.104334    0.356618    0.438065
 33   42.267899    0.000015   -0.000015    0.041203    0.212242    0.235570
 34   42.506027    0.000061    0.000031    0.134075    0.465564    0.554443
 35   42.233070   -0.000031    0.000076    0.017650    0.229466    0.247603
 36   42.352234   -0.000122    0.000061    0.205767   -0.544343   -0.707568
 37   42.391663    0.000031   -0.000015    0.067423   -0.322327   -0.366512
 38   42.497620   -0.000008   -0.000042    0.010201   -0.110609   -0.117754
 39   42.272644    0.000152   -0.000032    0.004865   -0.061815   -0.065033
 40   29.239353  106.746689    1.740858    0.000002    0.001974    0.965349
 41   42.375084    0.000019   -0.000001    0.000352   -0.000131   -0.179150
 42   42.546127    0.000023    0.000001    0.000481   -0.000017   -0.268558
 43   42.234451   -0.000015   -0.000003   -0.000087   -0.000195    0.050199
 44   42.465057   -0.000015   -0.000006   -0.000850   -0.000518    0.587561
 45   42.458069    0.000031   -0.000003   -0.000281   -0.000637    0.380480
 46   42.267883    0.000015    0.000001   -0.000029   -0.000858    0.465935
 47   42.505905    0.000000    0.000007    0.000599   -0.001298    0.844402
 48   42.233139   -0.000031   -0.000013    0.000247   -0.000074    0.135230
 49   42.352245    0.000000    0.000002   -0.000691    0.000110   -0.374449
 50   42.391693    0.000000   -0.000003   -0.001064    0.000628   -0.702508
 51   42.497650    0.000015   -0.000012   -0.000209    0.000603   -0.340155
 52   42.272705   -0.000006    0.000003    0.000002    0.000357   -0.187757
 53   29.239334   50.706898  -91.389107   -1.294100    0.775060    0.737438
 54   42.375099   -0.000011    0.000000   -0.053502    0.076313   -0.059212
 55   42.546097    0.000004    0.000025   -0.045189    0.106314   -0.097456
 56   42.234558   -0.000046   -0.000008   -0.026690    0.033399   -0.017867
 57   42.465027    0.000038    0.000011   -0.043018   -0.197149    0.234003
 58   42.458069    0.000069    0.000000   -0.079773   -0.301987    0.354657
 59   42.267944   -0.000076    0.000023   -0.098303   -0.372229    0.431119
 60   42.505951    0.000092   -0.000031   -0.129375   -0.463147    0.543694
 61   42.233170   -0.000061   -0.000046    0.010729   -0.015872    0.016569
 62   42.352242   -0.000061   -0.000031   -0.068400    0.341074   -0.386761
 63   42.391724    0.000046   -0.000015   -0.059765    0.303781   -0.338910
 64   42.497559    0.000061   -0.000008   -0.020186    0.176514   -0.187473
 65   42.272766    0.000040   -0.000025   -0.006279    0.082672   -0.086074
 66   29.239326  -56.044899  -91.389076   -0.151591    0.811513   -0.656536
 67   42.375099   -0.000008    0.000004    0.096833   -0.068100    0.053751
 68   42.546082   -0.000004    0.000031    0.049815   -0.100505    0.096710
 69   42.234467    0.000023   -0.000015    0.030832   -0.009553    0.010399
 70   42.465042   -0.000023   -0.000011   -0.008430    0.213342   -0.247576
 71   42.458069    0.000031   -0.000008   -0.031803    0.290543   -0.358513
 72   42.267944   -0.000031   -0.000023   -0.074054    0.356054   -0.473045
 73   42.505981    0.000076   -0.000031   -0.114261    0.396597   -0.554489
 74   42.233116    0.000000    0.000015   -0.008409   -0.004355    0.005527
 75   42.352142    0.000000    0.000031   -0.072329   -0.325669    0.430649
 76   42.391846    0.000015    0.000000   -0.041375   -0.266901    0.344458
 77   42.497467    0.000061    0.000008   -0.012630   -0.155248    0.196680
 78   42.272644   -0.000003    0.000010   -0.000958   -0.069799    0.087890
 79   29.239323 -106.786255    1.740884   -0.000002    0.001968   -0.976201
 80   42.375114    0.000011   -0.000004   -0.000358   -0.000127    0.183061
 81   42.546036   -0.000015    0.000002   -0.000486   -0.000014    0.271904
 82   42.234497   -0.000015   -0.000006    0.000087   -0.000195   -0.050564
 83   42.465088    0.000023   -0.000003    0.000850   -0.000521   -0.588832
 84   42.458099    0.000015   -0.000003    0.000279   -0.000637   -0.379835
 85   42.267914    0.000015   -0.000009    0.000027   -0.000859   -0.467067
 86   42.505936    0.000031    0.000018   -0.000603   -0.001295   -0.843861
 87   42.233101    0.000061   -0.000013   -0.000245   -0.000073   -0.133894
 88   42.352291   -0.000031    0.000002    0.000694    0.000109    0.376301
 89   42.391708    0.000031   -0.000006    0.001063    0.000627    0.701858
 90   42.497528   -0.000015   -0.000020    0.000210    0.000602    0.339644
 91   42.272491   -0.000007    0.000018   -0.000002    0.000355    0.187448
end
