version 1
nodes
  0 "SK_Tyranopode"                -1
  1 "ROOT_"                        -1
  2 "TYRANOPODE_"                   1
  3 "TYRANOPODE_BODY_01"            2
  4 "TYRANOPODE_BODY_02"            3
  5 "TYRANOPODE_BODY_03"            4
  6 "TYRANOPODE_BODY_04"            5
  7 "TYRANOPODE_BODY_05"            6
  8 "TYRANOPODE_JAW_R_L"            7
  9 "TYRANOPODE_JAW_R_R"            7
 10 "TYRANOPODE_JAW_M_L"            7
 11 "TYRANOPODE_JAW_M_R"            7
 12 "TYRANOPODE_JAW_F_L"            7
 13 "TYRANOPODE_JAW_F_R"            7
 14 "TYRANOPODE_TENTACLE_F_L_001"   2
 15 "TYRANOPODE_TENTACLE_F_L_002"  14
 16 "TYRANOPODE_TENTACLE_F_L_003"  15
 17 "TYRANOPODE_TENTACLE_F_L_004"  16
 18 "TYRANOPODE_TENTACLE_F_L_005"  17
 19 "TYRANOPODE_TENTACLE_F_L_006"  18
 20 "TYRANOPODE_TENTACLE_F_L_007"  19
 21 "TYRANOPODE_TENTACLE_F_L_008"  20
 22 "TYRANOPODE_TENTACLE_F_L_009"  21
 23 "TYRANOPODE_TENTACLE_F_L_010"  22
 24 "TYRANOPODE_TENTACLE_F_L_011"  23
 25 "TYRANOPODE_TENTACLE_F_L_012"  24
 26 "TYRANOPODE_TENTACLE_F_L_013"  25
 27 "TYRANOPODE_TENTACLE_F_R_001"   2
 28 "TYRANOPODE_TENTACLE_F_R_002"  27
 29 "TYRANOPODE_TENTACLE_F_R_003"  28
 30 "TYRANOPODE_TENTACLE_F_R_004"  29
 31 "TYRANOPODE_TENTACLE_F_R_005"  30
 32 "TYRANOPODE_TENTACLE_F_R_006"  31
 33 "TYRANOPODE_TENTACLE_F_R_007"  32
 34 "TYRANOPODE_TENTACLE_F_R_008"  33
 35 "TYRANOPODE_TENTACLE_F_R_009"  34
 36 "TYRANOPODE_TENTACLE_F_R_010"  35
 37 "TYRANOPODE_TENTACLE_F_R_011"  36
 38 "TYRANOPODE_TENTACLE_F_R_012"  37
 39 "TYRANOPODE_TENTACLE_F_R_013"  38
 40 "TYRANOPODE_TENTACLE_M_R_001"   2
 41 "TYRANOPODE_TENTACLE_M_R_002"  40
 42 "TYRANOPODE_TENTACLE_M_R_003"  41
 43 "TYRANOPODE_TENTACLE_M_R_004"  42
 44 "TYRANOPODE_TENTACLE_M_R_005"  43
 45 "TYRANOPODE_TENTACLE_M_R_006"  44
 46 "TYRANOPODE_TENTACLE_M_R_007"  45
 47 "TYRANOPODE_TENTACLE_M_R_008"  46
 48 "TYRANOPODE_TENTACLE_M_R_009"  47
 49 "TYRANOPODE_TENTACLE_M_R_010"  48
 50 "TYRANOPODE_TENTACLE_M_R_011"  49
 51 "TYRANOPODE_TENTACLE_M_R_012"  50
 52 "TYRANOPODE_TENTACLE_M_R_013"  51
 53 "TYRANOPODE_TENTACLE_R_R_001"   2
 54 "TYRANOPODE_TENTACLE_R_R_002"  53
 55 "TYRANOPODE_TENTACLE_R_R_003"  54
 56 "TYRANOPODE_TENTACLE_R_R_004"  55
 57 "TYRANOPODE_TENTACLE_R_R_005"  56
 58 "TYRANOPODE_TENTACLE_R_R_006"  57
 59 "TYRANOPODE_TENTACLE_R_R_007"  58
 60 "TYRANOPODE_TENTACLE_R_R_008"  59
 61 "TYRANOPODE_TENTACLE_R_R_009"  60
 62 "TYRANOPODE_TENTACLE_R_R_010"  61
 63 "TYRANOPODE_TENTACLE_R_R_011"  62
 64 "TYRANOPODE_TENTACLE_R_R_012"  63
 65 "TYRANOPODE_TENTACLE_R_R_013"  64
 66 "TYRANOPODE_TENTACLE_R_L_001"   2
 67 "TYRANOPODE_TENTACLE_R_L_002"  66
 68 "TYRANOPODE_TENTACLE_R_L_003"  67
 69 "TYRANOPODE_TENTACLE_R_L_004"  68
 70 "TYRANOPODE_TENTACLE_R_L_005"  69
 71 "TYRANOPODE_TENTACLE_R_L_006"  70
 72 "TYRANOPODE_TENTACLE_R_L_007"  71
 73 "TYRANOPODE_TENTACLE_R_L_008"  72
 74 "TYRANOPODE_TENTACLE_R_L_009"  73
 75 "TYRANOPODE_TENTACLE_R_L_010"  74
 76 "TYRANOPODE_TENTACLE_R_L_011"  75
 77 "TYRANOPODE_TENTACLE_R_L_012"  76
 78 "TYRANOPODE_TENTACLE_R_L_013"  77
 79 "TYRANOPODE_TENTACLE_M_L_001"   2
 80 "TYRANOPODE_TENTACLE_M_L_002"  79
 81 "TYRANOPODE_TENTACLE_M_L_003"  80
 82 "TYRANOPODE_TENTACLE_M_L_004"  81
 83 "TYRANOPODE_TENTACLE_M_L_005"  82
 84 "TYRANOPODE_TENTACLE_M_L_006"  83
 85 "TYRANOPODE_TENTACLE_M_L_007"  84
 86 "TYRANOPODE_TENTACLE_M_L_008"  85
 87 "TYRANOPODE_TENTACLE_M_L_009"  86
 88 "TYRANOPODE_TENTACLE_M_L_010"  87
 89 "TYRANOPODE_TENTACLE_M_L_011"  88
 90 "TYRANOPODE_TENTACLE_M_L_012"  89
 91 "TYRANOPODE_TENTACLE_M_L_013"  90
end
skeleton
time 0
  0    0.000000    0.000000    0.000000    0.000000   -0.000000    0.000000
  1    0.000000    0.000000    0.000000    0.000000   -0.000000    0.000000
  2    0.000000    0.000000  -12.688735    0.785390   -1.573515    0.785390
  3   50.309212   -0.435479    0.000004   -0.000017   -0.199896    0.014098
  4   30.891541   -0.000011    0.000001    0.000017   -0.180273   -0.014097
  5   34.635597    0.000007   -0.000002   -0.000000   -0.232594   -0.000001
  6   30.584282    0.000018    0.000004   -0.000000   -0.470874    0.000001
  7   31.520187    0.000000    0.000000   -0.000000   -0.538270   -0.000001
  8   34.241192  -28.000036  -41.878006    0.979910   -0.457073    0.306696
  9   34.241123   23.441803  -41.878098   -0.979915   -0.457074   -0.306691
 10   35.246700  -52.543095    1.319138   -0.000000    0.000000    0.564623
 11   35.246532   52.726318    1.318924   -0.000000    0.000000   -0.564620
 12   34.830021  -24.891930   45.588608   -0.977825    0.464116    0.295003
 13   34.885777   27.636591   43.767822    0.977821    0.464114   -0.295002
 14   29.239319  -51.573330   94.292969    0.080816   -0.731471   -0.551643
 15   42.375053    0.000008   -0.000008   -0.098030    0.027408    0.022506
 16   42.546066    0.000034    0.000011   -0.052235    0.071378    0.068849
 17   42.234512   -0.000015    0.000000   -0.030395    0.030710    0.033215
 18   42.464996    0.000034    0.000004    0.009645   -0.217773   -0.250617
 19   42.458099   -0.000076    0.000023    0.111136   -0.438816   -0.577239
 20   42.267944    0.000015   -0.000023    0.017165   -0.218154   -0.272170
 21   42.505936    0.000000   -0.000015    0.096126   -0.371192   -0.505551
 22   42.233116   -0.000061   -0.000015    0.048505   -0.250267   -0.324256
 23   42.352295    0.000092   -0.000015    0.177604    0.479115    0.691656
 24   42.391693   -0.000061    0.000000    0.066758    0.327123    0.427790
 25   42.497528    0.000008    0.000004    0.004218    0.105675    0.131371
 26   42.272888    0.000072   -0.000015   -0.000046    0.057975    0.072145
 27   29.239342   55.382656   92.214973    1.518418   -0.591864    0.396611
 28   42.375076    0.000008   -0.000004    0.047796    0.040037    0.058788
 29   42.546082   -0.000015    0.000000    0.037366    0.027070    0.035639
 30   42.234467    0.000065   -0.000015    0.026475    0.012985    0.015426
 31   42.465027   -0.000038    0.000000    0.047730    0.219504    0.266439
 32   42.458099    0.000000   -0.000015    0.104334    0.356618    0.438065
 33   42.267899    0.000015   -0.000015    0.041203    0.212242    0.235570
 34   42.506027    0.000061    0.000031    0.134075    0.465564    0.554443
 35   42.233070   -0.000031    0.000076    0.017650    0.229466    0.247603
 36   42.352234   -0.000122    0.000061    0.205767   -0.544343   -0.707568
 37   42.391663    0.000031   -0.000015    0.067423   -0.322327   -0.366512
 38   42.497620   -0.000008   -0.000042    0.010201   -0.110609   -0.117754
 39   42.272644    0.000152   -0.000032    0.004865   -0.061815   -0.065033
 40   29.239353  106.746689    1.740858    0.000002    0.001974    0.965349
 41   42.375084    0.000019   -0.000001    0.000352   -0.000131   -0.179150
 42   42.546127    0.000023    0.000001    0.000481   -0.000017   -0.268558
 43   42.234451   -0.000015   -0.000003   -0.000087   -0.000195    0.050199
 44   42.465057   -0.000015   -0.000006   -0.000850   -0.000518    0.587561
 45   42.458069    0.000031   -0.000003   -0.000281   -0.000637    0.380480
 46   42.267883    0.000015    0.000001   -0.000029   -0.000858    0.465935
 47   42.505905    0.000000    0.000007    0.000599   -0.001298    0.844402
 48   42.233139   -0.000031   -0.000013    0.000247   -0.000074    0.135230
 49   42.352245    0.000000    0.000002   -0.000691    0.000110   -0.374449
 50   42.391693    0.000000   -0.000003   -0.001064    0.000628   -0.702508
 51   42.497650    0.000015   -0.000012   -0.000209    0.000603   -0.340155
 52   42.272705   -0.000006    0.000003    0.000002    0.000357   -0.187757
 53   29.239334   50.706898  -91.389107   -1.294100    0.775060    0.737438
 54   42.375099   -0.000011    0.000000   -0.053502    0.076313   -0.059212
 55   42.546097    0.000004    0.000025   -0.045189    0.106314   -0.097456
 56   42.234558   -0.000046   -0.000008   -0.026690    0.033399   -0.017867
 57   42.465027    0.000038    0.000011   -0.043018   -0.197149    0.234003
 58   42.458069    0.000069    0.000000   -0.079773   -0.301987    0.354657
 59   42.267944   -0.000076    0.000023   -0.098303   -0.372229    0.431119
 60   42.505951    0.000092   -0.000031   -0.129375   -0.463147    0.543694
 61   42.233170   -0.000061   -0.000046    0.010729   -0.015872    0.016569
 62   42.352242   -0.000061   -0.000031   -0.068400    0.341074   -0.386761
 63   42.391724    0.000046   -0.000015   -0.059765    0.303781   -0.338910
 64   42.497559    0.000061   -0.000008   -0.020186    0.176514   -0.187473
 65   42.272766    0.000040   -0.000025   -0.006279    0.082672   -0.086074
 66   29.239326  -56.044899  -91.389076   -0.151591    0.811513   -0.656536
 67   42.375099   -0.000008    0.000004    0.096833   -0.068100    0.053751
 68   42.546082   -0.000004    0.000031    0.049815   -0.100505    0.096710
 69   42.234467    0.000023   -0.000015    0.030832   -0.009553    0.010399
 70   42.465042   -0.000023   -0.000011   -0.008430    0.213342   -0.247576
 71   42.458069    0.000031   -0.000008   -0.031803    0.290543   -0.358513
 72   42.267944   -0.000031   -0.000023   -0.074054    0.356054   -0.473045
 73   42.505981    0.000076   -0.000031   -0.114261    0.396597   -0.554489
 74   42.233116    0.000000    0.000015   -0.008409   -0.004355    0.005527
 75   42.352142    0.000000    0.000031   -0.072329   -0.325669    0.430649
 76   42.391846    0.000015    0.000000   -0.041375   -0.266901    0.344458
 77   42.497467    0.000061    0.000008   -0.012630   -0.155248    0.196680
 78   42.272644   -0.000003    0.000010   -0.000958   -0.069799    0.087890
 79   29.239323 -106.786255    1.740884   -0.000002    0.001968   -0.976201
 80   42.375114    0.000011   -0.000004   -0.000358   -0.000127    0.183061
 81   42.546036   -0.000015    0.000002   -0.000486   -0.000014    0.271904
 82   42.234497   -0.000015   -0.000006    0.000087   -0.000195   -0.050564
 83   42.465088    0.000023   -0.000003    0.000850   -0.000521   -0.588832
 84   42.458099    0.000015   -0.000003    0.000279   -0.000637   -0.379835
 85   42.267914    0.000015   -0.000009    0.000027   -0.000859   -0.467067
 86   42.505936    0.000031    0.000018   -0.000603   -0.001295   -0.843861
 87   42.233101    0.000061   -0.000013   -0.000245   -0.000073   -0.133894
 88   42.352291   -0.000031    0.000002    0.000694    0.000109    0.376301
 89   42.391708    0.000031   -0.000006    0.001063    0.000627    0.701858
 90   42.497528   -0.000015   -0.000020    0.000210    0.000602    0.339644
 91   42.272491   -0.000007    0.000018   -0.000002    0.000355    0.187448
time 1
  0    0.000000    0.000000    0.000000    0.000000   -0.000000    0.000000
  1    0.000000    0.000000    0.000000    0.000000   -0.000000    0.000000
  2    4.482399    0.000000    0.034827    0.943915   -1.625702    0.626831
  3   50.309223   -0.435479    0.000004   -0.015287   -0.183964    0.020384
  4   30.891548   -0.000010    0.000001   -0.014688   -0.163933   -0.007927
  5   34.635605    0.000006    0.000004   -0.013855   -0.218105    0.005761
  6   30.584305    0.000017   -0.000004   -0.011409   -0.454815    0.004198
  7   31.520195   -0.000000    0.000000   -0.006382   -0.520679    0.000021
  8   34.241211  -28.000042  -41.878021    0.973116   -0.478721    0.266365
  9   34.241142   23.441809  -41.878113   -0.968368   -0.479390   -0.318776
 10   35.246712  -52.543102    1.319122   -0.011507   -0.053360    0.508882
 11   35.246544   52.726330    1.318924    0.014810   -0.052031   -0.562435
 12   34.830032  -24.891935   45.588608   -0.980736    0.380046    0.252413
 13   34.885780   27.636593   43.767815    0.985085    0.380653   -0.302723
 14   29.239326  -51.573364   94.292992    0.039466   -0.577203   -0.422892
 15   42.375069    0.000004    0.000000   -0.089165   -0.060028   -0.046250
 16   42.546082    0.000034   -0.000004   -0.051911   -0.003184   -0.009512
 17   42.234467    0.000019    0.000008   -0.029006   -0.013097   -0.016772
 18   42.464966    0.000023    0.000011    0.033292   -0.284910   -0.279734
 19   42.458099   -0.000084   -0.000008    0.097554   -0.461303   -0.493841
 20   42.267929   -0.000031    0.000015    0.002761   -0.208663   -0.212664
 21   42.505890   -0.000046    0.000015    0.054262   -0.365149   -0.407005
 22   42.233200   -0.000061   -0.000031    0.031176   -0.279082   -0.315416
 23   42.352272    0.000092    0.000015    0.211524    0.501736    0.653635
 24   42.391769   -0.000031    0.000000    0.086847    0.372474    0.412803
 25   42.497437   -0.000008    0.000000    0.005734    0.120090    0.122199
 26   42.272736    0.000036   -0.000023    0.000051    0.065727    0.066757
 27   29.239340   55.382607   92.214966    1.537003   -0.485885    0.317427
 28   42.375076    0.000008    0.000008    0.048002    0.051559    0.083354
 29   42.546112    0.000004    0.000008    0.039702    0.065975    0.096954
 30   42.234436    0.000076   -0.000027    0.029249    0.063776    0.088535
 31   42.465027   -0.000061   -0.000011    0.044147    0.197602    0.252721
 32   42.458038    0.000008   -0.000011    0.073509    0.271118    0.343234
 33   42.267853    0.000000    0.000008    0.040618    0.201208    0.228503
 34   42.506058    0.000061    0.000015    0.144694    0.489618    0.586519
 35   42.233078   -0.000061    0.000031    0.021577    0.270248    0.296208
 36   42.352242   -0.000092    0.000031    0.160462   -0.464283   -0.596495
 37   42.391724    0.000076    0.000015    0.113036   -0.400956   -0.478947
 38   42.497681    0.000061    0.000000    0.013257   -0.130341   -0.139364
 39   42.272644    0.000128   -0.000002    0.005412   -0.070501   -0.074281
 40   29.239359  106.746658    1.740835    0.000788    0.032173    0.824312
 41   42.375076    0.000004   -0.000005    0.002042   -0.001814   -0.063876
 42   42.546127    0.000015   -0.000000    0.003772   -0.001278   -0.124584
 43   42.234482   -0.000008   -0.000003    0.003913   -0.001511   -0.135468
 44   42.465057    0.000000   -0.000006   -0.010967   -0.006433    0.416722
 45   42.458099    0.000015   -0.000003   -0.008875   -0.011776    0.516389
 46   42.267944    0.000000    0.000000   -0.001292   -0.011510    0.377332
 47   42.505920   -0.000031    0.000004    0.006427   -0.022314    0.826738
 48   42.233162    0.000031   -0.000011    0.010746   -0.005279    0.383458
 49   42.352306    0.000061    0.000003   -0.002486    0.000181   -0.077685
 50   42.391701    0.000031    0.000001   -0.019020    0.002912   -0.649148
 51   42.497620   -0.000031   -0.000015   -0.012071    0.012744   -0.591293
 52   42.272797   -0.000008   -0.000001   -0.001396    0.008862   -0.289356
 53   29.239340   50.706917  -91.389114   -1.359866    0.761151    0.717556
 54   42.375076   -0.000015   -0.000019   -0.048915    0.060178   -0.012123
 55   42.546051    0.000038   -0.000006   -0.039097    0.094538   -0.047135
 56   42.234543   -0.000038    0.000000   -0.024847    0.049193   -0.013026
 57   42.464966    0.000050    0.000004   -0.052345   -0.215142    0.215480
 58   42.458069    0.000023    0.000008   -0.095381   -0.361285    0.351763
 59   42.267944   -0.000084    0.000023   -0.081418   -0.392216    0.370718
 60   42.505905    0.000061    0.000015   -0.085343   -0.474543    0.459330
 61   42.233170   -0.000107   -0.000031    0.011603   -0.019487    0.017844
 62   42.352257    0.000000    0.000061   -0.090203    0.363363   -0.363070
 63   42.391632    0.000076    0.000000   -0.074505    0.340574   -0.321683
 64   42.497650    0.000031   -0.000038   -0.022451    0.197163   -0.172451
 65   42.272736    0.000017   -0.000024   -0.005969    0.092510   -0.078918
 66   29.239325  -56.044876  -91.389046   -0.055367    0.773417   -0.547152
 67   42.375092    0.000004   -0.000019    0.101019    0.019518   -0.039705
 68   42.546112   -0.000004    0.000008    0.055220   -0.031476    0.006048
 69   42.234482    0.000031   -0.000015    0.029977    0.025919   -0.040421
 70   42.464996   -0.000023    0.000004   -0.011444    0.209953   -0.242720
 71   42.458069    0.000023   -0.000015   -0.020437    0.255981   -0.311028
 72   42.267944   -0.000031   -0.000008   -0.078543    0.376350   -0.500053
 73   42.505951    0.000122   -0.000015   -0.072938    0.349689   -0.477322
 74   42.233131    0.000031   -0.000046   -0.010919   -0.037155    0.048189
 75   42.352150    0.000000   -0.000015   -0.097696   -0.346302    0.475575
 76   42.391815    0.000046    0.000000   -0.042554   -0.257599    0.331557
 77   42.497559    0.000069    0.000000   -0.012424   -0.152169    0.190944
 78   42.272675    0.000006    0.000015   -0.000151   -0.063578    0.079221
 79   29.239323 -106.786270    1.740907   -0.000778    0.040621   -0.776026
 80   42.375114    0.000000   -0.000002    0.000313   -0.009123   -0.007499
 81   42.546051   -0.000008    0.000005   -0.003001   -0.005468    0.095400
 82   42.234512   -0.000023   -0.000006    0.005176   -0.005865   -0.201386
 83   42.465118    0.000023   -0.000003    0.009843   -0.010945   -0.538408
 84   42.458023    0.000031   -0.000004    0.001712   -0.010203   -0.336054
 85   42.267899    0.000015   -0.000005   -0.003356   -0.018295   -0.631695
 86   42.505966    0.000000    0.000017   -0.012556   -0.011633   -0.567393
 87   42.233055   -0.000061   -0.000013    0.000635    0.000115    0.020104
 88   42.352299   -0.000031    0.000000    0.016187    0.003282    0.545397
 89   42.391754    0.000092   -0.000006    0.012288    0.011564    0.565029
 90   42.497528    0.000023   -0.000019    0.002133    0.008706    0.289068
 91   42.272430    0.000027    0.000025   -0.000259    0.004777    0.152724
time 2
  0    0.000000    0.000000    0.000000    0.000000   -0.000000    0.000000
  1    0.000000    0.000000    0.000000    0.000000   -0.000000    0.000000
  2   15.171200    0.000000   32.420700    1.102433   -1.677901    0.468263
  3   50.309204   -0.435478    0.000004   -0.051700   -0.145973    0.035376
  4   30.891548   -0.000011   -0.000001   -0.049754   -0.124969    0.006786
  5   34.635582    0.000010    0.000002   -0.046893   -0.182448    0.019499
  6   30.584274    0.000019    0.000008   -0.038615   -0.415100    0.014207
  7   31.520187    0.000004    0.000000   -0.021599   -0.477221    0.000177
  8   34.241180  -28.000029  -41.877991    0.956917   -0.531433    0.170189
  9   34.241127   23.441805  -41.878098   -0.940100   -0.533129   -0.347592
 10   35.246689  -52.543091    1.319153   -0.038946   -0.180604    0.375961
 11   35.246536   52.726326    1.318924    0.050922   -0.176107   -0.556395
 12   34.830002  -24.891928   45.588608   -0.987676    0.179572    0.150852
 13   34.885765   27.636589   43.767822    1.002895    0.181629   -0.321134
 14   29.239309  -51.573334   94.292931    0.039289   -0.625291   -0.361911
 15   42.375076    0.000008    0.000000   -0.083520   -0.097941   -0.122923
 16   42.546082    0.000038   -0.000011   -0.049953    0.027408   -0.041285
 17   42.234467    0.000011    0.000008   -0.014437   -0.109008   -0.104060
 18   42.465012    0.000015   -0.000015    0.102226   -0.486042   -0.414357
 19   42.458099   -0.000061    0.000000    0.017801   -0.357453   -0.295287
 20   42.267990    0.000031    0.000031   -0.014058   -0.172113   -0.147836
 21   42.505936    0.000015   -0.000015    0.045619   -0.446488   -0.441034
 22   42.233170    0.000061   -0.000061    0.000688   -0.064070   -0.065506
 23   42.352196    0.000000    0.000031    0.335165    0.612723    0.773009
 24   42.391785   -0.000031   -0.000015    0.039745    0.270627    0.237085
 25   42.497406   -0.000004    0.000008    0.003940    0.110387    0.092534
 26   42.272827    0.000032   -0.000012   -0.000465    0.063280    0.052976
 27   29.239325   55.382603   92.214935    1.448532   -0.505009    0.415865
 28   42.375046   -0.000008   -0.000004    0.041576    0.036812    0.096199
 29   42.546082    0.000000    0.000019    0.034758    0.043070    0.110151
 30   42.234467    0.000076   -0.000008    0.027627    0.035516    0.109750
 31   42.465057    0.000000   -0.000008    0.046777    0.185917    0.261104
 32   42.458069    0.000008   -0.000008    0.067596    0.242082    0.316922
 33   42.267914    0.000031   -0.000015    0.044388    0.218257    0.253107
 34   42.506058    0.000046   -0.000031    0.141236    0.507251    0.618031
 35   42.233101   -0.000031    0.000000   -0.007165    0.185638    0.207291
 36   42.352234   -0.000092    0.000092    0.168996   -0.426779   -0.585130
 37   42.391708    0.000076    0.000015    0.133156   -0.408767   -0.507797
 38   42.497650    0.000076    0.000000    0.015472   -0.139979   -0.151412
 39   42.272552    0.000151    0.000010    0.005491   -0.075017   -0.079761
 40   29.239351  106.746651    1.740830    0.002488    0.040576    0.906074
 41   42.375053   -0.000015   -0.000008    0.002549   -0.000431   -0.063861
 42   42.546082    0.000008   -0.000002    0.003831   -0.000292   -0.095544
 43   42.234482    0.000008   -0.000002    0.009526    0.001938   -0.238885
 44   42.465057    0.000046   -0.000009   -0.009434   -0.007237    0.231644
 45   42.458069   -0.000015   -0.000002   -0.018417   -0.017231    0.620268
 46   42.267914   -0.000031    0.000001   -0.002553   -0.015738    0.354696
 47   42.505875   -0.000031    0.000003    0.006928   -0.030520    0.744592
 48   42.233147    0.000000   -0.000011    0.020741   -0.013680    0.549885
 49   42.352234   -0.000031    0.000002    0.001206   -0.000040    0.024998
 50   42.391712    0.000000   -0.000002   -0.015059    0.000115   -0.319863
 51   42.497635    0.000031   -0.000012   -0.031427    0.011027   -0.797640
 52   42.272705    0.000000    0.000000   -0.007710    0.017994   -0.440418
 53   29.239336   50.706890  -91.389099   -1.179444    0.782601    1.011930
 54   42.375092   -0.000004    0.000000   -0.058630    0.131411   -0.016863
 55   42.546066    0.000046    0.000019   -0.044064    0.179190   -0.048389
 56   42.234528   -0.000008   -0.000008   -0.021478    0.092576   -0.004829
 57   42.464951    0.000034    0.000023   -0.073677   -0.278132    0.231997
 58   42.458038    0.000053    0.000023   -0.102864   -0.422081    0.337211
 59   42.268005   -0.000076    0.000000   -0.059842   -0.414447    0.323200
 60   42.505951    0.000107    0.000000   -0.029718   -0.437225    0.350706
 61   42.233170   -0.000061   -0.000031    0.007260    0.019243   -0.015578
 62   42.352280    0.000000   -0.000092   -0.126937    0.416029   -0.373174
 63   42.391724    0.000015    0.000000   -0.075830    0.349017   -0.275895
 64   42.497589    0.000061   -0.000038   -0.021404    0.205085   -0.147676
 65   42.272797    0.000036    0.000017   -0.004582    0.090329   -0.063279
 66   29.239325  -56.044838  -91.389030   -0.008110    0.945845   -0.547856
 67   42.375084    0.000008   -0.000019    0.111456   -0.004151   -0.130738
 68   42.546097   -0.000004    0.000015    0.057179   -0.053211   -0.043698
 69   42.234406    0.000015    0.000000    0.023356    0.073727   -0.103394
 70   42.465027   -0.000031   -0.000008   -0.017068    0.226274   -0.249247
 71   42.458130    0.000046   -0.000031   -0.014609    0.252915   -0.305490
 72   42.267914   -0.000046   -0.000046   -0.086449    0.429693   -0.582339
 73   42.505936    0.000031    0.000046   -0.001502    0.180720   -0.243270
 74   42.233131    0.000000    0.000015   -0.045737   -0.159938    0.224639
 75   42.352173    0.000000    0.000015   -0.126019   -0.359097    0.511056
 76   42.391785    0.000000   -0.000046   -0.028436   -0.207481    0.260222
 77   42.497559    0.000031   -0.000031   -0.006202   -0.119538    0.146977
 78   42.272736   -0.000008   -0.000010    0.001910   -0.031701    0.038880
 79   29.239309 -106.786224    1.740910   -0.002438    0.073409   -0.736044
 80   42.375107   -0.000004   -0.000005    0.012910   -0.033766   -0.177066
 81   42.546082    0.000023    0.000005    0.003590   -0.012018   -0.094606
 82   42.234528    0.000015   -0.000006    0.010035   -0.013604   -0.410526
 83   42.465057    0.000023   -0.000003    0.003008   -0.015169   -0.361331
 84   42.458054    0.000000    0.000000   -0.003820   -0.020993   -0.481502
 85   42.267914   -0.000061   -0.000004   -0.017761   -0.021718   -0.640504
 86   42.505981   -0.000031    0.000017   -0.004135   -0.001012   -0.089117
 87   42.233074   -0.000061   -0.000014    0.014735    0.002254    0.318825
 88   42.352234   -0.000031    0.000005    0.024571    0.012872    0.639709
 89   42.391663    0.000031   -0.000006    0.006455    0.014294    0.348222
 90   42.497559    0.000029   -0.000015    0.000578    0.009415    0.206850
 91   42.272614    0.000038    0.000020   -0.000570    0.003693    0.081377
time 3
  0    0.000000    0.000000    0.000000    0.000000   -0.000000    0.000000
  1    0.000000    0.000000    0.000000    0.000000   -0.000000    0.000000
  2   27.928795    0.000000   75.791611    1.260951   -1.730101    0.309693
  3   50.309219   -0.435478    0.000003   -0.095161   -0.100629    0.053268
  4   30.891563   -0.000011    0.000002   -0.091608   -0.078463    0.024348
  5   34.635605    0.000008    0.000004   -0.086325   -0.137342    0.035896
  6   30.584290    0.000019    0.000008   -0.071087   -0.364422    0.026153
  7   31.520187    0.000004    0.000015   -0.039761   -0.421864    0.000601
  8   34.241196  -28.000038  -41.877991    0.937582   -0.596863    0.055399
  9   34.241119   23.441797  -41.878098   -0.904671   -0.598474   -0.381986
 10   35.246704  -52.543083    1.319138   -0.071696   -0.332475    0.217314
 11   35.246552   52.726311    1.318939    0.095856   -0.324196   -0.547266
 12   34.830032  -24.891930   45.588608   -0.995960   -0.059703    0.029635
 13   34.885773   27.636581   43.767822    1.025275   -0.055916   -0.343109
 14   29.239342  -51.573360   94.292984   -0.006526   -0.928637   -0.308603
 15   42.375061    0.000000    0.000000   -0.098232    0.048573   -0.249255
 16   42.546051    0.000038   -0.000008   -0.048300    0.048873   -0.074206
 17   42.234406    0.000004   -0.000023    0.036026   -0.348106   -0.231981
 18   42.464981    0.000000    0.000000    0.063682   -0.524610   -0.358677
 19   42.458099   -0.000061    0.000000   -0.027865   -0.189562   -0.132855
 20   42.267952    0.000061    0.000000   -0.025560   -0.226275   -0.173752
 21   42.505898    0.000046    0.000031    0.004132   -0.435342   -0.392320
 22   42.233143    0.000015    0.000000    0.148125    0.357901    0.366323
 23   42.352249    0.000046    0.000000    0.235604    0.567310    0.546975
 24   42.391785   -0.000008    0.000008    0.012128    0.171411    0.121549
 25   42.497498   -0.000031    0.000011    0.001175    0.089088    0.062382
 26   42.272827    0.000104   -0.000010   -0.001415    0.045771    0.032083
 27   29.239334   55.382645   92.214928    1.233024   -0.591763    0.673440
 28   42.375076    0.000019   -0.000004    0.032846   -0.019471    0.087905
 29   42.546082   -0.000023   -0.000023    0.030036   -0.039503    0.078421
 30   42.234512    0.000061   -0.000004    0.023998   -0.048022    0.069852
 31   42.465073   -0.000023   -0.000023    0.054024    0.184410    0.270719
 32   42.458130    0.000015    0.000023    0.078913    0.271885    0.360859
 33   42.267944    0.000000   -0.000015    0.042342    0.240209    0.285005
 34   42.506042    0.000092    0.000000    0.085201    0.462642    0.570655
 35   42.233101   -0.000031    0.000046   -0.021995    0.120646    0.146067
 36   42.352257   -0.000092    0.000000    0.173819   -0.370021   -0.560733
 37   42.391708    0.000061   -0.000015    0.163466   -0.414277   -0.553343
 38   42.497650    0.000053   -0.000015    0.018646   -0.151120   -0.168040
 39   42.272675    0.000141    0.000008    0.005381   -0.079966   -0.087085
 40   29.239349  106.746658    1.740840    0.003952    0.030854    1.043453
 41   42.375092   -0.000004   -0.000003    0.002102    0.001223   -0.070261
 42   42.546097   -0.000023    0.000002    0.003044    0.001448   -0.094817
 43   42.234482    0.000008   -0.000003    0.009859    0.006069   -0.289925
 44   42.465057    0.000015   -0.000007    0.000073   -0.003094   -0.001939
 45   42.458069    0.000038   -0.000003   -0.022294   -0.015413    0.684775
 46   42.267883    0.000000    0.000000   -0.003486   -0.015342    0.362771
 47   42.505829    0.000000    0.000004    0.004917   -0.026698    0.648195
 48   42.233124    0.000061   -0.000012    0.022439   -0.018976    0.676228
 49   42.352234    0.000031    0.000002    0.004582   -0.000114    0.094660
 50   42.391655    0.000031   -0.000005   -0.004859   -0.000340   -0.100646
 51   42.497608    0.000000   -0.000011   -0.028358    0.000902   -0.648434
 52   42.272751   -0.000031    0.000001   -0.021579    0.018848   -0.691597
 53   29.239334   50.706913  -91.389099   -0.860440    0.716182    1.434226
 54   42.375092    0.000004   -0.000008   -0.093099    0.218729   -0.038461
 55   42.546066    0.000034    0.000031   -0.066587    0.305161   -0.057910
 56   42.234528   -0.000038    0.000008   -0.015935    0.194823   -0.012302
 57   42.465027    0.000061    0.000000   -0.086900   -0.312044    0.221704
 58   42.458099    0.000069    0.000008   -0.107816   -0.485930    0.321405
 59   42.268021   -0.000076   -0.000015   -0.030722   -0.396260    0.256992
 60   42.505890    0.000107   -0.000092    0.003253   -0.424512    0.291966
 61   42.233154   -0.000061   -0.000092    0.006268    0.016513   -0.012029
 62   42.352272   -0.000015   -0.000031   -0.146992    0.433137   -0.351030
 63   42.391754    0.000031    0.000000   -0.086273    0.378640   -0.258054
 64   42.497620    0.000050    0.000008   -0.021682    0.220071   -0.132586
 65   42.272705    0.000028    0.000032   -0.003736    0.097165   -0.056716
 66   29.239319  -56.044872  -91.389038   -0.017185    1.342797   -0.714418
 67   42.375114    0.000004   -0.000008    0.122984   -0.247198   -0.200769
 68   42.546143    0.000011    0.000038    0.058462   -0.092034   -0.050934
 69   42.234467    0.000031   -0.000004    0.015061    0.121145   -0.136223
 70   42.465027   -0.000038   -0.000015   -0.005646    0.197389   -0.212207
 71   42.458099    0.000015   -0.000008   -0.015439    0.300517   -0.368040
 72   42.267944   -0.000076   -0.000015   -0.034957    0.400510   -0.556777
 73   42.506012    0.000031    0.000000    0.007897    0.041729   -0.061537
 74   42.233135   -0.000031   -0.000015   -0.116738   -0.253755    0.407024
 75   42.352188   -0.000031    0.000000   -0.111441   -0.313403    0.446377
 76   42.391846   -0.000008   -0.000008   -0.022194   -0.180686    0.226248
 77   42.497589    0.000027    0.000010   -0.001485   -0.087105    0.107087
 78   42.272614    0.000000    0.000023    0.002251   -0.014563    0.017940
 79   29.239319 -106.786285    1.740900   -0.003874    0.074264   -1.043431
 80   42.375092    0.000000   -0.000005    0.012451   -0.053735   -0.168932
 81   42.546051    0.000015    0.000002    0.005401   -0.011586   -0.300113
 82   42.234497    0.000000   -0.000009    0.001600   -0.014191   -0.357973
 83   42.465103    0.000031   -0.000005   -0.004724   -0.017981   -0.425731
 84   42.458023    0.000000   -0.000004   -0.016738   -0.019220   -0.582947
 85   42.267921    0.000031   -0.000001   -0.006213   -0.001672   -0.135275
 86   42.505920   -0.000031    0.000016    0.009653    0.001244    0.206312
 87   42.233032   -0.000031   -0.000007    0.025140    0.009073    0.620678
 88   42.352295    0.000031   -0.000002    0.009001    0.014135    0.382766
 89   42.391663    0.000034   -0.000006    0.001648    0.010373    0.237349
 90   42.497528    0.000023   -0.000021   -0.000455    0.004789    0.107725
 91   42.272491    0.000053    0.000024   -0.000095    0.000447    0.010226
time 4
  0    0.000000    0.000000    0.000000    0.000000   -0.000000    0.000000
  1    0.000000    0.000000    0.000000    0.000000   -0.000000    0.000000
  2   38.617599    0.000000  121.470352    1.419470   -1.782301    0.151125
  3   50.309212   -0.435478    0.000004   -0.131574   -0.062638    0.068260
  4   30.891541   -0.000008    0.000000   -0.126674   -0.039498    0.039062
  5   34.635605    0.000008    0.000000   -0.119363   -0.094503    0.049635
  6   30.584274    0.000031    0.000008   -0.098293   -0.315472    0.036162
  7   31.520172    0.000008   -0.000015   -0.054978   -0.368578    0.001427
  8   34.241196  -28.000038  -41.878006    0.921382   -0.656663   -0.040776
  9   34.241119   23.441811  -41.878098   -0.871638   -0.655608   -0.410803
 10   35.246689  -52.543083    1.319122   -0.099135   -0.459719    0.084394
 11   35.246536   52.726326    1.318939    0.137133   -0.448271   -0.535818
 12   34.830017  -24.891914   45.588608   -1.002901   -0.260177   -0.071926
 13   34.885773   27.636604   43.767807    1.046252   -0.254940   -0.361520
 14   29.239311  -51.573349   94.292953   -0.889873   -1.505815    0.381520
 15   42.375069    0.000019    0.000000   -0.088411    0.523990   -0.338895
 16   42.546097    0.000011   -0.000023   -0.041438   -0.000209   -0.095045
 17   42.234436   -0.000011    0.000008    0.060964   -0.520325   -0.281281
 18   42.464996    0.000000    0.000000   -0.013084   -0.366744   -0.204149
 19   42.458084   -0.000031    0.000000   -0.034828   -0.144421   -0.091188
 20   42.267937    0.000000    0.000000   -0.039786   -0.306605   -0.217922
 21   42.505936    0.000015   -0.000031   -0.035879   -0.312077   -0.260335
 22   42.233177    0.000000    0.000000    0.315783    0.546122    0.591378
 23   42.352325    0.000015   -0.000031    0.135086    0.456836    0.340699
 24   42.391724   -0.000057    0.000000    0.007908    0.149373    0.090526
 25   42.497375   -0.000011    0.000032    0.000422    0.081764    0.049120
 26   42.272736   -0.000007   -0.000010   -0.001629    0.037053    0.022291
 27   29.239342   55.382637   92.214951    0.866955   -0.663487    1.056059
 28   42.375084    0.000008    0.000000    0.042936   -0.111603    0.027164
 29   42.546066    0.000000    0.000000    0.039732   -0.146996    0.000178
 30   42.234497    0.000072    0.000000    0.023325   -0.139295   -0.004938
 31   42.465027   -0.000015    0.000000    0.057737    0.164072    0.255575
 32   42.458069    0.000008   -0.000008    0.107027    0.343725    0.460269
 33   42.267883    0.000015   -0.000015    0.025407    0.234258    0.294731
 34   42.506058    0.000061    0.000031    0.012600    0.362954    0.466025
 35   42.233116   -0.000092    0.000015   -0.036227    0.142721    0.202103
 36   42.352234   -0.000122    0.000015    0.120931   -0.232098   -0.398664
 37   42.391693    0.000092    0.000031    0.256017   -0.437986   -0.710488
 38   42.497711    0.000046   -0.000031    0.030625   -0.183918   -0.217340
 39   42.272583    0.000147   -0.000029    0.006406   -0.093642   -0.106781
 40   29.239342  106.746674    1.740839    0.003618    0.014995    1.132373
 41   42.375053    0.000008   -0.000005    0.000856    0.001060   -0.060875
 42   42.546127   -0.000008    0.000001    0.001389    0.001425   -0.086294
 43   42.234451    0.000015    0.000001    0.004293    0.004203   -0.236760
 44   42.465088    0.000000   -0.000005    0.005502    0.002633   -0.242946
 45   42.458099    0.000031   -0.000005   -0.014327   -0.008549    0.636247
 46   42.267883    0.000000    0.000003   -0.003651   -0.010664    0.421136
 47   42.505951   -0.000031    0.000006    0.002276   -0.014969    0.561250
 48   42.233139   -0.000031   -0.000010    0.014228   -0.014596    0.745008
 49   42.352234    0.000061    0.000004    0.005182   -0.000261    0.164246
 50   42.391678    0.000031   -0.000006   -0.000688   -0.000078   -0.021680
 51   42.497650    0.000031   -0.000011   -0.008988   -0.000838   -0.291318
 52   42.272717    0.000000    0.000001   -0.021217    0.004573   -0.830668
 53   29.239342   50.706924  -91.389076   -0.628137    0.593889    1.714818
 54   42.375099   -0.000015    0.000000   -0.123734    0.227785   -0.052010
 55   42.546082    0.000000    0.000000   -0.103788    0.365850   -0.059775
 56   42.234573   -0.000027    0.000015   -0.021064    0.374423   -0.034285
 57   42.465012    0.000042    0.000023   -0.070195   -0.237096    0.165258
 58   42.458069    0.000031    0.000038   -0.131451   -0.571186    0.324320
 59   42.267960   -0.000092    0.000031   -0.011976   -0.358415    0.197513
 60   42.505920    0.000076    0.000000    0.021969   -0.434137    0.260432
 61   42.233177   -0.000061    0.000000    0.020827   -0.058161    0.038785
 62   42.352283   -0.000061    0.000000   -0.131729    0.377683   -0.279463
 63   42.391663    0.000031    0.000000   -0.122734    0.448292   -0.285365
 64   42.497589   -0.000023    0.000000   -0.026920    0.253015   -0.132449
 65   42.272705   -0.000010    0.000055   -0.003983    0.123277   -0.061765
 66   29.239311  -56.044884  -91.389030    0.539099    1.849223   -0.487386
 67   42.375080    0.000008    0.000000    0.014839   -0.622039   -0.093280
 68   42.546097   -0.000008    0.000061    0.055467   -0.150476   -0.024735
 69   42.234482    0.000015    0.000015    0.016922    0.107863   -0.120722
 70   42.465027   -0.000023    0.000000    0.002496    0.175828   -0.185735
 71   42.458069    0.000061   -0.000015    0.003098    0.277243   -0.355554
 72   42.267914   -0.000092   -0.000015    0.005598    0.367182   -0.547547
 73   42.505959    0.000061   -0.000031    0.014323    0.044806   -0.076726
 74   42.233135    0.000000   -0.000015   -0.127052   -0.209725    0.396405
 75   42.352173    0.000000    0.000015   -0.147505   -0.311323    0.503042
 76   42.391785    0.000000   -0.000023   -0.031348   -0.187246    0.249222
 77   42.497589    0.000027    0.000012   -0.002961   -0.092465    0.119063
 78   42.272705    0.000008    0.000010    0.002196   -0.017599    0.022666
 79   29.239311 -106.786346    1.740903   -0.003571    0.032013   -1.706951
 80   42.375061    0.000015   -0.000005   -0.006047   -0.028663    0.189288
 81   42.546005    0.000008    0.000003    0.001034   -0.008732   -0.377675
 82   42.234558    0.000015   -0.000008   -0.002484   -0.009138   -0.340819
 83   42.465027    0.000000   -0.000004   -0.008201   -0.010945   -0.483919
 84   42.458099    0.000000   -0.000002   -0.008659   -0.003904   -0.314469
 85   42.267868    0.000031   -0.000007    0.001303    0.000142    0.042237
 86   42.505951    0.000031    0.000012    0.012604    0.001952    0.434141
 87   42.233063    0.000031   -0.000013    0.011584    0.008281    0.514885
 88   42.352264    0.000061    0.000002    0.003274    0.008021    0.310851
 89   42.391876   -0.000005   -0.000010    0.000234    0.005180    0.184459
 90   42.497528    0.000015   -0.000017   -0.000218    0.001406    0.050195
 91   42.272491   -0.000008    0.000022   -0.000001   -0.000001   -0.000000
time 5
  0    0.000000    0.000000    0.000000    0.000000   -0.000000    0.000000
  1    0.000000    0.000000    0.000000    0.000000   -0.000000    0.000000
  2   43.099995    0.000000  160.779633   -1.563605   -1.307091    3.134149
  3   50.309219   -0.435471    0.000004   -0.146844   -0.046706    0.074546
  4   30.891541   -0.000015    0.000000   -0.141379   -0.023159    0.045232
  5   34.635590    0.000000    0.000000   -0.133218   -0.065648    0.055396
  6   30.584274    0.000023    0.000000   -0.109702   -0.280944    0.040359
  7   31.520218    0.000000    0.000000   -0.061359   -0.331331    0.002788
  8   34.241196  -28.000023  -41.877991    0.914588   -0.692484   -0.081108
  9   34.241119   23.441803  -41.878082   -0.850561   -0.684715   -0.422887
 10   35.246704  -52.543083    1.319122   -0.110642   -0.513079    0.028653
 11   35.246552   52.726315    1.318924    0.162273   -0.500303   -0.522818
 12   34.830002  -24.891914   45.588623   -1.005812   -0.344246   -0.114516
 13   34.885773   27.636597   43.767822    1.059849   -0.338402   -0.369241
 14   29.239334  -51.573349   94.292931   -0.434992   -2.144844   -0.503092
 15   42.375099   -0.000023    0.000000    0.187897    0.874431   -0.065083
 16   42.546082    0.000050    0.000000   -0.047840    0.166198   -0.079792
 17   42.234482    0.000015    0.000000    0.027357   -0.451690   -0.204096
 18   42.464966    0.000023    0.000000   -0.023184   -0.348953   -0.166115
 19   42.458115   -0.000061    0.000000   -0.036952   -0.139425   -0.079255
 20   42.267937    0.000031   -0.000061   -0.047577   -0.260922   -0.166980
 21   42.505898   -0.000046    0.000000   -0.050216   -0.377382   -0.290578
 22   42.233173    0.000031   -0.000031    0.265816    0.472547    0.474219
 23   42.352188    0.000076    0.000000    0.194449    0.532077    0.395859
 24   42.391724    0.000015   -0.000008    0.012097    0.168689    0.091897
 25   42.497467    0.000039   -0.000010    0.001341    0.090584    0.048458
 26   42.272797    0.000070   -0.000019   -0.001411    0.042279    0.022608
 27   29.239380   55.382614   92.214973    0.491806   -0.681538    1.389644
 28   42.375072    0.000031    0.000000    0.067535   -0.166861   -0.051052
 29   42.546066   -0.000015    0.000046    0.055794   -0.211894   -0.080870
 30   42.234482    0.000046    0.000015    0.023729   -0.207563   -0.086369
 31   42.465027   -0.000076    0.000019    0.052207    0.113946    0.204122
 32   42.458038   -0.000008    0.000031    0.144580    0.414722    0.567775
 33   42.267899   -0.000015   -0.000046    0.001601    0.232209    0.312668
 34   42.506012    0.000122   -0.000015   -0.039090    0.239822    0.349106
 35   42.233093    0.000000    0.000015   -0.062671    0.179809    0.308901
 36   42.352264   -0.000092    0.000000    0.045801   -0.074557   -0.156301
 37   42.391724    0.000061    0.000031    0.321404   -0.364610   -0.803345
 38   42.497681    0.000092   -0.000015    0.081792   -0.262515   -0.359192
 39   42.272614    0.000160    0.000008    0.011608   -0.120146   -0.147849
 40   29.239304  106.746628    1.740837   -0.000005   -0.001305    1.110711
 41   42.375061   -0.000031   -0.000004   -0.000053   -0.000029   -0.041052
 42   42.546127    0.000000   -0.000000   -0.000078   -0.000038   -0.058519
 43   42.234436    0.000000   -0.000003   -0.000188   -0.000112   -0.137667
 44   42.465088    0.000008   -0.000007   -0.000468   -0.000225   -0.323840
 45   42.458069   -0.000015   -0.000004    0.000790    0.000517    0.510189
 46   42.267914   -0.000031    0.000002    0.000405    0.000722    0.471037
 47   42.505905    0.000000    0.000004    0.000036    0.000983    0.533200
 48   42.233124    0.000031   -0.000011   -0.000613    0.001126    0.723377
 49   42.352234   -0.000031    0.000002   -0.000376    0.000136    0.207526
 50   42.391647    0.000031   -0.000004   -0.000020    0.000003    0.010201
 51   42.497620    0.000000   -0.000011    0.000230   -0.000030   -0.119833
 52   42.272701    0.000000   -0.000002    0.001135   -0.000291   -0.649795
 53   29.239334   50.706909  -91.389069   -0.548356    0.532637    1.811430
 54   42.375088   -0.000008   -0.000031   -0.124902    0.200812   -0.048826
 55   42.546082    0.000027    0.000015   -0.117519    0.340742   -0.051701
 56   42.234528   -0.000019    0.000000   -0.042152    0.499127   -0.050410
 57   42.464996    0.000031   -0.000015   -0.045504   -0.125238    0.118396
 58   42.458038    0.000031   -0.000008   -0.155968   -0.637934    0.330668
 59   42.268021   -0.000076    0.000000   -0.003334   -0.349173    0.172507
 60   42.505928    0.000107   -0.000031    0.035862   -0.382212    0.205420
 61   42.233192   -0.000046   -0.000031    0.038160   -0.145576    0.088981
 62   42.352249    0.000000    0.000000   -0.101775    0.293803   -0.203120
 63   42.391739    0.000031    0.000031   -0.165828    0.508104   -0.321790
 64   42.497589    0.000015    0.000031   -0.034402    0.288501   -0.138275
 65   42.272675   -0.000008    0.000008   -0.004640    0.154096   -0.069517
 66   29.239334  -56.044861  -91.389038    0.671515    2.124062   -0.683570
 67   42.375092    0.000015    0.000000   -0.196338   -0.764452    0.136128
 68   42.546112   -0.000023    0.000015    0.043155   -0.213191    0.007671
 69   42.234497    0.000008   -0.000008    0.021702    0.054753   -0.085717
 70   42.465027   -0.000031    0.000023    0.004984    0.172144   -0.177189
 71   42.458130    0.000000    0.000000    0.022503    0.201667   -0.283212
 72   42.267929   -0.000061   -0.000031    0.032353    0.325912   -0.542536
 73   42.505981    0.000092    0.000000    0.045366    0.112836   -0.233199
 74   42.233173    0.000031    0.000000   -0.059535   -0.076555    0.184414
 75   42.352203   -0.000031    0.000046   -0.222455   -0.280792    0.641932
 76   42.391785   -0.000031   -0.000015   -0.073602   -0.223728    0.356848
 77   42.497498   -0.000034   -0.000015   -0.015659   -0.134973    0.195365
 78   42.272675   -0.000015    0.000010    0.001419   -0.045838    0.065224
 79   29.239334 -106.786224    1.740904    0.000005    0.000026   -2.441408
 80   42.375076   -0.000031   -0.000004   -0.000017    0.000215    0.789638
 81   42.546036    0.000000    0.000006    0.000083    0.000635   -0.370071
 82   42.234497   -0.000031   -0.000006    0.000262    0.000527   -0.312579
 83   42.465057    0.000000   -0.000003    0.000512    0.000535   -0.392173
 84   42.458076    0.000031   -0.000002    0.000592    0.000260   -0.340090
 85   42.267914    0.000000   -0.000006    0.000022    0.000002   -0.011288
 86   42.505920    0.000061    0.000015   -0.000553   -0.000036    0.289728
 87   42.233047    0.000000   -0.000011   -0.000972   -0.000358    0.564467
 88   42.352325    0.000000    0.000002   -0.000413   -0.000541    0.358958
 89   42.391815   -0.000021   -0.000006   -0.000128   -0.000426    0.231762
 90   42.497559   -0.000023   -0.000023   -0.000011   -0.000182    0.094886
 91   42.272461    0.000000    0.000023   -0.000000    0.000003   -0.001720
time 6
  0    0.000000    0.000000    0.000000    0.000000   -0.000000    0.000000
  1    0.000000    0.000000    0.000000    0.000000   -0.000000    0.000000
  2   32.273602    0.000000  195.437881   -1.567721   -1.338379    3.138576
  3   50.309219   -0.435478    0.000004   -0.146331   -0.046712    0.074028
  4   30.891525    0.000000    0.000002   -0.140869   -0.023161    0.044781
  5   34.635590    0.000008    0.000004   -0.132687   -0.047414    0.055025
  6   30.584290    0.000023    0.000008   -0.109211   -0.257304    0.040254
  7   31.520233   -0.000008    0.000000   -0.061019   -0.307028    0.004532
  8   34.241180  -28.000031  -41.878021    0.915406   -0.708765   -0.074644
  9   34.241119   23.441814  -41.878143   -0.839112   -0.692515   -0.419241
 10   35.246704  -52.543106    1.319122   -0.110347   -0.513073    0.037351
 11   35.246552   52.726341    1.318909    0.174250   -0.500270   -0.507759
 12   34.830017  -24.891922   45.588608   -1.005290   -0.344155   -0.107083
 13   34.885773   27.636620   43.767838    1.067534   -0.337936   -0.364566
 14   29.239334  -51.573349   94.292984   -0.895445   -2.331390   -0.049541
 15   42.375084    0.000000   -0.000015    0.063838    0.533124    0.043221
 16   42.546112    0.000038    0.000000   -0.030402    0.354514    0.025008
 17   42.234528    0.000046    0.000000   -0.006905   -0.205391   -0.094715
 18   42.465027   -0.000015    0.000000   -0.006382   -0.390497   -0.156372
 19   42.458122   -0.000076    0.000031   -0.036640   -0.164925   -0.088144
 20   42.267967   -0.000031    0.000031   -0.038308   -0.215581   -0.169787
 21   42.505859   -0.000031    0.000000   -0.030243   -0.306253   -0.263365
 22   42.233158   -0.000061   -0.000031    0.224091    0.490950    0.460550
 23   42.352325    0.000015    0.000000    0.108419    0.432182    0.315296
 24   42.391693   -0.000031    0.000000    0.004492    0.148691    0.091228
 25   42.497589    0.000019    0.000011   -0.001289    0.083371    0.051109
 26   42.272827    0.000044   -0.000025   -0.002413    0.036017    0.022200
 27   29.239365   55.382626   92.214966    0.592990   -0.764051    1.311511
 28   42.375061    0.000015    0.000000    0.039317   -0.121515    0.026284
 29   42.546112    0.000000    0.000000    0.035312   -0.157832   -0.003248
 30   42.234482    0.000061   -0.000008    0.018218   -0.153315   -0.010103
 31   42.465088   -0.000015    0.000008    0.083492    0.129790    0.301024
 32   42.458099   -0.000015    0.000000    0.156357    0.266785    0.488595
 33   42.267899   -0.000031    0.000000    0.062376    0.198672    0.264759
 34   42.506058    0.000092    0.000000    0.038624    0.297312    0.321131
 35   42.233116    0.000031    0.000031   -0.020468    0.164753    0.186691
 36   42.352295   -0.000092    0.000061    0.034839   -0.112807   -0.173613
 37   42.391781    0.000092    0.000046    0.200421   -0.432055   -0.682380
 38   42.497681    0.000046    0.000015    0.030831   -0.276804   -0.370013
 39   42.272705    0.000175   -0.000015   -0.008394   -0.135939   -0.183112
 40   29.239365  106.746689    1.740838   -0.000142   -0.000234    1.101138
 41   42.375084    0.000015    0.000000   -0.000002   -0.000006   -0.019008
 42   42.546143    0.000015    0.000000   -0.000006   -0.000008   -0.027209
 43   42.234467    0.000031   -0.000002   -0.000022   -0.000034   -0.086901
 44   42.465088    0.000015   -0.000005   -0.000057   -0.000066   -0.182599
 45   42.458130   -0.000008   -0.000004    0.000197    0.000259    0.613956
 46   42.267914    0.000000    0.000002   -0.000021    0.000227    0.414956
 47   42.505890   -0.000031    0.000006   -0.000148    0.000220    0.455523
 48   42.233185   -0.000031   -0.000012   -0.000300    0.000154    0.531338
 49   42.352295    0.000031    0.000002   -0.000083   -0.000005    0.117204
 50   42.391708   -0.000061   -0.000004    0.000077    0.000013   -0.109565
 51   42.497650    0.000000   -0.000011    0.000267    0.000018   -0.407209
 52   42.272743    0.000000    0.000002    0.000295   -0.000117   -0.546055
 53   29.239349   50.706917  -91.389114   -0.674364    0.544320    1.663810
 54   42.375095    0.000000    0.000000   -0.081241    0.145424    0.017012
 55   42.546089    0.000015    0.000015   -0.067645    0.219323    0.035282
 56   42.234528   -0.000061    0.000015   -0.029642    0.407121    0.035105
 57   42.465027    0.000069    0.000015   -0.048422   -0.107100    0.166694
 58   42.458069    0.000023    0.000031   -0.152597   -0.520686    0.308943
 59   42.267944   -0.000061   -0.000031   -0.031091   -0.276287    0.159802
 60   42.505905    0.000092    0.000000    0.000953   -0.325902    0.161345
 61   42.233177   -0.000046   -0.000061    0.028003   -0.207664    0.110974
 62   42.352257    0.000000   -0.000061   -0.025674    0.168751   -0.061386
 63   42.391731    0.000046    0.000031   -0.066784    0.523647   -0.220017
 64   42.497589    0.000046    0.000000    0.030779    0.440410   -0.164641
 65   42.272736    0.000015    0.000038    0.039269    0.183340   -0.079001
 66   29.239319  -56.044907  -91.389038    0.632093    2.130849   -0.678616
 67   42.375114    0.000031   -0.000031   -0.139706   -0.695700    0.051238
 68   42.546158   -0.000015    0.000031    0.037560   -0.254471    0.008551
 69   42.234482    0.000031    0.000008    0.026926    0.012969   -0.066596
 70   42.465027    0.000000    0.000015    0.002502    0.168698   -0.186498
 71   42.458130    0.000076    0.000000    0.018001    0.150324   -0.221340
 72   42.267914   -0.000031    0.000000    0.009024    0.237397   -0.411804
 73   42.505981    0.000153    0.000015    0.016963    0.207370   -0.398844
 74   42.233147   -0.000031    0.000015   -0.007871   -0.008073    0.002001
 75   42.352200    0.000000    0.000046   -0.103909   -0.223323    0.432785
 76   42.391846   -0.000031    0.000000   -0.091830   -0.278696    0.480670
 77   42.497528    0.000031    0.000031   -0.016762   -0.171619    0.266887
 78   42.272675   -0.000038    0.000027    0.003761   -0.081058    0.125657
 79   29.239304 -106.786301    1.740904    0.000142   -0.000568   -2.691684
 80   42.375114    0.000000   -0.000004    0.000546    0.000535    1.011998
 81   42.546021    0.000000    0.000008    0.000029    0.000087   -0.233138
 82   42.234482    0.000015   -0.000008    0.000076    0.000053   -0.309858
 83   42.465134    0.000000   -0.000003    0.000093    0.000120   -0.280727
 84   42.458046    0.000000   -0.000002    0.000173    0.000150   -0.362583
 85   42.267960   -0.000031   -0.000004    0.000109    0.000032   -0.170649
 86   42.506027    0.000031    0.000011   -0.000059   -0.000007    0.088662
 87   42.233124   -0.000031   -0.000008   -0.000265   -0.000055    0.438569
 88   42.352295    0.000031   -0.000000   -0.000184   -0.000157    0.421884
 89   42.391876   -0.000015   -0.000004   -0.000059   -0.000155    0.294962
 90   42.497681   -0.000007   -0.000023   -0.000001   -0.000093    0.165981
 91   42.272491   -0.000023    0.000023    0.000004   -0.000020    0.034895
time 7
  0    0.000000    0.000000    0.000000    0.000000   -0.000000    0.000000
  1    0.000000    0.000000    0.000000    0.000000   -0.000000    0.000000
  2    6.456802    0.000000  231.229889    1.570434   -1.769653    0.000679
  3   50.309219   -0.435482    0.000004   -0.144837   -0.046758    0.072551
  4   30.891541   -0.000008    0.000002   -0.139382   -0.023176    0.043494
  5   34.635590    0.000015    0.000004   -0.131143   -0.028736    0.053966
  6   30.584259    0.000023    0.000004   -0.107793   -0.232725    0.039954
  7   31.520203   -0.000008    0.000000   -0.060051   -0.283253    0.006411
  8   34.241180  -28.000023  -41.877991    0.917728   -0.722340   -0.056771
  9   34.241089   23.441803  -41.878082   -0.828597   -0.699019   -0.409160
 10   35.246704  -52.543083    1.319122   -0.109455   -0.513028    0.061398
 11   35.246521   52.726318    1.318909    0.184448   -0.500043   -0.490115
 12   34.829987  -24.891930   45.588593   -1.003801   -0.343643   -0.086534
 13   34.885742   27.636585   43.767822    1.074735   -0.336378   -0.351640
 14   29.239273  -51.573345   94.292915   -1.282652   -2.504372    0.528179
 15   42.375046    0.000000    0.000000   -0.082455    0.112467    0.055783
 16   42.546043    0.000015    0.000000   -0.052036    0.142277    0.077885
 17   42.234436    0.000000    0.000015   -0.036726    0.146334    0.086717
 18   42.464996    0.000061   -0.000015   -0.005817   -0.125877   -0.022604
 19   42.458038   -0.000076    0.000000   -0.020887   -0.381657   -0.080328
 20   42.267929    0.000031    0.000000   -0.031686   -0.153540   -0.135760
 21   42.505905    0.000015    0.000000   -0.011909   -0.146125   -0.246986
 22   42.233139    0.000000    0.000000    0.064156    0.333195    0.244749
 23   42.352264   -0.000031    0.000000    0.037199    0.332063    0.259616
 24   42.391693   -0.000031    0.000046   -0.006533    0.123952    0.088766
 25   42.497437    0.000031    0.000000   -0.006135    0.074158    0.054250
 26   42.272736    0.000034   -0.000034   -0.004381    0.033479    0.024868
 27   29.239304   55.382618   92.214958    0.803859   -0.985995    1.098233
 28   42.375092    0.000015    0.000015    0.040116   -0.044246    0.111667
 29   42.546082    0.000000    0.000015    0.034346   -0.065108    0.065768
 30   42.234482    0.000076    0.000000    0.037543   -0.027669    0.096990
 31   42.464981   -0.000031    0.000000    0.141990    0.147816    0.365564
 32   42.458084    0.000061   -0.000015    0.145174    0.166581    0.329751
 33   42.267929    0.000000    0.000031    0.088976    0.175940    0.195734
 34   42.506012    0.000092    0.000031    0.080456    0.300616    0.252433
 35   42.233116   -0.000061    0.000000    0.001127    0.154698    0.124963
 36   42.352242   -0.000061    0.000000    0.004739   -0.110466   -0.091299
 37   42.391701    0.000061   -0.000031    0.031736   -0.450968   -0.408784
 38   42.497604    0.000107   -0.000031   -0.069255   -0.411581   -0.419724
 39   42.272552    0.000183    0.000000   -0.067710   -0.148528   -0.193346
 40   29.239304  106.746620    1.740837   -0.000310    0.000650    0.987886
 41   42.375061   -0.000015    0.000000   -0.000012   -0.000045    0.025700
 42   42.546112    0.000076    0.000000   -0.000022   -0.000066    0.037715
 43   42.234497    0.000031   -0.000002   -0.000006   -0.000136    0.011189
 44   42.465057    0.000000   -0.000008   -0.000105   -0.000217    0.230889
 45   42.458099   -0.000031   -0.000004   -0.000197   -0.000140    0.582848
 46   42.267914    0.000000    0.000003   -0.000080   -0.000142    0.274997
 47   42.505905    0.000000    0.000005   -0.000051   -0.000138    0.237294
 48   42.233139   -0.000031   -0.000011   -0.000035   -0.000149    0.244323
 49   42.352264    0.000061    0.000002   -0.000031   -0.000228    0.367097
 50   42.391724   -0.000031   -0.000004    0.000012   -0.000210    0.342712
 51   42.497665    0.000000   -0.000011    0.000035   -0.000126    0.221366
 52   42.272736    0.000031    0.000001    0.000022   -0.000050    0.094345
 53   29.239319   50.706894  -91.389076   -0.819456    0.624920    1.492434
 54   42.375114   -0.000023    0.000015   -0.037674    0.090064    0.088548
 55   42.546059    0.000046   -0.000015   -0.028814    0.133311    0.113007
 56   42.234573   -0.000031    0.000000   -0.008700    0.218451    0.131023
 57   42.465027    0.000092    0.000015   -0.075659   -0.186684    0.215454
 58   42.458069    0.000000    0.000015   -0.109420   -0.341682    0.230273
 59   42.267960   -0.000107    0.000000   -0.043470   -0.199100    0.132002
 60   42.505920    0.000092    0.000000   -0.022279   -0.272772    0.126699
 61   42.233154   -0.000076    0.000000    0.010054   -0.230226    0.102704
 62   42.352245    0.000031   -0.000061    0.001248    0.066129    0.054265
 63   42.391689    0.000031   -0.000031    0.056377    0.407534    0.089162
 64   42.497559    0.000046   -0.000061    0.224636    0.484307    0.156368
 65   42.272781    0.000031    0.000031    0.183522    0.233223    0.024591
 66   29.239273  -56.044857  -91.389038    0.671152    1.988901   -0.464641
 67   42.375084   -0.000015    0.000000    0.000241   -0.470936   -0.057104
 68   42.546104   -0.000015    0.000000    0.028586   -0.276743    0.017323
 69   42.234451    0.000000   -0.000015    0.030537   -0.030369   -0.055517
 70   42.465027   -0.000015    0.000015    0.000360    0.139203   -0.197509
 71   42.458115    0.000000   -0.000031    0.005710    0.142204   -0.228415
 72   42.267914   -0.000061    0.000000   -0.001217    0.122717   -0.263080
 73   42.505997    0.000031    0.000031   -0.035085    0.184121   -0.392092
 74   42.233109    0.000000   -0.000015   -0.015095    0.079966   -0.176265
 75   42.352165   -0.000061    0.000015   -0.004934   -0.129193    0.158870
 76   42.391792   -0.000061    0.000015   -0.012577   -0.285893    0.409634
 77   42.497528    0.000031    0.000046    0.022943   -0.170144    0.242890
 78   42.272705   -0.000031    0.000023    0.027554   -0.115181    0.178719
 79   29.239319 -106.786255    1.740904    0.000310   -0.001847   -2.480816
 80   42.375099    0.000031   -0.000004    0.001095    0.001566    0.601307
 81   42.546051    0.000000    0.000006    0.000009    0.000373    0.073553
 82   42.234558   -0.000031   -0.000005    0.000072   -0.000425   -0.281834
 83   42.465057   -0.000031   -0.000002   -0.000021   -0.000285   -0.206985
 84   42.458076    0.000000   -0.000002   -0.000072   -0.000045   -0.231762
 85   42.267967    0.000000   -0.000004   -0.000081   -0.000010   -0.305352
 86   42.505920    0.000000    0.000015   -0.000013   -0.000004   -0.063974
 87   42.233093    0.000000   -0.000012    0.000045    0.000009    0.192292
 88   42.352371    0.000000    0.000000    0.000104    0.000030    0.348608
 89   42.391693    0.000000   -0.000007    0.000084    0.000044    0.243229
 90   42.497589    0.000015   -0.000019    0.000072    0.000054    0.202007
 91   42.272522   -0.000031    0.000019    0.000024    0.000022    0.069402
time 8
  0    0.000000    0.000000    0.000000    0.000000   -0.000000    0.000000
  1    0.000000    0.000000    0.000000    0.000000   -0.000000    0.000000
  2  -24.356796    0.000000  265.578125    1.567574   -1.734163    0.003754
  3   50.309235   -0.435480    0.000004   -0.142428   -0.046881    0.070225
  4   30.891510   -0.000008    0.000002   -0.136986   -0.023218    0.041470
  5   34.635620    0.000011    0.000000   -0.128664   -0.009777    0.052299
  6   30.584320    0.000019   -0.000004   -0.105530   -0.207461    0.039481
  7   31.520203    0.000000    0.000015   -0.058526   -0.259994    0.008413
  8   34.241211  -28.000038  -41.878021    0.921361   -0.733454   -0.029772
  9   34.241150   23.441803  -41.878113   -0.819028   -0.704344   -0.393932
 10   35.246704  -52.543098    1.319138   -0.107962   -0.512907    0.097725
 11   35.246521   52.726318    1.318909    0.193008   -0.499427   -0.470627
 12   34.830048  -24.891930   45.588608   -1.001459   -0.342356   -0.055491
 13   34.885742   27.636589   43.767838    1.081416   -0.333485   -0.332114
 14   29.239410  -51.573364   94.292969   -1.488942   -2.610518    0.837253
 15   42.375038    0.000000    0.000000   -0.086762    0.002008    0.026535
 16   42.546036    0.000000   -0.000031   -0.052598   -0.000363    0.032363
 17   42.234489    0.000000    0.000000   -0.034481    0.000642    0.044319
 18   42.464989   -0.000031   -0.000015   -0.027893    0.013186    0.072701
 19   42.458138   -0.000046    0.000000   -0.020925   -0.028701    0.040749
 20   42.267883    0.000031    0.000015   -0.009451   -0.344125    0.002109
 21   42.505898    0.000000    0.000031   -0.006432   -0.043080   -0.138287
 22   42.233185    0.000046   -0.000031    0.003357    0.161750   -0.024835
 23   42.352280    0.000031    0.000000   -0.010709    0.209041    0.156735
 24   42.391693   -0.000046   -0.000031   -0.018129    0.109589    0.081868
 25   42.497437    0.000000    0.000031   -0.012210    0.063154    0.046817
 26   42.272888    0.000046    0.000000   -0.008677    0.038676    0.029469
 27   29.239441   55.382629   92.214951    1.332723   -1.217165    0.543438
 28   42.375061   -0.000031   -0.000008    0.112907    0.056891    0.184254
 29   42.546112    0.000031   -0.000008    0.087132    0.064440    0.123612
 30   42.234467    0.000061   -0.000031    0.084760    0.069842    0.139716
 31   42.465073   -0.000061   -0.000015    0.152813    0.124788    0.293232
 32   42.458145    0.000000   -0.000015    0.132391    0.124724    0.218986
 33   42.267899    0.000031    0.000031    0.096855    0.142147    0.149811
 34   42.506073    0.000061   -0.000031    0.097471    0.250919    0.184617
 35   42.233109    0.000000    0.000031    0.034373    0.205561    0.131132
 36   42.352234   -0.000076    0.000061    0.001143   -0.014821    0.027575
 37   42.391762    0.000031    0.000092   -0.030756   -0.279518   -0.045853
 38   42.497658    0.000061    0.000000   -0.137144   -0.414808   -0.034438
 39   42.272644    0.000122   -0.000015   -0.238339   -0.336373   -0.074915
 40   29.239410  106.746666    1.740837   -0.000493    0.001465    0.824277
 41   42.375122   -0.000015   -0.000004   -0.000154   -0.000161    0.108444
 42   42.546143   -0.000031   -0.000000   -0.000232   -0.000282    0.169472
 43   42.234497    0.000015   -0.000004   -0.000328   -0.000613    0.277602
 44   42.465088    0.000061   -0.000008   -0.000287   -0.000495    0.417357
 45   42.458069   -0.000061   -0.000003   -0.000124   -0.000351    0.366637
 46   42.267929    0.000000    0.000003   -0.000032   -0.000321    0.257748
 47   42.505875   -0.000061    0.000006    0.000019   -0.000273    0.219888
 48   42.233139    0.000000   -0.000012    0.000053   -0.000250    0.209957
 49   42.352264    0.000061    0.000002    0.000143   -0.000472    0.434674
 50   42.391693    0.000031   -0.000004    0.000232   -0.000356    0.418874
 51   42.497681   -0.000031   -0.000010    0.000176   -0.000139    0.248919
 52   42.272797    0.000015    0.000000    0.000084   -0.000042    0.113224
 53   29.239380   50.706909  -91.389069   -0.971184    0.739387    1.293296
 54   42.375107    0.000000   -0.000015   -0.016890    0.009042    0.165487
 55   42.546051    0.000031   -0.000015   -0.021461    0.029310    0.183298
 56   42.234497   -0.000046    0.000000   -0.027375    0.033143    0.182250
 57   42.465027    0.000092    0.000015   -0.073159   -0.170527    0.199754
 58   42.458076    0.000000    0.000000   -0.081742   -0.198291    0.178198
 59   42.267990   -0.000122    0.000000   -0.050143   -0.142571    0.116171
 60   42.505905    0.000122   -0.000031   -0.038993   -0.214415    0.109834
 61   42.233154   -0.000046   -0.000061   -0.011889   -0.259035    0.089768
 62   42.352310   -0.000031    0.000000   -0.003910   -0.034555    0.116213
 63   42.391739    0.000076    0.000000    0.015553    0.195233    0.264053
 64   42.497623    0.000000   -0.000031   -0.043790    0.171386    0.362019
 65   42.272758   -0.000031    0.000031   -0.136452    0.097196    0.270624
 66   29.239319  -56.044861  -91.389008    0.970068    1.846484   -0.004458
 67   42.375114   -0.000015   -0.000046    0.075636   -0.251978   -0.085037
 68   42.546112   -0.000031    0.000015    0.031832   -0.226128    0.004586
 69   42.234467    0.000046   -0.000015    0.031019   -0.086346   -0.029731
 70   42.464996   -0.000046   -0.000015    0.006049    0.086912   -0.180717
 71   42.458069    0.000000   -0.000015   -0.010433    0.155489   -0.270232
 72   42.267899   -0.000061   -0.000015   -0.006685    0.078495   -0.205787
 73   42.505997    0.000061    0.000000   -0.028166    0.056721   -0.228023
 74   42.233139    0.000061   -0.000015   -0.070772    0.114137   -0.300094
 75   42.352188    0.000031    0.000000   -0.001342   -0.031065   -0.027850
 76   42.391792    0.000061    0.000000    0.051866   -0.202570    0.219447
 77   42.497498    0.000061   -0.000015    0.055119   -0.149926    0.174229
 78   42.272705    0.000000   -0.000008    0.045025   -0.096982    0.117212
 79   29.239349 -106.786263    1.740904    0.000493   -0.002592   -2.086108
 80   42.375130    0.000031   -0.000008    0.000194    0.001280    0.077121
 81   42.546059    0.000000    0.000006    0.000173    0.001420    0.127981
 82   42.234512   -0.000031   -0.000006    0.000001    0.000235   -0.049797
 83   42.465118   -0.000031   -0.000004    0.000072   -0.000907   -0.213976
 84   42.458054    0.000000   -0.000002   -0.000068   -0.000397   -0.140222
 85   42.267975    0.000031   -0.000008   -0.000141   -0.000069   -0.176488
 86   42.505905    0.000000    0.000015   -0.000166   -0.000067   -0.218551
 87   42.233109    0.000000   -0.000011   -0.000019   -0.000008   -0.024450
 88   42.352264    0.000000    0.000000    0.000125    0.000048    0.157350
 89   42.391663    0.000031   -0.000004    0.000102    0.000054    0.126673
 90   42.497620    0.000092   -0.000015    0.000076    0.000051    0.095027
 91   42.272552    0.000031    0.000019    0.000054    0.000041    0.068531
time 9
  0    0.000000    0.000000    0.000000    0.000000   -0.000000    0.000000
  1    0.000000    0.000000    0.000000    0.000000   -0.000000    0.000000
  2  -50.173603    0.000000  295.904938    1.565191   -1.697082    0.006319
  3   50.309174   -0.435474    0.000004   -0.139174   -0.047121    0.067166
  4   30.891541   -0.000008    0.000002   -0.133747   -0.023299    0.038806
  5   34.635559    0.000004   -0.000004   -0.125324    0.009299    0.050106
  6   30.584290    0.000019    0.000000   -0.102502   -0.181765    0.038859
  7   31.520172    0.000000    0.000000   -0.056520   -0.237240    0.010528
  8   34.241180  -28.000031  -41.877991    0.926111   -0.742353    0.004071
  9   34.241119   23.441788  -41.878143   -0.810416   -0.708608   -0.374842
 10   35.246704  -52.543083    1.319107   -0.105859   -0.512670    0.143261
 11   35.246552   52.726311    1.318909    0.200071   -0.498226   -0.450039
 12   34.830017  -24.891922   45.588608   -0.998379   -0.339939   -0.016578
 13   34.885712   27.636597   43.767853    1.087543   -0.329012   -0.307637
 14   29.239319  -51.573334   94.292961    1.532104   -0.486021   -2.154172
 15   42.375038    0.000015    0.000031   -0.082790   -0.016022    0.010836
 16   42.546051    0.000000    0.000000   -0.045630   -0.020579    0.011566
 17   42.234482    0.000046    0.000000   -0.024321   -0.026521    0.013358
 18   42.464973    0.000092    0.000031   -0.012142   -0.038140    0.018371
 19   42.458069   -0.000061    0.000031   -0.013860   -0.069138    0.034156
 20   42.267960    0.000031    0.000000   -0.007621   -0.059868    0.025993
 21   42.505898   -0.000015    0.000031    0.008407   -0.235236    0.030409
 22   42.233154    0.000046    0.000031    0.005521    0.240095    0.068284
 23   42.352219    0.000061    0.000000   -0.006857    0.070602    0.003931
 24   42.391785    0.000015   -0.000031   -0.016403    0.079842    0.007040
 25   42.497498    0.000092    0.000000   -0.011044    0.048026    0.004722
 26   42.272858    0.000076    0.000015   -0.008941    0.034861    0.003787
 27   29.239258   55.382629   92.214989    2.077414   -1.275834   -0.209153
 28   42.375046   -0.000061    0.000000    0.197383    0.100094    0.208201
 29   42.546097    0.000000    0.000023    0.155532    0.134066    0.147646
 30   42.234482    0.000092   -0.000015    0.117199    0.118878    0.122500
 31   42.465050   -0.000031   -0.000015    0.145209    0.112617    0.208624
 32   42.458023    0.000000   -0.000061    0.123278    0.109355    0.153913
 33   42.267883    0.000000   -0.000061    0.094184    0.112838    0.114292
 34   42.506027    0.000061    0.000000    0.102450    0.182962    0.149652
 35   42.233093   -0.000015   -0.000031    0.079104    0.249238    0.140168
 36   42.352234   -0.000092    0.000000    0.025083    0.078799    0.077714
 37   42.391685    0.000061   -0.000031    0.006995   -0.094729    0.087472
 38   42.497620    0.000031    0.000031    0.017237   -0.123486    0.154004
 39   42.272652    0.000092    0.000031    0.075504   -0.109404    0.219065
 40   29.239319  106.746628    1.740837   -0.000676    0.002107    0.711709
 41   42.375092   -0.000008    0.000000   -0.000484   -0.000310    0.228036
 42   42.546143    0.000000   -0.000000   -0.000749   -0.000729    0.380941
 43   42.234436    0.000000   -0.000002   -0.000586   -0.001035    0.425373
 44   42.465057   -0.000031   -0.000008   -0.000165   -0.000449    0.327780
 45   42.458069    0.000031   -0.000004   -0.000068   -0.000422    0.284761
 46   42.267914    0.000000    0.000002   -0.000002   -0.000509    0.304975
 47   42.505890   -0.000031    0.000007    0.000077   -0.000392    0.244419
 48   42.233139    0.000031   -0.000011    0.000111   -0.000298    0.201338
 49   42.352234   -0.000031    0.000003    0.000242   -0.000507    0.384238
 50   42.391663    0.000031   -0.000004    0.000333   -0.000402    0.409209
 51   42.497620    0.000015   -0.000011    0.000248   -0.000156    0.265710
 52   42.272675    0.000008    0.000000    0.000125   -0.000043    0.134211
 53   29.239349   50.706898  -91.389107   -1.068887    0.849977    1.140794
 54   42.375107   -0.000015   -0.000015   -0.031684   -0.066224    0.220803
 55   42.546021    0.000031    0.000000   -0.040899   -0.060547    0.210683
 56   42.234573   -0.000031    0.000000   -0.043931   -0.058683    0.173350
 57   42.465004    0.000122   -0.000031   -0.058594   -0.116118    0.181452
 58   42.458038    0.000061    0.000000   -0.069967   -0.111773    0.169478
 59   42.267960   -0.000061    0.000000   -0.053990   -0.100623    0.113974
 60   42.505936    0.000122   -0.000061   -0.051433   -0.164889    0.112493
 61   42.233154   -0.000061    0.000000   -0.038008   -0.267848    0.087533
 62   42.352310   -0.000061   -0.000031   -0.022155   -0.109163    0.128543
 63   42.391747    0.000046    0.000000   -0.028578    0.068447    0.276985
 64   42.497604    0.000061   -0.000061   -0.092664    0.046052    0.311894
 65   42.272758   -0.000031   -0.000031   -0.161000   -0.012093    0.250208
 66   29.239349  -56.044872  -91.389038    1.492605    1.784453    0.634712
 67   42.375069    0.000015   -0.000015    0.105528   -0.117896   -0.090555
 68   42.546127   -0.000031    0.000000    0.049197   -0.131025   -0.037716
 69   42.234482    0.000000   -0.000031    0.028184   -0.108790   -0.013579
 70   42.465027   -0.000061    0.000000    0.014679    0.036502   -0.148649
 71   42.458115    0.000061    0.000000   -0.013587    0.138473   -0.277322
 72   42.267975   -0.000092    0.000000   -0.011748    0.070916   -0.191732
 73   42.505966    0.000122    0.000015   -0.020559    0.010510   -0.153883
 74   42.233093    0.000000    0.000000   -0.057669    0.024312   -0.225353
 75   42.352188    0.000031   -0.000015   -0.045985    0.020619   -0.154858
 76   42.391830    0.000092   -0.000046    0.039588   -0.096364    0.056774
 77   42.497566    0.000000    0.000000    0.066072   -0.120637    0.123709
 78   42.272644    0.000122    0.000015    0.034872   -0.063780    0.049516
 79   29.239319 -106.786293    1.740904    0.000676   -0.002774   -1.861271
 80   42.375092    0.000000   -0.000008   -0.000084    0.000663   -0.026825
 81   42.546028    0.000061    0.000000   -0.000062    0.000855   -0.028383
 82   42.234512    0.000031   -0.000006   -0.000019    0.001481   -0.015109
 83   42.465073    0.000000   -0.000001    0.000033   -0.000135   -0.107480
 84   42.458046    0.000031   -0.000002    0.000032   -0.001134   -0.127380
 85   42.267883   -0.000031   -0.000004   -0.000080   -0.000374   -0.099119
 86   42.505981    0.000031    0.000015   -0.000134   -0.000013   -0.121320
 87   42.233047    0.000061   -0.000012   -0.000134   -0.000057   -0.130552
 88   42.352295    0.000061   -0.000000   -0.000039   -0.000022   -0.037720
 89   42.391678    0.000061   -0.000008    0.000021    0.000011    0.020422
 90   42.497498    0.000031   -0.000019   -0.000006   -0.000002   -0.006053
 91   42.272568    0.000000    0.000019   -0.000007   -0.000004   -0.006851
time 10
  0    0.000000    0.000000    0.000000    0.000000   -0.000000    0.000000
  1    0.000000    0.000000    0.000000    0.000000   -0.000000    0.000000
  2  -61.000000    0.000000  319.632813    1.563178   -1.658751    0.008483
  3   50.309235   -0.435486    0.000004   -0.135141   -0.047517    0.063485
  4   30.891541   -0.000011    0.000000   -0.129733   -0.023432    0.035602
  5   34.635590    0.000000   -0.000002   -0.121198    0.028330    0.047468
  6   30.584290    0.000023   -0.000002   -0.098793   -0.155890    0.038111
  7   31.520172    0.000000   -0.000008   -0.054107   -0.214979    0.012745
  8   34.241211  -28.000019  -41.877991    0.931783   -0.749284    0.042478
  9   34.241119   23.441795  -41.878113   -0.802774   -0.711928   -0.353179
 10   35.246735  -52.543076    1.319138   -0.103139   -0.512280    0.194937
 11   35.246582   52.726303    1.318909    0.205776   -0.496247   -0.429093
 12   34.830048  -24.891926   45.588608   -0.994674   -0.336035    0.027581
 13   34.885803   27.636589   43.767822    1.093081   -0.322718   -0.279861
 14   29.239319  -51.573376   94.292999    1.457780   -0.475104   -2.083688
 15   42.375092    0.000061   -0.000031   -0.082559   -0.022097    0.004812
 16   42.546097    0.000031    0.000061   -0.042624   -0.027012    0.003582
 17   42.234474    0.000046    0.000031   -0.019606   -0.033544    0.003003
 18   42.465027    0.000015   -0.000031   -0.006265   -0.042992    0.003007
 19   42.458069   -0.000061    0.000000   -0.001779   -0.084871    0.005409
 20   42.267960    0.000061    0.000031    0.004637   -0.101340    0.006310
 21   42.505875    0.000015    0.000031    0.007461   -0.057653    0.003869
 22   42.233139   -0.000015    0.000000   -0.011410    0.081116    0.161243
 23   42.352234    0.000092    0.000000   -0.008856    0.052822    0.087455
 24   42.391724    0.000031    0.000031   -0.009450    0.083446   -0.067086
 25   42.497406    0.000107    0.000031   -0.007547    0.081595   -0.064698
 26   42.272797    0.000107   -0.000015   -0.005028    0.051593   -0.040425
 27   29.239319   55.382603   92.214981    2.347622   -1.372261   -0.381194
 28   42.375076    0.000061   -0.000015    0.182250    0.073278    0.179404
 29   42.546082    0.000031    0.000038    0.145312    0.090164    0.126657
 30   42.234451    0.000061    0.000000    0.119746    0.090667    0.106801
 31   42.465065   -0.000031    0.000000    0.151165    0.118745    0.162086
 32   42.458084    0.000000    0.000000    0.113827    0.109704    0.100437
 33   42.267914   -0.000031   -0.000031    0.092114    0.101102    0.090348
 34   42.506073    0.000092   -0.000031    0.116752    0.162745    0.147251
 35   42.233109   -0.000015    0.000061    0.112426    0.255388    0.147804
 36   42.352264   -0.000061    0.000000    0.049105    0.124637    0.091860
 37   42.391747    0.000061    0.000031    0.034617   -0.007012    0.117878
 38   42.497650    0.000015    0.000061    0.056220   -0.012080    0.169046
 39   42.272655    0.000092    0.000061    0.106573    0.045080    0.195375
 40   29.239349  106.746643    1.740838   -0.000849    0.002598    0.831150
 41   42.375092    0.000000    0.000000   -0.000898   -0.000599    0.338233
 42   42.546112   -0.000031   -0.000004   -0.000964   -0.001219    0.431382
 43   42.234451    0.000000   -0.000002   -0.000384   -0.000925    0.325556
 44   42.465179    0.000031   -0.000008   -0.000141   -0.000394    0.299697
 45   42.458069   -0.000061   -0.000004   -0.000082   -0.000501    0.271232
 46   42.267944    0.000031    0.000003   -0.000018   -0.000666    0.349493
 47   42.505905    0.000031    0.000006    0.000088   -0.000436    0.238190
 48   42.233124    0.000000   -0.000011    0.000122   -0.000338    0.199754
 49   42.352219    0.000000    0.000001    0.000252   -0.000557    0.367501
 50   42.391632    0.000031   -0.000004    0.000333   -0.000444    0.380637
 51   42.497620   -0.000023   -0.000012    0.000262   -0.000202    0.263709
 52   42.272736   -0.000023    0.000000    0.000131   -0.000063    0.130116
 53   29.239258   50.706898  -91.389122   -0.958608    0.930138    1.233544
 54   42.375076   -0.000031   -0.000015   -0.042690   -0.074391    0.206220
 55   42.546051    0.000031   -0.000031   -0.042941   -0.069297    0.161256
 56   42.234543    0.000000   -0.000031   -0.037034   -0.059601    0.129813
 57   42.465019    0.000061    0.000000   -0.048413   -0.075121    0.197771
 58   42.458099    0.000061   -0.000061   -0.068491   -0.060412    0.200416
 59   42.267990   -0.000122    0.000031   -0.059345   -0.071508    0.126465
 60   42.505890    0.000153    0.000000   -0.065749   -0.141214    0.126684
 61   42.233185   -0.000061   -0.000031   -0.070753   -0.261206    0.118010
 62   42.352249    0.000061    0.000000   -0.047950   -0.149472    0.137391
 63   42.391708    0.000046    0.000000   -0.051833    0.002634    0.239106
 64   42.497635    0.000015    0.000031   -0.085248    0.003411    0.247132
 65   42.272766    0.000023    0.000031   -0.107480   -0.041457    0.175855
 66   29.239319  -56.044861  -91.389053   -1.213893    1.384959   -1.984429
 67   42.375107    0.000061    0.000000    0.124059   -0.037364   -0.124836
 68   42.546097    0.000061    0.000031    0.064645   -0.057297   -0.092497
 69   42.234497    0.000031   -0.000046    0.033313   -0.067824   -0.055358
 70   42.465012   -0.000061    0.000000    0.018633    0.013474   -0.126584
 71   42.458130    0.000031    0.000015    0.001481    0.081618   -0.210873
 72   42.267853   -0.000031    0.000000   -0.008824    0.051613   -0.164295
 73   42.505936    0.000061    0.000000   -0.019046    0.002545   -0.133360
 74   42.233154    0.000061   -0.000046   -0.041114   -0.012348   -0.166514
 75   42.352203    0.000031   -0.000015   -0.056919    0.014137   -0.176602
 76   42.391846   -0.000031    0.000000    0.012130   -0.056720   -0.022185
 77   42.497566    0.000061    0.000015    0.052795   -0.092088    0.065964
 78   42.272659   -0.000031    0.000000    0.024749   -0.051158    0.016767
 79   29.239288 -106.786270    1.740905    0.000849   -0.002941   -1.755996
 80   42.375137    0.000031    0.000000   -0.000139    0.000470   -0.043467
 81   42.546062   -0.000031    0.000004   -0.000138    0.000608   -0.055606
 82   42.234512   -0.000031   -0.000006   -0.000129    0.001280   -0.073729
 83   42.465118    0.000000   -0.000003   -0.000042    0.000888   -0.110067
 84   42.458099   -0.000031   -0.000002    0.000060   -0.001188   -0.099970
 85   42.267944    0.000031   -0.000008   -0.000041   -0.000688   -0.080376
 86   42.505936   -0.000061    0.000011   -0.000092   -0.000134   -0.080583
 87   42.233002    0.000000   -0.000008   -0.000116    0.000039   -0.096706
 88   42.352219   -0.000122    0.000004   -0.000092   -0.000062   -0.085690
 89   42.391769   -0.000061   -0.000007   -0.000048   -0.000028   -0.044416
 90   42.497543   -0.000031   -0.000023   -0.000037   -0.000019   -0.034695
 91   42.272537   -0.000031    0.000015   -0.000033   -0.000018   -0.031558
time 11
  0    0.000000    0.000000    0.000000    0.000000   -0.000000    0.000000
  1    0.000000    0.000000    0.000000    0.000000   -0.000000    0.000000
  2  -59.301800    0.000000  338.218750    1.561438   -1.619512    0.010353
  3   50.309235   -0.435482    0.000004   -0.130396   -0.048107    0.059296
  4   30.891571   -0.000011   -0.000002   -0.125011   -0.023632    0.031955
  5   34.635620    0.000011    0.000000   -0.116363    0.047150    0.044465
  6   30.584259    0.000023    0.000002   -0.094483   -0.130090    0.037259
  7   31.520203   -0.000004    0.000008   -0.051361   -0.193199    0.015054
  8   34.241180  -28.000031  -41.878006    0.938185   -0.754493    0.083166
  9   34.241119   23.441803  -41.878113   -0.796113   -0.714423   -0.330229
 10   35.246674  -52.543098    1.319153   -0.099796   -0.511699    0.249683
 11   35.246490   52.726326    1.318909    0.210265   -0.493295   -0.408531
 12   34.829987  -24.891933   45.588623   -0.990461   -0.330291    0.074364
 13   34.885773   27.636574   43.767815    1.097993   -0.314359   -0.250434
 14   29.239319  -51.573364   94.292976    1.402305   -0.483616   -2.046940
 15   42.375084   -0.000046   -0.000061   -0.083276   -0.027994    0.001236
 16   42.546104   -0.000046   -0.000031   -0.040701   -0.033461   -0.001310
 17   42.234497    0.000031    0.000031   -0.016357   -0.040777   -0.003266
 18   42.464996    0.000061   -0.000031   -0.002222   -0.051186   -0.004944
 19   42.458115   -0.000061    0.000000    0.005769   -0.102059   -0.010223
 20   42.267960    0.000031   -0.000031    0.009618   -0.111008   -0.010520
 21   42.505936    0.000000   -0.000031    0.008513   -0.055195   -0.004521
 22   42.233154    0.000000    0.000000   -0.028252    0.200055    0.141555
 23   42.352280    0.000031    0.000015   -0.014724   -0.142922    0.161695
 24   42.391724   -0.000061    0.000000   -0.009585    0.097018   -0.088468
 25   42.497559    0.000061   -0.000031   -0.013646    0.154283   -0.133119
 26   42.272736    0.000031   -0.000031   -0.005910    0.096920   -0.085404
 27   29.239410   55.382603   92.214958    0.446849   -1.482761    1.678471
 28   42.375076    0.000000    0.000000    0.095709    0.001361    0.113852
 29   42.546082   -0.000031    0.000000    0.071503   -0.007947    0.078961
 30   42.234512    0.000031   -0.000015    0.078162    0.018839    0.086045
 31   42.465088   -0.000031   -0.000031    0.138906    0.112409    0.137183
 32   42.458054    0.000031    0.000000    0.089873    0.090075    0.062353
 33   42.267868    0.000000    0.000031    0.099767    0.094320    0.101238
 34   42.506027    0.000092    0.000061    0.172734    0.194394    0.207160
 35   42.233093   -0.000015    0.000031    0.144608    0.267877    0.169200
 36   42.352234   -0.000122    0.000122    0.071263    0.128046    0.120925
 37   42.391670    0.000046    0.000061    0.074146    0.037557    0.175091
 38   42.497673    0.000031    0.000031    0.105327    0.083490    0.185848
 39   42.272644    0.000126    0.000031    0.111100    0.111712    0.159469
 40   29.239349  106.746643    1.740837   -0.001004    0.002928    1.216343
 41   42.375061    0.000000   -0.000008   -0.000848   -0.001004    0.284703
 42   42.546082    0.000031   -0.000000   -0.000507   -0.001251    0.234463
 43   42.234467   -0.000092   -0.000004   -0.000279   -0.000699    0.250204
 44   42.465057    0.000061   -0.000008   -0.000208   -0.000400    0.311671
 45   42.458038    0.000000   -0.000005   -0.000142   -0.000534    0.269213
 46   42.267899   -0.000031    0.000001   -0.000103   -0.000731    0.358229
 47   42.505905    0.000061    0.000006    0.000038   -0.000462    0.226376
 48   42.233139    0.000031   -0.000012    0.000089   -0.000426    0.218964
 49   42.352234    0.000000    0.000001    0.000198   -0.000698    0.391935
 50   42.391693    0.000031   -0.000004    0.000281   -0.000521    0.356790
 51   42.497620   -0.000023   -0.000012    0.000238   -0.000273    0.246707
 52   42.272736    0.000000    0.000000    0.000104   -0.000084    0.099920
 53   29.239349   50.706875  -91.389091   -0.626146    0.905376    1.581801
 54   42.375099    0.000000   -0.000031   -0.035221   -0.002859    0.138965
 55   42.546097    0.000092    0.000000   -0.034311   -0.002574    0.081027
 56   42.234528   -0.000031    0.000000   -0.026845   -0.006059    0.074385
 57   42.465027    0.000031    0.000000   -0.036563   -0.031356    0.203642
 58   42.458054    0.000031    0.000000   -0.064241   -0.014546    0.225515
 59   42.267960   -0.000092    0.000000   -0.065118   -0.045246    0.147361
 60   42.505875    0.000122    0.000000   -0.096474   -0.141779    0.170895
 61   42.233124    0.000031   -0.000031   -0.124422   -0.265006    0.185479
 62   42.352257    0.000000   -0.000031   -0.083134   -0.158778    0.165525
 63   42.391693    0.000015    0.000000   -0.077849   -0.039325    0.211451
 64   42.497620    0.000031   -0.000061   -0.092648   -0.041953    0.193811
 65   42.272766    0.000038    0.000000   -0.090815   -0.065535    0.132115
 66   29.239288  -56.044899  -91.389061   -0.994567    1.393868   -1.707268
 67   42.375092    0.000015    0.000031    0.135715    0.014200   -0.166370
 68   42.546066    0.000000    0.000031    0.072685   -0.012144   -0.138741
 69   42.234459    0.000031    0.000000    0.037450   -0.024762   -0.103271
 70   42.464973    0.000000    0.000000    0.018627    0.005066   -0.104901
 71   42.458168    0.000061    0.000015    0.012589    0.032572   -0.131299
 72   42.267914   -0.000061    0.000000   -0.000521    0.023653   -0.118278
 73   42.506042    0.000153    0.000046   -0.016956    0.002206   -0.119458
 74   42.233215    0.000061    0.000031   -0.039104   -0.002712   -0.153253
 75   42.352097    0.000000    0.000031   -0.052786    0.018904   -0.168143
 76   42.391800    0.000031    0.000015   -0.008854   -0.036624   -0.071703
 77   42.497581    0.000000    0.000000    0.025232   -0.074863   -0.001278
 78   42.272713   -0.000061   -0.000031    0.006673   -0.044881   -0.024251
 79   29.239349 -106.786285    1.740904    0.001004   -0.003137   -1.704089
 80   42.375053   -0.000031   -0.000000   -0.000180    0.000441   -0.053240
 81   42.546032    0.000061    0.000008   -0.000183    0.000578   -0.068444
 82   42.234535    0.000031   -0.000006   -0.000190    0.001187   -0.097281
 83   42.465134    0.000031   -0.000003   -0.000083    0.001016   -0.132507
 84   42.458130    0.000061   -0.000002    0.000047   -0.001024   -0.092351
 85   42.267960    0.000000   -0.000004   -0.000032   -0.000708   -0.074551
 86   42.506012    0.000000    0.000015   -0.000081   -0.000165   -0.075397
 87   42.233078    0.000000   -0.000015   -0.000112    0.000053   -0.097041
 88   42.352325   -0.000031    0.000000   -0.000095   -0.000052   -0.095778
 89   42.391647   -0.000061   -0.000004   -0.000043   -0.000022   -0.044101
 90   42.497543   -0.000031   -0.000019   -0.000028   -0.000013   -0.029841
 91   42.272537    0.000000    0.000019   -0.000029   -0.000014   -0.030783
time 12
  0    0.000000    0.000000    0.000000    0.000000   -0.000000    0.000000
  1    0.000000    0.000000    0.000000    0.000000   -0.000000    0.000000
  2  -54.718948    0.000000  354.663757    1.559879   -1.579713    0.012048
  3   50.309174   -0.435482    0.000004   -0.125008   -0.048931    0.054712
  4   30.891510   -0.000011    0.000002   -0.119647   -0.023910    0.027964
  5   34.635590    0.000011    0.000004   -0.110895    0.065598    0.041179
  6   30.584320    0.000011    0.000000   -0.089654   -0.104619    0.036327
  7   31.520264    0.000000    0.000000   -0.048355   -0.171889    0.017445
  8   34.241272  -28.000042  -41.878036    0.945120   -0.758225    0.123854
  9   34.241150   23.441811  -41.878128   -0.790444   -0.716211   -0.307279
 10   35.246704  -52.543106    1.319138   -0.095822   -0.510887    0.304429
 11   35.246521   52.726334    1.318924    0.213678   -0.489174   -0.389095
 12   34.830078  -24.891941   45.588623   -0.985852   -0.322349    0.121147
 13   34.885803   27.636581   43.767838    1.102246   -0.303692   -0.221007
 14   29.239349  -51.573360   94.293030    1.341104   -0.500765   -2.010508
 15   42.375107   -0.000031    0.000031   -0.084650   -0.032308   -0.002518
 16   42.546089    0.000061    0.000000   -0.039438   -0.038100   -0.006239
 17   42.234497    0.000000    0.000000   -0.013900   -0.045950   -0.009412
 18   42.465027    0.000031    0.000061    0.001098   -0.057748   -0.012684
 19   42.458069    0.000031    0.000000    0.012475   -0.117649   -0.025857
 20   42.267990    0.000061    0.000000    0.010364   -0.105395   -0.021924
 21   42.505905    0.000000    0.000000    0.007377   -0.041735   -0.008235
 22   42.233185   -0.000061    0.000000   -0.036201    0.224033    0.096181
 23   42.352264    0.000122    0.000015   -0.023414   -0.251716    0.198456
 24   42.391800    0.000000   -0.000031   -0.007269    0.062353   -0.089241
 25   42.497589    0.000046   -0.000031   -0.010405    0.185283   -0.225871
 26   42.272797    0.000031   -0.000031    0.012749    0.132050   -0.169763
 27   29.239288   55.382633   92.214989   -0.028814   -1.218839    2.272623
 28   42.375069    0.000061   -0.000015    0.042812   -0.064654    0.032603
 29   42.546089    0.000031    0.000031    0.023156   -0.078663    0.014071
 30   42.234497    0.000031   -0.000015    0.022069   -0.052663    0.031921
 31   42.465012   -0.000061    0.000015    0.082069    0.060354    0.108698
 32   42.458069    0.000031    0.000031    0.048548    0.035440    0.032449
 33   42.267929    0.000000   -0.000031    0.091613    0.067558    0.124207
 34   42.506058    0.000092    0.000000    0.249125    0.216438    0.324726
 35   42.233093   -0.000061   -0.000031    0.204469    0.285228    0.236456
 36   42.352264   -0.000015    0.000000    0.125148    0.141324    0.198959
 37   42.391754    0.000092   -0.000031    0.166921    0.101547    0.274302
 38   42.497726    0.000053   -0.000031    0.155193    0.144845    0.187282
 39   42.272659    0.000145   -0.000031    0.107288    0.126991    0.116047
 40   29.239349  106.746689    1.740838   -0.001137    0.002999    1.669236
 41   42.375076   -0.000031   -0.000008   -0.000301   -0.000982    0.104123
 42   42.546135    0.000031    0.000000   -0.000060   -0.000955    0.030800
 43   42.234467   -0.000031   -0.000002   -0.000221   -0.000570    0.172495
 44   42.465042    0.000000   -0.000006   -0.000309   -0.000352    0.320687
 45   42.458084    0.000031   -0.000004   -0.000221   -0.000471    0.247819
 46   42.267883   -0.000031    0.000002   -0.000260   -0.000734    0.357592
 47   42.505905   -0.000031    0.000006   -0.000076   -0.000558    0.253251
 48   42.233109    0.000000   -0.000011    0.000000   -0.000494    0.223578
 49   42.352249    0.000031    0.000001    0.000056   -0.000814    0.384205
 50   42.391693    0.000000   -0.000004    0.000188   -0.000693    0.362044
 51   42.497620   -0.000015   -0.000011    0.000202   -0.000388    0.238700
 52   42.272675    0.000000    0.000000    0.000071   -0.000094    0.067822
 53   29.239258   50.706913  -91.389122   -0.302172    0.754946    1.907604
 54   42.375107    0.000000    0.000015   -0.045363    0.110327    0.062775
 55   42.546066    0.000092    0.000000   -0.039308    0.087378    0.019934
 56   42.234573    0.000000   -0.000046   -0.025874    0.060158    0.026240
 57   42.465027    0.000000    0.000000   -0.024629    0.018302    0.156046
 58   42.458130    0.000031    0.000000   -0.046718    0.037208    0.196119
 59   42.268066    0.000000    0.000000   -0.055345    0.000742    0.150986
 60   42.505905    0.000061    0.000000   -0.140715   -0.133938    0.249472
 61   42.233139   -0.000031    0.000000   -0.212859   -0.270781    0.291008
 62   42.352325   -0.000031    0.000000   -0.129406   -0.163612    0.198199
 63   42.391754    0.000076    0.000000   -0.124270   -0.082780    0.219069
 64   42.497589    0.000046   -0.000092   -0.131081   -0.094886    0.190520
 65   42.272812   -0.000031    0.000031   -0.103495   -0.099559    0.119565
 66   29.239349  -56.044884  -91.389091   -1.082338    1.367364   -1.770734
 67   42.375061    0.000046    0.000061    0.132216    0.032691   -0.176489
 68   42.546104    0.000000    0.000031    0.070761    0.005501   -0.151501
 69   42.234489    0.000000   -0.000015    0.035812   -0.007615   -0.119973
 70   42.465042    0.000000    0.000015    0.017045    0.002806   -0.086955
 71   42.458191   -0.000031    0.000000    0.016052    0.013894   -0.080881
 72   42.267929   -0.000031    0.000015    0.005217    0.008349   -0.076734
 73   42.505920    0.000122   -0.000015   -0.014173    0.007177   -0.102610
 74   42.233124    0.000000    0.000015   -0.038346    0.014458   -0.148533
 75   42.352234    0.000000    0.000015   -0.045151    0.026891   -0.154439
 76   42.391846    0.000000   -0.000031   -0.037735    0.004523   -0.134132
 77   42.497513    0.000061   -0.000031   -0.037755   -0.014126   -0.116959
 78   42.272705    0.000000   -0.000031   -0.050513    0.000840   -0.111756
 79   29.239197 -106.786293    1.740905    0.001137   -0.003279   -1.672588
 80   42.375088    0.000000   -0.000008   -0.000211    0.000436   -0.059952
 81   42.546062   -0.000031    0.000004   -0.000215    0.000572   -0.076745
 82   42.234467    0.000000   -0.000005   -0.000226    0.001152   -0.110102
 83   42.465073    0.000031   -0.000002   -0.000104    0.000980   -0.141780
 84   42.458130    0.000000   -0.000004    0.000034   -0.000867   -0.088414
 85   42.267914   -0.000061   -0.000007   -0.000028   -0.000604   -0.071308
 86   42.505981   -0.000031    0.000015   -0.000072   -0.000139   -0.078359
 87   42.233063    0.000000   -0.000015   -0.000101    0.000055   -0.105464
 88   42.352264    0.000000    0.000004   -0.000084   -0.000033   -0.109043
 89   42.391754    0.000061   -0.000004   -0.000049   -0.000019   -0.071164
 90   42.497528   -0.000031   -0.000015   -0.000036   -0.000011   -0.055979
 91   42.272537   -0.000031    0.000023   -0.000032   -0.000011   -0.053684
time 13
  0    0.000000    0.000000    0.000000    0.000000   -0.000000    0.000000
  1    0.000000    0.000000    0.000000    0.000000   -0.000000    0.000000
  2  -48.019001    0.000000  368.705933    1.558369   -1.539675    0.013658
  3   50.309204   -0.435482    0.000004   -0.119044   -0.050028    0.049845
  4   30.891541   -0.000008    0.000000   -0.113708   -0.024280    0.023727
  5   34.635590    0.000008    0.000000   -0.104867    0.083509    0.037691
  6   30.584290    0.000017   -0.000002   -0.084388   -0.079729    0.035338
  7   31.520264    0.000000   -0.000002   -0.045165   -0.151037    0.019906
  8   34.241211  -28.000031  -41.878021    0.952397   -0.760726    0.162261
  9   34.241089   23.441811  -41.878113   -0.785780   -0.717410   -0.285616
 10   35.246704  -52.543087    1.319153   -0.091210   -0.509807    0.356106
 11   35.246521   52.726311    1.318916    0.216155   -0.483691   -0.371529
 12   34.830017  -24.891937   45.588608   -0.980963   -0.311856    0.165306
 13   34.885803   27.636578   43.767815    1.105805   -0.290474   -0.193231
 14   29.239349  -51.573357   94.292961    1.274131   -0.525279   -1.973821
 15   42.375069    0.000000   -0.000031   -0.086392   -0.035554   -0.006560
 16   42.546051    0.000000    0.000031   -0.038562   -0.041520   -0.011445
 17   42.234459    0.000000    0.000000   -0.011950   -0.049796   -0.015837
 18   42.464981    0.000061   -0.000015    0.005147   -0.066661   -0.022127
 19   42.458054   -0.000061    0.000000    0.016526   -0.125075   -0.041124
 20   42.267929    0.000000    0.000031    0.008200   -0.090131   -0.028123
 21   42.505844    0.000000   -0.000031    0.002936   -0.013813   -0.004031
 22   42.233185    0.000061    0.000000   -0.026961    0.169327    0.058775
 23   42.352295    0.000031    0.000000   -0.015639   -0.282772    0.161173
 24   42.391708   -0.000031   -0.000031   -0.004994    0.007125   -0.075202
 25   42.497467    0.000000    0.000000    0.009174    0.146306   -0.333716
 26   42.272812    0.000061    0.000000    0.082644    0.114746   -0.309100
 27   29.239288   55.382580   92.214981   -0.052615   -0.959482    2.370438
 28   42.375076    0.000000    0.000000    0.039875   -0.101525   -0.038202
 29   42.546112    0.000000    0.000031    0.022221   -0.115930   -0.050451
 30   42.234474    0.000031   -0.000031    0.003821   -0.120442   -0.051917
 31   42.465073   -0.000092    0.000015    0.027582   -0.022262    0.069706
 32   42.458099    0.000000    0.000000    0.019183   -0.028637    0.008470
 33   42.267944   -0.000061    0.000015    0.037365    0.005677    0.075057
 34   42.506042    0.000092    0.000031    0.190193    0.138046    0.346261
 35   42.233063   -0.000031    0.000000    0.339818    0.315994    0.422145
 36   42.352234   -0.000153   -0.000061    0.210978    0.186088    0.286669
 37   42.391754    0.000031    0.000000    0.283049    0.152887    0.371731
 38   42.497681    0.000061   -0.000031    0.213604    0.185247    0.205540
 39   42.272644    0.000099    0.000000    0.111515    0.135726    0.090959
 40   29.239349  106.746643    1.740837   -0.001246    0.002923    2.088624
 41   42.375092   -0.000031   -0.000015    0.000179   -0.000523   -0.055643
 42   42.546143   -0.000061   -0.000000    0.000278   -0.000553   -0.120989
 43   42.234421    0.000000   -0.000004    0.000009   -0.000482   -0.004874
 44   42.465057    0.000061   -0.000008   -0.000410   -0.000249    0.317283
 45   42.458084    0.000000   -0.000004   -0.000297   -0.000329    0.223651
 46   42.267914   -0.000061    0.000003   -0.000403   -0.000584    0.314215
 47   42.505890    0.000031    0.000006   -0.000331   -0.000696    0.321837
 48   42.233124    0.000000   -0.000011   -0.000135   -0.000523    0.218307
 49   42.352264    0.000031    0.000001   -0.000140   -0.000815    0.332636
 50   42.391693    0.000000   -0.000003   -0.000013   -0.000937    0.384443
 51   42.497620   -0.000046   -0.000012    0.000129   -0.000591    0.256479
 52   42.272705    0.000000   -0.000000    0.000058   -0.000139    0.065762
 53   29.239319   50.706898  -91.389053   -0.043931    0.544233    2.137465
 54   42.375069    0.000000    0.000000   -0.091367    0.211780   -0.032222
 55   42.546036    0.000061    0.000015   -0.059122    0.177206   -0.034388
 56   42.234505    0.000000    0.000000   -0.031697    0.127881   -0.022049
 57   42.465012    0.000031    0.000015   -0.017279    0.061916    0.084026
 58   42.458008    0.000000    0.000000   -0.030395    0.068932    0.134868
 59   42.267899   -0.000122    0.000000   -0.022145    0.068894    0.099595
 60   42.505951    0.000122    0.000031   -0.128349   -0.067719    0.281364
 61   42.233185   -0.000031    0.000000   -0.332771   -0.251810    0.448503
 62   42.352249    0.000031   -0.000031   -0.193964   -0.180965    0.242928
 63   42.391678    0.000061   -0.000061   -0.182371   -0.114957    0.247105
 64   42.497589    0.000000   -0.000031   -0.203146   -0.141498    0.238627
 65   42.272736    0.000000    0.000000   -0.135701   -0.140680    0.129005
 66   29.239349  -56.044846  -91.389015   -1.271177    1.316101   -1.953809
 67   42.375118    0.000000   -0.000061    0.121228    0.029718   -0.168717
 68   42.546097    0.000000   -0.000031    0.064522    0.005956   -0.145175
 69   42.234459    0.000000   -0.000015    0.032114   -0.005856   -0.120514
 70   42.464996    0.000031    0.000000    0.015273    0.002874   -0.070831
 71   42.458115    0.000031    0.000000    0.017368    0.011692   -0.044001
 72   42.267899   -0.000061    0.000000    0.009231    0.002365   -0.037147
 73   42.505920    0.000061    0.000000   -0.011278    0.015625   -0.084152
 74   42.233185   -0.000061    0.000015   -0.038675    0.038162   -0.152309
 75   42.352127   -0.000061    0.000031   -0.038696    0.039008   -0.145114
 76   42.391739   -0.000061    0.000000   -0.070504    0.069469   -0.206530
 77   42.497574    0.000031    0.000000   -0.134205    0.115527   -0.274032
 78   42.272713    0.000061    0.000061   -0.124798    0.118436   -0.210525
 79   29.239288 -106.786270    1.740904    0.001246   -0.003391   -1.653699
 80   42.375107    0.000031    0.000000   -0.000237    0.000454   -0.065337
 81   42.546028    0.000031   -0.000000   -0.000237    0.000592   -0.082616
 82   42.234505    0.000031   -0.000008   -0.000243    0.001163   -0.116670
 83   42.465103    0.000031   -0.000002   -0.000103    0.000865   -0.140058
 84   42.458054   -0.000061   -0.000002    0.000024   -0.000721   -0.085688
 85   42.267883    0.000031   -0.000004   -0.000024   -0.000426   -0.070700
 86   42.505920    0.000061    0.000019   -0.000061   -0.000078   -0.088808
 87   42.233047   -0.000061   -0.000011   -0.000078    0.000066   -0.123244
 88   42.352386   -0.000031   -0.000000   -0.000051    0.000000   -0.126823
 89   42.391617    0.000000   -0.000008   -0.000030    0.000004   -0.124399
 90   42.497513    0.000000   -0.000019   -0.000011    0.000008   -0.117944
 91   42.272537    0.000000    0.000019    0.000006    0.000007   -0.109098
time 14
  0    0.000000    0.000000    0.000000    0.000000   -0.000000    0.000000
  1    0.000000    0.000000    0.000000    0.000000   -0.000000    0.000000
  2  -39.969555    0.000000  380.083435    1.556829   -1.499754    0.015311
  3   50.309174   -0.435478    0.000004   -0.112571   -0.051436    0.044809
  4   30.891541   -0.000015   -0.000002   -0.107262   -0.024755    0.019342
  5   34.635620    0.000008    0.000000   -0.098357    0.100721    0.034081
  6   30.584290    0.000017    0.000002   -0.078767   -0.055674    0.034314
  7   31.520203    0.000002    0.000002   -0.041863   -0.130632    0.022427
  8   34.241211  -28.000034  -41.878014    0.959819   -0.762244    0.196105
  9   34.241150   23.441792  -41.878090   -0.782132   -0.718137   -0.266527
 10   35.246704  -52.543087    1.319122   -0.085954   -0.508421    0.401642
 11   35.246582   52.726311    1.318924    0.217837   -0.476650   -0.356573
 12   34.830017  -24.891918   45.588593   -0.975907   -0.298455    0.204219
 13   34.885803   27.636593   43.767807    1.108633   -0.274463   -0.168755
 14   29.239227  -51.573341   94.292931    1.201036   -0.555916   -1.935962
 15   42.375061    0.000000    0.000061   -0.088187   -0.038031   -0.010983
 16   42.546112    0.000061    0.000031   -0.037862   -0.044032   -0.017057
 17   42.234467    0.000000    0.000015   -0.010351   -0.052602   -0.022734
 18   42.464966   -0.000031    0.000015    0.010268   -0.078245   -0.034897
 19   42.458099   -0.000061    0.000000    0.015916   -0.119008   -0.051991
 20   42.267929    0.000000    0.000046    0.004194   -0.068848   -0.028868
 21   42.505829    0.000031    0.000061   -0.004819    0.025946    0.009178
 22   42.233215    0.000000    0.000015   -0.001497    0.044775    0.016954
 23   42.352295   -0.000031    0.000000    0.003084   -0.244124    0.073779
 24   42.391754    0.000061    0.000031   -0.002475   -0.051324   -0.056932
 25   42.497559    0.000000   -0.000031    0.037082    0.054697   -0.421476
 26   42.272758    0.000000    0.000000    0.151719    0.021404   -0.421809
 27   29.239288   55.382599   92.214958   -0.064350   -0.753933    2.426979
 28   42.375092    0.000031   -0.000015    0.056530   -0.108869   -0.075546
 29   42.546097   -0.000031    0.000000    0.042716   -0.129768   -0.085774
 30   42.234459    0.000061    0.000031    0.028800   -0.159073   -0.123163
 31   42.465027   -0.000031    0.000000    0.011259   -0.101825    0.004606
 32   42.458069   -0.000061    0.000015    0.018269   -0.067551    0.036705
 33   42.267914   -0.000061    0.000046    0.005132   -0.059945   -0.002424
 34   42.506042    0.000061    0.000000    0.040173    0.027134    0.157070
 35   42.233032   -0.000061    0.000000    0.299899    0.223756    0.530683
 36   42.352249   -0.000061    0.000031    0.334160    0.272131    0.412628
 37   42.391754    0.000092    0.000031    0.344296    0.173621    0.430790
 38   42.497650    0.000015   -0.000031    0.368062    0.233279    0.350089
 39   42.272614    0.000076    0.000000    0.151776    0.174406    0.101559
 40   29.239258  106.746605    1.740837   -0.001332    0.002937    2.411577
 41   42.375046    0.000061   -0.000000    0.000342   -0.000123   -0.113079
 42   42.546158    0.000000   -0.000004    0.000433   -0.000186   -0.168919
 43   42.234467    0.000061   -0.000002    0.000492   -0.000306   -0.242430
 44   42.465073    0.000000   -0.000008   -0.000308   -0.000170    0.188807
 45   42.458054   -0.000061   -0.000004   -0.000443   -0.000151    0.257526
 46   42.267929   -0.000061    0.000002   -0.000399   -0.000308    0.218307
 47   42.505905    0.000000    0.000006   -0.000651   -0.000625    0.356769
 48   42.233139   -0.000031   -0.000012   -0.000393   -0.000599    0.260468
 49   42.352234    0.000000    0.000002   -0.000290   -0.000633    0.242144
 50   42.391678   -0.000061   -0.000004   -0.000326   -0.000993    0.355514
 51   42.497620    0.000000   -0.000011   -0.000094   -0.000890    0.301146
 52   42.272705   -0.000031    0.000000    0.000029   -0.000265    0.089749
 53   29.239319   50.706886  -91.389053    0.155502    0.362084    2.290581
 54   42.375107    0.000000    0.000000   -0.142366    0.239804   -0.116321
 55   42.546066    0.000092    0.000046   -0.090152    0.235872   -0.090277
 56   42.234535   -0.000092    0.000000   -0.046244    0.192594   -0.073722
 57   42.465027    0.000000    0.000031   -0.016092    0.097622    0.022834
 58   42.458130    0.000061    0.000015   -0.024144    0.074733    0.083355
 59   42.268005   -0.000092    0.000008   -0.000550    0.119265    0.021164
 60   42.505890    0.000061    0.000015   -0.049364    0.019794    0.191242
 61   42.233185   -0.000092    0.000000   -0.346008   -0.157833    0.551637
 62   42.352264   -0.000031    0.000061   -0.304911   -0.213649    0.351690
 63   42.391701   -0.000031    0.000000   -0.219593   -0.120895    0.267340
 64   42.497574    0.000031   -0.000061   -0.300719   -0.152295    0.332149
 65   42.272766    0.000000   -0.000061   -0.197321   -0.183235    0.169897
 66   29.239227  -56.044853  -91.389000   -1.422150    1.250091   -2.104842
 67   42.375092    0.000000    0.000000    0.109161    0.017432   -0.155020
 68   42.546097    0.000000    0.000031    0.057993   -0.001644   -0.132863
 69   42.234467    0.000000    0.000000    0.028565   -0.011781   -0.115051
 70   42.464996   -0.000092   -0.000015    0.014084    0.003229   -0.053348
 71   42.458084    0.000061   -0.000015    0.018778    0.015937   -0.008676
 72   42.267853   -0.000061    0.000015    0.012345    0.001183    0.003307
 73   42.505936    0.000061    0.000031   -0.008360    0.025651   -0.066035
 74   42.233139    0.000031   -0.000031   -0.038665    0.065558   -0.164479
 75   42.352234    0.000061    0.000031   -0.036458    0.058572   -0.151380
 76   42.391830    0.000031    0.000031   -0.104142    0.158047   -0.285286
 77   42.497559    0.000031   -0.000031   -0.201608    0.272149   -0.395435
 78   42.272659    0.000031    0.000031   -0.108672    0.200044   -0.214642
 79   29.239227 -106.786270    1.740904    0.001332   -0.003506   -1.640228
 80   42.375061    0.000000   -0.000000   -0.000262    0.000501   -0.070218
 81   42.546013    0.000000    0.000004   -0.000254    0.000643   -0.087071
 82   42.234535    0.000031   -0.000008   -0.000245    0.001207   -0.118539
 83   42.465118    0.000031   -0.000002   -0.000089    0.000734   -0.132415
 84   42.458008    0.000031   -0.000004    0.000019   -0.000562   -0.083750
 85   42.267929    0.000000   -0.000004   -0.000017   -0.000226   -0.072143
 86   42.505905    0.000061    0.000012   -0.000039    0.000009   -0.109095
 87   42.233002    0.000031   -0.000008   -0.000027    0.000104   -0.148432
 88   42.352325    0.000031    0.000000    0.000019    0.000060   -0.153845
 89   42.391708    0.000031   -0.000007    0.000084    0.000074   -0.202194
 90   42.497543    0.000031   -0.000019    0.000154    0.000058   -0.206074
 91   42.272499    0.000031    0.000019    0.000189    0.000021   -0.181490
time 15
  0    0.000000    0.000000    0.000000    0.000000   -0.000000    0.000000
  1    0.000000    0.000000    0.000000    0.000000   -0.000000    0.000000
  2  -31.338190    0.000000  388.534515    1.555158   -1.460288    0.017107
  3   50.309235   -0.435478    0.000004   -0.105657   -0.053194    0.039716
  4   30.891571   -0.000008    0.000000   -0.100375   -0.025349    0.014908
  5   34.635620    0.000008   -0.000002   -0.091440    0.117069    0.030431
  6   30.584320    0.000019    0.000004   -0.072873   -0.032708    0.033279
  7   31.520203   -0.000001    0.000000   -0.038524   -0.110661    0.024997
  8   34.241211  -28.000038  -41.878014    0.967194   -0.763023    0.223103
  9   34.241089   23.441803  -41.878105   -0.779512   -0.718510   -0.251298
 10   35.246704  -52.543098    1.319138   -0.080046   -0.506689    0.437969
 11   35.246460   52.726318    1.318920    0.218865   -0.467857   -0.344972
 12   34.830017  -24.891933   45.588612   -0.970800   -0.281792    0.235262
 13   34.885742   27.636593   43.767818    1.110697   -0.255415   -0.149229
 14   29.239319  -51.573357   94.293015    1.121002   -0.590918   -1.895453
 15   42.375107    0.000000   -0.000031   -0.089614   -0.040047   -0.015927
 16   42.546082    0.000061    0.000046   -0.037067   -0.045882   -0.023222
 17   42.234482    0.000031   -0.000015   -0.008931   -0.054520   -0.030233
 18   42.465012   -0.000031    0.000000    0.015039   -0.088331   -0.049974
 19   42.458099   -0.000092   -0.000015    0.011141   -0.101143   -0.055615
 20   42.267975    0.000031   -0.000015   -0.000577   -0.045108   -0.025003
 21   42.505936    0.000031   -0.000015   -0.006493    0.032991    0.013101
 22   42.233200   -0.000031   -0.000031    0.022161   -0.052465   -0.031027
 23   42.352264    0.000000   -0.000046    0.017884   -0.190572   -0.012275
 24   42.391769    0.000000   -0.000031    0.001356   -0.098910   -0.054421
 25   42.497490    0.000000   -0.000061    0.052530   -0.032199   -0.446696
 26   42.272766    0.000000   -0.000031    0.146392   -0.059916   -0.449687
 27   29.239471   55.382622   92.214981   -0.074349   -0.605567    2.467332
 28   42.375107    0.000000    0.000000    0.068190   -0.108577   -0.078944
 29   42.546082    0.000000    0.000015    0.057803   -0.140085   -0.089900
 30   42.234467    0.000061    0.000000    0.052702   -0.190338   -0.147163
 31   42.465057   -0.000031    0.000000    0.020299   -0.161293   -0.046120
 32   42.458099   -0.000092    0.000031    0.018387   -0.080869    0.060775
 33   42.267853   -0.000031    0.000046    0.001777   -0.092672   -0.018748
 34   42.506104    0.000000    0.000000    0.008089   -0.011770    0.071862
 35   42.233124   -0.000061    0.000031    0.116915    0.112248    0.329204
 36   42.352264   -0.000122    0.000031    0.398168    0.302421    0.555207
 37   42.391663    0.000092   -0.000031    0.331277    0.214758    0.412775
 38   42.497650    0.000076    0.000031    0.466914    0.237773    0.490022
 39   42.272705    0.000076   -0.000031    0.239268    0.245392    0.167952
 40   29.239410  106.746696    1.740837   -0.001393    0.003184    2.639321
 41   42.375061   -0.000031   -0.000008    0.000353    0.000055   -0.107360
 42   42.546082    0.000000   -0.000004    0.000448    0.000023   -0.149387
 43   42.234482    0.000000   -0.000002    0.000873   -0.000023   -0.338601
 44   42.465073    0.000000   -0.000008    0.000280   -0.000236   -0.131809
 45   42.458038   -0.000031   -0.000003   -0.000605    0.000102    0.307690
 46   42.267944   -0.000031    0.000002   -0.000375   -0.000097    0.161387
 47   42.505875    0.000000    0.000005   -0.000623   -0.000265    0.253669
 48   42.233139   -0.000061   -0.000011   -0.000865   -0.000558    0.346393
 49   42.352211   -0.000031    0.000002   -0.000463   -0.000503    0.209825
 50   42.391647    0.000031   -0.000004   -0.000429   -0.000615    0.219585
 51   42.497635    0.000000   -0.000011   -0.000499   -0.000954    0.304156
 52   42.272705    0.000000    0.000000   -0.000128   -0.000481    0.136412
 53   29.239380   50.706932  -91.389107    0.291166    0.268729    2.393287
 54   42.375092    0.000000    0.000015   -0.151727    0.204868   -0.150217
 55   42.546059    0.000061    0.000000   -0.111671    0.235047   -0.132275
 56   42.234520   -0.000031    0.000000   -0.069230    0.231193   -0.130278
 57   42.464996    0.000061    0.000000   -0.020441    0.128484   -0.022542
 58   42.458099    0.000031    0.000008   -0.022651    0.077176    0.063178
 59   42.268066   -0.000092    0.000053   -0.000070    0.136637   -0.002479
 60   42.505920    0.000061    0.000015   -0.006279    0.072132    0.096445
 61   42.233185   -0.000031    0.000015   -0.219952   -0.067944    0.463146
 62   42.352325    0.000031    0.000046   -0.401200   -0.220134    0.496364
 63   42.391754    0.000031    0.000031   -0.231772   -0.119617    0.287491
 64   42.497635    0.000092   -0.000061   -0.340983   -0.112663    0.396766
 65   42.272797    0.000015    0.000000   -0.281827   -0.196838    0.250666
 66   29.239349  -56.044884  -91.389061   -1.520420    1.190411   -2.201778
 67   42.375114   -0.000031   -0.000061    0.099694    0.004521   -0.147942
 68   42.546120    0.000000    0.000000    0.052833   -0.010901   -0.126171
 69   42.234467    0.000061    0.000000    0.025639   -0.018303   -0.110191
 70   42.464996    0.000000   -0.000015    0.014151    0.003765   -0.030764
 71   42.458099    0.000031    0.000000    0.021724    0.018735    0.035250
 72   42.267944   -0.000031   -0.000015    0.014506   -0.000413    0.046010
 73   42.506073    0.000061   -0.000015   -0.005362    0.034889   -0.051348
 74   42.233139    0.000031    0.000000   -0.037298    0.092983   -0.188092
 75   42.352234    0.000000    0.000031   -0.040048    0.089851   -0.183182
 76   42.391769    0.000061    0.000000   -0.127672    0.242793   -0.347350
 77   42.497513    0.000061    0.000061   -0.184749    0.343290   -0.399381
 78   42.272736    0.000076   -0.000061   -0.066634    0.196191   -0.178374
 79   29.239349 -106.786339    1.740904    0.001394   -0.003675   -1.623745
 80   42.375099    0.000061   -0.000000   -0.000294    0.000588   -0.075597
 81   42.546089    0.000031    0.000004   -0.000273    0.000746   -0.091474
 82   42.234467    0.000031   -0.000008   -0.000238    0.001278   -0.117816
 83   42.465012    0.000031   -0.000003   -0.000068    0.000641   -0.124443
 84   42.458099    0.000000   -0.000002    0.000020   -0.000388   -0.080735
 85   42.267960    0.000000   -0.000004   -0.000002   -0.000040   -0.076031
 86   42.505997    0.000061    0.000011    0.000009    0.000132   -0.142493
 87   42.233063    0.000061   -0.000015    0.000073    0.000188   -0.178540
 88   42.352325    0.000031    0.000000    0.000160    0.000160   -0.189955
 89   42.391777    0.000061   -0.000008    0.000367    0.000188   -0.281793
 90   42.497581   -0.000031   -0.000019    0.000502    0.000078   -0.276774
 91   42.272537    0.000000    0.000019    0.000452   -0.000049   -0.209037
time 16
  0    0.000000    0.000000    0.000000    0.000000   -0.000000    0.000000
  1    0.000000    0.000000    0.000000    0.000000   -0.000000    0.000000
  2  -22.892475    0.000000  393.797028    1.553248   -1.421617    0.019162
  3   50.309174   -0.435478    0.000004   -0.098369   -0.055342    0.034679
  4   30.891541   -0.000008    0.000000   -0.093114   -0.026074    0.010524
  5   34.635559    0.000015    0.000000   -0.084191    0.132390    0.026821
  6   30.584259    0.000019    0.000000   -0.066786   -0.011083    0.032255
  7   31.520142   -0.000002    0.000000   -0.035222   -0.091114    0.027607
  8   34.241150  -28.000034  -41.878002    0.974327   -0.763310    0.240976
  9   34.241150   23.441792  -41.878082   -0.777931   -0.718648   -0.241217
 10   35.246765  -52.543072    1.319129   -0.073479   -0.504574    0.462016
 11   35.246582   52.726299    1.318927    0.219378   -0.457117   -0.337467
 12   34.830078  -24.891911   45.588596   -0.965756   -0.261511    0.255811
 13   34.885742   27.636581   43.767818    1.111961   -0.233086   -0.136303
 14   29.239288  -51.573326   94.292915    1.032575   -0.627362   -1.850057
 15   42.375046    0.000000    0.000015   -0.090034   -0.042102   -0.021763
 16   42.546059    0.000092    0.000000   -0.035732   -0.047484   -0.030279
 17   42.234451    0.000061   -0.000046   -0.007143   -0.056415   -0.038920
 18   42.464951    0.000000    0.000000    0.017045   -0.090844   -0.062696
 19   42.458069   -0.000122    0.000000    0.005552   -0.079868   -0.054685
 20   42.267914    0.000031    0.000000   -0.003516   -0.027541   -0.022668
 21   42.505890   -0.000061    0.000000    0.000824   -0.000213   -0.002179
 22   42.233200   -0.000092   -0.000031    0.030489   -0.073886   -0.062400
 23   42.352310    0.000061    0.000000    0.029147   -0.158545   -0.079489
 24   42.391739   -0.000122    0.000031    0.008376   -0.128735   -0.076743
 25   42.497444    0.000061    0.000000    0.054580   -0.079196   -0.420748
 26   42.272827    0.000000    0.000031    0.120717   -0.091813   -0.445014
 27   29.239319   55.382637   92.214943   -0.098042   -0.495687    2.525443
 28   42.375107    0.000031   -0.000015    0.072264   -0.110995   -0.073257
 29   42.546082    0.000000    0.000000    0.063883   -0.150798   -0.085765
 30   42.234451    0.000031    0.000015    0.061679   -0.222040   -0.145194
 31   42.465027   -0.000092    0.000031    0.023805   -0.199616   -0.062497
 32   42.458023   -0.000031    0.000031    0.017568   -0.080120    0.062433
 33   42.267883   -0.000061    0.000031    0.000594   -0.098732   -0.014945
 34   42.505951    0.000061    0.000000    0.005855   -0.014617    0.062506
 35   42.233032   -0.000031    0.000046    0.094195    0.108043    0.278163
 36   42.352173   -0.000092    0.000046    0.347653    0.290548    0.510339
 37   42.391663    0.000122    0.000000    0.314313    0.223267    0.397295
 38   42.497620    0.000061   -0.000061    0.474417    0.261705    0.502018
 39   42.272644    0.000107    0.000000    0.264276    0.286097    0.188121
 40   29.239319  106.746620    1.740837   -0.001429    0.003690    2.802551
 41   42.375122    0.000000    0.000000    0.000340    0.000111   -0.088354
 42   42.546112    0.000000   -0.000000    0.000466    0.000118   -0.129040
 43   42.234505    0.000000   -0.000002    0.000858    0.000125   -0.255687
 44   42.465042   -0.000061   -0.000005    0.001190   -0.000152   -0.418981
 45   42.458099    0.000092   -0.000003   -0.000313    0.000099    0.134950
 46   42.267929    0.000031    0.000002   -0.000585    0.000166    0.222432
 47   42.505890    0.000000    0.000005   -0.000440   -0.000018    0.146771
 48   42.233124    0.000000   -0.000012   -0.000964   -0.000164    0.299498
 49   42.352249    0.000000    0.000001   -0.000964   -0.000427    0.289384
 50   42.391716   -0.000031   -0.000004   -0.000375   -0.000290    0.121210
 51   42.497627   -0.000031   -0.000012   -0.000491   -0.000452    0.164888
 52   42.272705   -0.000061    0.000000   -0.000407   -0.000480    0.150283
 53   29.239197   50.706871  -91.389053    0.378821    0.254712    2.469970
 54   42.375092   -0.000092    0.000004   -0.131862    0.167557   -0.149014
 55   42.546082    0.000031    0.000015   -0.105579    0.202068   -0.142530
 56   42.234558    0.000031    0.000015   -0.077907    0.224359   -0.163110
 57   42.464996    0.000092    0.000015   -0.025470    0.139779   -0.056139
 58   42.458054    0.000000    0.000046   -0.022225    0.076035    0.048267
 59   42.267975   -0.000061    0.000023   -0.006182    0.122962    0.017782
 60   42.505859    0.000061    0.000031    0.004902    0.093040    0.058396
 61   42.233185   -0.000122    0.000015   -0.143366   -0.040746    0.370001
 62   42.352264   -0.000122    0.000000   -0.349204   -0.198695    0.500350
 63   42.391678    0.000061    0.000031   -0.219542   -0.106322    0.310253
 64   42.497528    0.000000   -0.000031   -0.348747   -0.078168    0.448949
 65   42.272675    0.000046    0.000000   -0.320625   -0.188218    0.306112
 66   29.239288  -56.044857  -91.389015   -1.564216    1.120834   -2.240633
 67   42.375092    0.000031    0.000000    0.090712   -0.003554   -0.144581
 68   42.546082   -0.000061    0.000000    0.047580   -0.017785   -0.123159
 69   42.234451    0.000031    0.000000    0.022856   -0.020182   -0.096874
 70   42.464966   -0.000031   -0.000031    0.015097    0.012116   -0.000919
 71   42.458099    0.000000    0.000000    0.024682    0.026722    0.079966
 72   42.267929   -0.000061    0.000015    0.013942    0.006700    0.065745
 73   42.505905    0.000061    0.000000   -0.003336    0.049720   -0.048864
 74   42.233017    0.000000    0.000000   -0.032140    0.119875   -0.202839
 75   42.352127    0.000000    0.000031   -0.039301    0.130965   -0.206732
 76   42.391769    0.000000   -0.000061   -0.099161    0.275634   -0.321921
 77   42.497543    0.000061   -0.000031   -0.113424    0.326005   -0.327594
 78   42.272675   -0.000031   -0.000061   -0.042159    0.191090   -0.170273
 79   29.239258 -106.786270    1.740903    0.001431   -0.003997   -1.593455
 80   42.375053    0.000000   -0.000008   -0.000349    0.000742   -0.083511
 81   42.545990    0.000000    0.000000   -0.000307    0.000933   -0.098292
 82   42.234558    0.000031   -0.000005   -0.000235    0.001418   -0.119518
 83   42.465027    0.000000   -0.000001   -0.000042    0.000610   -0.119412
 84   42.458130    0.000061   -0.000002    0.000030   -0.000235   -0.072744
 85   42.267944    0.000031   -0.000004    0.000024    0.000120   -0.083838
 86   42.505951    0.000031    0.000015    0.000109    0.000326   -0.188561
 87   42.233093    0.000000   -0.000011    0.000253    0.000348   -0.216842
 88   42.352386    0.000031    0.000000    0.000393    0.000284   -0.219024
 89   42.391754    0.000031   -0.000004    0.000762    0.000277   -0.318860
 90   42.497543    0.000031   -0.000019    0.000892    0.000024   -0.299782
 91   42.272568   -0.000092    0.000023    0.000679   -0.000171   -0.209129
time 17
  0    0.000000    0.000000    0.000000    0.000000   -0.000000    0.000000
  1    0.000000    0.000000    0.000000    0.000000   -0.000000    0.000000
  2  -15.400001    0.000000  395.609497    1.551000   -1.384082    0.021580
  3   50.309235   -0.435471    0.000004   -0.090776   -0.057918    0.029813
  4   30.891571   -0.000023    0.000002   -0.085546   -0.026943    0.006287
  5   34.635590    0.000008    0.000000   -0.076687    0.146521    0.023332
  6   30.584198    0.000008   -0.000004   -0.060589    0.008946    0.031265
  7   31.520203    0.000000    0.000004   -0.032032   -0.071978    0.030245
  8   34.241150  -28.000042  -41.878010    0.981024   -0.763351    0.247440
  9   34.241150   23.441807  -41.878094   -0.777402   -0.718667   -0.237571
 10   35.246704  -52.543098    1.319130   -0.066246   -0.502037    0.470714
 11   35.246521   52.726322    1.318932    0.219518   -0.444236   -0.334800
 12   34.830078  -24.891922   45.588612   -0.960889   -0.237256    0.263244
 13   34.885803   27.636600   43.767826    1.112391   -0.207235   -0.131628
 14   29.239441  -51.573345   94.292976    0.933646   -0.660379   -1.796796
 15   42.375053    0.000000    0.000031   -0.088472   -0.045106   -0.029359
 16   42.546097    0.000000    0.000000   -0.033114   -0.049616   -0.039009
 17   42.234497    0.000061    0.000000   -0.004091   -0.059716   -0.049996
 18   42.465012    0.000000    0.000000    0.015816   -0.083962   -0.069603
 19   42.458099   -0.000061   -0.000031    0.002654   -0.064379   -0.055566
 20   42.267975    0.000000   -0.000031   -0.003235   -0.023729   -0.025195
 21   42.505890    0.000031    0.000015    0.005935   -0.022385   -0.015131
 22   42.233154   -0.000031    0.000000    0.032118   -0.069391   -0.080628
 23   42.352341    0.000061    0.000000    0.039118   -0.144851   -0.132301
 24   42.391754    0.000000   -0.000031    0.017696   -0.141849   -0.115024
 25   42.497520    0.000061   -0.000061    0.050228   -0.088925   -0.375147
 26   42.272774    0.000153   -0.000046    0.103379   -0.089795   -0.439251
 27   29.239410   55.382645   92.214928   -0.141131   -0.402252    2.622045
 28   42.375092    0.000031   -0.000031    0.072463   -0.117238   -0.075814
 29   42.546112   -0.000031    0.000015    0.064730   -0.161221   -0.089927
 30   42.234436    0.000092    0.000000    0.062328   -0.243643   -0.147850
 31   42.465050   -0.000092    0.000000    0.021419   -0.198115   -0.061329
 32   42.458069    0.000000    0.000000    0.017014   -0.072893    0.049250
 33   42.267853   -0.000061   -0.000015    0.000654   -0.099016   -0.014906
 34   42.506042    0.000031    0.000015    0.011458    0.000397    0.083742
 35   42.233032   -0.000061    0.000000    0.126754    0.159056    0.323432
 36   42.352188   -0.000061    0.000031    0.245785    0.233425    0.383128
 37   42.391693    0.000061    0.000031    0.303252    0.190630    0.404278
 38   42.497650    0.000092   -0.000031    0.481573    0.313446    0.463877
 39   42.272675    0.000137    0.000031    0.225883    0.283435    0.150840
 40   29.239380  106.746704    1.740837   -0.001436    0.004448    2.927258
 41   42.375031   -0.000031   -0.000007    0.000340    0.000129   -0.072865
 42   42.546143    0.000000   -0.000000    0.000475    0.000152   -0.106876
 43   42.234497   -0.000031   -0.000002    0.000754    0.000165   -0.175277
 44   42.465073   -0.000031   -0.000006    0.001825    0.000094   -0.481102
 45   42.458122    0.000000   -0.000004    0.000634   -0.000359   -0.206634
 46   42.267960    0.000000    0.000002   -0.000795    0.000613    0.294331
 47   42.505920    0.000000    0.000007   -0.000365    0.000114    0.104086
 48   42.233170   -0.000061   -0.000012   -0.000674    0.000125    0.178205
 49   42.352249    0.000061    0.000002   -0.001365    0.000005    0.328228
 50   42.391724   -0.000031   -0.000004   -0.000774   -0.000239    0.177789
 51   42.497620    0.000000   -0.000012   -0.000182   -0.000090    0.043169
 52   42.272720    0.000031    0.000000   -0.000437   -0.000236    0.103542
 53   29.239441   50.706940  -91.389076    0.450310    0.278373    2.544103
 54   42.375031    0.000000    0.000004   -0.107731    0.147718   -0.141349
 55   42.546066    0.000000    0.000019   -0.085279    0.172228   -0.136472
 56   42.234543   -0.000031    0.000031   -0.064583    0.198634   -0.164222
 57   42.465019    0.000031    0.000000   -0.022728    0.125893   -0.068479
 58   42.458069    0.000000    0.000008   -0.022537    0.057369    0.036273
 59   42.268066   -0.000092    0.000000   -0.011749    0.083087    0.026467
 60   42.505890    0.000031    0.000023    0.002407    0.077210    0.049092
 61   42.233215   -0.000061    0.000015   -0.099255   -0.046404    0.313997
 62   42.352325    0.000000    0.000000   -0.216044   -0.152190    0.398564
 63   42.391678    0.000061    0.000015   -0.179498   -0.072086    0.319104
 64   42.497604    0.000061    0.000000   -0.352732   -0.068793    0.510869
 65   42.272705    0.000092    0.000031   -0.311256   -0.190880    0.333189
 66   29.239319  -56.044884  -91.389008   -1.565002    1.004539   -2.231883
 67   42.375076    0.000000   -0.000031    0.079986   -0.008169   -0.120058
 68   42.546082    0.000000    0.000000    0.042833   -0.025093   -0.104947
 69   42.234467    0.000000    0.000000    0.021907   -0.015802   -0.063971
 70   42.465027    0.000031    0.000031    0.015129    0.036687    0.029956
 71   42.458160    0.000031    0.000031    0.024896    0.045954    0.101804
 72   42.267899    0.000000   -0.000031    0.012308    0.026608    0.050352
 73   42.506012    0.000061    0.000000   -0.001958    0.071495   -0.056064
 74   42.233185    0.000061   -0.000031   -0.023952    0.147077   -0.192889
 75   42.352249   -0.000031    0.000061   -0.024022    0.163089   -0.183429
 76   42.391708    0.000000    0.000000   -0.026772    0.232819   -0.189562
 77   42.497498    0.000153    0.000061   -0.025429    0.277594   -0.210478
 78   42.272644   -0.000092    0.000000   -0.005951    0.218037   -0.174260
 79   29.239441 -106.786270    1.740905    0.001439   -0.004633   -1.535998
 80   42.375053    0.000000   -0.000008   -0.000465    0.001007   -0.097335
 81   42.546043    0.000000    0.000000   -0.000386    0.001262   -0.112104
 82   42.234543    0.000000   -0.000005   -0.000253    0.001711   -0.130521
 83   42.465164   -0.000031   -0.000002   -0.000003    0.000627   -0.116845
 84   42.458008    0.000000   -0.000002    0.000041   -0.000166   -0.056134
 85   42.267853    0.000000   -0.000004    0.000064    0.000267   -0.095695
 86   42.505936    0.000031    0.000012    0.000282    0.000658   -0.244719
 87   42.233078    0.000000   -0.000015    0.000563    0.000617   -0.265314
 88   42.352249    0.000031   -0.000004    0.000650    0.000366   -0.215994
 89   42.391670    0.000031   -0.000004    0.001025    0.000284   -0.281915
 90   42.497620    0.000000   -0.000019    0.001216   -0.000012   -0.291652
 91   42.272537   -0.000031    0.000023    0.000900   -0.000259   -0.206496
time 18
  0    0.000000    0.000000    0.000000    0.000000   -0.000000    0.000000
  1    0.000000    0.000000    0.000000    0.000000   -0.000000    0.000000
  2   -7.826722    0.000000  390.478882    1.548308   -1.348024    0.024473
  3   50.309204   -0.435478    0.000004   -0.082944   -0.060961    0.025228
  4   30.891510   -0.000008    0.000002   -0.077739   -0.027971    0.002295
  5   34.635590    0.000008   -0.000002   -0.069002    0.159298    0.020046
  6   30.584290    0.000023    0.000008   -0.054363    0.027127    0.030333
  7   31.520203   -0.000008    0.000000   -0.029026   -0.053242    0.032900
  8   34.241211  -28.000036  -41.878002    0.988593   -0.752554    0.225411
  9   34.241089   23.441797  -41.878090   -0.780436   -0.708286   -0.259782
 10   35.246704  -52.543076    1.319134   -0.055857   -0.486146    0.448908
 11   35.246521   52.726318    1.318928    0.214378   -0.419550   -0.360298
 12   34.829956  -24.891912   45.588593   -0.955116   -0.199019    0.242144
 13   34.885742   27.636587   43.767815    1.111026   -0.167869   -0.155575
 14   29.239288  -51.573360   94.292953    0.796165   -0.699275   -1.705331
 15   42.375084   -0.000061    0.000000   -0.081665   -0.052863   -0.047350
 16   42.546082    0.000031   -0.000031   -0.026145   -0.055217   -0.058412
 17   42.234497    0.000031    0.000031    0.003205   -0.065392   -0.073511
 18   42.464996    0.000000    0.000015    0.017535   -0.075545   -0.084993
 19   42.458069   -0.000061    0.000000    0.000549   -0.051077   -0.054154
 20   42.267914    0.000000    0.000015   -0.006069   -0.021347   -0.012154
 21   42.505905    0.000061   -0.000046    0.006871   -0.028757   -0.018430
 22   42.233231   -0.000031   -0.000015    0.036209   -0.070730   -0.106996
 23   42.352264    0.000031    0.000046    0.049672   -0.150247   -0.183899
 24   42.391693   -0.000061    0.000000    0.024581   -0.137380   -0.156623
 25   42.497498   -0.000031    0.000031    0.043894   -0.067087   -0.340276
 26   42.272797    0.000061    0.000015    0.096890   -0.064311   -0.433056
 27   29.239380   55.382591   92.214928   -0.172653   -0.326365    2.713068
 28   42.375031    0.000000    0.000015    0.071731   -0.131159   -0.082545
 29   42.546082    0.000031    0.000000    0.062633   -0.176454   -0.096807
 30   42.234497    0.000061    0.000000    0.054837   -0.255917   -0.144161
 31   42.465004   -0.000092    0.000015    0.015304   -0.160690   -0.044679
 32   42.458054    0.000000    0.000000    0.017507   -0.052403    0.034029
 33   42.267853   -0.000061    0.000031    0.003402   -0.083024   -0.006627
 34   42.506012    0.000061    0.000031    0.023808    0.033829    0.126189
 35   42.233032   -0.000061    0.000076    0.113759    0.157723    0.296729
 36   42.352219   -0.000122    0.000031    0.137524    0.134109    0.259190
 37   42.391708    0.000031   -0.000031    0.297305    0.203122    0.396762
 38   42.497589    0.000031   -0.000061    0.392785    0.328456    0.369287
 39   42.272675    0.000130    0.000000    0.167111    0.230398    0.121296
 40   29.239319  106.746635    1.740836   -0.001409    0.005470    3.010911
 41   42.375092    0.000000   -0.000008    0.000368    0.000136   -0.064304
 42   42.546143    0.000031    0.000000    0.000516    0.000164   -0.093712
 43   42.234436    0.000000   -0.000002    0.000809    0.000183   -0.149734
 44   42.465065    0.000031   -0.000007    0.002036    0.000157   -0.407023
 45   42.458099    0.000000   -0.000002    0.001842   -0.000717   -0.444811
 46   42.267944    0.000031    0.000002   -0.000652    0.000738    0.219167
 47   42.505966    0.000000    0.000006   -0.000520    0.000354    0.133642
 48   42.233139    0.000000   -0.000011   -0.000502    0.000247    0.114832
 49   42.352249    0.000000    0.000003   -0.001308    0.000439    0.271334
 50   42.391693    0.000000   -0.000003   -0.001462    0.000072    0.268073
 51   42.497665    0.000000   -0.000012   -0.000167   -0.000035    0.029712
 52   42.272736    0.000000   -0.000000   -0.000233   -0.000056    0.041417
 53   29.239380   50.706902  -91.389046    0.499380    0.334005    2.588378
 54   42.375076   -0.000031   -0.000004   -0.085112    0.139580   -0.126414
 55   42.546051    0.000031    0.000015   -0.062402    0.148321   -0.116095
 56   42.234497   -0.000061    0.000000   -0.042989    0.169083   -0.138244
 57   42.464989    0.000122    0.000008   -0.015602    0.096001   -0.054631
 58   42.458115    0.000061   -0.000008   -0.023712    0.025190    0.035104
 59   42.267960   -0.000122    0.000008   -0.015659    0.032616    0.025539
 60   42.505890    0.000000    0.000015   -0.003268    0.036434    0.050601
 61   42.233185   -0.000122    0.000008   -0.052826   -0.045959    0.239403
 62   42.352219    0.000061    0.000038   -0.098909   -0.088401    0.270963
 63   42.391632    0.000092    0.000015   -0.124106   -0.050266    0.296972
 64   42.497528    0.000000    0.000015   -0.294906   -0.086306    0.530919
 65   42.272766    0.000031    0.000061   -0.269858   -0.186031    0.374016
 66   29.239319  -56.044888  -91.389046   -1.543723    0.878827   -2.190267
 67   42.375076   -0.000031   -0.000031    0.072581   -0.009399   -0.078955
 68   42.546112    0.000031    0.000000    0.042752   -0.036909   -0.074657
 69   42.234436    0.000061    0.000000    0.021886    0.001913   -0.022991
 70   42.465012   -0.000031   -0.000031    0.011928    0.079513    0.049890
 71   42.458160    0.000000    0.000000    0.022111    0.063154    0.090532
 72   42.267868    0.000000    0.000000    0.011075    0.051197    0.020514
 73   42.505997    0.000061    0.000031   -0.000944    0.095143   -0.064558
 74   42.233093    0.000000   -0.000031   -0.015919    0.174266   -0.172369
 75   42.352203    0.000000    0.000000   -0.004189    0.166355   -0.127340
 76   42.391739    0.000061    0.000000    0.012474    0.137717   -0.022104
 77   42.497505    0.000000    0.000000    0.025842    0.178096   -0.009247
 78   42.272648    0.000031    0.000000    0.057167    0.231243   -0.052442
 79   29.239319 -106.786270    1.740904    0.001412   -0.005545   -1.480954
 80   42.375065    0.000000   -0.000000   -0.000571    0.001374   -0.100686
 81   42.546036    0.000031    0.000003   -0.000447    0.001717   -0.112320
 82   42.234474    0.000000   -0.000006   -0.000252    0.002081   -0.124119
 83   42.465073    0.000031   -0.000004    0.000031    0.000627   -0.122786
 84   42.458069    0.000061   -0.000002    0.000052   -0.000080   -0.051505
 85   42.267944    0.000000   -0.000007    0.000134    0.000526   -0.128113
 86   42.505966    0.000061    0.000012    0.000600    0.001263   -0.325682
 87   42.233032   -0.000031   -0.000007    0.001063    0.000960   -0.310479
 88   42.352310   -0.000031    0.000000    0.000834    0.000348   -0.181639
 89   42.391785    0.000000   -0.000008    0.000990    0.000205   -0.193435
 90   42.497559    0.000000   -0.000015    0.001402    0.000014   -0.254387
 91   42.272507    0.000000    0.000019    0.001062   -0.000252   -0.187012
time 19
  0    0.000000    0.000000    0.000000    0.000000   -0.000000    0.000000
  1    0.000000    0.000000    0.000000    0.000000   -0.000000    0.000000
  2    0.923747    0.000000  376.549225    1.545075   -1.313782    0.027951
  3   50.309204   -0.435478    0.000004   -0.074941   -0.064510    0.021039
  4   30.891541   -0.000015    0.000000   -0.069758   -0.029169   -0.001352
  5   34.635620    0.000015    0.000000   -0.061212    0.170558    0.017044
  6   30.584259    0.000015   -0.000004   -0.048191    0.043206    0.029482
  7   31.520172    0.000004   -0.000008   -0.026280   -0.034894    0.035563
  8   34.241211  -28.000050  -41.878010    0.997905   -0.724088    0.167334
  9   34.241150   23.441795  -41.878105   -0.788654   -0.680918   -0.318336
 10   35.246765  -52.543095    1.319138   -0.041021   -0.448832    0.391421
 11   35.246521   52.726315    1.318916    0.200829   -0.377722   -0.427522
 12   34.830017  -24.891933   45.588608   -0.947761   -0.141945    0.186518
 13   34.885742   27.636585   43.767822    1.107275   -0.110032   -0.218709
 14   29.239349  -51.573349   94.292984    0.699997   -0.720563   -1.661173
 15   42.375084    0.000000    0.000015   -0.077248   -0.056923   -0.054864
 16   42.546074    0.000000   -0.000008   -0.024164   -0.056057   -0.063279
 17   42.234482    0.000000    0.000008    0.001383   -0.062699   -0.072938
 18   42.464981    0.000000   -0.000023    0.009302   -0.059553   -0.070731
 19   42.458099   -0.000031    0.000000   -0.001126   -0.041273   -0.053858
 20   42.267944   -0.000031   -0.000015   -0.005460   -0.021530   -0.013708
 21   42.505890    0.000000    0.000046    0.012688   -0.036175   -0.046764
 22   42.233170    0.000000   -0.000015    0.047838   -0.084489   -0.164554
 23   42.352295    0.000061    0.000000    0.057781   -0.166121   -0.231410
 24   42.391693   -0.000061    0.000015    0.023714   -0.108795   -0.183548
 25   42.497498    0.000092    0.000000    0.036301   -0.029226   -0.308127
 26   42.272743    0.000092   -0.000046    0.094586   -0.039521   -0.419151
 27   29.239410   55.382622   92.215004   -0.179815   -0.278047    2.764574
 28   42.375092    0.000000   -0.000015    0.072457   -0.153655   -0.088990
 29   42.546127    0.000000    0.000000    0.059653   -0.196774   -0.100087
 30   42.234482    0.000092    0.000015    0.041600   -0.248305   -0.122160
 31   42.465057   -0.000031    0.000046    0.011393   -0.105229   -0.019522
 32   42.458054    0.000000    0.000000    0.019203   -0.019487    0.027577
 33   42.267883   -0.000061    0.000046    0.008300   -0.049421    0.013776
 34   42.506073    0.000061    0.000031    0.026738    0.048068    0.139584
 35   42.233093   -0.000061    0.000061    0.043494    0.062918    0.179123
 36   42.352158   -0.000122   -0.000031    0.088454    0.102785    0.192437
 37   42.391708    0.000092    0.000031    0.216930    0.231345    0.300148
 38   42.497650    0.000122   -0.000031    0.233013    0.276789    0.265606
 39   42.272659    0.000183    0.000031    0.091854    0.147594    0.091400
 40   29.239349  106.746712    1.740837   -0.001338    0.006766    3.053220
 41   42.375061   -0.000061   -0.000008    0.000437    0.000142   -0.062236
 42   42.546112    0.000000    0.000008    0.000617    0.000166   -0.090671
 43   42.234436   -0.000031   -0.000004    0.000976    0.000175   -0.145200
 44   42.465111   -0.000031   -0.000008    0.002387    0.000071   -0.376544
 45   42.458069    0.000000   -0.000003    0.002768   -0.001102   -0.527121
 46   42.267914   -0.000061    0.000002   -0.000515    0.000751    0.151638
 47   42.505859   -0.000031    0.000005   -0.000636    0.000631    0.148147
 48   42.233154    0.000000   -0.000013   -0.000450    0.000349    0.089316
 49   42.352295    0.000000    0.000001   -0.001303    0.000802    0.235111
 50   42.391663    0.000000   -0.000004   -0.002066    0.000638    0.317875
 51   42.497635   -0.000031   -0.000011   -0.000461   -0.000008    0.064241
 52   42.272697   -0.000031    0.000000    0.000008    0.000001   -0.001114
 53   29.239441   50.706963  -91.389130    0.517220    0.416905    2.576362
 54   42.375092   -0.000031   -0.000008   -0.064919    0.137448   -0.094859
 55   42.546043    0.000031    0.000023   -0.043668    0.130409   -0.080424
 56   42.234543   -0.000061   -0.000008   -0.025511    0.142530   -0.090946
 57   42.465057    0.000031   -0.000019   -0.011694    0.063603   -0.026864
 58   42.458061    0.000031   -0.000015   -0.025681   -0.009256    0.036158
 59   42.268005   -0.000153   -0.000023   -0.017547   -0.012490    0.021423
 60   42.505951    0.000031   -0.000015   -0.005347   -0.001469    0.048223
 61   42.233170   -0.000061   -0.000023   -0.018860   -0.034987    0.160248
 62   42.352234    0.000000   -0.000015   -0.037477   -0.043259    0.168403
 63   42.391693    0.000061   -0.000023   -0.070529   -0.052624    0.237426
 64   42.497559    0.000000   -0.000061   -0.174099   -0.116679    0.455257
 65   42.272690    0.000092    0.000015   -0.183958   -0.170191    0.400870
 66   29.239441  -56.044872  -91.389038   -1.527277    0.775249   -2.150052
 67   42.375084    0.000000   -0.000031    0.073624   -0.022314   -0.024332
 68   42.546112    0.000061    0.000000    0.050263   -0.058364   -0.028297
 69   42.234467    0.000061    0.000000    0.018279    0.038141    0.006792
 70   42.464951    0.000000    0.000031    0.004573    0.129802    0.040564
 71   42.458099    0.000000    0.000000    0.017443    0.076981    0.048953
 72   42.267868   -0.000031    0.000000    0.009823    0.074492   -0.006929
 73   42.505966    0.000031    0.000000   -0.000581    0.123254   -0.072170
 74   42.233185   -0.000031   -0.000031   -0.009154    0.197706   -0.153611
 75   42.352112    0.000000    0.000031    0.007879    0.131479   -0.049548
 76   42.391792    0.000031    0.000031   -0.002367    0.039489    0.127898
 77   42.497574    0.000061   -0.000031   -0.015157    0.059120    0.168779
 78   42.272705    0.000000    0.000000   -0.012018    0.098200    0.170468
 79   29.239349 -106.786224    1.740905    0.001341   -0.006529   -1.459141
 80   42.375099    0.000061    0.000000   -0.000502    0.001742   -0.074363
 81   42.545998    0.000031    0.000000   -0.000324    0.002117   -0.068565
 82   42.234550    0.000000   -0.000004   -0.000208    0.002266   -0.086253
 83   42.465164    0.000000   -0.000002    0.000007    0.000754   -0.163541
 84   42.458130   -0.000031   -0.000002    0.000076    0.000266   -0.078554
 85   42.267883    0.000092   -0.000004    0.000271    0.001118   -0.194000
 86   42.505920    0.000000    0.000015    0.001248    0.002319   -0.442385
 87   42.233009    0.000031   -0.000012    0.001678    0.001123   -0.312824
 88   42.352310    0.000000   -0.000000    0.000752    0.000205   -0.114241
 89   42.391785    0.000000   -0.000008    0.000638    0.000096   -0.092577
 90   42.497620    0.000000   -0.000019    0.001340    0.000074   -0.188614
 91   42.272491   -0.000031    0.000026    0.000986   -0.000130   -0.135395
time 20
  0    0.000000    0.000000    0.000000    0.000000   -0.000000    0.000000
  1    0.000000    0.000000    0.000000    0.000000   -0.000000    0.000000
  2   10.177341    0.000000  356.013855    1.541196   -1.281699    0.032122
  3   50.309235   -0.435486    0.000004   -0.066834   -0.068604    0.017358
  4   30.891541   -0.000008    0.000000   -0.061672   -0.030551   -0.004556
  5   34.635590    0.000023    0.000000   -0.053393    0.180137    0.014405
  6   30.584259    0.000015   -0.000004   -0.042153    0.056930    0.028733
  7   31.520233    0.000011    0.000008   -0.023867   -0.016923    0.038222
  8   34.241150  -28.000023  -41.878010    1.008112   -0.683844    0.085225
  9   34.241150   23.441803  -41.878094   -0.800730   -0.642224   -0.401120
 10   35.246704  -52.543068    1.319138   -0.023536   -0.397350    0.310145
 11   35.246582   52.726303    1.318932    0.181672   -0.325051   -0.522563
 12   34.830017  -24.891922   45.588608   -0.939550   -0.073411    0.107874
 13   34.885803   27.636581   43.767815    1.101651   -0.041035   -0.307968
 14   29.239380  -51.573364   94.292984    0.741377   -0.688000   -1.768318
 15   42.375076   -0.000031   -0.000015   -0.088540   -0.049684   -0.006298
 16   42.546051    0.000000    0.000000   -0.038646   -0.049805   -0.010095
 17   42.234451    0.000031   -0.000008   -0.024396   -0.052682    0.016902
 18   42.464996    0.000000    0.000000   -0.004579   -0.047699   -0.030848
 19   42.458069   -0.000153   -0.000015    0.006133   -0.035334   -0.106709
 20   42.267914    0.000000   -0.000038    0.003655   -0.019716   -0.063365
 21   42.505920    0.000031   -0.000008    0.024168   -0.045290   -0.107286
 22   42.233124    0.000000   -0.000023    0.062963   -0.108316   -0.239294
 23   42.352219    0.000000    0.000015    0.056534   -0.158701   -0.261373
 24   42.391747    0.000000    0.000015    0.016886   -0.070876   -0.171571
 25   42.497581    0.000092    0.000000    0.025046   -0.000587   -0.244710
 26   42.272766    0.000061   -0.000031    0.094769   -0.038254   -0.430317
 27   29.239349   55.382629   92.214966   -0.166466   -0.271270    2.774107
 28   42.375061    0.000000   -0.000023    0.072648   -0.173793   -0.089881
 29   42.546082    0.000000    0.000015    0.055380   -0.209972   -0.096007
 30   42.234467    0.000061    0.000000    0.030648   -0.224313   -0.096049
 31   42.465019   -0.000061    0.000000    0.011280   -0.061080    0.003018
 32   42.458061   -0.000031    0.000000    0.021420    0.006720    0.038007
 33   42.267883   -0.000061    0.000046    0.011695   -0.022632    0.029127
 34   42.505951    0.000061    0.000046    0.016153    0.032383    0.097311
 35   42.233047    0.000000    0.000000    0.011804    0.016660    0.106213
 36   42.352158   -0.000092    0.000000    0.064153    0.123258    0.139974
 37   42.391724    0.000061   -0.000031    0.117727    0.226381    0.182056
 38   42.497635    0.000061   -0.000031    0.101967    0.219327    0.160014
 39   42.272591    0.000183   -0.000031    0.035970    0.095076    0.056716
 40   29.239349  106.746613    1.740837   -0.001213    0.008330    3.064139
 41   42.375031    0.000000    0.000000    0.000555    0.000142   -0.065019
 42   42.546143    0.000000    0.000000    0.000800    0.000155   -0.095643
 43   42.234451   -0.000031   -0.000004    0.001281    0.000126   -0.155126
 44   42.465050    0.000061   -0.000007    0.003184   -0.000209   -0.410949
 45   42.458076    0.000000   -0.000003    0.003239   -0.001798   -0.518811
 46   42.267929    0.000000    0.000002   -0.000595    0.001129    0.163087
 47   42.505920    0.000031    0.000005   -0.000616    0.000757    0.125765
 48   42.233124    0.000031   -0.000011   -0.000495    0.000523    0.086227
 49   42.352264    0.000000    0.000002   -0.001593    0.001369    0.249186
 50   42.391678    0.000000   -0.000004   -0.002847    0.001348    0.363981
 51   42.497620    0.000000   -0.000011   -0.000765    0.000058    0.084221
 52   42.272713    0.000031   -0.000001    0.000298    0.000003   -0.032652
 53   29.239380   50.706909  -91.389061    0.511675    0.505584    2.523700
 54   42.375092   -0.000031   -0.000008   -0.047771    0.133081   -0.051693
 55   42.546074    0.000031    0.000015   -0.031895    0.117790   -0.041265
 56   42.234543   -0.000031    0.000031   -0.017385    0.123142   -0.045346
 57   42.465012    0.000061    0.000015   -0.011721    0.041388   -0.005576
 58   42.458092   -0.000061    0.000011   -0.025887   -0.031814    0.031282
 59   42.268021   -0.000122    0.000023   -0.016439   -0.032135    0.012019
 60   42.505905    0.000092    0.000015   -0.005116   -0.020207    0.042855
 61   42.233124   -0.000122   -0.000031   -0.007818   -0.037039    0.122941
 62   42.352325   -0.000031    0.000008   -0.020043   -0.039803    0.130692
 63   42.391724    0.000092    0.000000   -0.038851   -0.064008    0.180482
 64   42.497604    0.000031   -0.000008   -0.073035   -0.124174    0.314150
 65   42.272774   -0.000061   -0.000031   -0.081217   -0.153141    0.338905
 66   29.239349  -56.044861  -91.389000   -1.558146    0.689471   -2.167796
 67   42.375061    0.000000   -0.000031    0.091611   -0.087563    0.067821
 68   42.546097   -0.000015   -0.000031    0.061461   -0.089885    0.042989
 69   42.234497    0.000061    0.000015    0.010886    0.076551    0.002443
 70   42.464996   -0.000031    0.000015   -0.007469    0.172750   -0.015900
 71   42.458145    0.000000    0.000031    0.012440    0.092311    0.000386
 72   42.267883   -0.000061    0.000000    0.007496    0.100424   -0.029108
 73   42.505936    0.000000    0.000031   -0.002000    0.163544   -0.087429
 74   42.233124   -0.000031   -0.000031   -0.003885    0.191823   -0.125548
 75   42.352150   -0.000031   -0.000031    0.005814    0.078543    0.031459
 76   42.391808    0.000031   -0.000031   -0.040039   -0.022151    0.235692
 77   42.497559    0.000061    0.000031   -0.065426    0.006255    0.239799
 78   42.272675   -0.000046    0.000000   -0.102636    0.006697    0.234943
 79   29.239258 -106.786285    1.740903    0.001217   -0.007586   -1.456413
 80   42.375080    0.000000   -0.000000   -0.000150    0.001945   -0.017377
 81   42.546021    0.000000    0.000008    0.000167    0.002121    0.030814
 82   42.234543    0.000061   -0.000006   -0.000223    0.002282   -0.063448
 83   42.465057    0.000000   -0.000004   -0.000256    0.001469   -0.254833
 84   42.458145    0.000000   -0.000001    0.000087    0.000898   -0.121538
 85   42.267990    0.000000   -0.000007    0.000509    0.002172   -0.278911
 86   42.505936    0.000000    0.000020    0.002367    0.003757   -0.560037
 87   42.233124   -0.000061   -0.000007    0.002101    0.000949   -0.264630
 88   42.352249    0.000000    0.000000    0.000175    0.000028   -0.019711
 89   42.391754   -0.000031   -0.000008   -0.000131   -0.000018    0.014802
 90   42.497589   -0.000031   -0.000019    0.000670    0.000103   -0.075129
 91   42.272552   -0.000031    0.000019    0.000419    0.000031   -0.046208
time 21
  0    0.000000    0.000000    0.000000    0.000000   -0.000000    0.000000
  1    0.000000    0.000000    0.000000    0.000000   -0.000000    0.000000
  2   19.259998    0.000000  331.066193    1.536571   -1.252113    0.037096
  3   50.309235   -0.435486    0.000004   -0.058692   -0.073282    0.014299
  4   30.891510   -0.000023    0.000002   -0.053547   -0.032130   -0.007220
  5   34.635590   -0.000008   -0.000002   -0.045620    0.187872    0.012212
  6   30.584290    0.000015    0.000000   -0.036332    0.068045    0.028111
  7   31.520172   -0.000004    0.000000   -0.021861    0.000683    0.040867
  8   34.241211  -28.000038  -41.878014    1.018365   -0.637710   -0.008900
  9   34.241150   23.441799  -41.878109   -0.815338   -0.597868   -0.496019
 10   35.246704  -52.543114    1.319122   -0.005200   -0.338957    0.216975
 11   35.246582   52.726334    1.318924    0.159712   -0.267835   -0.631512
 12   34.830078  -24.891922   45.588608   -0.931206   -0.000795    0.017721
 13   34.885803   27.636597   43.767838    1.094667    0.031811   -0.410289
 14   29.239441  -51.573402   94.292946    0.865848   -0.592107   -1.960889
 15   42.375076   -0.000031   -0.000008   -0.119453   -0.032862    0.094967
 16   42.546066    0.000061   -0.000008   -0.067649   -0.045181    0.101142
 17   42.234489   -0.000031   -0.000019   -0.054639   -0.055534    0.179794
 18   42.464996    0.000000    0.000015   -0.010993   -0.044554   -0.005593
 19   42.458038   -0.000031    0.000000    0.010330   -0.015703   -0.222679
 20   42.267975    0.000000   -0.000053    0.012625   -0.009528   -0.138224
 21   42.505981   -0.000061    0.000008    0.033574   -0.050089   -0.166519
 22   42.233185    0.000000    0.000008    0.073187   -0.125046   -0.304044
 23   42.352295    0.000061    0.000015    0.048913   -0.128514   -0.272576
 24   42.391670   -0.000061    0.000000    0.008874   -0.047871   -0.119377
 25   42.497417    0.000061   -0.000015    0.006867   -0.000511   -0.105321
 26   42.272888    0.000061   -0.000046    0.078222   -0.089036   -0.466309
 27   29.239349   55.382614   92.214973   -0.147811   -0.346917    2.788042
 28   42.375031    0.000000    0.000000    0.061481   -0.169691   -0.090449
 29   42.546082   -0.000061    0.000046    0.044469   -0.194433   -0.095985
 30   42.234451    0.000031    0.000015    0.023581   -0.195271   -0.093129
 31   42.465050   -0.000031    0.000031    0.012566   -0.029780    0.017641
 32   42.458061   -0.000031    0.000015    0.027873    0.046942    0.073228
 33   42.267914   -0.000092    0.000031    0.015652    0.006282    0.041514
 34   42.505951    0.000092    0.000000    0.010527    0.036495    0.055701
 35   42.233109    0.000000    0.000031    0.005314    0.024036    0.074239
 36   42.352188   -0.000092    0.000015    0.042588    0.154410    0.088267
 37   42.391647    0.000061    0.000000    0.048900    0.220231    0.082309
 38   42.497635    0.000000    0.000000    0.026042    0.180549    0.070096
 39   42.272606    0.000122    0.000000    0.007815    0.084376    0.030564
 40   29.239410  106.746674    1.740837   -0.001023    0.010158    3.061629
 41   42.375031    0.000015   -0.000000    0.000736    0.000129   -0.071378
 42   42.546082   -0.000015   -0.000000    0.001093    0.000114   -0.107672
 43   42.234451    0.000031   -0.000002    0.001806   -0.000006   -0.180677
 44   42.465042    0.000000   -0.000006    0.004675   -0.000956   -0.513393
 45   42.458099    0.000000   -0.000004    0.003008   -0.002741   -0.455530
 46   42.267944   -0.000031    0.000002   -0.000771    0.002222    0.236313
 47   42.505920   -0.000031    0.000007   -0.000631    0.000947    0.113006
 48   42.233109   -0.000031   -0.000011   -0.000735    0.000960    0.111314
 49   42.352203    0.000000    0.000001   -0.002441    0.002469    0.320099
 50   42.391724   -0.000031   -0.000004   -0.004151    0.002036    0.418706
 51   42.497635   -0.000031   -0.000011   -0.000650    0.000024    0.056018
 52   42.272720    0.000031   -0.000000    0.000831    0.000016   -0.071693
 53   29.239441   50.706909  -91.389091    0.551760    0.558861    2.539917
 54   42.375122    0.000000    0.000004   -0.038997    0.111377   -0.048444
 55   42.546051   -0.000031    0.000031   -0.027033    0.103633   -0.042037
 56   42.234543   -0.000061    0.000023   -0.014284    0.117191   -0.050763
 57   42.465057    0.000092    0.000019   -0.010641    0.036042   -0.005308
 58   42.458099    0.000000    0.000015   -0.025958   -0.042305    0.037651
 59   42.268021   -0.000122    0.000023   -0.015158   -0.032839    0.011888
 60   42.505951    0.000031   -0.000008   -0.006487   -0.028674    0.052323
 61   42.233246   -0.000122   -0.000019   -0.010606   -0.053503    0.142160
 62   42.352295    0.000061    0.000000   -0.022027   -0.059907    0.163270
 63   42.391785    0.000000    0.000008   -0.024120   -0.075609    0.137515
 64   42.497681    0.000000   -0.000023   -0.021798   -0.115176    0.162913
 65   42.272820   -0.000031    0.000000   -0.016897   -0.144559    0.219567
 66   29.239441  -56.044899  -91.389015    1.404752    2.613363    0.776597
 67   42.375076   -0.000046    0.000000    0.122730   -0.278857    0.225372
 68   42.546104   -0.000031    0.000031    0.073472   -0.210571    0.185602
 69   42.234444    0.000046   -0.000015    0.012815    0.074251   -0.005706
 70   42.465057    0.000000    0.000015   -0.027966    0.234194   -0.120718
 71   42.458099    0.000031    0.000046    0.005006    0.127390   -0.052729
 72   42.267929   -0.000061    0.000000    0.003007    0.132848   -0.058484
 73   42.505997    0.000061    0.000000   -0.009907    0.200171   -0.130685
 74   42.233101   -0.000031   -0.000031   -0.006879    0.159338   -0.102925
 75   42.352135   -0.000061    0.000031   -0.001498    0.039346    0.096916
 76   42.391792   -0.000031    0.000000   -0.068296   -0.041189    0.322327
 77   42.497528    0.000015    0.000000   -0.103348   -0.007993    0.289715
 78   42.272705   -0.000008   -0.000031   -0.146828   -0.027729    0.241886
 79   29.239380 -106.786339    1.740906    0.001028   -0.008803   -1.455455
 80   42.375107    0.000000   -0.000008    0.000576    0.001739    0.067057
 81   42.546066    0.000000    0.000004    0.001261    0.001285    0.176799
 82   42.234543    0.000000   -0.000005   -0.000624    0.002577   -0.106779
 83   42.465073    0.000000   -0.000004   -0.001065    0.002915   -0.363595
 84   42.458069    0.000031    0.000000    0.000062    0.001713   -0.162474
 85   42.267944    0.000031   -0.000008    0.000835    0.003700   -0.361648
 86   42.505997    0.000000    0.000019    0.003871    0.005388   -0.646668
 87   42.233032    0.000000   -0.000011    0.002273    0.000678   -0.209004
 88   42.352295    0.000031    0.000000   -0.000836   -0.000067    0.072970
 89   42.391800    0.000000   -0.000004   -0.001563   -0.000244    0.139219
 90   42.497581    0.000000   -0.000019   -0.000998   -0.000304    0.092602
 91   42.272484   -0.000031    0.000023   -0.000584   -0.000242    0.056348
time 22
  0    0.000000    0.000000    0.000000    0.000000   -0.000000    0.000000
  1    0.000000    0.000000    0.000000    0.000000   -0.000000    0.000000
  2   27.497656    0.000000  303.899506    1.531097   -1.225368    0.042983
  3   50.309174   -0.435471    0.000003   -0.050581   -0.078583    0.011974
  4   30.891541   -0.000008    0.000004   -0.045449   -0.033919   -0.009244
  5   34.635590    0.000015    0.000000   -0.037970    0.193600    0.010546
  6   30.584259    0.000015    0.000000   -0.030809    0.076298    0.027639
  7   31.520142   -0.000015   -0.000008   -0.020337    0.017936    0.043488
  8   34.241211  -28.000031  -41.878010    1.027816   -0.591576   -0.103025
  9   34.241119   23.441795  -41.878105   -0.831151   -0.553512   -0.590918
 10   35.246704  -52.543083    1.319145    0.012191   -0.280910    0.123805
 11   35.246521   52.726295    1.318916    0.137752   -0.212370   -0.740461
 12   34.830017  -24.891930   45.588608   -0.923455    0.068526   -0.072432
 13   34.885742   27.636566   43.767822    1.086836    0.101195   -0.512610
 14   29.239319  -51.573357   94.292976    0.993782   -0.451923   -2.146672
 15   42.375061    0.000061    0.000031   -0.158738   -0.009442    0.197151
 16   42.546051   -0.000031   -0.000008   -0.105847   -0.046922    0.242493
 17   42.234436    0.000061    0.000008   -0.073246   -0.081687    0.372507
 18   42.464981    0.000031    0.000011   -0.012214   -0.046617    0.032536
 19   42.458099   -0.000031    0.000000   -0.011502    0.012588   -0.341260
 20   42.267944    0.000031    0.000019    0.014387    0.014938   -0.237863
 21   42.505920    0.000031   -0.000027    0.036176   -0.043204   -0.208232
 22   42.233170    0.000031    0.000015    0.074207   -0.120000   -0.343011
 23   42.352219   -0.000031   -0.000008    0.046334   -0.104895   -0.293562
 24   42.391678   -0.000122    0.000000    0.003177   -0.044660   -0.062951
 25   42.497482    0.000000    0.000008   -0.006959   -0.039152    0.148041
 26   42.272827    0.000000    0.000000    0.001573   -0.266624    0.314483
 27   29.239349   55.382645   92.214966   -0.156622   -0.491685    2.850997
 28   42.375046    0.000000   -0.000015    0.039053   -0.136860   -0.100720
 29   42.546112   -0.000031    0.000015    0.027766   -0.151912   -0.107696
 30   42.234428    0.000061   -0.000031    0.017196   -0.170799   -0.122703
 31   42.465034   -0.000076    0.000031    0.012912   -0.012091    0.010143
 32   42.458099    0.000000    0.000015    0.039530    0.112130    0.120118
 33   42.267975   -0.000092    0.000015    0.025010    0.062950    0.074868
 34   42.505981    0.000061    0.000000    0.009149    0.054939    0.035600
 35   42.233047    0.000000    0.000000    0.004140    0.057317    0.052092
 36   42.352234   -0.000092    0.000000    0.018183    0.176653    0.031835
 37   42.391663    0.000031   -0.000031    0.002546    0.189527   -0.015563
 38   42.497620    0.000000   -0.000031   -0.008826    0.130632   -0.000157
 39   42.272629    0.000122    0.000000   -0.006991    0.066479    0.000512
 40   29.239319  106.746628    1.740836   -0.000761    0.012283    3.061656
 41   42.375061    0.000000    0.000000    0.000991    0.000089   -0.080190
 42   42.546143    0.000000    0.000000    0.001542    0.000014   -0.126242
 43   42.234467   -0.000015   -0.000004    0.002687   -0.000321   -0.225608
 44   42.465057    0.000031   -0.000006    0.006847   -0.002665   -0.669176
 45   42.458038    0.000015   -0.000004    0.001902   -0.003303   -0.346642
 46   42.267944   -0.000046    0.000002   -0.000635    0.004120    0.329413
 47   42.505859    0.000015    0.000006   -0.000858    0.001642    0.139976
 48   42.233124    0.000031   -0.000011   -0.001260    0.001859    0.161367
 49   42.352234    0.000061    0.000001   -0.004202    0.004340    0.441565
 50   42.391739    0.000031   -0.000005   -0.005776    0.002120    0.439811
 51   42.497635    0.000031   -0.000012    0.000008    0.000001   -0.000547
 52   42.272720    0.000000   -0.000000    0.001784    0.000155   -0.123245
 53   29.239288   50.706924  -91.389099    0.672881    0.566021    2.687473
 54   42.375092   -0.000061   -0.000004   -0.031333    0.069571   -0.090726
 55   42.546043    0.000061    0.000013   -0.022590    0.075742   -0.093848
 56   42.234558    0.000000   -0.000002   -0.010562    0.108756   -0.138668
 57   42.465012    0.000000    0.000004   -0.005814    0.041401   -0.041378
 58   42.458038    0.000061    0.000031   -0.029708   -0.045792    0.080167
 59   42.268005   -0.000061    0.000015   -0.016834   -0.029612    0.039202
 60   42.505920    0.000061    0.000015   -0.010158   -0.035091    0.082408
 61   42.233200   -0.000092   -0.000019   -0.020016   -0.070738    0.202240
 62   42.352295   -0.000031   -0.000008   -0.029606   -0.074686    0.225580
 63   42.391693   -0.000031    0.000008   -0.013535   -0.085023    0.073946
 64   42.497597    0.000000   -0.000008   -0.001770   -0.116543    0.005383
 65   42.272751   -0.000061   -0.000008    0.008771   -0.148278    0.068145
 66   29.239258  -56.044884  -91.389061    1.213199    2.850814    0.543899
 67   42.375122   -0.000031    0.000000    0.138637   -0.382481    0.262196
 68   42.546097    0.000015    0.000031    0.043823   -0.466392    0.456608
 69   42.234467    0.000061    0.000000    0.028405   -0.090616    0.145984
 70   42.465012   -0.000015    0.000000   -0.036411    0.282508   -0.224225
 71   42.458130    0.000092   -0.000031   -0.014133    0.221832   -0.163449
 72   42.267960   -0.000076   -0.000015   -0.005296    0.166257   -0.112122
 73   42.505920    0.000092    0.000000   -0.027367    0.215234   -0.192661
 74   42.233147    0.000031   -0.000031   -0.022981    0.155937   -0.137616
 75   42.352135    0.000031    0.000031    0.000657    0.031524    0.109797
 76   42.391777    0.000061   -0.000031   -0.071813   -0.050688    0.403172
 77   42.497498    0.000031    0.000031   -0.134516   -0.024698    0.352410
 78   42.272614    0.000015    0.000000   -0.181291   -0.050171    0.266068
 79   29.239288 -106.786247    1.740904    0.000765   -0.010465   -1.435315
 80   42.375053   -0.000031   -0.000008    0.001712    0.000973    0.164473
 81   42.546082    0.000000    0.000008    0.002925   -0.000238    0.310272
 82   42.234467   -0.000015   -0.000007   -0.001718    0.003216   -0.183236
 83   42.465057    0.000031   -0.000001   -0.002594    0.004797   -0.463368
 84   42.458008    0.000031    0.000001   -0.000028    0.002668   -0.194280
 85   42.267960    0.000000   -0.000005    0.001091    0.005383   -0.407276
 86   42.505859    0.000061    0.000016    0.005507    0.007510   -0.720403
 87   42.233124    0.000000   -0.000015    0.002620    0.000566   -0.186484
 88   42.352417   -0.000031   -0.000004   -0.001940   -0.000050    0.134390
 89   42.391739    0.000061   -0.000007   -0.003934   -0.000643    0.281952
 90   42.497581    0.000000   -0.000020   -0.003370   -0.001628    0.267927
 91   42.272591    0.000031    0.000019   -0.001782   -0.001573    0.170791
time 23
  0    0.000000    0.000000    0.000000    0.000000   -0.000000    0.000000
  1    0.000000    0.000000    0.000000    0.000000   -0.000000    0.000000
  2   34.216248    0.000000  276.707153    1.524672   -1.201802    0.049892
  3   50.309204   -0.435471    0.000004   -0.042570   -0.084546    0.010496
  4   30.891510   -0.000015    0.000002   -0.037447   -0.035932   -0.010531
  5   34.635590    0.000008    0.000000   -0.030517    0.197156    0.009486
  6   30.584320    0.000015    0.000004   -0.025666    0.081436    0.027338
  7   31.520172   -0.000023    0.000000   -0.019368    0.034846    0.046073
  8   34.241180  -28.000031  -41.878006    1.035618   -0.551331   -0.185134
  9   34.241119   23.441795  -41.878098   -0.846843   -0.514819   -0.673702
 10   35.246704  -52.543076    1.319138    0.026838   -0.230463    0.042529
 11   35.246582   52.726311    1.318924    0.118595   -0.164956   -0.835502
 12   34.830048  -24.891930   45.588600   -0.917021    0.127175   -0.151076
 13   34.885803   27.636589   43.767815    1.078671    0.159807   -0.601869
 14   29.239288  -51.573341   94.292953    1.074164   -0.319564   -2.274294
 15   42.375069   -0.000031    0.000000   -0.183385    0.008734    0.246557
 16   42.546097    0.000031    0.000008   -0.146563   -0.051481    0.364969
 17   42.234459    0.000031   -0.000017   -0.087549   -0.123387    0.553768
 18   42.464981    0.000046    0.000011   -0.003094   -0.057053    0.104293
 19   42.458160   -0.000061    0.000008   -0.050223    0.020333   -0.362060
 20   42.267975    0.000031   -0.000008   -0.006591    0.055950   -0.384304
 21   42.505859    0.000031    0.000004    0.031582   -0.020328   -0.244174
 22   42.233215    0.000061   -0.000023    0.065231   -0.100445   -0.346434
 23   42.352280    0.000061   -0.000008    0.051696   -0.089352   -0.353799
 24   42.391731    0.000000    0.000023    0.002029   -0.048786   -0.044452
 25   42.497486    0.000000    0.000008   -0.006858   -0.079110    0.339557
 26   42.272766    0.000122    0.000015    0.133254   -0.246317    0.798211
 27   29.239380   55.382622   92.214973   -0.205326   -0.630428    2.949217
 28   42.375046    0.000031    0.000000    0.018309   -0.098458   -0.113197
 29   42.546066    0.000000    0.000000    0.012645   -0.106562   -0.118726
 30   42.234489    0.000046    0.000000    0.008629   -0.157504   -0.168279
 31   42.465042   -0.000046    0.000031    0.010046   -0.024110   -0.032921
 32   42.458054   -0.000031   -0.000015    0.042330    0.142280    0.132605
 33   42.267853   -0.000031    0.000000    0.041831    0.148064    0.137192
 34   42.505951    0.000061    0.000000    0.014192    0.094546    0.055343
 35   42.233047   -0.000031    0.000031    0.004743    0.111776    0.039065
 36   42.352188   -0.000061    0.000000    0.006406    0.219659    0.029146
 37   42.391647    0.000061    0.000061   -0.006230    0.122332   -0.123241
 38   42.497650    0.000015    0.000000   -0.009706    0.083189   -0.049897
 39   42.272552    0.000122    0.000031   -0.007034    0.050417   -0.028872
 40   29.239319  106.746628    1.740838   -0.000422    0.014744    3.064655
 41   42.375092   -0.000031   -0.000000    0.001333    0.000005   -0.090253
 42   42.546097    0.000000   -0.000000    0.002183   -0.000190   -0.149749
 43   42.234444    0.000015   -0.000004    0.004155   -0.001020   -0.297480
 44   42.465057   -0.000031   -0.000006    0.008859   -0.005617   -0.804891
 45   42.458054    0.000000   -0.000004    0.000612   -0.002949   -0.230788
 46   42.267944   -0.000008    0.000002    0.000119    0.006448    0.403516
 47   42.505905    0.000015    0.000005   -0.001231    0.003100    0.196812
 48   42.233109    0.000031   -0.000012   -0.002098    0.003358    0.226082
 49   42.352219    0.000061    0.000001   -0.006845    0.006762    0.571608
 50   42.391663    0.000000   -0.000004   -0.007021    0.001462    0.410008
 51   42.497627    0.000000   -0.000011    0.000412    0.000085   -0.023298
 52   42.272682   -0.000031    0.000000    0.003156    0.000577   -0.178941
 53   29.239380   50.706894  -91.389046    0.808734    0.539981    2.888034
 54   42.375061   -0.000031   -0.000011   -0.014674    0.029280   -0.119673
 55   42.546082    0.000061    0.000002   -0.009229    0.038960   -0.151034
 56   42.234520   -0.000031   -0.000004    0.000086    0.070545   -0.274903
 57   42.464981    0.000031    0.000001    0.001226    0.043800   -0.170371
 58   42.458115    0.000000   -0.000019   -0.030334   -0.031428    0.151545
 59   42.267914   -0.000153    0.000017   -0.020536   -0.019986    0.100074
 60   42.505920    0.000122   -0.000008   -0.014167   -0.035171    0.120047
 61   42.233063   -0.000092    0.000000   -0.033140   -0.080692    0.283525
 62   42.352249   -0.000031   -0.000019   -0.040744   -0.079066    0.301358
 63   42.391640    0.000031    0.000015   -0.006474   -0.093433    0.010757
 64   42.497551    0.000122    0.000015   -0.001071   -0.129730   -0.147767
 65   42.272705    0.000031   -0.000015   -0.003501   -0.148970   -0.072351
 66   29.239349  -56.044846  -91.389000    1.138019    2.980819    0.440854
 67   42.375092    0.000008   -0.000015    0.126710   -0.248276    0.149402
 68   42.546143   -0.000023    0.000000    0.047205   -0.568438    0.522045
 69   42.234482    0.000015   -0.000015   -0.070195   -0.438934    0.570476
 70   42.464996   -0.000046    0.000015    0.014369    0.111972   -0.072093
 71   42.458130    0.000015    0.000008   -0.044421    0.380291   -0.369921
 72   42.267883   -0.000076    0.000000   -0.015583    0.221859   -0.200147
 73   42.505997    0.000046    0.000000   -0.041466    0.224386   -0.249568
 74   42.233147    0.000000    0.000000   -0.064545    0.199819   -0.263901
 75   42.352142    0.000000    0.000000   -0.001019    0.054068    0.037636
 76   42.391815    0.000000   -0.000031   -0.027743   -0.051883    0.403448
 77   42.497589   -0.000046    0.000000   -0.138023   -0.039877    0.452449
 78   42.272675   -0.000023    0.000061   -0.203241   -0.059086    0.327690
 79   29.239319 -106.786263    1.740903    0.000425   -0.013128   -1.373432
 80   42.375122    0.000000    0.000000    0.003168   -0.000046    0.243251
 81   42.546066    0.000000    0.000004    0.004604   -0.001389    0.363194
 82   42.234497    0.000015   -0.000009   -0.002903    0.003655   -0.215972
 83   42.465057    0.000031   -0.000002   -0.004956    0.006869   -0.554689
 84   42.458054    0.000061    0.000000   -0.000208    0.003785   -0.217417
 85   42.267929    0.000000   -0.000007    0.001159    0.006762   -0.400434
 86   42.506012    0.000031    0.000015    0.006972    0.010583   -0.795814
 87   42.233063   -0.000031   -0.000008    0.003609    0.000695   -0.206194
 88   42.352295   -0.000031   -0.000000   -0.002589    0.000042    0.144618
 89   42.391800   -0.000061   -0.000006   -0.007483   -0.000974    0.436640
 90   42.497559   -0.000031   -0.000019   -0.005651   -0.003632    0.389357
 91   42.272552    0.000000    0.000020   -0.002413   -0.003499    0.243543
time 24
  0    0.000000    0.000000    0.000000    0.000000   -0.000000    0.000000
  1    0.000000    0.000000    0.000000    0.000000   -0.000000    0.000000
  2   38.741718    0.000000  251.682480    1.517195   -1.181757    0.057933
  3   50.309219   -0.435474    0.000004   -0.034725   -0.091209    0.009978
  4   30.891541   -0.000015    0.000000   -0.029606   -0.038182   -0.010982
  5   34.635590    0.000008    0.000000   -0.023337    0.198378    0.009115
  6   30.584259    0.000023    0.000000   -0.020984    0.083205    0.027233
  7   31.520203    0.000008    0.000008   -0.019028    0.051427    0.048613
  8   34.241180  -28.000046  -41.878017    1.040921   -0.522866   -0.243211
  9   34.241119   23.441795  -41.878113   -0.861089   -0.487450   -0.732257
 10   35.246704  -52.543098    1.319138    0.036944   -0.194874   -0.014958
 11   35.246552   52.726318    1.318916    0.105045   -0.131889   -0.902725
 12   34.829987  -24.891937   45.588600   -0.912630    0.167774   -0.206703
 13   34.885773   27.636597   43.767815    1.070687    0.200336   -0.665004
 14   29.239334  -51.573380   94.292961    1.096295   -0.234234   -2.337747
 15   42.375069   -0.000015   -0.000015   -0.189259    0.013547    0.254256
 16   42.546112    0.000031    0.000004   -0.180619   -0.058151    0.444123
 17   42.234482    0.000031    0.000015   -0.103827   -0.167085    0.687126
 18   42.465042    0.000015    0.000011    0.011622   -0.069248    0.157900
 19   42.458038   -0.000053    0.000000   -0.066372    0.008253   -0.285318
 20   42.267975    0.000000   -0.000008   -0.057382    0.082591   -0.526298
 21   42.505951    0.000000   -0.000006    0.019977    0.010999   -0.291088
 22   42.233231    0.000000   -0.000044    0.049756   -0.074678   -0.328275
 23   42.352249    0.000092    0.000008    0.055448   -0.069873   -0.423693
 24   42.391739   -0.000031    0.000015    0.004200   -0.048349   -0.060340
 25   42.497589   -0.000031   -0.000015   -0.010058   -0.101340    0.402094
 26   42.272766   -0.000031   -0.000008    0.123080   -0.194765    0.719321
 27   29.239456   55.382675   92.214958   -0.268865   -0.705812    3.054706
 28   42.375099    0.000015    0.000000    0.004148   -0.077076   -0.120846
 29   42.546112   -0.000046    0.000000    0.001501   -0.082040   -0.128636
 30   42.234489    0.000076    0.000000   -0.002231   -0.146518   -0.201054
 31   42.465042   -0.000107    0.000031    0.005760   -0.057860   -0.099814
 32   42.458099   -0.000046   -0.000015    0.031371    0.115285    0.089819
 33   42.267929   -0.000061    0.000031    0.057274    0.224077    0.198244
 34   42.505981    0.000061    0.000061    0.021975    0.145866    0.094053
 35   42.233063   -0.000061    0.000061    0.006152    0.152063    0.051212
 36   42.352234   -0.000061    0.000000    0.017647    0.322054    0.124743
 37   42.391708    0.000076    0.000000    0.009630    0.066989   -0.223405
 38   42.497581    0.000046    0.000000    0.015226    0.029898   -0.114989
 39   42.272644    0.000092    0.000031    0.006900    0.028169   -0.062988
 40   29.239365  106.746735    1.740839   -0.000011    0.017595    3.071229
 41   42.375046    0.000000   -0.000008    0.001745   -0.000124   -0.099323
 42   42.546143    0.000015   -0.000000    0.003000   -0.000517   -0.173462
 43   42.234459   -0.000031   -0.000002    0.006242   -0.002276   -0.385472
 44   42.465073   -0.000015   -0.000007    0.010017   -0.009348   -0.870606
 45   42.458130   -0.000031   -0.000003   -0.000146   -0.002437   -0.160848
 46   42.267914   -0.000031    0.000001    0.001400    0.008535    0.433011
 47   42.505951    0.000015    0.000006   -0.001474    0.005510    0.270851
 48   42.233139   -0.000031   -0.000011   -0.003183    0.005619    0.298527
 49   42.352264    0.000000    0.000001   -0.009889    0.009333    0.667667
 50   42.391663    0.000031   -0.000004   -0.007701    0.000685    0.359650
 51   42.497635    0.000031   -0.000012    0.000122    0.000034   -0.005755
 52   42.272694    0.000031   -0.000000    0.004538    0.001232   -0.215724
 53   29.239365   50.706940  -91.389076    0.915167    0.502573    3.076626
 54   42.375092    0.000000    0.000004    0.002101    0.006825   -0.114797
 55   42.546066    0.000031    0.000010    0.012086    0.009839   -0.173239
 56   42.234566   -0.000031    0.000006    0.029224    0.016690   -0.355478
 57   42.465004    0.000061    0.000011    0.011094    0.006282   -0.440258
 58   42.458069    0.000000    0.000011   -0.015640   -0.007241    0.161558
 59   42.267960   -0.000076    0.000008   -0.020783    0.003643    0.224304
 60   42.505890    0.000092    0.000004   -0.014797   -0.023103    0.146223
 61   42.233200   -0.000061   -0.000010   -0.040312   -0.078782    0.336340
 62   42.352264   -0.000031    0.000031   -0.057558   -0.074397    0.415368
 63   42.391716    0.000000   -0.000008   -0.006818   -0.095554    0.016512
 64   42.497627    0.000092   -0.000015   -0.002596   -0.147852   -0.278958
 65   42.272751    0.000061    0.000084   -0.028695   -0.145999   -0.172699
 66   29.239304  -56.044876  -91.389061    1.117145    3.024594    0.413320
 67   42.375092   -0.000011    0.000015    0.105057   -0.151918    0.088976
 68   42.546120    0.000008    0.000015    0.102772   -0.410603    0.327578
 69   42.234482    0.000031    0.000015   -0.282470   -0.701045    1.016465
 70   42.465057   -0.000031    0.000008   -0.010915   -0.096696    0.149666
 71   42.458130    0.000015   -0.000015    0.018921    0.279757   -0.260926
 72   42.267883   -0.000092   -0.000008   -0.025178    0.354511   -0.356086
 73   42.506012    0.000076    0.000031   -0.039122    0.249689   -0.299371
 74   42.233093   -0.000015    0.000031   -0.115336    0.254529   -0.423188
 75   42.352150    0.000000    0.000031   -0.031974    0.104910   -0.091877
 76   42.391785    0.000061    0.000000    0.018378   -0.025836    0.262304
 77   42.497482    0.000061    0.000031   -0.103448   -0.069202    0.568376
 78   42.272766    0.000008    0.000031   -0.184885   -0.055064    0.390812
 79   29.239304 -106.786331    1.740903    0.000011   -0.012454   -1.475469
 80   42.375114   -0.000031   -0.000009    0.004154   -0.002981    0.340016
 81   42.546066   -0.000015    0.000003    0.006217   -0.003966    0.435742
 82   42.234467   -0.000031   -0.000007   -0.001953    0.003019   -0.113012
 83   42.465027   -0.000031   -0.000005   -0.008738    0.009142   -0.663607
 84   42.458023    0.000000   -0.000005   -0.000556    0.005932   -0.277404
 85   42.267944    0.000031   -0.000006    0.001212    0.006568   -0.309050
 86   42.506012    0.000061    0.000019    0.007605    0.014191   -0.823070
 87   42.233078    0.000000   -0.000013    0.007048    0.001842   -0.338025
 88   42.352264   -0.000031    0.000001   -0.003527    0.000291    0.161809
 89   42.391617    0.000000   -0.000009   -0.015885   -0.001265    0.812022
 90   42.497551    0.000092   -0.000019   -0.006976   -0.008645    0.530571
 91   42.272614    0.000000    0.000020   -0.000776   -0.005195    0.241554
time 25
  0    0.000000    0.000000    0.000000    0.000000   -0.000000    0.000000
  1    0.000000    0.000000    0.000000    0.000000   -0.000000    0.000000
  2   40.400002    0.000000  231.018768    1.508564   -1.165573    0.067215
  3   50.309219   -0.435482    0.000004   -0.025311   -0.106602    0.013987
  4   30.891571   -0.000011    0.000000   -0.020186   -0.050229   -0.007640
  5   34.635590    0.000015    0.000000   -0.015031    0.184616    0.011818
  6   30.584290    0.000023    0.000002   -0.016293    0.080048    0.029170
  7   31.520203   -0.000015   -0.000004   -0.019161    0.067343    0.051406
  8   34.241211  -28.000023  -41.877995    1.042877   -0.512068   -0.265241
  9   34.241150   23.441811  -41.878094   -0.872562   -0.477069   -0.754467
 10   35.246704  -52.543083    1.319145    0.040712   -0.181399   -0.036764
 11   35.246552   52.726295    1.318932    0.099905   -0.119467   -0.928224
 12   34.830017  -24.891914   45.588608   -0.911004    0.182947   -0.227802
 13   34.885773   27.636574   43.767822    1.063395    0.215470   -0.688951
 14   29.239304  -51.573322   94.292938    1.064461   -0.210249   -2.342801
 15   42.375061    0.000000   -0.000008   -0.192760    0.007682    0.265943
 16   42.546074    0.000046    0.000000   -0.203166   -0.078364    0.504593
 17   42.234482    0.000031    0.000012   -0.102345   -0.204122    0.731338
 18   42.465012   -0.000008   -0.000015    0.016881   -0.069788    0.145776
 19   42.458069   -0.000069    0.000015   -0.071433    0.001267   -0.257417
 20   42.267975    0.000038    0.000015   -0.093069    0.080602   -0.587391
 21   42.505859    0.000031    0.000011    0.006293    0.026711   -0.323205
 22   42.233231   -0.000031   -0.000011    0.035992   -0.051455   -0.327049
 23   42.352333    0.000031   -0.000050    0.048196   -0.041964   -0.448252
 24   42.391697   -0.000031   -0.000019    0.003707   -0.043027   -0.053021
 25   42.497513    0.000000   -0.000004   -0.012901   -0.120078    0.479564
 26   42.272720    0.000061   -0.000008    0.126095   -0.180622    0.696870
 27   29.239395   55.382603   92.214943   -0.302063   -0.693314    3.131533
 28   42.375061    0.000000   -0.000015   -0.004186   -0.077827   -0.125641
 29   42.546104   -0.000031    0.000000   -0.007333   -0.087587   -0.144507
 30   42.234428    0.000046    0.000015   -0.009310   -0.147735   -0.220725
 31   42.465012   -0.000061    0.000000    0.003854   -0.097832   -0.163805
 32   42.458069   -0.000031    0.000000    0.021383    0.075762    0.038935
 33   42.267868   -0.000031    0.000031    0.053498    0.244073    0.210850
 34   42.505997    0.000076    0.000000    0.023775    0.181905    0.119499
 35   42.233063   -0.000046   -0.000031    0.012352    0.204856    0.103120
 36   42.352234   -0.000061   -0.000031    0.053497    0.403755    0.257481
 37   42.391693    0.000061    0.000000    0.017716    0.040820   -0.279539
 38   42.497635    0.000031   -0.000031    0.052985   -0.019261   -0.201467
 39   42.272644    0.000137   -0.000061    0.026725    0.006323   -0.095911
 40   29.239365  106.746613    1.740836    0.000453    0.020901    3.081888
 41   42.375046    0.000015    0.000000    0.002173   -0.000274   -0.104285
 42   42.546143   -0.000015    0.000000    0.003864   -0.000899   -0.188700
 43   42.234489    0.000031   -0.000002    0.008423   -0.003772   -0.447108
 44   42.465027    0.000046   -0.000006    0.010966   -0.012992   -0.890283
 45   42.458038   -0.000008   -0.000003   -0.000571   -0.002697   -0.148300
 46   42.267883   -0.000015    0.000004    0.002586    0.009618    0.403643
 47   42.505859    0.000031    0.000004   -0.001117    0.008481    0.334715
 48   42.233078    0.000031   -0.000012   -0.004165    0.008758    0.369424
 49   42.352234    0.000061    0.000002   -0.012756    0.012216    0.723638
 50   42.391678    0.000000   -0.000003   -0.008142    0.000330    0.313376
 51   42.497604   -0.000031   -0.000011   -0.000302   -0.000084    0.011892
 52   42.272709   -0.000031    0.000002    0.005314    0.001557   -0.211256
 53   29.239456   50.706913  -91.389114    0.989513    0.472758   -3.049420
 54   42.375122    0.000031    0.000000    0.011968   -0.000641   -0.094496
 55   42.546051    0.000031    0.000011    0.028734   -0.002885   -0.154664
 56   42.234520   -0.000046   -0.000004    0.061506   -0.013655   -0.322326
 57   42.465012    0.000015    0.000017    0.064925   -0.062957   -0.730488
 58   42.458115    0.000038   -0.000017   -0.012203   -0.021659   -0.034878
 59   42.267975   -0.000107    0.000011    0.005638    0.040010    0.415086
 60   42.505920    0.000046    0.000004   -0.010331    0.002485    0.161237
 61   42.233185   -0.000122   -0.000013   -0.031708   -0.065003    0.311459
 62   42.352264   -0.000031   -0.000019   -0.073472   -0.066813    0.559293
 63   42.391708    0.000000    0.000008   -0.019287   -0.085264    0.123514
 64   42.497566   -0.000031    0.000008    0.006018   -0.152858   -0.305433
 65   42.272720   -0.000031    0.000008   -0.047943   -0.157910   -0.282996
 66   29.239365  -56.044834  -91.389030    1.116938    3.028958    0.418060
 67   42.375092    0.000000   -0.000015    0.101317   -0.138390    0.081934
 68   42.546112    0.000015    0.000015    0.105429   -0.398371    0.317276
 69   42.234474    0.000000   -0.000015   -0.359808   -0.729791    1.130154
 70   42.464996   -0.000046   -0.000015   -0.026051   -0.127410    0.181779
 71   42.458160    0.000038   -0.000023    0.035969    0.203400   -0.180981
 72   42.267944   -0.000069    0.000015   -0.010678    0.384909   -0.383348
 73   42.505981    0.000076    0.000000   -0.037401    0.277240   -0.344150
 74   42.233124    0.000000    0.000015   -0.136568    0.275508   -0.491397
 75   42.352158   -0.000031   -0.000061   -0.051321    0.126084   -0.142490
 76   42.391747   -0.000015   -0.000031    0.025558   -0.027479    0.234020
 77   42.497528    0.000000   -0.000031   -0.092221   -0.094796    0.601092
 78   42.272614    0.000000    0.000031   -0.175128   -0.064410    0.403887
 79   29.239304 -106.786255    1.740905   -0.000459   -0.011436   -1.554060
 80   42.375069    0.000000   -0.000003    0.004279   -0.005805    0.385873
 81   42.546051    0.000000    0.000004    0.007397   -0.006700    0.476474
 82   42.234558   -0.000008   -0.000003   -0.000468    0.002184   -0.022432
 83   42.465027   -0.000023   -0.000001   -0.011665    0.010606   -0.665675
 84   42.458069    0.000061   -0.000001   -0.001624    0.009423   -0.370147
 85   42.267883    0.000000   -0.000005    0.001377    0.007144   -0.273688
 86   42.505966   -0.000031    0.000019    0.008318    0.016955   -0.781764
 87   42.233002    0.000031   -0.000012    0.011133    0.003894   -0.460573
 88   42.352295   -0.000031   -0.000001   -0.004434    0.000555    0.169632
 89   42.391754    0.000000   -0.000007   -0.023987   -0.001071    1.112116
 90   42.497498    0.000061   -0.000018   -0.005460   -0.011988    0.510864
 91   42.272522   -0.000015    0.000020    0.000387   -0.004973    0.186272
time 26
  0    0.000000    0.000000    0.000000    0.000000   -0.000000    0.000000
  1    0.000000    0.000000    0.000000    0.000000   -0.000000    0.000000
  2   39.885277    0.000000  212.449707    1.498677   -1.153591    0.077848
  3   50.309219   -0.435482    0.000003   -0.013138   -0.136235    0.024868
  4   30.891571   -0.000015    0.000000   -0.007991   -0.078830    0.001432
  5   34.635620    0.000008    0.000000   -0.004617    0.147263    0.019153
  6   30.584290    0.000031    0.000000   -0.011207    0.070986    0.034427
  7   31.520203    0.000015    0.000002   -0.019522    0.082160    0.054644
  8   34.241211  -28.000031  -41.877998    1.033121   -0.519680   -0.238419
  9   34.241119   23.441795  -41.878094   -0.881926   -0.487873   -0.735421
 10   35.246735  -52.543068    1.319145    0.031351   -0.184606   -0.012967
 11   35.246552   52.726295    1.318928    0.100555   -0.127348   -0.911361
 12   34.830017  -24.891937   45.588612   -0.918356    0.179943   -0.208516
 13   34.885803   27.636581   43.767818    1.056380    0.210190   -0.670851
 14   29.239319  -51.573315   94.292931    1.001825   -0.228268   -2.311613
 15   42.375053    0.000000   -0.000023   -0.205953   -0.005203    0.304297
 16   42.546036    0.000031    0.000021   -0.217571   -0.118155    0.580975
 17   42.234528    0.000015    0.000025   -0.067489   -0.223888    0.674072
 18   42.464935    0.000008   -0.000015    0.009607   -0.057628    0.083902
 19   42.458099   -0.000107   -0.000008   -0.089289    0.003794   -0.318150
 20   42.267944    0.000046    0.000015   -0.099290    0.075215   -0.592916
 21   42.505829    0.000031   -0.000019   -0.000793    0.024685   -0.319890
 22   42.233154    0.000000   -0.000031    0.027944   -0.032215   -0.355841
 23   42.352257    0.000031   -0.000002    0.037992   -0.015306   -0.421365
 24   42.391735    0.000000    0.000031   -0.002801   -0.042420    0.013739
 25   42.497509   -0.000031    0.000008   -0.009126   -0.143804    0.627735
 26   42.272690    0.000092   -0.000031    0.136843   -0.150206    0.636577
 27   29.239349   55.382610   92.214973   -0.278857   -0.597758   -3.138370
 28   42.375069    0.000015    0.000000   -0.002034   -0.089986   -0.119863
 29   42.546074    0.000000    0.000015   -0.009294   -0.114896   -0.155960
 30   42.234451    0.000031    0.000015   -0.007615   -0.187918   -0.251188
 31   42.465012   -0.000076   -0.000015    0.011981   -0.167613   -0.238966
 32   42.458054   -0.000015   -0.000008    0.016436    0.044843    0.008730
 33   42.267822   -0.000046    0.000000    0.044311    0.247037    0.217582
 34   42.506012    0.000015   -0.000031    0.019901    0.187674    0.130705
 35   42.233063   -0.000031   -0.000031    0.033828    0.278278    0.205323
 36   42.352203   -0.000076   -0.000031    0.109091    0.448545    0.370944
 37   42.391712    0.000092    0.000000    0.036266   -0.057795   -0.356541
 38   42.497612    0.000061   -0.000031    0.073096   -0.067617   -0.253416
 39   42.272583    0.000092    0.000000    0.043021   -0.023763   -0.120951
 40   29.239365  106.746597    1.740839    0.000939    0.024653    3.083091
 41   42.375061    0.000015   -0.000004    0.002559   -0.000442   -0.104217
 42   42.546120    0.000000    0.000002    0.004618   -0.001292   -0.191579
 43   42.234459   -0.000015   -0.000002    0.010268   -0.005152   -0.466335
 44   42.465057    0.000046   -0.000005    0.012603   -0.016649   -0.913381
 45   42.458099    0.000000   -0.000004   -0.001001   -0.003457   -0.157468
 46   42.267883   -0.000031    0.000002    0.003713    0.010931    0.385267
 47   42.505890    0.000015    0.000005   -0.000560    0.012505    0.410532
 48   42.233139    0.000015   -0.000013   -0.005275    0.011556    0.404163
 49   42.352249    0.000031    0.000002   -0.015185    0.014130    0.707581
 50   42.391647    0.000000   -0.000003   -0.008910    0.000378    0.287689
 51   42.497643   -0.000031   -0.000012   -0.000068   -0.000017    0.002251
 52   42.272713   -0.000031    0.000001    0.007169    0.001813   -0.237655
 53   29.239334   50.706890  -91.389061    0.979513    0.416995   -3.093904
 54   42.375092    0.000000    0.000002    0.006589   -0.000910   -0.088084
 55   42.546074    0.000031    0.000015    0.020541   -0.002525   -0.149836
 56   42.234535   -0.000076   -0.000015    0.048655   -0.012139   -0.331292
 57   42.465012    0.000015    0.000000    0.041263   -0.063870   -0.861421
 58   42.458084    0.000031    0.000002   -0.019190   -0.009243   -0.099066
 59   42.268036   -0.000107   -0.000004    0.027982    0.050313    0.494410
 60   42.505951    0.000061    0.000004   -0.009357    0.021356    0.215571
 61   42.233215   -0.000076   -0.000011   -0.040664   -0.028438    0.382284
 62   42.352264   -0.000031   -0.000031   -0.091937   -0.018250    0.571306
 63   42.391716    0.000000    0.000019   -0.014845   -0.067438    0.056943
 64   42.497589    0.000031   -0.000023    0.030617   -0.136078   -0.390958
 65   42.272736   -0.000031   -0.000015   -0.033515   -0.139644   -0.316046
 66   29.239334  -56.044834  -91.389023    1.127378    3.012829    0.437185
 67   42.375076    0.000008    0.000000    0.111116   -0.175440    0.106648
 68   42.546082    0.000023    0.000031    0.045905   -0.598369    0.552592
 69   42.234451    0.000015    0.000000   -0.290523   -0.604927    0.943445
 70   42.464996   -0.000015    0.000008    0.002844   -0.025584    0.055344
 71   42.458069    0.000046   -0.000011    0.036331    0.274802   -0.250988
 72   42.267914   -0.000061    0.000000   -0.003932    0.352309   -0.352967
 73   42.505966    0.000031    0.000000   -0.054763    0.287248   -0.399605
 74   42.233139   -0.000015    0.000046   -0.153610    0.272241   -0.489997
 75   42.352173   -0.000122    0.000031   -0.019996    0.074853   -0.034487
 76   42.391811    0.000015    0.000000    0.014236   -0.088850    0.389605
 77   42.497513    0.000015    0.000061   -0.126452   -0.097320    0.557296
 78   42.272797   -0.000027    0.000061   -0.176401   -0.083240    0.347370
 79   29.239334 -106.786270    1.740903   -0.000952   -0.017508   -1.408937
 80   42.375031   -0.000031   -0.000004    0.006011   -0.005446    0.352934
 81   42.546021    0.000015    0.000001    0.008629   -0.006169    0.415689
 82   42.234497   -0.000015   -0.000009   -0.001187    0.002844   -0.046605
 83   42.465057   -0.000015   -0.000004   -0.013963    0.012449   -0.652936
 84   42.458008    0.000031    0.000000   -0.002283    0.011356   -0.371146
 85   42.267883   -0.000061   -0.000004    0.001535    0.009497   -0.301164
 86   42.505966    0.000000    0.000016    0.010387    0.021713   -0.844858
 87   42.233047    0.000031   -0.000011    0.011632    0.003406   -0.393498
 88   42.352295   -0.000031    0.000001   -0.006806    0.000744    0.218901
 89   42.391647    0.000031   -0.000005   -0.029179   -0.003152    1.145876
 90   42.497574    0.000031   -0.000019   -0.004966   -0.013982    0.474362
 91   42.272583    0.000023    0.000019    0.000699   -0.005615    0.175250
time 27
  0    0.000000    0.000000    0.000000    0.000000   -0.000000    0.000000
  1    0.000000    0.000000    0.000000    0.000000   -0.000000    0.000000
  2   38.436859    0.000000  192.508789    1.487431   -1.146152    0.089941
  3   50.309189   -0.435482    0.000003    0.000911   -0.176373    0.040904
  4   30.891541   -0.000011    0.000000    0.006091   -0.119786    0.014800
  5   34.635559    0.000008    0.000015    0.007204    0.092216    0.029963
  6   30.584290    0.000031    0.000000   -0.005936    0.056629    0.042173
  7   31.520172    0.000000    0.000000   -0.020054    0.095741    0.058152
  8   34.241211  -28.000023  -41.878010    1.006640   -0.540339   -0.165616
  9   34.241150   23.441803  -41.878101   -0.890774   -0.517198   -0.683725
 10   35.246735  -52.543076    1.319139    0.005942   -0.193311    0.051625
 11   35.246582   52.726307    1.318923    0.102318   -0.148739   -0.865590
 12   34.830048  -24.891930   45.588615   -0.938309    0.171789   -0.156167
 13   34.885803   27.636581   43.767830    1.048965    0.195858   -0.621722
 14   29.239304  -51.573357   94.293007    0.933709   -0.262395   -2.267245
 15   42.375076    0.000000   -0.000004   -0.229182   -0.024189    0.369250
 16   42.546120    0.000046    0.000034   -0.218559   -0.169675    0.661010
 17   42.234482    0.000046    0.000027   -0.017518   -0.211372    0.548718
 18   42.464966    0.000015    0.000000   -0.003513   -0.044016    0.017854
 19   42.458099   -0.000061   -0.000023   -0.113782    0.009618   -0.410497
 20   42.267975    0.000046   -0.000004   -0.092997    0.072015   -0.571057
 21   42.505951    0.000031    0.000004   -0.003530    0.021201   -0.305920
 22   42.233170    0.000031   -0.000011    0.024920   -0.012389   -0.406444
 23   42.352348    0.000061    0.000025    0.031617   -0.000930   -0.358000
 24   42.391773    0.000031   -0.000008   -0.014988   -0.053284    0.140738
 25   42.497589    0.000000   -0.000008    0.007433   -0.160215    0.753040
 26   42.272919    0.000061   -0.000015    0.133023   -0.103544    0.532955
 27   29.239304   55.382599   92.215034   -0.238123   -0.479647    3.111675
 28   42.375092    0.000000    0.000031    0.010188   -0.089848   -0.102101
 29   42.546074   -0.000015    0.000031    0.000348   -0.134385   -0.151826
 30   42.234459    0.000046    0.000015    0.007560   -0.239276   -0.276835
 31   42.465027   -0.000076    0.000031    0.050465   -0.291572   -0.358149
 32   42.458054    0.000000    0.000008    0.015754    0.000027   -0.021775
 33   42.267853   -0.000092    0.000008    0.040404    0.267302    0.258369
 34   42.505981    0.000046    0.000015    0.020089    0.184882    0.158379
 35   42.233124   -0.000061    0.000015    0.070178    0.323694    0.307359
 36   42.352142   -0.000107    0.000061    0.190755    0.479337    0.473232
 37   42.391682    0.000092   -0.000061    0.038628   -0.208464   -0.412876
 38   42.497559    0.000061    0.000000    0.065455   -0.145458   -0.275854
 39   42.272583    0.000107    0.000000    0.037736   -0.063579   -0.125476
 40   29.239349  106.746628    1.740838    0.001393    0.028712    3.064883
 41   42.375076    0.000000   -0.000005    0.002945   -0.000666   -0.102996
 42   42.546097    0.000015   -0.000000    0.005350   -0.001784   -0.191164
 43   42.234459   -0.000015   -0.000004    0.012158   -0.006834   -0.479723
 44   42.465073   -0.000031   -0.000007    0.014176   -0.020964   -0.938919
 45   42.458099    0.000000   -0.000004   -0.001465   -0.003745   -0.150576
 46   42.267914   -0.000038    0.000003    0.005745    0.014339    0.435184
 47   42.505890    0.000023    0.000005   -0.000663    0.018943    0.531586
 48   42.233063    0.000000   -0.000010   -0.007273    0.012259    0.383497
 49   42.352219   -0.000031    0.000001   -0.017071    0.013330    0.615073
 50   42.391678   -0.000031   -0.000005   -0.009899    0.000482    0.271881
 51   42.497608   -0.000061   -0.000012    0.002490    0.000568   -0.069498
 52   42.272690    0.000031   -0.000002    0.012209    0.001887   -0.339895
 53   29.239319   50.706902  -91.389122    0.970157    0.358461   -3.131268
 54   42.375061   -0.000015    0.000008    0.001167   -0.002633   -0.078875
 55   42.546082    0.000031    0.000004    0.011332   -0.004734   -0.137685
 56   42.234535   -0.000031   -0.000023    0.030987   -0.014401   -0.314213
 57   42.465012    0.000015   -0.000010    0.004860   -0.072062   -0.999131
 58   42.458099    0.000046   -0.000017   -0.044903    0.001003   -0.231529
 59   42.267975   -0.000114    0.000011    0.057912    0.047331    0.535871
 60   42.505890    0.000061    0.000000   -0.000473    0.050589    0.308706
 61   42.233185   -0.000076   -0.000034   -0.044603    0.022576    0.444253
 62   42.352264   -0.000031   -0.000010   -0.117784    0.027047    0.591407
 63   42.391693    0.000031    0.000000   -0.008914   -0.043884    0.018650
 64   42.497581    0.000000   -0.000011    0.072833   -0.093928   -0.463068
 65   42.272705    0.000000   -0.000008   -0.001160   -0.111950   -0.363771
 66   29.239273  -56.044861  -91.389076    1.144292    2.984228    0.461347
 67   42.375107    0.000008    0.000015    0.127668   -0.253172    0.161146
 68   42.546127    0.000000    0.000031   -0.153689   -0.754268    0.898133
 69   42.234482    0.000023   -0.000031   -0.155553   -0.408943    0.592358
 70   42.465027    0.000000   -0.000011    0.018618    0.038514   -0.015257
 71   42.458130    0.000046   -0.000038    0.030929    0.336964   -0.313703
 72   42.267975   -0.000076   -0.000023   -0.003324    0.319300   -0.335219
 73   42.505997    0.000076    0.000000   -0.092106    0.307073   -0.485890
 74   42.233139    0.000000    0.000000   -0.133979    0.236813   -0.392242
 75   42.352158   -0.000046   -0.000031    0.005795    0.022219    0.067027
 76   42.391792    0.000031    0.000000   -0.028017   -0.144857    0.532885
 77   42.497620    0.000046    0.000031   -0.143604   -0.100223    0.476271
 78   42.272766   -0.000015    0.000046   -0.158277   -0.091954    0.282788
 79   29.239288 -106.786224    1.740905   -0.001415   -0.026143   -1.240373
 80   42.375092   -0.000015   -0.000006    0.007495   -0.003397    0.292067
 81   42.546082   -0.000015    0.000004    0.009547   -0.004820    0.350323
 82   42.234558   -0.000015   -0.000006   -0.001876    0.003537   -0.061223
 83   42.465057    0.000023   -0.000001   -0.016441    0.014167   -0.637963
 84   42.458008    0.000031   -0.000001   -0.003201    0.013504   -0.375533
 85   42.267914    0.000000   -0.000005    0.001573    0.012232   -0.327067
 86   42.505997    0.000000    0.000015    0.012426    0.026772   -0.889374
 87   42.232986   -0.000061   -0.000018    0.011957    0.003086   -0.338884
 88   42.352295   -0.000061   -0.000004   -0.010070    0.000873    0.275936
 89   42.391769    0.000000   -0.000009   -0.034305   -0.006391    1.154616
 90   42.497589    0.000031   -0.000017   -0.004232   -0.015761    0.438240
 91   42.272522   -0.000053    0.000024    0.001037   -0.006224    0.165090
time 28
  0    0.000000    0.000000    0.000000    0.000000   -0.000000    0.000000
  1    0.000000    0.000000    0.000000    0.000000   -0.000000    0.000000
  2   36.198402    0.000000  171.589157    1.474726   -1.143597    0.103604
  3   50.309219   -0.435482    0.000004    0.015953   -0.223281    0.060376
  4   30.891541   -0.000011    0.000004    0.021174   -0.168900    0.031032
  5   34.635590    0.000015   -0.000008    0.019728    0.025373    0.043089
  6   30.584290    0.000031    0.000000   -0.000688    0.037587    0.051580
  7   31.520203   -0.000008    0.000008   -0.020699    0.107953    0.061756
  8   34.241180  -28.000019  -41.878006    0.967616   -0.570785   -0.058327
  9   34.241119   23.441807  -41.878098   -0.899173   -0.560413   -0.607541
 10   35.246704  -52.543102    1.319141   -0.031502   -0.206140    0.146812
 11   35.246521   52.726311    1.318928    0.104916   -0.180262   -0.798138
 12   34.830048  -24.891922   45.588600   -0.967714    0.159772   -0.079022
 13   34.885773   27.636585   43.767830    1.041278    0.174738   -0.549321
 14   29.239319  -51.573330   94.292938    0.855209   -0.318138   -2.204317
 15   42.375076    0.000000    0.000000   -0.256846   -0.053901    0.460322
 16   42.546082    0.000046    0.000025   -0.188549   -0.217412    0.694200
 17   42.234482    0.000031    0.000010    0.018869   -0.165977    0.393529
 18   42.464996    0.000008    0.000023   -0.019978   -0.033357   -0.045293
 19   42.458069   -0.000084    0.000008   -0.137469    0.015593   -0.514171
 20   42.267975    0.000061   -0.000004   -0.076821    0.066703   -0.522383
 21   42.505859    0.000000   -0.000015   -0.003405    0.016900   -0.291657
 22   42.233215    0.000061   -0.000034    0.026216    0.008503   -0.471450
 23   42.352280    0.000092    0.000000    0.025859   -0.000603   -0.258683
 24   42.391788   -0.000031    0.000019   -0.032496   -0.074626    0.350527
 25   42.497437    0.000000    0.000013    0.037498   -0.152406    0.756675
 26   42.272736    0.000076   -0.000031    0.114482   -0.060967    0.429832
 27   29.239349   55.382610   92.214966   -0.209899   -0.384206    3.063685
 28   42.375061    0.000015    0.000015    0.022321   -0.079422   -0.087113
 29   42.546097   -0.000031    0.000000    0.015296   -0.133118   -0.141423
 30   42.234467    0.000046    0.000000    0.034650   -0.268841   -0.291742
 31   42.465042   -0.000061    0.000015    0.139724   -0.426822   -0.502852
 32   42.458084   -0.000023    0.000000    0.022786   -0.055672   -0.049919
 33   42.267883   -0.000061   -0.000004    0.036718    0.292561    0.310246
 34   42.506042    0.000061    0.000008    0.023304    0.184383    0.198689
 35   42.233093   -0.000076    0.000015    0.097088    0.317102    0.365543
 36   42.352219   -0.000092   -0.000061    0.311827    0.510550    0.608215
 37   42.391747    0.000092    0.000000   -0.002866   -0.352795   -0.416726
 38   42.497650    0.000046    0.000000    0.023056   -0.219422   -0.286020
 39   42.272491    0.000153   -0.000015    0.012692   -0.084818   -0.116550
 40   29.239334  106.746628    1.740833    0.001740    0.032883    3.031723
 41   42.375046    0.000015   -0.000002    0.003415   -0.000966   -0.104264
 42   42.546089    0.000015   -0.000000    0.006257   -0.002467   -0.196319
 43   42.234467    0.000000   -0.000004    0.014717   -0.009463   -0.519699
 44   42.465073    0.000000   -0.000006    0.014190   -0.025871   -0.938745
 45   42.458069    0.000000   -0.000004   -0.001605   -0.002718   -0.111049
 46   42.267914   -0.000008    0.000001    0.009341    0.020784    0.561318
 47   42.505859    0.000015    0.000005   -0.002856    0.025456    0.625244
 48   42.233124    0.000061   -0.000012   -0.008829    0.010336    0.313787
 49   42.352211    0.000000    0.000000   -0.018130    0.011332    0.514843
 50   42.391663   -0.000031   -0.000005   -0.010077    0.000448    0.238185
 51   42.497620   -0.000031   -0.000010    0.010481    0.002056   -0.252377
 52   42.272713   -0.000031   -0.000002    0.021246   -0.001229   -0.512057
 53   29.239334   50.706898  -91.389053    0.961592    0.315366    3.118101
 54   42.375061   -0.000015    0.000004   -0.002830   -0.005100   -0.072735
 55   42.546082    0.000031    0.000002    0.004198   -0.008672   -0.129523
 56   42.234505   -0.000061   -0.000006    0.015815   -0.021732   -0.309303
 57   42.464985    0.000031   -0.000011   -0.045922   -0.091633   -1.104740
 58   42.458054    0.000038   -0.000031   -0.075938    0.017943   -0.315006
 59   42.267914   -0.000114    0.000021    0.075472    0.035870    0.501893
 60   42.505890    0.000099    0.000010    0.019083    0.074614    0.417474
 61   42.233154   -0.000061    0.000004   -0.044923    0.075750    0.511051
 62   42.352188    0.000031    0.000013   -0.145786    0.062594    0.608727
 63   42.391663    0.000031   -0.000011    0.000579   -0.021210   -0.012748
 64   42.497581   -0.000031    0.000000    0.121605   -0.040786   -0.518580
 65   42.272705    0.000000   -0.000026    0.040293   -0.082916   -0.393311
 66   29.239304  -56.044857  -91.388992    1.171939    2.935930    0.495752
 67   42.375092    0.000015    0.000000    0.138372   -0.422381    0.296543
 68   42.546089    0.000000    0.000015   -0.327056   -0.745193    1.093949
 69   42.234467    0.000042   -0.000008   -0.053404   -0.206497    0.274563
 70   42.464981   -0.000031    0.000000    0.030341    0.097547   -0.075219
 71   42.458130    0.000008   -0.000031    0.024717    0.364063   -0.343607
 72   42.267822   -0.000061   -0.000031   -0.009199    0.300478   -0.343469
 73   42.505936    0.000092    0.000000   -0.135336    0.323285   -0.558046
 74   42.233147    0.000000   -0.000031   -0.095228    0.183744   -0.261118
 75   42.352142   -0.000015   -0.000031    0.022602   -0.037046    0.178860
 76   42.391838    0.000000   -0.000122   -0.076713   -0.173394    0.597813
 77   42.497559    0.000008    0.000046   -0.143700   -0.105762    0.398644
 78   42.272614   -0.000011    0.000046   -0.118599   -0.084346    0.208068
 79   29.239304 -106.786224    1.740908   -0.001771   -0.036965   -1.062423
 80   42.375107    0.000000    0.000000    0.007761    0.000198    0.211634
 81   42.546036    0.000000    0.000003    0.009985   -0.002759    0.286073
 82   42.234497   -0.000046   -0.000006   -0.002237    0.004143   -0.061529
 83   42.465057    0.000046   -0.000002   -0.018983    0.015429   -0.616539
 84   42.458069   -0.000015    0.000001   -0.004637    0.015962   -0.388379
 85   42.267899    0.000061   -0.000004    0.001352    0.015046   -0.345516
 86   42.505981    0.000000    0.000015    0.014006    0.032041   -0.914914
 87   42.233093    0.000000   -0.000013    0.012681    0.003235   -0.308851
 88   42.352249   -0.000031   -0.000001   -0.013625    0.000806    0.322495
 89   42.391800   -0.000031   -0.000006   -0.039075   -0.010205    1.143383
 90   42.497498    0.000015   -0.000021   -0.003642   -0.017583    0.413654
 91   42.272430    0.000031    0.000020    0.001386   -0.006890    0.158297
time 29
  0    0.000000    0.000000    0.000000    0.000000   -0.000000    0.000000
  1    0.000000    0.000000    0.000000    0.000000   -0.000000    0.000000
  2   33.313545    0.000000  150.083939    1.454233   -1.149319    0.124850
  3   50.309204   -0.435484    0.000003    0.031105   -0.273221    0.081566
  4   30.891541   -0.000023    0.000004    0.036370   -0.221974    0.048698
  5   34.635605    0.000004   -0.000008    0.032252   -0.047368    0.057374
  6   30.584305    0.000011   -0.000008    0.004327    0.014472    0.061817
  7   31.520172   -0.000011    0.000000   -0.021402    0.118658    0.065283
  8   34.241211  -28.000038  -41.878014    0.920229   -0.607755    0.071952
  9   34.241119   23.441799  -41.878105   -0.907189   -0.612889   -0.515033
 10   35.246704  -52.543114    1.319138   -0.076971   -0.221718    0.262398
 11   35.246521   52.726311    1.318924    0.108070   -0.218541   -0.716232
 12   34.830017  -24.891930   45.588600   -1.003420    0.145181    0.014655
 13   34.885773   27.636583   43.767822    1.033445    0.149093   -0.461405
 14   29.239319  -51.573364   94.292976    0.769979   -0.399436   -2.119351
 15   42.375069   -0.000031   -0.000008   -0.272098   -0.090370    0.552647
 16   42.546120    0.000031   -0.000013   -0.128919   -0.230540    0.654532
 17   42.234482    0.000019    0.000008    0.026613   -0.112519    0.256061
 18   42.465027    0.000008    0.000015   -0.038218   -0.027014   -0.108162
 19   42.458099   -0.000092    0.000023   -0.150026    0.016615   -0.602936
 20   42.267914    0.000046   -0.000019   -0.056640    0.054602   -0.461167
 21   42.505890    0.000000   -0.000031   -0.001392    0.010738   -0.288908
 22   42.233170    0.000000   -0.000019    0.031952    0.022960   -0.530765
 23   42.352318    0.000031    0.000011    0.015927   -0.010519   -0.135432
 24   42.391781   -0.000031   -0.000017   -0.042700   -0.084945    0.569501
 25   42.497574    0.000061   -0.000013    0.062255   -0.116999    0.680492
 26   42.272736    0.000053   -0.000046    0.085035   -0.029867    0.326977
 27   29.239319   55.382637   92.215012   -0.195981   -0.328742    3.007830
 28   42.375084   -0.000015   -0.000015    0.031307   -0.072557   -0.083407
 29   42.546097   -0.000015    0.000015    0.029819   -0.130770   -0.142897
 30   42.234497    0.000031   -0.000015    0.075972   -0.300133   -0.332788
 31   42.465057   -0.000076    0.000000    0.244231   -0.505313   -0.603085
 32   42.458084   -0.000008   -0.000008    0.024982   -0.064551   -0.027885
 33   42.267914   -0.000015    0.000000    0.037947    0.321057    0.362322
 34   42.506042    0.000023    0.000031    0.026196    0.178265    0.225580
 35   42.233093   -0.000076    0.000000    0.126423    0.311574    0.422337
 36   42.352203   -0.000092    0.000046    0.396718    0.506230    0.677130
 37   42.391708    0.000092   -0.000031   -0.057119   -0.469604   -0.417221
 38   42.497681    0.000031    0.000000   -0.023870   -0.245497   -0.277842
 39   42.272614    0.000107    0.000046   -0.007160   -0.085244   -0.106890
 40   29.239334  106.746674    1.740837    0.002567    0.037818    2.982803
 41   42.375061    0.000000   -0.000004    0.004254   -0.001636   -0.112904
 42   42.546135   -0.000015    0.000001    0.007952   -0.004070   -0.219618
 43   42.234482    0.000000   -0.000003    0.019275   -0.015922   -0.630942
 44   42.465073    0.000000   -0.000007    0.009365   -0.031474   -0.851728
 45   42.458054   -0.000038   -0.000003   -0.000403    0.000932   -0.018505
 46   42.267929   -0.000008    0.000003    0.015446    0.032427    0.770089
 47   42.505920    0.000015    0.000005   -0.008150    0.028059    0.586938
 48   42.233139   -0.000031   -0.000010   -0.009273    0.008229    0.238372
 49   42.352249    0.000061    0.000001   -0.020708    0.011196    0.472860
 50   42.391685   -0.000031   -0.000002   -0.005236    0.000120    0.103035
 51   42.497658   -0.000031   -0.000012    0.024716    0.001961   -0.502731
 52   42.272736   -0.000031   -0.000003    0.021032   -0.009244   -0.452256
 53   29.239319   50.706917  -91.389122    0.946193    0.299457    3.076654
 54   42.375122    0.000000   -0.000004   -0.006193   -0.007572   -0.075324
 55   42.546089    0.000046    0.000019   -0.001429   -0.013127   -0.139995
 56   42.234558   -0.000015   -0.000006    0.000224   -0.035497   -0.383466
 57   42.464981    0.000061    0.000008   -0.126868   -0.101263   -1.181641
 58   42.458115    0.000008    0.000010   -0.067704    0.042507   -0.223273
 59   42.267975   -0.000084    0.000002    0.081938    0.023365    0.493913
 60   42.505981    0.000076    0.000025    0.030755    0.081644    0.473172
 61   42.233154   -0.000046   -0.000015   -0.054217    0.116964    0.603872
 62   42.352264    0.000031    0.000034   -0.164852    0.063992    0.569470
 63   42.391724    0.000031   -0.000051    0.025164   -0.002057   -0.076780
 64   42.497589    0.000092   -0.000020    0.160771    0.002064   -0.573181
 65   42.272705    0.000031    0.000023    0.062637   -0.060742   -0.377935
 66   29.239304  -56.044891  -91.389076    1.222264    2.848143    0.551922
 67   42.375107    0.000008   -0.000015    0.035005   -0.684173    0.605100
 68   42.546082    0.000008    0.000038   -0.265295   -0.595454    0.879915
 69   42.234482    0.000038   -0.000019    0.004163   -0.049084    0.073601
 70   42.465027   -0.000015    0.000000    0.039638    0.192073   -0.166961
 71   42.458069    0.000008    0.000000    0.019604    0.347236   -0.332269
 72   42.267914   -0.000092    0.000031   -0.030711    0.306193   -0.399960
 73   42.505981    0.000092    0.000000   -0.175599    0.326780   -0.587263
 74   42.233124    0.000031    0.000092   -0.038491    0.095395   -0.085225
 75   42.352154   -0.000061    0.000000    0.015708   -0.128119    0.359112
 76   42.391769   -0.000031    0.000000   -0.112173   -0.165122    0.550564
 77   42.497528    0.000053    0.000000   -0.141380   -0.115007    0.333747
 78   42.272675   -0.000031    0.000031   -0.077558   -0.066961    0.135427
 79   29.239304 -106.786263    1.740904   -0.002622   -0.049334   -0.899279
 80   42.375092    0.000015   -0.000012    0.006511    0.003692    0.131727
 81   42.546066   -0.000023    0.000004    0.009971   -0.000807    0.224941
 82   42.234528    0.000008   -0.000005   -0.002149    0.004758   -0.048985
 83   42.465149    0.000000   -0.000002   -0.022180    0.017378   -0.586943
 84   42.458038   -0.000015    0.000000   -0.006883    0.019801   -0.410070
 85   42.267944    0.000031   -0.000006    0.001032    0.018507   -0.353238
 86   42.505936    0.000031    0.000015    0.015670    0.039252   -0.925539
 87   42.233063   -0.000092   -0.000013    0.014867    0.004171   -0.305604
 88   42.352264    0.000000   -0.000002   -0.017251    0.000554    0.342681
 89   42.391808    0.000000   -0.000007   -0.045970   -0.014177    1.126803
 90   42.497559   -0.000015   -0.000018   -0.003837   -0.020623    0.401642
 91   42.272552    0.000076    0.000022    0.001691   -0.008148    0.156127
time 30
  0    0.000000    0.000000    0.000000    0.000000   -0.000000    0.000000
  1    0.000000    0.000000    0.000000    0.000000   -0.000000    0.000000
  2   29.925926    0.000000  128.386215    1.420914   -1.165490    0.158443
  3   50.309204   -0.435478    0.000004    0.045483   -0.322459    0.102756
  4   30.891541   -0.000015    0.000004    0.050792   -0.274811    0.066363
  5   34.635590    0.000008    0.000000    0.044075   -0.120108    0.071658
  6   30.584290    0.000027    0.000008    0.008900   -0.012107    0.072054
  7   31.520187    0.000008    0.000000   -0.022104    0.127722    0.068559
  8   34.241211  -28.000023  -41.878006    0.868662   -0.647987    0.213727
  9   34.241150   23.441814  -41.878098   -0.914890   -0.669996   -0.414361
 10   35.246735  -52.543091    1.319145   -0.126451   -0.238670    0.388182
 11   35.246552   52.726326    1.318916    0.111504   -0.260197   -0.627099
 12   34.830048  -24.891922   45.588600   -1.042276    0.129302    0.116597
 13   34.885803   27.636597   43.767815    1.025592    0.121184   -0.365732
 14   29.239304  -51.573353   94.292969    0.679850   -0.507395   -2.005007
 15   42.375061    0.000000    0.000005   -0.257752   -0.118030    0.601861
 16   42.546097    0.000031    0.000004   -0.067945   -0.198409    0.570495
 17   42.234497    0.000015    0.000000    0.015912   -0.072255    0.154288
 18   42.464996    0.000000   -0.000015   -0.056544   -0.026849   -0.174909
 19   42.458099   -0.000053   -0.000008   -0.144714    0.007715   -0.656326
 20   42.267975    0.000076   -0.000015   -0.038796    0.036230   -0.406126
 21   42.505905    0.000031   -0.000015    0.002906    0.003903   -0.320324
 22   42.233177   -0.000031    0.000015    0.041705    0.017572   -0.538019
 23   42.352272    0.000000   -0.000011    0.000881   -0.018741   -0.004084
 24   42.391811   -0.000092    0.000004   -0.034368   -0.070913    0.750938
 25   42.497620    0.000061    0.000027    0.070111   -0.066535    0.557534
 26   42.272858    0.000099   -0.000015    0.058752   -0.009807    0.245835
 27   29.239349   55.382637   92.214973   -0.188175   -0.328872    2.937506
 28   42.375069   -0.000015    0.000008    0.040060   -0.081381   -0.099235
 29   42.546097   -0.000031    0.000015    0.049161   -0.156372   -0.178991
 30   42.234486    0.000053    0.000000    0.169569   -0.394468   -0.472093
 31   42.465042   -0.000034    0.000008    0.216523   -0.450823   -0.475136
 32   42.458069    0.000008    0.000015    0.004486    0.063078    0.106828
 33   42.267944   -0.000023    0.000000    0.048982    0.321060    0.387380
 34   42.505951    0.000069    0.000015    0.027697    0.153002    0.214325
 35   42.233124   -0.000031    0.000000    0.278973    0.423243    0.653599
 36   42.352219   -0.000122    0.000061    0.210400    0.331694    0.362010
 37   42.391716    0.000092   -0.000031   -0.056991   -0.568077   -0.507528
 38   42.497620    0.000000    0.000076   -0.029054   -0.170366   -0.200778
 39   42.272644    0.000122   -0.000015   -0.010709   -0.074300   -0.094972
 40   29.239349  106.746674    1.740835    0.004120    0.042965    2.914661
 41   42.375061    0.000000   -0.000003    0.005915   -0.003251   -0.137943
 42   42.546108    0.000031   -0.000002    0.011368   -0.008245   -0.284860
 43   42.234497    0.000000   -0.000002    0.023855   -0.029827   -0.810426
 44   42.465057   -0.000004   -0.000007   -0.002335   -0.029707   -0.604587
 45   42.458099    0.000008   -0.000006    0.004505    0.009215    0.140400
 46   42.267975   -0.000015    0.000001    0.020015    0.047578    0.931438
 47   42.505844   -0.000015    0.000004   -0.012271    0.024055    0.424421
 48   42.233139    0.000000   -0.000013   -0.012618    0.010397    0.255895
 49   42.352249    0.000000   -0.000001   -0.025254    0.011981    0.457843
 50   42.391663    0.000000   -0.000003    0.011460    0.000173   -0.183912
 51   42.497627    0.000000   -0.000010    0.036427   -0.006050   -0.612050
 52   42.272766   -0.000015   -0.000006    0.016973   -0.015984   -0.362526
 53   29.239349   50.706909  -91.389084    0.914251    0.323955    3.011985
 54   42.375092   -0.000015    0.000000   -0.010345   -0.010011   -0.097247
 55   42.546074    0.000015    0.000008   -0.009264   -0.018419   -0.201206
 56   42.234531   -0.000015    0.000015   -0.057406   -0.065870   -0.741656
 57   42.464981    0.000053    0.000010   -0.211315   -0.016007   -0.914560
 58   42.458054    0.000031    0.000003    0.004635    0.032454    0.064663
 59   42.267960   -0.000084    0.000003    0.077335    0.020565    0.603844
 60   42.505920    0.000107    0.000013    0.005362    0.084242    0.453819
 61   42.233170   -0.000046   -0.000015   -0.119625    0.120470    0.739886
 62   42.352280   -0.000061    0.000013   -0.108022    0.003343    0.299014
 63   42.391735   -0.000031    0.000015    0.100174    0.028074   -0.294078
 64   42.497620    0.000092   -0.000006    0.146411   -0.004152   -0.570475
 65   42.272766    0.000031   -0.000019    0.041958   -0.045979   -0.303090
 66   29.239319  -56.044880  -91.389053    1.334448    2.674018    0.675684
 67   42.375099   -0.000008   -0.000015   -0.216599   -0.809931    0.961971
 68   42.546127   -0.000034    0.000023   -0.107262   -0.371583    0.480331
 69   42.234467    0.000015    0.000004    0.022637    0.016821    0.002122
 70   42.464996   -0.000038   -0.000015    0.036277    0.267101   -0.239462
 71   42.458099    0.000000    0.000000    0.012671    0.324247   -0.324573
 72   42.267883   -0.000076    0.000000   -0.071149    0.334044   -0.490633
 73   42.505997    0.000031    0.000046   -0.154477    0.291044   -0.486313
 74   42.233131    0.000000    0.000031   -0.004407    0.022901    0.036145
 75   42.352188   -0.000061    0.000000   -0.028376   -0.200110    0.503807
 76   42.391830   -0.000046    0.000031   -0.123545   -0.156701    0.465061
 77   42.497528    0.000027    0.000031   -0.124606   -0.116876    0.273312
 78   42.272675   -0.000015    0.000000   -0.040781   -0.043171    0.075729
 79   29.239319 -106.786285    1.740906   -0.004228   -0.063385   -0.768385
 80   42.375107    0.000011   -0.000002    0.004466    0.006343    0.069287
 81   42.546082   -0.000038    0.000007    0.009362    0.001059    0.166395
 82   42.234528    0.000008   -0.000007   -0.001557    0.005387   -0.029003
 83   42.465057    0.000000   -0.000001   -0.026115    0.020404   -0.550473
 84   42.458130   -0.000046   -0.000001   -0.010249    0.025587   -0.437203
 85   42.267868   -0.000031   -0.000004    0.000697    0.022953   -0.352435
 86   42.505981    0.000031    0.000013    0.017666    0.049208   -0.924286
 87   42.233078    0.000000   -0.000010    0.019014    0.006173   -0.323071
 88   42.352325   -0.000031    0.000001   -0.021023    0.000193    0.340272
 89   42.391731    0.000031   -0.000004   -0.056098   -0.018317    1.107296
 90   42.497650    0.000092   -0.000019   -0.005083   -0.025391    0.399182
 91   42.272552   -0.000038    0.000025    0.001916   -0.010250    0.157638
time 31
  0    0.000000    0.000000    0.000000    0.000000   -0.000000    0.000000
  1    0.000000    0.000000    0.000000    0.000000   -0.000000    0.000000
  2   26.179199    0.000000  106.889198    1.376602   -1.190618    0.202618
  3   50.309212   -0.435478    0.000004    0.058203   -0.367258    0.122228
  4   30.891556   -0.000008    0.000000    0.063554   -0.323213    0.082595
  5   34.635590    0.000004    0.000008    0.054493   -0.186951    0.084784
  6   30.584290    0.000019    0.000000    0.012821   -0.041537    0.081461
  7   31.520187    0.000000    0.000015   -0.022750    0.135007    0.071410
  8   34.241211  -28.000023  -41.878006    0.817094   -0.688219    0.355501
  9   34.241119   23.441803  -41.878098   -0.922342   -0.727102   -0.313690
 10   35.246704  -52.543083    1.319138   -0.175931   -0.255622    0.513966
 11   35.246552   52.726315    1.318932    0.114937   -0.301853   -0.537966
 12   34.830017  -24.891930   45.588623   -1.081132    0.113423    0.218540
 13   34.885773   27.636589   43.767845    1.017846    0.093276   -0.270060
 14   29.239296  -51.573341   94.292984    0.575821   -0.634091   -1.845959
 15   42.375092   -0.000031    0.000003   -0.215730   -0.121941    0.581679
 16   42.546066    0.000038    0.000002   -0.029124   -0.141913    0.475364
 17   42.234482    0.000053   -0.000019    0.000958   -0.049212    0.087374
 18   42.464966    0.000008   -0.000011   -0.071797   -0.035464   -0.245150
 19   42.458099   -0.000046    0.000000   -0.123611   -0.012359   -0.667608
 20   42.268005    0.000031   -0.000023   -0.026114    0.015361   -0.369313
 21   42.505951   -0.000061   -0.000010    0.010790   -0.008682   -0.374869
 22   42.233200    0.000061    0.000000    0.051016   -0.003506   -0.502941
 23   42.352303    0.000092    0.000027   -0.017100   -0.015007    0.153962
 24   42.391708   -0.000031   -0.000027   -0.005828   -0.033931    0.837935
 25   42.497528    0.000015   -0.000023    0.062611   -0.021230    0.437083
 26   42.272919    0.000057   -0.000031    0.039930    0.003176    0.188769
 27   29.239281   55.382614   92.214951   -0.171215   -0.380805    2.840363
 28   42.375076   -0.000015   -0.000015    0.054617   -0.109334   -0.137889
 29   42.546082   -0.000023    0.000015    0.085157   -0.214769   -0.250849
 30   42.234444    0.000038   -0.000015    0.270372   -0.474213   -0.587444
 31   42.465042   -0.000076    0.000004    0.082973   -0.244286   -0.186278
 32   42.458130   -0.000031   -0.000015    0.013122    0.231954    0.281301
 33   42.267944   -0.000053    0.000027    0.040154    0.228711    0.301161
 34   42.506012    0.000046    0.000000    0.046835    0.182726    0.256853
 35   42.233154    0.000000    0.000015    0.485437    0.538350    0.893281
 36   42.352242   -0.000107    0.000000   -0.024762   -0.066840   -0.057541
 37   42.391716    0.000092    0.000000   -0.033754   -0.498218   -0.502316
 38   42.497620    0.000000    0.000015   -0.016889   -0.122962   -0.152982
 39   42.272614    0.000107    0.000015   -0.006795   -0.066119   -0.086290
 40   29.239342  106.746674    1.740839    0.005722    0.045748    2.821100
 41   42.375069    0.000000   -0.000002    0.008675   -0.006734   -0.189354
 42   42.546112   -0.000015    0.000000    0.016095   -0.017437   -0.409219
 43   42.234467    0.000000   -0.000004    0.018722   -0.046926   -0.913008
 44   42.465073    0.000023   -0.000009   -0.008024   -0.013974   -0.281631
 45   42.458054   -0.000038   -0.000006    0.016131    0.025398    0.393309
 46   42.267914    0.000008   -0.000001    0.012918    0.057809    0.850750
 47   42.505920    0.000031    0.000004   -0.013470    0.020823    0.318037
 48   42.233154    0.000000   -0.000011   -0.023861    0.019873    0.411104
 49   42.352264    0.000000    0.000004   -0.021146    0.006323    0.295787
 50   42.391697    0.000031   -0.000005    0.033597    0.000176   -0.456746
 51   42.497665    0.000031   -0.000014    0.042141   -0.019559   -0.628974
 52   42.272736    0.000061    0.000001    0.010995   -0.018537   -0.271524
 53   29.239326   50.706909  -91.389076    0.854590    0.384357    2.912120
 54   42.375099   -0.000015   -0.000011   -0.019134   -0.011546   -0.152095
 55   42.546089    0.000046    0.000002   -0.036241   -0.019906   -0.362710
 56   42.234535   -0.000031    0.000002   -0.188770   -0.036518   -1.014102
 57   42.465057    0.000069    0.000019   -0.112812    0.075362   -0.364091
 58   42.458099    0.000046    0.000009    0.051941   -0.001987    0.349450
 59   42.267975   -0.000099   -0.000006    0.034491    0.031616    0.528197
 60   42.505859    0.000076   -0.000004   -0.038166    0.073208    0.566220
 61   42.233215   -0.000061    0.000025   -0.173860    0.048335    0.684941
 62   42.352303    0.000061    0.000008   -0.003764   -0.001272    0.010702
 63   42.391754    0.000061    0.000015    0.142274    0.058744   -0.518190
 64   42.497559    0.000031    0.000001    0.081777   -0.016987   -0.442072
 65   42.272705   -0.000031   -0.000004    0.019842   -0.029378   -0.251223
 66   29.239281  -56.044880  -91.389008   -1.510588    0.765286   -2.131106
 67   42.375084    0.000015   -0.000015   -0.248151   -0.716908    0.924987
 68   42.546112   -0.000015    0.000034   -0.017230   -0.188240    0.217890
 69   42.234451    0.000015    0.000008    0.032557    0.067531   -0.047952
 70   42.464996   -0.000023    0.000011    0.024934    0.316902   -0.290608
 71   42.458099    0.000061   -0.000015    0.003513    0.308965   -0.329903
 72   42.267944   -0.000092    0.000031   -0.116078    0.362565   -0.569303
 73   42.505951    0.000092    0.000000   -0.103463    0.230278   -0.337999
 74   42.233124   -0.000031   -0.000031    0.011141   -0.044914    0.143330
 75   42.352188    0.000000    0.000000   -0.080571   -0.239099    0.575450
 76   42.391785    0.000000   -0.000015   -0.117859   -0.151487    0.382616
 77   42.497589   -0.000011    0.000015   -0.092312   -0.104319    0.205151
 78   42.272705   -0.000031    0.000015   -0.022354   -0.029069    0.046779
 79   29.239296 -106.786285    1.740904   -0.005902   -0.078335   -0.672599
 80   42.375076   -0.000015    0.000000    0.002246    0.008369    0.027104
 81   42.546036    0.000008    0.000004    0.008036    0.003288    0.115054
 82   42.234497   -0.000008   -0.000003   -0.000505    0.005970   -0.008045
 83   42.465057   -0.000015   -0.000006   -0.029722    0.023150   -0.509736
 84   42.458099    0.000031    0.000002   -0.014763    0.032169   -0.466230
 85   42.267944    0.000000   -0.000002    0.000165    0.027477   -0.347067
 86   42.505951    0.000000    0.000015    0.019150    0.059853   -0.911942
 87   42.233063    0.000000   -0.000015    0.024658    0.009430   -0.354877
 88   42.352325    0.000000    0.000001   -0.023932   -0.000247    0.320991
 89   42.391788    0.000000   -0.000008   -0.067137   -0.021818    1.084644
 90   42.497528   -0.000015   -0.000019   -0.007162   -0.030921    0.403236
 91   42.272522    0.000008    0.000022    0.002021   -0.012858    0.162096
time 32
  0    0.000000    0.000000    0.000000    0.000000   -0.000000    0.000000
  1    0.000000    0.000000    0.000000    0.000000   -0.000000    0.000000
  2   22.217009    0.000000   85.985939    1.323128   -1.223209    0.255613
  3   50.309204   -0.435478    0.000003    0.068383   -0.403883    0.138263
  4   30.891525   -0.000008    0.000000    0.073767   -0.362983    0.095963
  5   34.635590    0.000008    0.000000    0.062805   -0.241998    0.095594
  6   30.584290    0.000023    0.000000    0.015881   -0.073210    0.089208
  7   31.520187    0.000000    0.000000   -0.023281    0.140380    0.073661
  8   34.241196  -28.000031  -41.878021    0.769708   -0.725189    0.485780
  9   34.241119   23.441795  -41.878098   -0.929613   -0.779578   -0.221181
 10   35.246704  -52.543091    1.319130   -0.221400   -0.271199    0.629551
 11   35.246536   52.726315    1.318924    0.118092   -0.340132   -0.456060
 12   34.830017  -24.891922   45.588600   -1.116838    0.098832    0.312216
 13   34.885773   27.636581   43.767822    1.010334    0.067630   -0.182144
 14   29.239319  -51.573349   94.292938    0.454062   -0.752779   -1.635038
 15   42.375069    0.000000    0.000003   -0.167462   -0.097951    0.499568
 16   42.546112    0.000019   -0.000008   -0.015920   -0.085366    0.388250
 17   42.234482    0.000031   -0.000015   -0.010920   -0.038191    0.050955
 18   42.464996    0.000015    0.000008   -0.077456   -0.054156   -0.298335
 19   42.458069   -0.000076   -0.000004   -0.096925   -0.043940   -0.659189
 20   42.267975    0.000000   -0.000008   -0.017267   -0.008014   -0.348598
 21   42.505951    0.000000    0.000004    0.022175   -0.032266   -0.429850
 22   42.233185    0.000031   -0.000027    0.056315   -0.031530   -0.454924
 23   42.352249    0.000000    0.000000   -0.027856    0.011818    0.323625
 24   42.391739   -0.000061   -0.000027    0.025810    0.016989    0.814664
 25   42.497467   -0.000015   -0.000019    0.051231    0.011448    0.358466
 26   42.272705    0.000030    0.000004    0.027374    0.012308    0.150758
 27   29.239288   55.382610   92.214928   -0.129390   -0.461770    2.706656
 28   42.375084    0.000015   -0.000023    0.079784   -0.148744   -0.189177
 29   42.546093   -0.000015    0.000023    0.141658   -0.288367   -0.338561
 30   42.234467    0.000046   -0.000015    0.238909   -0.444698   -0.491986
 31   42.465057   -0.000076    0.000019    0.016003   -0.041258    0.018778
 32   42.458099   -0.000023   -0.000004    0.044940    0.308994    0.382938
 33   42.267822   -0.000031    0.000008    0.035040    0.162796    0.229172
 34   42.506012    0.000061    0.000008    0.134637    0.313959    0.443946
 35   42.233078    0.000000    0.000000    0.411390    0.523457    0.735761
 36   42.352211   -0.000061    0.000061   -0.065789   -0.427336   -0.362225
 37   42.391754    0.000092    0.000015   -0.021247   -0.350432   -0.390541
 38   42.497589    0.000031   -0.000015   -0.009000   -0.103089   -0.130166
 39   42.272644    0.000130    0.000038   -0.003254   -0.058528   -0.076003
 40   29.239349  106.746651    1.740839    0.006762    0.043313    2.692020
 41   42.375053    0.000015    0.000000    0.012006   -0.013493   -0.275686
 42   42.546108    0.000000    0.000000    0.018390   -0.034865   -0.609179
 43   42.234451    0.000000   -0.000004   -0.002555   -0.048856   -0.749659
 44   42.465057    0.000008   -0.000008   -0.001609    0.001884   -0.033226
 45   42.458130   -0.000023   -0.000004    0.031051    0.046609    0.682125
 46   42.267944    0.000031    0.000000   -0.002229    0.053850    0.626739
 47   42.505859    0.000000    0.000006   -0.016477    0.022626    0.311115
 48   42.233086    0.000031   -0.000011   -0.036135    0.027358    0.533397
 49   42.352234    0.000061    0.000001   -0.001010    0.000118    0.011660
 50   42.391701    0.000031   -0.000005    0.053945   -0.005550   -0.652078
 51   42.497589    0.000000   -0.000013    0.034729   -0.030796   -0.526620
 52   42.272736    0.000015   -0.000004    0.005215   -0.014614   -0.167113
 53   29.239319   50.706902  -91.389046    0.753630    0.462954    2.770432
 54   42.375072   -0.000031   -0.000011   -0.042468   -0.006590   -0.250599
 55   42.546078    0.000015    0.000019   -0.124446    0.003850   -0.634200
 56   42.234543   -0.000038    0.000004   -0.240012    0.077686   -0.808054
 57   42.465042    0.000015    0.000001   -0.014532    0.042072   -0.007403
 58   42.458115    0.000038   -0.000021    0.046679   -0.040253    0.532516
 59   42.267975   -0.000076   -0.000007   -0.003672    0.020495    0.460922
 60   42.505920    0.000061    0.000025   -0.110470    0.030839    0.716418
 61   42.233185    0.000000   -0.000042   -0.125232   -0.029990    0.410723
 62   42.352295    0.000000    0.000031    0.061795    0.038734   -0.198817
 63   42.391647    0.000000   -0.000023    0.118573    0.072361   -0.597518
 64   42.497559    0.000061   -0.000012    0.035814   -0.004119   -0.328986
 65   42.272736    0.000023   -0.000020    0.005777   -0.009691   -0.203654
 66   29.239304  -56.044853  -91.388985   -0.974732    0.956508   -1.527214
 67   42.375084    0.000015    0.000000   -0.109145   -0.527819    0.622683
 68   42.546127    0.000000    0.000023    0.014352   -0.107879    0.121808
 69   42.234467    0.000015    0.000034    0.035635    0.100953   -0.080315
 70   42.465057   -0.000076   -0.000008    0.014857    0.328270   -0.305547
 71   42.458099    0.000011   -0.000008   -0.004564    0.307849   -0.342466
 72   42.267929   -0.000092    0.000015   -0.137309    0.380887   -0.600726
 73   42.505966    0.000092    0.000000   -0.068621    0.186925   -0.248069
 74   42.233139    0.000000    0.000000    0.009060   -0.097018    0.219230
 75   42.352173   -0.000015    0.000031   -0.102402   -0.250058    0.564145
 76   42.391785   -0.000015   -0.000015   -0.109403   -0.157466    0.343276
 77   42.497528   -0.000023    0.000000   -0.071137   -0.096844    0.169365
 78   42.272736   -0.000038    0.000000   -0.012977   -0.021213    0.031983
 79   29.239281 -106.786247    1.740900   -0.007008   -0.092294   -0.611359
 80   42.375092    0.000008   -0.000005    0.000361    0.009754    0.002269
 81   42.546021    0.000031    0.000006    0.006360    0.005578    0.076444
 82   42.234512   -0.000008   -0.000004    0.000786    0.006578    0.009944
 83   42.465088   -0.000038   -0.000002   -0.032170    0.024760   -0.469227
 84   42.458038    0.000015   -0.000003   -0.019880    0.038042   -0.493375
 85   42.267914    0.000000   -0.000006   -0.000596    0.031259   -0.341057
 86   42.505890   -0.000031    0.000015    0.019675    0.068823   -0.890699
 87   42.233063    0.000000   -0.000012    0.030750    0.013743   -0.392787
 88   42.352295    0.000031    0.000001   -0.025237   -0.000693    0.292295
 89   42.391705    0.000031   -0.000004   -0.076555   -0.023993    1.057472
 90   42.497559   -0.000015   -0.000017   -0.009773   -0.036018    0.410375
 91   42.272522   -0.000008    0.000018    0.001949   -0.015549    0.168686
time 33
  0    0.000000    0.000000    0.000000    0.000000   -0.000000    0.000000
  1    0.000000    0.000000    0.000000    0.000000   -0.000000    0.000000
  2   18.182991    0.000000   66.069588    1.262325   -1.261771    0.315663
  3   50.309204   -0.435480    0.000004    0.075139   -0.428597    0.149145
  4   30.891541   -0.000011    0.000000    0.080546   -0.389923    0.105035
  5   34.635605    0.000008    0.000000    0.068307   -0.279351    0.102930
  6   30.584274    0.000015    0.000000    0.017871   -0.106513    0.094465
  7   31.520180    0.000008    0.000000   -0.023642    0.143702    0.075139
  8   34.241180  -28.000038  -41.877991    0.730683   -0.755635    0.593069
  9   34.241104   23.441795  -41.878082   -0.936768   -0.822794   -0.144997
 10   35.246704  -52.543091    1.319138   -0.258844   -0.284028    0.724739
 11   35.246536   52.726303    1.318924    0.120690   -0.371655   -0.388608
 12   34.830032  -24.891922   45.588615   -1.146243    0.086816    0.389362
 13   34.885788   27.636581   43.767838    1.003181    0.046510   -0.109743
 14   29.239296  -51.573326   94.292961    0.319601   -0.833104   -1.384938
 15   42.375046   -0.000008    0.000004   -0.134111   -0.062019    0.383548
 16   42.546082    0.000038    0.000004   -0.018547   -0.040429    0.318585
 17   42.234482    0.000015    0.000010   -0.018702   -0.032346    0.035734
 18   42.464996    0.000023    0.000000   -0.072663   -0.078879   -0.320092
 19   42.458130   -0.000046    0.000027   -0.070632   -0.086639   -0.649978
 20   42.267944    0.000046   -0.000015   -0.010748   -0.034257   -0.339181
 21   42.505920    0.000000   -0.000015    0.034854   -0.067128   -0.467637
 22   42.233192    0.000031   -0.000008    0.059456   -0.062054   -0.422487
 23   42.352280    0.000031   -0.000008   -0.022555    0.058459    0.437965
 24   42.391663   -0.000031   -0.000023    0.048453    0.075156    0.770144
 25   42.497345    0.000031   -0.000023    0.040679    0.036182    0.306721
 26   42.272827    0.000071   -0.000015    0.019951    0.020373    0.131290
 27   29.239334   55.382591   92.214943   -0.036299   -0.578416    2.516892
 28   42.375057    0.000000    0.000000    0.110563   -0.190833   -0.235231
 29   42.546112   -0.000015    0.000015    0.177762   -0.332153   -0.376643
 30   42.234497    0.000042    0.000004    0.132263   -0.318011   -0.288065
 31   42.465012   -0.000065    0.000008    0.002982    0.119608    0.174866
 32   42.458099   -0.000031    0.000008    0.055325    0.281682    0.368436
 33   42.267914   -0.000023    0.000023    0.040227    0.157536    0.217109
 34   42.506012    0.000092    0.000015    0.289120    0.467832    0.686826
 35   42.233078    0.000000   -0.000031    0.147121    0.316380    0.328982
 36   42.352242   -0.000015    0.000061    0.004030   -0.565355   -0.553856
 37   42.391632    0.000107    0.000000   -0.008539   -0.228102   -0.269298
 38   42.497650    0.000046    0.000023   -0.003361   -0.089543   -0.111870
 39   42.272644    0.000137    0.000000   -0.000575   -0.049502   -0.062708
 40   29.239326  106.746597    1.740835    0.006862    0.032399    2.513223
 41   42.375050    0.000000   -0.000004    0.013120   -0.024327   -0.399997
 42   42.546104    0.000000   -0.000001    0.007169   -0.049283   -0.726793
 43   42.234467   -0.000015   -0.000002   -0.015992   -0.027515   -0.445325
 44   42.465057   -0.000008   -0.000005    0.009762    0.014985    0.163030
 45   42.458038    0.000000   -0.000002    0.034780    0.061544    0.815410
 46   42.267929    0.000031    0.000006   -0.010105    0.040756    0.427515
 47   42.505890    0.000000    0.000008   -0.025530    0.033686    0.438687
 48   42.233139   -0.000031   -0.000010   -0.036061    0.019549    0.437307
 49   42.352203   -0.000031    0.000004    0.023837   -0.001423   -0.251089
 50   42.391663    0.000000   -0.000005    0.060383   -0.018744   -0.691587
 51   42.497620    0.000031   -0.000011    0.023921   -0.034260   -0.424546
 52   42.272644    0.000025   -0.000001    0.002198   -0.010684   -0.107174
 53   29.239319   50.706894  -91.389107    0.585254    0.563032    2.563945
 54   42.375080    0.000000   -0.000027   -0.096184    0.021024   -0.389738
 55   42.546051    0.000015   -0.000004   -0.226157    0.083790   -0.742514
 56   42.234528   -0.000038   -0.000015   -0.144785    0.133356   -0.419680
 57   42.465012    0.000000   -0.000011    0.019813   -0.013284    0.198029
 58   42.458038    0.000015   -0.000024    0.013360   -0.061845    0.534659
 59   42.267975   -0.000107   -0.000019   -0.037084   -0.016715    0.490835
 60   42.505890    0.000076    0.000022   -0.173531   -0.047410    0.760127
 61   42.233185   -0.000092   -0.000008   -0.040765   -0.035194    0.155735
 62   42.352219   -0.000061    0.000038    0.089352    0.100773   -0.387963
 63   42.391678    0.000031   -0.000015    0.066977    0.075493   -0.516354
 64   42.497620    0.000031   -0.000042    0.014708    0.018225   -0.283391
 65   42.272736   -0.000008   -0.000022   -0.001268    0.007104   -0.149113
 66   29.239288  -56.044838  -91.389046   -0.491221    0.925149   -0.973347
 67   42.375084    0.000013   -0.000004   -0.003082   -0.334380    0.367983
 68   42.546082    0.000011    0.000008    0.025219   -0.087647    0.098537
 69   42.234436    0.000031    0.000008    0.033904    0.098735   -0.079949
 70   42.464996   -0.000061   -0.000008    0.008634    0.319374   -0.300964
 71   42.458069    0.000023   -0.000015   -0.006472    0.307790   -0.339146
 72   42.267914   -0.000061    0.000000   -0.131883    0.393184   -0.598505
 73   42.506004    0.000061    0.000000   -0.063741    0.195300   -0.257913
 74   42.233124    0.000061    0.000000    0.003682   -0.102099    0.210568
 75   42.352173   -0.000092    0.000061   -0.105760   -0.269738    0.555296
 76   42.391632   -0.000038    0.000000   -0.099163   -0.169145    0.333140
 77   42.497498    0.000027   -0.000015   -0.062894   -0.102519    0.167862
 78   42.272705    0.000015   -0.000031   -0.011635   -0.023206    0.033483
 79   29.239288 -106.786217    1.740907   -0.007136   -0.102931   -0.581550
 80   42.375061    0.000008   -0.000004   -0.000782    0.010452   -0.009118
 81   42.546051    0.000008    0.000003    0.004848    0.007436    0.051642
 82   42.234528    0.000023   -0.000003    0.002154    0.007194    0.025081
 83   42.465088   -0.000031   -0.000005   -0.033106    0.024978   -0.433891
 84   42.458008    0.000023    0.000001   -0.024528    0.041796   -0.515602
 85   42.267883    0.000046   -0.000004   -0.001472    0.033675   -0.336832
 86   42.505920    0.000000    0.000019    0.019231    0.074184   -0.865218
 87   42.233055    0.000000   -0.000017    0.035734    0.018190   -0.427775
 88   42.352295    0.000031   -0.000004   -0.024947   -0.001076    0.263042
 89   42.391708   -0.000061   -0.000010   -0.081969   -0.024706    1.022762
 90   42.497559    0.000031   -0.000019   -0.012433   -0.039520    0.418252
 91   42.272461    0.000053    0.000021    0.001670   -0.017797    0.176374
time 34
  0    0.000000    0.000000    0.000000    0.000000   -0.000000    0.000000
  1    0.000000    0.000000    0.000000    0.000000   -0.000000    0.000000
  2   14.220800    0.000000   47.533279    1.196025   -1.304811    0.381004
  3   50.309216   -0.435480    0.000005    0.077587   -0.437666    0.153154
  4   30.891541   -0.000010   -0.000004    0.083003   -0.399836    0.108377
  5   34.635582    0.000008    0.000008    0.070297   -0.293113    0.105632
  6   30.584274    0.000023   -0.000008    0.018580   -0.140836    0.096402
  7   31.520180    0.000008    0.000000   -0.023775    0.144840    0.075671
  8   34.241180  -28.000023  -41.878006    0.704203   -0.776295    0.665871
  9   34.241119   23.441811  -41.878113   -0.943874   -0.852118   -0.093301
 10   35.246704  -52.543083    1.319138   -0.284253   -0.292733    0.789331
 11   35.246552   52.726318    1.318916    0.122453   -0.393046   -0.342837
 12   34.830017  -24.891930   45.588608   -1.166196    0.078662    0.441711
 13   34.885773   27.636581   43.767807    0.996515    0.032179   -0.060614
 14   29.239323  -51.573349   94.292915    0.193587   -0.861985   -1.132544
 15   42.375076    0.000000   -0.000013   -0.119764   -0.034188    0.266555
 16   42.546066    0.000038    0.000012   -0.027786   -0.008602    0.258060
 17   42.234451    0.000031   -0.000002   -0.023069   -0.026935    0.035310
 18   42.464981    0.000046   -0.000015   -0.061897   -0.103264   -0.312747
 19   42.458130   -0.000046    0.000008   -0.044969   -0.138159   -0.644630
 20   42.267975    0.000000   -0.000015   -0.005256   -0.063435   -0.336143
 21   42.505951   -0.000031    0.000000    0.046211   -0.108936   -0.483601
 22   42.233185   -0.000031   -0.000031    0.063779   -0.097043   -0.415853
 23   42.352272    0.000092   -0.000023   -0.007093    0.112398    0.494619
 24   42.391769   -0.000061   -0.000046    0.065547    0.136059    0.734364
 25   42.497559    0.000031   -0.000004    0.032618    0.057279    0.272646
 26   42.272675    0.000058   -0.000042    0.015365    0.029164    0.122380
 27   29.239323   55.382614   92.214905    0.148447   -0.721596    2.238890
 28   42.375072    0.000008   -0.000015    0.122585   -0.208825   -0.236301
 29   42.546112   -0.000027    0.000031    0.155018   -0.310217   -0.325523
 30   42.234482    0.000046    0.000011    0.064923   -0.186621   -0.139009
 31   42.465042   -0.000080   -0.000015    0.018488    0.218060    0.282282
 32   42.458069   -0.000061   -0.000015    0.054307    0.241083    0.322919
 33   42.267914   -0.000031    0.000015    0.049605    0.180587    0.235981
 34   42.506012    0.000076    0.000015    0.367452    0.544323    0.801583
 35   42.233078   -0.000031    0.000000    0.020157    0.098270    0.088359
 36   42.352238   -0.000031    0.000031    0.058430   -0.574423   -0.618485
 37   42.391693    0.000046    0.000000    0.000571   -0.180162   -0.213681
 38   42.497620    0.000008   -0.000046    0.000282   -0.084215   -0.102332
 39   42.272583    0.000099   -0.000046    0.001098   -0.044829   -0.054759
 40   29.239353  106.746628    1.740838    0.005970    0.010757    2.268075
 41   42.375046    0.000000   -0.000005    0.005947   -0.033786   -0.507434
 42   42.546097   -0.000008   -0.000001   -0.012128   -0.045913   -0.673483
 43   42.234497    0.000004   -0.000006   -0.012060   -0.007383   -0.207995
 44   42.465057    0.000008   -0.000009    0.024373    0.028726    0.383810
 45   42.458038   -0.000023   -0.000004    0.023242    0.062625    0.725040
 46   42.267944   -0.000046    0.000000   -0.011803    0.035032    0.364659
 47   42.505875   -0.000031    0.000000   -0.034785    0.043865    0.581914
 48   42.233124    0.000031   -0.000011   -0.023833    0.008035    0.255602
 49   42.352253    0.000031    0.000002    0.043189   -0.002991   -0.448034
 50   42.391678    0.000000   -0.000006    0.055004   -0.030194   -0.657009
 51   42.497620   -0.000031   -0.000014    0.014869   -0.031754   -0.343184
 52   42.272736   -0.000023    0.000005    0.000858   -0.007988   -0.076993
 53   29.239315   50.706909  -91.389023    0.308455    0.675047    2.261406
 54   42.375080   -0.000008    0.000015   -0.164975    0.084419   -0.475173
 55   42.546051    0.000023    0.000023   -0.232357    0.170160   -0.618713
 56   42.234528   -0.000042   -0.000004   -0.069994    0.106196   -0.181078
 57   42.464996    0.000023   -0.000008    0.019022   -0.069734    0.316115
 58   42.458099    0.000023    0.000003   -0.014342   -0.088382    0.489229
 59   42.267944   -0.000092    0.000006   -0.074539   -0.077830    0.561266
 60   42.505951    0.000061    0.000004   -0.184124   -0.125920    0.683773
 61   42.233192   -0.000031    0.000015    0.005220   -0.005620    0.016060
 62   42.352257   -0.000031    0.000038    0.073221    0.161011   -0.491101
 63   42.391693    0.000031    0.000031    0.029955    0.093740   -0.438255
 64   42.497589    0.000015    0.000008    0.002589    0.042054   -0.252004
 65   42.272766    0.000004    0.000015   -0.003975    0.018652   -0.116397
 66   29.239307  -56.044861  -91.389000   -0.237769    0.808443   -0.666214
 67   42.375076   -0.000004    0.000002    0.053464   -0.172706    0.197221
 68   42.546097   -0.000027    0.000019    0.032156   -0.081735    0.092667
 69   42.234451    0.000031   -0.000011    0.031615    0.079516   -0.063814
 70   42.464966   -0.000008    0.000000    0.004731    0.298537   -0.285856
 71   42.458099    0.000046   -0.000015   -0.006553    0.305599   -0.328594
 72   42.267944   -0.000061   -0.000031   -0.113802    0.397598   -0.575243
 73   42.505951    0.000061    0.000015   -0.074011    0.238245   -0.324871
 74   42.233124    0.000000   -0.000031    0.000243   -0.076161    0.154384
 75   42.352203   -0.000061    0.000000   -0.102863   -0.292999    0.551251
 76   42.391815    0.000015   -0.000046   -0.089846   -0.185463    0.338220
 77   42.497589    0.000028    0.000000   -0.060159   -0.117346    0.184116
 78   42.272675    0.000000   -0.000027   -0.013055   -0.031202    0.043600
 79   29.239307 -106.786270    1.740906   -0.006217   -0.108051   -0.578727
 80   42.375061    0.000004   -0.000004   -0.001051    0.010506   -0.010985
 81   42.546036    0.000008    0.000006    0.003978    0.008486    0.040087
 82   42.234497   -0.000015   -0.000005    0.003463    0.007639    0.038686
 83   42.465073   -0.000015   -0.000007   -0.032586    0.023929   -0.408045
 84   42.458038    0.000008    0.000003   -0.027471    0.042547   -0.531014
 85   42.267975    0.000000   -0.000004   -0.002259    0.034273   -0.335197
 86   42.505966    0.000000    0.000019    0.018067    0.074917   -0.841617
 87   42.233055    0.000031   -0.000006    0.038084    0.021266   -0.451536
 88   42.352310    0.000000    0.000000   -0.023480   -0.001360    0.239219
 89   42.391697    0.000000   -0.000004   -0.081867   -0.024147    0.980931
 90   42.497589    0.000015   -0.000013   -0.014447   -0.040457    0.424228
 91   42.272522    0.000019    0.000019    0.001219   -0.019075    0.184233
time 35
  0    0.000000    0.000000    0.000000    0.000000   -0.000000    0.000000
  1    0.000000    0.000000    0.000000    0.000000   -0.000000    0.000000
  2   10.474073    0.000000   30.770134    1.126059   -1.350837    0.449873
  3   50.309216   -0.435482    0.000004    0.071839   -0.420053    0.142853
  4   30.891541   -0.000010    0.000000    0.076856   -0.383572    0.099304
  5   34.635597    0.000008    0.000004    0.065090   -0.288630    0.097807
  6   30.584297    0.000023    0.000000    0.017204   -0.189332    0.089261
  7   31.520187    0.000008    0.000000   -0.022014    0.094240    0.070066
  8   34.241211  -28.000015  -41.878006    0.694446   -0.783907    0.692694
  9   34.241135   23.441811  -41.878098   -0.951000   -0.862922   -0.074256
 10   35.246704  -52.543083    1.319145   -0.293614   -0.295940    0.813128
 11   35.246552   52.726318    1.318909    0.123102   -0.400927   -0.325975
 12   34.830032  -24.891922   45.588615   -1.173547    0.075657    0.460997
 13   34.885773   27.636589   43.767818    0.990461    0.026898   -0.042514
 14   29.239319  -51.573334   94.292953    0.102135   -0.848011   -0.919518
 15   42.375092   -0.000008    0.000000   -0.115891   -0.020913    0.171428
 16   42.546082    0.000031   -0.000010   -0.038695    0.009541    0.198590
 17   42.234482   -0.000015   -0.000010   -0.025196   -0.019141    0.043623
 18   42.464981    0.000000   -0.000011   -0.049661   -0.122463   -0.287025
 19   42.458069   -0.000084    0.000000   -0.018693   -0.194633   -0.640209
 20   42.267929    0.000015   -0.000015    0.000121   -0.095108   -0.335560
 21   42.505920   -0.000031   -0.000038    0.054526   -0.151984   -0.480905
 22   42.233208    0.000000   -0.000061    0.070597   -0.139437   -0.429729
 23   42.352249   -0.000031    0.000000    0.011448    0.164229    0.510776
 24   42.391785    0.000000   -0.000031    0.081677    0.197952    0.710767
 25   42.497467    0.000031    0.000015    0.026657    0.076405    0.248065
 26   42.272827    0.000073   -0.000038    0.012204    0.038972    0.118185
 27   29.239342   55.382610   92.214920    0.457432   -0.846901    1.842802
 28   42.375092    0.000000    0.000000    0.100798   -0.178761   -0.177640
 29   42.546066   -0.000034    0.000019    0.109166   -0.244355   -0.240581
 30   42.234467    0.000053    0.000004    0.036994   -0.095576   -0.053771
 31   42.465057   -0.000069    0.000004    0.036772    0.263741    0.338938
 32   42.458099   -0.000004    0.000011    0.054526    0.224430    0.298358
 33   42.267883   -0.000015    0.000015    0.055759    0.202946    0.252683
 34   42.506104    0.000122   -0.000015    0.365910    0.572973    0.818574
 35   42.233093    0.000000   -0.000031   -0.014744   -0.028263   -0.028180
 36   42.352234   -0.000061    0.000000    0.096585   -0.564199   -0.642264
 37   42.391693    0.000092    0.000000    0.007186   -0.166173   -0.193924
 38   42.497620    0.000069    0.000008    0.002902   -0.082814   -0.097300
 39   42.272675    0.000168    0.000053    0.002233   -0.043422   -0.050987
 40   29.239353  106.746635    1.740833    0.004348   -0.018448    1.959089
 41   42.375084    0.000008   -0.000005   -0.008577   -0.031298   -0.516280
 42   42.546112    0.000000   -0.000000   -0.022685   -0.029850   -0.540473
 43   42.234451   -0.000015   -0.000006   -0.004100    0.002951   -0.062042
 44   42.465088    0.000000   -0.000008    0.032660    0.035023    0.533575
 45   42.458038   -0.000015   -0.000001    0.012847    0.053181    0.598012
 46   42.267899    0.000000    0.000006   -0.011966    0.034847    0.380521
 47   42.505920    0.000031    0.000011   -0.038346    0.045903    0.658665
 48   42.233170    0.000061   -0.000007   -0.011272    0.002510    0.120485
 49   42.352238    0.000031    0.000008    0.050561   -0.004956   -0.552040
 50   42.391663    0.000000    0.000004    0.045631   -0.033638   -0.610787
 51   42.497620    0.000031   -0.000008    0.010160   -0.028384   -0.307149
 52   42.272675   -0.000008    0.000002    0.000322   -0.007143   -0.071690
 53   29.239346   50.706924  -91.389084   -0.087301    0.759571    1.863806
 54   42.375076    0.000008   -0.000004   -0.184679    0.152468   -0.424192
 55   42.546036    0.000015   -0.000002   -0.177106    0.202631   -0.440011
 56   42.234528   -0.000046    0.000004   -0.040287    0.071804   -0.068708
 57   42.464981    0.000053    0.000015    0.003723   -0.116946    0.357847
 58   42.458069    0.000015    0.000011   -0.033862   -0.125530    0.457789
 59   42.267975   -0.000092    0.000015   -0.105446   -0.150478    0.599721
 60   42.505920    0.000061    0.000000   -0.165999   -0.184824    0.596268
 61   42.233154   -0.000092    0.000015    0.020172    0.020103   -0.043782
 62   42.352234    0.000000    0.000015    0.040662    0.213970   -0.523891
 63   42.391693    0.000076    0.000038    0.007342    0.121484   -0.388811
 64   42.497528    0.000061   -0.000019   -0.004501    0.066000   -0.231682
 65   42.272675    0.000026    0.000002   -0.005019    0.028013   -0.098682
 66   29.239307  -56.044853  -91.389000   -0.124521    0.703619   -0.524618
 67   42.375107   -0.000011   -0.000013    0.077698   -0.063663    0.095271
 68   42.546112    0.000023    0.000019    0.039067   -0.071425    0.084906
 69   42.234467    0.000053    0.000011    0.030179    0.058935   -0.045609
 70   42.465027   -0.000031    0.000011    0.002918    0.268000   -0.262249
 71   42.458099    0.000031   -0.000015   -0.008679    0.303829   -0.323109
 72   42.267822   -0.000107   -0.000015   -0.091540    0.389548   -0.534338
 73   42.505981    0.000076    0.000015   -0.090361    0.294620   -0.412419
 74   42.233139    0.000000    0.000000   -0.003355   -0.041360    0.091453
 75   42.352180    0.000031    0.000000   -0.091916   -0.301332    0.523215
 76   42.391846    0.000015   -0.000015   -0.084592   -0.209464    0.357429
 77   42.497498   -0.000006   -0.000008   -0.058223   -0.136432    0.206731
 78   42.272766   -0.000038    0.000038   -0.014220   -0.041552    0.056628
 79   29.239315 -106.786285    1.740909   -0.004522   -0.106033   -0.598241
 80   42.375076   -0.000004   -0.000002   -0.000539    0.009993   -0.006022
 81   42.546051    0.000008    0.000006    0.003957    0.008593    0.040693
 82   42.234528   -0.000031   -0.000002    0.004526    0.007672    0.051672
 83   42.465057    0.000023    0.000000   -0.030849    0.021835   -0.395356
 84   42.458130    0.000000    0.000001   -0.027734    0.040087   -0.538324
 85   42.267914    0.000031   -0.000004   -0.002739    0.032802   -0.336163
 86   42.506012    0.000000    0.000015    0.016481    0.070902   -0.825760
 87   42.233055   -0.000031   -0.000010    0.036844    0.021551   -0.457390
 88   42.352310   -0.000031   -0.000001   -0.021301   -0.001536    0.224115
 89   42.391739   -0.000031   -0.000008   -0.075928   -0.022571    0.935581
 90   42.497528    0.000031   -0.000019   -0.015066   -0.038290    0.425407
 91   42.272583    0.000027    0.000025    0.000703   -0.018965    0.191425
time 36
  0    0.000000    0.000000    0.000000    0.000000   -0.000000    0.000000
  1    0.000000    0.000000    0.000000    0.000000   -0.000000    0.000000
  2    7.086459    0.000000   16.173277    1.054263   -1.398355    0.520506
  3   50.309219   -0.435479    0.000005    0.057468   -0.376022    0.117102
  4   30.891548   -0.000010    0.000000    0.061488   -0.342912    0.076624
  5   34.635597    0.000008   -0.000008    0.052072   -0.277423    0.078246
  6   30.584290    0.000019    0.000008    0.013763   -0.257184    0.071409
  7   31.520203    0.000000   -0.000008   -0.017611   -0.032262    0.056052
  8   34.241180  -28.000023  -41.877991    0.724135   -0.749916    0.652550
  9   34.241104   23.441801  -41.878082   -0.958587   -0.820714   -0.098429
 10   35.246689  -52.543083    1.319145   -0.263078   -0.265163    0.787283
 11   35.246536   52.726311    1.318932    0.110299   -0.359231   -0.350794
 12   34.830002  -24.891914   45.588608   -1.153192    0.116057    0.443733
 13   34.885773   27.636589   43.767822    0.985495    0.072369   -0.068773
 14   29.239317  -51.573372   94.292976    0.053293   -0.810551   -0.764295
 15   42.375061    0.000004   -0.000011   -0.114184   -0.017243    0.104745
 16   42.546082    0.000034    0.000006   -0.047662    0.016273    0.144489
 17   42.234467    0.000042    0.000004   -0.026484   -0.008871    0.052515
 18   42.465027    0.000023    0.000008   -0.038335   -0.135346   -0.255436
 19   42.458069   -0.000061    0.000019    0.008495   -0.251440   -0.632821
 20   42.267944    0.000046    0.000015    0.005823   -0.128194   -0.334626
 21   42.505890    0.000000    0.000008    0.059610   -0.192147   -0.466650
 22   42.233185    0.000000   -0.000031    0.078941   -0.188302   -0.451501
 23   42.352310    0.000061    0.000015    0.029611    0.210514    0.506844
 24   42.391724    0.000000    0.000000    0.097956    0.258299    0.692335
 25   42.497528    0.000023    0.000000    0.021990    0.093223    0.227323
 26   42.272766    0.000082   -0.000010    0.009719    0.049103    0.115017
 27   29.239332   55.382610   92.214996    0.844483   -0.891944    1.368751
 28   42.375053    0.000008    0.000004    0.068775   -0.111464   -0.095656
 29   42.546082   -0.000004    0.000021    0.070956   -0.163857   -0.157613
 30   42.234451    0.000034    0.000008    0.028447   -0.046763   -0.016043
 31   42.465027   -0.000069    0.000023    0.047936    0.278275    0.357968
 32   42.458069    0.000000    0.000034    0.057793    0.230607    0.299853
 33   42.267914    0.000031    0.000008    0.054421    0.210592    0.252004
 34   42.505981    0.000122   -0.000015    0.325127    0.575752    0.789818
 35   42.233093   -0.000031    0.000000   -0.015406   -0.046250   -0.045977
 36   42.352257   -0.000092   -0.000031    0.134993   -0.567172   -0.672971
 37   42.391724    0.000122   -0.000031    0.013312   -0.171585   -0.196037
 38   42.497589    0.000061    0.000008    0.004892   -0.084888   -0.096513
 39   42.272583    0.000141   -0.000011    0.003072   -0.045115   -0.051063
 40   29.239347  106.746628    1.740836    0.002459   -0.043105    1.632943
 41   42.375053    0.000008   -0.000003   -0.017765   -0.017249   -0.429453
 42   42.546082    0.000019    0.000001   -0.022075   -0.014423   -0.413064
 43   42.234467   -0.000015   -0.000002    0.000788    0.006477    0.012178
 44   42.465073    0.000000   -0.000006    0.032814    0.032816    0.595705
 45   42.458069    0.000008   -0.000004    0.008298    0.041326    0.509584
 46   42.267944   -0.000015    0.000006   -0.010460    0.034696    0.425244
 47   42.505890    0.000000    0.000004   -0.035567    0.041538    0.680190
 48   42.233101    0.000061   -0.000013   -0.005596    0.001040    0.066164
 49   42.352196    0.000000    0.000003    0.047475   -0.005571   -0.584853
 50   42.391678    0.000000    0.000000    0.037481   -0.031059   -0.588744
 51   42.497650    0.000008   -0.000016    0.007859   -0.025226   -0.304526
 52   42.272766    0.000004   -0.000003    0.000021   -0.007038   -0.079912
 53   29.239325   50.706909  -91.389091   -0.509778    0.782921    1.456578
 54   42.375107   -0.000006   -0.000008   -0.146238    0.174776   -0.293212
 55   42.546066    0.000015    0.000008   -0.122769    0.191443   -0.297008
 56   42.234528   -0.000031    0.000006   -0.031769    0.051854   -0.026557
 57   42.464996    0.000015    0.000008   -0.011745   -0.150157    0.349429
 58   42.458069    0.000023    0.000000   -0.047705   -0.167973    0.435192
 59   42.268005   -0.000061   -0.000027   -0.119018   -0.218348    0.592074
 60   42.505920    0.000092   -0.000008   -0.152677   -0.239297    0.559774
 61   42.233162   -0.000031   -0.000031    0.020307    0.030286   -0.053622
 62   42.352295   -0.000031   -0.000015    0.008852    0.258383   -0.514122
 63   42.391693    0.000031   -0.000023   -0.008067    0.157307   -0.367209
 64   42.497620    0.000038   -0.000023   -0.009026    0.090714   -0.220059
 65   42.272766    0.000024   -0.000011   -0.005515    0.038127   -0.091924
 66   29.239317  -56.044857  -91.389015   -0.075425    0.641147   -0.472000
 67   42.375084    0.000000   -0.000008    0.086976   -0.008060    0.043308
 68   42.546112    0.000008    0.000011    0.045285   -0.055915    0.072876
 69   42.234436    0.000042   -0.000008    0.029670    0.041273   -0.028947
 70   42.464966   -0.000038    0.000008    0.002107    0.237092   -0.238582
 71   42.458099    0.000015   -0.000015   -0.013034    0.302047   -0.324879
 72   42.267883   -0.000053   -0.000015   -0.072723    0.372098   -0.489189
 73   42.506027    0.000076    0.000000   -0.106592    0.346391   -0.491835
 74   42.233154   -0.000061    0.000000   -0.006543   -0.008752    0.037156
 75   42.352180   -0.000061    0.000000   -0.078018   -0.294532    0.477105
 76   42.391754   -0.000031    0.000000   -0.081549   -0.236464    0.380162
 77   42.497528    0.000034   -0.000015   -0.052871   -0.151820    0.222343
 78   42.272675    0.000015    0.000004   -0.016944   -0.060180    0.080592
 79   29.239309 -106.786263    1.740903   -0.002547   -0.096126   -0.636184
 80   42.375069    0.000011   -0.000002    0.000514    0.008967    0.004763
 81   42.546051   -0.000011    0.000003    0.004661    0.007789    0.053180
 82   42.234436    0.000008   -0.000004    0.005017    0.007141    0.063310
 83   42.465042   -0.000015   -0.000002   -0.028062    0.018849   -0.399386
 84   42.458069    0.000023    0.000001   -0.024896    0.034738   -0.535802
 85   42.267944    0.000031   -0.000006   -0.002767    0.029267   -0.340025
 86   42.505981    0.000000    0.000015    0.014662    0.062535   -0.821744
 87   42.233009   -0.000031   -0.000013    0.031866    0.018510   -0.440551
 88   42.352295   -0.000031    0.000004   -0.018739   -0.001611    0.220194
 89   42.391724   -0.000061   -0.000008   -0.064807   -0.020162    0.890500
 90   42.497559    0.000046   -0.000011   -0.013836   -0.033116    0.419724
 91   42.272522    0.000015    0.000024    0.000264   -0.017253    0.197058
time 37
  0    0.000000    0.000000    0.000000    0.000000   -0.000000    0.000000
  1    0.000000    0.000000    0.000000    0.000000   -0.000000    0.000000
  2    4.201597    0.000000    4.135832    0.982464   -1.445873    0.591139
  3   50.309216   -0.435478    0.000004    0.038785   -0.318781    0.083626
  4   30.891548   -0.000010    0.000000    0.041510   -0.290055    0.047140
  5   34.635597    0.000009    0.000004    0.035149   -0.262853    0.052816
  6   30.584297    0.000015    0.000000    0.009290   -0.331827    0.048201
  7   31.520195    0.000000    0.000000   -0.011888   -0.196715    0.037835
  8   34.241196  -28.000038  -41.878021    0.794930   -0.668861    0.556823
  9   34.241119   23.441799  -41.878113   -0.966331   -0.720063   -0.156073
 10   35.246704  -52.543091    1.319122   -0.190262   -0.191769    0.725654
 11   35.246536   52.726318    1.318916    0.079770   -0.259801   -0.409978
 12   34.830032  -24.891926   45.588608   -1.104653    0.212395    0.402567
 13   34.885773   27.636589   43.767822    0.981904    0.180799   -0.131390
 14   29.239323  -51.573315   94.292931    0.037542   -0.767670   -0.661648
 15   42.375053   -0.000006   -0.000021   -0.111276   -0.016141    0.062415
 16   42.546082    0.000031   -0.000008   -0.052776    0.018486    0.103500
 17   42.234467    0.000011    0.000004   -0.027662    0.002167    0.056213
 18   42.464996    0.000008    0.000015   -0.028336   -0.144737   -0.228941
 19   42.458099   -0.000053   -0.000015    0.036064   -0.304980   -0.621558
 20   42.267990    0.000031   -0.000015    0.011658   -0.160637   -0.330350
 21   42.505951    0.000031   -0.000015    0.063025   -0.229003   -0.450745
 22   42.233170    0.000031   -0.000046    0.085782   -0.237373   -0.466530
 23   42.352272    0.000031   -0.000015    0.048551    0.255344    0.504861
 24   42.391754   -0.000092    0.000031    0.111267    0.311645    0.667439
 25   42.497437    0.000061   -0.000008    0.017810    0.106172    0.206543
 26   42.272827    0.000070   -0.000029    0.006980    0.056040    0.106381
 27   29.239334   55.382626   92.214943    1.171788   -0.845723    0.951344
 28   42.375069    0.000006    0.000004    0.050238   -0.042470   -0.027142
 29   42.546097   -0.000011    0.000019    0.047884   -0.087564   -0.085302
 30   42.234436    0.000053   -0.000004    0.026560   -0.023274   -0.005648
 31   42.465057   -0.000038    0.000008    0.051938    0.274131    0.350465
 32   42.458069    0.000015    0.000004    0.065050    0.254563    0.324052
 33   42.267853    0.000000    0.000015    0.048012    0.203917    0.236657
 34   42.506073    0.000092    0.000015    0.272335    0.562895    0.741181
 35   42.233086   -0.000031    0.000092   -0.008573    0.018343    0.015671
 36   42.352253   -0.000061    0.000000    0.175806   -0.578924   -0.714439
 37   42.391724    0.000061    0.000015    0.021252   -0.194954   -0.218978
 38   42.497620    0.000061   -0.000015    0.006572   -0.090243   -0.099802
 39   42.272614    0.000145    0.000013    0.003779   -0.049687   -0.054552
 40   29.239342  106.746597    1.740846    0.000812   -0.051727    1.348267
 41   42.375053    0.000000   -0.000002   -0.015798   -0.003828   -0.310717
 42   42.546112   -0.000008    0.000002   -0.017101   -0.005406   -0.330125
 43   42.234436    0.000008   -0.000003    0.002323    0.006425    0.042090
 44   42.465042   -0.000008   -0.000006    0.027716    0.025169    0.602291
 45   42.458069    0.000008    0.000001    0.006960    0.030065    0.462499
 46   42.267853    0.000031    0.000004   -0.006847    0.029807    0.449828
 47   42.505844    0.000000    0.000006   -0.028495    0.035846    0.712564
 48   42.233139   -0.000031   -0.000010   -0.004743    0.000897    0.069267
 49   42.352280    0.000031    0.000001    0.036787   -0.004340   -0.558644
 50   42.391678    0.000031   -0.000004    0.031125   -0.024790   -0.602427
 51   42.497559    0.000000   -0.000009    0.006417   -0.020687   -0.312723
 52   42.272736   -0.000006    0.000003   -0.000075   -0.007982   -0.113591
 53   29.239334   50.706886  -91.389076   -0.849483    0.766086    1.132266
 54   42.375069   -0.000011   -0.000002   -0.099184    0.149779   -0.172892
 55   42.546066    0.000008    0.000015   -0.085827    0.163342   -0.200171
 56   42.234558   -0.000046   -0.000015   -0.029778    0.042861   -0.015478
 57   42.465027    0.000008    0.000008   -0.022897   -0.168922    0.316192
 58   42.458069    0.000046    0.000008   -0.058197   -0.209889    0.414746
 59   42.267944   -0.000076    0.000031   -0.117746   -0.272299    0.553507
 60   42.505890    0.000092    0.000015   -0.149127   -0.301426    0.561637
 61   42.233192   -0.000031   -0.000031    0.015699    0.022884   -0.034163
 62   42.352272    0.000031   -0.000046   -0.016970    0.291346   -0.482399
 63   42.391724    0.000046    0.000015   -0.021910    0.199321   -0.361710
 64   42.497528    0.000069    0.000015   -0.012534    0.116162   -0.213164
 65   42.272705    0.000016    0.000000   -0.005882    0.050268   -0.091315
 66   29.239311  -56.044861  -91.389038   -0.058715    0.624086   -0.470037
 67   42.375099    0.000011    0.000011    0.091541    0.008625    0.023407
 68   42.546097   -0.000004    0.000011    0.049614   -0.043411    0.061970
 69   42.234467    0.000034    0.000015    0.029788    0.025944   -0.013780
 70   42.464996    0.000000   -0.000008    0.001332    0.213491   -0.221931
 71   42.458130    0.000023   -0.000015   -0.018414    0.299695   -0.331833
 72   42.267914   -0.000038   -0.000015   -0.061675    0.354169   -0.455365
 73   42.505951    0.000076   -0.000015   -0.118009    0.382582   -0.545920
 74   42.233124    0.000000   -0.000031   -0.008507    0.016166   -0.003361
 75   42.352158   -0.000061   -0.000031   -0.067629   -0.284251    0.433953
 76   42.391846    0.000031   -0.000046   -0.077733   -0.259346    0.394752
 77   42.497589    0.000061    0.000008   -0.043901   -0.159783    0.225788
 78   42.272705   -0.000023    0.000008   -0.014703   -0.069426    0.091662
 79   29.239311 -106.786217    1.740895   -0.000836   -0.078591   -0.690257
 80   42.375092    0.000011   -0.000004    0.001772    0.007430    0.022299
 81   42.546036    0.000031    0.000002    0.005634    0.006184    0.079126
 82   42.234528    0.000038   -0.000007    0.004522    0.006042    0.069909
 83   42.465073   -0.000015   -0.000003   -0.024071    0.015053   -0.423433
 84   42.458069    0.000061   -0.000004   -0.019259    0.027111   -0.520559
 85   42.267883    0.000061   -0.000007   -0.002338    0.023932   -0.348491
 86   42.505966    0.000000    0.000017    0.012576    0.050321   -0.830611
 87   42.233101    0.000031   -0.000011    0.023791    0.012926   -0.398038
 88   42.352264   -0.000061   -0.000003   -0.015807   -0.001580    0.229708
 89   42.391731    0.000000   -0.000009   -0.049778   -0.016922    0.847918
 90   42.497498    0.000000   -0.000022   -0.010880   -0.025614    0.406521
 91   42.272522    0.000000    0.000015    0.000018   -0.014006    0.200233
time 38
  0    0.000000    0.000000    0.000000    0.000000   -0.000000    0.000000
  1    0.000000    0.000000    0.000000    0.000000   -0.000000    0.000000
  2    1.963140    0.000000   -4.949063    0.912502   -1.491899    0.660006
  3   50.309216   -0.435478    0.000004    0.020102   -0.261540    0.050149
  4   30.891541   -0.000011   -0.000001    0.021532   -0.237197    0.017655
  5   34.635590    0.000007    0.000000    0.018225   -0.248284    0.027386
  6   30.584290    0.000017   -0.000004    0.004817   -0.400700    0.024994
  7   31.520180    0.000000    0.000008   -0.006164   -0.361167    0.019617
  8   34.241188  -28.000031  -41.878006    0.879427   -0.572118    0.442567
  9   34.241127   23.441799  -41.878113   -0.973172   -0.599932   -0.224874
 10   35.246704  -52.543087    1.319138   -0.103352   -0.104171    0.652096
 11   35.246536   52.726315    1.318924    0.043332   -0.141126   -0.480616
 12   34.830017  -24.891922   45.588608   -1.046719    0.327378    0.353433
 13   34.885765   27.636587   43.767815    0.979532    0.310214   -0.206126
 14   29.239319  -51.573372   94.292931    0.041848   -0.732634   -0.598317
 15   42.375046   -0.000008   -0.000023   -0.107080   -0.011844    0.038081
 16   42.546082    0.000038    0.000002   -0.054480    0.023409    0.077418
 17   42.234451    0.000038   -0.000008   -0.028705    0.013177    0.054183
 18   42.464981    0.000023    0.000004   -0.018765   -0.156079   -0.215348
 19   42.458069   -0.000069   -0.000004    0.063597   -0.354266   -0.608798
 20   42.267914    0.000015   -0.000023    0.016553   -0.189028   -0.319315
 21   42.505920   -0.000031   -0.000061    0.067614   -0.266407   -0.444439
 22   42.233223    0.000031   -0.000061    0.086369   -0.275851   -0.460760
 23   42.352272    0.000031   -0.000031    0.073925    0.309554    0.526684
 24   42.391724   -0.000061    0.000000    0.114664    0.349181    0.622251
 25   42.497528   -0.000008   -0.000023    0.013486    0.113170    0.183400
 26   42.272827    0.000076   -0.000046    0.004391    0.059796    0.095559
 27   29.239336   55.382629   92.214905    1.371518   -0.755526    0.665175
 28   42.375061    0.000000   -0.000008    0.045492    0.004970    0.017725
 29   42.546097   -0.000011    0.000021    0.038226   -0.027826   -0.027749
 30   42.234451    0.000034   -0.000004    0.026143   -0.008029   -0.002030
 31   42.465027   -0.000046    0.000011    0.051274    0.257597    0.324455
 32   42.458069    0.000042   -0.000008    0.076610    0.289324    0.363019
 33   42.267883    0.000031   -0.000031    0.042974    0.198447    0.225538
 34   42.506042    0.000092   -0.000015    0.213993    0.532748    0.670763
 35   42.233109   -0.000031    0.000092    0.001564    0.114267    0.114371
 36   42.352222   -0.000122    0.000092    0.203591   -0.578963   -0.736865
 37   42.391663    0.000122    0.000015    0.033605   -0.235233   -0.262508
 38   42.497589    0.000076   -0.000008    0.008075   -0.097456   -0.105610
 39   42.272614    0.000164   -0.000031    0.004399   -0.055760   -0.059866
 40   29.239355  106.746613    1.740839   -0.000205   -0.043036    1.136820
 41   42.375076    0.000000   -0.000003   -0.009367    0.001626   -0.219223
 42   42.546112    0.000027    0.000000   -0.011191   -0.001260   -0.280158
 43   42.234467    0.000008   -0.000003    0.001891    0.004651    0.047081
 44   42.465042    0.000023   -0.000005    0.019731    0.015821    0.591321
 45   42.458069   -0.000008   -0.000002    0.005672    0.019095    0.435028
 46   42.267914    0.000000    0.000006   -0.003056    0.020860    0.452928
 47   42.505890    0.000000    0.000009   -0.018813    0.027425    0.760513
 48   42.233139   -0.000031   -0.000010   -0.004650    0.000984    0.098478
 49   42.352264    0.000000    0.000003    0.022834   -0.002522   -0.495772
 50   42.391647    0.000000   -0.000002    0.023563   -0.016384   -0.638171
 51   42.497620   -0.000008   -0.000005    0.004832   -0.014438   -0.321611
 52   42.272766    0.000015    0.000002    0.000003   -0.006799   -0.141616
 53   29.239336   50.706909  -91.389061   -1.081053    0.747542    0.912201
 54   42.375084   -0.000019    0.000002   -0.070762    0.111952   -0.099377
 55   42.546051    0.000008    0.000010   -0.063094    0.132495   -0.137883
 56   42.234512   -0.000053   -0.000011   -0.028950    0.038732   -0.015293
 57   42.464981    0.000023    0.000004   -0.030540   -0.178113    0.278632
 58   42.458038    0.000023    0.000023   -0.066857   -0.247000    0.394123
 59   42.268005   -0.000084    0.000008   -0.109886   -0.311846    0.503982
 60   42.505905    0.000092   -0.000015   -0.148155   -0.366538    0.570648
 61   42.233208   -0.000031   -0.000015    0.011851    0.005483   -0.007063
 62   42.352249    0.000000    0.000061   -0.036646    0.311653   -0.442030
 63   42.391724    0.000046    0.000000   -0.036251    0.242382   -0.360318
 64   42.497589    0.000053   -0.000015   -0.015674    0.140657   -0.206898
 65   42.272705    0.000020    0.000007   -0.006202    0.063425   -0.092067
 66   29.239321  -56.044891  -91.389023   -0.064081    0.648214   -0.500926
 67   42.375076   -0.000008   -0.000004    0.094948    0.001641    0.021846
 68   42.546097   -0.000015    0.000008    0.051945   -0.043061    0.059367
 69   42.234467    0.000034   -0.000019    0.030196    0.012033   -0.000766
 70   42.465012   -0.000038    0.000019   -0.000114    0.200770   -0.216292
 71   42.458130    0.000023   -0.000008   -0.023755    0.297050   -0.341454
 72   42.267944   -0.000076    0.000008   -0.058622    0.343261   -0.440661
 73   42.506012    0.000061    0.000061   -0.123155    0.401635   -0.572528
 74   42.233124    0.000000    0.000000   -0.009084    0.027896   -0.024632
 75   42.352180   -0.000031    0.000031   -0.063500   -0.282504    0.409444
 76   42.391846    0.000000    0.000015   -0.070694   -0.273522    0.394867
 77   42.497528    0.000031    0.000053   -0.034049   -0.163444    0.222646
 78   42.272827   -0.000017    0.000046   -0.010843   -0.074606    0.097010
 79   29.239319 -106.786285    1.740902    0.000210   -0.054717   -0.760847
 80   42.375114    0.000004   -0.000004    0.002748    0.005333    0.050277
 81   42.546051   -0.000008    0.000005    0.006027    0.003972    0.122411
 82   42.234543    0.000015   -0.000010    0.002839    0.004449    0.063086
 83   42.465073    0.000008   -0.000004   -0.018268    0.010519   -0.468698
 84   42.458069    0.000015    0.000000   -0.011958    0.017960   -0.489040
 85   42.267883    0.000031   -0.000004   -0.001583    0.017153   -0.365694
 86   42.505951    0.000000    0.000016    0.009877    0.034788   -0.848699
 87   42.233093   -0.000031   -0.000014    0.014101    0.006706   -0.329026
 88   42.352280    0.000031    0.000002   -0.012130   -0.001399    0.255439
 89   42.391739   -0.000031   -0.000007   -0.032424   -0.012625    0.806731
 90   42.497559    0.000000   -0.000019   -0.006912   -0.016810    0.386967
 91   42.272522    0.000011    0.000024   -0.000019   -0.009579    0.200151
time 39
  0    0.000000    0.000000    0.000000    0.000000   -0.000000    0.000000
  1    0.000000    0.000000    0.000000    0.000000   -0.000000    0.000000
  2    0.514728    0.000000  -10.688294    0.846201   -1.534940    0.725349
  3   50.309216   -0.435479    0.000004    0.005731   -0.217508    0.024398
  4   30.891552   -0.000011    0.000000    0.006164   -0.196537   -0.005025
  5   34.635597    0.000007    0.000002    0.005207   -0.237077    0.007824
  6   30.584290    0.000018    0.000004    0.001376   -0.451236    0.007141
  7   31.520180    0.000000    0.000008   -0.001761   -0.487669    0.005604
  8   34.241203  -28.000032  -41.877991    0.950221   -0.491063    0.346840
  9   34.241127   23.441801  -41.878082   -0.978053   -0.499282   -0.282518
 10   35.246704  -52.543095    1.319138   -0.030536   -0.030778    0.590467
 11   35.246544   52.726311    1.318924    0.012802   -0.041696   -0.539801
 12   34.830025  -24.891924   45.588608   -0.998180    0.423716    0.312266
 13   34.885780   27.636587   43.767830    0.978222    0.418644   -0.268743
 14   29.239319  -51.573353   94.292953    0.057284   -0.716384   -0.563162
 15   42.375061   -0.000017   -0.000004   -0.102502    0.000260    0.025810
 16   42.546066    0.000027    0.000027   -0.054015    0.038263    0.065931
 17   42.234451    0.000031   -0.000023   -0.029585    0.023689    0.046880
 18   42.464966    0.000008    0.000000   -0.007494   -0.176844   -0.220431
 19   42.458130   -0.000069    0.000008    0.090250   -0.399812   -0.596077
 20   42.268005    0.000031    0.000000    0.018777   -0.209128   -0.299232
 21   42.505890   -0.000046    0.000015    0.077068   -0.311376   -0.459140
 22   42.233215   -0.000031   -0.000046    0.075060   -0.288143   -0.419479
 23   42.352268   -0.000031   -0.000015    0.114748    0.384420    0.588728
 24   42.391754   -0.000046   -0.000031    0.100253    0.358772    0.543776
 25   42.497589    0.000023   -0.000015    0.008828    0.112821    0.157686
 26   42.272858    0.000046   -0.000044    0.002037    0.060389    0.083912
 27   29.239334   55.382626   92.214989    1.473426   -0.664284    0.491083
 28   42.375076    0.000004    0.000004    0.046404    0.029847    0.043731
 29   42.546112   -0.000011    0.000015    0.036548    0.009812    0.012258
 30   42.234467    0.000057   -0.000015    0.026128    0.004888    0.005185
 31   42.465012   -0.000034    0.000019    0.049057    0.236428    0.291900
 32   42.458038    0.000019   -0.000015    0.090791    0.325681    0.404542
 33   42.267944    0.000000    0.000000    0.040893    0.201206    0.225455
 34   42.506042    0.000061   -0.000015    0.164520    0.494823    0.600053
 35   42.233131    0.000031    0.000000    0.012834    0.194634    0.203898
 36   42.352219   -0.000153    0.000015    0.209752   -0.562761   -0.727090
 37   42.391785    0.000046    0.000000    0.050908   -0.283747   -0.318567
 38   42.497742    0.000084   -0.000015    0.009357   -0.104921   -0.112282
 39   42.272644    0.000179   -0.000023    0.004752   -0.059742   -0.063238
 40   29.239349  106.746651    1.740832   -0.000441   -0.022740    1.008288
 41   42.375076    0.000004   -0.000003   -0.003963    0.001466   -0.175098
 42   42.546097    0.000000   -0.000000   -0.005371   -0.000100   -0.257928
 43   42.234451   -0.000031   -0.000003    0.000925    0.002267    0.045130
 44   42.465073   -0.000008   -0.000006    0.009966    0.007013    0.583817
 45   42.458038   -0.000008   -0.000004    0.003133    0.008587    0.410553
 46   42.267914    0.000015    0.000002   -0.000690    0.010187    0.452244
 47   42.505798    0.000031    0.000006   -0.008595    0.014652    0.807625
 48   42.233131    0.000000   -0.000012   -0.002927    0.000687    0.127109
 49   42.352234    0.000000    0.000002    0.009712   -0.001011   -0.425644
 50   42.391663    0.000031   -0.000003    0.012611   -0.007470   -0.675778
 51   42.497589    0.000015   -0.000009    0.002627   -0.007170   -0.333038
 52   42.272614    0.000017   -0.000001    0.000053   -0.003957   -0.170280
 53   29.239342   50.706909  -91.389061   -1.223686    0.748562    0.783648
 54   42.375107   -0.000011    0.000007   -0.058063    0.084550   -0.065541
 55   42.546066    0.000027    0.000025   -0.050918    0.110867   -0.105443
 56   42.234558   -0.000023   -0.000015   -0.027889    0.035558   -0.016846
 57   42.465012    0.000038    0.000004   -0.036663   -0.185297    0.249355
 58   42.458099    0.000053   -0.000008   -0.074107   -0.277606    0.373696
 59   42.267975   -0.000099    0.000015   -0.102355   -0.342772    0.460207
 60   42.505890    0.000076   -0.000061   -0.142645   -0.423344    0.566324
 61   42.233177   -0.000092   -0.000015    0.010419   -0.010871    0.012540
 62   42.352333   -0.000061    0.000000   -0.052655    0.325187   -0.406737
 63   42.391724    0.000031    0.000031   -0.049838    0.279199   -0.354124
 64   42.497620    0.000038   -0.000031   -0.018375    0.161568   -0.198618
 65   42.272705    0.000031    0.000015   -0.006383    0.075109   -0.090808
 66   29.239315  -56.044868  -91.389023   -0.091698    0.710469   -0.559946
 67   42.375092    0.000008   -0.000011    0.097343   -0.022329    0.031684
 68   42.546127    0.000000    0.000000    0.052398   -0.061109    0.070418
 69   42.234497    0.000038   -0.000015    0.030594   -0.000333    0.008137
 70   42.465027   -0.000061    0.000000   -0.003020    0.200480   -0.224322
 71   42.458099    0.000031    0.000008   -0.028382    0.294242   -0.351259
 72   42.267944   -0.000046   -0.000031   -0.062607    0.343088   -0.446296
 73   42.505981    0.000046    0.000000   -0.122436    0.406398   -0.575965
 74   42.233093    0.000031   -0.000031   -0.008692    0.021566   -0.021725
 75   42.352211    0.000000    0.000015   -0.065627   -0.296199    0.409410
 76   42.391846    0.000046    0.000000   -0.058690   -0.276622    0.378166
 77   42.497559    0.000038    0.000015   -0.023458   -0.161936    0.212611
 78   42.272644    0.000001    0.000010   -0.005966   -0.074662    0.095543
 79   29.239307 -106.786270    1.740909    0.000446   -0.026765   -0.852515
 80   42.375107   -0.000015   -0.000004    0.002595    0.002660    0.097279
 81   42.546036   -0.000023    0.000005    0.004492    0.001597    0.187874
 82   42.234543   -0.000046   -0.000006    0.000627    0.002376    0.028432
 83   42.465088   -0.000038    0.000000   -0.009902    0.005335   -0.529818
 84   42.458069    0.000023   -0.000002   -0.004837    0.008268   -0.439963
 85   42.267944    0.000031   -0.000007   -0.000708    0.009046   -0.399026
 86   42.505936    0.000031    0.000015    0.005825    0.016859   -0.864628
 87   42.233017    0.000000   -0.000011    0.005176    0.002005   -0.236609
 88   42.352318   -0.000031   -0.000001   -0.006982   -0.000935    0.302262
 89   42.391754   -0.000031   -0.000009   -0.014616   -0.006875    0.760032
 90   42.497589   -0.000015   -0.000020   -0.002942   -0.007793    0.364702
 91   42.272552    0.000027    0.000021    0.000041   -0.004553    0.196142
time 40
  0    0.000000    0.000000    0.000000    0.000000   -0.000000    0.000000
  1    0.000000    0.000000    0.000000    0.000000   -0.000000    0.000000
  2    0.000000    0.000000  -12.688735    0.785390   -1.573515    0.785390
  3   50.309212   -0.435479    0.000004   -0.000017   -0.199896    0.014098
  4   30.891541   -0.000011    0.000001    0.000017   -0.180273   -0.014097
  5   34.635597    0.000007   -0.000002   -0.000000   -0.232594   -0.000001
  6   30.584282    0.000018    0.000004   -0.000000   -0.470874    0.000001
  7   31.520187    0.000000    0.000000   -0.000000   -0.538270   -0.000001
  8   34.241192  -28.000036  -41.878006    0.979910   -0.457073    0.306696
  9   34.241123   23.441803  -41.878098   -0.979915   -0.457074   -0.306691
 10   35.246700  -52.543095    1.319138   -0.000000    0.000000    0.564623
 11   35.246532   52.726318    1.318924   -0.000000    0.000000   -0.564620
 12   34.830021  -24.891930   45.588608   -0.977825    0.464116    0.295003
 13   34.885777   27.636591   43.767822    0.977821    0.464114   -0.295002
 14   29.239319  -51.573330   94.292969    0.080343   -0.731682   -0.550936
 15   42.375053   -0.000002   -0.000015   -0.098021    0.027525    0.022163
 16   42.546082    0.000038    0.000019   -0.052236    0.071531    0.068559
 17   42.234467    0.000011   -0.000004   -0.030408    0.030748    0.032969
 18   42.464996    0.000034   -0.000011    0.009742   -0.217763   -0.250576
 19   42.458038   -0.000053    0.000015    0.111224   -0.438906   -0.577002
 20   42.267944   -0.000015    0.000000    0.017169   -0.218219   -0.272142
 21   42.505920   -0.000031   -0.000031    0.096108   -0.371168   -0.505567
 22   42.233139   -0.000031   -0.000015    0.048501   -0.250256   -0.324250
 23   42.352325    0.000000   -0.000015    0.177606    0.479118    0.691662
 24   42.391708   -0.000076   -0.000031    0.066756    0.327120    0.427786
 25   42.497559   -0.000008    0.000004    0.004218    0.105674    0.131371
 26   42.272858    0.000025   -0.000043   -0.000046    0.057975    0.072144
 27   29.239342   55.382656   92.214973    1.518418   -0.591864    0.396611
 28   42.375076   -0.000004    0.000000    0.047796    0.040037    0.058788
 29   42.546097   -0.000015   -0.000004    0.037366    0.027070    0.035639
 30   42.234467    0.000065   -0.000015    0.026475    0.012985    0.015426
 31   42.465027   -0.000061    0.000000    0.047730    0.219504    0.266439
 32   42.458099    0.000008   -0.000011    0.104334    0.356618    0.438065
 33   42.267914    0.000000   -0.000015    0.041203    0.212242    0.235570
 34   42.506027    0.000061    0.000031    0.134075    0.465564    0.554443
 35   42.233078   -0.000031    0.000076    0.017650    0.229466    0.247603
 36   42.352226   -0.000122    0.000076    0.205767   -0.544343   -0.707568
 37   42.391632    0.000061   -0.000015    0.067423   -0.322327   -0.366512
 38   42.497620    0.000015   -0.000038    0.010201   -0.110609   -0.117754
 39   42.272644    0.000143   -0.000032    0.004865   -0.061815   -0.065033
 40   29.239353  106.746689    1.740858    0.000002    0.001974    0.965349
 41   42.375084    0.000019   -0.000001    0.000352   -0.000131   -0.179150
 42   42.546127    0.000023    0.000001    0.000481   -0.000017   -0.268558
 43   42.234451   -0.000015   -0.000003   -0.000087   -0.000195    0.050199
 44   42.465057   -0.000015   -0.000006   -0.000850   -0.000518    0.587561
 45   42.458069    0.000031   -0.000003   -0.000281   -0.000637    0.380480
 46   42.267883    0.000015    0.000001   -0.000029   -0.000858    0.465935
 47   42.505905    0.000000    0.000007    0.000599   -0.001298    0.844402
 48   42.233139   -0.000031   -0.000013    0.000247   -0.000074    0.135230
 49   42.352245    0.000000    0.000002   -0.000691    0.000110   -0.374449
 50   42.391693    0.000000   -0.000003   -0.001064    0.000628   -0.702508
 51   42.497650    0.000015   -0.000012   -0.000209    0.000603   -0.340155
 52   42.272705   -0.000006    0.000003    0.000002    0.000357   -0.187757
 53   29.239334   50.706898  -91.389107   -1.294100    0.775060    0.737438
 54   42.375099   -0.000011    0.000000   -0.053502    0.076313   -0.059212
 55   42.546097    0.000004    0.000025   -0.045189    0.106314   -0.097456
 56   42.234558   -0.000046   -0.000008   -0.026690    0.033399   -0.017867
 57   42.465027    0.000038    0.000011   -0.043018   -0.197149    0.234003
 58   42.458069    0.000069    0.000000   -0.079773   -0.301987    0.354657
 59   42.267944   -0.000076    0.000023   -0.098303   -0.372229    0.431119
 60   42.505951    0.000092   -0.000031   -0.129375   -0.463147    0.543694
 61   42.233170   -0.000061   -0.000046    0.010729   -0.015872    0.016569
 62   42.352242   -0.000061   -0.000031   -0.068400    0.341074   -0.386761
 63   42.391724    0.000046   -0.000015   -0.059765    0.303781   -0.338910
 64   42.497559    0.000061   -0.000008   -0.020186    0.176514   -0.187473
 65   42.272766    0.000040   -0.000025   -0.006279    0.082672   -0.086074
 66   29.239326  -56.044899  -91.389076   -0.151591    0.811513   -0.656536
 67   42.375092   -0.000002    0.000004    0.096833   -0.068100    0.053751
 68   42.546082   -0.000004    0.000019    0.049815   -0.100505    0.096710
 69   42.234436    0.000023   -0.000023    0.030832   -0.009553    0.010399
 70   42.465027   -0.000031   -0.000011   -0.008430    0.213342   -0.247576
 71   42.458069    0.000046    0.000008   -0.031803    0.290543   -0.358513
 72   42.267914   -0.000031   -0.000023   -0.074054    0.356054   -0.473045
 73   42.505981    0.000076    0.000000   -0.114261    0.396597   -0.554489
 74   42.233116    0.000061   -0.000015   -0.008409   -0.004355    0.005527
 75   42.352180    0.000031    0.000015   -0.072329   -0.325669    0.430649
 76   42.391876   -0.000015   -0.000031   -0.041375   -0.266901    0.344458
 77   42.497498    0.000061    0.000000   -0.012630   -0.155248    0.196680
 78   42.272644    0.000002   -0.000001   -0.000958   -0.069799    0.087890
 79   29.239323 -106.786255    1.740884   -0.000002    0.001968   -0.976201
 80   42.375114    0.000011   -0.000004   -0.000358   -0.000127    0.183061
 81   42.546036   -0.000015    0.000002   -0.000486   -0.000014    0.271904
 82   42.234497   -0.000015   -0.000006    0.000087   -0.000195   -0.050564
 83   42.465088    0.000023   -0.000003    0.000850   -0.000521   -0.588832
 84   42.458099    0.000015   -0.000003    0.000279   -0.000637   -0.379835
 85   42.267914    0.000015   -0.000009    0.000027   -0.000859   -0.467067
 86   42.505936    0.000031    0.000018   -0.000603   -0.001295   -0.843861
 87   42.233101    0.000061   -0.000013   -0.000245   -0.000073   -0.133894
 88   42.352291   -0.000031    0.000002    0.000694    0.000109    0.376301
 89   42.391708    0.000031   -0.000006    0.001063    0.000627    0.701858
 90   42.497528   -0.000015   -0.000020    0.000210    0.000602    0.339644
 91   42.272491   -0.000007    0.000018   -0.000002    0.000355    0.187448
end
