version 1
nodes
  0 "ROOT"                       -1
  1 "HARPY_ Pelvis"              -1
  2 "HARPY_ Spine"                1
  3 "HARPY_ Spine1"               2
  4 "HARPY_ Neck"                 3
  5 "HARPY_ Head"                 4
  6 "HARPY_ Queue de cheval 1"    5
  7 "HARPY_ Queue de cheval 11"   6
  8 "HARPY_ Queue de cheval 12"   7
  9 "HARPY_ Queue de cheval 13"   8
 10 "HARPY_ Queue de cheval 14"   9
 11 "HARPY_ Ponytail15"          10
 12 "HARPY_ Queue de cheval 2"    5
 13 "HARPY_EYE_l"                 5
 14 "HARPY_EYE_R"                 5
 15 "HARPY_BREAST_R"              3
 16 "HARPY_BREAST_L"              3
 17 "HARPY_ L Clavicle"           3
 18 "HARPY_ L UpperArm"          17
 19 "HARPY_ L Forearm"           18
 20 "HARPY_ L Hand"              19
 21 "HARPY_ L Finger0"           20
 22 "HARPY_ L Finger01"          21
 23 "HARPY_ L Finger1"           20
 24 "HARPY_ R Clavicle"           3
 25 "HARPY_ R UpperArm"          24
 26 "HARPY_ R Forearm"           25
 27 "HARPY_ R Hand"              26
 28 "HARPY_ R Finger0"           27
 29 "HARPY_ R Finger01"          28
 30 "HARPY_ R Finger1"           27
 31 "HARPY_ Tail"                 1
 32 "HARPY_ L Thigh"              1
 33 "HARPY_ L Calf"              32
 34 "HARPY_ L HorseLink"         33
 35 "HARPY_ L Foot"              34
 36 "HARPY_ L Toe0"              35
 37 "HARPY_ L Toe01"             36
 38 "HARPY_ L Toe02"             37
 39 "HARPY_ L Toe1"              35
 40 "HARPY_ L Toe11"             39
 41 "HARPY_ L Toe12"             40
 42 "HARPY_ L Toe2"              35
 43 "HARPY_ L Toe21"             42
 44 "HARPY_ L Toe22"             43
 45 "HARPY_ L Toe3"              35
 46 "HARPY_ L Toe31"             45
 47 "HARPY_ L Toe32"             46
 48 "HARPY_ R Thigh"              1
 49 "HARPY_ R Calf"              48
 50 "HARPY_ R HorseLink"         49
 51 "HARPY_ R Foot"              50
 52 "HARPY_ R Toe0"              51
 53 "HARPY_ R Toe01"             52
 54 "HARPY_ R Toe02"             53
 55 "HARPY_ R Toe1"              51
 56 "HARPY_ R Toe11"             55
 57 "HARPY_ R Toe12"             56
 58 "HARPY_ R Toe2"              51
 59 "HARPY_ R Toe21"             58
 60 "HARPY_ R Toe22"             59
 61 "HARPY_ R Toe3"              51
 62 "HARPY_ R Toe31"             61
 63 "HARPY_ R Toe32"             62
end
skeleton
time 0
  0    7.118516    3.699295    0.000000    0.000000   -0.000000    0.000000
  1    8.707729    3.699295   91.377357   -1.902056   -1.233588   -1.568202
  2   11.095657   -0.109177    0.124242    0.045675   -0.001929    0.246903
  3   26.599968   -0.028664    0.001238   -0.041938    0.002817    0.245942
  4   39.676567   -4.291618    0.000111   -0.010186    0.000008   -0.000000
  5   14.007385    0.000000    0.000000    0.323463    0.052012   -0.378651
  6   15.092117  -16.122837   -0.000225    0.015224   -0.072603   -2.244776
  7   13.246033   -0.010361   -0.000351    0.033290   -0.065592   -0.199648
  8   13.245476   -0.010239   -0.000374    0.035420   -0.064776   -0.253650
  9   13.246895   -0.010468   -0.000261    0.024684    0.090394   -0.113992
 10   13.247566   -0.010529   -0.000260    0.024684    0.090394   -0.048211
 11   13.246689   -0.010452   -0.000258    0.024684    0.090394   -0.132592
 12    4.402054    3.452084    0.000002   -0.000004   -0.000003    1.899624
 13   11.331223    9.005783    4.187391    3.078442   -0.002132    1.157999
 14   11.331253    9.005806   -4.187319    3.078442   -0.002132    1.158000
 15   11.434090   13.511032  -10.152095   -0.178492    0.097136    1.896682
 16   11.434074   13.510994   11.684676   -0.181192   -2.944403   -1.191540
 17   35.119637   -3.852142    4.488244   -0.167987   -1.420295   -2.976265
 18   21.674160   -0.000008    0.000000   -1.098850    0.521502   -0.405930
 19   54.141205    0.000011    0.000000    0.000000   -0.000000   -2.516161
 20   54.722580    0.000019   -0.000008   -1.403082    1.011100    1.325947
 21    8.659706    0.612419  -11.722496    1.692638    0.921202    0.215404
 22   10.496555   -0.000008    0.000008   -0.000000   -0.000000    1.018519
 23   31.407944    0.000000    0.000000   -0.040543   -0.455764    0.013440
 24   35.119652   -3.852119   -4.488269    0.633538    1.322483   -2.523643
 25   21.674156    0.000000    0.000000    1.029028   -0.659455   -0.342044
 26   54.141224    0.000019    0.000015   -0.000000    0.000000   -2.360565
 27   54.722588    0.000015   -0.000015    1.405356   -0.995735    1.230820
 28    8.659706    0.612411   11.722496   -1.796188   -0.931013    0.320013
 29   10.496567   -0.000015    0.000015   -0.000000   -0.000000    1.022726
 30   31.407928    0.000000    0.000000    0.040570    0.457137    0.013502
 31  -17.164024  -12.442905    0.135429   -0.158593    0.012660   -2.325278
 32   -0.000008    0.000023   13.980950   -0.159217   -2.573332   -1.273571
 33   36.377430    0.000000    0.000004    0.000000    0.000000   -1.511100
 34   27.461361   -0.000010   -0.000004   -0.000000    0.000000    0.836199
 35   33.524654   -0.000004   -0.000004    0.154782   -0.029215   -0.547782
 36    1.580433   -2.368217    0.818150    0.022442   -0.096140   -1.076909
 37    5.211130    0.000000   -0.000004   -0.000000   -0.000000    0.261799
 38    4.981537    0.000002    0.000002    0.000000   -0.000000    0.000000
 39   12.550966   10.814419   -6.775974   -0.029207    0.613476    1.788156
 40    5.473740   -0.000000    0.000002   -0.000000    0.000000    0.000000
 41    6.182610    0.000000    0.000004   -0.000000    0.000000    0.000000
 42   12.438517   13.349251   -2.388279   -0.013601    0.098605    1.912413
 43    6.280964    0.000000    0.000002    0.000000    0.000000   -0.000000
 44    5.914864    0.000000    0.000000    0.000000   -0.000000   -0.000000
 45   12.550965   13.059269    3.805672   -0.047695   -0.239064    1.908600
 46    6.155136    0.000000   -0.000008    0.000000    0.000000    0.000000
 47    5.483021   -0.000000    0.000000    0.000000    0.000000    0.000000
 48    0.000031   -0.000019  -13.980946   -0.086132    3.067886   -0.770055
 49   36.377426    0.000000    0.000002    0.000000   -0.000000   -1.539923
 50   27.461361    0.000008    0.000000   -0.000000   -0.000000    1.195975
 51   33.524651    0.000000   -0.000006    0.328428    0.326048   -0.426629
 52    1.580434   -2.368219   -0.818148   -0.015865    0.097437   -1.008845
 53    5.211132    0.000000    0.000000   -0.000000    0.000000    0.329558
 54    4.981532    0.000000   -0.000002    0.000000   -0.000000    0.067758
 55   12.550968   10.814419    6.775972    0.029210   -0.613475    1.788154
 56    5.473732    0.000001   -0.000004   -0.000000   -0.000000    0.000000
 57    6.182625    0.000001    0.000002   -0.000000   -0.000000    0.000000
 58   12.438518   13.349252    2.388275    0.013604   -0.098605    1.912412
 59    6.280959   -0.000000   -0.000004   -0.000000   -0.000000   -0.000000
 60    5.914862   -0.000000    0.000002   -0.000000   -0.000000   -0.000000
 61   12.550968   13.059267   -3.805677    0.047697    0.239062    1.908599
 62    6.155133   -0.000001    0.000000    0.000000   -0.000000   -0.000000
 63    5.483023   -0.000000    0.000002    0.000000   -0.000000   -0.000000
time 1
  0    7.118516    3.699295    0.000000    0.000000   -0.000000    0.000000
  1    8.707729    3.699295   91.377357   -1.902056   -1.233588   -1.568202
  2   11.095657   -0.109177    0.124242    0.045675   -0.001929    0.246903
  3   26.599968   -0.028664    0.001238   -0.041938    0.002817    0.245942
  4   39.676567   -4.291618    0.000111   -0.010186    0.000008   -0.000000
  5   14.007385    0.000000    0.000000    0.323463    0.052012   -0.378651
  6   15.092117  -16.122837   -0.000225    0.015224   -0.072603   -2.244776
  7   13.246033   -0.010361   -0.000351    0.033290   -0.065592   -0.199648
  8   13.245476   -0.010239   -0.000374    0.035420   -0.064776   -0.253650
  9   13.246895   -0.010468   -0.000261    0.024684    0.090394   -0.113992
 10   13.247566   -0.010529   -0.000260    0.024684    0.090394   -0.048211
 11   13.246689   -0.010452   -0.000258    0.024684    0.090394   -0.132592
 12    4.402054    3.452084    0.000002   -0.000004   -0.000003    1.899624
 13   11.331223    9.005783    4.187391    3.078442   -0.002132    1.157999
 14   11.331253    9.005806   -4.187319    3.078442   -0.002132    1.158000
 15   11.434090   13.511032  -10.152095   -0.178492    0.097136    1.896682
 16   11.434074   13.510994   11.684676   -0.181192   -2.944403   -1.191540
 17   35.119637   -3.852142    4.488244   -0.167987   -1.420295   -2.976265
 18   21.674160   -0.000008    0.000000   -1.098850    0.521502   -0.405930
 19   54.141205    0.000011    0.000000    0.000000   -0.000000   -2.516161
 20   54.722580    0.000019   -0.000008   -1.403082    1.011100    1.325947
 21    8.659706    0.612419  -11.722496    1.692638    0.921202    0.215404
 22   10.496555   -0.000008    0.000008   -0.000000   -0.000000    1.018519
 23   31.407944    0.000000    0.000000   -0.040543   -0.455764    0.013440
 24   35.119652   -3.852119   -4.488269    0.633538    1.322483   -2.523643
 25   21.674156    0.000000    0.000000    1.029028   -0.659455   -0.342044
 26   54.141224    0.000019    0.000015   -0.000000    0.000000   -2.360565
 27   54.722588    0.000015   -0.000015    1.405356   -0.995735    1.230820
 28    8.659706    0.612411   11.722496   -1.796188   -0.931013    0.320013
 29   10.496567   -0.000015    0.000015   -0.000000   -0.000000    1.022726
 30   31.407928    0.000000    0.000000    0.040570    0.457137    0.013502
 31  -17.164024  -12.442905    0.135429   -0.158593    0.012660   -2.325278
 32   -0.000008    0.000023   13.980950   -0.159217   -2.573332   -1.273571
 33   36.377430    0.000000    0.000004    0.000000    0.000000   -1.511100
 34   27.461361   -0.000010   -0.000004   -0.000000    0.000000    0.836199
 35   33.524654   -0.000004   -0.000004    0.154782   -0.029215   -0.547782
 36    1.580433   -2.368217    0.818150    0.022442   -0.096140   -1.076909
 37    5.211130    0.000000   -0.000004   -0.000000   -0.000000    0.261799
 38    4.981537    0.000002    0.000002    0.000000   -0.000000    0.000000
 39   12.550966   10.814419   -6.775974   -0.029207    0.613476    1.788156
 40    5.473740   -0.000000    0.000002   -0.000000    0.000000    0.000000
 41    6.182610    0.000000    0.000004   -0.000000    0.000000    0.000000
 42   12.438517   13.349251   -2.388279   -0.013601    0.098605    1.912413
 43    6.280964    0.000000    0.000002    0.000000    0.000000   -0.000000
 44    5.914864    0.000000    0.000000    0.000000   -0.000000   -0.000000
 45   12.550965   13.059269    3.805672   -0.047695   -0.239064    1.908600
 46    6.155136    0.000000   -0.000008    0.000000    0.000000    0.000000
 47    5.483021   -0.000000    0.000000    0.000000    0.000000    0.000000
 48    0.000031   -0.000019  -13.980946   -0.086132    3.067886   -0.770055
 49   36.377426    0.000000    0.000002    0.000000   -0.000000   -1.539923
 50   27.461361    0.000008    0.000000   -0.000000   -0.000000    1.195975
 51   33.524651    0.000000   -0.000006    0.328428    0.326048   -0.426629
 52    1.580434   -2.368219   -0.818148   -0.015865    0.097437   -1.008845
 53    5.211132    0.000000    0.000000   -0.000000    0.000000    0.329558
 54    4.981532    0.000000   -0.000002    0.000000   -0.000000    0.067758
 55   12.550968   10.814419    6.775972    0.029210   -0.613475    1.788154
 56    5.473732    0.000001   -0.000004   -0.000000   -0.000000    0.000000
 57    6.182625    0.000001    0.000002   -0.000000   -0.000000    0.000000
 58   12.438518   13.349252    2.388275    0.013604   -0.098605    1.912412
 59    6.280959   -0.000000   -0.000004   -0.000000   -0.000000   -0.000000
 60    5.914862   -0.000000    0.000002   -0.000000   -0.000000   -0.000000
 61   12.550968   13.059267   -3.805677    0.047697    0.239062    1.908599
 62    6.155133   -0.000001    0.000000    0.000000   -0.000000   -0.000000
 63    5.483023   -0.000000    0.000002    0.000000   -0.000000   -0.000000
time 2
  0    7.118516    3.699295    0.000000    0.000000   -0.000000    0.000000
  1   10.590679    3.699295   88.789017   -2.024145   -1.257646   -1.518525
  2   11.095673   -0.109177    0.125963   -0.035631    0.003669    0.248094
  3   26.599960   -0.028458    0.003634   -0.123241    0.008498    0.246639
  4   39.676575   -4.291603    0.000114   -0.010186    0.000008   -0.000000
  5   14.007385    0.000000   -0.000006    0.552232    0.106777   -0.352473
  6   15.092407  -16.122498   -0.000559    0.046622   -0.129824   -2.291575
  7   13.246262   -0.010361   -0.000719    0.068615   -0.109248   -0.182786
  8   13.245842   -0.010300   -0.000742    0.070849   -0.108129   -0.223210
  9   13.247108   -0.010498   -0.000626    0.060231    0.147434   -0.085074
 10   13.247795   -0.010521   -0.000628    0.060231    0.147434   -0.019293
 11   13.246918   -0.010452   -0.000631    0.060231    0.147434   -0.103674
 12    4.402084    3.452076    0.000006   -0.000004   -0.000003    1.899624
 13   11.331223    9.005791    4.187395    3.059266   -0.002132    1.157999
 14   11.331223    9.005810   -4.187314    3.059266   -0.002131    1.157999
 15   11.434090   13.511024  -10.152094   -0.178492    0.097136    1.896682
 16   11.434082   13.510986   11.684677   -0.181192   -2.944403   -1.191540
 17   35.119644   -3.852158    4.488241    0.650732   -1.508971    2.490987
 18   21.674152    0.000015    0.000031   -1.096231    0.383463   -0.216808
 19   54.141224   -0.000008    0.000015    0.000000   -0.000000   -2.306448
 20   54.722595   -0.000011    0.000000   -1.587903    0.865907    1.305660
 21    8.659702    0.612411  -11.722496    1.539395    0.840458   -0.031755
 22   10.496555    0.000023    0.000000   -0.000000   -0.000000    0.712774
 23   31.407928   -0.000015    0.000000   -0.038838   -0.355954    0.009128
 24   35.119644   -3.852127   -4.488272    0.942460    1.295944   -2.218225
 25   21.674156   -0.000015    0.000000    0.907218   -0.704772   -0.244225
 26   54.141212   -0.000004    0.000000    0.000000   -0.000000   -2.004936
 27   54.722572    0.000004    0.000015    1.566099   -0.828760    1.131207
 28    8.659706    0.612404   11.722496   -1.739906   -0.879932    0.177640
 29   10.496571    0.000015    0.000000   -0.000000    0.000000    0.725395
 30   31.407932    0.000000    0.000015    0.038898    0.360074    0.009299
 31  -17.165039  -12.443947    0.135180   -0.154453    0.017008   -2.302256
 32   -0.000008    0.000019   13.980951   -0.122000   -2.533190   -1.284729
 33   36.377430   -0.000015    0.000008   -0.000000    0.000000   -1.661711
 34   27.461349    0.000002   -0.000002   -0.000000   -0.000000    0.971983
 35   33.524639   -0.000008    0.000008    0.108656   -0.043951   -0.568069
 36    1.580435   -2.368219    0.818150    0.022442   -0.096140   -1.076909
 37    5.211132    0.000000    0.000002   -0.000000    0.000000    0.261799
 38    4.981531    0.000003   -0.000008   -0.000000    0.000000   -0.000000
 39   12.550967   10.814421   -6.775982   -0.029207    0.613476    1.788155
 40    5.473724    0.000001   -0.000006    0.000000   -0.000000    0.000000
 41    6.182617    0.000001    0.000004    0.000000   -0.000000    0.000000
 42   12.438516   13.349249   -2.388271   -0.013601    0.098605    1.912413
 43    6.280956    0.000001    0.000002    0.000000   -0.000000   -0.000000
 44    5.914852    0.000001   -0.000004    0.000000   -0.000000   -0.000000
 45   12.550966   13.059267    3.805677   -0.047695   -0.239064    1.908600
 46    6.155136    0.000001    0.000000    0.000000   -0.000000    0.000000
 47    5.483017    0.000001    0.000004   -0.000000   -0.000000    0.000000
 48    0.000023   -0.000015  -13.980945   -0.051934    3.041999   -0.795924
 49   36.377445    0.000004   -0.000002    0.000000   -0.000000   -1.621022
 50   27.461365    0.000004   -0.000004   -0.000000   -0.000000    1.251551
 51   33.524635    0.000001   -0.000004    0.198819    0.321158   -0.486307
 52    1.580433   -2.368220   -0.818150   -0.015865    0.097437   -1.008845
 53    5.211135    0.000002    0.000002   -0.000000   -0.000000    0.329558
 54    4.981533   -0.000002    0.000004   -0.000000   -0.000000    0.067758
 55   12.550962   10.814419    6.775976    0.029210   -0.613475    1.788154
 56    5.473726    0.000000    0.000000    0.000000   -0.000000   -0.000000
 57    6.182625    0.000001    0.000004   -0.000000   -0.000000   -0.000000
 58   12.438514   13.349249    2.388277    0.013604   -0.098605    1.912412
 59    6.280956    0.000000   -0.000002    0.000000   -0.000000    0.000000
 60    5.914864    0.000001    0.000004   -0.000000    0.000000    0.000000
 61   12.550962   13.059263   -3.805676    0.047697    0.239062    1.908599
 62    6.155132    0.000001    0.000000   -0.000000   -0.000000   -0.000000
 63    5.483024    0.000000    0.000002   -0.000000   -0.000000   -0.000000
time 3
  0    7.118516    3.699295    0.000000    0.000000   -0.000000    0.000000
  1   12.326759    3.699295   86.356827   -2.147254   -1.278737   -1.460062
  2   11.095680   -0.109058    0.127535   -0.110067    0.007938    0.248599
  3   26.599915   -0.028107    0.005812   -0.197679    0.012795    0.246769
  4   39.676590   -4.291626    0.000103   -0.010186    0.000008   -0.000000
  5   14.007385    0.000000    0.000002    0.764517    0.150052   -0.317295
  6   15.092682  -16.122211   -0.000877    0.078563   -0.180583   -2.337945
  7   13.246490   -0.010361   -0.001053    0.101275   -0.151600   -0.167933
  8   13.246231   -0.010345   -0.001072    0.103035   -0.150641   -0.195174
  9   13.247330   -0.010498   -0.000988    0.095610    0.197645   -0.055106
 10   13.247993   -0.010490   -0.000985    0.095610    0.197645    0.010675
 11   13.247131   -0.010452   -0.000984    0.095610    0.197645   -0.073706
 12    4.402054    3.452080    0.000004   -0.000004   -0.000003    1.899624
 13   11.331253    9.005787    4.187397    3.042338   -0.002132    1.157999
 14   11.331238    9.005810   -4.187318    3.042338   -0.002131    1.157999
 15   11.434090   13.511017  -10.152096   -0.178492    0.097136    1.896682
 16   11.434082   13.510986   11.684668   -0.181192   -2.944403   -1.191540
 17   35.119644   -3.852150    4.488239    2.004962   -1.465446    1.133709
 18   21.674156   -0.000008    0.000000   -1.049098    0.263761   -0.019399
 19   54.141209    0.000015   -0.000015   -0.000000   -0.000000   -2.103016
 20   54.722576    0.000004    0.000000   -1.741778    0.724642    1.316030
 21    8.659714    0.612411  -11.722481    1.437931    0.744371   -0.224293
 22   10.496552   -0.000008   -0.000008   -0.000000   -0.000000    0.418388
 23   31.407913    0.000046    0.000023   -0.037668   -0.259846    0.005269
 24   35.119644   -3.852127   -4.488272    1.169756    1.252051   -1.991541
 25   21.674150   -0.000008    0.000015    0.795167   -0.707805   -0.151808
 26   54.141216    0.000015    0.000031   -0.000000    0.000000   -1.657078
 27   54.722580   -0.000034    0.000031    1.680402   -0.658274    1.076685
 28    8.659710    0.612411   11.722504   -1.699707   -0.826311    0.052640
 29   10.496563   -0.000008    0.000000   -0.000000    0.000000    0.437319
 30   31.407948    0.000015    0.000000    0.037731    0.266027    0.005511
 31  -17.166000  -12.445000    0.134974   -0.151182    0.021003   -2.279887
 32   -0.000031    0.000023   13.980947   -0.094385   -2.501296   -1.282151
 33   36.377434    0.000008    0.000008   -0.000000    0.000000   -1.789832
 34   27.461365    0.000006    0.000000   -0.000000   -0.000000    1.098893
 35   33.524635   -0.000015    0.000000    0.065953   -0.056989   -0.589098
 36    1.580431   -2.368225    0.818146    0.022442   -0.096140   -1.076909
 37    5.211128    0.000002   -0.000004    0.000000   -0.000000    0.261799
 38    4.981537    0.000002    0.000002   -0.000000   -0.000000   -0.000000
 39   12.550964   10.814409   -6.775974   -0.029207    0.613476    1.788155
 40    5.473724    0.000001    0.000002    0.000000    0.000000   -0.000000
 41    6.182617    0.000000   -0.000004    0.000000    0.000000   -0.000000
 42   12.438514   13.349245   -2.388275   -0.013601    0.098605    1.912413
 43    6.280956    0.000000    0.000004    0.000000   -0.000000   -0.000000
 44    5.914864    0.000000   -0.000002    0.000000   -0.000000   -0.000000
 45   12.550962   13.059259    3.805674   -0.047695   -0.239064    1.908599
 46    6.155138   -0.000000    0.000000   -0.000000    0.000000   -0.000000
 47    5.483021    0.000001    0.000004   -0.000000   -0.000000    0.000000
 48    0.000015   -0.000015  -13.980945   -0.015008    3.010288   -0.821491
 49   36.377430   -0.000004   -0.000004    0.000000   -0.000000   -1.693253
 50   27.461355    0.000004   -0.000004    0.000000   -0.000000    1.297706
 51   33.524635    0.000001   -0.000004    0.072585    0.307309   -0.543728
 52    1.580434   -2.368223   -0.818146   -0.015865    0.097437   -1.008845
 53    5.211132    0.000001    0.000002   -0.000000    0.000000    0.329558
 54    4.981528   -0.000002    0.000004    0.000000   -0.000000    0.067758
 55   12.550965   10.814411    6.775974    0.029210   -0.613475    1.788154
 56    5.473728    0.000001    0.000000    0.000000    0.000000   -0.000000
 57    6.182615    0.000000   -0.000002    0.000000    0.000000   -0.000000
 58   12.438514   13.349247    2.388275    0.013604   -0.098605    1.912412
 59    6.280960    0.000001   -0.000004   -0.000000   -0.000000   -0.000000
 60    5.914856   -0.000000   -0.000002    0.000000    0.000000   -0.000000
 61   12.550961   13.059263   -3.805674    0.047697    0.239062    1.908599
 62    6.155131    0.000000   -0.000002   -0.000000   -0.000000    0.000000
 63    5.483027   -0.000000    0.000004   -0.000000   -0.000000    0.000000
time 4
  0    7.118516    3.699295    0.000000    0.000000   -0.000000    0.000000
  1   13.475368    3.699295   84.549286   -2.231297   -1.295143   -1.410510
  2   11.095642   -0.108934    0.128520   -0.157038    0.006614    0.248055
  3   26.599823   -0.027809    0.007163   -0.244651    0.011428    0.246343
  4   39.676559   -4.291611    0.000109   -0.010186    0.000008   -0.000000
  5   14.007401    0.000000    0.000002    0.900363    0.178983   -0.288715
  6   15.092911  -16.121998   -0.001131    0.102789   -0.210565   -2.375196
  7   13.246704   -0.010391   -0.001297    0.125097   -0.186857   -0.156277
  8   13.246552   -0.010345   -0.001307    0.125979   -0.186374   -0.172132
  9   13.247498   -0.010452   -0.001266    0.123575    0.224015   -0.028811
 10   13.248199   -0.010490   -0.001263    0.123575    0.224015    0.036970
 11   13.247314   -0.010452   -0.001266    0.123575    0.224015   -0.047411
 12    4.402039    3.452068    0.000002   -0.000004   -0.000003    1.899624
 13   11.331223    9.005787    4.187393    3.031710   -0.002131    1.158000
 14   11.331223    9.005810   -4.187315    3.031710   -0.002131    1.158000
 15   11.434090   13.511021  -10.152096   -0.178492    0.097136    1.896682
 16   11.434074   13.510986   11.684677   -0.181192   -2.944403   -1.191540
 17   35.119644   -3.852158    4.488239    2.272539   -1.392251    0.860347
 18   21.674160    0.000000    0.000000   -0.982108    0.169862    0.131864
 19   54.141247    0.000000   -0.000015    0.000000    0.000000   -1.924707
 20   54.722595   -0.000008    0.000031   -1.873215    0.600050    1.320720
 21    8.659698    0.612404  -11.722488    1.393526    0.657754   -0.338205
 22   10.496552    0.000000    0.000008    0.000000   -0.000000    0.169438
 23   31.407936   -0.000015    0.000015   -0.036991   -0.178569    0.002160
 24   35.119644   -3.852119   -4.488266    1.310632    1.210414   -1.848743
 25   21.674160   -0.000004   -0.000015    0.737516   -0.659432   -0.096440
 26   54.141228   -0.000008    0.000015   -0.000000    0.000000   -1.340299
 27   54.722580    0.000004   -0.000031    1.764560   -0.497001    1.034572
 28    8.659729    0.612396   11.722504   -1.676186   -0.777044   -0.045448
 29   10.496559   -0.000008    0.000000    0.000000   -0.000000    0.186266
 30   31.407936    0.000000    0.000008    0.037028    0.184063    0.002367
 31  -17.166779  -12.445938    0.135008   -0.151708    0.023942   -2.260205
 32   -0.000023    0.000021   13.980947   -0.083461   -2.485841   -1.272589
 33   36.377430   -0.000008   -0.000004    0.000000    0.000000   -1.874101
 34   27.461357    0.000002    0.000000   -0.000000    0.000000    1.189683
 35   33.524643   -0.000011   -0.000004    0.042517   -0.061401   -0.607175
 36    1.580433   -2.368223    0.818146    0.022442   -0.096140   -1.076909
 37    5.211130    0.000000    0.000002   -0.000000    0.000000    0.261799
 38    4.981537    0.000001    0.000000   -0.000000    0.000000   -0.000000
 39   12.550964   10.814411   -6.775982   -0.029207    0.613476    1.788156
 40    5.473736    0.000001    0.000000   -0.000000   -0.000000    0.000000
 41    6.182617    0.000001    0.000004   -0.000000   -0.000000   -0.000000
 42   12.438515   13.349251   -2.388287   -0.013601    0.098605    1.912413
 43    6.280956    0.000002    0.000000    0.000000    0.000000   -0.000000
 44    5.914856    0.000001    0.000000   -0.000000    0.000000   -0.000000
 45   12.550964   13.059261    3.805670   -0.047695   -0.239064    1.908600
 46    6.155136    0.000001    0.000000    0.000000   -0.000000   -0.000000
 47    5.483021    0.000001    0.000000    0.000000   -0.000000   -0.000000
 48    0.000023   -0.000015  -13.980943    0.024431    2.972392   -0.833158
 49   36.377434   -0.000011    0.000006   -0.000000   -0.000000   -1.746628
 50   27.461357    0.000019   -0.000006    0.000000   -0.000000    1.337505
 51   33.524651   -0.000006   -0.000006   -0.024158    0.289006   -0.588138
 52    1.580434   -2.368222   -0.818150   -0.015865    0.097437   -1.008845
 53    5.211132    0.000002    0.000000   -0.000000    0.000000    0.329558
 54    4.981530    0.000006    0.000002    0.000000    0.000000    0.067758
 55   12.550975   10.814416    6.775969    0.029210   -0.613475    1.788154
 56    5.473732    0.000000    0.000000    0.000000   -0.000000   -0.000000
 57    6.182621    0.000000    0.000002    0.000000   -0.000000   -0.000000
 58   12.438526   13.349247    2.388279    0.013604   -0.098605    1.912412
 59    6.280959    0.000001   -0.000002   -0.000000    0.000000   -0.000000
 60    5.914862    0.000001    0.000000   -0.000000    0.000000   -0.000000
 61   12.550975   13.059263   -3.805672    0.047697    0.239063    1.908599
 62    6.155134    0.000001    0.000004    0.000000    0.000000    0.000000
 63    5.483019    0.000001    0.000000    0.000000   -0.000000    0.000000
time 5
  0    7.118516    3.699295    0.000000    0.000000   -0.000000    0.000000
  1   13.595901    3.699295   83.834877   -2.228751   -1.306670   -1.395107
  2   11.095581   -0.108955    0.128496   -0.155923   -0.004497    0.246130
  3   26.599731   -0.027847    0.007129   -0.243540    0.000191    0.245398
  4   39.676575   -4.291595    0.000103   -0.010186    0.000008   -0.000000
  5   14.007385    0.000000    0.000004    0.898086    0.197302   -0.284318
  6   15.093048  -16.121870   -0.001192    0.109589   -0.206330   -2.393414
  7   13.246849   -0.010361   -0.001375    0.133958   -0.209081   -0.148467
  8   13.246765   -0.010376   -0.001377    0.133958   -0.209081   -0.156193
  9   13.247665   -0.010452   -0.001396    0.135608    0.210128   -0.012195
 10   13.248352   -0.010452   -0.001392    0.135608    0.210128    0.053586
 11   13.247467   -0.010422   -0.001398    0.135608    0.210128   -0.030795
 12    4.402054    3.452084   -0.000002   -0.000004   -0.000003    1.899624
 13   11.331238    9.005787    4.187391    3.030992   -0.002131    1.158000
 14   11.331223    9.005817   -4.187321    3.030992   -0.002131    1.157999
 15   11.293869   13.595795  -10.300652   -0.164492    0.155504    1.906678
 16   11.293854   13.595760   11.536116   -0.165477   -3.002258   -1.185729
 17   35.119644   -3.852142    4.488241    2.360958   -1.362901    0.768957
 18   21.674156    0.000008    0.000000   -0.937160    0.117142    0.200766
 19   54.141228    0.000015    0.000000    0.000000   -0.000000   -1.790365
 20   54.722599    0.000008    0.000000   -1.978672    0.499831    1.290614
 21    8.659691    0.612411  -11.722488    1.401250    0.604862   -0.356942
 22   10.496582    0.000000   -0.000008    0.000000    0.000000   -0.000000
 23   31.407936    0.000000    0.000000   -0.036681   -0.123250    0.000099
 24   35.119629   -3.852112   -4.488274    1.386488    1.189646   -1.769792
 25   21.674152    0.000004    0.000000    0.751024   -0.562040   -0.087261
 26   54.141212    0.000008    0.000000    0.000000    0.000000   -1.077907
 27   54.722588   -0.000004    0.000000    1.821546   -0.354954    0.982375
 28    8.659718    0.612411   11.722504   -1.667193   -0.739243   -0.109094
 29   10.496567    0.000000    0.000015    0.000000    0.000000   -0.000000
 30   31.407917    0.000015    0.000000    0.036681    0.123250    0.000099
 31  -17.167320  -12.446728    0.135448   -0.158992    0.025212   -2.245253
 32   -0.000015    0.000021   13.980947   -0.091275   -2.494305   -1.269732
 33   36.377434    0.000008    0.000000    0.000000    0.000000   -1.895455
 34   27.461346   -0.000002   -0.000004   -0.000000    0.000000    1.214103
 35   33.524643    0.000008    0.000008    0.054820   -0.049993   -0.617783
 36    1.580433   -2.368219    0.818146    0.022442   -0.096139   -1.076909
 37    5.211132   -0.000001    0.000002    0.000000    0.000000    0.261799
 38    4.981533    0.000000    0.000004    0.000000   -0.000000   -0.000000
 39   12.550966   10.814425   -6.775970   -0.029207    0.613476    1.788156
 40    5.473724   -0.000001    0.000004    0.000000    0.000000    0.000000
 41    6.182621   -0.000000    0.000000    0.000000    0.000000   -0.000000
 42   12.438518   13.349257   -2.388275   -0.013601    0.098605    1.912413
 43    6.280964   -0.000000    0.000006   -0.000000   -0.000000   -0.000000
 44    5.914856   -0.000001   -0.000006   -0.000000   -0.000000    0.000000
 45   12.550967   13.059271    3.805676   -0.047695   -0.239064    1.908600
 46    6.155136   -0.000002   -0.000008   -0.000000    0.000000    0.000000
 47    5.483025   -0.000000    0.000004    0.000000    0.000000    0.000000
 48    0.000023   -0.000015  -13.980945    0.068162    2.929110   -0.814460
 49   36.377438    0.000000    0.000000    0.000000   -0.000000   -1.772512
 50   27.461357   -0.000011   -0.000002   -0.000000   -0.000000    1.377684
 51   33.524639    0.000007   -0.000004   -0.067659    0.275937   -0.610627
 52    1.580433   -2.368223   -0.818148   -0.015865    0.097437   -1.008845
 53    5.211129    0.000000    0.000002   -0.000000    0.000000    0.329558
 54    4.981531   -0.000002   -0.000002    0.000000   -0.000000    0.067758
 55   12.550961   10.814415    6.775976    0.029210   -0.613475    1.788154
 56    5.473734   -0.000000   -0.000004    0.000000   -0.000000   -0.000000
 57    6.182617    0.000000   -0.000004    0.000000    0.000000   -0.000000
 58   12.438513   13.349249    2.388279    0.013604   -0.098605    1.912412
 59    6.280959    0.000000   -0.000004   -0.000000    0.000000   -0.000000
 60    5.914857    0.000000    0.000002   -0.000000    0.000000    0.000000
 61   12.550962   13.059263   -3.805672    0.047697    0.239062    1.908599
 62    6.155134    0.000000    0.000000    0.000000   -0.000000   -0.000000
 63    5.483021    0.000000    0.000002   -0.000000    0.000000    0.000000
time 6
  0    7.118516    3.699295    0.000000    0.000000   -0.000000    0.000000
  1   12.520542    3.699295   84.302277   -2.113577   -1.314788   -1.427751
  2   11.095451   -0.109146    0.127274   -0.097784   -0.028735    0.241201
  3   26.599609   -0.028252    0.005451   -0.185449   -0.024385    0.242610
  4   39.676544   -4.291588    0.000118   -0.010186    0.000008    0.000000
  5   14.007370    0.000008    0.000000    0.691653    0.198635   -0.321088
  6   15.093033  -16.121874   -0.000996    0.089373   -0.149690   -2.382426
  7   13.246857   -0.010406   -0.001247    0.121713   -0.218887   -0.145105
  8   13.246796   -0.010391   -0.001251    0.121230   -0.219103   -0.148984
  9   13.247826   -0.010475   -0.001297    0.124142    0.122190   -0.009854
 10   13.248505   -0.010483   -0.001289    0.124017    0.136207    0.056765
 11   13.247627   -0.010468   -0.001293    0.124017    0.136207   -0.027616
 12    4.401657    3.453045    0.000002   -0.000004   -0.000003    2.011939
 13   11.331253    9.005787    4.187395    3.064283   -0.002132    1.157999
 14   11.331238    9.005806   -4.187315    3.064284   -0.002131    1.158000
 15   10.985352   13.782280  -10.627491   -0.133692    0.283914    1.928669
 16   10.985344   13.782238   11.209278   -0.130906   -3.129537   -1.172946
 17   35.119629   -3.852142    4.488247    2.423936   -1.389152    0.708651
 18   21.674156    0.000000    0.000000   -0.930509    0.110663    0.191905
 19   54.141197   -0.000015    0.000000   -0.000000   -0.000000   -1.699667
 20   54.722576    0.000015    0.000015   -2.062930    0.413834    1.200319
 21    8.659698    0.612419  -11.722458    1.469009    0.591627   -0.253336
 22   10.496536    0.000000   -0.000015   -0.000000    0.000000   -0.082168
 23   31.407898    0.000015    0.000031   -0.036573   -0.096423   -0.000890
 24   35.119629   -3.852119   -4.488270    1.404015    1.209599   -1.749644
 25   21.674149   -0.000004    0.000000    0.828300   -0.361261   -0.153175
 26   54.141197    0.000004    0.000000   -0.000000    0.000000   -0.871087
 27   54.722549   -0.000002    0.000000    1.840104   -0.236638    0.885634
 28    8.659714    0.612396   11.722488   -1.672297   -0.721817   -0.124205
 29   10.496567   -0.000004    0.000015   -0.000000   -0.000000   -0.081347
 30   31.407921   -0.000031    0.000000    0.036610    0.106479   -0.000520
 31  -17.167645  -12.447418    0.136465   -0.175427    0.016845   -2.232015
 32   -0.000015    0.000023   13.980947   -0.122125   -2.531993   -1.274177
 33   36.377434    0.000008    0.000008   -0.000000   -0.000000   -1.847234
 34   27.461357    0.000004   -0.000006    0.000000   -0.000000    1.166133
 35   33.524643   -0.000008    0.000002    0.111015   -0.018183   -0.621998
 36    1.580431   -2.368221    0.818146    0.022442   -0.096140   -1.076910
 37    5.211126    0.000002   -0.000002   -0.000000   -0.000000    0.261799
 38    4.981533    0.000000    0.000000   -0.000000    0.000000   -0.000000
 39   12.550965   10.814415   -6.775974   -0.029207    0.613476    1.788155
 40    5.473736    0.000000   -0.000002    0.000000    0.000000    0.000000
 41    6.182610    0.000000    0.000000    0.000000    0.000000    0.000000
 42   12.438516   13.349247   -2.388279   -0.013601    0.098605    1.912413
 43    6.280960    0.000001    0.000002   -0.000000    0.000000   -0.000000
 44    5.914852    0.000002    0.000002   -0.000000    0.000000   -0.000000
 45   12.550968   13.059261    3.805676   -0.047695   -0.239064    1.908599
 46    6.155128    0.000000    0.000000   -0.000000   -0.000000   -0.000000
 47    5.483017    0.000001    0.000004   -0.000000   -0.000000    0.000000
 48    0.000023   -0.000019  -13.980944    0.119782    2.883548   -0.753548
 49   36.377434    0.000008    0.000000    0.000000    0.000000   -1.768499
 50   27.461357   -0.000008   -0.000002   -0.000000    0.000000    1.425891
 51   33.524628    0.000013    0.000004   -0.045887    0.276064   -0.609705
 52    1.580434   -2.368222   -0.818151   -0.015865    0.097437   -1.008845
 53    5.211130    0.000000    0.000000   -0.000000    0.000000    0.329558
 54    4.981531    0.000002   -0.000002    0.000000   -0.000000    0.067758
 55   12.550967   10.814415    6.775976    0.029209   -0.613475    1.788155
 56    5.473740   -0.000001    0.000000   -0.000000   -0.000000    0.000000
 57    6.182615   -0.000001   -0.000006   -0.000000   -0.000000    0.000000
 58   12.438516   13.349248    2.388283    0.013604   -0.098605    1.912412
 59    6.280959   -0.000001    0.000002    0.000000   -0.000000   -0.000000
 60    5.914856   -0.000001   -0.000002    0.000000   -0.000000   -0.000000
 61   12.550965   13.059263   -3.805668    0.047697    0.239062    1.908599
 62    6.155130   -0.000000    0.000002    0.000000   -0.000000   -0.000000
 63    5.483018   -0.000001    0.000004    0.000000   -0.000000   -0.000000
time 7
  0    7.118516    3.699295    0.000000    0.000000   -0.000000    0.000000
  1   10.606987    3.699295   85.541275   -1.913649   -1.318940   -1.497616
  2   11.095345   -0.109276    0.125179    0.001285   -0.062711    0.231256
  3   26.599487   -0.028683    0.002553   -0.086545   -0.059101    0.235684
  4   39.676552   -4.291603    0.000119   -0.010186    0.000008    0.000000
  5   14.007385   -0.000015   -0.000004    0.333827    0.162252   -0.374680
  6   15.092865  -16.122002   -0.000597    0.050327   -0.049297   -2.351246
  7   13.246773   -0.010422   -0.000952    0.092649   -0.220022   -0.145163
  8   13.246758   -0.010422   -0.000948    0.092102   -0.220204   -0.148555
  9   13.247955   -0.010498   -0.000999    0.095148   -0.028505   -0.015332
 10   13.248634   -0.010483   -0.000994    0.094568    0.013560    0.052392
 11   13.247753   -0.010498   -0.000988    0.094568    0.013560   -0.031989
 12    4.401031    3.454174    0.000003   -0.000004   -0.000002    2.151267
 13   11.331253    9.005787    4.187395    3.128143   -0.002132    1.157999
 14   11.331253    9.005802   -4.187317    3.128142   -0.002132    1.157999
 15   10.676842   13.968773  -10.954322   -0.102892    0.412324    1.950660
 16   10.676826   13.968739   10.882453   -0.096334    3.026369   -1.160162
 17   35.119637   -3.852135    4.488250    2.533252   -1.454509    0.604370
 18   21.674166    0.000015    0.000000   -0.936822    0.134482    0.135194
 19   54.141216    0.000000    0.000000    0.000000    0.000000   -1.636149
 20   54.722588   -0.000008    0.000015   -2.128859    0.327692    1.063389
 21    8.659691    0.612404  -11.722473    1.587384    0.591456   -0.050148
 22   10.496567   -0.000023    0.000008    0.000000   -0.000000   -0.105175
 23   31.407928   -0.000008    0.000015   -0.036547   -0.088912   -0.001166
 24   35.119637   -3.852119   -4.488269    1.369146    1.265877   -1.782714
 25   21.674160    0.000008    0.000000    0.873364   -0.057878   -0.262171
 26   54.141220   -0.000004    0.000015   -0.000000   -0.000000   -0.718474
 27   54.722595   -0.000005    0.000015    1.822760   -0.143676    0.746211
 28    8.659706    0.612427   11.722488   -1.687243   -0.721963   -0.099284
 29   10.496582    0.000006    0.000000    0.000000   -0.000000   -0.072308
 30   31.407898    0.000000    0.000015    0.036692    0.125743    0.000191
 31  -17.167801  -12.448086    0.137917   -0.199249   -0.000527   -2.218830
 32   -0.000031    0.000025   13.980949   -0.176932   -2.594837   -1.268953
 33   36.377438    0.000000    0.000004    0.000000    0.000000   -1.744421
 34   27.461357    0.000002   -0.000002   -0.000000    0.000000    1.076958
 35   33.524639    0.000008   -0.000002    0.197750    0.028630   -0.626022
 36    1.580435   -2.368223    0.818144    0.022442   -0.096139   -1.076909
 37    5.211128   -0.000000    0.000000    0.000000   -0.000000    0.261799
 38    4.981533    0.000000   -0.000002    0.000000    0.000000    0.000000
 39   12.550961   10.814419   -6.775978   -0.029207    0.613475    1.788155
 40    5.473732    0.000001   -0.000002    0.000000   -0.000000    0.000000
 41    6.182610    0.000001    0.000004    0.000000    0.000000   -0.000000
 42   12.438511   13.349247   -2.388283   -0.013601    0.098604    1.912413
 43    6.280960    0.000001    0.000002    0.000000    0.000000   -0.000000
 44    5.914860   -0.000000    0.000004    0.000000    0.000000   -0.000000
 45   12.550961   13.059265    3.805672   -0.047695   -0.239065    1.908600
 46    6.155140   -0.000001   -0.000004   -0.000000   -0.000000    0.000000
 47    5.483017    0.000000    0.000000   -0.000000   -0.000000    0.000000
 48    0.000008   -0.000013  -13.980947    0.181989    2.844003   -0.660338
 49   36.377426    0.000004   -0.000006   -0.000000    0.000000   -1.738173
 50   27.461351    0.000000    0.000000   -0.000000    0.000000    1.475087
 51   33.524635    0.000007   -0.000002    0.026325    0.285208   -0.592338
 52    1.580431   -2.368221   -0.818146   -0.015865    0.097437   -1.008845
 53    5.211126    0.000001   -0.000004   -0.000000    0.000000    0.329558
 54    4.981530   -0.000004    0.000002   -0.000000   -0.000000    0.067758
 55   12.550961   10.814413    6.775974    0.029210   -0.613475    1.788154
 56    5.473728   -0.000001   -0.000002   -0.000000   -0.000000   -0.000000
 57    6.182615    0.000000    0.000000    0.000000   -0.000000   -0.000000
 58   12.438512   13.349247    2.388281    0.013604   -0.098605    1.912412
 59    6.280951   -0.000001   -0.000004    0.000000   -0.000000    0.000000
 60    5.914861   -0.000001    0.000008    0.000000   -0.000000    0.000000
 61   12.550962   13.059258   -3.805674    0.047697    0.239062    1.908599
 62    6.155129   -0.000001    0.000006   -0.000000    0.000000    0.000000
 63    5.483019   -0.000001    0.000000    0.000000    0.000000    0.000000
time 8
  0    7.118516    3.699295    0.000000    0.000000   -0.000000    0.000000
  1    8.202884    3.699295   87.271935    1.473523   -1.825851    1.554680
  2   11.095230   -0.109133    0.122590    0.124498   -0.100186    0.215278
  3   26.599411   -0.028809   -0.001072    0.036356   -0.097830    0.223075
  4   39.676559   -4.291618    0.000114   -0.010186    0.000008   -0.000000
  5   14.007401    0.000008    0.000000   -0.059225    0.093653   -0.397155
  6   15.092606  -16.122234   -0.000147    0.007618    0.067379   -2.316939
  7   13.246674   -0.010437   -0.000580    0.056310   -0.211305   -0.147164
  8   13.246628   -0.010452   -0.000578    0.055958   -0.211377   -0.152002
  9   13.248001   -0.010529   -0.000610    0.058917   -0.190547   -0.019582
 10   13.248680   -0.010513   -0.000603    0.057988   -0.127441    0.048075
 11   13.247787   -0.010544   -0.000603    0.057988   -0.127441   -0.036306
 12    4.400253    3.455173    0.000002   -0.000005   -0.000002    2.287751
 13   11.331192    9.005791    4.187387   -3.098125   -0.002132    1.157999
 14   11.331223    9.005806   -4.187320   -3.098125   -0.002132    1.158000
 15   10.536621   14.053535  -11.102880   -0.088892    0.470693    1.960656
 16   10.536606   14.053497   10.733895   -0.080620    2.968515   -1.154351
 17   35.119629   -3.852142    4.488247   -3.093994   -1.536337   -0.048367
 18   21.674168    0.000008    0.000015   -0.926066    0.176351    0.049180
 19   54.141224    0.000000    0.000000    0.000000   -0.000000   -1.594439
 20   54.722595   -0.000015    0.000000   -2.171103    0.245293    0.907848
 21    8.659721    0.612404  -11.722488    1.726510    0.578932    0.196480
 22   10.496582    0.000000    0.000000    0.000000    0.000000   -0.088742
 23   31.407944   -0.000015    0.000000   -0.036565   -0.094277   -0.000969
 24   35.119629   -3.852119   -4.488269    1.278594    1.336713   -1.871512
 25   21.674160   -0.000015   -0.000015    0.813723    0.242019   -0.380907
 26   54.141220    0.000000   -0.000015   -0.000000    0.000000   -0.639553
 27   54.722595    0.000008    0.000015    1.794515   -0.078190    0.603058
 28    8.659683    0.612427   11.722488   -1.705636   -0.728749   -0.059272
 29   10.496552    0.000002   -0.000015   -0.000000   -0.000000   -0.027116
 30   31.407928    0.000015    0.000015    0.036782    0.143761    0.000859
 31  -17.167702  -12.448551    0.139597   -0.226874   -0.014827   -2.210098
 32   -0.000008    0.000027   13.980948   -0.249348   -2.678430   -1.242819
 33   36.377430    0.000000    0.000002    0.000000    0.000000   -1.597209
 34   27.461353    0.000000    0.000000   -0.000000    0.000000    0.969894
 35   33.524635    0.000004   -0.000002    0.299865    0.082861   -0.633237
 36    1.580433   -2.368217    0.818148    0.022442   -0.096139   -1.076909
 37    5.211134   -0.000001    0.000000   -0.000000   -0.000000    0.261799
 38    4.981533    0.000000   -0.000002    0.000000   -0.000000    0.000000
 39   12.550968   10.814419   -6.775974   -0.029207    0.613475    1.788155
 40    5.473732   -0.000000    0.000000    0.000000   -0.000000    0.000000
 41    6.182617   -0.000001    0.000008    0.000000   -0.000000    0.000000
 42   12.438519   13.349255   -2.388275   -0.013601    0.098605    1.912413
 43    6.280956   -0.000001    0.000002    0.000000    0.000000    0.000000
 44    5.914852   -0.000001    0.000004    0.000000    0.000000   -0.000000
 45   12.550966   13.059265    3.805681   -0.047695   -0.239064    1.908600
 46    6.155142   -0.000002    0.000000   -0.000000   -0.000000    0.000000
 47    5.483025   -0.000001    0.000004   -0.000000   -0.000000    0.000000
 48    0.000038   -0.000013  -13.980945    0.253230    2.818476   -0.553901
 49   36.377434    0.000002   -0.000006    0.000000   -0.000000   -1.682850
 50   27.461357    0.000008    0.000000    0.000000   -0.000000    1.509439
 51   33.524628    0.000002    0.000000    0.130825    0.294481   -0.563442
 52    1.580429   -2.368219   -0.818150   -0.015865    0.097437   -1.008845
 53    5.211127    0.000001    0.000000   -0.000000    0.000000    0.329558
 54    4.981533    0.000000    0.000000    0.000000   -0.000000    0.067758
 55   12.550966   10.814415    6.775974    0.029210   -0.613475    1.788154
 56    5.473734   -0.000001   -0.000002    0.000000    0.000000    0.000000
 57    6.182611   -0.000000   -0.000002    0.000000   -0.000000   -0.000000
 58   12.438513   13.349247    2.388281    0.013604   -0.098605    1.912412
 59    6.280957   -0.000000    0.000000    0.000000   -0.000000   -0.000000
 60    5.914857   -0.000001    0.000000    0.000000   -0.000000   -0.000000
 61   12.550966   13.059261   -3.805677    0.047697    0.239062    1.908599
 62    6.155130   -0.000000    0.000002    0.000000    0.000000    0.000000
 63    5.483018   -0.000000    0.000002    0.000000    0.000000    0.000000
time 9
  0    7.118516    3.699295    0.000000    0.000000   -0.000000    0.000000
  1    5.655886    3.699295   89.214355   -1.422608   -1.304563   -1.671085
  2   11.095131   -0.108627    0.119915    0.254887   -0.135237    0.194318
  3   26.599358   -0.028431   -0.004854    0.166343   -0.134581    0.205313
  4   39.676575   -4.291611    0.000110   -0.010186    0.000008   -0.000000
  5   14.007370    0.000000   -0.000002   -0.382394    0.034792   -0.376745
  6   15.092407  -16.122471    0.000226   -0.028333    0.171188   -2.291793
  7   13.246552   -0.010422   -0.000230    0.022223   -0.191515   -0.149833
  8   13.246498   -0.010422   -0.000231    0.022116   -0.191524   -0.156600
  9   13.247955   -0.010529   -0.000244    0.023782   -0.312212   -0.018927
 10   13.248657   -0.010536   -0.000237    0.023287   -0.256136    0.047577
 11   13.247780   -0.010574   -0.000244    0.023287   -0.256136   -0.036804
 12    4.399628    3.455856    0.000003   -0.000005   -0.000002    2.391536
 13   11.331253    9.005791    4.187391   -3.084145   -0.002132    1.157999
 14   11.331253    9.005806   -4.187315   -3.084145   -0.002132    1.157999
 15   10.588295   14.021385  -11.044295   -0.090213    0.449978    1.948636
 16   10.588272   14.021347   10.792462   -0.082621    2.989190   -1.165870
 17   35.119644   -3.852150    4.488240   -1.136119   -1.489020   -2.007551
 18   21.674152    0.000000    0.000015   -0.879018    0.221284   -0.039094
 19   54.141197    0.000023   -0.000015   -0.000000   -0.000000   -1.569167
 20   54.722565   -0.000023    0.000000   -2.191451    0.174311    0.759128
 21    8.659706    0.612404  -11.722488    1.850374    0.548437    0.425069
 22   10.496559   -0.000004    0.000000    0.000000   -0.000000   -0.052588
 23   31.407921    0.000015    0.000000   -0.036609   -0.106081   -0.000535
 24   35.119629   -3.852127   -4.488267    1.127588    1.400022   -2.020503
 25   21.674147    0.000000   -0.000015    0.674942    0.430990   -0.479953
 26   54.141182   -0.000008    0.000000   -0.000000    0.000000   -0.653809
 27   54.722549    0.000008   -0.000031    1.785684   -0.033370    0.499967
 28    8.659698    0.612411   11.722488   -1.720488   -0.731959   -0.029697
 29   10.496567    0.000000    0.000000    0.000000   -0.000000   -0.000000
 30   31.407928    0.000000    0.000000    0.036681    0.123250    0.000099
 31  -17.167336  -12.448742    0.141256   -0.254392   -0.014343   -2.210932
 32   -0.000015    0.000027   13.980942   -0.326072   -2.777040   -1.195598
 33   36.377426    0.000008    0.000006   -0.000000    0.000000   -1.418378
 34   27.461353   -0.000002    0.000000   -0.000000   -0.000000    0.860859
 35   33.524620    0.000004    0.000000    0.404270    0.137783   -0.644892
 36    1.580433   -2.368225    0.818153    0.022442   -0.096139   -1.076910
 37    5.211130   -0.000001    0.000002   -0.000000    0.000000    0.261799
 38    4.981527   -0.000001   -0.000002   -0.000000    0.000000   -0.000000
 39   12.550959   10.814413   -6.775970   -0.029207    0.613475    1.788155
 40    5.473724    0.000000    0.000004    0.000000   -0.000000    0.000000
 41    6.182621    0.000000    0.000002    0.000000   -0.000000    0.000000
 42   12.438509   13.349245   -2.388275   -0.013601    0.098605    1.912413
 43    6.280956    0.000000   -0.000002   -0.000000   -0.000000   -0.000000
 44    5.914856    0.000000    0.000006   -0.000000    0.000000   -0.000000
 45   12.550957   13.059256    3.805676   -0.047695   -0.239065    1.908600
 46    6.155128   -0.000001   -0.000008   -0.000000   -0.000000   -0.000000
 47    5.483028   -0.000000    0.000004   -0.000000   -0.000000   -0.000000
 48    0.000023   -0.000015  -13.980946    0.326619    2.808047   -0.454056
 49   36.377422    0.000000    0.000000   -0.000000    0.000000   -1.610770
 50   27.461348    0.000004    0.000002   -0.000000    0.000000    1.520852
 51   33.524620   -0.000002    0.000006    0.246521    0.297758   -0.529071
 52    1.580433   -2.368220   -0.818146   -0.015865    0.097437   -1.008845
 53    5.211131    0.000001    0.000004   -0.000000   -0.000000    0.329558
 54    4.981529   -0.000002   -0.000004   -0.000000    0.000000    0.067758
 55   12.550959   10.814406    6.775969    0.029209   -0.613475    1.788155
 56    5.473730    0.000000   -0.000002   -0.000000    0.000000   -0.000000
 57    6.182619    0.000001    0.000004   -0.000000    0.000000   -0.000000
 58   12.438509   13.349239    2.388277    0.013604   -0.098605    1.912412
 59    6.280957    0.000001   -0.000004    0.000000   -0.000000   -0.000000
 60    5.914855    0.000001   -0.000002   -0.000000    0.000000   -0.000000
 61   12.550956   13.059254   -3.805677    0.047697    0.239062    1.908599
 62    6.155128    0.000001   -0.000002    0.000000    0.000000    0.000000
 63    5.483018    0.000000   -0.000004    0.000000    0.000000    0.000000
time 10
  0    7.118516    3.699295    0.000000    0.000000   -0.000000    0.000000
  1    3.313641    3.699295   91.088631   -1.216571   -1.288442   -1.732101
  2   11.095100   -0.107862    0.117555    0.374858   -0.163106    0.171938
  3   26.599319   -0.027637   -0.008234    0.285935   -0.164301    0.185517
  4   39.676590   -4.291626    0.000108   -0.010186    0.000008   -0.000000
  5   14.007401   -0.000008   -0.000004   -0.589207   -0.003925   -0.337847
  6   15.092300  -16.122595    0.000451   -0.050152    0.231772   -2.284639
  7   13.246506   -0.010437    0.000006   -0.000128   -0.159311   -0.151624
  8   13.246422   -0.010406    0.000004   -0.000128   -0.159311   -0.159351
  9   13.247925   -0.010544    0.000004   -0.000283   -0.341722   -0.015317
 10   13.248642   -0.010559    0.000000   -0.000283   -0.341722    0.050464
 11   13.247726   -0.010529    0.000000   -0.000283   -0.341723   -0.033917
 12    4.399323    3.456120   -0.000001   -0.000005   -0.000002    2.432766
 13   11.331238    9.005783    4.187385   -3.104120   -0.002132    1.157999
 14   11.331238    9.005814   -4.187320   -3.104120   -0.002132    1.158000
 15   10.726791   13.935211  -10.887308   -0.093753    0.394463    1.916424
 16   10.726776   13.935169   10.949457   -0.087985    3.044600   -1.196740
 17   35.119659   -3.852165    4.488241   -0.957094   -1.398724   -2.192317
 18   21.674160    0.000000   -0.000015   -0.800259    0.255254   -0.105784
 19   54.141224    0.000023   -0.000015    0.000000    0.000000   -1.554962
 20   54.722572   -0.000015    0.000015   -2.197178    0.122679    0.642775
 21    8.659721    0.612411  -11.722450    1.930061    0.517245    0.580139
 22   10.496552   -0.000015   -0.000015   -0.000000   -0.000000   -0.016434
 23   31.407921   -0.000015    0.000023   -0.036657   -0.117885   -0.000100
 24   35.119659   -3.852135   -4.488275    0.812274    1.455884   -2.333419
 25   21.674156   -0.000008    0.000000    0.526717    0.500332   -0.541269
 26   54.141212   -0.000004    0.000015   -0.000000    0.000000   -0.875602
 27   54.722580    0.000000   -0.000015    1.824343   -0.028979    0.480553
 28    8.659729    0.612411   11.722473   -1.711211   -0.733465   -0.043564
 29   10.496567    0.000015    0.000000   -0.000000    0.000000    0.000000
 30   31.407944   -0.000015   -0.000011    0.036403    0.005312   -0.004219
 31  -17.166710  -12.448555    0.142685   -0.278187    0.012326   -2.227086
 32   -0.000015    0.000023   13.980942   -0.392300   -2.879861   -1.135573
 33   36.377419   -0.000008   -0.000001    0.000000   -0.000000   -1.226545
 34   27.461342   -0.000003    0.000000    0.000000   -0.000000    0.759737
 35   33.524624    0.000000   -0.000004    0.498607    0.186908   -0.659519
 36    1.580433   -2.368225    0.818151    0.022442   -0.096139   -1.076910
 37    5.211128    0.000002    0.000000   -0.000000   -0.000000    0.261799
 38    4.981533    0.000000    0.000002    0.000000    0.000000    0.000000
 39   12.550964   10.814415   -6.775974   -0.029207    0.613475    1.788155
 40    5.473732    0.000001    0.000000    0.000000   -0.000000    0.000000
 41    6.182617    0.000001    0.000002    0.000000   -0.000000    0.000000
 42   12.438515   13.349247   -2.388275   -0.013601    0.098605    1.912413
 43    6.280964    0.000000   -0.000002    0.000000   -0.000000   -0.000000
 44    5.914852    0.000001    0.000002    0.000000   -0.000000   -0.000000
 45   12.550962   13.059258    3.805677   -0.047695   -0.239065    1.908599
 46    6.155132    0.000001   -0.000004   -0.000000   -0.000000   -0.000000
 47    5.483017    0.000001    0.000008   -0.000000   -0.000000    0.000000
 48    0.000023   -0.000015  -13.980947    0.394156    2.807161   -0.375534
 49   36.377422   -0.000002   -0.000004   -0.000000   -0.000000   -1.535935
 50   27.461357    0.000011    0.000000   -0.000000   -0.000000    1.511135
 51   33.524635   -0.000004   -0.000006    0.350374    0.294239   -0.496188
 52    1.580429   -2.368220   -0.818148   -0.015865    0.097437   -1.008845
 53    5.211131   -0.000001    0.000002    0.000000   -0.000000    0.329558
 54    4.981530    0.000002    0.000004    0.000000   -0.000000    0.067758
 55   12.550966   10.814413    6.775974    0.029209   -0.613474    1.788155
 56    5.473726   -0.000001   -0.000002   -0.000000   -0.000000    0.000000
 57    6.182621   -0.000000    0.000000   -0.000000    0.000000    0.000000
 58   12.438513   13.349250    2.388273    0.013604   -0.098605    1.912412
 59    6.280955    0.000000   -0.000006   -0.000000    0.000000   -0.000000
 60    5.914858   -0.000000   -0.000006    0.000000   -0.000000   -0.000000
 61   12.550963   13.059265   -3.805679    0.047697    0.239063    1.908599
 62    6.155133    0.000000   -0.000002    0.000000   -0.000000   -0.000000
 63    5.483019   -0.000000    0.000000    0.000000   -0.000000   -0.000000
time 11
  0    7.118516    3.699295    0.000000    0.000000   -0.000000    0.000000
  1    1.523802    3.699295   92.614838   -1.075954   -1.272527   -1.765417
  2   11.095070   -0.107096    0.115845    0.466044   -0.180748    0.153637
  3   26.599335   -0.026783   -0.010702    0.376869   -0.183477    0.168875
  4   39.676582   -4.291603    0.000113   -0.010186    0.000008   -0.000000
  5   14.007370    0.000019   -0.000002   -0.691342   -0.040229   -0.293673
  6   15.092407  -16.122496    0.000518   -0.056839    0.237140   -2.299294
  7   13.246490   -0.010422    0.000090   -0.008679   -0.103767   -0.151864
  8   13.246414   -0.010422    0.000087   -0.008704   -0.103767   -0.159207
  9   13.247940   -0.010529    0.000096   -0.009562   -0.240035   -0.012574
 10   13.248611   -0.010529    0.000088   -0.010052   -0.385374    0.053911
 11   13.247734   -0.010529    0.000099   -0.010052   -0.385374   -0.030469
 12    4.399338    3.456093    0.000007   -0.000005   -0.000002    2.428185
 13   11.331238    9.005795    4.187396   -3.118482   -0.002132    1.157999
 14   11.331223    9.005814   -4.187315   -3.118482   -0.002132    1.157999
 15   10.927299   13.810471  -10.660023   -0.098878    0.314091    1.869787
 16   10.927284   13.810432   11.176758   -0.095751    3.124821   -1.241432
 17   35.119621   -3.852127    4.488251   -0.909858   -1.329555   -2.246819
 18   21.674160    0.000000    0.000000   -0.718129    0.269875   -0.145025
 19   54.141232   -0.000004    0.000000   -0.000000    0.000000   -1.546452
 20   54.722591    0.000008    0.000000   -2.198131    0.096184    0.586065
 21    8.659714    0.612411  -11.722466    1.947390    0.511757    0.614806
 22   10.496567    0.000000   -0.000046   -0.000000   -0.000000    0.000000
 23   31.407936    0.000000    0.000008   -0.036681   -0.123250    0.000099
 24   35.119652   -3.852119   -4.488268    0.090671    1.483125   -3.052065
 25   21.674175   -0.000008    0.000015    0.404177    0.503110   -0.610260
 26   54.141232    0.000011    0.000000   -0.000000   -0.000000   -1.251498
 27   54.722572   -0.000008    0.000015    1.897935   -0.059529    0.506378
 28    8.659706    0.612411   11.722504   -1.699388   -0.735237   -0.061208
 29   10.496582   -0.000008    0.000000    0.000000    0.000000   -0.000000
 30   31.407928    0.000000    0.000004    0.036868   -0.159028   -0.010254
 31  -17.165565  -12.447809    0.144171   -0.304212    0.086225   -2.272075
 32   -0.000008    0.000025   13.980949   -0.436952   -2.967978   -1.077641
 33   36.377434    0.000008   -0.000001    0.000000   -0.000000   -1.052704
 34   27.461357   -0.000004    0.000003   -0.000000    0.000000    0.674997
 35   33.524628    0.000019    0.000003    0.569266    0.222964   -0.672553
 36    1.580433   -2.368223    0.818150    0.022442   -0.096139   -1.076910
 37    5.211128   -0.000000    0.000000   -0.000000    0.000000    0.261799
 38    4.981533   -0.000005    0.000002   -0.000000    0.000000   -0.000000
 39   12.550962   10.814421   -6.775982   -0.029207    0.613475    1.788155
 40    5.473732   -0.000000    0.000006    0.000000   -0.000000    0.000000
 41    6.182617   -0.000000    0.000002    0.000000   -0.000000    0.000000
 42   12.438511   13.349249   -2.388283   -0.013601    0.098604    1.912413
 43    6.280956   -0.000000    0.000002   -0.000000    0.000000    0.000000
 44    5.914856   -0.000000    0.000000   -0.000000   -0.000000   -0.000000
 45   12.550963   13.059263    3.805672   -0.047695   -0.239065    1.908599
 46    6.155134   -0.000001   -0.000008   -0.000000   -0.000000   -0.000000
 47    5.483021   -0.000001    0.000004   -0.000000   -0.000000    0.000000
 48    0.000023   -0.000011  -13.980949    0.450080    2.807741   -0.325789
 49   36.377426    0.000005    0.000002   -0.000000    0.000000   -1.474454
 50   27.461363    0.000004   -0.000006   -0.000000   -0.000000    1.489272
 51   33.524628    0.000007    0.000006    0.419672    0.287272   -0.471561
 52    1.580433   -2.368220   -0.818146   -0.015865    0.097437   -1.008845
 53    5.211130   -0.000001    0.000002   -0.000000    0.000000    0.329558
 54    4.981534   -0.000002    0.000002    0.000000   -0.000000    0.067758
 55   12.550963   10.814415    6.775974    0.029209   -0.613474    1.788155
 56    5.473740    0.000001   -0.000002   -0.000000   -0.000000    0.000000
 57    6.182610    0.000000    0.000002   -0.000000   -0.000000    0.000000
 58   12.438511   13.349247    2.388281    0.013604   -0.098605    1.912412
 59    6.280959   -0.000000    0.000000    0.000000    0.000000   -0.000000
 60    5.914857   -0.000001    0.000002   -0.000000   -0.000000   -0.000000
 61   12.550961   13.059258   -3.805668    0.047697    0.239063    1.908599
 62    6.155129   -0.000001   -0.000002   -0.000000    0.000000    0.000000
 63    5.483022   -0.000000    0.000002   -0.000000    0.000000    0.000000
time 12
  0    7.118516    3.699295    0.000000    0.000000   -0.000000    0.000000
  1    0.634021    3.699295   93.513054   -1.018873   -1.262035   -1.774647
  2   11.095055   -0.106670    0.115049    0.509667   -0.186408    0.145538
  3   26.599358   -0.026287   -0.011862    0.420416   -0.189824    0.161318
  4   39.676575   -4.291630    0.000113   -0.010186    0.000008   -0.000000
  5   14.007401    0.000008   -0.000002   -0.675594   -0.080161   -0.259692
  6   15.092621  -16.122259    0.000487   -0.053993    0.207082   -2.327845
  7   13.246506   -0.010406    0.000103   -0.009734   -0.025762   -0.151491
  8   13.246429   -0.010422    0.000106   -0.009763   -0.025762   -0.158073
  9   13.247986   -0.010559    0.000112   -0.010422   -0.041645   -0.011671
 10   13.248619   -0.010529    0.000122   -0.012079   -0.407612    0.056151
 11   13.247757   -0.010544    0.000114   -0.012079   -0.407612   -0.028229
 12    4.399429    3.456007   -0.000002   -0.000005   -0.000002    2.415073
 13   11.331207    9.005781    4.187391   -3.118652   -0.002132    1.157999
 14   11.331223    9.005804   -4.187324   -3.118652   -0.002132    1.157999
 15   11.165024   13.662556  -10.390554   -0.104954    0.218804    1.814497
 16   11.165009   13.662518   11.446222   -0.104959   -3.063258   -1.294418
 17   35.119659   -3.852154    4.488245   -0.870302   -1.297449   -2.290787
 18   21.674164    0.000004    0.000000   -0.655437    0.264747   -0.202919
 19   54.141220    0.000000    0.000000   -0.000000   -0.000000   -1.570465
 20   54.722561    0.000004    0.000000   -2.190054    0.159852    0.699975
 21    8.659691    0.612411  -11.722504    1.756410    0.592940    0.254669
 22   10.496567   -0.000015    0.000000   -0.000000   -0.000000   -0.020659
 23   31.407913    0.000000    0.000031   -0.036651   -0.116505   -0.000151
 24   35.119659   -3.852123   -4.488270   -0.460056    1.464491    2.682989
 25   21.674164    0.000000   -0.000015    0.325325    0.486145   -0.694611
 26   54.141224    0.000029    0.000000    0.000000    0.000000   -1.549294
 27   54.722603   -0.000015    0.000000    1.976445   -0.069846    0.504224
 28    8.659714    0.612411   11.722507   -1.740329   -0.728391    0.000050
 29   10.496567    0.000000   -0.000015    0.000000   -0.000000    0.000000
 30   31.407944   -0.000046    0.000019    0.037497   -0.242163   -0.013409
 31  -17.163948  -12.446802    0.145990   -0.340815    0.197974   -2.345495
 32   -0.000008    0.000023   13.980944   -0.454672   -3.013631   -1.044843
 33   36.377434    0.000000   -0.000005   -0.000000   -0.000000   -0.949669
 34   27.461349   -0.000011   -0.000002   -0.000000    0.000000    0.621824
 35   33.524628    0.000011    0.000002    0.600620    0.237618   -0.676937
 36    1.580431   -2.368217    0.818150    0.022442   -0.096139   -1.076910
 37    5.211134   -0.000001   -0.000002   -0.000000   -0.000000    0.261799
 38    4.981533    0.000002    0.000004   -0.000000    0.000000    0.000000
 39   12.550958   10.814415   -6.775978   -0.029207    0.613475    1.788155
 40    5.473736    0.000001   -0.000002   -0.000000    0.000000    0.000000
 41    6.182613    0.000002    0.000006   -0.000000    0.000000    0.000000
 42   12.438509   13.349247   -2.388283   -0.013601    0.098604    1.912413
 43    6.280952    0.000002    0.000006   -0.000000   -0.000000    0.000000
 44    5.914867    0.000001   -0.000008   -0.000000   -0.000000    0.000000
 45   12.550959   13.059258    3.805672   -0.047695   -0.239065    1.908599
 46    6.155130    0.000001    0.000000   -0.000000    0.000000    0.000000
 47    5.483021    0.000001   -0.000004   -0.000000    0.000000   -0.000000
 48    0.000023   -0.000013  -13.980947    0.490797    2.802923   -0.308095
 49   36.377430   -0.000003    0.000000   -0.000000   -0.000000   -1.441712
 50   27.461357    0.000004    0.000000    0.000000    0.000000    1.466520
 51   33.524639    0.000002   -0.000002    0.432912    0.280921   -0.461335
 52    1.580434   -2.368220   -0.818148   -0.015865    0.097437   -1.008845
 53    5.211129    0.000001    0.000004   -0.000000   -0.000000    0.329558
 54    4.981530    0.000000    0.000002    0.000000    0.000000    0.067758
 55   12.550972   10.814416    6.775970    0.029209   -0.613474    1.788155
 56    5.473730   -0.000000    0.000002    0.000000   -0.000000    0.000000
 57    6.182621   -0.000001   -0.000002    0.000000   -0.000000    0.000000
 58   12.438520   13.349252    2.388283    0.013604   -0.098605    1.912412
 59    6.280955   -0.000000    0.000000   -0.000000    0.000000    0.000000
 60    5.914857   -0.000000    0.000000   -0.000000    0.000000   -0.000000
 61   12.550971   13.059266   -3.805674    0.047697    0.239063    1.908599
 62    6.155132    0.000000   -0.000002    0.000000   -0.000000    0.000000
 63    5.483019    0.000000    0.000000    0.000000   -0.000000    0.000000
time 13
  0    7.118516    3.699295    0.000000    0.000000   -0.000000    0.000000
  1    0.431849    3.699295   93.932961   -1.020608   -1.256351   -1.770660
  2   11.095070   -0.106604    0.114922    0.516598   -0.183832    0.146160
  3   26.599350   -0.026199   -0.012049    0.427390   -0.187204    0.161704
  4   39.676582   -4.291611    0.000118   -0.010186    0.000008   -0.000000
  5   14.007385    0.000000    0.000006   -0.586105   -0.123298   -0.243116
  6   15.092880  -16.121960    0.000395   -0.044423    0.158832   -2.361094
  7   13.246498   -0.010437    0.000065   -0.006432    0.058400   -0.150765
  8   13.246445   -0.010422    0.000071   -0.006405    0.058398   -0.156778
  9   13.247986   -0.010544    0.000065   -0.006459    0.194769   -0.011538
 10   13.248657   -0.010551    0.000088   -0.009084   -0.406707    0.056461
 11   13.247780   -0.010544    0.000084   -0.009084   -0.406707   -0.027920
 12    4.399597    3.455883    0.000002   -0.000005   -0.000002    2.394379
 13   11.331223    9.005787    4.187395   -3.112430   -0.002132    1.157999
 14   11.331238    9.005802   -4.187316   -3.112430   -0.002132    1.158000
 15   11.415138   13.506943  -10.107019   -0.111347    0.118546    1.756322
 16   11.415131   13.506905   11.729753   -0.114646   -2.963189   -1.350168
 17   35.119652   -3.852142    4.488249   -0.815780   -1.292968   -2.346142
 18   21.674164    0.000000    0.000015   -0.611045    0.258926   -0.293111
 19   54.141212   -0.000004   -0.000015   -0.000000   -0.000000   -1.638744
 20   54.722565    0.000008   -0.000015   -2.139878    0.301742    0.940946
 21    8.659706    0.612404  -11.722504    1.376358    0.582695   -0.410733
 22   10.496567    0.000000    0.000008    0.000000   -0.000000   -0.041319
 23   31.407940    0.000000    0.000000   -0.036623   -0.109760   -0.000399
 24   35.119621   -3.852112   -4.488272   -0.607380    1.447473    2.536985
 25   21.674156    0.000004   -0.000015    0.285033    0.463133   -0.769860
 26   54.141220    0.000004    0.000000    0.000000    0.000000   -1.660138
 27   54.722572   -0.000015   -0.000031    2.069385    0.006245    0.426175
 28    8.659706    0.612396   11.722496   -1.894147   -0.678327    0.230892
 29   10.496552    0.000004    0.000000   -0.000000   -0.000000   -0.022249
 30   31.407913    0.000000    0.000000    0.036879   -0.160938   -0.010325
 31  -17.162247  -12.445894    0.147858   -0.385516    0.314018   -2.431314
 32   -0.000023    0.000021   13.980946   -0.454974   -3.020100   -1.039127
 33   36.377434   -0.000015    0.000000    0.000000   -0.000000   -0.917300
 34   27.461349   -0.000008   -0.000001   -0.000000   -0.000000    0.596750
 35   33.524651    0.000000   -0.000002    0.600965    0.235356   -0.672605
 36    1.580433   -2.368223    0.818150    0.022442   -0.096139   -1.076910
 37    5.211132    0.000003    0.000008    0.000000    0.000000    0.261799
 38    4.981533    0.000002    0.000004    0.000000    0.000000   -0.000000
 39   12.550968   10.814419   -6.775982   -0.029207    0.613475    1.788155
 40    5.473736    0.000001    0.000002    0.000000   -0.000000    0.000000
 41    6.182617    0.000001   -0.000002    0.000000   -0.000000    0.000000
 42   12.438518   13.349247   -2.388287   -0.013601    0.098604    1.912413
 43    6.280960    0.000001   -0.000010    0.000000   -0.000000    0.000000
 44    5.914864    0.000001    0.000002    0.000000   -0.000000   -0.000000
 45   12.550968   13.059258    3.805672   -0.047695   -0.239065    1.908599
 46    6.155134    0.000001   -0.000004    0.000000    0.000000    0.000000
 47    5.483021    0.000002   -0.000004    0.000000   -0.000000   -0.000000
 48    0.000023   -0.000019  -13.980947    0.517214    2.793953   -0.312186
 49   36.377441    0.000000    0.000002    0.000000   -0.000000   -1.431368
 50   27.461351    0.000000   -0.000002   -0.000000    0.000000    1.446666
 51   33.524628    0.000001    0.000000    0.407008    0.275906   -0.461340
 52    1.580432   -2.368218   -0.818148   -0.015865    0.097437   -1.008845
 53    5.211132    0.000000    0.000004   -0.000000    0.000000    0.329558
 54    4.981532   -0.000002   -0.000002   -0.000000   -0.000000    0.067758
 55   12.550961   10.814413    6.775974    0.029209   -0.613474    1.788155
 56    5.473738    0.000001    0.000000    0.000000    0.000000    0.000000
 57    6.182617    0.000001    0.000000    0.000000    0.000000    0.000000
 58   12.438509   13.349243    2.388279    0.013604   -0.098605    1.912412
 59    6.280959    0.000001    0.000000   -0.000000   -0.000000    0.000000
 60    5.914866    0.000001    0.000002   -0.000000    0.000000    0.000000
 61   12.550960   13.059258   -3.805674    0.047697    0.239063    1.908599
 62    6.155131    0.000001    0.000000    0.000000    0.000000    0.000000
 63    5.483024    0.000001    0.000000    0.000000    0.000000    0.000000
time 14
  0    7.118516    3.699295    0.000000    0.000000   -0.000000    0.000000
  1    0.453602    3.699295   94.222168   -1.042459   -1.251752   -1.762458
  2   11.095062   -0.106651    0.115009    0.511247   -0.178147    0.149954
  3   26.599327   -0.026257   -0.011919    0.422124   -0.181209    0.164971
  4   39.676559   -4.291607    0.000114   -0.010186    0.000008   -0.000000
  5   14.007385    0.000000   -0.000002   -0.492277   -0.158207   -0.239680
  6   15.093109  -16.121716    0.000273   -0.032302    0.109423   -2.390110
  7   13.246521   -0.010422    0.000021   -0.001999    0.132420   -0.150369
  8   13.246437   -0.010391    0.000019   -0.001918    0.132415   -0.156570
  9   13.247986   -0.010567    0.000019   -0.001324    0.410557   -0.012029
 10   13.248634   -0.010521    0.000023   -0.004076   -0.380903    0.054596
 11   13.247757   -0.010544    0.000038   -0.004076   -0.380903   -0.029784
 12    4.399765    3.455708    0.000000   -0.000005   -0.000002    2.367051
 13   11.331207    9.005787    4.187391   -3.111931   -0.002132    1.157998
 14   11.331192    9.005810   -4.187319   -3.111931   -0.002132    1.158000
 15   11.652855   13.359039   -9.837555   -0.117423    0.023259    1.701032
 16   11.652847   13.359001   11.999212   -0.123854   -2.868082   -1.403153
 17   35.119629   -3.852142    4.488247   -0.766384   -1.296256   -2.395057
 18   21.674156    0.000000   -0.000015   -0.587603    0.270315   -0.366881
 19   54.141205    0.000000   -0.000015   -0.000000    0.000000   -1.723291
 20   54.722572    0.000000    0.000000   -2.064162    0.415704    1.097827
 21    8.659714    0.612411  -11.722504    1.188495    0.507685   -0.755555
 22   10.496552    0.000015    0.000008   -0.000000   -0.000000   -0.000000
 23   31.407906    0.000008    0.000000   -0.036681   -0.123250    0.000099
 24   35.119644   -3.852119   -4.488268   -0.598790    1.440928    2.545938
 25   21.674156    0.000008    0.000000    0.297358    0.427182   -0.786643
 26   54.141212    0.000000    0.000000   -0.000000   -0.000000   -1.692881
 27   54.722565    0.000000   -0.000015    2.157739    0.113584    0.331885
 28    8.659721    0.612411   11.722485   -2.059221   -0.577239    0.503301
 29   10.496559    0.000000    0.000000    0.000000    0.000000   -0.044497
 30   31.407936    0.000000    0.000000    0.036403    0.001492   -0.004358
 31  -17.160858  -12.445230    0.149279   -0.426485    0.403426   -2.507913
 32   -0.000015    0.000025   13.980947   -0.449654   -3.012575   -1.043360
 33   36.377422    0.000000   -0.000005    0.000000   -0.000000   -0.909142
 34   27.461342   -0.000002    0.000002   -0.000000    0.000000    0.580313
 35   33.524628   -0.000008    0.000001    0.590429    0.226960   -0.664667
 36    1.580435   -2.368221    0.818150    0.022442   -0.096139   -1.076910
 37    5.211123    0.000000    0.000000   -0.000000   -0.000000    0.261799
 38    4.981531    0.000001    0.000002   -0.000000   -0.000000   -0.000000
 39   12.550966   10.814411   -6.775978   -0.029207    0.613475    1.788155
 40    5.473732    0.000001    0.000004    0.000000   -0.000000    0.000000
 41    6.182617    0.000001    0.000002    0.000000   -0.000000    0.000000
 42   12.438515   13.349243   -2.388283   -0.013601    0.098604    1.912413
 43    6.280956    0.000002    0.000002   -0.000000    0.000000   -0.000000
 44    5.914864    0.000000   -0.000006   -0.000000    0.000000   -0.000000
 45   12.550967   13.059258    3.805674   -0.047695   -0.239065    1.908599
 46    6.155123    0.000001   -0.000011    0.000000   -0.000000   -0.000000
 47    5.483025    0.000001    0.000000    0.000000   -0.000000   -0.000000
 48    0.000023   -0.000017  -13.980946    0.531514    2.786032   -0.325088
 49   36.377430    0.000000    0.000004    0.000000    0.000000   -1.427043
 50   27.461346    0.000000    0.000000    0.000000   -0.000000    1.426976
 51   33.524624    0.000001    0.000004    0.375260    0.271258   -0.462861
 52    1.580433   -2.368221   -0.818150   -0.015865    0.097437   -1.008845
 53    5.211129    0.000000    0.000000    0.000000    0.000000    0.329558
 54    4.981531   -0.000004   -0.000002   -0.000000   -0.000000    0.067758
 55   12.550966   10.814417    6.775980    0.029209   -0.613474    1.788155
 56    5.473730   -0.000001   -0.000004    0.000000    0.000000    0.000000
 57    6.182623    0.000000    0.000004    0.000000    0.000000    0.000000
 58   12.438519   13.349253    2.388279    0.013604   -0.098605    1.912412
 59    6.280957   -0.000001   -0.000004   -0.000000    0.000000   -0.000000
 60    5.914862   -0.000001    0.000006   -0.000000    0.000000   -0.000000
 61   12.550966   13.059263   -3.805674    0.047697    0.239063    1.908599
 62    6.155132   -0.000001   -0.000002   -0.000000    0.000000    0.000000
 63    5.483023   -0.000000    0.000002   -0.000000    0.000000   -0.000000
time 15
  0    7.118516    3.699295    0.000000    0.000000   -0.000000    0.000000
  1    0.670070    3.699295   94.397736   -1.081384   -1.248009   -1.750998
  2   11.095070   -0.106806    0.115286    0.495274   -0.169687    0.156379
  3   26.599335   -0.026440   -0.011517    0.406272   -0.172220    0.170608
  4   39.676559   -4.291611    0.000111   -0.010186    0.000008   -0.000000
  5   14.007370   -0.000011   -0.000002   -0.418965   -0.177610   -0.247689
  6   15.093277  -16.121593    0.000183   -0.023511    0.075423   -2.405495
  7   13.246506   -0.010422    0.000004    0.000145    0.180010   -0.151621
  8   13.246422   -0.010437    0.000008    0.000145    0.180010   -0.159347
  9   13.247932   -0.010559    0.000000    0.000486    0.547083   -0.015227
 10   13.248611   -0.010529   -0.000023   -0.000271   -0.328435    0.050460
 11   13.247726   -0.010559    0.000000   -0.000271   -0.328434   -0.033920
 12    4.399979    3.455482    0.000001   -0.000005   -0.000002    2.334036
 13   11.331223    9.005779    4.187390   -3.117869   -0.002132    1.157999
 14   11.331238    9.005806   -4.187321   -3.117869   -0.002132    1.157999
 15   11.853378   13.234280   -9.610268   -0.122548   -0.057113    1.654396
 16   11.853363   13.234241   12.226505   -0.131620   -2.787862   -1.447845
 17   35.119629   -3.852146    4.488247   -0.729746   -1.297610   -2.431377
 18   21.674160    0.000000    0.000031   -0.585214    0.303169   -0.395374
 19   54.141220    0.000008   -0.000015    0.000000    0.000000   -1.807793
 20   54.722580   -0.000027    0.000015   -2.005028    0.488579    1.126228
 21    8.659706    0.612419  -11.722488    1.165495    0.531734   -0.769551
 22   10.496567    0.000000   -0.000008   -0.000000   -0.000000    0.097368
 23   31.407944    0.000000    0.000015   -0.036845   -0.155039    0.001279
 24   35.119629   -3.852123   -4.488270   -0.514179    1.437624    2.630418
 25   21.674160    0.000011   -0.000015    0.373454    0.383406   -0.740758
 26   54.141220    0.000011    0.000000   -0.000000   -0.000000   -1.741872
 27   54.722572   -0.000008    0.000000    2.195104    0.116692    0.294635
 28    8.659714    0.612442   11.722481   -2.128048   -0.522320    0.644029
 29   10.496574    0.000011   -0.000015    0.000000   -0.000000   -0.000000
 30   31.407944    0.000000    0.000008    0.036681    0.123250    0.000099
 31  -17.160126  -12.444695    0.149673   -0.441329    0.438939   -2.545270
 32   -0.000015    0.000021   13.980947   -0.439400   -2.992969   -1.056023
 33   36.377441    0.000008   -0.000007   -0.000000    0.000000   -0.922235
 34   27.461365    0.000000   -0.000003   -0.000000   -0.000000    0.572151
 35   33.524651   -0.000011    0.000001    0.570644    0.213367   -0.653842
 36    1.580433   -2.368219    0.818150    0.022442   -0.096139   -1.076910
 37    5.211130    0.000001    0.000000   -0.000000    0.000000    0.261799
 38    4.981533    0.000000    0.000002   -0.000000    0.000000    0.000000
 39   12.550970   10.814411   -6.775982   -0.029207    0.613475    1.788155
 40    5.473736    0.000000    0.000002    0.000000    0.000000   -0.000000
 41    6.182617   -0.000000    0.000002    0.000000   -0.000000   -0.000000
 42   12.438519   13.349247   -2.388283   -0.013601    0.098604    1.912413
 43    6.280956    0.000001    0.000000    0.000000    0.000000   -0.000000
 44    5.914860    0.000000   -0.000004    0.000000    0.000000    0.000000
 45   12.550970   13.059258    3.805672   -0.047695   -0.239066    1.908599
 46    6.155132    0.000001   -0.000004   -0.000000    0.000000    0.000000
 47    5.483025    0.000000    0.000004   -0.000000    0.000000   -0.000000
 48    0.000000   -0.000015  -13.980949    0.532580    2.780236   -0.346209
 49   36.377426   -0.000008    0.000000   -0.000000    0.000000   -1.427501
 50   27.461353    0.000004   -0.000002   -0.000000   -0.000000    1.407284
 51   33.524647   -0.000002    0.000000    0.341331    0.266874   -0.465108
 52    1.580433   -2.368222   -0.818144   -0.015865    0.097437   -1.008845
 53    5.211131    0.000002    0.000000    0.000000   -0.000000    0.329558
 54    4.981532    0.000000    0.000000   -0.000000    0.000000    0.067758
 55   12.550970   10.814418    6.775969    0.029209   -0.613474    1.788154
 56    5.473736    0.000000   -0.000004   -0.000000   -0.000000    0.000000
 57    6.182619   -0.000001    0.000000   -0.000000   -0.000000   -0.000000
 58   12.438519   13.349254    2.388279    0.013604   -0.098605    1.912412
 59    6.280960    0.000000    0.000000   -0.000000    0.000000    0.000000
 60    5.914852    0.000000   -0.000008   -0.000000    0.000000    0.000000
 61   12.550967   13.059264   -3.805672    0.047697    0.239063    1.908599
 62    6.155133    0.000000    0.000002   -0.000000    0.000000    0.000000
 63    5.483025   -0.000001   -0.000002   -0.000000   -0.000000    0.000000
time 16
  0    7.118516    3.699295    0.000000    0.000000   -0.000000    0.000000
  1    1.052048    3.699295   94.476715   -1.134608   -1.244858   -1.737008
  2   11.095078   -0.107037    0.115727    0.470361   -0.158723    0.164833
  3   26.599358   -0.026707   -0.010868    0.381509   -0.160559    0.178044
  4   39.676590   -4.291607    0.000118   -0.010186    0.000008   -0.000000
  5   14.007401   -0.000008    0.000004   -0.362547   -0.183109   -0.263528
  6   15.093277  -16.121593    0.000139   -0.019420    0.058007   -2.404941
  7   13.246475   -0.010391   -0.000002   -0.000131    0.196647   -0.154995
  8   13.246368   -0.010422    0.000008   -0.000393    0.196660   -0.165788
  9   13.247871   -0.010544    0.000015   -0.001916    0.592611   -0.022739
 10   13.248554   -0.010536   -0.000038    0.002541   -0.224245    0.043865
 11   13.247677   -0.010544   -0.000031    0.002541   -0.224245   -0.040516
 12    4.400208    3.455238    0.000003   -0.000005   -0.000002    2.296281
 13   11.331238    9.005791    4.187395   -3.128158   -0.002132    1.157999
 14   11.331223    9.005810   -4.187312   -3.128158   -0.002132    1.157999
 15   11.991867   13.148125   -9.453274   -0.126088   -0.112628    1.622183
 16   11.991859   13.148075   12.383503   -0.136984   -2.732452   -1.478715
 17   35.119629   -3.852135    4.488247   -0.692927   -1.299706   -2.467681
 18   21.674158    0.000008    0.000015   -0.594385    0.342335   -0.411808
 19   54.141209   -0.000002    0.000015    0.000000    0.000000   -1.894385
 20   54.722565    0.000000   -0.000015   -1.943629    0.559091    1.147124
 21    8.659706    0.612404  -11.722488    1.157046    0.570291   -0.751298
 22   10.496567   -0.000008    0.000015   -0.000000    0.000000    0.202699
 23   31.407921   -0.000015   -0.000015   -0.037066   -0.189428    0.002570
 24   35.119614   -3.852104   -4.488266   -0.407896    1.432361    2.736389
 25   21.674156    0.000004    0.000000    0.483193    0.328499   -0.670095
 26   54.141212   -0.000004    0.000000    0.000000    0.000000   -1.831828
 27   54.722584    0.000015    0.000031    2.190701    0.010571    0.311917
 28    8.659698    0.612427   11.722477   -2.130763   -0.541739    0.671566
 29   10.496555    0.000015    0.000000   -0.000000    0.000000    0.105826
 30   31.407921    0.000015   -0.000004    0.037005    0.180569    0.002236
 31  -17.159889  -12.444157    0.149130   -0.429278    0.431270   -2.545541
 32   -0.000023    0.000023   13.980944   -0.424639   -2.963666   -1.075011
 33   36.377426   -0.000008   -0.000002    0.000000   -0.000000   -0.952248
 34   27.461349    0.000000   -0.000001   -0.000000    0.000000    0.571399
 35   33.524632    0.000004    0.000002    0.543276    0.195540   -0.640962
 36    1.580433   -2.368223    0.818150    0.022442   -0.096139   -1.076910
 37    5.211126    0.000001    0.000004    0.000000   -0.000000    0.261799
 38    4.981533   -0.000001   -0.000004   -0.000000   -0.000000    0.000000
 39   12.550962   10.814415   -6.775982   -0.029207    0.613475    1.788154
 40    5.473732    0.000001   -0.000004    0.000000   -0.000000    0.000000
 41    6.182610    0.000001   -0.000008    0.000000   -0.000000    0.000000
 42   12.438513   13.349247   -2.388279   -0.013602    0.098604    1.912412
 43    6.280964    0.000000    0.000000    0.000000    0.000000   -0.000000
 44    5.914860   -0.000001   -0.000002    0.000000    0.000000   -0.000000
 45   12.550965   13.059258    3.805676   -0.047695   -0.239065    1.908599
 46    6.155128    0.000001    0.000000    0.000000   -0.000000   -0.000000
 47    5.483021    0.000001    0.000000    0.000000   -0.000000   -0.000000
 48    0.000023   -0.000013  -13.980948    0.511191    2.780708   -0.376537
 49   36.377422    0.000002    0.000000    0.000000    0.000000   -1.431386
 50   27.461349    0.000000   -0.000002   -0.000000    0.000000    1.387523
 51   33.524647    0.000002    0.000002    0.317351    0.263937   -0.465286
 52    1.580434   -2.368223   -0.818146   -0.015865    0.097437   -1.008845
 53    5.211130    0.000000   -0.000002    0.000000    0.000000    0.329558
 54    4.981530    0.000000    0.000004   -0.000000    0.000000    0.067758
 55   12.550964   10.814417    6.775976    0.029209   -0.613474    1.788155
 56    5.473734    0.000000    0.000000    0.000000   -0.000000    0.000000
 57    6.182617   -0.000001   -0.000004   -0.000000   -0.000000    0.000000
 58   12.438515   13.349246    2.388273    0.013604   -0.098605    1.912412
 59    6.280959   -0.000000   -0.000004   -0.000000    0.000000    0.000000
 60    5.914856    0.000000    0.000002   -0.000000    0.000000   -0.000000
 61   12.550965   13.059261   -3.805672    0.047697    0.239063    1.908599
 62    6.155130   -0.000000    0.000000    0.000000   -0.000000   -0.000000
 63    5.483018   -0.000001    0.000000    0.000000   -0.000000   -0.000000
time 17
  0    7.118516    3.699295    0.000000    0.000000   -0.000000    0.000000
  1    1.570327    3.699295   94.476135   -1.199419   -1.242024   -1.721114
  2   11.095123   -0.107325    0.116317    0.438193   -0.145515    0.174697
  3   26.599373   -0.027023   -0.010025    0.349513   -0.146538    0.186687
  4   39.676559   -4.291611    0.000109   -0.010186    0.000008   -0.000000
  5   14.007370    0.000008   -0.000004   -0.303226   -0.181172   -0.284299
  6   15.093155  -16.121660    0.000113   -0.016726    0.046021   -2.394739
  7   13.246407   -0.010406    0.000009   -0.000517    0.193191   -0.159635
  8   13.246269   -0.010391    0.000019   -0.001128    0.193217   -0.174641
  9   13.247787   -0.010536    0.000046   -0.005216    0.586217   -0.033051
 10   13.248470   -0.010536   -0.000053    0.005450   -0.069486    0.035502
 11   13.247581   -0.010536   -0.000061    0.005450   -0.069485   -0.048879
 12    4.400452    3.454937    0.000001   -0.000005   -0.000002    2.254736
 13   11.331223    9.005787    4.187395   -3.140291   -0.002132    1.157999
 14   11.331238    9.005814   -4.187321   -3.140292   -0.002132    1.158000
 15   12.043549   13.115959   -9.394693   -0.127409   -0.133343    1.610164
 16   12.043533   13.115917   12.442074   -0.138985   -2.711776   -1.490234
 17   35.119644   -3.852142    4.488239   -0.655576   -1.302371   -2.504349
 18   21.674150    0.000015   -0.000015   -0.614849    0.385721   -0.419950
 19   54.141201    0.000017    0.000000   -0.000000    0.000000   -1.982737
 20   54.722572   -0.000008   -0.000015   -1.880390    0.627987    1.162162
 21    8.659695    0.612404  -11.722488    1.163905    0.620842   -0.703690
 22   10.496552    0.000000    0.000000    0.000000   -0.000000    0.314735
 23   31.407925    0.000000    0.000000   -0.037353   -0.226006    0.003961
 24   35.119659   -3.852127   -4.488274   -0.298920    1.425755    2.844834
 25   21.674160   -0.000008   -0.000015    0.588494    0.262362   -0.613009
 26   54.141205   -0.000008    0.000000    0.000000    0.000000   -1.924269
 27   54.722565    0.000019    0.000000    2.176742   -0.112320    0.338192
 28    8.659706    0.612411   11.722488   -2.125476   -0.572638    0.684464
 29   10.496563    0.000011   -0.000015    0.000000    0.000000    0.221863
 30   31.407951    0.000000    0.000000    0.037402    0.231663    0.004178
 31  -17.159836  -12.443604    0.148249   -0.407926    0.409940   -2.534506
 32    0.000000    0.000025   13.980946   -0.405735   -2.927188   -1.098076
 33   36.377426    0.000000    0.000002    0.000000   -0.000000   -0.994455
 34   27.461334    0.000002    0.000000    0.000000    0.000000    0.576967
 35   33.524635    0.000004    0.000001    0.509945    0.174420   -0.626850
 36    1.580429   -2.368219    0.818142    0.022442   -0.096139   -1.076910
 37    5.211130    0.000001   -0.000004    0.000000    0.000000    0.261799
 38    4.981531   -0.000001    0.000002   -0.000000   -0.000000    0.000000
 39   12.550959   10.814419   -6.775978   -0.029207    0.613475    1.788155
 40    5.473732    0.000000    0.000000    0.000000    0.000000    0.000000
 41    6.182610   -0.000000    0.000004    0.000000    0.000000    0.000000
 42   12.438511   13.349255   -2.388275   -0.013601    0.098604    1.912413
 43    6.280960   -0.000000   -0.000004   -0.000000    0.000000   -0.000000
 44    5.914856    0.000000    0.000002   -0.000000    0.000000   -0.000000
 45   12.550960   13.059258    3.805668   -0.047695   -0.239066    1.908599
 46    6.155138   -0.000001   -0.000008   -0.000000   -0.000000   -0.000000
 47    5.483009    0.000001    0.000004   -0.000000    0.000000   -0.000000
 48    0.000031   -0.000015  -13.980948    0.463119    2.790648   -0.416039
 49   36.377441    0.000002    0.000000    0.000000   -0.000000   -1.437610
 50   27.461351   -0.000004   -0.000002    0.000000    0.000000    1.367200
 51   33.524643    0.000001    0.000000    0.310537    0.263712   -0.461583
 52    1.580434   -2.368218   -0.818146   -0.015865    0.097437   -1.008845
 53    5.211129    0.000001    0.000004   -0.000000   -0.000000    0.329558
 54    4.981529    0.000000   -0.000002    0.000000    0.000000    0.067758
 55   12.550963   10.814412    6.775972    0.029209   -0.613474    1.788155
 56    5.473734    0.000000   -0.000002   -0.000000   -0.000000    0.000000
 57    6.182617    0.000000   -0.000002    0.000000    0.000000    0.000000
 58   12.438515   13.349247    2.388273    0.013604   -0.098605    1.912412
 59    6.280956   -0.000000   -0.000006   -0.000000    0.000000   -0.000000
 60    5.914858    0.000000    0.000002   -0.000000    0.000000    0.000000
 61   12.550962   13.059263   -3.805674    0.047697    0.239063    1.908599
 62    6.155129   -0.000001   -0.000002    0.000000    0.000000    0.000000
 63    5.483018   -0.000001    0.000000    0.000000    0.000000    0.000000
time 18
  0    7.118516    3.699295    0.000000    0.000000   -0.000000    0.000000
  1    2.195701    3.699295   94.413063   -1.273157   -1.239253   -1.703923
  2   11.095123   -0.107632    0.117020    0.400437   -0.130343    0.185367
  3   26.599419   -0.027386   -0.009005    0.311944   -0.130490    0.195961
  4   39.676567   -4.291634    0.000109   -0.010186    0.000008   -0.000000
  5   14.007370    0.000008   -0.000002   -0.242248   -0.171984   -0.307504
  6   15.093094  -16.121799    0.000095   -0.014996    0.037286   -2.377920
  7   13.246368   -0.010437    0.000012   -0.000882    0.176427   -0.165195
  8   13.246162   -0.010376    0.000023   -0.001812    0.176464   -0.185247
  9   13.247673   -0.010544    0.000084   -0.008412    0.545480   -0.044869
 10   13.248356   -0.010544   -0.000069    0.006996    0.098267    0.025797
 11   13.247490   -0.010529   -0.000076    0.006996    0.098267   -0.058584
 12    4.400711    3.454613    0.000004   -0.000004   -0.000002    2.210347
 13   11.331207    9.005783    4.187391    3.130643   -0.002132    1.158000
 14   11.331238    9.005806   -4.187319    3.130643   -0.002131    1.158000
 15   11.761818   13.175594   -9.784952   -0.094377   -0.060003    1.678770
 16   11.761818   13.175545   12.051825   -0.102952   -2.784441   -1.432307
 17   35.119621   -3.852165    4.488241   -0.617422   -1.305421   -2.541687
 18   21.674164    0.000000    0.000000   -0.646100    0.431390   -0.423422
 19   54.141239    0.000010   -0.000015    0.000000    0.000000   -2.072520
 20   54.722610   -0.000004    0.000015   -1.815324    0.695877    1.173227
 21    8.659710    0.612434  -11.722481    1.187941    0.679924   -0.628411
 22   10.496567   -0.000008   -0.000008    0.000000    0.000000    0.432219
 23   31.407936    0.000023    0.000015   -0.037714   -0.264362    0.005446
 24   35.119637   -3.852135   -4.488268   -0.191497    1.417525    2.951491
 25   21.674171   -0.000023    0.000000    0.687230    0.184627   -0.568945
 26   54.141228    0.000000    0.000015    0.000000    0.000000   -2.018759
 27   54.722595   -0.000011   -0.000015    2.151728   -0.248352    0.374718
 28    8.659714    0.612411   11.722473   -2.112948   -0.613001    0.684544
 29   10.496571    0.000008   -0.000015    0.000000    0.000000    0.346311
 30   31.407944    0.000031    0.000000    0.037853    0.277633    0.005966
 31  -17.159935  -12.443062    0.147053   -0.379768    0.376955   -2.515087
 32   -0.000023    0.000019   13.980946   -0.383142   -2.885934   -1.123170
 33   36.377438   -0.000008    0.000003    0.000000   -0.000000   -1.044450
 34   27.461361   -0.000004   -0.000006   -0.000000   -0.000000    0.587739
 35   33.524635   -0.000011    0.000000    0.472168    0.150899   -0.612246
 36    1.580433   -2.368219    0.818150    0.022443   -0.096138   -1.076910
 37    5.211132    0.000001   -0.000004   -0.000000    0.000000    0.261799
 38    4.981531    0.000001    0.000000   -0.000000    0.000000   -0.000000
 39   12.550962   10.814413   -6.775978   -0.029207    0.613475    1.788155
 40    5.473736    0.000001   -0.000004    0.000000   -0.000000   -0.000000
 41    6.182613    0.000002    0.000013    0.000000    0.000000   -0.000000
 42   12.438511   13.349249   -2.388279   -0.013602    0.098604    1.912413
 43    6.280960    0.000002    0.000002   -0.000000   -0.000000    0.000000
 44    5.914856    0.000002   -0.000002    0.000000   -0.000000   -0.000000
 45   12.550960   13.059259    3.805674   -0.047695   -0.239066    1.908599
 46    6.155127    0.000001   -0.000004    0.000000   -0.000000   -0.000000
 47    5.483032    0.000001    0.000008   -0.000000    0.000000   -0.000000
 48    0.000015   -0.000015  -13.980947    0.395013    2.810094   -0.462054
 49   36.377430   -0.000006   -0.000006    0.000000    0.000000   -1.445166
 50   27.461359    0.000000    0.000004   -0.000000    0.000000    1.345585
 51   33.524635   -0.000004   -0.000004    0.317302    0.266277   -0.454693
 52    1.580433   -2.368223   -0.818148   -0.015864    0.097437   -1.008845
 53    5.211129    0.000002    0.000000    0.000000   -0.000000    0.329558
 54    4.981534    0.000002   -0.000004   -0.000000    0.000000    0.067758
 55   12.550966   10.814414    6.775976    0.029209   -0.613475    1.788155
 56    5.473730   -0.000000   -0.000002   -0.000000    0.000000    0.000000
 57    6.182608    0.000000   -0.000002    0.000000    0.000000   -0.000000
 58   12.438519   13.349247    2.388279    0.013604   -0.098605    1.912412
 59    6.280956    0.000000   -0.000002    0.000000   -0.000000   -0.000000
 60    5.914860    0.000000   -0.000002   -0.000000    0.000000   -0.000000
 61   12.550968   13.059262   -3.805674    0.047697    0.239063    1.908599
 62    6.155132    0.000000    0.000002    0.000000   -0.000000   -0.000000
 63    5.483021    0.000000   -0.000002    0.000000   -0.000000   -0.000000
time 19
  0    7.118516    3.699295    0.000000    0.000000   -0.000000    0.000000
  1    2.898961    3.699295   94.304535   -1.353111   -1.236324   -1.686067
  2   11.095169   -0.107944    0.117818    0.358735   -0.113538    0.196284
  3   26.599449   -0.027721   -0.007854    0.270432   -0.112795    0.205340
  4   39.676575   -4.291618    0.000107   -0.010186    0.000008    0.000000
  5   14.007385   -0.000008    0.000006   -0.180891   -0.156108   -0.330703
  6   15.092911  -16.121941    0.000078   -0.013722    0.029640   -2.357536
  7   13.246284   -0.010391    0.000013   -0.001133    0.153143   -0.171346
  8   13.246048   -0.010330    0.000025   -0.002275    0.153186   -0.196980
  9   13.247543   -0.010529    0.000107   -0.010910    0.487996   -0.057271
 10   13.248238   -0.010559   -0.000061    0.006404    0.241416    0.014592
 11   13.247345   -0.010529   -0.000061    0.006404    0.241417   -0.069789
 12    4.400970    3.454269    0.000000   -0.000004   -0.000002    2.164062
 13   11.331207    9.005791    4.187393    3.119699   -0.002131    1.157999
 14   11.331223    9.005810   -4.187318    3.119699   -0.002132    1.157999
 15   11.238640   13.286331  -10.509714   -0.033032    0.076199    1.806184
 16   11.238632   13.286293   11.327065   -0.036034   -2.919388   -1.324729
 17   35.119644   -3.852150    4.488247   -0.578275   -1.308670   -2.579909
 18   21.674160   -0.000015   -0.000015   -0.687443    0.477455   -0.425600
 19   54.141235    0.000017    0.000000   -0.000000    0.000000   -2.163401
 20   54.722588   -0.000008    0.000000   -1.747972    0.763179    1.182566
 21    8.659691    0.612404  -11.722496    1.231642    0.743267   -0.526235
 22   10.496567    0.000015   -0.000008   -0.000000   -0.000000    0.553894
 23   31.407913   -0.000023    0.000000   -0.038154   -0.304085    0.007016
 24   35.119659   -3.852119   -4.488274   -0.089391    1.407565    3.052588
 25   21.674158    0.000008    0.000000    0.777852    0.095597   -0.536518
 26   54.141209    0.000008   -0.000031    0.000000    0.000000   -2.114856
 27   54.722588    0.000000   -0.000031    2.113240   -0.393635    0.423853
 28    8.659710    0.612396   11.722496   -2.093517   -0.660622    0.673318
 29   10.496563   -0.000008   -0.000015    0.000000   -0.000000    0.477367
 30   31.407936    0.000000    0.000015    0.038345    0.319576    0.007639
 31  -17.160194  -12.442585    0.145616   -0.347345    0.334317   -2.490230
 32   -0.000031    0.000023   13.980947   -0.357476   -2.842054   -1.148589
 33   36.377434    0.000015    0.000002   -0.000000    0.000000   -1.098477
 34   27.461369    0.000000   -0.000004   -0.000000    0.000000    0.602648
 35   33.524639   -0.000008   -0.000002    0.431334    0.125794   -0.597753
 36    1.580429   -2.368221    0.818155    0.022442   -0.096138   -1.076910
 37    5.211134   -0.000002    0.000000    0.000000    0.000000    0.261799
 38    4.981531   -0.000002    0.000002    0.000000   -0.000000   -0.000000
 39   12.550966   10.814423   -6.775974   -0.029207    0.613475    1.788154
 40    5.473732   -0.000001    0.000004    0.000000   -0.000000    0.000000
 41    6.182625   -0.000001    0.000004    0.000000   -0.000000    0.000000
 42   12.438519   13.349251   -2.388275   -0.013601    0.098604    1.912412
 43    6.280956   -0.000001   -0.000002   -0.000000    0.000000   -0.000000
 44    5.914852   -0.000001    0.000000   -0.000000    0.000000   -0.000000
 45   12.550964   13.059269    3.805679   -0.047695   -0.239066    1.908599
 46    6.155130   -0.000001   -0.000004    0.000000   -0.000000   -0.000000
 47    5.483017   -0.000002    0.000004    0.000000   -0.000000   -0.000000
 48    0.000015   -0.000015  -13.980949    0.313594    2.838836   -0.511442
 49   36.377441    0.000000   -0.000004   -0.000000    0.000000   -1.452981
 50   27.461359    0.000004    0.000004   -0.000000    0.000000    1.322186
 51   33.524643    0.000010   -0.000004    0.334185    0.271540   -0.445270
 52    1.580431   -2.368223   -0.818151   -0.015864    0.097437   -1.008845
 53    5.211133    0.000000    0.000000   -0.000000    0.000000    0.329558
 54    4.981533    0.000000    0.000000   -0.000000    0.000000    0.067758
 55   12.550968   10.814424    6.775980    0.029209   -0.613474    1.788155
 56    5.473736   -0.000001    0.000002    0.000000   -0.000000   -0.000000
 57    6.182611   -0.000001    0.000000   -0.000000    0.000000   -0.000000
 58   12.438518   13.349257    2.388277    0.013604   -0.098605    1.912412
 59    6.280959   -0.000002    0.000002    0.000000    0.000000   -0.000000
 60    5.914859   -0.000001   -0.000002    0.000000   -0.000000    0.000000
 61   12.550971   13.059269   -3.805679    0.047697    0.239063    1.908599
 62    6.155134   -0.000001    0.000000   -0.000000   -0.000000   -0.000000
 63    5.483022   -0.000001    0.000002   -0.000000   -0.000000   -0.000000
time 20
  0    7.118516    3.699295    0.000000    0.000000   -0.000000    0.000000
  1    7.118516    3.699295   93.653358    1.330034   -1.931331    1.540495
  2   11.095627   -0.109066    0.122815    0.113248   -0.004711    0.246135
  3   26.599945   -0.028675   -0.000759    0.025632   -0.000021    0.245421
  4   39.676567   -4.291611    0.000113   -0.010186    0.000008    0.000000
  5   14.007385    0.000000   -0.000001    0.135212   -0.001449   -0.389878
  6   15.091858  -16.123142    0.000038   -0.009706   -0.024314   -2.204310
  7   13.245834   -0.010284   -0.000014    0.001676   -0.026125   -0.216486
  8   13.245155   -0.010132   -0.000032    0.003210   -0.025981   -0.283098
  9   13.246643   -0.010429    0.000057   -0.005456    0.044146   -0.139180
 10   13.247314   -0.010513    0.000058   -0.005456    0.044146   -0.073400
 11   13.246422   -0.010414    0.000058   -0.005457    0.044146   -0.157780
 12    4.402069    3.452076    0.000002   -0.000004   -0.000003    1.899624
 13   11.331223    9.005795    4.187391    3.095524   -0.002132    1.158000
 14   11.331238    9.005814   -4.187316    3.095524   -0.002132    1.157999
 15   10.956917   13.345970  -10.899963   -0.000000    0.149538    1.874791
 16   10.956902   13.345932   10.936806   -0.000001   -2.992052   -1.266802
 17   35.119637   -3.852135    4.488245   -0.324929   -1.321711   -2.826826
 18   21.674160    0.000008    0.000000   -1.066979    0.661603   -0.543462
 19   54.141220    0.000011    0.000000    0.000000    0.000000   -2.713313
 20   54.722588    0.000015   -0.000008   -1.158103    1.140164    1.429750
 21    8.659721    0.612404  -11.722488    1.862616    0.974087    0.465519
 22   10.496566   -0.000015    0.000000    0.000000    0.000000    1.301546
 23   31.407951    0.000008    0.000015   -0.042655   -0.548151    0.017825
 24   35.119652   -3.852119   -4.488269    0.324908    1.321713   -2.826847
 25   21.674160    0.000015   -0.000015    1.129750   -0.607973   -0.427566
 26   54.141205    0.000004    0.000000   -0.000000    0.000000   -2.700654
 27   54.722565    0.000023    0.000023    1.158103   -1.140164    1.429751
 28    8.659714    0.612404   11.722481   -1.862616   -0.974087    0.465519
 29   10.496552    0.000000    0.000015   -0.000000   -0.000000    1.301546
 30   31.407925   -0.000008    0.000008    0.042655    0.548151    0.017825
 31  -17.163078  -12.441929    0.135561   -0.160724    0.008803   -2.346949
 32   -0.000023    0.000023   13.980948   -0.193696   -2.609643   -1.253528
 33   36.377441    0.000015    0.000011   -0.000000   -0.000000   -1.368002
 34   27.461349    0.000000    0.000004    0.000000   -0.000000    0.716323
 35   33.524643    0.000008    0.000010    0.190462   -0.018786   -0.530209
 36    1.580431   -2.368223    0.818150    0.022443   -0.096138   -1.076910
 37    5.211126   -0.000002   -0.000004    0.000000    0.000000    0.261799
 38    4.981531   -0.000004    0.000000   -0.000000    0.000000   -0.000000
 39   12.550964   10.814421   -6.775974   -0.029208    0.613474    1.788154
 40    5.473732   -0.000001    0.000002    0.000000   -0.000000    0.000000
 41    6.182610   -0.000001    0.000004    0.000000   -0.000000    0.000000
 42   12.438518   13.349253   -2.388268   -0.013602    0.098604    1.912412
 43    6.280968   -0.000003   -0.000002    0.000000    0.000000   -0.000000
 44    5.914852   -0.000003    0.000000    0.000000   -0.000000   -0.000000
 45   12.550965   13.059271    3.805677   -0.047696   -0.239065    1.908599
 46    6.155138   -0.000003    0.000004   -0.000000    0.000000   -0.000000
 47    5.483021   -0.000003    0.000004   -0.000000    0.000000   -0.000000
 48    0.000023   -0.000015  -13.980944   -0.082936    3.070704   -0.756226
 49   36.377434    0.000013    0.000004    0.000000   -0.000000   -1.463618
 50   27.461353   -0.000015    0.000004   -0.000000   -0.000000    1.133186
 51   33.524635    0.000018    0.000002    0.394842    0.316177   -0.386893
 52    1.580433   -2.368224   -0.818151   -0.015865    0.097437   -1.008845
 53    5.211131    0.000000    0.000006    0.000000    0.000000    0.329558
 54    4.981531   -0.000004   -0.000004    0.000000   -0.000000    0.067758
 55   12.550970   10.814423    6.775976    0.029209   -0.613475    1.788155
 56    5.473732   -0.000001    0.000000   -0.000000   -0.000000   -0.000000
 57    6.182615   -0.000002   -0.000004   -0.000000   -0.000000    0.000000
 58   12.438523   13.349258    2.388275    0.013604   -0.098605    1.912412
 59    6.280959   -0.000003   -0.000002   -0.000000    0.000000    0.000000
 60    5.914865   -0.000003    0.000002   -0.000000    0.000000   -0.000000
 61   12.550976   13.059275   -3.805679    0.047697    0.239061    1.908599
 62    6.155133   -0.000004    0.000000    0.000000   -0.000000   -0.000000
 63    5.483022   -0.000003    0.000000    0.000000   -0.000000   -0.000000
time 21
  0    7.118516    3.699295    0.000000    0.000000   -0.000000    0.000000
  1    4.422308    3.699295   94.019287   -1.520742   -1.229387   -1.651039
  2   11.095299   -0.108501    0.119576    0.269880   -0.076675    0.216980
  3   26.599564   -0.028294   -0.005336    0.181922   -0.074261    0.222695
  4   39.676559   -4.291618    0.000116   -0.010186    0.000008   -0.000000
  5   14.007385    0.000000    0.000000   -0.061798   -0.108849   -0.368984
  6   15.092590  -16.122261    0.000052   -0.011151    0.011274   -2.314273
  7   13.246155   -0.010345    0.000015   -0.001233    0.105678   -0.184714
  8   13.245781   -0.010269    0.000031   -0.002432    0.105723   -0.222481
  9   13.247276   -0.010536    0.000147   -0.013830    0.371263   -0.082887
 10   13.247963   -0.010536    0.000008    0.000128    0.326217   -0.012183
 11   13.247078   -0.010490    0.000015    0.000128    0.326217   -0.096563
 12    4.401428    3.453518    0.000004   -0.000004   -0.000002    2.069597
 13   11.331207    9.005795    4.187392    3.104857   -0.002132    1.158000
 14   11.331223    9.005814   -4.187315    3.104857   -0.002132    1.158000
 15   10.956909   13.345970  -10.899965   -0.000000    0.149538    1.874790
 16   10.956894   13.345932   10.936804   -0.000001   -2.992052   -1.266802
 17   35.119644   -3.852142    4.488247   -0.496706   -1.314999   -2.659415
 18   21.674152   -0.000015   -0.000015   -0.796439    0.563256   -0.437698
 19   54.141201   -0.000011    0.000000    0.000000   -0.000000   -2.347145
 20   54.722572    0.000008    0.000031   -1.601368    0.896497    1.207785
 21    8.659721    0.612411  -11.722496    1.386024    0.862988   -0.244378
 22   10.496555   -0.000008    0.000000    0.000000   -0.000000    0.804787
 23   31.407932    0.000000   -0.000008   -0.039295   -0.385992    0.010387
 24   35.119629   -3.852112   -4.488268    0.088876    1.382830   -3.055071
 25   21.674160   -0.000008    0.000000    0.931593   -0.112538   -0.496956
 26   54.141216   -0.000023    0.000008    0.000000   -0.000000   -2.310122
 27   54.722569   -0.000004    0.000008    1.977595   -0.694141    0.578453
 28    8.659702    0.612396   11.722504   -2.034632   -0.768408    0.622488
 29   10.496561   -0.000004    0.000000    0.000000    0.000000    0.752093
 30   31.407940    0.000000   -0.000023    0.039454    0.395772    0.010804
 31  -17.160980  -12.441936    0.142258   -0.278386    0.228837   -2.434460
 32   -0.000023    0.000023   13.980945   -0.300287   -2.753575   -1.195366
 33   36.377434    0.000008    0.000000   -0.000000    0.000000   -1.206868
 34   27.461365    0.000003    0.000002    0.000000   -0.000000    0.640671
 35   33.524643   -0.000004    0.000002    0.345508    0.073768   -0.570797
 36    1.580433   -2.368219    0.818144    0.022443   -0.096138   -1.076910
 37    5.211134    0.000001    0.000000   -0.000000    0.000000    0.261799
 38    4.981531    0.000000   -0.000002   -0.000000    0.000000   -0.000000
 39   12.550971   10.814421   -6.775974   -0.029207    0.613475    1.788155
 40    5.473732   -0.000001    0.000000    0.000000   -0.000000    0.000000
 41    6.182610   -0.000000   -0.000002    0.000000   -0.000000    0.000000
 42   12.438520   13.349253   -2.388283   -0.013602    0.098604    1.912412
 43    6.280960   -0.000000   -0.000002   -0.000000   -0.000000   -0.000000
 44    5.914864   -0.000001   -0.000002    0.000000   -0.000000   -0.000000
 45   12.550970   13.059267    3.805674   -0.047695   -0.239065    1.908599
 46    6.155132   -0.000001    0.000008    0.000000    0.000000   -0.000000
 47    5.483017   -0.000001   -0.000008    0.000000    0.000000   -0.000000
 48    0.000023   -0.000015  -13.980947    0.136264    2.919577   -0.608500
 49   36.377426    0.000002    0.000000    0.000000   -0.000000   -1.465699
 50   27.461348    0.000008    0.000000   -0.000000    0.000000    1.268726
 51   33.524628    0.000007    0.000002    0.384441    0.288782   -0.421011
 52    1.580433   -2.368219   -0.818153   -0.015864    0.097437   -1.008845
 53    5.211129   -0.000001    0.000004   -0.000000    0.000000    0.329558
 54    4.981528    0.000002   -0.000002    0.000000   -0.000000    0.067758
 55   12.550963   10.814413    6.775972    0.029209   -0.613474    1.788155
 56    5.473734   -0.000001    0.000002   -0.000000    0.000000    0.000000
 57    6.182617   -0.000001   -0.000002   -0.000000    0.000000    0.000000
 58   12.438514   13.349243    2.388271    0.013603   -0.098605    1.912412
 59    6.280958   -0.000001    0.000002   -0.000000    0.000000   -0.000000
 60    5.914850   -0.000000   -0.000004   -0.000000   -0.000000    0.000000
 61   12.550964   13.059259   -3.805676    0.047697    0.239063    1.908599
 62    6.155129   -0.000001   -0.000002    0.000000    0.000000    0.000000
 63    5.483018    0.000000    0.000008   -0.000000    0.000000    0.000000
time 22
  0    7.118516    3.699295    0.000000    0.000000   -0.000000    0.000000
  1    5.183983    3.699295   93.876678    1.538642   -1.916366    1.506388
  2   11.095375   -0.108719    0.120472    0.225830   -0.057599    0.226057
  3   26.599663   -0.028469   -0.004065    0.138008   -0.054464    0.230057
  4   39.676559   -4.291634    0.000116   -0.010186    0.000008    0.000000
  5   14.007385    0.000000    0.000000   -0.006109   -0.080741   -0.381405
  6   15.092407  -16.122475    0.000044   -0.010329    0.002157   -2.288314
  7   13.246078   -0.010330    0.000010   -0.000941    0.075273   -0.192341
  8   13.245621   -0.010223    0.000020   -0.001852    0.075322   -0.237032
  9   13.247108   -0.010529    0.000141   -0.013658    0.295959   -0.096702
 10   13.247818   -0.010559    0.000031   -0.003175    0.278028   -0.027551
 11   13.246925   -0.010475    0.000031   -0.003175    0.278028   -0.111932
 12    4.401596    3.453140    0.000002   -0.000004   -0.000002    2.023313
 13   11.331192    9.005787    4.187393    3.101061   -0.002132    1.157999
 14   11.331223    9.005810   -4.187318    3.101061   -0.002132    1.157999
 15   10.956917   13.345970  -10.899963   -0.000000    0.149538    1.874791
 16   10.956909   13.345932   10.936804   -0.000001   -2.992052   -1.266802
 17   35.119629   -3.852150    4.488247   -0.454411   -1.317695   -2.700620
 18   21.674156   -0.000008    0.000000   -0.861184    0.599300   -0.452172
 19   54.141212    0.000008   -0.000015    0.000000    0.000000   -2.439347
 20   54.722576    0.000008    0.000000   -1.517246    0.962004    1.231692
 21    8.659706    0.612396  -11.722488    1.495442    0.909696   -0.070736
 22   10.496563    0.000000    0.000015   -0.000000    0.000000    0.931492
 23   31.407921   -0.000015    0.000000   -0.040002   -0.427355    0.012174
 24   35.119644   -3.852127   -4.488268    0.162755    1.368521   -2.982896
 25   21.674150   -0.000008    0.000000    0.994351   -0.228899   -0.483533
 26   54.141201    0.000004   -0.000008   -0.000000   -0.000000   -2.408413
 27   54.722576   -0.000004    0.000000    1.863628   -0.838325    0.700956
 28    8.659710    0.612411   11.722473   -1.995966   -0.824005    0.586043
 29   10.496563   -0.000015    0.000000   -0.000000   -0.000000    0.892159
 30   31.407928    0.000000   -0.000008    0.040091    0.432221    0.012388
 31  -17.161514  -12.441795    0.140483   -0.245075    0.170868   -2.407577
 32   -0.000015    0.000023   13.980949   -0.270833   -2.711880   -1.214975
 33   36.377426    0.000000    0.000002    0.000000   -0.000000   -1.256658
 34   27.461353   -0.000005    0.000004    0.000000   -0.000000    0.661564
 35   33.524643   -0.000004    0.000000    0.302852    0.048186   -0.558852
 36    1.580433   -2.368219    0.818148    0.022443   -0.096138   -1.076910
 37    5.211134    0.000002    0.000006   -0.000000   -0.000000    0.261799
 38    4.981531    0.000001   -0.000002   -0.000000    0.000000   -0.000000
 39   12.550966   10.814415   -6.775978   -0.029207    0.613475    1.788155
 40    5.473732    0.000001    0.000002    0.000000   -0.000000    0.000000
 41    6.182617    0.000001   -0.000002    0.000000   -0.000000    0.000000
 42   12.438517   13.349247   -2.388283   -0.013602    0.098604    1.912412
 43    6.280960    0.000002    0.000004   -0.000000    0.000000   -0.000000
 44    5.914852    0.000000   -0.000002   -0.000000    0.000000   -0.000000
 45   12.550968   13.059269    3.805672   -0.047695   -0.239066    1.908599
 46    6.155125    0.000002    0.000000    0.000000    0.000000    0.000000
 47    5.483025    0.000001    0.000004    0.000000    0.000000    0.000000
 48    0.000023   -0.000019  -13.980949    0.051699    2.967014   -0.651843
 49   36.377445   -0.000004    0.000000   -0.000000    0.000000   -1.469210
 50   27.461357    0.000008   -0.000002   -0.000000   -0.000000    1.238338
 51   33.524635    0.000002    0.000000    0.410698    0.299468   -0.407300
 52    1.580434   -2.368220   -0.818146   -0.015864    0.097437   -1.008845
 53    5.211131    0.000001   -0.000002   -0.000000    0.000000    0.329558
 54    4.981529    0.000000   -0.000002    0.000000    0.000000    0.067758
 55   12.550964   10.814412    6.775978    0.029209   -0.613475    1.788155
 56    5.473732    0.000000    0.000000    0.000000   -0.000000    0.000000
 57    6.182617    0.000000    0.000004   -0.000000    0.000000    0.000000
 58   12.438513   13.349243    2.388281    0.013603   -0.098605    1.912412
 59    6.280958    0.000001    0.000004   -0.000000   -0.000000    0.000000
 60    5.914853    0.000001    0.000002   -0.000000   -0.000000    0.000000
 61   12.550965   13.059259   -3.805672    0.047697    0.239063    1.908599
 62    6.155132    0.000001    0.000006    0.000000    0.000000    0.000000
 63    5.483017    0.000001   -0.000002    0.000000    0.000000    0.000000
time 23
  0    7.118516    3.699295    0.000000    0.000000   -0.000000    0.000000
  1    5.906713    3.699295   93.756775    1.461087   -1.920987    1.520295
  2   11.095459   -0.108875    0.121334    0.184050   -0.038838    0.233990
  3   26.599762   -0.028614   -0.002843    0.096330   -0.035081    0.236312
  4   39.676559   -4.291618    0.000114   -0.010186    0.000008   -0.000000
  5   14.007385    0.000008    0.000000    0.045840   -0.052207   -0.388698
  6   15.092209  -16.122700    0.000036   -0.009875   -0.006660   -2.260313
  7   13.245995   -0.010330    0.000004   -0.000340    0.041467   -0.200369
  8   13.245453   -0.010208    0.000006   -0.000682    0.041530   -0.252349
  9   13.246964   -0.010483    0.000128   -0.012096    0.211986   -0.110866
 10   13.247650   -0.010551    0.000050   -0.005165    0.200081   -0.043127
 11   13.246765   -0.010468    0.000057   -0.005165    0.200082   -0.127508
 12    4.401779    3.452766    0.000002   -0.000004   -0.000003    1.978924
 13   11.331207    9.005787    4.187391    3.098907   -0.002132    1.157999
 14   11.331207    9.005806   -4.187317    3.098907   -0.002132    1.157999
 15   10.956909   13.345970  -10.899961   -0.000000    0.149538    1.874791
 16   10.956902   13.345932   10.936806   -0.000001   -2.992052   -1.266802
 17   35.119629   -3.852150    4.488247   -0.411402   -1.319830   -2.742527
 18   21.674154    0.000008    0.000015   -0.929925    0.628522   -0.474263
 19   54.141201    0.000015    0.000000    0.000000    0.000000   -2.531329
 20   54.722572    0.000011    0.000023   -1.420279    1.025707    1.270759
 21    8.659706    0.612396  -11.722473    1.618790    0.943240    0.114310
 22   10.496561    0.000015    0.000000    0.000000   -0.000000    1.057357
 23   31.407909    0.000000    0.000000   -0.040800   -0.468442    0.014016
 24   35.119629   -3.852127   -4.488265    0.226343    1.353334   -2.921203
 25   21.674160    0.000008    0.000015    1.047991   -0.351336   -0.469707
 26   54.141216    0.000008    0.000000    0.000000    0.000000   -2.506558
 27   54.722569   -0.000008    0.000008    1.699657   -0.968405    0.873001
 28    8.659706    0.612396   11.722488   -1.952600   -0.877927    0.545207
 29   10.496567    0.000000   -0.000015    0.000000    0.000000    1.031625
 30   31.407913   -0.000015    0.000008    0.040812    0.469036    0.014044
 31  -17.162071  -12.441769    0.138733   -0.213966    0.112969   -2.383344
 32   -0.000015    0.000023   13.980946   -0.242361   -2.673433   -1.231345
 33   36.377430   -0.000008    0.000002   -0.000000   -0.000000   -1.301090
 34   27.461353    0.000000    0.000000    0.000000   -0.000000    0.682064
 35   33.524628    0.000008    0.000006    0.261902    0.023749   -0.548088
 36    1.580433   -2.368223    0.818151    0.022443   -0.096138   -1.076910
 37    5.211132    0.000000   -0.000006    0.000000   -0.000000    0.261799
 38    4.981531   -0.000001    0.000004   -0.000000   -0.000000    0.000000
 39   12.550962   10.814417   -6.775974   -0.029207    0.613475    1.788154
 40    5.473728    0.000000    0.000006    0.000000   -0.000000    0.000000
 41    6.182617   -0.000000    0.000002    0.000000   -0.000000    0.000000
 42   12.438513   13.349249   -2.388275   -0.013602    0.098604    1.912412
 43    6.280952    0.000000    0.000006   -0.000000    0.000000   -0.000000
 44    5.914860    0.000000   -0.000002   -0.000000    0.000000   -0.000000
 45   12.550961   13.059267    3.805674   -0.047695   -0.239066    1.908599
 46    6.155128    0.000001   -0.000004   -0.000000    0.000000   -0.000000
 47    5.483025   -0.000000    0.000004   -0.000000    0.000000   -0.000000
 48    0.000015   -0.000015  -13.980945   -0.023553    3.014846   -0.690266
 49   36.377422   -0.000004   -0.000004   -0.000000   -0.000000   -1.470176
 50   27.461353    0.000008   -0.000004   -0.000000    0.000000    1.205654
 51   33.524635   -0.000009   -0.000002    0.432791    0.310243   -0.393599
 52    1.580433   -2.368221   -0.818151   -0.015864    0.097437   -1.008845
 53    5.211128    0.000000   -0.000002    0.000000    0.000000    0.329558
 54    4.981534   -0.000002    0.000002   -0.000000   -0.000000    0.067758
 55   12.550963   10.814411    6.775974    0.029209   -0.613474    1.788155
 56    5.473728    0.000000   -0.000004    0.000000   -0.000000    0.000000
 57    6.182617    0.000001    0.000000    0.000000   -0.000000    0.000000
 58   12.438516   13.349245    2.388277    0.013603   -0.098605    1.912412
 59    6.280958    0.000001    0.000000    0.000000   -0.000000   -0.000000
 60    5.914859    0.000001   -0.000002    0.000000   -0.000000   -0.000000
 61   12.550963   13.059261   -3.805677    0.047696    0.239063    1.908599
 62    6.155131    0.000001    0.000002   -0.000000    0.000000   -0.000000
 63    5.483020    0.000001   -0.000004   -0.000000    0.000000   -0.000000
time 24
  0    7.118516    3.699295    0.000000    0.000000   -0.000000    0.000000
  1    6.561294    3.699295   93.676659    1.390741   -1.926007    1.531785
  2   11.095528   -0.108994    0.122128    0.146029   -0.021000    0.240685
  3   26.599854   -0.028667   -0.001727    0.058377   -0.016725    0.241418
  4   39.676567   -4.291603    0.000110   -0.010186    0.000008   -0.000000
  5   14.007385    0.000008   -0.000002    0.093233   -0.025188   -0.391216
  6   15.092041  -16.122925    0.000036   -0.009700   -0.015405   -2.231800
  7   13.245911   -0.010330   -0.000003    0.000556    0.006816   -0.208514
  8   13.245293   -0.010147   -0.000010    0.001052    0.006909   -0.267887
  9   13.246796   -0.010468    0.000098   -0.009253    0.125874   -0.125114
 10   13.247475   -0.010529    0.000061   -0.005714    0.114686   -0.058477
 11   13.246605   -0.010445    0.000061   -0.005714    0.114686   -0.142858
 12    4.401917    3.452423    0.000000   -0.000004   -0.000003    1.937378
 13   11.331238    9.005775    4.187392    3.097417   -0.002132    1.157999
 14   11.331223    9.005810   -4.187318    3.097417   -0.002132    1.158000
 15   10.956917   13.345970  -10.899967   -0.000000    0.149538    1.874790
 16   10.956902   13.345924   10.936804   -0.000001   -2.992052   -1.266802
 17   35.119637   -3.852127    4.488246   -0.368068   -1.321225   -2.784763
 18   21.674162    0.000000    0.000000   -0.999716    0.649583   -0.504648
 19   54.141205    0.000002    0.000000   -0.000000   -0.000000   -2.622761
 20   54.722569    0.000004    0.000023   -1.303641    1.086006    1.333239
 21    8.659714    0.612411  -11.722504    1.745155    0.963607    0.297761
 22   10.496559    0.000031   -0.000008    0.000000   -0.000000    1.181128
 23   31.407928    0.000015   -0.000008   -0.041686   -0.508845    0.015904
 24   35.119621   -3.852112   -4.488271    0.280158    1.337618   -2.869437
 25   21.674154    0.000008   -0.000015    1.092945   -0.478211   -0.452070
 26   54.141205   -0.000008   -0.000008    0.000000    0.000000   -2.604118
 27   54.722561   -0.000008    0.000008    1.466531   -1.073419    1.113852
 28    8.659714    0.612411   11.722496   -1.906880   -0.928411    0.503408
 29   10.496561   -0.000015    0.000000   -0.000000   -0.000000    1.168688
 30   31.407928    0.000008    0.000008    0.041651    0.507313    0.015831
 31  -17.162621  -12.441833    0.137074   -0.185703    0.057974   -2.362842
 32   -0.000015    0.000023   13.980948   -0.216081   -2.639177   -1.244247
 33   36.377434    0.000008    0.000008    0.000000    0.000000   -1.338657
 34   27.461357   -0.000002    0.000000    0.000000   -0.000000    0.700761
 35   33.524643   -0.000004    0.000000    0.223859    0.001103   -0.538511
 36    1.580433   -2.368221    0.818146    0.022443   -0.096138   -1.076910
 37    5.211126    0.000000    0.000000    0.000000   -0.000000    0.261799
 38    4.981529    0.000000    0.000000   -0.000000    0.000000    0.000000
 39   12.550962   10.814411   -6.775974   -0.029207    0.613475    1.788154
 40    5.473732    0.000000    0.000002    0.000000   -0.000000    0.000000
 41    6.182621    0.000000    0.000000    0.000000   -0.000000    0.000000
 42   12.438515   13.349247   -2.388283   -0.013602    0.098604    1.912412
 43    6.280956    0.000000    0.000006    0.000000   -0.000000   -0.000000
 44    5.914860    0.000000    0.000004    0.000000   -0.000000   -0.000000
 45   12.550964   13.059265    3.805676   -0.047696   -0.239066    1.908599
 46    6.155134   -0.000001    0.000004   -0.000000    0.000000   -0.000000
 47    5.483021    0.000000    0.000000   -0.000000    0.000000   -0.000000
 48    0.000008   -0.000011  -13.980947   -0.085110    3.059202   -0.723660
 49   36.377441    0.000002   -0.000002   -0.000000    0.000000   -1.468295
 50   27.461357    0.000000    0.000004   -0.000000    0.000000    1.171185
 51   33.524639    0.000006   -0.000004    0.446916    0.319843   -0.381129
 52    1.580433   -2.368220   -0.818148   -0.015864    0.097437   -1.008845
 53    5.211129   -0.000002    0.000004    0.000000    0.000000    0.329558
 54    4.981529   -0.000002   -0.000002   -0.000000   -0.000000    0.067758
 55   12.550967   10.814418    6.775972    0.029209   -0.613474    1.788155
 56    5.473734   -0.000001    0.000002    0.000000   -0.000000   -0.000000
 57    6.182613   -0.000002   -0.000002    0.000000   -0.000000   -0.000000
 58   12.438518   13.349253    2.388279    0.013603   -0.098605    1.912412
 59    6.280959   -0.000002    0.000002   -0.000000    0.000000    0.000000
 60    5.914858   -0.000002   -0.000002    0.000000   -0.000000    0.000000
 61   12.550969   13.059267   -3.805674    0.047696    0.239063    1.908599
 62    6.155129   -0.000001   -0.000002   -0.000000   -0.000000   -0.000000
 63    5.483022   -0.000001   -0.000002   -0.000000   -0.000000   -0.000000
time 25
  0    7.118516    3.699295    0.000000    0.000000   -0.000000    0.000000
  1    7.118516    3.699295   93.653358    1.330034   -1.931331    1.540495
  2   11.095627   -0.109066    0.122815    0.113248   -0.004711    0.246135
  3   26.599945   -0.028675   -0.000759    0.025632   -0.000021    0.245421
  4   39.676567   -4.291603    0.000112   -0.010186    0.000008   -0.000000
  5   14.007385    0.000000   -0.000002    0.135212   -0.001449   -0.389878
  6   15.091858  -16.123154    0.000039   -0.009706   -0.024314   -2.204310
  7   13.245834   -0.010284   -0.000014    0.001676   -0.026125   -0.216486
  8   13.245155   -0.010132   -0.000031    0.003210   -0.025981   -0.283098
  9   13.246643   -0.010429    0.000057   -0.005456    0.044146   -0.139180
 10   13.247314   -0.010513    0.000059   -0.005456    0.044146   -0.073400
 11   13.246422   -0.010414    0.000058   -0.005457    0.044146   -0.157780
 12    4.402069    3.452065    0.000002   -0.000004   -0.000003    1.899624
 13   11.331223    9.005795    4.187390    3.095524   -0.002132    1.158000
 14   11.331238    9.005806   -4.187317    3.095524   -0.002132    1.158000
 15   10.956917   13.345978  -10.899963   -0.000000    0.149538    1.874790
 16   10.956902   13.345932   10.936804   -0.000001   -2.992052   -1.266802
 17   35.119637   -3.852127    4.488245   -0.324929   -1.321712   -2.826826
 18   21.674156    0.000000    0.000000   -1.066979    0.661603   -0.543462
 19   54.141212    0.000015    0.000000    0.000000   -0.000000   -2.713313
 20   54.722584    0.000011   -0.000008   -1.158103    1.140164    1.429750
 21    8.659721    0.612396  -11.722481    1.862616    0.974087    0.465519
 22   10.496565   -0.000008    0.000000    0.000000    0.000000    1.301546
 23   31.407951    0.000000    0.000015   -0.042655   -0.548151    0.017825
 24   35.119652   -3.852112   -4.488269    0.324908    1.321712   -2.826846
 25   21.674156    0.000008   -0.000015    1.129750   -0.607973   -0.427566
 26   54.141201    0.000000   -0.000008   -0.000000   -0.000000   -2.700654
 27   54.722561    0.000027    0.000008    1.158103   -1.140164    1.429750
 28    8.659714    0.612411   11.722488   -1.862616   -0.974087    0.465519
 29   10.496554    0.000008    0.000000   -0.000000   -0.000000    1.301546
 30   31.407928    0.000000    0.000000    0.042655    0.548151    0.017825
 31  -17.163078  -12.441929    0.135561   -0.160724    0.008803   -2.346949
 32   -0.000023    0.000023   13.980948   -0.193110   -2.609969   -1.253690
 33   36.377434    0.000008    0.000011    0.000000    0.000000   -1.367981
 34   27.461349   -0.000002    0.000000   -0.000000    0.000000    0.716104
 35   33.524639    0.000019    0.000008    0.189952   -0.019120   -0.530077
 36    1.580429   -2.368221    0.818146    0.022442   -0.096140   -1.076910
 37    5.211130   -0.000001    0.000000    0.000000   -0.000000    0.261799
 38    4.981527    0.000002   -0.000002    0.000000    0.000000    0.000000
 39   12.550964   10.814421   -6.775970   -0.029207    0.613476    1.788155
 40    5.473732   -0.000003    0.000002    0.000000   -0.000000    0.000000
 41    6.182613   -0.000003    0.000002    0.000000   -0.000000    0.000000
 42   12.438517   13.349257   -2.388275   -0.013601    0.098605    1.912413
 43    6.280960   -0.000004    0.000002    0.000000   -0.000000   -0.000000
 44    5.914856   -0.000004   -0.000002    0.000000   -0.000000   -0.000000
 45   12.550966   13.059267    3.805676   -0.047695   -0.239064    1.908599
 46    6.155134   -0.000005    0.000004   -0.000000    0.000000   -0.000000
 47    5.483028   -0.000004    0.000000   -0.000000    0.000000   -0.000000
 48    0.000023   -0.000015  -13.980944   -0.082986    3.070731   -0.756225
 49   36.377434    0.000017    0.000002   -0.000000    0.000000   -1.463617
 50   27.461353   -0.000008    0.000002    0.000000    0.000000    1.133186
 51   33.524643    0.000020   -0.000002    0.394901    0.316189   -0.386876
 52    1.580430   -2.368219   -0.818151   -0.015865    0.097437   -1.008845
 53    5.211129   -0.000002   -0.000002   -0.000000   -0.000000    0.329558
 54    4.981533   -0.000002    0.000000    0.000000   -0.000000    0.067758
 55   12.550964   10.814419    6.775970    0.029210   -0.613475    1.788154
 56    5.473726   -0.000001   -0.000004    0.000000    0.000000    0.000000
 57    6.182619   -0.000002   -0.000002    0.000000    0.000000    0.000000
 58   12.438515   13.349256    2.388275    0.013604   -0.098605    1.912412
 59    6.280958   -0.000003   -0.000002    0.000000    0.000000    0.000000
 60    5.914861   -0.000003    0.000000   -0.000000    0.000000   -0.000000
 61   12.550965   13.059270   -3.805681    0.047697    0.239062    1.908599
 62    6.155132   -0.000003   -0.000002   -0.000000   -0.000000    0.000000
 63    5.483021   -0.000003    0.000004   -0.000000   -0.000000   -0.000000
end
